timestamp,y_true,y_pred
2026-04-01 13:05:00,9.915685039452171e-05,0.000897909514605999
2026-04-01 13:10:00,0.001771688882490352,0.0009613212896510959
2026-04-01 13:15:00,0.0003582673387025892,0.0009162359638139606
2026-04-01 13:20:00,0.003657704780346549,0.0010505988029763103
2026-04-01 13:25:00,0.003000484095647238,0.0011040704557672143
2026-04-01 13:30:00,0.0025925558547292837,0.0011871577007696033
2026-04-01 13:35:00,0.0005211386998276168,0.0011067272862419486
2026-04-01 13:40:00,-0.0015938067803151768,0.0010367794893682003
2026-04-01 13:45:00,-0.0021122575549785694,0.0009576674783602357
2026-04-01 13:50:00,-0.003630493788062239,0.0009075665147975087
2026-04-01 13:55:00,-0.001762872104954738,0.001002139295451343
2026-04-01 14:00:00,-0.0017284667958499256,0.0007474126177839935
2026-04-01 14:05:00,-0.0021297014754253496,0.00018458465638104826
2026-04-01 14:10:00,-0.0019180438041317416,0.0005065840086899698
2026-04-01 14:15:00,0.0010205782334509195,0.000531362893525511
2026-04-01 14:20:00,0.0006210156974351122,0.00047665261081419885
2026-04-01 14:25:00,0.0027735407398559175,0.0006670187576673925
2026-04-01 14:30:00,-0.0025703049134495615,0.0008267072844319046
2026-04-01 14:35:00,-0.0008957374905183002,0.0008669237140566111
2026-04-01 14:40:00,-0.004906907584059539,0.0004158485389780253
2026-04-01 14:45:00,-0.0025324423028134646,0.00024840887635946274
2026-04-01 14:50:00,-0.0004650858061427954,-0.0011708855163305998
2026-04-01 14:55:00,0.0015058810450412352,0.00014424326946027577
2026-04-01 15:00:00,0.0039619083335331595,0.000466291414340958
2026-04-01 15:05:00,0.001975122555705866,0.0015058176359161735
2026-04-01 15:10:00,0.0012398026774889104,0.001023738062940538
2026-04-01 15:15:00,-9.495283488725192e-05,0.0005069245235063136
2026-04-01 15:20:00,0.0015456882495819002,0.00046915956772863865
2026-04-01 15:25:00,0.0011497200274543928,-0.000363281142199412
2026-04-01 15:30:00,0.0009955013445175354,-9.475951810600236e-05
2026-04-01 15:35:00,-0.0011131609224097616,0.0004071053699590266
2026-04-01 15:40:00,-0.0016881166952220639,-2.284438960487023e-05
2026-04-01 15:45:00,0.000345662674613223,0.00037876979331485927
2026-04-01 15:50:00,0.00037119133863150466,0.00028602860402315855
2026-04-01 15:55:00,0.001983244350615365,-0.00026273218099959195
2026-04-01 16:00:00,0.0005098450771345853,3.164522786391899e-05
2026-04-01 16:05:00,-0.0005842667881879038,0.00035983967245556414
2026-04-01 16:10:00,-0.0003857914939722207,0.0005269794492051005
2026-04-01 16:15:00,-0.0008238872983721279,0.0003318068338558078
2026-04-01 16:20:00,0.0020466003764934015,0.0001516444463049993
2026-04-01 16:25:00,0.002390352962148512,0.0001064590469468385
2026-04-01 16:30:00,0.0031422971762378182,0.00029320537578314543
2026-04-01 16:35:00,0.003931780048182176,0.00016511294234078377
2026-04-01 16:40:00,0.0014902866146879745,0.00017411225417163223
2026-04-01 16:45:00,0.0016692058562632894,0.0001717102713882923
2026-04-01 16:50:00,0.0010816250582870168,0.00011651151726255193
2026-04-01 16:55:00,0.0009321386958234257,-0.0001600884716026485
2026-04-01 17:00:00,0.0006941568423020072,0.0002459578972775489
2026-04-01 17:05:00,-0.0006035534390864683,-0.00015308799629565328
2026-04-01 17:10:00,0.001765321749019222,0.0001683112932369113
2026-04-01 17:15:00,0.002041926150925022,-0.0002921187842730433
2026-04-01 17:20:00,0.002370205215186161,6.280069646891207e-05
2026-04-01 17:25:00,0.0025293297374933132,0.0003159291809424758
2026-04-01 17:30:00,0.001018356644539864,0.0005465431022457778
2026-04-01 17:35:00,0.000844545208279257,0.00012026270269416273
2026-04-01 17:40:00,0.00015878487816323172,0.00020262895850464702
2026-04-01 17:45:00,0.0003322575047111087,0.0002629435039125383
2026-04-01 17:50:00,-4.8061401583865404e-05,-5.791934017906897e-05
2026-04-01 17:55:00,-0.002503795172785317,0.00037321861600503325
2026-04-01 18:00:00,-0.0008799919466486728,0.0004907782422378659
2026-04-01 18:05:00,-0.001149982981536013,0.00033627956872805953
2026-04-01 18:10:00,0.00033922652490403493,0.00043270073365420103
2026-04-01 18:15:00,2.0911599349915377e-06,0.0006141794729046524
2026-04-01 18:20:00,0.00016735246350663147,0.000747717684134841
2026-04-01 18:25:00,0.0016379745916577093,0.0010770130902528763
2026-04-01 18:30:00,0.00044113696972658545,0.0010293200612068176
2026-04-01 18:35:00,0.000585513166724283,0.001366418320685625
2026-04-01 18:40:00,0.0006686433684635062,0.00138131994754076
2026-04-01 18:45:00,0.0010445719771947637,0.001149405143223703
2026-04-01 18:50:00,0.0015708264062332944,0.0014113913057371974
2026-04-01 18:55:00,0.0002882145338549691,0.0012418106198310852
2026-04-01 19:00:00,-0.000651684900006444,0.0011963255237787962
2026-04-01 19:05:00,-0.000764216339639745,0.00020709459204226732
2026-04-01 19:10:00,-0.0007917450033865236,-0.00016315393440891057
2026-04-01 19:15:00,-0.001273263625698462,-5.8000139688374475e-05
2026-04-01 19:20:00,-0.0009780462843771431,-3.983588612754829e-05
2026-04-01 19:25:00,-0.0005916065215814115,0.00042929049232043326
2026-04-01 19:30:00,8.368270865588556e-06,0.0003849294735118747
2026-04-01 19:35:00,-0.0006232719047591928,0.0006353999488055706
2026-04-01 19:40:00,-0.0017057011164443026,0.0005587773630395532
2026-04-01 19:45:00,-0.003331918430882652,0.0003825147869065404
2026-04-01 19:50:00,-0.0026228314365326355,0.0006233964231796563
2026-04-01 19:55:00,-0.0005363795348962697,0.0007414828869514167
2026-04-01 20:00:00,-0.00041149672013141014,-8.295833686133847e-05
2026-04-01 20:05:00,-0.0024194322358734865,-0.00030589429661631584
2026-04-01 20:10:00,-0.0035166320277397745,0.00011438401998020709
2026-04-01 20:15:00,-0.0012523272647868566,0.00012283299292903394
2026-04-01 20:20:00,-0.0014793228957348248,0.00011030158202629536
2026-04-01 20:25:00,0.0005971241501772084,0.0004045238019898534
2026-04-01 20:30:00,0.0,0.0004134132177568972
2026-04-01 20:35:00,0.0013931066632668632,-4.220644404995255e-05
2026-04-01 20:40:00,-0.0007843244855809672,0.00019077463366556913
2026-04-01 20:45:00,0.00047506038995059896,0.00032817377359606326
2026-04-01 20:50:00,0.0006075608930302678,-0.0002069682377623394
2026-04-01 20:55:00,0.0013222718511602949,7.619256939506158e-05
2026-04-01 21:00:00,0.0005630536142167131,0.00016326020704582334
2026-04-01 21:05:00,0.0005483798245400351,0.0009345007711090147
2026-04-01 21:10:00,0.0012680738945540782,0.0008996106334961951
2026-04-01 21:15:00,0.0013538121318621421,0.0010071122087538242
2026-04-01 21:20:00,0.0030599374766779874,0.001313439686782658
2026-04-01 21:25:00,0.0007026264885592326,0.0012484859907999635
2026-04-01 21:30:00,-4.1950355953446206e-06,0.0012390415649861097
2026-04-01 21:35:00,-0.002048010509390963,0.0009495047270320356
2026-04-01 21:40:00,-0.0005159103940339804,0.0009078559814952314
2026-04-01 21:45:00,-0.0004216908606977654,0.0007921072538010776
2026-04-01 21:50:00,0.0004594378365982976,0.0006506626377813518
2026-04-01 21:55:00,0.0003817154169194481,0.00036917306715622544
2026-04-01 22:00:00,0.0011786098383659294,1.4974117220845073e-05
2026-04-01 22:05:00,-0.0009799694622518729,-0.0001290870422963053
2026-04-01 22:10:00,-0.0013870369893407286,-0.0003123728674836457
2026-04-01 22:15:00,-0.0022850821839419666,-0.0003749979077838361
2026-04-01 22:20:00,-0.0010965212809193048,-0.00015226387768052518
2026-04-01 22:25:00,-0.0005566145378086418,-0.00018824910512194037
2026-04-01 22:30:00,0.0004956494263925748,-0.0003675863263197243
2026-04-01 22:35:00,5.044114990049309e-05,-0.0005791616858914495
2026-04-01 22:40:00,-0.00021642815877775945,-0.0007677625981159508
2026-04-01 22:45:00,-0.0011765176857796433,-0.0010034000733867288
2026-04-01 22:50:00,0.00028368407031109655,-0.0011677860748022795
2026-04-01 22:55:00,0.00034248122728719466,-0.0011338107287883759
2026-04-02 00:00:00,0.0011618197545146813,-0.0009991108672693372
2026-04-02 00:05:00,0.001964666040617402,-0.00027512977248989046
2026-04-02 00:10:00,0.002683258735819649,0.00027897628024220467
2026-04-02 00:15:00,0.003023221548943411,0.00024389343161601573
2026-04-02 00:20:00,0.0012154871303149406,0.00020964060968253762
2026-04-02 00:25:00,0.0006995262775149058,0.00017833431775216013
2026-04-02 00:30:00,0.0007345071128543879,0.0002570175565779209
2026-04-02 00:35:00,0.0009148317462877031,0.00023267578217200935
2026-04-02 00:40:00,7.118182772813952e-05,0.00021976890275254846
2026-04-02 00:45:00,-0.0002719767706764742,0.00022645125864073634
2026-04-02 00:50:00,0.0018250679013327442,0.0003625350072979927
2026-04-02 00:55:00,0.003066470769880425,0.0003149700933136046
2026-04-02 01:00:00,0.003546621480765566,0.0003291224129498005
2026-04-02 01:05:00,0.001120983911132356,0.0024906357284635305
2026-04-02 01:10:00,0.0008094666307538745,0.0023935209028422832
2026-04-02 01:15:00,-0.0006569925620727446,0.0023229795042425394
2026-04-02 01:20:00,-0.0002691719847867091,0.0022732471115887165
2026-04-02 01:25:00,-0.0011330192834204666,0.002302973298355937
2026-04-02 01:30:00,-0.0018397885987493368,0.0022223845589905977
2026-04-02 01:35:00,-0.0013114235626119353,0.0024587269872426987
2026-04-02 01:40:00,-0.001426967414579039,0.0028011456597596407
2026-04-02 01:45:00,-0.0004725008764356886,0.002797165187075734
2026-04-02 01:50:00,0.000989991559411152,0.0028465029317885637
2026-04-02 01:55:00,0.0020447577069528933,0.0023292996920645237
2026-04-02 02:00:00,0.0029046447721849944,0.0021182389464229345
2026-04-02 02:05:00,0.0008138157135793023,0.0006926525384187698
2026-04-02 02:10:00,-0.0005969127682803332,0.0006236922345124185
2026-04-02 02:15:00,-0.0011433102995841438,0.0005991142825223505
2026-04-02 02:20:00,-0.0004840362036730994,0.0004945332184433937
2026-04-02 02:25:00,-0.00038630477003032127,0.0005701765767298639
2026-04-02 02:30:00,-0.00048651183465153736,0.0002533525985199958
2026-04-02 02:35:00,-0.0007432011014127937,0.0003460273437667638
2026-04-02 02:40:00,-0.00043659958558528444,0.00015827795141376555
2026-04-02 02:45:00,-0.009544087606229823,0.00012812994827982038
2026-04-02 02:50:00,-0.008681544118104512,-2.1801617549499497e-05
2026-04-02 02:55:00,-0.0074978198708191,-0.00011294290015939623
2026-04-02 03:00:00,-0.0032820984185040203,-0.0002950482303276658
2026-04-02 03:05:00,-0.006861605253291714,-0.0023256996646523476
2026-04-02 03:10:00,-0.011773810410655727,-0.0003003138699568808
2026-04-02 03:15:00,-0.010075957263786961,-2.0041610696353018e-05
2026-04-02 03:20:00,-0.0035826414267692286,0.0004035519086755812
2026-04-02 03:25:00,-0.0009973872692405905,0.0001880439231172204
2026-04-02 03:30:00,0.0034643594231784647,0.000288740498945117
2026-04-02 03:35:00,0.0007703095024691464,0.0004516320477705449
2026-04-02 03:40:00,0.0011337048211874645,0.00026977661764249206
2026-04-02 03:45:00,0.0006492974510621252,0.00027108562062494457
2026-04-02 03:50:00,-0.002169874949704109,0.00015650936984457076
2026-04-02 03:55:00,-0.001157159654109563,-0.00023382730432786047
2026-04-02 04:00:00,-0.0017018416581411344,-0.0005604377947747707
2026-04-02 04:05:00,0.0015613371026379497,-0.0005086329765617847
2026-04-02 04:10:00,-0.00018765847066504193,-0.0003280175442341715
2026-04-02 04:15:00,-0.004403274633846266,-0.00017888941511046141
2026-04-02 04:20:00,-0.008208793187151286,0.00012396099918987602
2026-04-02 04:25:00,-0.0025988489582076113,0.00020576981478370726
2026-04-02 04:30:00,0.0013565910140442838,0.0003501979517750442
2026-04-02 04:35:00,0.004438680053699073,0.0006710346788167953
2026-04-02 04:40:00,0.0021764885974864256,0.00014783367805648595
2026-04-02 04:45:00,0.0007438456735027188,0.000373319024220109
2026-04-02 04:50:00,0.0004485521452988195,-0.0003070073144044727
2026-04-02 04:55:00,0.0006761174057068331,-2.458961262163939e-06
2026-04-02 05:00:00,0.0021322811632700223,0.0001148544397437945
2026-04-02 05:05:00,0.0031661755521401602,-0.00011584858293645084
2026-04-02 05:10:00,0.0003773178713295522,0.00019036106823477894
2026-04-02 05:15:00,0.00020466464915891436,0.00019888122915290296
2026-04-02 05:20:00,-0.002335817265684881,-0.00010884077346418053
2026-04-02 05:25:00,-0.0012326723676441276,4.6136647142702714e-05
2026-04-02 05:30:00,-0.0027558253158979085,-0.0001092645907192491
2026-04-02 05:35:00,-0.001941426778465427,0.00010592173202894628
2026-04-02 05:40:00,-0.0018475864356481964,-0.00013211094483267516
2026-04-02 05:45:00,-0.00022447193072849814,0.00046132502029649913
2026-04-02 05:50:00,-0.0013948555206155788,0.00045049647451378405
2026-04-02 05:55:00,-0.0019752427056669575,0.0004600097599904984
2026-04-02 06:00:00,-0.001908977479390117,0.0007094574393704534
2026-04-02 06:05:00,-0.0009702718486011008,0.0002000525564653799
2026-04-02 06:10:00,-0.0004092323736362147,0.000273573852609843
2026-04-02 06:15:00,-0.00029994644038566776,0.00021507700148504227
2026-04-02 06:20:00,-0.00028719250239106486,0.00041081514791585505
2026-04-02 06:25:00,-0.0009669677312409419,0.00042618048610165715
2026-04-02 06:30:00,-0.00025073855493751296,0.000675052753649652
2026-04-02 06:35:00,0.0002936212414255124,0.0006815805099904537
2026-04-02 06:40:00,0.002423158081329646,0.0007588132284581661
2026-04-02 06:45:00,0.00150776936566821,0.0007284993189387023
2026-04-02 06:50:00,0.0004391992932006872,0.0007230144110508263
2026-04-02 06:55:00,-0.000511566442552791,0.0005516132223419845
2026-04-02 07:00:00,-0.00010058994943662469,0.000493392813950777
2026-04-02 07:05:00,0.0011474347745661362,-6.696674245176837e-05
2026-04-02 07:10:00,0.0014761950230877119,-0.00024968618527054787
2026-04-02 07:15:00,-0.004853159889568914,-0.000527438533026725
2026-04-02 07:20:00,-0.005838615065069774,-0.001062482944689691
2026-04-02 07:25:00,-0.009245991378856289,-0.0014561536954715848
2026-04-02 07:30:00,-0.012763980093454919,-0.0018588786479085684
2026-04-02 07:35:00,-0.009175209323014855,-0.0020936636719852686
2026-04-02 07:40:00,-0.008787945522868768,-0.002532600425183773
2026-04-02 07:45:00,-0.001163921194009987,-0.0019848046358674765
2026-04-02 07:50:00,-0.00794798011813036,-0.0015143156051635742
2026-04-02 07:55:00,-0.002766102749268029,-0.0008900922839529812
2026-04-02 08:00:00,0.0011857045541372457,0.0007853104616515338
2026-04-02 08:05:00,0.004220623060906092,7.651118357898667e-05
2026-04-02 08:10:00,0.001884135011312793,0.0003002872399520129
2026-04-02 08:15:00,0.00033540383807384444,-0.0001293084496865049
2026-04-02 08:20:00,0.0016053588004059094,-0.00041898738709278405
2026-04-02 08:25:00,-0.00043364709869031515,-0.00034885533386841416
2026-04-02 08:30:00,0.0015166238558155243,-0.00037832785164937377
2026-04-02 08:35:00,0.0009115324709210171,-0.0010152764152735472
2026-04-02 08:40:00,0.002375124798229322,-0.0008567631593905389
2026-04-02 08:45:00,0.0008801966123250793,-0.0015093261608853936
2026-04-02 08:50:00,0.002050627745589395,-0.0019327284535393119
2026-04-02 08:55:00,0.0047636904925330015,-0.0010295005049556494
2026-04-02 09:00:00,0.004428329860440172,-0.0017896994249895215
2026-04-02 09:05:00,0.0021893515261126595,0.0013435645960271358
2026-04-02 09:10:00,8.656359826275661e-06,0.0007683949079364538
2026-04-02 09:15:00,0.0017416750842098594,-0.00021949228539597243
2026-04-02 09:20:00,0.0035297040508037725,0.0005392965977080166
2026-04-02 09:25:00,0.0035600602715977203,-0.0005978980334475636
2026-04-02 09:30:00,0.003627022353745346,-0.00046084527275525033
2026-04-02 09:35:00,0.002331882531573015,-0.00021329702576622367
2026-04-02 09:40:00,0.001458811467639265,-0.00025491882115602493
2026-04-02 09:45:00,-0.0016103860440086493,-0.00019412700203247368
2026-04-02 09:50:00,-0.0027203393271140186,9.018662967719138e-05
2026-04-02 09:55:00,-0.0006698840015761931,-0.0003198392514605075
2026-04-02 10:00:00,0.00021544248738436522,-0.00048386052367277443
2026-04-02 10:05:00,0.0008198985511267409,-0.0006501148454844952
2026-04-02 10:10:00,-0.0014878420198556341,-0.0004981986712664366
2026-04-02 10:15:00,-0.0008275523672836016,-0.0003308283630758524
2026-04-02 10:20:00,0.0006899198673053775,-0.0005051536136306822
2026-04-02 10:25:00,-0.0006907657844816839,-0.000560590298846364
2026-04-02 10:30:00,-0.002251215322269573,-0.00038609554758295417
2026-04-02 10:35:00,-0.002764701232139899,1.9356357370270416e-05
2026-04-02 10:40:00,-0.0023240414605663062,-0.00010906219540629536
2026-04-02 10:45:00,-0.002091713836721354,-0.0005189255462028086
2026-04-02 10:50:00,-0.002089923697489837,-0.0005861067329533398
2026-04-02 10:55:00,0.0006274829054522257,-0.0005914864595979452
2026-04-02 11:00:00,0.0015859505015622943,-0.0004248348996043205
2026-04-02 11:05:00,0.002038053002475948,-0.001064659678377211
2026-04-02 11:10:00,-0.0007162277823873353,-0.001022943644784391
2026-04-02 11:15:00,-0.0007396530023893177,-0.0010963644599542022
2026-04-02 11:20:00,-0.0008930299931506624,-0.0010746243642643094
2026-04-02 11:25:00,0.000374406607781097,-0.00040529482066631317
2026-04-02 11:30:00,-0.0003851821764531138,0.00012054835679009557
2026-04-02 11:35:00,0.0006703877038134465,7.849840585549828e-06
2026-04-02 11:40:00,0.00016227145453484582,4.9779817345552146e-05
2026-04-02 11:45:00,0.0017861665537264315,0.0003263214894104749
2026-04-02 11:50:00,0.0011148754914245274,0.00026246526977047324
2026-04-02 11:55:00,0.0006596327706827054,0.0002522524446249008
2026-04-02 12:00:00,-0.0029772745331211325,0.0005162264569662511
2026-04-02 12:05:00,-0.003224870831543214,7.41428229957819e-05
2026-04-02 12:10:00,-0.001471253491867941,7.645977893844247e-05
2026-04-02 12:15:00,-6.717743187678593e-05,0.00019625163986347616
2026-04-02 12:20:00,-0.0001798259159979665,9.432593651581556e-05
2026-04-02 12:25:00,0.0014907114577979996,0.00014052283950150013
2026-04-02 12:30:00,0.0030746984958316403,0.0002750659768935293
2026-04-02 12:35:00,0.0011434017443896494,0.0002578154962975532
2026-04-02 12:40:00,-0.0009149339257863431,0.0003186064714100212
2026-04-02 12:45:00,-0.000484054309971782,0.00023107329616323113
2026-04-02 12:50:00,0.001202625155221071,0.0004372131370473653
2026-04-02 12:55:00,0.0015417102628063617,0.00043405246105976403
2026-04-02 13:00:00,-0.0004237398128044134,0.00018407602328807116
2026-04-02 13:05:00,-0.00011241444623877328,0.0005200561136007309
2026-04-02 13:10:00,-0.003022951397692708,0.0005391318700276315
2026-04-02 13:15:00,-0.0022080798684402936,0.000538958644028753
2026-04-02 13:20:00,-0.0036668754530850833,0.000610976479947567
2026-04-02 13:25:00,-0.003149506355811127,0.0006084746564738452
2026-04-02 13:30:00,-0.002067454394978796,0.0004963889950886369
2026-04-02 13:35:00,-0.001565708487921924,0.0004890558775514364
2026-04-02 13:40:00,0.00036733820415157936,0.0007258544792421162
2026-04-02 13:45:00,0.0005774950769463771,0.0006703961989842355
2026-04-02 13:50:00,0.0004953851068609794,0.000575893500354141
2026-04-02 13:55:00,0.002710649252760433,0.0009758427040651441
2026-04-02 14:00:00,0.001201683368762474,0.0014126939931884408
2026-04-02 14:05:00,0.0052127120731810805,0.0004290388897061348
2026-04-02 14:10:00,0.0026017274378755673,0.0004593576304614544
2026-04-02 14:15:00,0.0019815731073666853,0.0004456945462152362
2026-04-02 14:20:00,-0.0013904313333394924,-0.00026460824301466346
2026-04-02 14:25:00,-0.0015792767600277813,-0.0003907591162715107
2026-04-02 14:30:00,-0.0005994717470159117,-0.0003347740275785327
2026-04-02 14:35:00,-3.0295292546611563e-05,-0.0004299407301004976
2026-04-02 14:40:00,-0.003998265443257765,-1.811619040381629e-05
2026-04-02 14:45:00,-0.005603033906451671,0.00010249567276332527
2026-04-02 14:50:00,-0.004454727114216794,0.0006942565087229013
2026-04-02 14:55:00,-0.0025291232509232486,0.0013936233008280396
2026-04-02 15:00:00,-0.0006489476605402444,0.0001930566068040207
2026-04-02 15:05:00,-0.0037587643395191606,0.0006147584645077586
2026-04-02 15:10:00,0.002020330253463598,0.001203021383844316
2026-04-02 15:15:00,0.0019521033740694804,0.0008166052866727114
2026-04-02 15:20:00,0.0011796735569742367,0.0010200993856415153
2026-04-02 15:25:00,0.0007565727616416495,0.0011364944512024522
2026-04-02 15:30:00,0.00754398529462641,0.00020596668764483184
2026-04-02 15:35:00,0.010240022180328268,-0.0006804629811085761
2026-04-02 15:40:00,0.009654576208443899,9.258741920348257e-05
2026-04-02 15:45:00,0.0018345998507918182,0.0003042984753847122
2026-04-02 15:50:00,0.0026668750484564185,0.0004067107511218637
2026-04-02 15:55:00,0.0004110156555832134,-0.0003065632190555334
2026-04-02 16:00:00,0.003706343501859166,0.0002801043156068772
2026-04-02 16:05:00,0.0057339815747106115,0.00042196878348477185
2026-04-02 16:10:00,0.003803016715190566,0.0005655213026329875
2026-04-02 16:15:00,0.0020600597006819044,0.00013327994383871555
2026-04-02 16:20:00,0.0025635233412195646,4.0596393091618665e-07
2026-04-02 16:25:00,0.005729756148975085,0.00016517034964635968
2026-04-02 16:30:00,0.0023677863928099896,0.0001473218871979043
2026-04-02 16:35:00,-0.0005506032232016622,0.0003140961052849889
2026-04-02 16:40:00,-0.002152554829006448,0.0005517499521374702
2026-04-02 16:45:00,-2.5637026704217192e-05,-0.00015947727661114186
2026-04-02 16:50:00,-0.002939540619831149,-0.00020200631115585566
2026-04-02 16:55:00,-0.001996691372978532,0.00017179855785798281
2026-04-02 17:00:00,-0.001729880419626184,0.00010922139335889369
2026-04-02 17:05:00,-0.001744288648382053,-0.0009559820755384862
2026-04-02 17:10:00,0.00015192284060638883,-0.0006219210918061435
2026-04-02 17:15:00,0.0003851519686079996,-0.0005445315036922693
2026-04-02 17:20:00,0.001453071207539125,-0.0009829112095758319
2026-04-02 17:25:00,-0.0016167009766512308,-0.0008259949972853065
2026-04-02 17:30:00,-0.00322701888192789,-0.00020365924865473062
2026-04-02 17:35:00,-0.0016353899376468917,-0.0003086258366238326
2026-04-02 17:40:00,-0.0010613766084812681,-0.0005777638289146125
2026-04-02 17:45:00,0.0005342699992869626,-0.00044491642620414495
2026-04-02 17:50:00,-0.000740340998383715,0.00017077680968213826
2026-04-02 17:55:00,-0.0013911432802320434,0.000165851044584997
2026-04-02 18:00:00,-0.0032249740851177933,0.00029543580603785813
2026-04-02 18:05:00,-0.0013576422077896666,-0.00046093997661955655
2026-04-02 18:10:00,-0.0008510968056008039,-0.00027122351457364857
2026-04-02 18:15:00,0.002626314934950358,-0.00041156867519021034
2026-04-02 18:20:00,0.0025290597568154993,-0.00023474106274079531
2026-04-02 18:25:00,0.0016177530944609941,-0.00036730716237798333
2026-04-02 18:30:00,0.0004163099122571623,-0.0006060192827135324
2026-04-02 18:35:00,0.0001264996372860594,-0.0008277264423668385
2026-04-02 18:40:00,0.0003519925173538496,-0.0005882978439331055
2026-04-02 18:45:00,0.0003732439879193805,-0.0012682742672041059
2026-04-02 18:50:00,-0.0003066284298594013,-0.0011179510038346052
2026-04-02 18:55:00,0.0009523340409138825,-0.001308090053498745
2026-04-02 19:00:00,0.0,-0.001961170230060816
2026-04-02 19:05:00,0.00026589300536450367,-0.0009364158031530678
2026-04-02 19:10:00,-0.002795228894626689,-0.0008777679177001119
2026-04-02 19:15:00,-0.002327539871718187,-0.0011283173225820065
2026-04-02 19:20:00,-0.002251602990783752,-0.0010550528531894088
2026-04-02 19:25:00,0.0014157659369242737,-0.0012057415442541242
2026-04-02 19:30:00,-0.000898969256867943,-0.0008262985502369702
2026-04-02 19:35:00,-0.0006900176647448575,-0.0007457996835000813
2026-04-02 19:40:00,-0.0018049693113493248,-0.0005805156542919576
2026-04-02 19:45:00,0.0012063259381154268,-0.0003439637366682291
2026-04-02 19:50:00,0.0011733912349125575,8.473415618936997e-06
2026-04-02 19:55:00,0.0010382553944427997,0.00043609575368463993
2026-04-02 20:00:00,0.00016546063095468355,0.0007193183992058039
2026-04-02 20:05:00,-0.0008422953043680792,0.0009004149469546974
2026-04-02 20:10:00,-0.000498571988433838,0.0007739768479950726
2026-04-02 20:15:00,0.0010737541190053435,0.0008965808665379882
2026-04-02 20:20:00,0.0007413432404028697,0.0008599347784183919
2026-04-02 20:25:00,0.0022330400297185804,0.0007020881166681647
2026-04-02 20:30:00,0.0020712331237344728,0.0007510714349336922
2026-04-02 20:35:00,0.0027649777315641444,0.0008306711097247899
2026-04-02 20:40:00,0.0013888385071680887,0.0009313526097685099
2026-04-02 20:45:00,0.0007515295907172259,0.0010985024273395538
2026-04-02 20:50:00,0.0023727646124616086,0.000788769219070673
2026-04-02 20:55:00,0.0012329058966766837,0.0008574242820031941
2026-04-02 21:00:00,-0.0005480683938134945,0.0008947806782089174
2026-04-02 21:05:00,-0.001355787430346922,0.0008206366910599172
2026-04-02 21:10:00,-0.002057831994729753,0.0007097155903466046
2026-04-02 21:15:00,-0.0012406856432356506,0.0006469525396823883
2026-04-02 21:20:00,-0.0018055785057473628,0.0006402574363164604
2026-04-02 21:25:00,0.0004371884566172213,0.0006837105611339211
2026-04-02 21:30:00,0.001328482425861921,0.0005267299711704254
2026-04-02 21:35:00,0.00221849708642452,0.00020486659195739776
2026-04-02 21:40:00,0.001177742938519799,0.00014127115719020367
2026-04-02 21:45:00,0.0010829066612618732,3.2325937354471534e-05
2026-04-02 21:50:00,-0.00016471909548698704,0.0001877214526757598
2026-04-02 21:55:00,0.0001326767973779397,0.0004073654126841575
2026-04-02 22:00:00,-0.0015412479450596095,0.0005717630265280604
2026-04-02 22:05:00,-0.001631541783160273,0.0009385928278788924
2026-04-02 22:10:00,-0.001117603221636898,0.0007066874532029033
2026-04-02 22:15:00,0.0008993499591198884,0.0007263488369062543
2026-04-02 22:20:00,0.001070865704418722,0.0007525177206844091
2026-04-02 22:25:00,0.00021633871444137753,0.0007997479406185448
2026-04-02 22:30:00,-0.000220480026580816,0.0006390191265381873
2026-04-02 22:35:00,0.00014126863538699297,0.0006127244560047984
2026-04-02 22:40:00,0.0016370871215922733,0.0006196253816597164
2026-04-02 22:45:00,-0.0073571611551752625,0.0007871568668633699
2026-04-02 22:50:00,-0.008164170261267145,0.0007220394327305257
2026-04-02 22:55:00,-0.00948729692092698,0.0006098364829085767
2026-04-06 00:00:00,0.000478656665700683,0.0007410662365145981
2026-04-06 00:05:00,0.0016407602059125281,0.0015022095758467913
2026-04-06 00:10:00,0.0005783415570128625,0.000625776534434408
2026-04-06 00:15:00,-0.0008647674670392291,0.0008288435055874288
2026-04-06 00:20:00,2.8005381343731983e-05,0.0015908562345430255
2026-04-06 00:25:00,0.0014745513267406807,0.001222440623678267
2026-04-06 00:30:00,0.0016770968175130463,0.0007088193669915199
2026-04-06 00:35:00,-0.0004503354428688766,0.0010672637727111578
2026-04-06 00:40:00,0.00106360313088949,-0.0002356467884965241
2026-04-06 00:45:00,-0.0010343803045334,-7.835431460989639e-05
2026-04-06 00:50:00,-0.0018703065786098705,-0.0009537544101476669
2026-04-06 00:55:00,-0.0030819587705384066,-0.000985635444521904
2026-04-06 01:00:00,-0.0027354836266546556,-0.0003059714217670262
2026-04-06 01:05:00,-0.0026593920264073034,1.771175993781071e-05
2026-04-06 01:10:00,-0.004892408364629119,0.000891934847459197
2026-04-06 01:15:00,-0.002140487285547721,0.000653814640827477
2026-04-06 01:20:00,-0.0009942221139880303,0.0007560976082459092
2026-04-06 01:25:00,-0.0004122190460176256,0.00026682778843678534
2026-04-06 01:30:00,-0.0004984450784224492,0.00010596564970910549
2026-04-06 01:35:00,0.0006369357971767187,0.0006097183795645833
2026-04-06 01:40:00,0.0007743976300425004,-2.2253627321333624e-05
2026-04-06 01:45:00,0.0024313607564270256,0.00046324628056026995
2026-04-06 01:50:00,0.0012034373002798304,0.00027307032723911107
2026-04-06 01:55:00,0.00320184547273783,0.0002406748099019751
2026-04-06 02:00:00,-0.0021409321120522407,0.0014057018561288714
2026-04-06 02:05:00,-0.0012814076455978096,0.0005467815790325403
2026-04-06 02:10:00,-0.004996673508962601,0.000294025638140738
2026-04-06 02:15:00,-0.0011123218423634285,0.00035219662822782993
2026-04-06 02:20:00,-0.001391493044897274,-0.0003548675449565053
2026-04-06 02:25:00,0.0033439915270943033,-0.0001503271487308666
2026-04-06 02:30:00,0.0018207005621349026,-0.00046994342119432986
2026-04-06 02:35:00,0.0024587255398351715,-0.00029253301909193397
2026-04-06 02:40:00,0.0008591298214746246,-0.001094977604225278
2026-04-06 02:45:00,0.0029170394915105646,-0.00037601200165227056
2026-04-06 02:50:00,0.003647688283390238,0.00011708516831276938
2026-04-06 02:55:00,0.004146754651543461,-0.00017173953528981656
2026-04-06 03:00:00,-0.0013828571162868286,0.00029132954659871757
2026-04-06 03:05:00,-0.0012597448525877297,0.0004223085124976933
2026-04-06 03:10:00,-0.0001680397094716568,3.726845170604065e-05
2026-04-06 03:15:00,0.0008623494259669684,-0.0003068744554184377
2026-04-06 03:20:00,0.000388446735888337,-0.0007521712686866522
2026-04-06 03:25:00,-0.0029020581812826407,-0.0016497236210852861
2026-04-06 03:30:00,-0.0010829190587475779,-0.000526171294040978
2026-04-06 03:35:00,-0.0018399825512105394,-0.0011411989107728004
2026-04-06 03:40:00,-0.00038253439223545627,-0.0005496996454894543
2026-04-06 03:45:00,0.001288130789371067,-0.0003802625578828156
2026-04-06 03:50:00,0.0013198612929645748,-0.000720373704098165
2026-04-06 03:55:00,0.002243409713083011,-0.0004256953834556043
2026-04-06 04:00:00,0.0072610832697321825,-0.001086688251234591
2026-04-06 04:05:00,0.007049289040466533,-0.00010158771328860894
2026-04-06 04:10:00,0.005340997928685809,4.4525700104713906e-06
2026-04-06 04:15:00,-0.0019295640215428733,-0.0006519326707348228
2026-04-06 04:20:00,-0.0029281214838210445,-0.0012413599761202931
2026-04-06 04:25:00,-0.0021841455243798436,0.00038724695332348347
2026-04-06 04:30:00,-0.00037819288717599875,0.0007942302036099136
2026-04-06 04:35:00,-0.00022361071188470305,0.001205241889692843
2026-04-06 04:40:00,-0.000679625457916444,0.0007417893502861261
2026-04-06 04:45:00,-0.0039020069880155717,0.00018143531633540988
2026-04-06 04:50:00,-0.004379071964029535,0.0014703914057463408
2026-04-06 04:55:00,-0.003109363448510649,0.0003196047036908567
2026-04-06 05:00:00,-0.0017275972776804593,-0.0005818193312734365
2026-04-06 05:05:00,0.0003476642289594878,-0.0031989961862564087
2026-04-06 05:10:00,-0.0006174198953523558,-0.003741543274372816
2026-04-06 05:15:00,0.0010541893116311485,-0.0038180931005626917
2026-04-06 05:20:00,-0.0005269420852780371,-0.003493029624223709
2026-04-06 05:25:00,0.00044475342826189035,-0.0036411096807569265
2026-04-06 05:30:00,0.0007014567925853754,-0.00396191980689764
2026-04-06 05:35:00,0.0013535088053000521,-0.0038784046191722155
2026-04-06 05:40:00,0.0017339436672028086,-0.0038008273113518953
2026-04-06 05:45:00,0.002921395901440249,-0.004186990205198526
2026-04-06 05:50:00,0.0023873764862063496,-0.004012910649180412
2026-04-06 05:55:00,0.0005923883655842843,-0.00432393467053771
2026-04-06 06:00:00,-0.0009943846074200735,-0.004251539707183838
2026-04-06 06:05:00,-0.0009581442449331234,-0.0010663423454388976
2026-04-06 06:10:00,0.0006953392103774547,-0.002140117809176445
2026-04-06 06:15:00,0.0010331068591682424,-0.0037046901416033506
2026-04-06 06:20:00,0.0013777160941597089,-0.005296028219163418
2026-04-06 06:25:00,0.0004754799801709453,-0.00540948286652565
2026-04-06 06:30:00,0.000769831255750475,-0.005846820771694183
2026-04-06 06:35:00,0.0016464624130367866,-0.005673494189977646
2026-04-06 06:40:00,0.0022409610914913003,-0.005285055376589298
2026-04-06 06:45:00,0.0023767132049190565,-0.005025683436542749
2026-04-06 06:50:00,0.003149946585265795,-0.004847933538258076
2026-04-06 06:55:00,0.0030600395454012386,-0.004764450713992119
2026-04-06 07:00:00,0.003034058916833615,-0.004560176748782396
2026-04-06 07:05:00,0.0005136854474585562,0.0024930224753916264
2026-04-06 07:10:00,-0.0012867328079817497,0.001868664869107306
2026-04-06 07:15:00,-0.0021166610898291083,0.0017913441406562924
2026-04-06 07:20:00,-0.0016061439516512621,0.0012766446452587843
2026-04-06 07:25:00,-0.0012733748507720577,0.0012966329231858253
2026-04-06 07:30:00,-0.0016446261218483471,0.0018518492579460144
2026-04-06 07:35:00,0.000304294628119095,0.0024410071782767773
2026-04-06 07:40:00,-0.0019797352075752173,0.0025314996019005775
2026-04-06 07:45:00,-0.001333552568549834,0.002473620232194662
2026-04-06 07:50:00,-0.0019666912854816587,0.0022466559894382954
2026-04-06 07:55:00,0.0018102584077936967,0.0024443217553198338
2026-04-06 08:00:00,0.0011060510705647175,0.00221148319542408
2026-04-06 08:05:00,-0.0005926956874500178,-0.00018686264229472727
2026-04-06 08:10:00,-0.0008606988504098467,0.0008362742373719811
2026-04-06 08:15:00,-0.00010303657378152309,0.0010228226892650127
2026-04-06 08:20:00,-8.163054877385889e-05,0.0010682225693017244
2026-04-06 08:25:00,-0.00026844917076296326,0.0003074610431212932
2026-04-06 08:30:00,-0.00037359660160873887,0.0010699178092181683
2026-04-06 08:35:00,0.0017192774685774737,0.0011282978812232614
2026-04-06 08:40:00,0.002192729259164139,0.0007720690919086337
2026-04-06 08:45:00,0.0004959513511124669,0.0008437048527412117
2026-04-06 08:50:00,-0.0012811284264628853,0.0010698828846216202
2026-04-06 08:55:00,-0.0028824370631213014,0.0011035759234800935
2026-04-06 09:00:00,-0.0019401190567673865,0.0007357460563071072
2026-04-06 09:05:00,-0.0024875394047150223,-0.0012175979791209102
2026-04-06 09:10:00,-0.00037405921320399216,-0.0007495622849091887
2026-04-06 09:15:00,0.0007932609782255184,-0.0005533656803891063
2026-04-06 09:20:00,0.002506865088657051,0.0003928511869162321
2026-04-06 09:25:00,0.002898521637256124,-0.00021167591330595315
2026-04-06 09:30:00,0.004006121762554216,0.0002581896842457354
2026-04-06 09:35:00,0.005159458491434066,-4.066512701683678e-05
2026-04-06 09:40:00,0.004507118575991953,-0.0002891859912779182
2026-04-06 09:45:00,0.004448366962675365,-0.0006546896765939891
2026-04-06 09:50:00,0.0007388615888963557,-0.0007236897945404053
2026-04-06 09:55:00,0.0009535787120960038,-0.0010540393413975835
2026-04-06 10:00:00,-0.0013411816134158983,-0.0013658835086971521
2026-04-06 10:05:00,0.001540030422413352,-0.0006673203315585852
2026-04-06 10:10:00,0.00026436639630667,-0.000827145529910922
2026-04-06 10:15:00,0.001635190857651736,-0.0008575490792281926
2026-04-06 10:20:00,-0.0003005675633485083,-0.0007167845033109188
2026-04-06 10:25:00,0.0004305117828522498,-0.0005894916830584407
2026-04-06 10:30:00,0.0005132437221675445,-0.000584005902055651
2026-04-06 10:35:00,0.0008140945353307671,-0.0005220918683335185
2026-04-06 10:40:00,0.000813629834810925,0.00028691859915852547
2026-04-06 10:45:00,0.00043424120226376317,-0.0010487756226211786
2026-04-06 10:50:00,0.000998598000407469,-0.0006085274508222938
2026-04-06 10:55:00,0.0010129169040027364,-0.0008488524472340941
2026-04-06 11:00:00,0.0003106647399224727,0.00018418350373394787
2026-04-06 11:05:00,0.0006658873407268118,-0.00021025330352131277
2026-04-06 11:10:00,0.0002403107463422316,5.105359377921559e-05
2026-04-06 11:15:00,0.0007464773952392534,0.00024073234817478806
2026-04-06 11:20:00,0.00014673342709592418,0.0005517028621397913
2026-04-06 11:25:00,0.00017434863818444057,0.0006306417635641992
2026-04-06 11:30:00,-0.0006677626160733752,0.0011835354380309582
2026-04-06 11:35:00,-0.0017750048290547937,0.00038250815123319626
2026-04-06 11:40:00,-0.0020792793650166175,0.0007245913147926331
2026-04-06 11:45:00,-0.0007150427414988059,0.0009983379859477282
2026-04-06 11:50:00,-0.0003600674579455898,0.0012391011696308851
2026-04-06 11:55:00,-0.001494556660391666,0.0011747634271159768
2026-04-06 12:00:00,-0.001452940542311154,0.0013234177604317665
2026-04-06 12:05:00,-0.0006714778840475333,0.0003219498903490603
2026-04-06 12:10:00,0.0006633386224184079,0.0010761902667582035
2026-04-06 12:15:00,-0.0001172646632809915,0.0011772374855354428
2026-04-06 12:20:00,0.0005883669788886436,0.0011628259671851993
2026-04-06 12:25:00,0.0011975870694040935,0.0010735612595453858
2026-04-06 12:30:00,0.0006224115236221905,0.0012014356907457113
2026-04-06 12:35:00,-0.0002365842362799242,0.0008523479336872697
2026-04-06 12:40:00,-0.0011933226498026528,0.0008321857894770801
2026-04-06 12:45:00,5.753218874282595e-05,0.000458232854725793
2026-04-06 12:50:00,0.00034313542996855517,0.00036464675213210285
2026-04-06 12:55:00,-7.889470652600039e-05,0.0004794961423613131
2026-04-06 13:00:00,-0.00028556267762169796,0.00046919475425966084
2026-04-06 13:05:00,-0.0009700345389376253,0.0005077116657048464
2026-04-06 13:10:00,-0.00019833039990224677,-0.0006329228635877371
2026-04-06 13:15:00,-0.0005159243794885526,-0.00046919716987758875
2026-04-06 13:20:00,0.00034335057176804185,0.0009424609015695751
2026-04-06 13:25:00,-0.0008940412430558098,0.0009026105981320143
2026-04-06 13:30:00,-0.0013849309374833751,0.0009979152819141746
2026-04-06 13:35:00,-0.0013591640567565122,0.0011238049482926726
2026-04-06 13:40:00,-0.0011705026166861643,0.00011017479846486822
2026-04-06 13:45:00,-0.0001751201285831172,0.00011769650154747069
2026-04-06 13:50:00,-0.0008779303623960288,0.0008598638232797384
2026-04-06 13:55:00,-0.0013494860207607928,0.00102421420160681
2026-04-06 14:00:00,-0.001883410833407595,0.0012407281901687384
2026-04-06 14:05:00,-0.0032385520546789337,-0.0006906811613589525
2026-04-06 14:10:00,-0.00130630793901787,-0.0007220433326438069
2026-04-06 14:15:00,8.772896462971858e-05,-0.0016350405057892203
2026-04-06 14:20:00,0.0026891866434013423,-0.0001654220250202343
2026-04-06 14:25:00,0.0022453665323354244,-0.0003683918039314449
2026-04-06 14:30:00,0.0010906199223139623,8.815925684757531e-05
2026-04-06 14:35:00,3.4210548825797105e-05,0.0009046897175721824
2026-04-06 14:40:00,-2.13810444229523e-05,0.001141273882240057
2026-04-06 14:45:00,-0.001465126514261783,0.0007991704042069614
2026-04-06 14:50:00,-0.0014763940159721045,0.0005320525960996747
2026-04-06 14:55:00,-0.0017805060740503365,-0.00011221598106203601
2026-04-06 15:00:00,-0.0017416923236357462,0.0002552856458351016
2026-04-06 15:05:00,0.0005458778332538827,-0.0012795684160664678
2026-04-06 15:10:00,0.0003405101045537151,-0.0009268533322028816
2026-04-06 15:15:00,0.0016389459999377465,-0.00038956411299295723
2026-04-06 15:20:00,0.00020115040982737753,-0.00024094620312098414
2026-04-06 15:25:00,-0.0009018552908681698,-0.0002034259814536199
2026-04-06 15:30:00,-0.0014760023802136146,-0.0013977575581520796
2026-04-06 15:35:00,0.0012359725126174226,0.0005917446687817574
2026-04-06 15:40:00,0.0034445167879297856,0.000592145835980773
2026-04-06 15:45:00,0.0009556870531106654,0.0010836499277502298
2026-04-06 15:50:00,-0.0017389244228258605,0.0009921015007421374
2026-04-06 15:55:00,-0.0021444760187190326,0.0007439315086230636
2026-04-06 16:00:00,0.003331326501461618,0.0011137895053252578
2026-04-06 16:05:00,0.003122768269337328,0.00031374357058666646
2026-04-06 16:10:00,0.0029621419164787,0.00028137172921560705
2026-04-06 16:15:00,0.0015315049279873705,0.0005940802511759102
2026-04-06 16:20:00,-0.00035645563945507774,0.0001309893123107031
2026-04-06 16:25:00,-0.0003735241836313463,0.0006929148803465068
2026-04-06 16:30:00,-0.0026677837375448377,0.0010413158452138305
2026-04-06 16:35:00,0.00015796608031592996,0.0004146192513871938
2026-04-06 16:40:00,-0.00016225967989313972,0.0007035328890196979
2026-04-06 16:45:00,-0.0015891096952902473,0.0009960487950593233
2026-04-06 16:50:00,-0.0037616660678949643,0.0011442479444667697
2026-04-06 16:55:00,-0.004588312581239151,0.001354048028588295
2026-04-06 17:00:00,-0.0010108149484722162,0.0014639574801549315
2026-04-06 17:05:00,-0.0003857338527133436,0.00022884810459800065
2026-04-06 17:10:00,0.0011897604840243048,0.0001373583363601938
2026-04-06 17:15:00,7.498958184015692e-05,7.542013918282464e-05
2026-04-06 17:20:00,-0.0023261263978344715,-0.00030459274421446025
2026-04-06 17:25:00,-0.0014965408692191318,0.00026382895885035396
2026-04-06 17:30:00,-0.0007437167532255984,0.0006145691149868071
2026-04-06 17:35:00,0.0023668497735940264,0.0006076734862290323
2026-04-06 17:40:00,0.0016593528902486554,0.000769122620113194
2026-04-06 17:45:00,0.0005144452036418556,0.00029512037872336805
2026-04-06 17:50:00,-0.0004973673932440192,0.0005600758013315499
2026-04-06 17:55:00,0.00045401979620862676,-5.427487485576421e-05
2026-04-06 18:00:00,0.00045420656038075435,9.424753807252273e-05
2026-04-06 18:05:00,0.0012001201560458696,0.0006920684827491641
2026-04-06 18:10:00,-0.0010089748194559434,0.0002720878692343831
2026-04-06 18:15:00,-0.00034492104113859057,0.0001603247073944658
2026-04-06 18:20:00,-0.0008506508420040859,-0.0002752845757640898
2026-04-06 18:25:00,-0.00046948810581426415,-0.0002842038811650127
2026-04-06 18:30:00,-0.00042220815488924757,-0.0011579047422856092
2026-04-06 18:35:00,-0.0004524038049069645,-0.0005135915125720203
2026-04-06 18:40:00,-0.0006349097611870747,-0.0007397155277431011
2026-04-06 18:45:00,-0.0013642859565390353,-0.00040307556628249586
2026-04-06 18:50:00,-0.0009569399252775668,-0.0005236465949565172
2026-04-06 18:55:00,-0.0016255749191191882,-0.0009532427648082376
2026-04-06 19:00:00,0.0002081953867545394,-0.000685939914546907
2026-04-06 19:05:00,0.00029404536881116883,-0.0009648042032495141
2026-04-06 19:10:00,0.0007282922513880408,-0.0007927127298898995
2026-04-06 19:15:00,-9.872642914388052e-05,-0.001182204345241189
2026-04-06 19:20:00,-3.433660604557076e-05,-0.0011518445098772645
2026-04-06 19:25:00,-4.295237441276356e-05,-0.0007156478241086006
2026-04-06 19:30:00,-0.0014025383298719163,-0.00022313806402962655
2026-04-06 19:35:00,-0.0008459111224290439,-0.00014035467756912112
2026-04-06 19:40:00,-0.0004747466048655724,-0.0002344675740459934
2026-04-06 19:45:00,8.597343420291281e-06,-5.6369739468209445e-05
2026-04-06 19:50:00,0.0005647358077691678,-0.0002207679208368063
2026-04-06 19:55:00,0.0011853711148166468,-0.00044521919335238636
2026-04-06 20:00:00,0.002273550410789582,-2.2912019630894065e-05
2026-04-06 20:05:00,0.0008089703879523569,0.00047658541006967425
2026-04-06 20:10:00,0.00028754130922159504,3.8965856219874695e-05
2026-04-06 20:15:00,-0.0008581463279853097,2.440985008433927e-05
2026-04-06 20:20:00,-0.0026310124380106714,-7.24898127373308e-05
2026-04-06 20:25:00,-0.0022467382357795884,-0.0007087308331392705
2026-04-06 20:30:00,-0.0017873067345846039,5.9900343330809847e-05
2026-04-06 20:35:00,0.00027093802781053,-0.00032580725383013487
2026-04-06 20:40:00,0.0017316802911064855,-0.0008559974376112223
2026-04-06 20:45:00,0.00164134859426035,-0.0004917973419651389
2026-04-06 20:50:00,8.600005159564716e-06,-0.0003838961711153388
2026-04-06 20:55:00,-0.001632769173417259,0.00043071116670034826
2026-04-06 21:00:00,-0.002247868051586721,5.177606726647355e-05
2026-04-06 21:05:00,-0.0008194826533642896,-0.0004650368064176291
2026-04-06 21:10:00,-0.00013331727811660699,-0.0008038611267693341
2026-04-06 21:15:00,0.000866650878906583,0.0001969574805116281
2026-04-06 21:20:00,0.0008667813597522667,0.0004870158445555717
2026-04-06 21:25:00,0.00033755927764644866,0.0008050179458223283
2026-04-06 21:30:00,0.0007112536305697859,0.0009701600065454841
2026-04-06 21:35:00,0.0007650682272455356,0.0010321796871721745
2026-04-06 21:40:00,0.0008788394728362903,0.0010952947195619345
2026-04-06 21:45:00,-3.436920691157752e-05,0.0009115299908444285
2026-04-06 21:50:00,-0.0002492276105527935,0.0009271387243643403
2026-04-06 21:55:00,0.0002834704533238863,0.0009573737625032663
2026-04-06 22:00:00,0.0003307545959945202,0.0005277644377201796
2026-04-06 22:05:00,0.0005714126291582744,-0.0006111261318437755
2026-04-06 22:10:00,-0.00017179068206552017,-0.0008116671815514565
2026-04-06 22:15:00,2.576849157698291e-05,-0.0009246011031791568
2026-04-06 22:20:00,-0.000831449014226493,-0.000703691563103348
2026-04-06 22:25:00,-0.0007196941932718914,-0.001236202078871429
2026-04-06 22:30:00,-0.0014225548212962735,-0.00028576236218214035
2026-04-06 22:35:00,-8.812684252568204e-05,0.00019983001402579248
2026-04-06 22:40:00,-0.0006944049089447901,8.808654820313677e-05
2026-04-06 22:45:00,0.002540697062025643,0.00025659476523287594
2026-04-06 22:50:00,0.003257674396962784,0.00040862036985345185
2026-04-06 22:55:00,0.003038488033743292,0.000422212528064847
2026-04-07 00:00:00,0.0006004048624461689,8.76715566846542e-05
2026-04-07 00:05:00,-0.001256316585468653,0.0018548577791079879
2026-04-07 00:10:00,-0.0003409672136225339,0.0014392380835488439
2026-04-07 00:15:00,-0.0010037362131942729,0.000720979820471257
2026-04-07 00:20:00,-0.000156614215526929,0.0007829039823263884
2026-04-07 00:25:00,-0.0005835595149576989,0.0009097178699448705
2026-04-07 00:30:00,0.00024244738956724632,0.001133569865487516
2026-04-07 00:35:00,-0.0006331430181063524,0.0008673234260641038
2026-04-07 00:40:00,-0.00023180193915806058,0.0011282673804089427
2026-04-07 00:45:00,-0.0003475977170790401,0.0012090496020391583
2026-04-07 00:50:00,0.0004121250686175415,0.0012733698822557926
2026-04-07 00:55:00,0.00034553694316130645,0.001142491470091045
2026-04-07 01:00:00,-0.0002747305833192826,0.0010169895831495523
2026-04-07 01:05:00,-0.0012798599914010111,4.8205788516497705e-06
2026-04-07 01:10:00,-0.0012517970717613736,0.00027315347688272595
2026-04-07 01:15:00,-0.0009514084460935379,0.000203723058803007
2026-04-07 01:20:00,0.0003458955021873322,6.997676337050507e-06
2026-04-07 01:25:00,0.00017186597074569931,3.6726418329635635e-05
2026-04-07 01:30:00,0.00042105082877341715,-6.845956522738561e-05
2026-04-07 01:35:00,0.0009404025959387496,-0.00012882232840638608
2026-04-07 01:40:00,0.0007472734530988845,4.867421739618294e-05
2026-04-07 01:45:00,-0.00019976221918405201,-0.0002756103640422225
2026-04-07 01:50:00,-0.0012841493095585577,0.00108117435593158
2026-04-07 01:55:00,-0.00017388448318023109,0.001315019908361137
2026-04-07 02:00:00,0.000710800002009293,0.0011445456184446812
2026-04-07 02:05:00,0.0011489403632420903,0.0003630068385973573
2026-04-07 02:10:00,0.0003026683132603125,-0.00030755301122553647
2026-04-07 02:15:00,0.0005365232990541813,-0.0010474459268152714
2026-04-07 02:20:00,0.00033906089042901044,-0.0012929040240123868
2026-04-07 02:25:00,0.0003326148168714127,-0.0014890126185491681
2026-04-07 02:30:00,-0.00037982873828745767,-0.0013294932432472706
2026-04-07 02:35:00,-0.0006825308852622669,-0.0012228437699377537
2026-04-07 02:40:00,-0.0018361257975794132,-0.00154697906691581
2026-04-07 02:45:00,0.0005042610161805072,-0.0016563421813771129
2026-04-07 02:50:00,-0.002558266418619226,-0.002078564139083028
2026-04-07 02:55:00,-0.0024448048263980837,-0.0016716464888304472
2026-04-07 03:00:00,-0.0022400033419938126,-0.0014767664251849055
2026-04-07 03:05:00,0.0009101168826628481,-0.001984985778108239
2026-04-07 03:10:00,0.0028810557829146433,-0.0020414981991052628
2026-04-07 03:15:00,0.0015447004709656653,-0.00248412205837667
2026-04-07 03:20:00,-0.0022585255987443986,-0.0012552280677482486
2026-04-07 03:25:00,-0.0026203650371439124,-0.0017171988729387522
2026-04-07 03:30:00,-0.005033880026850568,-0.0012089358642697334
2026-04-07 03:35:00,-0.002730381542804139,-0.0005787243717350066
2026-04-07 03:40:00,-0.003245158848427465,-0.0004305835464037955
2026-04-07 03:45:00,-0.001476872322522027,-0.0006443083984777331
2026-04-07 03:50:00,0.0011340673944157942,-0.00045459571992978454
2026-04-07 03:55:00,-3.890218047253313e-05,7.681472925469279e-05
2026-04-07 04:00:00,0.0006674536675319587,0.00029367394745349884
2026-04-07 04:05:00,-0.00040595633503848205,0.0010321303270757198
2026-04-07 04:10:00,0.001658482609768086,0.0011121754068881273
2026-04-07 04:15:00,0.001547037688810704,0.0009834300726652145
2026-04-07 04:20:00,0.002674548107680863,0.0006649295683018863
2026-04-07 04:25:00,0.0024890349904200804,0.0008342692744918168
2026-04-07 04:30:00,0.002816060283437949,0.0005254446296021342
2026-04-07 04:35:00,0.0017518302923971163,0.0006995335570536554
2026-04-07 04:40:00,0.0009530274399391914,0.00040080840699374676
2026-04-07 04:45:00,-0.0009076791998943179,0.00043689526501111686
2026-04-07 04:50:00,-0.0009637725554547671,0.000535902043338865
2026-04-07 04:55:00,-0.0011252285799052686,0.00033155136043205857
2026-04-07 05:00:00,-0.0011497619924618618,6.672100425930694e-05
2026-04-07 05:05:00,-0.0008074440314782549,-0.001309569226577878
2026-04-07 05:10:00,-0.0005792439198692989,-0.0015194922452792525
2026-04-07 05:15:00,0.0009108753322841778,-0.0011150955688208342
2026-04-07 05:20:00,0.0006933648281020055,-0.0008225675555877388
2026-04-07 05:25:00,0.0011904237957836017,-1.76998019014718e-05
2026-04-07 05:30:00,0.0003873550157109662,0.0003820323618128896
2026-04-07 05:35:00,0.0005143296880536496,0.0005535852396860719
2026-04-07 05:40:00,0.00034416225869193795,0.00046161070349626243
2026-04-07 05:45:00,0.0003721498580713245,-0.0002978216507472098
2026-04-07 05:50:00,0.0001333812360382325,-1.995662387344055e-05
2026-04-07 05:55:00,-0.0007121166623189623,-9.580086771165952e-05
2026-04-07 06:00:00,-4.086518039869702e-05,-0.00027172561385668814
2026-04-07 06:05:00,0.000217244246838888,0.00018799485405907035
2026-04-07 06:10:00,0.0008648007302483052,-0.00033019788679666817
2026-04-07 06:15:00,0.0021292169370372704,-0.0002780335780698806
2026-04-07 06:20:00,0.0019359051887875012,8.554831583751366e-05
2026-04-07 06:25:00,0.002544883100906503,-1.9040771803702228e-05
2026-04-07 06:30:00,0.00043345221760660024,0.00013448510435409844
2026-04-07 06:35:00,0.0007231224612880283,9.737094660522416e-05
2026-04-07 06:40:00,-0.00040331318029274144,-0.0014070253819227219
2026-04-07 06:45:00,-0.000980900424968567,-0.000951790192630142
2026-04-07 06:50:00,-0.0014166953448402353,-0.0007706053438596427
2026-04-07 06:55:00,-0.0009918122638481464,-0.0005245681386440992
2026-04-07 07:00:00,-0.00042528422729226634,-0.0003471894306130707
2026-04-07 07:05:00,-0.0018942066822251746,3.7398400309029967e-05
2026-04-07 07:10:00,-0.004971712020553909,0.00039511985960416496
2026-04-07 07:15:00,-0.00492324325510296,0.0006064603803679347
2026-04-07 07:20:00,-0.001505451892889198,0.0004762715252581984
2026-04-07 07:25:00,-0.0002547413202034221,9.195181519316975e-06
2026-04-07 07:30:00,0.0009451776148470259,-1.0287799341313075e-05
2026-04-07 07:35:00,-0.00011855096250279473,-0.0008397914352826774
2026-04-07 07:40:00,0.002484194734108769,5.581249570241198e-05
2026-04-07 07:45:00,0.001988858312202524,-0.00015399408584926277
2026-04-07 07:50:00,0.0009996984501299266,0.0007373038679361343
2026-04-07 07:55:00,0.0008783411972785871,5.4313422879204154e-05
2026-04-07 08:00:00,-0.0006115352092468385,0.00044558997615240514
2026-04-07 08:05:00,-0.00029721970570051326,9.86510785878636e-05
2026-04-07 08:10:00,-0.001154058278837411,-0.0003088873054366559
2026-04-07 08:15:00,0.00023690660390940366,0.00032741614268161356
2026-04-07 08:20:00,0.0007622558835596038,0.00126494315918535
2026-04-07 08:25:00,0.0023089356127794503,0.0007677237736061215
2026-04-07 08:30:00,0.0015643276313674903,0.0004885085509158671
2026-04-07 08:35:00,0.0016817967786071364,0.00015781246474944055
2026-04-07 08:40:00,0.0004534138811589372,0.0008401534287258983
2026-04-07 08:45:00,0.0001375953494946458,0.00028041403857059777
2026-04-07 08:50:00,0.0002234531251925631,-9.322209371021017e-05
2026-04-07 08:55:00,-0.0006232283860896359,-9.630910062696785e-05
2026-04-07 09:00:00,9.028666020682863e-05,-0.00024341441167052835
2026-04-07 09:05:00,-0.0014253698861121933,-0.00025653879856690764
2026-04-07 09:10:00,-0.0024041396337644017,-0.0001446945097995922
2026-04-07 09:15:00,-0.0019020411789814062,3.803997242357582e-05
2026-04-07 09:20:00,-0.0004884898337387256,-0.00024868393666110933
2026-04-07 09:25:00,0.000525659294407177,0.00028837687568739057
2026-04-07 09:30:00,6.46101263335197e-06,0.00021820644906256348
2026-04-07 09:35:00,-0.0013397291960419722,0.00015955035632941872
2026-04-07 09:40:00,0.00077075443016561,0.00017880018276628107
2026-04-07 09:45:00,0.0015064295096092195,8.652073302073404e-05
2026-04-07 09:50:00,0.002559431735567941,0.00014200985606294125
2026-04-07 09:55:00,0.00361117858724036,0.0007919318159110844
2026-04-07 10:00:00,0.0023304901890046636,0.0012535288697108626
2026-04-07 10:05:00,0.006808956331497029,6.399021367542446e-05
2026-04-07 10:10:00,0.002978362519028721,-0.00033829433959908783
2026-04-07 10:15:00,0.005099502492807773,-0.0008109635673463345
2026-04-07 10:20:00,-0.0004207329571777052,-0.0007891327259130776
2026-04-07 10:25:00,0.0012435314472369896,-0.0008341668290086091
2026-04-07 10:30:00,-0.0006127902538182184,-0.001344721531495452
2026-04-07 10:35:00,0.0007281618506560505,-0.0015436947578564286
2026-04-07 10:40:00,2.5623560009790936e-05,-0.0011765679810196161
2026-04-07 10:45:00,0.0002114230379959281,-0.0014253612607717514
2026-04-07 10:50:00,0.0002923967268131378,-0.001115048653446138
2026-04-07 10:55:00,0.00048245446437711337,-0.0016968133859336376
2026-04-07 11:00:00,0.0015405430366026707,-0.0009601443307474256
2026-04-07 11:05:00,0.0017121119549408093,0.0006607784307561815
2026-04-07 11:10:00,0.0002902144406320417,0.0006755678914487362
2026-04-07 11:15:00,-0.0015704385304999846,0.000669894739985466
2026-04-07 11:20:00,-0.003775655272855616,4.3327723687980324e-05
2026-04-07 11:25:00,-0.00409639487668656,1.8973767510033213e-05
2026-04-07 11:30:00,-0.0034075300167053513,-0.000377688673324883
2026-04-07 11:35:00,-0.0012324653431452504,-0.0006418444099836051
2026-04-07 11:40:00,0.0009721669809223954,-0.0001911991712404415
2026-04-07 11:45:00,0.0016506688312958318,-0.00021025708701927215
2026-04-07 11:50:00,0.0007148437386383932,-0.00042871158802881837
2026-04-07 11:55:00,0.0008814135705019766,0.00017390189168509096
2026-04-07 12:00:00,0.0005154093608510379,0.0007778525468893349
2026-04-07 12:05:00,-0.00036163850453263535,-0.00017410989676136523
2026-04-07 12:10:00,-0.0016993412188028856,-0.0004299323773011565
2026-04-07 12:15:00,-0.0020310963662790726,-0.0002432187757221982
2026-04-07 12:20:00,-0.001805868598131255,-0.00034056720323860645
2026-04-07 12:25:00,-0.001273186524459291,-0.000525890791323036
2026-04-07 12:30:00,-0.0036423188390575234,-0.00038995943032205105
2026-04-07 12:35:00,-0.0017038886680644794,9.601114470569883e-06
2026-04-07 12:40:00,-0.00232764482693959,0.00028801136068068445
2026-04-07 12:45:00,0.0008360943919587527,0.0003913485852535814
2026-04-07 12:50:00,-0.0010314684726466794,0.0009693686151877046
2026-04-07 12:55:00,-0.0036915193070843344,0.0010208897292613983
2026-04-07 13:00:00,-0.003046834490779915,0.0010958397760987282
2026-04-07 13:05:00,-0.0013618777512363067,0.0005312098655849695
2026-04-07 13:10:00,0.002773143885107743,3.985195144196041e-05
2026-04-07 13:15:00,0.0019849392305726354,3.6928602639818564e-05
2026-04-07 13:20:00,0.001983035165830316,0.0009667086414992809
2026-04-07 13:25:00,0.0034626192381814747,0.0007432825514115393
2026-04-07 13:30:00,0.002311508944409013,0.001240578363649547
2026-04-07 13:35:00,0.0009964844683629792,0.00047286099288612604
2026-04-07 13:40:00,-0.0006885612238853867,9.655000758357346e-05
2026-04-07 13:45:00,-0.0004850597405390289,7.694126543356106e-05
2026-04-07 13:50:00,-0.0004251025248134255,-0.0010103469248861074
2026-04-07 13:55:00,-0.0011379154618840204,-0.0015291061718016863
2026-04-07 14:00:00,-8.372880887819178e-05,-0.001674154307693243
2026-04-07 14:05:00,0.002359397174915401,-0.0011557061225175858
2026-04-07 14:10:00,0.0023838425036633026,-0.0011672164546325803
2026-04-07 14:15:00,0.0007018169189851875,-0.0004928358248434961
2026-04-07 14:20:00,-0.0009452353664496371,-0.0001610527979210019
2026-04-07 14:25:00,-0.0020165622313985665,-0.00033676408929750323
2026-04-07 14:30:00,-0.0025456266049435072,-0.00019264023285359144
2026-04-07 14:35:00,-0.0019060462620537066,-0.000996370567008853
2026-04-07 14:40:00,-0.0009861626506477705,-0.0007595307542942464
2026-04-07 14:45:00,0.001328401105881838,-0.0010842436458915472
2026-04-07 14:50:00,0.00022986258829860162,-0.0010910718701779842
2026-04-07 14:55:00,0.001007636854760463,-0.00040536769665777683
2026-04-07 15:00:00,-0.0009585070376036953,0.00030749646248295903
2026-04-07 15:05:00,0.0007515181018646899,0.0012861887225881219
2026-04-07 15:10:00,0.0007448693978773235,0.0008500813273712993
2026-04-07 15:15:00,-0.0009249918378291255,0.0005775511963292956
2026-04-07 15:20:00,-0.0025962038674851584,-5.636663263430819e-05
2026-04-07 15:25:00,-0.004561626865354995,-0.0005274066352285445
2026-04-07 15:30:00,0.00024316214192943164,-0.00023124660947360098
2026-04-07 15:35:00,0.001217272513924783,0.0008271316764876246
2026-04-07 15:40:00,0.0009027925774027779,4.0887942304834723e-05
2026-04-07 15:45:00,-0.005034523144688663,0.0005092758219689131
2026-04-07 15:50:00,-0.008530511645060912,0.0010297623230144382
2026-04-07 15:55:00,-0.004502664736151019,0.001266097417101264
2026-04-07 16:00:00,-0.0017466421628125062,0.0014886717544868588
2026-04-07 16:05:00,0.006296994197565908,-2.9837459806003608e-05
2026-04-07 16:10:00,0.004941915691157206,-7.750652002869174e-05
2026-04-07 16:15:00,0.008039069031944734,-0.0010356031125411391
2026-04-07 16:20:00,0.002697669250656176,0.0004946508561260998
2026-04-07 16:25:00,0.00033576765194176517,0.0002620443992782384
2026-04-07 16:30:00,-0.00096747777510231,-0.00027515520923770964
2026-04-07 16:35:00,-0.003395859372044896,0.00024917098926380277
2026-04-07 16:40:00,-0.0029957564593061647,-0.00016066005628090352
2026-04-07 16:45:00,-0.004702350025542756,0.0006105747306719422
2026-04-07 16:50:00,-0.0009230484544087147,0.00038655256503261626
2026-04-07 16:55:00,0.002072123999335318,0.00011882201215485111
2026-04-07 17:00:00,0.0049496833966991005,-6.721696991007775e-05
2026-04-07 17:05:00,0.002458854241025321,0.00038772926200181246
2026-04-07 17:10:00,0.002293514836370747,-0.0002855397469829768
2026-04-07 17:15:00,-0.0008777724078221638,-0.00011017412907676771
2026-04-07 17:20:00,-0.0003444356456050457,-8.160922152455896e-05
2026-04-07 17:25:00,-0.0015377521098827174,0.00018077596905641258
2026-04-07 17:30:00,0.0012927248931173807,0.000764927826821804
2026-04-07 17:35:00,0.0018843334907963083,0.0005400847876444459
2026-04-07 17:40:00,0.002261719655342276,0.0011190351797267795
2026-04-07 17:45:00,0.0020721835659891497,0.0007973646279424429
2026-04-07 17:50:00,6.017131635083217e-05,0.0009723705588839948
2026-04-07 17:55:00,0.0005453148147314124,0.0007359457085840404
2026-04-07 18:00:00,-0.0008627091316970592,0.0015038555720821023
2026-04-07 18:05:00,0.0009643958292571142,0.00023515941575169563
2026-04-07 18:10:00,0.0008838945136826482,0.0003678904613479972
2026-04-07 18:15:00,0.0004293015544405421,-9.462931484449655e-05
2026-04-07 18:20:00,1.5027763792474502e-05,0.0001465330133214593
2026-04-07 18:25:00,-0.00041396011345540273,-0.00012071020319126546
2026-04-07 18:30:00,-0.00027473176265147004,-5.3828647651243955e-05
2026-04-07 18:35:00,0.00045287377078828683,-0.0002740279887802899
2026-04-07 18:40:00,-0.00095726855256828,-0.0003113820857834071
2026-04-07 18:45:00,0.0015915373059343096,-0.0003004841273650527
2026-04-07 18:50:00,0.0014773886149370696,-0.00031658459920436144
2026-04-07 18:55:00,0.0024085931675923433,-0.0008320046472363174
2026-04-07 19:00:00,-0.0019586795798343104,-0.0005713024875149131
2026-04-07 19:05:00,-0.0018272209458007893,-4.3965956137981266e-05
2026-04-07 19:10:00,-0.0013955479789835579,-0.0004638059763237834
2026-04-07 19:15:00,0.0033700670750178574,-8.441557292826474e-05
2026-04-07 19:20:00,0.004416493394931109,-0.0003010059881489724
2026-04-07 19:25:00,0.002320552059714487,-0.0003191489086020738
2026-04-07 19:30:00,0.001208482624614149,-0.00037208839785307646
2026-04-07 19:35:00,-0.00045531160238709845,-0.0005117253167554736
2026-04-07 19:40:00,0.0007509362987700996,-0.0004910932620987296
2026-04-07 19:45:00,5.771395044007477e-05,-0.00013449245307128876
2026-04-07 19:50:00,0.0004061564827111397,-0.0002897437079809606
2026-04-07 19:55:00,0.0017243759821745641,-0.0002012910699704662
2026-04-07 20:00:00,0.0013948091020719033,-0.0002109030756400898
2026-04-07 20:05:00,-0.00010259238132270809,0.0004832679405808449
2026-04-07 20:10:00,-0.000493290933128776,-0.00018518326396588236
2026-04-07 20:15:00,-0.0003992335622697851,-0.0006713508046232164
2026-04-07 20:20:00,0.00034620711224242484,-0.0007576178759336472
2026-04-07 20:25:00,-0.00041874079275316944,-0.0004639822000171989
2026-04-07 20:30:00,-0.0019429331140798922,5.4278021707432345e-05
2026-04-07 20:35:00,-0.003268092168001502,0.0002856796490959823
2026-04-07 20:40:00,-0.003557816062260244,-7.517377525800839e-05
2026-04-07 20:45:00,-0.0018030987338129023,-0.00033357192296534777
2026-04-07 20:50:00,-0.0005532290058827272,0.00016398185107391328
2026-04-07 20:55:00,0.0010652470097483047,0.00021266799012664706
2026-04-07 21:00:00,0.005292974385024962,-0.0017844721442088485
2026-04-07 21:05:00,0.00570412672528775,0.0018653295701369643
2026-04-07 21:10:00,0.004047008913182992,0.0015891032526269555
2026-04-07 21:15:00,-0.0009513530834475148,0.0006811218336224556
2026-04-07 21:20:00,-0.0006677554385916551,0.00026967047597281635
2026-04-07 21:25:00,-0.00017496730076338451,-0.001541179371997714
2026-04-07 21:30:00,0.00462454168985893,-0.0012628280092030764
2026-04-07 21:35:00,0.0031067109007008042,-0.0003136254963465035
2026-04-07 21:40:00,0.0035700934275624263,0.00048144490574486554
2026-04-07 21:45:00,-0.0003633122645094744,2.4347893486265093e-05
2026-04-07 21:50:00,0.0015263770648097363,-0.00046553584979847074
2026-04-07 21:55:00,0.0013132089867955443,-0.000497498142067343
2026-04-07 22:00:00,0.00030595594473048493,-0.0004442961362656206
2026-04-07 22:05:00,-0.0002081983415376243,0.0006223758682608604
2026-04-07 22:10:00,0.0006559583648595435,-0.0004229831392876804
2026-04-07 22:15:00,0.0007390073005382192,-0.0003277464129496366
2026-04-07 22:20:00,0.0003144052879964221,-0.0004697187396232039
2026-04-07 22:25:00,-0.0008938230209913911,-0.0002231353719253093
2026-04-07 22:30:00,0.00018891133004039773,6.223895616130903e-05
2026-04-07 22:35:00,0.0003015662353629267,0.00041260651778429747
2026-04-07 22:40:00,-0.000316532674020209,-0.0005371780134737492
2026-04-07 22:45:00,0.0067497435062744415,0.00040854502003639936
2026-04-07 22:50:00,0.007505535318566459,-0.000526073738001287
2026-04-07 22:55:00,0.005449893451846322,0.0007578674121759832
2026-04-08 00:00:00,-0.0027274087541027114,0.0008627643110230565
2026-04-08 00:05:00,-0.003485563577735107,0.0002646681386977434
2026-04-08 00:10:00,0.0007097727124207864,0.0002137477567885071
2026-04-08 00:15:00,0.006359422409660809,0.0006557187298312783
2026-04-08 00:20:00,0.010087620261517216,0.0012135313590988517
2026-04-08 00:25:00,0.007317547137891012,0.0011526902671903372
2026-04-08 00:30:00,0.0026954787891639853,0.0016255438094958663
2026-04-08 00:35:00,0.0036968078020596096,0.0008838271023705602
2026-04-08 00:40:00,0.010248393117599619,-0.00017443165415897965
2026-04-08 00:45:00,0.007492281928643152,-0.0009009913192130625
2026-04-08 00:50:00,0.004032276118971723,-0.00015008986520115286
2026-04-08 00:55:00,-0.0002199635616406681,0.000720611831638962
2026-04-08 01:00:00,0.003024797530525092,0.0009876078693196177
2026-04-08 01:05:00,0.0011917863670038997,0.0031737135723233223
2026-04-08 01:10:00,-0.0007868694939752174,0.0033686410170048475
2026-04-08 01:15:00,-0.003397041448167215,0.003335638204589486
2026-04-08 01:20:00,-0.001802764033371318,0.0021934506949037313
2026-04-08 01:25:00,-0.00027835537852105574,0.002313388744369149
2026-04-08 01:30:00,0.000906452506576727,0.001620292430743575
2026-04-08 01:35:00,0.001732209976484711,0.0014946849551051855
2026-04-08 01:40:00,0.0045002589333567045,0.0005540744750760496
2026-04-08 01:45:00,0.00673311169020252,0.0008458442171104252
2026-04-08 01:50:00,0.00434017134996445,0.0001431970449630171
2026-04-08 01:55:00,-7.445939380978928e-05,0.00013975173351354897
2026-04-08 02:00:00,-0.0022607145548150243,-0.0005674206768162549
2026-04-08 02:05:00,-0.002339613014333608,-4.653024370782077e-05
2026-04-08 02:10:00,-0.0023980727517525224,0.00011880894453497604
2026-04-08 02:15:00,-0.0036249007301414338,-3.68373075616546e-05
2026-04-08 02:20:00,-0.0015254521280105848,-0.0007993989856913686
2026-04-08 02:25:00,-0.0019674791283463833,-0.0008841088856570423
2026-04-08 02:30:00,-0.00011835707929463979,-0.0013302734587341547
2026-04-08 02:35:00,0.00021154671839340722,-0.0009786877781152725
2026-04-08 02:40:00,0.0016502047818782728,-0.0002663019113242626
2026-04-08 02:45:00,-0.0016709518127306922,-0.0009300120873376727
2026-04-08 02:50:00,-0.0006160988691270575,-0.001185965957120061
2026-04-08 02:55:00,-0.0002509876168410585,-0.0006213021115399897
2026-04-08 03:00:00,-0.0008240335240294883,-0.0009666504338383675
2026-04-08 03:05:00,-0.003629609592524119,-0.0014132002834230661
2026-04-08 03:10:00,-0.005629516283987002,-0.001004200428724289
2026-04-08 03:15:00,-0.0008101289464370609,-0.0005097868852317333
2026-04-08 03:20:00,-0.0006958275628452526,-0.0009142691269516945
2026-04-08 03:25:00,0.0015322191089506276,-0.0011819213395938277
2026-04-08 03:30:00,0.001939880968505392,-0.0035465192049741745
2026-04-08 03:35:00,0.002466544208420629,-0.0026242786552757025
2026-04-08 03:40:00,0.0021453274545102374,-0.0015977296279743314
2026-04-08 03:45:00,0.001687048771879418,-0.002166639780625701
2026-04-08 03:50:00,0.0013213115314130164,-0.0005162193556316197
2026-04-08 03:55:00,0.0005236679316968917,-0.0007890709093771875
2026-04-08 04:00:00,-0.0009657572338674925,-0.0009777047671377659
2026-04-08 04:05:00,-0.001348337687536727,-0.0003409240744076669
2026-04-08 04:10:00,-0.0003968818850577094,-5.2635939937317744e-05
2026-04-08 04:15:00,0.000492341196155266,-0.0001273132802452892
2026-04-08 04:20:00,0.0008208534634910336,-9.078054426936433e-05
2026-04-08 04:25:00,-0.0010563483770891224,-7.613608431711327e-06
2026-04-08 04:30:00,-0.0017939536325428662,-0.0002686564112082124
2026-04-08 04:35:00,-0.0020544391830199515,0.0005849367007613182
2026-04-08 04:40:00,-0.0005827166413947538,0.0005131562356837094
2026-04-08 04:45:00,-0.0005390224261851984,0.00014078734966460615
2026-04-08 04:50:00,-0.0003206069074526141,0.0004755399713758379
2026-04-08 04:55:00,-0.0010539142639487409,0.0004271968500688672
2026-04-08 05:00:00,-0.0011706164152425202,0.0002710048865992576
2026-04-08 05:05:00,-0.0004456894201716466,-0.0008368390845134854
2026-04-08 05:10:00,0.0008061568317803136,-0.0005206261412240565
2026-04-08 05:15:00,0.0004438290643360432,-0.000645794440060854
2026-04-08 05:20:00,-0.000591782574687727,-0.0008201756281778216
2026-04-08 05:25:00,-0.0003977894621574052,0.00030394759960472584
2026-04-08 05:30:00,-0.0002521040807330621,0.00032190835918299854
2026-04-08 05:35:00,0.0005959488160502957,-0.0009990395046770573
2026-04-08 05:40:00,-0.0005750958651589144,-0.000988698797300458
2026-04-08 05:45:00,-0.00024174624264894362,-0.0008716987213119864
2026-04-08 05:50:00,-0.0012068523154269428,-0.0005258431774564087
2026-04-08 05:55:00,-3.54333868006762e-05,-0.0005024071433581412
2026-04-08 06:00:00,-0.0006108780258244906,-0.0007902047364041209
2026-04-08 06:05:00,-0.0006780601897364846,-0.0004117852367926389
2026-04-08 06:10:00,0.0009500139258200591,6.225336255738512e-05
2026-04-08 06:15:00,0.0013401070131138226,0.000210769081604667
2026-04-08 06:20:00,0.0026969980478206423,1.8074035779136466e-06
2026-04-08 06:25:00,0.00018947813406100522,-1.6872652849997394e-05
2026-04-08 06:30:00,-0.0005499977222083174,0.0004853050922974944
2026-04-08 06:35:00,-0.0007954207507783195,0.0004133771581109613
2026-04-08 06:40:00,0.00013740124307304313,-2.5776926122489385e-05
2026-04-08 06:45:00,0.0015700257469237755,9.394234075443819e-05
2026-04-08 06:50:00,0.0015881295363229242,-0.00023405587126035243
2026-04-08 06:55:00,0.00121081257810296,1.0315213330613915e-05
2026-04-08 07:00:00,0.0007632992784412096,0.00016361064626835287
2026-04-08 07:05:00,0.0006507581145616115,0.00047412357525900006
2026-04-08 07:10:00,0.0014647451002147704,-9.31581889744848e-05
2026-04-08 07:15:00,0.0025663986312540743,-7.617291703354567e-05
2026-04-08 07:20:00,0.0018148938368405254,0.00023399124620482326
2026-04-08 07:25:00,0.0012055056335302794,-0.0005334572633728385
2026-04-08 07:30:00,0.0018977185429456256,-0.0002494193031452596
2026-04-08 07:35:00,0.0033883874631150945,-1.7652633687248453e-05
2026-04-08 07:40:00,0.0010404210705630135,-0.0002607043134048581
2026-04-08 07:45:00,-0.0001117743979843766,0.0011858881916850805
2026-04-08 07:50:00,-0.002426210879262314,0.0005860268720425665
2026-04-08 07:55:00,-0.00028176017423398036,0.00012011811486445367
2026-04-08 08:00:00,-0.00021323396297390218,-0.0004239248519297689
2026-04-08 08:05:00,0.0018615867374389694,0.00012554605200421065
2026-04-08 08:10:00,0.0020616430063142843,0.00018884072778746486
2026-04-08 08:15:00,0.0006126664843684182,0.0002145648468285799
2026-04-08 08:20:00,-0.0004076375186432557,0.0004274804668966681
2026-04-08 08:25:00,-1.6542460359758593e-05,0.000440411880845204
2026-04-08 08:30:00,-3.3107512511065806e-05,0.0014740010956302285
2026-04-08 08:35:00,-0.0017897763829068936,0.0010530907893553376
2026-04-08 08:40:00,-0.003179159010340271,0.0002984632446896285
2026-04-08 08:45:00,-0.004032819509413699,0.00032362065394409
2026-04-08 08:50:00,-0.0016351400982159703,0.00019512863946147263
2026-04-08 08:55:00,-0.001768960200845271,-0.00022833836555946618
2026-04-08 09:00:00,-0.00014544366576885182,0.00010127812856808305
2026-04-08 09:05:00,0.00010383202479680165,-0.0025293417274951935
2026-04-08 09:10:00,0.0012958830534746113,-0.0014194537652656436
2026-04-08 09:15:00,-0.0004863510053603193,-0.001630506943911314
2026-04-08 09:20:00,-0.0010512779395828176,0.0003035165136680007
2026-04-08 09:25:00,-0.0019486137358661892,0.0008415046031586826
2026-04-08 09:30:00,0.0010555384537322965,9.05780543689616e-05
2026-04-08 09:35:00,0.001773650341498012,0.001269201748073101
2026-04-08 09:40:00,0.0008916815438038128,0.0008240061579272151
2026-04-08 09:45:00,0.0003841222594171967,0.0007020537159405649
2026-04-08 09:50:00,-0.0007431379444060582,0.0006323727429844439
2026-04-08 09:55:00,0.0004071238418941192,0.00027678077458404005
2026-04-08 10:00:00,0.00044207702199727805,-0.0012927385978400707
2026-04-08 10:05:00,-0.001550326689550019,-0.00040876466664485633
2026-04-08 10:10:00,-0.0015026111470355374,-0.0009449078352190554
2026-04-08 10:15:00,-0.0034359044935872163,-0.0004828988458029926
2026-04-08 10:20:00,-0.0010987365636143664,-0.0006298815715126693
2026-04-08 10:25:00,-0.0030996344004119436,-0.00042673811549320817
2026-04-08 10:30:00,-0.0014877699326767413,-0.00030837388476356864
2026-04-08 10:35:00,-0.0012416926947977913,6.349023897200823e-05
2026-04-08 10:40:00,0.00018775111767155295,0.00034738078829832375
2026-04-08 10:45:00,0.0002210133680389248,0.00010963801469188184
2026-04-08 10:50:00,8.755234906487885e-05,0.0005570924840867519
2026-04-08 10:55:00,0.001361183960595369,0.000821692927274853
2026-04-08 11:00:00,0.00015634788060481242,0.0010675142984837294
2026-04-08 11:05:00,0.001047948419342859,0.0010928702540695667
2026-04-08 11:10:00,-5.6245019987244405e-05,0.0008867845172062516
2026-04-08 11:15:00,0.00013548172632837918,0.0011307020904496312
2026-04-08 11:20:00,-0.0016380327267739858,0.0010948916897177696
2026-04-08 11:25:00,-0.003629275656207298,0.00016595808847341686
2026-04-08 11:30:00,-0.0025167010710482884,-0.000379111006623134
2026-04-08 11:35:00,-0.0021171585378656488,0.0003660461225081235
2026-04-08 11:40:00,6.272148526598187e-05,0.0003987675881944597
2026-04-08 11:45:00,0.0006516944285195336,-0.0003222622617613524
2026-04-08 11:50:00,0.0007500786471670295,-0.0003016983100678772
2026-04-08 11:55:00,-0.00011499239494838775,0.0010458873584866524
2026-04-08 12:00:00,-0.0025590861474693583,0.0014267662772908807
2026-04-08 12:05:00,-0.001931705225478808,0.00011038794764317572
2026-04-08 12:10:00,-9.200343764703689e-05,0.00030447763856500387
2026-04-08 12:15:00,0.0013660789910492355,-2.2782833184464835e-05
2026-04-08 12:20:00,0.0018878442480616542,0.00037121211062185466
2026-04-08 12:25:00,0.0019845587007107923,0.0005841789534315467
2026-04-08 12:30:00,0.0020696179848496143,0.0008262412738986313
2026-04-08 12:35:00,0.000768333026632817,0.0007813250995241106
2026-04-08 12:40:00,-0.0018444659256111606,0.00048550855717621744
2026-04-08 12:45:00,-0.0022766064600947544,0.00038599042454734445
2026-04-08 12:50:00,-0.0002463033634949596,-0.00042839450179599226
2026-04-08 12:55:00,0.0009550350609348612,-0.0003749673196580261
2026-04-08 13:00:00,0.0005184358405454503,-3.757977901841514e-05
2026-04-08 13:05:00,-0.000900149285053331,0.0005350587307475507
2026-04-08 13:10:00,0.0005450268524089807,0.0007618428207933903
2026-04-08 13:15:00,0.0006288697370955276,0.0003648056590463966
2026-04-08 13:20:00,-0.0006291234177666638,0.0004195934743620455
2026-04-08 13:25:00,8.350591222949788e-06,0.0008910057949833572
2026-04-08 13:30:00,0.001754981330330807,0.000671414949465543
2026-04-08 13:35:00,0.0028998689388970433,0.0005459640524350107
2026-04-08 13:40:00,0.0018208501703558255,0.0002751471474766731
2026-04-08 13:45:00,0.0015895522081414981,0.0005362321971915662
2026-04-08 13:50:00,0.0008085422507839723,0.0004186210280749947
2026-04-08 13:55:00,0.001266173555778849,-0.00023739392054267228
2026-04-08 14:00:00,-0.002192284124358679,-0.000794490275438875
2026-04-08 14:05:00,-0.00594175337021241,-0.0004300218424759805
2026-04-08 14:10:00,-0.004271416205519074,-0.0003785364096984267
2026-04-08 14:15:00,6.258422796001639e-05,-0.00022085830278228968
2026-04-08 14:20:00,0.005101939913638276,-0.0008387197740375996
2026-04-08 14:25:00,0.0022818881713941863,-0.0012560640461742878
2026-04-08 14:30:00,0.0007840569927299867,0.00038051611045375466
2026-04-08 14:35:00,0.00102518590471945,-0.00013149724691174924
2026-04-08 14:40:00,0.000829624736214285,-5.932423664489761e-05
2026-04-08 14:45:00,0.0010187723737580257,-0.0003301262913737446
2026-04-08 14:50:00,-0.0007896335489920858,-0.0001130226519308053
2026-04-08 14:55:00,-0.0012968520841880604,-8.634910773253068e-05
2026-04-08 15:00:00,-0.001967642924132207,-0.001653839834034443
2026-04-08 15:05:00,5.419003613305051e-05,-0.0008600738947279751
2026-04-08 15:10:00,-0.00027960646615632356,-0.0015425384044647217
2026-04-08 15:15:00,-0.002134597357157375,-0.001308522536419332
2026-04-08 15:20:00,-0.004350788928212168,-0.0009526475332677364
2026-04-08 15:25:00,-0.003614787963734045,-0.0006654494209215045
2026-04-08 15:30:00,0.001115905953406937,-0.0017237995052710176
2026-04-08 15:35:00,-0.0015711810969953888,0.0003169035189785063
2026-04-08 15:40:00,0.0004920780765438337,-0.0007457589963451028
2026-04-08 15:45:00,-0.00030915259015351637,-0.0004387416993267834
2026-04-08 15:50:00,0.0035933207573908277,-0.00032607573666609824
2026-04-08 15:55:00,0.0008181979386279181,-0.00020194666285533458
2026-04-08 16:00:00,-0.0028285839545603153,-7.957232446642593e-05
2026-04-08 16:05:00,-0.0025874805131618217,0.0003825765161309391
2026-04-08 16:10:00,-0.0026663135758226986,-0.0004693852970376611
2026-04-08 16:15:00,-0.0038435225474735546,1.5681474906159565e-05
2026-04-08 16:20:00,-0.002755897347396896,0.0004033366567455232
2026-04-08 16:25:00,-0.0015091015945341013,7.866167288739234e-05
2026-04-08 16:30:00,0.00018926807987185157,-2.7094463803223334e-05
2026-04-08 16:35:00,-0.001906722560999441,0.0006113781710155308
2026-04-08 16:40:00,-0.005157337245162097,0.0005211781244724989
2026-04-08 16:45:00,-0.001831093737418854,0.00034777080873027444
2026-04-08 16:50:00,-0.0021233219416458837,0.00035985885187983513
2026-04-08 16:55:00,0.0014178114913825368,0.0011231045937165618
2026-04-08 17:00:00,0.0016355161045691347,0.001776800723746419
2026-04-08 17:05:00,0.0026955102408603437,0.0003996149462182075
2026-04-08 17:10:00,0.0017189301367164234,0.0013363093603402376
2026-04-08 17:15:00,0.00047941260259420915,0.0010932997101917863
2026-04-08 17:20:00,0.0010887775030248292,-0.0001647921890253201
2026-04-08 17:25:00,0.0010139620485727363,0.00042661986663006246
2026-04-08 17:30:00,0.0005191044199452932,0.0007238298421725631
2026-04-08 17:35:00,-0.0005169164160410133,0.00010664088040357456
2026-04-08 17:40:00,8.410004546455241e-05,0.00040715347859077156
2026-04-08 17:45:00,-0.0003299258537339256,0.0010465702507644892
2026-04-08 17:50:00,0.00011349234884505677,0.0006545010837726295
2026-04-08 17:55:00,-0.0005825379681905218,0.0007343891775235534
2026-04-08 18:00:00,-0.0020787228814480585,0.0006712340982630849
2026-04-08 18:05:00,-0.0012364996023794816,-0.0001494353055022657
2026-04-08 18:10:00,-0.000542885893670686,5.645801138598472e-06
2026-04-08 18:15:00,0.0017549955579276855,0.00012199120101286098
2026-04-08 18:20:00,0.0014550411744789216,0.00040588705451227725
2026-04-08 18:25:00,0.0015163961897837197,0.0006609360571019351
2026-04-08 18:30:00,0.0009645664454609459,0.0008132150396704674
2026-04-08 18:35:00,0.0003718311677278763,6.026707706041634e-05
2026-04-08 18:40:00,0.00042653197587938507,0.0004904971574433148
2026-04-08 18:45:00,-0.00013023568476100422,0.00042973438394255936
2026-04-08 18:50:00,-0.0006261004234264789,4.988191358279437e-05
2026-04-08 18:55:00,0.00017014179574204036,0.0003291088214609772
2026-04-08 19:00:00,-0.0010424965371065298,0.0002376789489062503
2026-04-08 19:05:00,-0.0019796258641058273,1.245033217855962e-05
2026-04-08 19:10:00,-0.0021404324779172867,1.961256202775985e-05
2026-04-08 19:15:00,-0.002256857317016525,5.095178494229913e-05
2026-04-08 19:20:00,-0.002403533084009979,-2.030451832979452e-05
2026-04-08 19:25:00,-0.0022462780457637166,-1.784708547347691e-05
2026-04-08 19:30:00,-0.0012295182913373282,7.355049456236884e-05
2026-04-08 19:35:00,-0.00014144017790052033,0.0005769585841335356
2026-04-08 19:40:00,-0.0012285247218404294,0.0008176770061254501
2026-04-08 19:45:00,0.0003017199112669289,0.0010458359029144049
2026-04-08 19:50:00,0.0014008529770972444,0.0012234506430104375
2026-04-08 19:55:00,0.001972926193142044,0.0010363158071413636
2026-04-08 20:00:00,-0.00251147881449576,0.0009530761162750423
2026-04-08 20:05:00,-0.004204225623318791,0.0011993770021945238
2026-04-08 20:10:00,-0.00417834378498938,0.0010175055358558893
2026-04-08 20:15:00,-0.0010347291107546397,0.0007724032620899379
2026-04-08 20:20:00,-0.0016908933129879955,0.001300712814554572
2026-04-08 20:25:00,-0.0031930348636954875,6.133630813565105e-05
2026-04-08 20:30:00,-0.0027878763534392448,0.000449714541900903
2026-04-08 20:35:00,-0.0016682659849855952,0.0007661835406906903
2026-04-08 20:40:00,-0.001053859539034363,0.0011501202825456858
2026-04-08 20:45:00,-0.001704110036362394,0.001505426480434835
2026-04-08 20:50:00,3.1863200661064184e-05,0.0014493933413177729
2026-04-08 20:55:00,0.0024290048568893496,0.0013575764605775476
2026-04-08 21:00:00,0.001946104582053465,0.001465373090468347
2026-04-08 21:05:00,0.0007346961640024574,0.002182042459025979
2026-04-08 21:10:00,-0.0014600928309622674,0.0023713766131550074
2026-04-08 21:15:00,0.0012196947184754947,0.0015878449194133282
2026-04-08 21:20:00,0.0026772812880082597,0.002319177845492959
2026-04-08 21:25:00,0.002795229149601397,0.0017882833490148187
2026-04-08 21:30:00,0.0018891786635020225,0.0014980122214183211
2026-04-08 21:35:00,0.0013877520436125224,-0.00035391547135077417
2026-04-08 21:40:00,0.0020437530915291546,-0.00010279350681230426
2026-04-08 21:45:00,0.0011651895173976357,0.0002703471400309354
2026-04-08 21:50:00,-0.0005117209583165305,6.927007052581757e-05
2026-04-08 21:55:00,-0.0007167420891711629,0.0009551906841807067
2026-04-08 22:00:00,-0.0014805104119233192,0.0004218773392494768
2026-04-08 22:05:00,-0.0006368449942026899,-1.7420696167391725e-05
2026-04-08 22:10:00,-0.0010496111477493741,-0.0001078686400433071
2026-04-08 22:15:00,-0.0001587561984415231,0.00042776225018315017
2026-04-08 22:20:00,-0.0004826643163458044,0.0001253271329915151
2026-04-08 22:25:00,-0.00013127888948538669,-0.00011518456449266523
2026-04-08 22:30:00,-0.000868312986064268,-0.0002761557698249817
2026-04-08 22:35:00,-0.0007435046949222368,0.0010925245005637407
2026-04-08 22:40:00,-0.0007011516331640877,0.0010166052961722016
2026-04-08 22:45:00,0.001814127615556771,-0.000968452135566622
2026-04-08 22:50:00,0.0007138598193545675,-0.0010365262860432267
2026-04-08 22:55:00,-0.0014440986914010523,-0.000466043216874823
2026-04-09 00:00:00,-0.003285626604649039,-0.0004774357075802982
2026-04-09 00:05:00,-0.0021940409346221657,-0.00014636026753578335
2026-04-09 00:10:00,0.0003055339866673279,0.001030496321618557
2026-04-09 00:15:00,0.0009077509398611738,0.001033508568070829
2026-04-09 00:20:00,0.0002885739586275804,0.0008951355121098459
2026-04-09 00:25:00,-0.00014639005337535593,0.0010612636106088758
2026-04-09 00:30:00,-0.00035197381338925027,0.001204117201268673
2026-04-09 00:35:00,0.0006871496920535236,0.0011359769850969315
2026-04-09 00:40:00,0.0009670503810674802,0.0015367056475952268
2026-04-09 00:45:00,-0.0002714861123962464,0.0016683016438037157
2026-04-09 00:50:00,-0.0019715186756457115,0.001391520258039236
2026-04-09 00:55:00,-0.0019010565497250553,0.0014475589850917459
2026-04-09 01:00:00,-0.00023548904925618785,0.001404342008754611
2026-04-09 01:05:00,0.0012461801525471827,0.0004578912630677223
2026-04-09 01:10:00,0.0003333704955519323,0.000524559523910284
2026-04-09 01:15:00,-0.00048600404828036403,0.0005557873519137502
2026-04-09 01:20:00,-0.00013579432273225223,0.00022560913930647075
2026-04-09 01:25:00,0.0006706509810268102,0.00020614475943148136
2026-04-09 01:30:00,0.001467902626858475,0.0005070793558843434
2026-04-09 01:35:00,0.0004985293487766995,0.0004207648744340986
2026-04-09 01:40:00,0.0004348337995896401,0.0001240014680661261
2026-04-09 01:45:00,-0.002644628237261415,4.896392965747509e-06
2026-04-09 01:50:00,-0.0031076606586335487,0.0007453616126440465
2026-04-09 01:55:00,-0.0027117811264023572,0.00128254818264395
2026-04-09 02:00:00,-0.00026144652345294617,0.00126187177374959
2026-04-09 02:05:00,0.0022101288107982953,0.00012142465857323259
2026-04-09 02:10:00,0.000839590456733319,0.000976615585386753
2026-04-09 02:15:00,0.0017798852234118812,0.0006832958897575736
2026-04-09 02:20:00,0.0005751072117998746,0.0011131284991279244
2026-04-09 02:25:00,0.0026395820854094865,0.0011833765311166644
2026-04-09 02:30:00,0.000797583534000168,0.00013309778296388686
2026-04-09 02:35:00,-0.0008383662325961438,-0.00041318577132187784
2026-04-09 02:40:00,-0.0026183357769546944,-0.0010367071954533458
2026-04-09 02:45:00,-0.0006617797024262018,-0.0012528004590421915
2026-04-09 02:50:00,0.0013452897796568664,-0.0012710135197266936
2026-04-09 02:55:00,0.002959445063414279,-0.001740753068588674
2026-04-09 03:00:00,0.0016854025899828429,-0.001662024762481451
2026-04-09 03:05:00,-0.0008931214337142279,-2.3258715373231098e-05
2026-04-09 03:10:00,-0.0033972101733006355,-8.620187145425007e-05
2026-04-09 03:15:00,-0.0006526239740374251,-0.0005239672609604895
2026-04-09 03:20:00,0.0016710354975462138,-0.00011152394290547818
2026-04-09 03:25:00,0.002818738825933309,5.9697686083381996e-05
2026-04-09 03:30:00,0.0009173661431880475,-3.176832979079336e-05
2026-04-09 03:35:00,0.0008598762392839632,-0.0002820181252900511
2026-04-09 03:40:00,0.0020813556859131666,-0.0006840571295469999
2026-04-09 03:45:00,3.599952142074869e-05,-0.000819155597127974
2026-04-09 03:50:00,-0.0002540736488487738,-0.00040029711090028286
2026-04-09 03:55:00,-0.00098191091123212,-0.000604720669798553
2026-04-09 04:00:00,0.0009841905933285489,-0.0012028346536681056
2026-04-09 04:05:00,0.0008720500076400128,-0.00016577180940657854
2026-04-09 04:10:00,0.0005926477983049239,-8.652057294966653e-05
2026-04-09 04:15:00,-0.0002179200072944809,-6.128857785370201e-05
2026-04-09 04:20:00,0.0009220215763345863,-0.0007606662111356854
2026-04-09 04:25:00,0.0014040194470972267,-0.0007789525552652776
2026-04-09 04:30:00,5.501341482450073e-05,-0.0007071333238855004
2026-04-09 04:35:00,-0.0016056274438707163,-0.00047314591938629746
2026-04-09 04:40:00,-0.0028396786675077834,-0.0006873228121548891
2026-04-09 04:45:00,-0.0014885445188159707,-0.0011655514826998115
2026-04-09 04:50:00,-0.001097285705153439,-0.0011331234127283096
2026-04-09 04:55:00,-0.001374063499440581,-0.0004624967696145177
2026-04-09 05:00:00,-0.0023081274115934747,-0.0005979607813060284
2026-04-09 05:05:00,-0.0019794277580906794,-0.0007552058668807149
2026-04-09 05:10:00,5.7290357094785804e-05,-0.0007713946979492903
2026-04-09 05:15:00,0.0011801865894618402,-0.0008948807371780276
2026-04-09 05:20:00,0.0012543045401862685,-0.0007658943650312722
2026-04-09 05:25:00,0.0004115453373145783,-0.0006810546619817615
2026-04-09 05:30:00,-0.0005602027061701875,-0.0006656088517047465
2026-04-09 05:35:00,-0.0006810768065950157,-0.0005106724565848708
2026-04-09 05:40:00,-0.0006216260281703967,-0.0010606491705402732
2026-04-09 05:45:00,0.0008444279926802523,-0.0014600417343899608
2026-04-09 05:50:00,0.00196558488526577,-0.001096116378903389
2026-04-09 05:55:00,0.002117883544881849,-0.0011761077912524343
2026-04-09 06:00:00,0.0010746592382933073,-0.0013587767025455832
2026-04-09 06:05:00,-0.00047249016965800195,-0.0010817283764481544
2026-04-09 06:10:00,-0.0010403612326399525,-0.0012910771183669567
2026-04-09 06:15:00,-0.0009071314288160437,-0.0011991686187684536
2026-04-09 06:20:00,-4.874487252592985e-05,-0.0009668279672041535
2026-04-09 06:25:00,0.0008433901390993981,-0.0010425790678709745
2026-04-09 06:30:00,0.001146493836293061,-0.0012808538740500808
2026-04-09 06:35:00,0.0012877619928577388,-0.0011099802795797586
2026-04-09 06:40:00,-6.35455224262671e-06,-0.000625966174993664
2026-04-09 06:45:00,-0.0003580057213223853,-0.0006249952130019665
2026-04-09 06:50:00,-0.0016841672174550126,-0.0006242005620151758
2026-04-09 06:55:00,-0.0015432330821667506,-0.0007964491960592568
2026-04-09 07:00:00,0.00015677567551541927,-0.0007580533856526017
2026-04-09 07:05:00,0.0009494141048413951,-0.00010455902520334348
2026-04-09 07:10:00,0.0026927497449555915,-3.0077015253482386e-05
2026-04-09 07:15:00,-0.00013346962791338512,-8.83598331711255e-05
2026-04-09 07:20:00,-0.00019277680213392046,0.0002950734051410109
2026-04-09 07:25:00,-0.0005460144258062627,-0.0007600432145409286
2026-04-09 07:30:00,-0.0013229478220342372,-0.0004874418955296278
2026-04-09 07:35:00,-0.0023162249965640314,-0.00015323895786423236
2026-04-09 07:40:00,-0.002581729665775967,1.3562926426402555e-07
2026-04-09 07:45:00,0.0017762483447363309,-0.0003431423392612487
2026-04-09 07:50:00,0.002441216390328904,-0.000808325654361397
2026-04-09 07:55:00,0.0016074753168204836,-0.00020304268400650471
2026-04-09 08:00:00,-0.0011484779693020641,-4.2188465158687904e-05
2026-04-09 08:05:00,-0.001146693103374119,0.0005741768982261419
2026-04-09 08:10:00,-0.0002755048644029756,-3.612173532019369e-05
2026-04-09 08:15:00,0.0005426189125614655,-0.00015467157936654985
2026-04-09 08:20:00,-8.907741257146995e-05,-6.421015132218599e-05
2026-04-09 08:25:00,-0.0010094199237791202,-0.00023364096705336124
2026-04-09 08:30:00,-0.0015396004746204284,0.0005664911586791277
2026-04-09 08:35:00,-0.001392335166384484,-0.00030596458236686885
2026-04-09 08:40:00,-4.880030808784852e-05,-0.0004581632965710014
2026-04-09 08:45:00,0.0007870616807093,-3.2901665690587834e-05
2026-04-09 08:50:00,0.0036761473696316216,-0.0016558208735659719
2026-04-09 08:55:00,0.0023524336272586766,-0.0007928961422294378
2026-04-09 09:00:00,7.421913521099555e-05,0.0001511415175627917
2026-04-09 09:05:00,-0.0025001761027141356,0.0005172201781533659
2026-04-09 09:10:00,-0.0031824034372576193,0.00011687263031490147
2026-04-09 09:15:00,0.0007503640889545693,-0.00022625243582297117
2026-04-09 09:20:00,0.003238438765242435,0.00027295283507555723
2026-04-09 09:25:00,0.0028923572077843573,0.0007961911032907665
2026-04-09 09:30:00,-0.00032212125600672437,0.0009479924337938428
2026-04-09 09:35:00,-0.002415656995607307,0.0015062707243487239
2026-04-09 09:40:00,0.0004424455668310401,0.0013399821473285556
2026-04-09 09:45:00,0.0007330990287410799,0.0008766874088905752
2026-04-09 09:50:00,0.0011058713994529512,0.001074915286153555
2026-04-09 09:55:00,-0.0001651003305749299,0.0012035564286634326
2026-04-09 10:00:00,0.00042774589158511844,0.0014821570366621017
2026-04-09 10:05:00,0.0007408003522115791,0.00020356113964226097
2026-04-09 10:10:00,-0.0005335874352425662,0.0007021233323030174
2026-04-09 10:15:00,0.00046776992076402735,0.0012575853615999222
2026-04-09 10:20:00,0.0005224632887443903,0.0012717189965769649
2026-04-09 10:25:00,0.0018663117205388602,0.0010116606717929244
2026-04-09 10:30:00,0.0010786346801054947,0.0007802294567227364
2026-04-09 10:35:00,3.594897360770233e-05,0.0012945497874170542
2026-04-09 10:40:00,-0.000917908586616889,0.001027443096973002
2026-04-09 10:45:00,-0.0010299653112202378,0.0007502433727495372
2026-04-09 10:50:00,0.0005263986946779653,0.0010931651340797544
2026-04-09 10:55:00,0.001087016395361573,0.0009576574666425586
2026-04-09 11:00:00,0.001015168393628585,0.001328056212514639
2026-04-09 11:05:00,2.1134924299559543e-06,0.0006138240569271147
2026-04-09 11:10:00,-0.00032555799659306217,0.0004958984209224582
2026-04-09 11:15:00,-0.00011838322354407183,0.000475054926937446
2026-04-09 11:20:00,0.00016906492344759272,0.00037344731390476227
2026-04-09 11:25:00,-0.0005562305898916264,0.0006760194664821029
2026-04-09 11:30:00,-0.00024526698279636605,0.0004731824155896902
2026-04-09 11:35:00,-0.0008583001956008474,0.0009903067257255316
2026-04-09 11:40:00,0.00047588179148583265,0.0005560723366215825
2026-04-09 11:45:00,0.0,0.00048178204451687634
2026-04-09 11:50:00,0.00020301434070013613,0.0007213651551865041
2026-04-09 11:55:00,-0.000372226021626787,0.0007153472979553044
2026-04-09 12:00:00,3.5948061398727305e-05,0.0008607777417637408
2026-04-09 12:05:00,0.0020363207100722036,0.00012711256567854434
2026-04-09 12:10:00,0.0023009280415280386,0.00025356924743391573
2026-04-09 12:15:00,0.001975155934752948,0.00011505406291689724
2026-04-09 12:20:00,0.00027007125403422094,0.0002940785198006779
2026-04-09 12:25:00,0.0005000522310627531,0.00017802802904043347
2026-04-09 12:30:00,0.0012443504936907601,0.0003200491482857615
2026-04-09 12:35:00,0.0009826124785323742,0.0003579884651117027
2026-04-09 12:40:00,0.00018560976023174192,0.00012902970775030553
2026-04-09 12:45:00,-0.0008075969370704428,9.811873314902186e-05
2026-04-09 12:50:00,-0.0008897923280546394,8.450918539892882e-05
2026-04-09 12:55:00,-0.00046197902930522616,0.00011064549471484497
2026-04-09 13:00:00,0.0005820415058686024,-9.673105523688719e-05
2026-04-09 13:05:00,0.0006600402800902572,0.0004023689834866673
2026-04-09 13:10:00,0.0013852973066157404,0.00033115362748503685
2026-04-09 13:15:00,0.0004089134762335078,0.00031186945852823555
2026-04-09 13:20:00,0.0010955903588349969,0.0002671465335879475
2026-04-09 13:25:00,0.0011161185507706506,0.00040776212699711323
2026-04-09 13:30:00,0.0022376295104606925,0.0002325922396266833
2026-04-09 13:35:00,0.0015612477159265836,0.00042616596329025924
2026-04-09 13:40:00,0.0011989652474326817,0.00018251503934152424
2026-04-09 13:45:00,-0.0010560929333465197,3.166046008118428e-05
2026-04-09 13:50:00,-0.0022584942524108698,0.00012715709453914315
2026-04-09 13:55:00,-0.002905234619939634,0.0005217463476583362
2026-04-09 14:00:00,-0.0023665807015920137,0.00025917793391272426
2026-04-09 14:05:00,-0.001119560051874302,0.0001469367416575551
2026-04-09 14:10:00,-0.001029381765793147,0.0002002016408368945
2026-04-09 14:15:00,0.0005610678153331605,0.0004396412114147097
2026-04-09 14:20:00,0.00031638694809110746,0.00036796502536162734
2026-04-09 14:25:00,0.0011874920322227922,0.0004456729511730373
2026-04-09 14:30:00,0.00011807943807795596,5.6434011639794335e-05
2026-04-09 14:35:00,-3.374317228299617e-05,-0.0007070153369568288
2026-04-09 14:40:00,0.0001517623404652113,-0.0005391885642893612
2026-04-09 14:45:00,8.433392020812391e-05,-0.0004858595202676952
2026-04-09 14:50:00,0.0016647108407248368,-0.0006855473038740456
2026-04-09 14:55:00,0.0021916605700074143,-0.0008384133689105511
2026-04-09 15:00:00,0.0022280541759762684,-0.0007847394444979727
2026-04-09 15:05:00,0.0010164281320825808,-0.0006765565485693514
2026-04-09 15:10:00,-0.00014722336755923493,-0.0009255990735255182
2026-04-09 15:15:00,0.0006855278201616244,-0.0009138008463196456
2026-04-09 15:20:00,0.003370170385865734,-0.000854587706271559
2026-04-09 15:25:00,0.004537125265617448,-0.0007188834133557975
2026-04-09 15:30:00,0.0029973386446506822,-0.0008271456463262439
2026-04-09 15:35:00,-0.0014012832003515996,-0.000818342377897352
2026-04-09 15:40:00,-0.0022219203590605474,-0.0007079195929691195
2026-04-09 15:45:00,0.00028708805942301296,-0.0008782999939285219
2026-04-09 15:50:00,0.0007218641194484121,-0.0008899560780264437
2026-04-09 15:55:00,0.0011472112179031768,-0.00010396220022812486
2026-04-09 16:00:00,-0.0023431176688113453,4.805440767086111e-05
2026-04-09 16:05:00,0.0007653620588392585,-0.00014491210458800197
2026-04-09 16:10:00,-0.0012332526710494562,-0.00015412972425110638
2026-04-09 16:15:00,-0.0010884686448395797,-0.00043518157326616347
2026-04-09 16:20:00,-0.0024743371109874346,-0.0003831577196251601
2026-04-09 16:25:00,-0.001968382581472028,-0.0005317420000210404
2026-04-09 16:30:00,0.0011346708255910443,-0.0002702060155570507
2026-04-09 16:35:00,0.0009577217038501118,-0.00027187075465917587
2026-04-09 16:40:00,0.0028494325142780497,-0.00031623218092136085
2026-04-09 16:45:00,0.0004451116526880128,-0.00013665419828612357
2026-04-09 16:50:00,-0.00023514493014076265,-0.0002555523533374071
2026-04-09 16:55:00,0.00016353812676328516,-0.00033076805993914604
2026-04-09 17:00:00,0.004099555461410276,-0.0007463339134119451
2026-04-09 17:05:00,0.004623454997780385,0.0001600854011485353
2026-04-09 17:10:00,0.001855750529951905,0.0001083488532458432
2026-04-09 17:15:00,0.0019047465679733477,-0.00039159529842436314
2026-04-09 17:20:00,0.0015016319229470554,-0.0004247653705533594
2026-04-09 17:25:00,0.002453681228534066,-0.0002474678331054747
2026-04-09 17:30:00,-0.0014595631628271377,0.0008350348216481507
2026-04-09 17:35:00,-0.000751578349838411,-9.301873797085136e-05
2026-04-09 17:40:00,0.000728256921153303,0.0005462812841869891
2026-04-09 17:45:00,0.0022980047118803526,0.00021599924366455525
2026-04-09 17:50:00,0.0009185190779206209,8.769552368903533e-05
2026-04-09 17:55:00,-0.0010330719571562952,-0.0001486929104430601
2026-04-09 18:00:00,-0.00015220208296184978,-1.4705795365443919e-05
2026-04-09 18:05:00,0.0004839705706860542,-0.00022773165255784988
2026-04-09 18:10:00,0.0008536653336506106,-9.280254016630352e-05
2026-04-09 18:15:00,-0.00024190302726090351,0.00013558226055465639
2026-04-09 18:20:00,-0.0005194431436095215,0.00039271885179914534
2026-04-09 18:25:00,-0.0010102845310999697,4.180709947831929e-05
2026-04-09 18:30:00,-0.0018516610217833573,0.00038190494524315
2026-04-09 18:35:00,-0.0008099515933110979,0.00040517482557334006
2026-04-09 18:40:00,0.0002505789430742311,0.0006155805313028395
2026-04-09 18:45:00,0.000714349898892408,0.0005377776687964797
2026-04-09 18:50:00,0.0009351432932653836,0.00039517489494755864
2026-04-09 18:55:00,0.0007075464609478388,9.260740625904873e-05
2026-04-09 19:00:00,0.0017732239554621998,2.5147457563434727e-05
2026-04-09 19:05:00,-0.00010015210609459757,0.0004268954216968268
2026-04-09 19:10:00,0.0002628543072127343,8.758169860811904e-05
2026-04-09 19:15:00,-0.0010385191401542926,-4.8854992201086134e-05
2026-04-09 19:20:00,0.0012970278614847786,-0.00015496835112571716
2026-04-09 19:25:00,0.0002544439058773662,-0.000577721162699163
2026-04-09 19:30:00,0.0016261183144195002,-0.000577695551328361
2026-04-09 19:35:00,-0.00012087362468804486,-0.0008242432959377766
2026-04-09 19:40:00,0.0005420415920305288,-0.0007831447874195874
2026-04-09 19:45:00,-0.003014579694493591,-0.0008129165507853031
2026-04-09 19:50:00,-0.0024665093260747284,-0.0009975031716749072
2026-04-09 19:55:00,-0.003016228330412929,-0.0009421210852451622
2026-04-09 20:00:00,-2.089383840875314e-05,-0.0010439542820677161
2026-04-09 20:05:00,-0.0012397235729313394,-0.0014535082736983895
2026-04-09 20:10:00,-0.00037636196428358915,-0.000579551444388926
2026-04-09 20:15:00,-0.001890608799424598,-0.000535854953341186
2026-04-09 20:20:00,-0.0008182647176546709,-0.0001276311813853681
2026-04-09 20:25:00,-0.002334514910828034,-0.0003549237735569477
2026-04-09 20:30:00,-0.0009948405253510373,-0.0002741154166869819
2026-04-09 20:35:00,-0.001265337672464284,0.00012798738316632807
2026-04-09 20:40:00,0.00041076713434584633,0.0004080387589056045
2026-04-09 20:45:00,0.000869231057581743,0.00039596486021764576
2026-04-09 20:50:00,0.0024475254850564454,0.0005271555855870247
2026-04-09 20:55:00,0.001568164700161745,0.00036487673060037196
2026-04-09 21:00:00,-0.0004921223871559022,0.0006216189358383417
2026-04-09 21:05:00,-0.0012408104731971292,0.00041472510201856494
2026-04-09 21:10:00,-0.0012811470109888035,0.0004947484121657908
2026-04-09 21:15:00,-0.000452547472828968,0.00023120312835089862
2026-04-09 21:20:00,-0.0009635788900670406,0.00046583174844272435
2026-04-09 21:25:00,-0.0004316052429498285,0.0004576383507810533
2026-04-09 21:30:00,-0.0002850424019875675,0.0005543176084756851
2026-04-09 21:35:00,-8.383336447082002e-05,0.0005679850000888109
2026-04-09 21:40:00,-0.0005009794357366815,0.0003375431406311691
2026-04-09 21:45:00,-1.4673498927919582e-05,0.00022824616462457925
2026-04-09 21:50:00,-7.755211977844567e-05,0.0002153780369553715
2026-04-09 21:55:00,7.7573907532269e-05,0.0002829163277056068
2026-04-09 22:00:00,6.917318137666939e-05,1.101448287954554e-05
2026-04-09 22:05:00,0.00035627089538792234,0.00040013372199609876
2026-04-09 22:10:00,5.660418893427277e-05,0.00022851185349281877
2026-04-09 22:15:00,-0.0002809147777558252,-7.233013457152992e-05
2026-04-09 22:20:00,-0.0016734791082235745,-0.00025782533339224756
2026-04-09 22:25:00,-0.0012523299270625898,-0.00015191984130069613
2026-04-09 22:30:00,-0.0009880211120059101,-0.0003598109178710729
2026-04-09 22:35:00,0.000686087659397927,0.000720268813893199
2026-04-09 22:40:00,0.0005791615330057454,0.00025545043172314763
2026-04-09 22:45:00,0.001656636359333774,-0.00011283697676844895
2026-04-09 22:50:00,0.0006059672229259405,-0.00014394881145562977
2026-04-09 22:55:00,0.0006983247829417394,4.164015990681946e-05
2026-04-10 00:00:00,-0.0013397759190159064,-0.00016877702728379518
2026-04-10 00:05:00,-0.0005933828552286968,-0.0008807776030153036
2026-04-10 00:10:00,-0.001130565770314007,0.00019925741071347147
2026-04-10 00:15:00,-0.00020143607200751035,0.00036019334220327437
2026-04-10 00:20:00,-0.0017129294645208404,0.00026822416111826897
2026-04-10 00:25:00,-0.0006991150076949282,0.0002333708544028923
2026-04-10 00:30:00,-0.0010077894573168322,0.00024147423391696066
2026-04-10 00:35:00,0.00038650509554472023,0.0004596323415171355
2026-04-10 00:40:00,0.0006151630533501873,0.0003067082434426993
2026-04-10 00:45:00,0.00048302585127402153,0.0003418363630771637
2026-04-10 00:50:00,0.00013860130307463692,0.00021974813716951758
2026-04-10 00:55:00,-0.000991165687697304,0.0003219780046492815
2026-04-10 01:00:00,-0.0004788246207336755,0.00021760122035630047
2026-04-10 01:05:00,-0.0008676243290004493,-0.00033425871515646577
2026-04-10 01:10:00,-0.0002689601135763553,-0.000328896043356508
2026-04-10 01:15:00,0.00024994145409173996,-0.0003631384752225131
2026-04-10 01:20:00,0.0005988043002886911,-0.00029997673118487
2026-04-10 01:25:00,0.0003677007503650742,-0.0002925549924839288
2026-04-10 01:30:00,0.00011969773187026078,-0.0003059276205021888
2026-04-10 01:35:00,0.00030451725325519874,-0.00036252851714380085
2026-04-10 01:40:00,0.0005838410606102684,-0.00047394412104040384
2026-04-10 01:45:00,-0.001096714798128673,-0.00046714290510863066
2026-04-10 01:50:00,-0.0017254228780974046,-6.218732596607879e-05
2026-04-10 01:55:00,-0.0019103005442584475,-0.00010424374340800568
2026-04-10 02:00:00,-0.0003237817739147886,0.0004420774639584124
2026-04-10 02:05:00,-7.151902198643256e-05,-3.442150955379475e-07
2026-04-10 02:10:00,1.262121626410817e-05,-5.591361059487099e-06
2026-04-10 02:15:00,0.000765133494258663,7.622415432706475e-05
2026-04-10 02:20:00,0.0011878146345694063,0.00022979742789175361
2026-04-10 02:25:00,0.00030286141167223946,6.843763549113646e-05
2026-04-10 02:30:00,-0.0006116394544672943,-0.00012961043103132397
2026-04-10 02:35:00,-0.0005968844491253122,-0.00033642060589045286
2026-04-10 02:40:00,0.0014982346541252411,-0.0005415198393166065
2026-04-10 02:45:00,0.0010170909975339981,-0.0008398971403948963
2026-04-10 02:50:00,0.000617895015340153,-0.0009745853603817523
2026-04-10 02:55:00,-0.0003738231440042483,-0.0008786936523392797
2026-04-10 03:00:00,0.0005774320811617883,-0.0006292143370956182
2026-04-10 03:05:00,-9.455102453159725e-05,-0.00048384667024947703
2026-04-10 03:10:00,0.000365424158601968,-0.000426344369770959
2026-04-10 03:15:00,0.001612942479878754,-0.00035317070432938635
2026-04-10 03:20:00,0.003021207381230795,-0.0005346584366634488
2026-04-10 03:25:00,0.0019823025736354083,-0.0004684028390329331
2026-04-10 03:30:00,-0.0010715091794164522,-0.00031849450897425413
2026-04-10 03:35:00,-0.0016458458696124723,-0.0006651330040767789
2026-04-10 03:40:00,-0.0014700935139693172,-0.0004717605479527265
2026-04-10 03:45:00,-0.0023924938813006946,-0.00029811460990458727
2026-04-10 03:50:00,-0.0013228320609695032,-0.0004292313242331147
2026-04-10 03:55:00,-0.002567881061132482,-0.0004855279403273016
2026-04-10 04:00:00,-0.0013994978824207749,-0.000499347283039242
2026-04-10 04:05:00,-0.0029121903235491686,-0.0016532042063772678
2026-04-10 04:10:00,-0.001695217262112081,-0.0017122625140473247
2026-04-10 04:15:00,-0.0009481409774103611,-0.001471998984925449
2026-04-10 04:20:00,0.00047401902651778016,-0.001552683999761939
2026-04-10 04:25:00,0.0011143235956190267,-0.0014324986841529608
2026-04-10 04:30:00,0.0011776666079015286,-0.0012731573078781366
2026-04-10 04:35:00,0.00032641577867842386,-0.0010686488822102547
2026-04-10 04:40:00,0.0006818842155471572,-0.0004882878856733441
2026-04-10 04:45:00,0.0011888993981887808,-0.00011886892752954736
2026-04-10 04:50:00,0.0017902320406921746,0.0003025298356078565
2026-04-10 04:55:00,0.0014863263887150424,0.0004560698289424181
2026-04-10 05:00:00,0.0013576136669666283,0.00028691592160612345
2026-04-10 05:05:00,0.00011138911697727849,0.0008121205610223114
2026-04-10 05:10:00,-0.0009163418427906578,7.04705307725817e-05
2026-04-10 05:15:00,0.00021209197311478079,0.0003640625800471753
2026-04-10 05:20:00,0.0014763094950662747,-3.67352222383488e-05
2026-04-10 05:25:00,0.0019724555896996065,-0.00029200376593507826
2026-04-10 05:30:00,0.0009507110586159939,-0.0007855112780816853
2026-04-10 05:35:00,-0.0001469032791447944,-0.001045484677888453
2026-04-10 05:40:00,0.00024969286858045336,-0.0013662684941664338
2026-04-10 05:45:00,2.3074462339067736e-05,-0.0012914006365463138
2026-04-10 05:50:00,0.0002853923219454657,-0.0008820839575491846
2026-04-10 05:55:00,0.00016992335658372326,-0.0008857822977006435
2026-04-10 06:00:00,0.0007255250938946745,-0.0020693428814411163
2026-04-10 06:05:00,0.00019720886580643082,4.91408136440441e-05
2026-04-10 06:10:00,-0.00034617067398912127,0.00020862922247033566
2026-04-10 06:15:00,-0.001449477781108044,0.00021196735906414688
2026-04-10 06:20:00,-0.0007974666168699684,0.00018454027303960174
2026-04-10 06:25:00,-0.0006402069031459234,0.0002448447630740702
2026-04-10 06:30:00,-6.087788004016659e-05,0.000338948389980942
2026-04-10 06:35:00,-7.558245734884395e-05,0.00028135793399997056
2026-04-10 06:40:00,-0.0008213242266066345,0.0004479014314711094
2026-04-10 06:45:00,-0.00026454693342969904,0.0006667085690423846
2026-04-10 06:50:00,-0.00019528112669853215,0.0004721652076113969
2026-04-10 06:55:00,0.00030046025273477994,0.0008599034626968205
2026-04-10 07:00:00,-0.00038644827219691535,0.0005415552295744419
2026-04-10 07:05:00,-0.00016381358051198447,0.0008075611549429595
2026-04-10 07:10:00,1.470552707338868e-05,0.0005364802782423794
2026-04-10 07:15:00,0.0008021334659336077,0.00047742979950271547
2026-04-10 07:20:00,0.0008565742594122128,0.0004987025167793036
2026-04-10 07:25:00,0.000993172806554199,0.0005130518111400306
2026-04-10 07:30:00,0.0004595718508149105,0.0006133128772489727
2026-04-10 07:35:00,0.0003818627816212228,0.0005057333037257195
2026-04-10 07:40:00,0.00010283046099068827,0.0003551315166987479
2026-04-10 07:45:00,-0.0009571548046931611,0.0001580370735609904
2026-04-10 07:50:00,-0.0016901134509321736,2.7565274649532512e-05
2026-04-10 07:55:00,-0.001898821159279862,0.00039863440906628966
2026-04-10 08:00:00,-0.0018707742261376836,0.00023088353918865323
2026-04-10 08:05:00,-0.001017544316281871,-0.0004930412978865206
2026-04-10 08:10:00,-0.00015138867599695516,-0.0005690436810255051
2026-04-10 08:15:00,0.0010997665944643131,-0.00040516877197660506
2026-04-10 08:20:00,-0.0004207753689691174,-0.0005882021505385637
2026-04-10 08:25:00,-0.0009424892932017315,-0.0005174020188860595
2026-04-10 08:30:00,-0.00302674626669841,-0.000524570990819484
2026-04-10 08:35:00,-0.0014319620534237743,-0.00040636566700413823
2026-04-10 08:40:00,-0.0011161467564821947,-0.0007551818853244185
2026-04-10 08:45:00,0.0014534763809574969,-0.0005863471888005733
2026-04-10 08:50:00,0.0013835615327941753,-0.0004446500970516354
2026-04-10 08:55:00,0.00023596881107579293,-0.0006344321882352233
2026-04-10 09:00:00,0.00043983934998337304,-0.0001828106469474733
2026-04-10 09:05:00,0.0005007269060168795,0.0006379318074323237
2026-04-10 09:10:00,0.001427266501124791,0.0012720205122604966
2026-04-10 09:15:00,0.0006415238619741359,0.0013931365683674812
2026-04-10 09:20:00,0.00031545542561062234,0.0016224998980760574
2026-04-10 09:25:00,7.783058809174292e-05,0.0011560771381482482
2026-04-10 09:30:00,-0.00045428256735746686,0.0008537141256965697
2026-04-10 09:35:00,-0.001066639838823491,0.0009248234564438462
2026-04-10 09:40:00,-0.0010354320696794872,0.0004948755959048867
2026-04-10 09:45:00,-0.0012482359502339335,0.0003765336296055466
2026-04-10 09:50:00,-0.0001641994648249323,0.0002930529008153826
2026-04-10 09:55:00,0.00016422539340510411,9.937607683241367e-05
2026-04-10 10:00:00,-0.00044662796633510027,5.772077201982029e-05
2026-04-10 10:05:00,-0.0007919040862027771,-0.00011619832366704941
2026-04-10 10:10:00,-0.0006928773957959322,-8.747159881750122e-05
2026-04-10 10:15:00,0.0009225306637450359,0.00020398717606440187
2026-04-10 10:20:00,0.0006929503638293255,0.0001903954107547179
2026-04-10 10:25:00,-0.0008788967356334609,0.0005015181377530098
2026-04-10 10:30:00,-0.003082641196751723,0.00045317475451156497
2026-04-10 10:35:00,-0.0027577965240670466,0.00012030710786348209
2026-04-10 10:40:00,-0.0001919003305097533,9.163367212750018e-05
2026-04-10 10:45:00,0.0019514753540406105,7.605378050357103e-05
2026-04-10 10:50:00,0.0012512279172867125,0.00015243608504533768
2026-04-10 10:55:00,0.0010960776277091355,0.0004134300979785621
2026-04-10 11:00:00,0.0029946915574718957,0.00046275698696263134
2026-04-10 11:05:00,0.002382074288249214,0.0004445976810529828
2026-04-10 11:10:00,0.0004022962534335761,0.000722099095582962
2026-04-10 11:15:00,-0.002343640951638193,0.0008384831016883254
2026-04-10 11:20:00,-0.0010144785040822057,0.0016355215338990092
2026-04-10 11:25:00,0.0003979244817120531,0.0005094577209092677
2026-04-10 11:30:00,0.0004506411183093917,0.00030342285754159093
2026-04-10 11:35:00,0.000623121183545905,0.0006005153409205377
2026-04-10 11:40:00,0.00029886557585712126,0.00038116451469250023
2026-04-10 11:45:00,-0.0004885547720725469,-0.00018520161393098533
2026-04-10 11:50:00,-0.0012150247605688946,-0.0002285024820594117
2026-04-10 11:55:00,-0.0009979704553177982,-0.00023522179981227964
2026-04-10 12:00:00,0.0010210602438895933,-0.0002775699249468744
2026-04-10 12:05:00,0.0027375111651259942,-0.0004666195309255272
2026-04-10 12:10:00,0.002324948788546166,-0.0004598296363838017
2026-04-10 12:15:00,0.0015243857313187448,-0.0002537794644013047
2026-04-10 12:20:00,-0.0009607471440933324,-4.640943370759487e-05
2026-04-10 12:25:00,-0.0006306734539958114,-0.0004191767075099051
2026-04-10 12:30:00,-0.0002500501689315371,-2.9718572477577254e-05
2026-04-10 12:35:00,0.0005509132261778404,0.0002620187005959451
2026-04-10 12:40:00,0.00038055391026325935,0.00015702193195465952
2026-04-10 12:45:00,0.00025845413055769484,0.0002733620349317789
2026-04-10 12:50:00,-0.0002628024213979785,5.203711043577641e-05
2026-04-10 12:55:00,-0.0002964411318000515,-0.00020991281780879945
2026-04-10 13:00:00,-0.0002458450621158903,0.0003949275997001678
2026-04-10 13:05:00,0.0011117078257338875,0.00017334159929305315
2026-04-10 13:10:00,0.0012755438813289999,0.00015298154903575778
2026-04-10 13:15:00,0.00021222879183824261,0.00024803614360280335
2026-04-10 13:20:00,0.00010711259118778571,0.0004377395671326667
2026-04-10 13:25:00,0.0011270917715968665,3.4708929888438433e-05
2026-04-10 13:30:00,0.0008484650433189245,3.727040166268125e-05
2026-04-10 13:35:00,0.0006445335070868197,6.783820572309196e-05
2026-04-10 13:40:00,0.0003984807450194694,-6.33091403869912e-05
2026-04-10 13:45:00,0.0007512565012799399,4.8632304242346436e-05
2026-04-10 13:50:00,0.00015319929474344463,0.00015536286809947342
2026-04-10 13:55:00,-0.0004530220422349629,0.00029758462915197015
2026-04-10 14:00:00,0.0001447303979364989,0.0003520807658787817
2026-04-10 14:05:00,-0.0010161706361309086,-8.361953223356977e-05
2026-04-10 14:10:00,-0.0009948516203994728,-0.000291592616122216
2026-04-10 14:15:00,0.0026894292798527175,-0.0004167905426584184
2026-04-10 14:20:00,0.0032234109841962066,-0.0007757351850159466
2026-04-10 14:25:00,0.0022485494589776778,-0.0005634590634144843
2026-04-10 14:30:00,-0.0026747476561066463,-0.0005132613005116582
2026-04-10 14:35:00,-0.002268097532011737,0.0004170565225649625
2026-04-10 14:40:00,-0.00033947532529055024,0.0005233139963820577
2026-04-10 14:45:00,0.0006478741463791238,-0.0009776715887710452
2026-04-10 14:50:00,0.001933028117154123,-0.0008594333194196224
2026-04-10 14:55:00,0.0002996662829755081,-0.0017759561305865645
2026-04-10 15:00:00,0.00027872928965244625,-0.0009960513561964035
2026-04-10 15:05:00,0.0003978824330861386,-0.00016919444897212088
2026-04-10 15:10:00,0.0009235805841765199,0.00013842112093698233
2026-04-10 15:15:00,-0.0005512465542594214,-7.292396912816912e-05
2026-04-10 15:20:00,-0.00012353601980663598,-3.93493173760362e-05
2026-04-10 15:25:00,-0.001472687984096055,-0.0005645140772685409
2026-04-10 15:30:00,0.000959769393748644,-0.0002570897340774536
2026-04-10 15:35:00,0.0003077647822049556,-0.0004969685105606914
2026-04-10 15:40:00,0.0005491073999195351,-0.0009568330133333802
2026-04-10 15:45:00,0.00035601199926915683,-0.0014875042252242565
2026-04-10 15:50:00,-0.0002805436703461339,-0.001653942046687007
2026-04-10 15:55:00,0.0014865252389828498,-0.0011284418869763613
2026-04-10 16:00:00,0.0026034084833224114,-0.0007937802583910525
2026-04-10 16:05:00,0.0030712227380771395,-0.0006735296919941902
2026-04-10 16:10:00,0.0024030737459401763,-0.000557170482352376
2026-04-10 16:15:00,-7.727273205659912e-05,-0.000672625785227865
2026-04-10 16:20:00,-0.0007037290620406367,-0.0007618639501743019
2026-04-10 16:25:00,-0.002126949111566745,-0.00035653618397191167
2026-04-10 16:30:00,-0.002919850560237691,-0.0003439205465838313
2026-04-10 16:35:00,-0.0025036066458241635,-0.00019678390526678413
2026-04-10 16:40:00,-0.0013646307464245666,-0.00012706783309113234
2026-04-10 16:45:00,0.00011310416486765007,-0.0004280536959413439
2026-04-10 16:50:00,0.0009879686328204684,-0.0004892199649475515
2026-04-10 16:55:00,0.0016385881676264091,-0.0008248054655268788
2026-04-10 17:00:00,0.0016929383003017051,-0.0003744982823263854
2026-04-10 17:05:00,0.0013234359830089915,-0.0008310794946737587
2026-04-10 17:10:00,-0.0011883890778001671,-0.00084116862853989
2026-04-10 17:15:00,-0.001563093736626442,-0.0006770666805095971
2026-04-10 17:20:00,-0.005365200740518716,-0.0005351214203983545
2026-04-10 17:25:00,-0.002240435862381318,-0.000561363238375634
2026-04-10 17:30:00,-0.0018361436092657613,-0.000524515809956938
2026-04-10 17:35:00,0.0012805416130952096,-0.0003803806030191481
2026-04-10 17:40:00,-0.0007682265260644527,0.0006639653001911938
2026-04-10 17:45:00,-0.0027437222566977226,-0.0001624069846002385
2026-04-10 17:50:00,-0.0021379511122585626,-0.0001635734224691987
2026-04-10 17:55:00,0.00017636647319108079,-0.0006170835695229471
2026-04-10 18:00:00,0.001864282103214876,-0.000852832687087357
2026-04-10 18:05:00,0.0009246262227087243,0.00012096428690711036
2026-04-10 18:10:00,-0.0010439543498712567,0.0007427873206324875
2026-04-10 18:15:00,-0.00020790435634587823,0.00024186569498851895
2026-04-10 18:20:00,0.0003696112403890339,-0.00013634168135467917
2026-04-10 18:25:00,-0.00027114426196739316,0.0001649105251999572
2026-04-10 18:30:00,8.820712719348478e-05,0.0004037868930026889
2026-04-10 18:35:00,0.0005982286314303309,0.00031406039488501847
2026-04-10 18:40:00,0.0014872358854418621,-0.0003621380019467324
2026-04-10 18:45:00,-0.0003633793478776681,-0.0003211909206584096
2026-04-10 18:50:00,-0.0006675203337760394,0.00037698415690101683
2026-04-10 18:55:00,0.0001280341202178903,-3.4850367228500545e-05
2026-04-10 19:00:00,0.001471605732561443,-0.00013131910236552358
2026-04-10 19:05:00,0.0005332124285057915,0.00018975627608597279
2026-04-10 19:10:00,-0.0005773326761637776,-0.00017363645019941032
2026-04-10 19:15:00,-0.0012300382736754045,-0.00014681530592497438
2026-04-10 19:20:00,-0.000644509150932393,-0.00029936680220998824
2026-04-10 19:25:00,-0.0005629578119386025,-0.0003362852439749986
2026-04-10 19:30:00,0.0005501358680355395,-0.0003633040760178119
2026-04-10 19:35:00,-0.00013651289385485654,-0.0002165171317756176
2026-04-10 19:40:00,0.00032983089637994567,-0.0002434908674331382
2026-04-10 19:45:00,-0.0022549582363620146,0.00012274865002837032
2026-04-10 19:50:00,-0.0010233899052245476,-0.00018853307119570673
2026-04-10 19:55:00,0.0006089558695183683,-4.174621790298261e-05
2026-04-10 20:00:00,0.003165586632839279,-0.0002564907190389931
2026-04-10 20:05:00,0.0017456465686809253,-0.0002603430184535682
2026-04-10 20:10:00,0.0006127811220135726,-0.0002096021344186738
2026-04-10 20:15:00,0.0006499415281435716,-0.00043096867739222944
2026-04-10 20:20:00,0.001510013562453949,-8.292523853015155e-05
2026-04-10 20:25:00,0.0003356112981478532,-6.619160558329895e-05
2026-04-10 20:30:00,-0.001480804351400522,4.831734258914366e-06
2026-04-10 20:35:00,-0.0007903754904496907,-0.00034247015719302
2026-04-10 20:40:00,-0.0006020829734705302,-0.0003949713718611747
2026-04-10 20:45:00,0.0006316026023842625,-0.0001804631610866636
2026-04-10 20:50:00,-0.0005055808045728583,-0.0001487254921812564
2026-04-10 20:55:00,0.00030423356979980554,-0.0002729620027821511
2026-04-10 21:00:00,0.00053057352466368,-0.00024400513211730868
2026-04-10 21:05:00,0.00044265936197263045,-0.0003180799540132284
2026-04-10 21:10:00,-0.0007282167511561966,-0.00028161038062535226
2026-04-10 21:15:00,-0.00103624343790365,6.785280129406601e-05
2026-04-10 21:20:00,-0.001038775807041148,0.00012021612928947434
2026-04-10 21:25:00,0.00015534143659223787,-0.0005086868186481297
2026-04-10 21:30:00,-0.0010499239769661273,-0.00026362069183960557
2026-04-10 21:35:00,-0.0006405914663343282,-0.00019925723609048873
2026-04-10 21:40:00,-0.0008798870784350044,-0.00022950800484977663
2026-04-10 21:45:00,-0.001295023800453876,-0.00016180089733097702
2026-04-10 21:50:00,-0.0012403428299574415,-0.00021457765251398087
2026-04-10 21:55:00,-0.0013202321153080732,-0.0001148535666288808
2026-04-10 22:00:00,-0.0005407902191958414,-6.7403212597128e-05
2026-04-10 22:05:00,-0.001081825232898126,-0.0008428265573456883
2026-04-10 22:10:00,-0.0017918265101570796,-0.0009436276159249246
2026-04-10 22:15:00,-0.0007959352975301925,-0.0010245413286611438
2026-04-10 22:20:00,0.0003747723512397272,-0.0008484490099363029
2026-04-10 22:25:00,0.0012826090317314964,-0.0005353937740437686
2026-04-10 22:30:00,0.0007580479786213346,-0.0006448715575970709
2026-04-10 22:35:00,-0.0001936850266464063,-0.0006715094787068665
2026-04-10 22:40:00,-0.0003010231652691431,-0.0006446337210945785
2026-04-10 22:45:00,-0.016948262997120267,-0.0003769660252146423
2026-04-10 22:50:00,-0.0176213767657476,-6.706325802952051e-05
2026-04-10 22:55:00,-0.01551849660203608,-0.00017494233907200396
2026-04-13 00:00:00,-0.0002355233446635907,0.00014683854533359408
2026-04-13 00:05:00,-0.001913301456667682,-0.0014132005162537098
2026-04-13 00:10:00,-0.006216076230252554,-0.00504170311614871
2026-04-13 00:15:00,-0.0033482832468312296,-0.002419352764263749
2026-04-13 00:20:00,-0.00012238706319678272,-0.0018467443296685815
2026-04-13 00:25:00,0.0022437870079805577,-0.0005510611808858812
2026-04-13 00:30:00,0.0010243361233239767,-0.0008032360929064453
2026-04-13 00:35:00,-0.0002555581220722303,-0.0005737135070376098
2026-04-13 00:40:00,5.79622408380942e-05,-0.0011138069676235318
2026-04-13 00:45:00,5.365745297858382e-05,-0.0011477001244202256
2026-04-13 00:50:00,0.00022979051581728527,-0.0008143294253386557
2026-04-13 00:55:00,0.0002747382491552486,-0.0006614172598347068
2026-04-13 01:00:00,-0.0015228434790355294,-0.0005275306757539511
2026-04-13 01:05:00,-0.0020678662783115698,0.00021988656953908503
2026-04-13 01:10:00,-0.0013228708221824093,0.0002509377372916788
2026-04-13 01:15:00,0.0006274604390075211,2.6610350687406026e-05
2026-04-13 01:20:00,0.0022868697703604113,-0.0004398586170282215
2026-04-13 01:25:00,0.0005005773931632262,-0.0006634125020354986
2026-04-13 01:30:00,0.001092817678001623,-0.0012161284685134888
2026-04-13 01:35:00,0.001913166035897973,-0.000688549829646945
2026-04-13 01:40:00,0.0034520944090239425,-0.0009076690766960382
2026-04-13 01:45:00,0.0018479855362265596,-0.0011365502141416073
2026-04-13 01:50:00,0.0010729442423755842,-0.0012798696989193559
2026-04-13 01:55:00,0.0001219988550733575,0.00022597979113925248
2026-04-13 02:00:00,0.0009933272352586897,-0.0008585971081629395
2026-04-13 02:05:00,0.00025682183126640723,0.00020138773834332824
2026-04-13 02:10:00,0.00015622241395440994,-0.00010102767555508763
2026-04-13 02:15:00,0.001362079037955155,-0.00014184457540977746
2026-04-13 02:20:00,0.0008791152945093472,-0.0003673900500871241
2026-04-13 02:25:00,0.0011676847808317348,-0.000623328669462353
2026-04-13 02:30:00,0.001573594685392976,-0.0008923296118155122
2026-04-13 02:35:00,0.0026966884246188982,-0.0007728032651357353
2026-04-13 02:40:00,0.0038803353902352455,-0.0005572616355493665
2026-04-13 02:45:00,0.003592679236183116,-0.0005109671037644148
2026-04-13 02:50:00,0.003677789301567813,-0.00032417074544355273
2026-04-13 02:55:00,0.0038992700299331773,-0.00048076160601340234
2026-04-13 03:00:00,0.0027618550631718364,0.0005276015144772828
2026-04-13 03:05:00,0.0017786989625747651,0.0019441463518887758
2026-04-13 03:10:00,0.00043255072013437257,0.000808368728030473
2026-04-13 03:15:00,0.0009111598635147544,0.0005536267999559641
2026-04-13 03:20:00,0.00031804930032208745,-9.4371716841124e-05
2026-04-13 03:25:00,-0.0006255626291444827,-0.0002812299644574523
2026-04-13 03:30:00,-0.0013479633173894001,-0.00018563201592769474
2026-04-13 03:35:00,0.0012309571344406578,-0.00032836131867952645
2026-04-13 03:40:00,0.0014964573218296806,-1.9378836441319436e-05
2026-04-13 03:45:00,0.0017333671067412126,-0.0001247296022484079
2026-04-13 03:50:00,8.045733648209819e-05,-0.00036639487370848656
2026-04-13 03:55:00,0.00028589490062991274,-0.0003866955521516502
2026-04-13 04:00:00,-0.00022021254834747594,-0.00036900470149703324
2026-04-13 04:05:00,-0.0005103785912723424,-0.001211698749102652
2026-04-13 04:10:00,-0.0006396706126388096,-0.0013020593905821443
2026-04-13 04:15:00,0.0005631393685856523,-0.0012009087949991226
2026-04-13 04:20:00,-0.0009642885516853994,-0.0012508741347119212
2026-04-13 04:25:00,-0.0009433073051141605,-0.0011913464404642582
2026-04-13 04:30:00,-0.0025960417019081916,-0.0013326227199286222
2026-04-13 04:35:00,0.0005765655928868796,-0.0013741921866312623
2026-04-13 04:40:00,0.0011805838796146162,-0.0012800806434825063
2026-04-13 04:45:00,0.0005791303236861722,-0.0014068448217585683
2026-04-13 04:50:00,-0.0009031509130235094,-0.0011158771812915802
2026-04-13 04:55:00,-0.0014563248291050712,-0.00114645273424685
2026-04-13 05:00:00,5.089652102263642e-05,-0.0012363677378743887
2026-04-13 05:05:00,0.00046439777033135954,-0.0008214995614252985
2026-04-13 05:10:00,0.0010707218005219232,-0.0004090979346074164
2026-04-13 05:15:00,0.0012800435775766061,-0.0003732888726517558
2026-04-13 05:20:00,0.0004429913646735173,-0.0004877510655205697
2026-04-13 05:25:00,0.0006884725608475861,-0.00043628018465824425
2026-04-13 05:30:00,-0.00016521153468218586,-0.0004497030167840421
2026-04-13 05:35:00,-4.6621429760307365e-05,-0.0006095035350881517
2026-04-13 05:40:00,-0.0008622543930307813,-0.00044029136188328266
2026-04-13 05:45:00,-0.0012632874704863184,-0.00019036904268432409
2026-04-13 05:50:00,-0.0012914295627908245,-0.00028510636184364557
2026-04-13 05:55:00,-0.000714518212978632,-0.0004008814285043627
2026-04-13 06:00:00,-0.0005006693374607352,-0.00022989496937952936
2026-04-13 06:05:00,2.334111016644158e-05,-0.0005186848575249314
2026-04-13 06:10:00,-0.0004136785522117492,-0.0004723312449641526
2026-04-13 06:15:00,0.0001315560536774285,-0.00017568498151376843
2026-04-13 06:20:00,-9.124561947793097e-05,-0.0003450952935963869
2026-04-13 06:25:00,0.0011663465837727927,-0.0003976439475081861
2026-04-13 06:30:00,0.001215014160301564,-0.000336101686116308
2026-04-13 06:35:00,0.0023548648569136077,-0.00025068424292840064
2026-04-13 06:40:00,0.0010972438676564167,0.00018498387362342328
2026-04-13 06:45:00,0.0006058949953278159,0.00020637616398744285
2026-04-13 06:50:00,-0.0005527149349386917,3.009489955729805e-05
2026-04-13 06:55:00,-0.0008493055161515883,-3.381471105967648e-05
2026-04-13 07:00:00,-0.0009280585809108288,-8.824334508972242e-05
2026-04-13 07:05:00,-0.0008052656328203511,0.00029623435693793
2026-04-13 07:10:00,0.00024152184301051705,0.0003447710769250989
2026-04-13 07:15:00,0.0010911214525979318,0.0003316948132123798
2026-04-13 07:20:00,0.001241533474305001,0.0003326305595692247
2026-04-13 07:25:00,0.00012073905022802478,0.00035369436955079436
2026-04-13 07:30:00,0.00011222263288246381,0.00031747075263410807
2026-04-13 07:35:00,-0.00044474094573310197,0.0003145259979646653
2026-04-13 07:40:00,0.0017818526665962509,0.00034760445123538375
2026-04-13 07:45:00,0.0006307532630476231,0.0004672087379731238
2026-04-13 07:50:00,0.0015895680294359948,0.00044318861910142004
2026-04-13 07:55:00,-0.0006620044593947938,0.00044552262988872826
2026-04-13 08:00:00,0.0006049798912357573,0.00039688125252723694
2026-04-13 08:05:00,-0.00023689916032765268,0.0002730823471210897
2026-04-13 08:10:00,0.001124935625147927,0.00012929232616443187
2026-04-13 08:15:00,0.00020298815549324445,0.00022206519497558475
2026-04-13 08:20:00,-4.0193818831468775e-05,1.7466725694248453e-05
2026-04-13 08:25:00,-0.0011376300884577972,0.00028946142992936075
2026-04-13 08:30:00,-0.0016462371971339707,6.985995241848286e-06
2026-04-13 08:35:00,-0.00041472529276020964,0.00026769997202791274
2026-04-13 08:40:00,-6.98224288981919e-05,2.278807914990466e-05
2026-04-13 08:45:00,0.0032538849594772046,7.136259227991104e-06
2026-04-13 08:50:00,0.0004358801356332265,5.540317215491086e-05
2026-04-13 08:55:00,0.00041674644332623245,0.0002098145632771775
2026-04-13 09:00:00,-0.001235609793269532,0.0003944429336115718
2026-04-13 09:05:00,0.0006746047526817733,-0.00024712737649679184
2026-04-13 09:10:00,0.0006934871686805621,-0.000604044646024704
2026-04-13 09:15:00,4.438165263209726e-05,-0.00038157266681082547
2026-04-13 09:20:00,-0.00017548032498382327,0.0010777392890304327
2026-04-13 09:25:00,0.00019231521156370945,0.001011956250295043
2026-04-13 09:30:00,0.0015246866998932518,0.0008432365721091628
2026-04-13 09:35:00,0.0010925510036940977,0.0006739733507856727
2026-04-13 09:40:00,0.00025777116824343693,0.0008402573876082897
2026-04-13 09:45:00,-0.0005530109687761353,0.0006146394880488515
2026-04-13 09:50:00,-0.0001647571736462794,0.00041960825910791755
2026-04-13 09:55:00,-0.00015211921104807402,0.0003542557533364743
2026-04-13 10:00:00,-0.0007709261950719082,0.0005048363236710429
2026-04-13 10:05:00,-4.436233891702557e-05,0.0002688262611627579
2026-04-13 10:10:00,-0.00012889688583861414,0.00014261713658925146
2026-04-13 10:15:00,1.0564648782462882e-05,0.00028466922231018543
2026-04-13 10:20:00,-0.0007333199114309963,4.399117096909322e-05
2026-04-13 10:25:00,-0.002240386478050027,7.778848521411419e-05
2026-04-13 10:30:00,-0.0009047383112150698,4.569184602587484e-05
2026-04-13 10:35:00,-0.001038556774537014,0.0003128843382000923
2026-04-13 10:40:00,0.00041926413407367136,0.00025079521583393216
2026-04-13 10:45:00,-0.00030669753623691065,0.0003839051350951195
2026-04-13 10:50:00,-0.0015863555597572798,0.00013185427815187722
2026-04-13 10:55:00,-0.0009213418353173353,2.9337363230297342e-05
2026-04-13 11:00:00,-0.0014713403598776154,0.0003671527956612408
2026-04-13 11:05:00,0.0006611108173473212,0.00041843685903586447
2026-04-13 11:10:00,-0.0007716147905405535,-0.00011646019265754148
2026-04-13 11:15:00,-0.0012401465598141925,0.00017354283772874624
2026-04-13 11:20:00,-0.0010469607307612705,0.000577546888962388
2026-04-13 11:25:00,-0.000250266705018376,0.00037745031295344234
2026-04-13 11:30:00,-0.00013576753225130744,0.0004901722422800958
2026-04-13 11:35:00,-0.00019085993059597683,0.0005606896593235433
2026-04-13 11:40:00,0.00013150387425220345,0.000718437135219574
2026-04-13 11:45:00,0.00044541824448351974,0.00016517750918865204
2026-04-13 11:50:00,0.0006508946851120356,0.00017125799786299467
2026-04-13 11:55:00,0.0005894338849170566,-2.9103175620548427e-05
2026-04-13 12:00:00,-0.0005133089235442867,-0.00011109260958619416
2026-04-13 12:05:00,-0.0013425368748514188,0.0009361283155158162
2026-04-13 12:10:00,-0.001013702028744845,0.00019748702470678836
2026-04-13 12:15:00,0.0006278129832626433,9.811149357119575e-05
2026-04-13 12:20:00,0.001100886016770275,0.0002311403804924339
2026-04-13 12:25:00,0.0010582134994656656,0.0005767348920926452
2026-04-13 12:30:00,0.0010214743601704157,0.00034501883783377707
2026-04-13 12:35:00,0.0006951185160222195,0.0005588122876361012
2026-04-13 12:40:00,0.0011502520489390378,0.0005579145508818328
2026-04-13 12:45:00,0.0008659521515053115,0.0003429149219300598
2026-04-13 12:50:00,0.0005739561727065023,0.00026121953851543367
2026-04-13 12:55:00,-0.000381152440178667,0.0005062716663815081
2026-04-13 13:00:00,-0.0010438933720582355,-0.0005949586047790945
2026-04-13 13:05:00,-0.0005972602453070408,-0.0003539134922903031
2026-04-13 13:10:00,-0.00016732945407937905,0.0002102314174408093
2026-04-13 13:15:00,-0.00012500145674820828,0.0001705543982097879
2026-04-13 13:20:00,-0.001675077784488721,3.7391022488009185e-05
2026-04-13 13:25:00,-0.0028000349207015773,-2.4834007490426302e-05
2026-04-13 13:30:00,-0.0023227828672531814,-6.413396477000788e-05
2026-04-13 13:35:00,-0.0009171799907949918,-0.00012913683895021677
2026-04-13 13:40:00,-0.00021456834137012493,0.00012746485299430788
2026-04-13 13:45:00,0.0002081037298431454,5.471131225931458e-05
2026-04-13 13:50:00,0.0014624183445288708,0.00028632712201215327
2026-04-13 13:55:00,0.0023471250018474166,0.00011792867007898167
2026-04-13 14:00:00,0.0008447111611502578,-4.2580959416227415e-05
2026-04-13 14:05:00,-0.0014539220775748873,0.000229588637012057
2026-04-13 14:10:00,-0.0014381807586349993,0.0002859960950445384
2026-04-13 14:15:00,-8.486010811381561e-06,0.0001419727341271937
2026-04-13 14:20:00,0.0007877150832218405,4.4396267185220495e-05
2026-04-13 14:25:00,0.001005671306650413,-3.6580451705958694e-05
2026-04-13 14:30:00,0.0016830631475617253,5.0517712224973366e-05
2026-04-13 14:35:00,0.002558443353152029,0.000216256026760675
2026-04-13 14:40:00,0.001781838646207845,0.00012408956536091864
2026-04-13 14:45:00,0.0011430362824942364,6.75217088428326e-05
2026-04-13 14:50:00,0.0010684948464607658,0.00010845551150850952
2026-04-13 14:55:00,0.0022265390125593143,4.8004229029174894e-05
2026-04-13 15:00:00,0.0018198097921278134,7.585604180349037e-05
2026-04-13 15:05:00,0.0004080541056001863,0.0002988948253914714
2026-04-13 15:10:00,1.0560543065807337e-05,0.00022419114247895777
2026-04-13 15:15:00,-0.0004097495093873249,3.5591852793004364e-05
2026-04-13 15:20:00,-0.0006639657180880221,-0.0001892280561150983
2026-04-13 15:25:00,-0.0016107147698392055,-0.00023038532526697963
2026-04-13 15:30:00,0.0012287451878929545,-0.00023637493723072112
2026-04-13 15:35:00,-1.9037365060370348e-05,-0.00028101186035200953
2026-04-13 15:40:00,0.0009071388639600997,-0.0003731075266841799
2026-04-13 15:45:00,-0.003191109874222775,-0.0001941499940585345
2026-04-13 15:50:00,-0.0005649400880010091,-0.0005517037934623659
2026-04-13 15:55:00,-0.0008077152037966329,-0.00041536064236424863
2026-04-13 16:00:00,-0.0011987666424797538,2.7759633667301387e-05
2026-04-13 16:05:00,-0.0016098185441091317,-0.0006124701467342675
2026-04-13 16:10:00,-0.002564905010466134,-0.0005515788216143847
2026-04-13 16:15:00,0.0001568108906244703,-0.0003812035429291427
2026-04-13 16:20:00,0.0003921024264155193,-0.00031527632381767035
2026-04-13 16:25:00,0.0013690503558247968,-0.0007360868621617556
2026-04-13 16:30:00,-0.0008882134246270823,-0.0008300957269966602
2026-04-13 16:35:00,-0.0010834248731530494,-0.00039289516280405223
2026-04-13 16:40:00,-0.0005529046168568641,-0.0002841991663444787
2026-04-13 16:45:00,-0.0016492074490503938,-0.0007581342943012714
2026-04-13 16:50:00,-0.0018812883239434086,-0.0002686787338461727
2026-04-13 16:55:00,-0.002318746921970316,0.0001579112431500107
2026-04-13 17:00:00,-0.0001253405706762578,0.00021724712860304862
2026-04-13 17:05:00,-6.163701538497435e-05,0.00032010601717047393
2026-04-13 17:10:00,-0.0011156766460374001,-0.000432857486885041
2026-04-13 17:15:00,0.0005692172567037801,-0.00017927755834534764
2026-04-13 17:20:00,0.0024222364977912747,-0.0007106528501026332
2026-04-13 17:25:00,0.002013688660770896,-0.0002512652426958084
2026-04-13 17:30:00,0.001169276805089936,8.992596121970564e-05
2026-04-13 17:35:00,-0.0008251516869943742,0.00021552556427195668
2026-04-13 17:40:00,0.0005452071232614486,1.1760080269596074e-06
2026-04-13 17:45:00,-0.000698006255234418,0.0002511954226065427
2026-04-13 17:50:00,0.000920562329168817,2.1950048903818242e-05
2026-04-13 17:55:00,0.0010916418421889063,0.00040435782284475863
2026-04-13 18:00:00,0.0029986110195530102,0.00010431008558953181
2026-04-13 18:05:00,0.002073461399525911,0.00019750090723391622
2026-04-13 18:10:00,0.0021226375647280804,9.363181743538007e-05
2026-04-13 18:15:00,0.0016153077141929373,0.0005436352221295238
2026-04-13 18:20:00,0.0019973818753520334,0.0005606951890513301
2026-04-13 18:25:00,0.0019240421368031946,0.0006495523266494274
2026-04-13 18:30:00,0.0008193415739938814,0.0003097945882473141
2026-04-13 18:35:00,0.00032089987355021776,0.0004671365022659302
2026-04-13 18:40:00,-0.0012963680290969393,5.079130278318189e-05
2026-04-13 18:45:00,0.00015196894796964955,-0.0003019518335349858
2026-04-13 18:50:00,-0.0017789125439602316,-0.0002482596901245415
2026-04-13 18:55:00,-0.00048604317442801914,-0.0003929781378246844
2026-04-13 19:00:00,0.0013139899618721529,-0.0002254870196338743
2026-04-13 19:05:00,0.003293351678976819,-0.0009419792331755161
2026-04-13 19:10:00,0.0025923157043798994,-0.00028067277162335813
2026-04-13 19:15:00,-0.000206580648342225,-0.0010352360550314188
2026-04-13 19:20:00,0.00033927414624557173,-0.0013281430583447218
2026-04-13 19:25:00,0.00018761864562755193,-0.001005062717013061
2026-04-13 19:30:00,-0.0009955580376228568,-0.0009282819228246808
2026-04-13 19:35:00,-0.003383133793930071,-0.0004199898976366967
2026-04-13 19:40:00,-0.0029109951180004145,-0.0011505023576319218
2026-04-13 19:45:00,-0.0014254567834210974,-0.0009348422754555941
2026-04-13 19:50:00,-0.00010359506600643442,7.746069741187966e-07
2026-04-13 19:55:00,-2.325451111140353e-05,0.00020365188538562506
2026-04-13 20:00:00,-0.0014804008244624356,9.317284275311977e-05
2026-04-13 20:05:00,-0.00013320942761829713,-0.0001795328571461141
2026-04-13 20:10:00,-0.0006280762991366373,0.0002874443307518959
2026-04-13 20:15:00,0.0017550912711872257,0.00014393532183021307
2026-04-13 20:20:00,0.0005644325224913871,-0.0001034666202031076
2026-04-13 20:25:00,0.001348714803331319,-0.0003144996881019324
2026-04-13 20:30:00,0.0005681584322125843,-0.0005198149592615664
2026-04-13 20:35:00,0.00162598228238231,-0.0009056854760274291
2026-04-13 20:40:00,0.001034613178665822,-0.001330730738118291
2026-04-13 20:45:00,-1.9003799703654067e-05,-0.0012652695877477527
2026-04-13 20:50:00,-0.0010090647797547092,-0.0014702186454087496
2026-04-13 20:55:00,-0.000747347899881845,-0.0019280824344605207
2026-04-13 21:00:00,0.00033990231830216544,-0.0019340032013133168
2026-04-13 21:05:00,0.001416202135168021,-0.0018251981819048524
2026-04-13 21:10:00,0.001736618925843203,-0.0020944178104400635
2026-04-13 21:15:00,0.0013120786935605366,-0.0019139114301651716
2026-04-13 21:20:00,5.905279321360979e-05,-0.0019319250714033842
2026-04-13 21:25:00,-0.0003289452905086421,-0.0019424931379035115
2026-04-13 21:30:00,-0.0003963953378463003,-0.0019702885765582323
2026-04-13 21:35:00,0.0007568323450648506,-0.0018414186779409647
2026-04-13 21:40:00,-4.639842752318657e-05,-0.0017840371001511812
2026-04-13 21:45:00,0.00011598298226367376,-0.0015528852818533778
2026-04-13 21:50:00,-0.0004742708175200505,-0.0012129130773246288
2026-04-13 21:55:00,0.0002783582784218197,-0.0008168508647941053
2026-04-13 22:00:00,-6.958817509783444e-05,-0.0007601402467116714
2026-04-13 22:05:00,-0.00046394905828073263,0.00014875897613819689
2026-04-13 22:10:00,-0.0006854913395581974,3.570892658899538e-05
2026-04-13 22:15:00,-0.0005737597875867806,3.332880078232847e-05
2026-04-13 22:20:00,-0.00045150251941805664,-5.180055450182408e-05
2026-04-13 22:25:00,4.852714831216076e-05,-0.00014380783250089735
2026-04-13 22:30:00,-5.908220023798094e-05,7.687827019253746e-05
2026-04-13 22:35:00,0.000470486476919163,9.267686255043373e-05
2026-04-13 22:40:00,0.00012236235305351784,0.00011599584831856191
2026-04-13 22:45:00,0.0016719432693310665,-5.427134601632133e-05
2026-04-13 22:50:00,0.0015680954861476692,-9.944290468411054e-06
2026-04-13 22:55:00,0.0019283929611582096,6.27020126557909e-05
2026-04-14 00:00:00,0.0003980711504691925,4.048464688821696e-05
2026-04-14 00:05:00,-0.0002253677769417095,-0.0007586230058223009
2026-04-14 00:10:00,-0.00015581932570185586,-0.0003006241167895496
2026-04-14 00:15:00,-0.000256937849833605,-0.0003250932495575398
2026-04-14 00:20:00,0.00014112408516453456,-0.00019333005184307694
2026-04-14 00:25:00,0.0006168181013794793,-0.00016425976355094463
2026-04-14 00:30:00,0.0008253361818351124,-6.775383371859789e-05
2026-04-14 00:35:00,0.0016225485141880824,-7.296817057067528e-05
2026-04-14 00:40:00,0.0013607060945268756,-0.000145585581776686
2026-04-14 00:45:00,0.0026965382762664802,-6.615665188292041e-05
2026-04-14 00:50:00,0.0019683536366255083,-0.00011986782192252576
2026-04-14 00:55:00,0.0010040941835232076,-0.00048284055083058774
2026-04-14 01:00:00,-0.0007684975202586486,-0.0001720883446978405
2026-04-14 01:05:00,-0.0013125056353153752,0.0003943680494558066
2026-04-14 01:10:00,-0.0015149305472590413,0.0006177137838676572
2026-04-14 01:15:00,-0.0011160023478318237,0.0008992147631943226
2026-04-14 01:20:00,0.0002458321483089776,0.0006073666736483574
2026-04-14 01:25:00,0.0008176331762967948,0.00030809713643975556
2026-04-14 01:30:00,0.000599139149590755,0.0002266869560116902
2026-04-14 01:35:00,-0.00022481849153344058,0.0002046825538855046
2026-04-14 01:40:00,-0.00042029345507366145,0.00013407024380285293
2026-04-14 01:45:00,-0.0006180651814027271,0.00020995871454942971
2026-04-14 01:50:00,-0.0005107569086852948,0.0004821368202101439
2026-04-14 01:55:00,0.0004791204449130504,0.00040245818672701716
2026-04-14 02:00:00,0.001918118185717077,0.0008613916579633951
2026-04-14 02:05:00,0.0014244238535017217,0.00028226125868968666
2026-04-14 02:10:00,0.0005670827525694477,0.00035753982956521213
2026-04-14 02:15:00,0.0003693351170550585,2.0108691387576982e-05
2026-04-14 02:20:00,0.0017640591769172431,-0.00043967427336610854
2026-04-14 02:25:00,0.0015672553899914732,-0.0007299585267901421
2026-04-14 02:30:00,0.000945799076681908,-0.0007261153659783304
2026-04-14 02:35:00,-0.000282962811141374,-0.0005558261182159185
2026-04-14 02:40:00,-7.337749264024751e-05,-0.0006438555428758264
2026-04-14 02:45:00,-0.00039624594182896544,-0.0009550212998874485
2026-04-14 02:50:00,0.0011334650986452033,-0.0011336369207128882
2026-04-14 02:55:00,0.0013660345644161964,-0.0009869089117273688
2026-04-14 03:00:00,0.000593262194211519,-0.0009299349039793015
2026-04-14 03:05:00,-0.001022366448170331,0.00018180921324528754
2026-04-14 03:10:00,-0.0012004187194243343,-5.34352584509179e-05
2026-04-14 03:15:00,-0.0011155403034397438,0.00042809112346731126
2026-04-14 03:20:00,-0.0005325472447044177,0.00033387469011358917
2026-04-14 03:25:00,0.0005406810197605694,0.00039537076372653246
2026-04-14 03:30:00,0.00026431940006688137,0.0005165683687664568
2026-04-14 03:35:00,-0.0006188657751824422,0.00043946929508820176
2026-04-14 03:40:00,-0.001664891726296247,0.0003872333327308297
2026-04-14 03:45:00,-0.00032936107396785985,0.0004120685043744743
2026-04-14 03:50:00,0.0008306606536852001,0.0005532606737688184
2026-04-14 03:55:00,0.0006188917420253404,0.00048354262253269553
2026-04-14 04:00:00,0.0011198045077396301,0.0005715129082091153
2026-04-14 04:05:00,4.6127588918309925e-05,0.00015321729006245732
2026-04-14 04:10:00,0.00011115014193485706,-0.00010851104889297858
2026-04-14 04:15:00,-0.0008344918156826253,-0.0002228928351541981
2026-04-14 04:20:00,-0.0001572618822454075,0.0001127242503571324
2026-04-14 04:25:00,0.0008154222148135659,0.00010279763955622911
2026-04-14 04:30:00,0.001814863513702747,0.00012382697605062276
2026-04-14 04:35:00,0.0012553087685258646,3.453175668255426e-05
2026-04-14 04:40:00,0.0005718660899969308,-9.438998677069321e-05
2026-04-14 04:45:00,-0.0007100450726600371,-0.00013575279444921762
2026-04-14 04:50:00,-0.0011630454657698408,-0.00012772834452334791
2026-04-14 04:55:00,-0.0012090544342413523,-9.843253792496398e-05
2026-04-14 05:00:00,-0.0005931378527712639,-1.9233812054153532e-05
2026-04-14 05:05:00,-0.0001446894264969245,0.00010028241376858205
2026-04-14 05:10:00,-0.00018242799125012255,-0.0001927729172166437
2026-04-14 05:15:00,-0.00045504731075318716,-0.00032184208976104856
2026-04-14 05:20:00,-0.0003481791941464252,-0.0005623566103167832
2026-04-14 05:25:00,-0.00019504604092190903,-0.0001792996481526643
2026-04-14 05:30:00,0.0008051040675418619,1.7433654647902586e-05
2026-04-14 05:35:00,0.0009959732057343018,-3.289603046141565e-05
2026-04-14 05:40:00,9.647914065524787e-05,0.00011514208745211363
2026-04-14 05:45:00,-0.0006708750348582981,0.00011910017201444134
2026-04-14 05:50:00,-0.0007337788049142091,-0.00030470124329440296
2026-04-14 05:55:00,0.00015728298911987793,-0.00017406557162757963
2026-04-14 06:00:00,0.0011485990661288525,8.324142982019112e-06
2026-04-14 06:05:00,0.0013497371738715458,3.482917963992804e-05
2026-04-14 06:10:00,0.0015233157162004574,-6.0024958656867966e-05
2026-04-14 06:15:00,0.00010473353703055466,-0.00011336464376654476
2026-04-14 06:20:00,-0.00027231575389308205,-0.0003421458532102406
2026-04-14 06:25:00,-0.0005466180501194629,-0.00042628071969375014
2026-04-14 06:30:00,0.00025550380462568967,-8.774783054832369e-05
2026-04-14 06:35:00,0.0002890712245537941,-0.00015915966650936753
2026-04-14 06:40:00,0.00015082103227825883,-0.00016098217747639865
2026-04-14 06:45:00,-0.0006116425935793757,-0.00027314270846545696
2026-04-14 06:50:00,-0.001488142297876749,-0.0005122368456795812
2026-04-14 06:55:00,-0.0017505043720085212,-0.00046446945634670556
2026-04-14 07:00:00,-0.001241191787171303,-0.0003396105603314936
2026-04-14 07:05:00,-0.0005685937110619932,-0.0002967661421280354
2026-04-14 07:10:00,-0.0003021934228772949,-0.00019676140800584108
2026-04-14 07:15:00,-0.0009991038282795017,-0.00021066403132863343
2026-04-14 07:20:00,-0.0011465627476656692,-0.0002319453633390367
2026-04-14 07:25:00,-0.0007621847564589501,-0.00022044194338377565
2026-04-14 07:30:00,0.00043460689231622496,-0.00020834090537391603
2026-04-14 07:35:00,0.0005041455574978926,-0.00017556347302161157
2026-04-14 07:40:00,-0.0001281376662412015,8.916864317143336e-05
2026-04-14 07:45:00,0.00014272820795291352,-0.00010927781841019168
2026-04-14 07:50:00,0.001638816600086912,-0.00021248664415907115
2026-04-14 07:55:00,0.0012009088038862359,-0.0001747786154737696
2026-04-14 08:00:00,-0.000119638440182257,5.257380325929262e-05
2026-04-14 08:05:00,-0.0009859058230752282,0.0003701307869050652
2026-04-14 08:10:00,0.0003587331095626922,0.0002182098396588117
2026-04-14 08:15:00,0.00026444477246023723,0.00016664080612827092
2026-04-14 08:20:00,0.0005916601274105204,0.0001964121765922755
2026-04-14 08:25:00,0.00042150427318610184,0.00021422977442853153
2026-04-14 08:30:00,0.0015914872438891337,-6.042103632353246e-05
2026-04-14 08:35:00,0.002367331113491744,-0.0004325036716181785
2026-04-14 08:40:00,0.0025943121881706332,-0.00034456304274499416
2026-04-14 08:45:00,0.002924743345701586,-0.00025337078841403127
2026-04-14 08:50:00,0.002914793008391925,-0.0005045048892498016
2026-04-14 08:55:00,0.0017863471453676283,-0.0005068128812126815
2026-04-14 09:00:00,-0.0003949055151082348,-0.0003206825058441609
2026-04-14 09:05:00,-0.004181560836899578,0.0006874057580716908
2026-04-14 09:10:00,-0.003720450117560503,0.0004822390037588775
2026-04-14 09:15:00,-0.0025780275219897675,-0.00023088698799256235
2026-04-14 09:20:00,0.0011035390797946576,0.00026159145636484027
2026-04-14 09:25:00,0.0010889164055338796,0.0004227838362567127
2026-04-14 09:30:00,0.0010659162286099644,0.00041862865327857435
2026-04-14 09:35:00,-0.0005505703147221652,0.0007889908156357706
2026-04-14 09:40:00,-0.00033283129842409664,0.0006811887142248452
2026-04-14 09:45:00,4.395250200417422e-05,0.00020379747729748487
2026-04-14 09:50:00,0.0010527275088421106,0.0004713464586529881
2026-04-14 09:55:00,0.0008496515056712894,0.0007266153115779161
2026-04-14 10:00:00,0.00025739729623808216,0.0009008873021230102
2026-04-14 10:05:00,-0.0006382015071011438,0.0016601317329332232
2026-04-14 10:10:00,0.0012104476266028286,0.0013761245645582676
2026-04-14 10:15:00,0.0019711812667608797,0.0006146793020889163
2026-04-14 10:20:00,0.0021452505373140696,0.001704165362752974
2026-04-14 10:25:00,-0.0002820977644173439,0.0024730644654482603
2026-04-14 10:30:00,-0.0008398375972049621,0.0020434416364878416
2026-04-14 10:35:00,-0.0006894909323023057,0.0021145432256162167
2026-04-14 10:40:00,0.0004763854968032888,0.0020356271415948868
2026-04-14 10:45:00,0.00024659263439907875,0.0025468282401561737
2026-04-14 10:50:00,0.00028212193497090254,0.0036876786034554243
2026-04-14 10:55:00,-0.00026323761525048894,0.0027984282933175564
2026-04-14 11:00:00,-0.00010448098037763032,0.002427236409857869
2026-04-14 11:05:00,9.193365739434967e-05,0.0006355535006150603
2026-04-14 11:10:00,-0.0014469543304809207,0.0008040028624236584
2026-04-14 11:15:00,-0.002336955595481527,0.0007812209078110754
2026-04-14 11:20:00,-0.0015117097636725418,0.0006173226283863187
2026-04-14 11:25:00,-0.00010672258103028298,0.0006308390875346959
2026-04-14 11:30:00,0.00041046089470242464,0.0007348611252382398
2026-04-14 11:35:00,-0.00032019856770126864,0.0008137340191751719
2026-04-14 11:40:00,7.324221307669632e-05,0.0008363263332284987
2026-04-14 11:45:00,0.0008434288917076316,0.0008222528849728405
2026-04-14 11:50:00,0.0015372728883598086,0.0011245924979448318
2026-04-14 11:55:00,0.0007530372858290946,0.0009945501806214452
2026-04-14 12:00:00,0.0013985650788317372,0.0010614001657813787
2026-04-14 12:05:00,-0.00012958349375224998,0.0008719438337720931
2026-04-14 12:10:00,0.0003261401344332171,0.0004174042260274291
2026-04-14 12:15:00,-0.0005077728003488602,0.0006060407031327486
2026-04-14 12:20:00,-0.0043927662380625065,0.0004918989725410938
2026-04-14 12:25:00,-0.0034675434474635836,0.0005467216251417994
2026-04-14 12:30:00,-0.0030478702125904533,0.0007865545339882374
2026-04-14 12:35:00,0.001529288046439703,0.000835944025311619
2026-04-14 12:40:00,0.00026635487225057375,0.0008030448807403445
2026-04-14 12:45:00,0.00030394786584864164,0.000756224209908396
2026-04-14 12:50:00,0.0012527339725618702,0.0005187249626033008
2026-04-14 12:55:00,0.0016657294244666332,0.0013074660673737526
2026-04-14 13:00:00,0.0012441746381615104,0.0012916898122057319
2026-04-14 13:05:00,0.00042280997624111194,0.0005399747169576585
2026-04-14 13:10:00,0.0003453700045952246,-9.674923785496503e-05
2026-04-14 13:15:00,-0.0006784488073297013,-0.00018098797590937465
2026-04-14 13:20:00,-0.00015487003505043617,-0.0001834128488553688
2026-04-14 13:25:00,4.185571498283025e-06,-0.0003409199707675725
2026-04-14 13:30:00,0.0002911192928980455,-0.00012763513950631022
2026-04-14 13:35:00,-0.0009192495467384987,-0.00013731241051573306
2026-04-14 13:40:00,-0.0006950449023399585,3.5570348700275645e-05
2026-04-14 13:45:00,-0.00014240748249605417,0.00014557120448444039
2026-04-14 13:50:00,0.0003707330398068365,-9.790233161766082e-05
2026-04-14 13:55:00,-0.0010812103064203882,-0.00021972606191411614
2026-04-14 14:00:00,-0.0008695443193076358,0.00010758825374068692
2026-04-14 14:05:00,-0.0017837104429414552,-7.841517799533904e-05
2026-04-14 14:10:00,-0.00032920499388922053,-0.00021113178809173405
2026-04-14 14:15:00,0.00109571143682885,-0.00022736423125024885
2026-04-14 14:20:00,0.0014234519745404128,-0.0003022041928488761
2026-04-14 14:25:00,0.00016776130960316493,-0.0001434747682651505
2026-04-14 14:30:00,-0.0006199874944368133,5.433892511064187e-05
2026-04-14 14:35:00,-0.0017927483432664815,-0.00032740167807787657
2026-04-14 14:40:00,0.0005576040778301206,-0.00035379553446546197
2026-04-14 14:45:00,0.0010240291727487971,-0.0005752661963924766
2026-04-14 14:50:00,0.0025382559616602407,-0.0005605148035101593
2026-04-14 14:55:00,0.002087204856771052,-0.0004588474694173783
2026-04-14 15:00:00,0.002120111106778566,-0.000558138475753367
2026-04-14 15:05:00,0.0029472649414685748,5.736475213780068e-05
2026-04-14 15:10:00,0.0004432577846547048,-0.00010948581621050835
2026-04-14 15:15:00,0.0013629425802292872,-0.0006462407764047384
2026-04-14 15:20:00,-0.00035697175605164944,-0.001318886992521584
2026-04-14 15:25:00,0.0018837431484133305,-0.0012451561633497477
2026-04-14 15:30:00,4.171550857634543e-06,-0.00022041911142878234
2026-04-14 15:35:00,0.0006449613403329835,-0.0005690914113074541
2026-04-14 15:40:00,0.000644502613356579,-0.00034763047005981207
2026-04-14 15:45:00,0.00031907206607151295,-0.00045529435737989843
2026-04-14 15:50:00,0.0020302670916905186,-0.00017837627092376351
2026-04-14 15:55:00,-3.5447276870215205e-05,-0.0003677939821500331
2026-04-14 16:00:00,0.0019164596368366205,-0.000234230887144804
2026-04-14 16:05:00,-0.0001832634646508069,-0.0003190469287801534
2026-04-14 16:10:00,0.002831819023652926,-0.0004637787351384759
2026-04-14 16:15:00,0.0017673837139966508,3.4774537198245525e-05
2026-04-14 16:20:00,0.0006308682142357469,-0.00017024973931256682
2026-04-14 16:25:00,-0.002379439279632578,-4.729581996798515e-05
2026-04-14 16:30:00,-0.002877232853053968,0.0005347568658180535
2026-04-14 16:35:00,-0.0004267814808311954,-0.00012132833217037842
2026-04-14 16:40:00,0.001245592160929121,0.00047591750626452267
2026-04-14 16:45:00,-0.0007211248191847375,0.001209715730510652
2026-04-14 16:50:00,-0.0019697170289436627,0.0019454170251265168
2026-04-14 16:55:00,-0.0019085963446272558,0.0012826359597966075
2026-04-14 17:00:00,0.0008648707765779307,0.0009769618045538664
2026-04-14 17:05:00,0.002265360659768234,0.00028891279362142086
2026-04-14 17:10:00,0.0016566869848624322,0.00026812238502316177
2026-04-14 17:15:00,0.0014924863279208722,0.00039317295886576176
2026-04-14 17:20:00,0.0017096865580139564,0.0003151788259856403
2026-04-14 17:25:00,0.0014543701802356424,-0.0002637749712448567
2026-04-14 17:30:00,0.0002454120438901697,-0.00022959733905736357
2026-04-14 17:35:00,-0.0003242414130415483,-0.0007397348526865244
2026-04-14 17:40:00,-0.00030775885257661173,-0.0007687418255954981
2026-04-14 17:45:00,0.0006922364814805348,-0.000268138712272048
2026-04-14 17:50:00,0.00011640644988020199,-0.00025618955260142684
2026-04-14 17:55:00,0.00031607534501176815,-0.00045736049651168287
2026-04-14 18:00:00,0.0007976602390495913,-0.0004744180478155613
2026-04-14 18:05:00,0.0012214503123324505,-0.0003066509962081909
2026-04-14 18:10:00,0.001412799364047146,2.975456663989462e-05
2026-04-14 18:15:00,-5.814122505221064e-05,-9.143252827925608e-05
2026-04-14 18:20:00,-0.00012249317219570344,-0.0008955367957241833
2026-04-14 18:25:00,-0.0002159459479074144,-0.0010837832232937217
2026-04-14 18:30:00,-9.344833715374534e-05,-0.0013844374334439635
2026-04-14 18:35:00,-0.0005212827827865141,-0.0007878494216129184
2026-04-14 18:40:00,-0.0011220080964307044,-0.0011414587497711182
2026-04-14 18:45:00,4.15344486626168e-06,-0.0011578485136851668
2026-04-14 18:50:00,0.0032230260439209957,-0.0009901134762912989
2026-04-14 18:55:00,0.003546643903863611,-0.00015747967700008303
2026-04-14 19:00:00,0.00255732070914938,-0.0009534662822261453
2026-04-14 19:05:00,0.00027536260563465476,-0.0003776685625780374
2026-04-14 19:10:00,-0.000331510718083905,-0.0008510121842846274
2026-04-14 19:15:00,0.0008820332887182758,-0.00012875509855803102
2026-04-14 19:20:00,0.0015265757409395064,-0.0004432436835486442
2026-04-14 19:25:00,0.002386495190746629,-0.0010048029944300652
2026-04-14 19:30:00,0.0012781880428196501,-0.00019149195577483624
2026-04-14 19:35:00,-0.0002852801656594295,-0.0004577110812533647
2026-04-14 19:40:00,-0.0003680552868861042,-0.0003258898505009711
2026-04-14 19:45:00,-0.00020464841370682052,-0.0002840997476596385
2026-04-14 19:50:00,0.0012975744619883045,-0.0006601404747925699
2026-04-14 19:55:00,0.0007442414662737207,-0.00022269415785558522
2026-04-14 20:00:00,-0.00022950409641531166,-9.545021748635918e-05
2026-04-14 20:05:00,-0.0016449819372255092,0.00017280863539781421
2026-04-14 20:10:00,-0.0002748913628050076,-0.00012293002509977669
2026-04-14 20:15:00,0.00015714362546148664,-0.0006481583113782108
2026-04-14 20:20:00,0.0005065955749188333,-0.0003110698889940977
2026-04-14 20:25:00,-0.0006348123432946551,-0.00016308306658174843
2026-04-14 20:30:00,-0.0007011339421989504,0.00019272840290796012
2026-04-14 20:35:00,-0.0006886190978239171,0.0002749446139205247
2026-04-14 20:40:00,0.00045288778773233673,0.00010229478357359767
2026-04-14 20:45:00,0.0016186903308916811,0.00030737576889805496
2026-04-14 20:50:00,0.0015482103077086862,0.00047634891234338284
2026-04-14 20:55:00,0.0009919139170797564,0.00028491634293459356
2026-04-14 21:00:00,-0.0002003852775160908,0.0003237592172808945
2026-04-14 21:05:00,-0.0003367229452724274,-0.0003054510452784598
2026-04-14 21:10:00,-0.00026234818298753737,-0.0005328871193341911
2026-04-14 21:15:00,-8.471100638729467e-05,-0.00047411391278728843
2026-04-14 21:20:00,0.0004296632993181504,-0.0005463482812047005
2026-04-14 21:25:00,0.0002706099999674194,-0.0006944496999494731
2026-04-14 21:30:00,0.0006754223970304452,-0.0001747047936078161
2026-04-14 21:35:00,-6.195754874482873e-06,-0.0003517420554999262
2026-04-14 21:40:00,0.000780433861715224,-0.0003693964972626418
2026-04-14 21:45:00,8.258917054071446e-05,-0.0008239152957685292
2026-04-14 21:50:00,0.0003530967759299841,-0.001504746382124722
2026-04-14 21:55:00,-0.0005098970717085649,-0.001392902573570609
2026-04-14 22:00:00,-0.0005100971463587456,-0.000775941414758563
2026-04-14 22:05:00,-0.0004212526132469918,0.00036303591332398355
2026-04-14 22:10:00,-0.0004956957190760392,0.00042957390542142093
2026-04-14 22:15:00,-0.0001342793487602023,0.0004680452693719417
2026-04-14 22:20:00,-0.0003077917823226528,0.000435577763710171
2026-04-14 22:25:00,0.00044200721563036893,0.0005109287449158728
2026-04-14 22:30:00,0.00021070723340876896,0.00045450389734469354
2026-04-14 22:35:00,0.00035942541896361035,0.0003164449881296605
2026-04-14 22:40:00,-0.00017967095481452589,0.00018637979519553483
2026-04-14 22:45:00,0.001490208657269676,0.00017432062304578722
2026-04-14 22:50:00,0.001238408143528602,-0.000179815455339849
2026-04-14 22:55:00,0.0006772116483197976,-1.665697527641896e-05
2026-04-15 00:00:00,-0.002337438679225201,-0.0003752953198272735
2026-04-15 00:05:00,-0.0011206934198622065,-0.0010869757970795035
2026-04-15 00:10:00,-0.0009932630330560244,-0.0008892705664038658
2026-04-15 00:15:00,0.00037204303726845467,-0.0008390839793719351
2026-04-15 00:20:00,-0.0005143294569052159,-0.001031576539389789
2026-04-15 00:25:00,4.75173722573885e-05,-0.0004063715459778905
2026-04-15 00:30:00,-0.00022320921202734212,-0.00028367037884891033
2026-04-15 00:35:00,-0.0007585505228675515,-0.00042248921818099916
2026-04-15 00:40:00,-0.0010810621919432606,-0.0008428457658737898
2026-04-15 00:45:00,-0.00010542167127880475,-0.0007814032142050564
2026-04-15 00:50:00,0.000626310647806605,-0.001080183545127511
2026-04-15 00:55:00,0.0004238825846698546,-0.000897045130841434
2026-04-15 01:00:00,0.00013229208457943287,-0.000804247276391834
2026-04-15 01:05:00,-0.00021079345212982048,-0.0003999244945589453
2026-04-15 01:10:00,-0.00031427620588253546,-0.00038453866727650166
2026-04-15 01:15:00,0.0006797879075630675,-0.00040486681973561645
2026-04-15 01:20:00,0.000830516786161084,-0.00025684226420708
2026-04-15 01:25:00,0.001386620268648997,-0.00025841454043984413
2026-04-15 01:30:00,1.0327559195388858e-05,-0.00025947761605493724
2026-04-15 01:35:00,-0.0007602473649050978,-0.00016481132479384542
2026-04-15 01:40:00,-0.0010454697611095298,-5.2242256060708314e-05
2026-04-15 01:45:00,-0.0006074418003425563,-0.00011073706264141947
2026-04-15 01:50:00,-0.0008021915972644678,-0.0002394507610006258
2026-04-15 01:55:00,-0.0008065433850852344,-0.00015801242261659354
2026-04-15 02:00:00,-0.001141500700903464,0.0005338802584446967
2026-04-15 02:05:00,0.0002233550838077747,4.0718656237004325e-05
2026-04-15 02:10:00,6.206489921645186e-05,0.00011639711738098413
2026-04-15 02:15:00,-0.00042218893167600413,4.227791941957548e-05
2026-04-15 02:20:00,-0.0013160319816272192,0.00018368665769230574
2026-04-15 02:25:00,-0.0007450331470462146,0.00015817396342754364
2026-04-15 02:30:00,-0.000169753629926106,-5.108231198391877e-05
2026-04-15 02:35:00,0.00031468090167408036,-0.00011384722893126309
2026-04-15 02:40:00,0.0012124649487770256,-0.000552130164578557
2026-04-15 02:45:00,0.0009870657945061367,-0.0005077061359770596
2026-04-15 02:50:00,0.0019810422042674247,-0.0011740021873265505
2026-04-15 02:55:00,0.0028701178692305263,-0.0017808414995670319
2026-04-15 03:00:00,0.006074721441050812,-0.002724433783441782
2026-04-15 03:05:00,0.0007372354830579297,-0.0005474444478750229
2026-04-15 03:10:00,0.00016699774179507187,-0.0006983164348639548
2026-04-15 03:15:00,-0.003251345664688543,-0.0007477186154574156
2026-04-15 03:20:00,0.0003054733415712718,-0.0005962725845165551
2026-04-15 03:25:00,-0.0015081138750563383,-0.0005256373551674187
2026-04-15 03:30:00,-0.0008335844197997488,0.00035840427153743804
2026-04-15 03:35:00,-0.00017955748416120798,2.6657637590687955e-06
2026-04-15 03:40:00,0.000716173476675408,-0.0005965604213997722
2026-04-15 03:45:00,0.0008067719759381475,0.00011908828309969977
2026-04-15 03:50:00,0.001270656064559006,-0.00012929235526826233
2026-04-15 03:55:00,-0.0002992031931832173,0.00020296836737543344
2026-04-15 04:00:00,-0.0011949146356240448,0.0003203015949111432
2026-04-15 04:05:00,-0.0028385094082867823,0.0009138077730312943
2026-04-15 04:10:00,-0.0021569097625881994,0.0009324518614448607
2026-04-15 04:15:00,-0.0031520061173750946,0.0011288394453004003
2026-04-15 04:20:00,-0.0015392575709061163,0.0010051459539681673
2026-04-15 04:25:00,-0.0013473283651492807,0.0008625424816273153
2026-04-15 04:30:00,6.007194134660665e-05,0.00034415151458233595
2026-04-15 04:35:00,-0.001174656154557141,0.0001469151902711019
2026-04-15 04:40:00,-0.0008909369515937016,-5.2727016736753285e-05
2026-04-15 04:45:00,-0.0021046680580401045,0.00030839911778457463
2026-04-15 04:50:00,-0.001016247603876863,0.0004917280748486519
2026-04-15 04:55:00,-0.0006614641407249877,0.0009580206824466586
2026-04-15 05:00:00,0.0017586870794001896,0.0006733155460096896
2026-04-15 05:05:00,0.000723922988788317,0.00020819106430280954
2026-04-15 05:10:00,0.001121535356258363,0.00015315948985517025
2026-04-15 05:15:00,4.972918316603625e-05,-0.00035212383954785764
2026-04-15 05:20:00,0.0010859384486288093,-0.0006915442645549774
2026-04-15 05:25:00,0.00040808421601568057,-0.00043687253491953015
2026-04-15 05:30:00,0.00014710102241011214,-0.0005337182083167136
2026-04-15 05:35:00,-0.00022579465832528456,-0.00115022633690387
2026-04-15 05:40:00,-0.0009427815237668113,-0.0013851828407496214
2026-04-15 05:45:00,-0.0011338586503431003,-0.00150956807192415
2026-04-15 05:50:00,-0.000688055834274337,-0.0016023823991417885
2026-04-15 05:55:00,0.0003378458936698081,-0.001492955139838159
2026-04-15 06:00:00,0.0003276451673670522,-0.0017520596738904715
2026-04-15 06:05:00,0.00010158019402339846,-0.0015576896257698536
2026-04-15 06:10:00,-0.00013678274569173254,-0.0015746514545753598
2026-04-15 06:15:00,0.0008269301984658028,-0.0012807954335585237
2026-04-15 06:20:00,0.0002404344413182713,-0.000790742167737335
2026-04-15 06:25:00,-0.00028606075876780324,-0.0006497128633782268
2026-04-15 06:30:00,-0.0002465567533302959,-0.0001240417914232239
2026-04-15 06:35:00,4.559311461882487e-05,0.00014852076128590852
2026-04-15 06:40:00,0.00032336699948487535,2.7904818125534803e-05
2026-04-15 06:45:00,-0.0001761491926028924,0.00011663945042528212
2026-04-15 06:50:00,8.289433873542862e-06,0.0006356242811307311
2026-04-15 06:55:00,0.00041027681827721096,0.0005064129363745451
2026-04-15 07:00:00,0.0010667816626259707,0.0006023510941304266
2026-04-15 07:05:00,-7.667988534976189e-05,0.00035861870856024325
2026-04-15 07:10:00,-0.00017196423600651656,0.00039806016138754785
2026-04-15 07:15:00,-0.0006254310396958118,0.00035050619044341147
2026-04-15 07:20:00,-0.0010409410050442602,0.0003508126246742904
2026-04-15 07:25:00,-0.0019122447526420672,0.00022459359024651349
2026-04-15 07:30:00,-0.0020031817047474476,0.00032060980447568
2026-04-15 07:35:00,0.0002945593662140311,8.350861025974154e-05
2026-04-15 07:40:00,0.0005728125876540702,1.2695041732513346e-05
2026-04-15 07:45:00,0.0007884799346129512,0.00011785232345573604
2026-04-15 07:50:00,-0.000798830637485537,0.00012256338959559798
2026-04-15 07:55:00,-6.017140552927458e-05,0.00034352278453297913
2026-04-15 08:00:00,-0.0009504027476072707,0.0002442349505145103
2026-04-15 08:05:00,-0.0005003721752139256,-0.0004442599311005324
2026-04-15 08:10:00,-0.0009881587836790828,-3.9092097722459584e-05
2026-04-15 08:15:00,-0.0006001734245177914,-7.163688133005053e-05
2026-04-15 08:20:00,0.00016612641012159202,-0.0002212321269325912
2026-04-15 08:25:00,0.00030942361273744723,0.0002157190174330026
2026-04-15 08:30:00,0.0013721851343504454,6.033775571268052e-05
2026-04-15 08:35:00,-0.0002928163449826826,-9.459927241550758e-05
2026-04-15 08:40:00,-0.0009036192119804554,0.00029985589208081365
2026-04-15 08:45:00,-0.002251289626704178,-0.000708853593096137
2026-04-15 08:50:00,-0.001026572522736302,7.361036114161834e-05
2026-04-15 08:55:00,0.0008662442623279532,-0.00019471054838504642
2026-04-15 09:00:00,0.0007939295981209682,0.00022874346177559346
2026-04-15 09:05:00,0.00010187311400500221,0.00029781804187223315
2026-04-15 09:10:00,-0.0006335102181047603,0.000168986851349473
2026-04-15 09:15:00,-0.00033661568572895817,-2.1755615307483822e-05
2026-04-15 09:20:00,0.0007086664379354346,0.00022343010641634464
2026-04-15 09:25:00,-0.0005195701401472519,0.0003844831953756511
2026-04-15 09:30:00,-0.0007629993519806533,0.00035093878977932036
2026-04-15 09:35:00,-0.0006982718057226833,0.000235299754422158
2026-04-15 09:40:00,0.00024319243188664075,0.00021083849424030632
2026-04-15 09:45:00,0.0006777885226725289,0.0004647898313123733
2026-04-15 09:50:00,-0.0002973291341028528,0.00013707444304600358
2026-04-15 09:55:00,1.2469812661564106e-05,0.0002852885809261352
2026-04-15 10:00:00,5.403697793227025e-05,9.925547783495858e-05
2026-04-15 10:05:00,0.0003077236582686993,-0.0004415553412400186
2026-04-15 10:10:00,-0.00040119027246454664,-0.0002988829219248146
2026-04-15 10:15:00,-0.0004136650889279281,-0.00023002827947493643
2026-04-15 10:20:00,-6.652682176877533e-05,4.71694947918877e-05
2026-04-15 10:25:00,0.00011226634578598294,-3.6255253235140117e-06
2026-04-15 10:30:00,0.0004074302020331544,2.4362982003367506e-05
2026-04-15 10:35:00,0.0009912070158630826,0.0001780155289452523
2026-04-15 10:40:00,0.0017198409024850037,0.0005071141058579087
2026-04-15 10:45:00,0.0007479090060318327,0.0005346188554540277
2026-04-15 10:50:00,-0.0017545031192440774,-0.00015578098827973008
2026-04-15 10:55:00,-0.0027764749145813283,0.0001397095766151324
2026-04-15 11:00:00,-0.001850016221602857,0.00037996485480107367
2026-04-15 11:05:00,-0.00037250032426250357,-0.00015711577725596726
2026-04-15 11:10:00,-0.0015286860652992118,-0.00017252004181500524
2026-04-15 11:15:00,-0.001611677721868432,-7.305645704036579e-05
2026-04-15 11:20:00,-0.0016394009756499628,0.00027937706909142435
2026-04-15 11:25:00,-0.0004211114485705991,0.0004205486038699746
2026-04-15 11:30:00,-0.0006545744353498861,0.0003719688393175602
2026-04-15 11:35:00,0.0004189590492345019,0.000167428792337887
2026-04-15 11:40:00,0.0005857553232004875,0.0006286029820330441
2026-04-15 11:45:00,6.464265645966805e-05,0.0005084833246655762
2026-04-15 11:50:00,0.0006437292351400004,0.0005701661575585604
2026-04-15 11:55:00,0.0005645851126594437,0.0004647739406209439
2026-04-15 12:00:00,-0.00012094772987403246,0.0006318187224678695
2026-04-15 12:05:00,-0.0014630519533831432,0.00018060619186144322
2026-04-15 12:10:00,-0.0012546033285829594,0.00033949839416891336
2026-04-15 12:15:00,-0.00017310582127194607,0.00016177396173588932
2026-04-15 12:20:00,0.00033990234912018025,-2.9271168386912905e-05
2026-04-15 12:25:00,0.001012974918571885,-0.0001269691565539688
2026-04-15 12:30:00,0.0013881740656405128,-0.000727984996046871
2026-04-15 12:35:00,0.0014396540650380985,-0.0006715256604366004
2026-04-15 12:40:00,-3.541596572986805e-05,-0.0006373731885105371
2026-04-15 12:45:00,-0.0004750138635039036,-0.00027950142975896597
2026-04-15 12:50:00,-0.0008643771971872383,-2.1230311176623218e-05
2026-04-15 12:55:00,0.0005248611425425764,-6.333822966553271e-05
2026-04-15 13:00:00,0.0012224953127741855,-6.789688632125035e-05
2026-04-15 13:05:00,0.0015074887971291417,0.00041696123662404716
2026-04-15 13:10:00,0.0005786940826606468,0.0005175898550078273
2026-04-15 13:15:00,-0.00029767635722421915,0.0006511859246529639
2026-04-15 13:20:00,-0.0004890601506168935,0.0007383282645605505
2026-04-15 13:25:00,0.000141500109483772,0.0005085649318061769
2026-04-15 13:30:00,0.001267112163302997,0.0007001662743277848
2026-04-15 13:35:00,0.002125151816537496,0.00045587855856865644
2026-04-15 13:40:00,0.0013494871814163645,0.0003213169693481177
2026-04-15 13:45:00,4.7823361306598144e-05,0.0004294519603718072
2026-04-15 13:50:00,-0.00015164687496316276,0.0003518056182656437
2026-04-15 13:55:00,0.0003012545717382409,0.00026392596191726625
2026-04-15 14:00:00,0.0009019775532799201,0.0006452054367400706
2026-04-15 14:05:00,-7.894857128043498e-05,0.00022173179604578763
2026-04-15 14:10:00,-0.0004342509810317807,0.00010811139509314671
2026-04-15 14:15:00,-0.00021606797915119103,0.0007507948321290314
2026-04-15 14:20:00,3.947506474943907e-05,-0.0003112787671852857
2026-04-15 14:25:00,-2.0782286842546682e-05,-0.00031851005041971803
2026-04-15 14:30:00,-0.0003325034631771473,-0.00015230229473672807
2026-04-15 14:35:00,-6.440748749625413e-05,-0.0001316662091994658
2026-04-15 14:40:00,1.662586402595423e-05,-0.00015175825683400035
2026-04-15 14:45:00,0.00016626555140675237,-0.00010740244761109352
2026-04-15 14:50:00,0.00021606034815846442,3.195071258232929e-05
2026-04-15 14:55:00,0.00047579819159437875,4.514839019975625e-05
2026-04-15 15:00:00,0.00030751841197229624,-0.00014412788732443005
2026-04-15 15:05:00,0.000749616661224195,-0.00024153014237526804
2026-04-15 15:10:00,0.0016127043892790738,0.0001934619212988764
2026-04-15 15:15:00,0.0012830762366906612,7.594292401336133e-05
2026-04-15 15:20:00,0.0011741692442956975,0.00016479514306411147
2026-04-15 15:25:00,-0.00021155812638440352,-0.00013259536353871226
2026-04-15 15:30:00,0.0012130475623131076,7.425411604344845e-05
2026-04-15 15:35:00,0.000623864602239621,-9.551234688842669e-05
2026-04-15 15:40:00,0.0017367700037169698,-7.420488691423088e-05
2026-04-15 15:45:00,0.00021342704864935058,-0.0002923329593613744
2026-04-15 15:50:00,-0.0002652503419255936,-0.0003839641285594553
2026-04-15 15:55:00,-0.00010768319614129496,-0.00033785917912609875
2026-04-15 16:00:00,-0.00035850055972375117,-0.00035275303525850177
2026-04-15 16:05:00,0.00011398337720258667,-0.0006251153536140919
2026-04-15 16:10:00,-0.0006442705206008981,-0.0005114605301059783
2026-04-15 16:15:00,-0.0011696465641612974,-0.0008503881981596351
2026-04-15 16:20:00,-0.0017214956785878144,-0.0006968066445551813
2026-04-15 16:25:00,-0.001256588962215588,-0.0006594472215510905
2026-04-15 16:30:00,-0.0004836046698812879,-0.0008225808851420879
2026-04-15 16:35:00,-0.0005170271263725823,-0.0012453566305339336
2026-04-15 16:40:00,-0.0007285490883806034,-0.001134029938839376
2026-04-15 16:45:00,-0.0013357973818184377,-0.0006983020575717092
2026-04-15 16:50:00,-0.001565168367228864,-0.0008909134776331484
2026-04-15 16:55:00,-0.001227902840396311,-0.0006951207178644836
2026-04-15 17:00:00,-0.00022869783710000036,-0.0007967242272570729
2026-04-15 17:05:00,-0.00042028958987216924,-0.0004607166920322925
2026-04-15 17:10:00,-0.002533283203725034,-0.0005745837115682662
2026-04-15 17:15:00,-0.002886083013464713,-0.0007907586987130344
2026-04-15 17:20:00,-0.0008015364946043491,-0.0007056383183225989
2026-04-15 17:25:00,0.0012060353211698072,-0.0010684758890420198
2026-04-15 17:30:00,0.0015606852261704773,-0.0005708154640160501
2026-04-15 17:35:00,0.0008202660286880104,-0.0005979271372780204
2026-04-15 17:40:00,-0.0004164280940930354,-0.00100740697234869
2026-04-15 17:45:00,0.000295609780589956,-0.0009507780778221786
2026-04-15 17:50:00,0.00042860234681185716,-0.001179833896458149
2026-04-15 17:55:00,0.0013839536451367707,-0.0010710882488638163
2026-04-15 18:00:00,0.0005763958771449751,-0.0008655381388962269
2026-04-15 18:05:00,0.00015599893952433774,-0.00021663415827788413
2026-04-15 18:10:00,0.0006756721895726514,3.6148842355032684e-06
2026-04-15 18:15:00,0.0005261652966694896,0.00024284212850034237
2026-04-15 18:20:00,-0.00018304123054768695,0.0002783735399134457
2026-04-15 18:25:00,-0.0014683496394596318,-0.0002743627119343728
2026-04-15 18:30:00,-0.0007966346250150025,-0.00015305864508263767
2026-04-15 18:35:00,-0.0009989969237551577,-0.00018954214465338737
2026-04-15 18:40:00,-4.9953480830922103e-05,-0.00022027829254511744
2026-04-15 18:45:00,-0.0010326170470786877,-6.206059879332315e-06
2026-04-15 18:50:00,0.00013117525761963122,-0.00022827823704574257
2026-04-15 18:55:00,-0.0012704894133932498,0.000309875380480662
2026-04-15 19:00:00,9.78945385003982e-05,0.00023525000142399222
2026-04-15 19:05:00,0.0007076331009674419,0.0002016180515056476
2026-04-15 19:10:00,0.0007374969605233872,5.853288712387439e-06
2026-04-15 19:15:00,-0.00016038542526608524,9.880753350444138e-05
2026-04-15 19:20:00,-0.0019367743152773897,0.00031368370400741696
2026-04-15 19:25:00,-0.001700811838789562,0.00021060557628516108
2026-04-15 19:30:00,-0.0012005829271011237,0.0002876207581721246
2026-04-15 19:35:00,-0.0007695027077687655,0.00025868663215078413
2026-04-15 19:40:00,-0.00014186498232682254,0.0001779002632247284
2026-04-15 19:45:00,0.00021896371858609598,0.00013499805936589837
2026-04-15 19:50:00,0.00012516271168827586,0.00028681763797067106
2026-04-15 19:55:00,0.0008613112274566959,0.00013188498269300908
2026-04-15 20:00:00,-9.17503889610316e-05,0.00042025191942229867
2026-04-15 20:05:00,0.00012931834648988172,0.0002310480340383947
2026-04-15 20:10:00,-0.00041283629542476774,-0.00013594335177913308
2026-04-15 20:15:00,0.0005128600817485562,-9.520788444206119e-05
2026-04-15 20:20:00,0.00044414372219847564,-0.0004133902839384973
2026-04-15 20:25:00,0.00043159753262500544,-0.00041702206362970173
2026-04-15 20:30:00,0.00018131440488389217,-0.0003405999159440398
2026-04-15 20:35:00,0.0001209063810865274,-0.00019307064940221608
2026-04-15 20:40:00,0.0005730904003744541,-0.000508877681568265
2026-04-15 20:45:00,0.0005645733506778328,-0.0001423679495928809
2026-04-15 20:50:00,0.0009521478736065347,-0.0005001523531973362
2026-04-15 20:55:00,-0.0001833531971104918,-0.00016708356270100921
2026-04-15 21:00:00,-1.8744552365390632e-05,-0.00014154617383610457
2026-04-15 21:05:00,-0.00010829497896658324,-5.2835934184258804e-05
2026-04-15 21:10:00,0.0008060863073762192,-0.00016627070726826787
2026-04-15 21:15:00,2.0827258717659447e-05,-0.00024138615117408335
2026-04-15 21:20:00,-0.0006395960138085854,-0.0002840006782207638
2026-04-15 21:25:00,-0.0011979080751700621,-0.00024391995975747705
2026-04-15 21:30:00,-0.0003187045209074313,-0.00027253697044216096
2026-04-15 21:35:00,0.00027297211582322234,-0.0002384756808169186
2026-04-15 21:40:00,-0.00020222341586695336,-0.00013046400272287428
2026-04-15 21:45:00,-0.0012007406008827104,-0.00018435234960634261
2026-04-15 21:50:00,-0.0011507385174525098,-0.00022059826005715877
2026-04-15 21:55:00,-0.0004713184072429044,-0.00010741454752860591
2026-04-15 22:00:00,3.963076641255725e-05,-0.00012707192217931151
2026-04-15 22:05:00,0.0001022024631698315,-0.0002534526865929365
2026-04-15 22:10:00,-2.294594665208649e-05,-0.00021111789101269096
2026-04-15 22:15:00,-0.0004297647625666201,-0.00035393284633755684
2026-04-15 22:20:00,-0.0006509371011542697,-0.00025162246311083436
2026-04-15 22:25:00,-0.0005696454267845041,-0.00023961422266438603
2026-04-15 22:30:00,-0.0006345535481777631,5.4953168728388846e-05
2026-04-15 22:35:00,-0.0006805987861628893,5.998984488542192e-05
2026-04-15 22:40:00,-1.0436093019094983e-05,-0.00012180185876786709
2026-04-15 22:45:00,0.0018649405036406108,-0.00014569841732736677
2026-04-15 22:50:00,0.001556761583183075,-0.00017249106895178556
2026-04-15 22:55:00,0.0002212218551154166,-0.00018681539222598076
2026-04-16 00:00:00,-0.0001917573525016536,-0.0001466760440962389
2026-04-16 00:05:00,0.001060797990385609,0.0006558180321007967
2026-04-16 00:10:00,0.001924234157748117,0.0007629579631611705
2026-04-16 00:15:00,0.0007751405330260752,0.0007574797491542995
2026-04-16 00:20:00,0.00029157433685966794,0.0010492404690012336
2026-04-16 00:25:00,3.1240855543401835e-05,0.0006440807483159006
2026-04-16 00:30:00,0.000620512754995417,0.0005700773326680064
2026-04-16 00:35:00,0.0016915355494990791,0.0008040092652663589
2026-04-16 00:40:00,0.0012862755360139033,0.0007442947826348245
2026-04-16 00:45:00,0.0011941318375647825,0.0007792504038661718
2026-04-16 00:50:00,-3.53410882816263e-05,0.0008752205176278949
2026-04-16 00:55:00,0.0010810227526985017,0.000858306186273694
2026-04-16 01:00:00,0.0006360106964429235,0.000609581999015063
2026-04-16 01:05:00,0.0010949933721882132,0.0003095906868111342
2026-04-16 01:10:00,0.00045908103586533855,3.461171581875533e-05
2026-04-16 01:15:00,0.001561290291471451,3.898800423485227e-05
2026-04-16 01:20:00,0.0012887682841693504,-0.0002527934848330915
2026-04-16 01:25:00,0.0017056847830776434,-0.000255390303209424
2026-04-16 01:30:00,0.0009745700222278941,-0.0004591162723954767
2026-04-16 01:35:00,0.0004064164082286936,-0.00044899419299326837
2026-04-16 01:40:00,0.00012024264150234387,-0.000548852956853807
2026-04-16 01:45:00,0.0009156447441185378,-0.0006205919780768454
2026-04-16 01:50:00,0.0014439298940054357,-0.0006916205165907741
2026-04-16 01:55:00,0.001220266517544033,-0.00031657604267820716
2026-04-16 02:00:00,6.418797554452738e-05,0.00047071787412278354
2026-04-16 02:05:00,-0.000480387963925466,0.000626320659648627
2026-04-16 02:10:00,-0.0009611720409221647,0.00046475083217956126
2026-04-16 02:15:00,-0.001477366826559745,0.0003127253148704767
2026-04-16 02:20:00,-4.5566012733644357e-05,0.00018672150326892734
2026-04-16 02:25:00,0.0015552279803738855,0.00018210179405286908
2026-04-16 02:30:00,0.002772668951653401,0.00012758609955199063
2026-04-16 02:35:00,0.0011261145893701752,8.993909432319924e-05
2026-04-16 02:40:00,-6.001053290205505e-05,0.0001860440243035555
2026-04-16 02:45:00,-0.001280808636293429,5.399415749707259e-05
2026-04-16 02:50:00,-0.0005794594219779015,-0.0002866858849301934
2026-04-16 02:55:00,-0.0004843547309949514,-0.0007787757203914225
2026-04-16 03:00:00,-0.0006607024190294908,-0.0009294824558310211
2026-04-16 03:05:00,-0.0010791028959875604,-0.0005862087709829211
2026-04-16 03:10:00,-0.001298979955238977,-0.0006171829882077873
2026-04-16 03:15:00,-0.0010095012118327418,-0.0004259787383489311
2026-04-16 03:20:00,-0.002579232910168372,-0.00041069198050536215
2026-04-16 03:25:00,-0.0016619209277752844,-0.00021054066019132733
2026-04-16 03:30:00,-0.0003152892493805126,-0.00012066358613083139
2026-04-16 03:35:00,0.0015549761842059695,0.00014082023699302226
2026-04-16 03:40:00,0.0005688081546910695,8.429209992755204e-05
2026-04-16 03:45:00,0.00014106274203662394,0.00023745039652567357
2026-04-16 03:50:00,0.0004148052341541586,0.00032876801560632885
2026-04-16 03:55:00,0.0006058192022493358,0.0004459287447389215
2026-04-16 04:00:00,0.0003629376419649333,0.0008608619100414217
2026-04-16 04:05:00,-7.879975534663686e-05,0.0005652686231769621
2026-04-16 04:10:00,-0.00047300550232165506,0.0005674717831425369
2026-04-16 04:15:00,-0.0016685278908212808,0.0006465825717896223
2026-04-16 04:20:00,-0.0010187346372116934,0.0006045737536624074
2026-04-16 04:25:00,-0.0002760232333613999,0.0004502075316850096
2026-04-16 04:30:00,0.0005938501388182971,0.00037858562427572906
2026-04-16 04:35:00,0.00025945048533060344,1.9681458070408553e-05
2026-04-16 04:40:00,0.0003714721858809611,0.00023151225468609482
2026-04-16 04:45:00,0.0010891925181866213,-0.0007215928053483367
2026-04-16 04:50:00,0.0015407860225877812,-0.00032605184242129326
2026-04-16 04:55:00,0.0014803667543556998,0.00015328303561545908
2026-04-16 05:00:00,0.00023842671653184766,-0.00018048842321150005
2026-04-16 05:05:00,-0.0003647630634944221,-5.879442687728442e-05
2026-04-16 05:10:00,-0.0005782018085334073,-0.0002949126355815679
2026-04-16 05:15:00,-0.00016170930921077797,-0.0002565293398220092
2026-04-16 05:20:00,-0.0009726608430948858,-0.00017467234283685684
2026-04-16 05:25:00,-0.000682252038744835,-0.0001050448336172849
2026-04-16 05:30:00,0.00035240976083628084,-3.9101443690015e-05
2026-04-16 05:35:00,0.001457600773930423,1.1393440217943862e-06
2026-04-16 05:40:00,0.0007237113226246095,-3.807689427048899e-05
2026-04-16 05:45:00,4.559689444505466e-05,1.9445771613391116e-05
2026-04-16 05:50:00,-0.00045384698261052847,7.408540113829076e-05
2026-04-16 05:55:00,0.0006092532070631762,-3.514970376272686e-05
2026-04-16 06:00:00,0.00047242724877527564,-0.00010187856969423592
2026-04-16 06:05:00,0.0004911403153951,0.00020535058865789324
2026-04-16 06:10:00,-0.00010358829875833919,0.0003740503452718258
2026-04-16 06:15:00,7.043055860478376e-05,5.9998369579261634e-06
2026-04-16 06:20:00,0.0006337739586079749,1.8883780285250396e-05
2026-04-16 06:25:00,0.0008242657667398845,-4.764214463648386e-05
2026-04-16 06:30:00,0.0006025998950232037,8.89515649760142e-05
2026-04-16 06:35:00,0.00021530887590515135,0.000499576039146632
2026-04-16 06:40:00,0.0005774096405719575,0.00029250644729472697
2026-04-16 06:45:00,0.0012206527662428357,9.61927289608866e-05
2026-04-16 06:50:00,0.0009538402099522614,-9.922261961037293e-05
2026-04-16 06:55:00,0.00020480717682858085,-0.0004895302699878812
2026-04-16 07:00:00,-0.00021092160411662064,-0.00035874065360985696
2026-04-16 07:05:00,-0.0005295689928743741,-0.0005826479755342007
2026-04-16 07:10:00,-0.0003372301027422253,-0.0007137941429391503
2026-04-16 07:15:00,-0.0016765469551618395,-0.0003641674993559718
2026-04-16 07:20:00,-0.0009978408547333117,-0.00037361422437243164
2026-04-16 07:25:00,-0.0015158358013902529,-0.00028078682953491807
2026-04-16 07:30:00,6.21444817969774e-05,-0.00031141398358158767
2026-04-16 07:35:00,-0.00041847852593690504,-0.0003217974444851279
2026-04-16 07:40:00,-0.0007567064765083842,-9.761801629792899e-05
2026-04-16 07:45:00,-0.0007190406194741428,0.0001570935273775831
2026-04-16 07:50:00,-0.0004932836833493326,0.0002831535821314901
2026-04-16 07:55:00,0.0002426230675922625,0.0002674053830560297
2026-04-16 08:00:00,8.498563022385497e-05,0.00024818434030748904
2026-04-16 08:05:00,-0.0007403820668017147,0.0001936590560944751
2026-04-16 08:10:00,-0.0013029750336084334,0.0002939010155387223
2026-04-16 08:15:00,-0.0015931266606692418,0.00040261566755361855
2026-04-16 08:20:00,-1.8672179800560684e-05,0.0002614181430544704
2026-04-16 08:25:00,0.0015579768542117733,0.0003486766363494098
2026-04-16 08:30:00,0.0024860754293190013,0.000497137603815645
2026-04-16 08:35:00,0.0017681601132490954,0.0004716205003205687
2026-04-16 08:40:00,0.0004994492691352548,0.00042119898716919124
2026-04-16 08:45:00,5.591225504808506e-05,0.000563421577680856
2026-04-16 08:50:00,0.00039549058429955153,0.0003318563394714147
2026-04-16 08:55:00,-0.0003025411406500922,0.00014681853645015508
2026-04-16 09:00:00,-0.00159161451876777,-0.0001076560583896935
2026-04-16 09:05:00,-0.0012346140913894743,0.00035003465018235147
2026-04-16 09:10:00,0.0006567709276215083,0.00019346061162650585
2026-04-16 09:15:00,0.0012850941234425761,7.681317947572097e-05
2026-04-16 09:20:00,0.0009820151157651225,0.00015222163347061723
2026-04-16 09:25:00,-0.00013256253760829395,0.00036677293246611953
2026-04-16 09:30:00,-0.0007273262585965057,0.00034154270542785525
2026-04-16 09:35:00,-0.0010462733426539472,0.0002629321243148297
2026-04-16 09:40:00,-0.001191780380930041,0.00023631135991308838
2026-04-16 09:45:00,-0.002114527628776841,0.0002536773099564016
2026-04-16 09:50:00,-0.0026734820363394363,0.00020072038751095533
2026-04-16 09:55:00,-0.0020698160022263323,0.0006035292171873152
2026-04-16 10:00:00,-0.0005049104202967669,0.0007696780376136303
2026-04-16 10:05:00,3.325483806193574e-05,7.1661954279989e-05
2026-04-16 10:10:00,-6.858275811261194e-05,9.75363509496674e-05
2026-04-16 10:15:00,-0.0006673714855960355,0.00016054051229730248
2026-04-16 10:20:00,-0.00020578206089538753,0.0002881281834561378
2026-04-16 10:25:00,0.00012469242551205184,3.865403778036125e-05
2026-04-16 10:30:00,0.0005551345408179031,-2.4035965907387435e-05
2026-04-16 10:35:00,0.0002182523400637848,-9.44633356994018e-05
2026-04-16 10:40:00,0.0003594428051965082,-0.00017608256894163787
2026-04-16 10:45:00,0.0008767756826362216,-1.934065585373901e-05
2026-04-16 10:50:00,0.001320968486769658,1.0182422556681558e-05
2026-04-16 10:55:00,0.0005025877142106339,-6.283476250246167e-05
2026-04-16 11:00:00,0.0002450272968506084,-0.0001152105032815598
2026-04-16 11:05:00,-0.0004671243185772056,0.00013809972733724862
2026-04-16 11:10:00,-0.0006417785585863811,0.00014732455019839108
2026-04-16 11:15:00,-0.0010199578152256805,0.0001992818433791399
2026-04-16 11:20:00,-0.0006501849517004388,0.00028597837081179023
2026-04-16 11:25:00,0.00030951745645069195,0.00028822998865507543
2026-04-16 11:30:00,0.0005132249024644153,0.0002580104919616133
2026-04-16 11:35:00,6.233811570055536e-06,0.00021475333778653294
2026-04-16 11:40:00,-0.00034691531355690586,0.0002047218440566212
2026-04-16 11:45:00,-0.00026177412366834574,0.0001357364235445857
2026-04-16 11:50:00,-8.727689848342379e-05,0.00012326346768531948
2026-04-16 11:55:00,-0.0012515568129405352,0.0001333902619080618
2026-04-16 12:00:00,-0.001002022839319494,0.00015815370716154575
2026-04-16 12:05:00,-0.0007026486817167665,-6.836803368059918e-05
2026-04-16 12:10:00,3.744469107580528e-05,0.00027851166669279337
2026-04-16 12:15:00,6.0316077060917905e-05,0.0002795952605083585
2026-04-16 12:20:00,0.0002661498938643092,0.000232314967433922
2026-04-16 12:25:00,0.00024959544867364514,7.229376933537424e-05
2026-04-16 12:30:00,0.00025786219903878305,-0.00010651990305632353
2026-04-16 12:35:00,0.0002681575410434789,8.929816249292344e-05
2026-04-16 12:40:00,0.0019198011298442452,-0.0001929738064063713
2026-04-16 12:45:00,0.0022161191691854043,0.00011308908142382279
2026-04-16 12:50:00,0.0014663185576431204,0.00026979067479260266
2026-04-16 12:55:00,-2.0757158871731463e-06,0.00021237369219306856
2026-04-16 13:00:00,-0.0004669081531236685,0.00036896171513944864
2026-04-16 13:05:00,-0.00015981983979429515,0.00034871662501245737
2026-04-16 13:10:00,-0.0002802612052761333,0.00046259909868240356
2026-04-16 13:15:00,0.00023866918178150343,0.00046034864499233663
2026-04-16 13:20:00,0.00017019686837294046,5.536199387279339e-05
2026-04-16 13:25:00,0.00033215280995158025,0.00019063754007220268
2026-04-16 13:30:00,-0.0004753192148552188,0.00018493388779461384
2026-04-16 13:35:00,-1.8678728974208525e-05,0.0001349571830360219
2026-04-16 13:40:00,0.0009792084961155467,0.00012575299479067326
2026-04-16 13:45:00,0.0006309423457473429,0.0001566811406519264
2026-04-16 13:50:00,-0.00040894404783031746,7.815803110133857e-05
2026-04-16 13:55:00,-0.0011265876895532045,0.0001279041898669675
2026-04-16 14:00:00,-0.000251083968155541,8.937776874518022e-05
2026-04-16 14:05:00,8.720006815288173e-05,0.00022333268134389073
2026-04-16 14:10:00,-0.00035504470095126806,0.00026292598340660334
2026-04-16 14:15:00,0.00017223794195331266,0.0002494527434464544
2026-04-16 14:20:00,-0.00029900332448562494,0.0002519337576813996
2026-04-16 14:25:00,0.00032182948921111176,0.0002474167267791927
2026-04-16 14:30:00,-0.000892638490885389,0.00029312429251149297
2026-04-16 14:35:00,0.0003259922808140914,0.0003092493861913681
2026-04-16 14:40:00,4.56706317155664e-05,0.00030665265512652695
2026-04-16 14:45:00,0.0009901576654112176,0.0003631817817222327
2026-04-16 14:50:00,-0.0002221615497326468,0.0003925494384020567
2026-04-16 14:55:00,0.0001349237734622477,0.00038219260750338435
2026-04-16 15:00:00,-0.0003050384278679985,0.000343525898642838
2026-04-16 15:05:00,0.00032803426798899693,8.156896365107968e-05
2026-04-16 15:10:00,-0.0005065772098760135,0.00013045463128946722
2026-04-16 15:15:00,0.0009169097880441512,0.00014617215492762625
2026-04-16 15:20:00,0.0008631708784196945,0.00015431217616423965
2026-04-16 15:25:00,8.513951984312484e-05,8.82344029378146e-05
2026-04-16 15:30:00,-0.0018201199828418169,-4.490067658480257e-05
2026-04-16 15:35:00,-0.00564691820431662,-0.0003980813780799508
2026-04-16 15:40:00,-0.0045995943545342755,-0.00010528122948016971
2026-04-16 15:45:00,-0.004532501911674203,-5.113900260766968e-05
2026-04-16 15:50:00,0.0011236038217266042,0.00010354240657761693
2026-04-16 15:55:00,0.0016466295761699001,0.000398747535655275
2026-04-16 16:00:00,0.0005090300792307545,-0.00017008419672492892
2026-04-16 16:05:00,-0.0008837679100501816,0.0003906880447175354
2026-04-16 16:10:00,-0.00041869548847550675,0.0007502925582230091
2026-04-16 16:15:00,0.0003816025895186925,0.00014977360842749476
2026-04-16 16:20:00,-0.0011266854526645886,-6.65801708237268e-05
2026-04-16 16:25:00,-0.0024970625047036066,0.00022838887525722384
2026-04-16 16:30:00,-0.001193252839962966,0.00020588097686413676
2026-04-16 16:35:00,0.00022335150505625734,0.00010944838868454099
2026-04-16 16:40:00,0.00018796599959358673,-0.00020468729780986905
2026-04-16 16:45:00,0.0020893419920184897,-5.929446706431918e-05
2026-04-16 16:50:00,0.003658360278222972,0.00032319422462023795
2026-04-16 16:55:00,0.003833055428323462,0.0008789527346380055
2026-04-16 17:00:00,0.0005872320922417629,0.0006402005674317479
2026-04-16 17:05:00,-0.000819675587523605,0.0005311016575433314
2026-04-16 17:10:00,-0.001107346063013992,0.0002075200027320534
2026-04-16 17:15:00,-0.0004935017169707123,0.000814416038338095
2026-04-16 17:20:00,0.0003579105553139783,0.0008263757335953414
2026-04-16 17:25:00,0.00024363807996152786,0.0005734364385716617
2026-04-16 17:30:00,0.0004955834868081155,0.0006855988758616149
2026-04-16 17:35:00,-0.0002788262680724074,0.0007749071810394526
2026-04-16 17:40:00,0.0011008369760947545,0.000812032725661993
2026-04-16 17:45:00,0.0010528200317487801,0.0008579203276894987
2026-04-16 17:50:00,0.0002767457629264669,0.00048346270341426134
2026-04-16 17:55:00,-0.0006345501304654277,0.0005582818994298577
2026-04-16 18:00:00,-0.000919595775577875,0.00022101627837400883
2026-04-16 18:05:00,-0.0016616245678964248,-0.0002572319353930652
2026-04-16 18:10:00,-0.001116120348667593,-0.0001596356596564874
2026-04-16 18:15:00,-0.002482132948220084,-3.104737334069796e-05
2026-04-16 18:20:00,-0.0004418986706564709,8.484763384331018e-05
2026-04-16 18:25:00,-0.001956213162777942,0.00021305418340489268
2026-04-16 18:30:00,-0.0009457055135086989,0.00043507994269020855
2026-04-16 18:35:00,-0.0013268688680536656,0.0005604032194241881
2026-04-16 18:40:00,0.0004236841591946927,0.00019908991816919297
2026-04-16 18:45:00,0.0009269253674624167,0.0006631056312471628
2026-04-16 18:50:00,0.000980717504702966,0.00025548733538016677
2026-04-16 18:55:00,-0.00020242767192790723,0.0006475268746726215
2026-04-16 19:00:00,-7.721097276203182e-05,0.000273734302027151
2026-04-16 19:05:00,-0.00031914927174270247,0.00048298269393853843
2026-04-16 19:10:00,-0.0012467722851816632,0.00033504614839330316
2026-04-16 19:15:00,-0.0017482321099766551,0.0003798941324930638
2026-04-16 19:20:00,-0.002270357162146297,0.00027127392240799963
2026-04-16 19:25:00,0.00036563033509295906,0.0006230399012565613
2026-04-16 19:30:00,0.0011010950425536237,0.0006461411248892546
2026-04-16 19:35:00,0.0009948294771664479,0.0005681345355696976
2026-04-16 19:40:00,0.0004093473264763503,0.0006230316939763725
2026-04-16 19:45:00,0.00041546837348960253,0.0001909047714434564
2026-04-16 19:50:00,0.0006515365633887882,9.633816807763651e-05
2026-04-16 19:55:00,0.00015659369084630725,-4.14128226111643e-06
2026-04-16 20:00:00,-9.602257790497504e-05,0.0001091803569579497
2026-04-16 20:05:00,0.00010228609429319135,-0.0010903638321906328
2026-04-16 20:10:00,-0.00044896753883705287,-0.0007514985045418143
2026-04-16 20:15:00,-0.0002943875351277825,-0.00022143770183902234
2026-04-16 20:20:00,-0.00021084604663457185,-6.307262083282694e-05
2026-04-16 20:25:00,0.0005429119843363139,6.044716064934619e-05
2026-04-16 20:30:00,0.00029021243127225205,0.00023128399334382266
2026-04-16 20:35:00,0.00011691022977800003,0.00020479662634897977
2026-04-16 20:40:00,-1.0437835902266102e-05,0.00017077512165997177
2026-04-16 20:45:00,0.0005655677898168676,-9.256134217139333e-05
2026-04-16 20:50:00,0.0006406758409944757,-5.534140291274525e-05
2026-04-16 20:55:00,-2.087599865596701e-05,-2.6193478333880194e-05
2026-04-16 21:00:00,7.510671415822401e-05,1.622250783839263e-05
2026-04-16 21:05:00,-0.00013561373057591197,-0.0003089157398790121
2026-04-16 21:10:00,0.0002233505726110252,-0.0006400983547791839
2026-04-16 21:15:00,-0.00031924250077430827,-0.0006086985813453794
2026-04-16 21:20:00,0.00021905919379960892,-0.0001212108982144855
2026-04-16 21:25:00,0.0013869960415515692,-0.00048158419667743146
2026-04-16 21:30:00,0.0006467252978179516,-0.0005621945019811392
2026-04-16 21:35:00,0.0003003460259041191,-0.0004339050210546702
2026-04-16 21:40:00,-0.0008507409048039705,-0.0004889062838628888
2026-04-16 21:45:00,-0.0005090003468470883,-0.0002877791703213006
2026-04-16 21:50:00,-0.0008866978182968666,-0.000311289302771911
2026-04-16 21:55:00,-0.0006844541536867865,-4.5848850277252495e-05
2026-04-16 22:00:00,-0.00019407244388602862,0.0001492008741479367
2026-04-16 22:05:00,-0.00045095264508887567,-0.00039834060589782894
2026-04-16 22:10:00,-0.00030272820979604376,-0.000365804327884689
2026-04-16 22:15:00,-0.00096883855537655,-0.00026033492758870125
2026-04-16 22:20:00,0.00011902114518669293,-0.00035962503170594573
2026-04-16 22:25:00,0.0,-0.00023520963441114873
2026-04-16 22:30:00,0.0007225418751701795,-0.0002556433901190758
2026-04-16 22:35:00,5.42856427134808e-05,-0.00028875033603981137
2026-04-16 22:40:00,0.00021087554141097087,-0.000388596294214949
2026-04-16 22:45:00,0.00010228310511273264,-0.0004728006315417588
2026-04-16 22:50:00,0.001191453808317533,-0.0004317964776419103
2026-04-16 22:55:00,0.0013268688680536656,-0.00032155695953406394
2026-04-16 23:00:00,0.0009763812500995783,-0.0002711125125642866
2026-04-17 00:00:00,-0.0005214775872381949,1.8508249922888353e-05
2026-04-17 00:05:00,-0.0005568201750296708,0.00013050563575234264
2026-04-17 00:10:00,-0.000306581173937559,7.380230817943811e-05
2026-04-17 00:15:00,0.0004359739027073317,3.690840458148159e-05
2026-04-17 00:20:00,3.963415588614794e-05,0.0001282564044231549
2026-04-17 00:25:00,0.0002753016865018054,0.00018237366748508066
2026-04-17 00:30:00,0.00012303957823434075,0.0002957543183583766
2026-04-17 00:35:00,0.00048174228970943034,0.0002941741549875587
2026-04-17 00:40:00,-0.00012304214417468984,0.00025468485546298325
2026-04-17 00:45:00,-0.00028989708856563823,0.0002987114421557635
2026-04-17 00:50:00,-0.0004650546940165867,0.0002042436826741323
2026-04-17 00:55:00,-0.00033374982840150835,0.00017067536828108132
2026-04-17 01:00:00,0.00044002657552866253,6.602937901334371e-06
2026-04-17 01:05:00,0.0005025833095899657,-0.00011682789772748947
2026-04-17 01:10:00,0.00026075157094140877,-0.0001360523165203631
2026-04-17 01:15:00,-0.0002502283346590417,-9.642181976232678e-05
2026-04-17 01:20:00,-0.00023979040348542924,-0.0001472747972002253
2026-04-17 01:25:00,0.0002836205009906223,-0.0002103485312545672
2026-04-17 01:30:00,-0.0001960559391420702,-0.00027674203738570213
2026-04-17 01:35:00,-0.0002836524442333399,-0.0003400814312044531
2026-04-17 01:40:00,-0.0008782333264694131,-0.00027048084302805364
2026-04-17 01:45:00,-0.0011813202521722133,-0.0003160186461172998
2026-04-17 01:50:00,-0.0006614729804130803,-0.00024117031716741621
2026-04-17 01:55:00,-0.0002713443668866944,-0.00015011627692729235
2026-04-17 02:00:00,0.0006221411458930959,0.0006985259242355824
2026-04-17 02:05:00,-0.00022963550683385847,0.000882092397660017
2026-04-17 02:10:00,0.0005593063078190852,0.000939368037506938
2026-04-17 02:15:00,0.0010826044889284958,0.0006052303360775113
2026-04-17 02:20:00,0.0014041268608018243,0.00041863592923618853
2026-04-17 02:25:00,0.0010989183954848158,8.113226795103401e-05
2026-04-17 02:30:00,0.0005794105181298193,0.00018900538270827383
2026-04-17 02:35:00,-0.00021685370383472957,-0.0002984746533911675
2026-04-17 02:40:00,-0.0005983124432535902,-0.00026734601124189794
2026-04-17 02:45:00,-0.0021630379393382526,-0.00012898245768155903
2026-04-17 02:50:00,-0.0024930222939723024,-0.0003000788565259427
2026-04-17 02:55:00,-0.003419535188383449,-0.00022398731380235404
2026-04-17 03:00:00,-0.0011553968025364014,1.8216109310742468e-05
2026-04-17 03:05:00,-0.0019314538882557741,-0.0001438493636669591
2026-04-17 03:10:00,-0.0020946715045955244,0.0001714269892545417
2026-04-17 03:15:00,-0.001797381831080358,0.00020490096358116716
2026-04-17 03:20:00,8.37838460476803e-06,0.00016540955402888358
2026-04-17 03:25:00,0.00183517041490866,-7.299989374587312e-05
2026-04-17 03:30:00,0.0007976076381890351,-5.776724356110208e-05
2026-04-17 03:35:00,0.0026001886868325386,0.00047430567792616785
2026-04-17 03:40:00,0.002489687692161624,0.0004366756184026599
2026-04-17 03:45:00,0.00280019157390754,0.00010230693442281336
2026-04-17 03:50:00,0.0006996198321633784,0.00033858578535728157
2026-04-17 03:55:00,0.000400780692745073,0.0004630555340554565
2026-04-17 04:00:00,-0.0005072142462694273,0.0006792733329348266
2026-04-17 04:05:00,-1.043848963533378e-05,0.0004805399221368134
2026-04-17 04:10:00,-0.0005448504979472801,0.0005947911995463073
2026-04-17 04:15:00,0.00042791375999051695,0.0005214065313339233
2026-04-17 04:20:00,0.000682447864619462,-0.0003081223403569311
2026-04-17 04:25:00,0.0005511114219540758,-1.802823817342869e-06
2026-04-17 04:30:00,-0.00044044082366845316,-7.667359022889286e-05
2026-04-17 04:35:00,-0.0010081834871069617,-0.0001258389966096729
2026-04-17 04:40:00,-0.0014138764806368442,-0.00010902385110966861
2026-04-17 04:45:00,0.0005030469933178239,3.306241342215799e-05
2026-04-17 04:50:00,0.0015108517064295057,0.00010911664867307991
2026-04-17 04:55:00,0.002310870359867323,-0.0009407494217157364
2026-04-17 05:00:00,0.0010908049156252986,-3.957933950005099e-05
2026-04-17 05:05:00,3.961870128499356e-05,-0.00023013300960883498
2026-04-17 05:10:00,-0.0004233642925211001,-9.226273505191784e-06
2026-04-17 05:15:00,-0.0005775821155982186,2.0453258912311867e-05
2026-04-17 05:20:00,-0.0005652363140669081,0.0001448296825401485
2026-04-17 05:25:00,7.926409549163793e-05,2.309075898665469e-05
2026-04-17 05:30:00,0.0003691071922915512,0.00023992468777578324
2026-04-17 05:35:00,0.0002503285575379266,0.00019639854144770652
2026-04-17 05:40:00,-0.0002211207912612423,0.00011459884990472347
2026-04-17 05:45:00,-0.00039413634082308135,0.0002528573968447745
2026-04-17 05:50:00,-8.134990789976371e-05,0.00035768983070738614
2026-04-17 05:55:00,0.00045887538792754867,0.0002624268818181008
2026-04-17 06:00:00,0.0002961381109685135,-0.0001995290513150394
2026-04-17 06:05:00,0.0002586280630030302,0.0003705818089656532
2026-04-17 06:10:00,0.0001146859534948419,0.00043434815597720444
2026-04-17 06:15:00,0.00032940274160786487,0.00012302848335821182
2026-04-17 06:20:00,0.0009067553893160607,-0.0001756003184709698
2026-04-17 06:25:00,0.0011148958518933938,-0.00020480019156821072
2026-04-17 06:30:00,0.0003126237494459616,-6.0826812841696665e-05
2026-04-17 06:35:00,1.666826404189692e-05,-0.00012825003068428487
2026-04-17 06:40:00,0.0003748258665385862,-0.00044120181701146066
2026-04-17 06:45:00,0.00042709446207567225,-0.0003668853605631739
2026-04-17 06:50:00,0.001045378253460072,-0.00042076106183230877
2026-04-17 06:55:00,0.0003892536890344189,-0.0003252914175391197
2026-04-17 07:00:00,0.0005497457564409558,-0.00021430259221233428
2026-04-17 07:05:00,2.9138317515275958e-05,-0.0003343620919622481
2026-04-17 07:10:00,-0.0003163871939531049,-0.0002126497565768659
2026-04-17 07:15:00,-0.0010247695165599424,-0.00010329663200536743
2026-04-17 07:20:00,-0.0010870177429609384,-9.654844325268641e-05
2026-04-17 07:25:00,-0.0014103889865175745,-0.00014946697046980262
2026-04-17 07:30:00,-0.00023759652470545234,-0.00023606182367075235
2026-04-17 07:35:00,-0.0004668222825685575,-0.00021830762852914631
2026-04-17 07:40:00,-0.00046083863018608895,-5.484453140525147e-05
2026-04-17 07:45:00,-0.0008069990397387983,-6.395313539542258e-05
2026-04-17 07:50:00,-0.00134750388032856,0.00016936325118876994
2026-04-17 07:55:00,-0.0013963232429272665,7.82433053245768e-05
2026-04-17 08:00:00,-0.0016013281707358828,0.00021398795070126653
2026-04-17 08:05:00,-0.0006660785655174806,0.00034508961834944785
2026-04-17 08:10:00,-0.00086088915101179,0.0002745006640907377
2026-04-17 08:15:00,-0.0006291234177666638,0.0005263717612251639
2026-04-17 08:20:00,-0.00035723425859401914,0.00047134028864093125
2026-04-17 08:25:00,0.00041799991830693273,0.0007365305791608989
2026-04-17 08:30:00,0.0004870304720245855,0.0006690511363558471
2026-04-17 08:35:00,-0.0001922490215857664,0.0008983168518170714
2026-04-17 08:40:00,-0.00010657338371267144,0.0007145415293052793
2026-04-17 08:45:00,0.0007666445265339661,0.0008261529146693647
2026-04-17 08:50:00,0.0009441727284063006,0.000506392796523869
2026-04-17 08:55:00,0.00045755833883553976,0.00040112208807840943
2026-04-17 09:00:00,7.725853319229259e-05,0.00013365047925617546
2026-04-17 09:05:00,-0.00011692878215363578,0.00017401429067831486
2026-04-17 09:10:00,0.000916575995386637,0.000215361884329468
2026-04-17 09:15:00,0.0010643072052367586,0.00014621461741626263
2026-04-17 09:20:00,-0.0004636736822938303,0.00016906614473555237
2026-04-17 09:25:00,-0.0011568202518326132,0.00022896446171216667
2026-04-17 09:30:00,-0.0030184839642277694,0.00018183742940891534
2026-04-17 09:35:00,-0.0003071455235748033,-0.0004557787615340203
2026-04-17 09:40:00,-0.0001734295488589055,-0.00048668408999219537
2026-04-17 09:45:00,0.002242277571214757,0.00021710683358833194
2026-04-17 09:50:00,-0.0002048161051142472,-0.00022190774325281382
2026-04-17 09:55:00,-0.00042011669829378206,0.0002980978460982442
2026-04-17 10:00:00,-0.0010651340882912308,-0.00019247249292675406
2026-04-17 10:05:00,1.6721254596063773e-05,3.963943527196534e-05
2026-04-17 10:10:00,0.0002571072935442231,3.732764889718965e-05
2026-04-17 10:15:00,0.00019013651231958306,4.360238744993694e-05
2026-04-17 10:20:00,0.0011050728979000723,-2.844366235876805e-07
2026-04-17 10:25:00,0.002607051783920511,-0.00011475363135104999
2026-04-17 10:30:00,0.0015302221807687033,1.5396186654470512e-06
2026-04-17 10:35:00,0.0008014058422318726,0.00022929426631890237
2026-04-17 10:40:00,-0.0001938859227177403,-0.000244332681177184
2026-04-17 10:45:00,0.0011112305257849897,-6.838732133473968e-06
2026-04-17 10:50:00,0.0005526792046524065,4.278636333765462e-05
2026-04-17 10:55:00,-0.0006507307393306405,7.319734140764922e-05
2026-04-17 11:00:00,-0.0007024543459053234,-5.347988007997628e-06
2026-04-17 11:05:00,-0.0002940290234079157,4.334970435593277e-05
2026-04-17 11:10:00,0.0006194552954514876,3.925300552509725e-05
2026-04-17 11:15:00,0.0002981343690748872,6.106062937760726e-05
2026-04-17 11:20:00,0.00015432388443059608,2.050242619588971e-05
2026-04-17 11:25:00,-0.00024815318894688687,6.881217268528417e-05
2026-04-17 11:30:00,-0.0010720305366547223,0.00010982674575643614
2026-04-17 11:35:00,-0.0007280336009714006,-2.8350232241791673e-06
2026-04-17 11:40:00,-0.0009076389388837924,-6.055086123524234e-05
2026-04-17 11:45:00,-0.00016695640598207717,-5.750097625423223e-05
2026-04-17 11:50:00,-0.0005886552528977518,4.179794268566184e-05
2026-04-17 11:55:00,0.00021081259986033274,-4.234693551552482e-05
2026-04-17 12:00:00,6.887289509904804e-05,0.0001698692940408364
2026-04-17 12:05:00,0.0007409811973264624,0.0005669696838594973
2026-04-17 12:10:00,-0.0003673853684187378,0.0004288208147045225
2026-04-17 12:15:00,-0.0006972962309124142,0.00036840641405433416
2026-04-17 12:20:00,-0.0014657952474212976,0.00039515586104243994
2026-04-17 12:25:00,-0.0009733885549429999,0.00026418486959300935
2026-04-17 12:30:00,-7.10095257492327e-05,0.00014194331015460193
2026-04-17 12:35:00,0.00010865113801727944,-2.9777165764244273e-06
2026-04-17 12:40:00,0.0005536526065430536,0.00019205230637453496
2026-04-17 12:45:00,-0.0005619884929828345,0.00014717259909957647
2026-04-17 12:50:00,0.00021100021491804455,0.00041446983232162893
2026-04-17 12:55:00,-0.00030081470876552885,0.00033450714545324445
2026-04-17 13:00:00,8.776622427042469e-05,5.142298505234066e-06
2026-04-17 13:05:00,0.0007475433735315562,3.527385706547648e-05
2026-04-17 13:10:00,0.0013675594122677381,0.0005141512374393642
2026-04-17 13:15:00,0.0016202010839343473,0.0005210369126871228
2026-04-17 13:20:00,0.0003860814554599301,0.00042117974953725934
2026-04-17 13:25:00,0.0014198639441325156,0.00041061887168325484
2026-04-17 13:30:00,0.0024794985366121125,0.00010163919068872929
2026-04-17 13:35:00,0.0018282093336008387,4.539693327387795e-05
2026-04-17 13:40:00,5.4169262291736686e-05,-5.656744906445965e-05
2026-04-17 13:45:00,-0.00023102114570505705,2.4568249500589445e-05
2026-04-17 13:50:00,0.0005455219447600967,-0.00023704544582869858
2026-04-17 13:55:00,0.0008454934249062518,-4.188950333627872e-05
2026-04-17 14:00:00,0.0004120544719388164,0.0005417832871899009
2026-04-17 14:05:00,0.00174284189665741,0.0001860872725956142
2026-04-17 14:10:00,0.003013797147756847,0.00011611558875301853
2026-04-17 14:15:00,0.002377440384972118,7.145848940126598e-05
2026-04-17 14:20:00,0.0022769195262615227,0.0001629897451493889
2026-04-17 14:25:00,0.0010371379244347168,-0.0004068595007993281
2026-04-17 14:30:00,0.004082885438121409,-0.000747549463994801
2026-04-17 14:35:00,0.004100715198115168,-0.00035871105501428246
2026-04-17 14:40:00,0.004917957940829609,-0.00033825295395217836
2026-04-17 14:45:00,0.0015306647125576944,-0.0005741542554460466
2026-04-17 14:50:00,0.004098362169905556,-0.0009131166734732687
2026-04-17 14:55:00,0.00743427552900755,-0.0008561442955397069
2026-04-17 15:00:00,0.0040477420385034435,0.001768152811564505
2026-04-17 15:05:00,-0.0003825444600327188,0.0009417908731848001
2026-04-17 15:10:00,-0.006572300728610259,0.0009340958204120398
2026-04-17 15:15:00,-0.0017859903308110603,0.0011479202657938004
2026-04-17 15:20:00,0.0013279941431321163,-5.6455337471561506e-05
2026-04-17 15:25:00,0.0028261020377122748,0.0007790816016495228
2026-04-17 15:30:00,0.002057313340461775,0.0011457037180662155
2026-04-17 15:35:00,0.002101449007742673,0.000396650837501511
2026-04-17 15:40:00,0.003314030191713613,0.0005171892698854208
2026-04-17 15:45:00,0.002077700987838327,4.526411430560984e-05
2026-04-17 15:50:00,-0.00119383650005922,0.0010257383110001683
2026-04-17 15:55:00,-0.002740728172227591,-0.0004971366142854095
2026-04-17 16:00:00,-0.0010259925838411732,-0.0011019783560186625
2026-04-17 16:05:00,0.0013434783336343514,-0.00033509652712382376
2026-04-17 16:10:00,0.0008254705342487512,0.0004710398497991264
2026-04-17 16:15:00,0.001356138271313867,0.00018432967772241682
2026-04-17 16:20:00,-0.0005925488692994918,-0.00016155328194145113
2026-04-17 16:25:00,0.0011487746301064305,-6.09521557635162e-05
2026-04-17 16:30:00,0.00041816475480516146,-0.00020067852165084332
2026-04-17 16:35:00,0.00015586002980683134,-0.0003083438496105373
2026-04-17 16:40:00,-0.0009148099330786863,-4.144467311562039e-05
2026-04-17 16:45:00,-0.0021582948828164916,4.563884067465551e-05
2026-04-17 16:50:00,-0.0008103270984953781,0.0002574694808572531
2026-04-17 16:55:00,-0.0011046299073509402,-1.2627337127923965e-05
2026-04-17 17:00:00,-0.000725263761722772,-0.0011441882234066725
2026-04-17 17:05:00,-0.0004988314515035341,-0.00031243046396411955
2026-04-17 17:10:00,-0.00028970529366922904,-0.00014352957077790052
2026-04-17 17:15:00,0.0016305913991985221,-5.5575030273757875e-05
2026-04-17 17:20:00,-7.186865698116662e-05,0.0006250528967939317
2026-04-17 17:25:00,-0.0015238748436186,0.0004685411404352635
2026-04-17 17:30:00,-0.0019409924048403582,2.046396730293054e-05
2026-04-17 17:35:00,-0.00013143033184448427,-0.0007067646365612745
2026-04-17 17:40:00,0.0018012539620375634,-8.483479905407876e-05
2026-04-17 17:45:00,0.0006967259302541606,0.0008352072909474373
2026-04-17 17:50:00,0.0004866165157562108,0.0004070920986123383
2026-04-17 17:55:00,0.000864518156873828,-0.00010814716370077804
2026-04-17 18:00:00,0.0007578317339653751,-0.00019412687106523663
2026-04-17 18:05:00,-0.0002730509975616968,0.00057220394955948
2026-04-17 18:10:00,-0.0006960735778225313,0.00017455844499636441
2026-04-17 18:15:00,0.00011290678530428977,0.000413497124100104
2026-04-17 18:20:00,0.0003017888712086858,0.0002137890987796709
2026-04-17 18:25:00,9.037320029925411e-05,0.00021180589101277292
2026-04-17 18:30:00,-0.0010823767748053825,0.000407124578487128
2026-04-17 18:35:00,-0.001074126092294847,0.00021265822579152882
2026-04-17 18:40:00,-0.00036154181542791264,0.0004922739462926984
2026-04-17 18:45:00,5.548232119068075e-05,0.0005490197218023241
2026-04-17 18:50:00,-0.0009950576885380258,0.00040775787783786654
2026-04-17 18:55:00,-0.0007851601040531619,0.0001996089267777279
2026-04-17 19:00:00,-0.0006721597649939071,-5.421502282842994e-05
2026-04-17 19:05:00,-0.0013317184529846315,-0.00015091449313331395
2026-04-17 19:10:00,-0.0011068479625677696,-0.0001665654854150489
2026-04-17 19:15:00,-0.0003599042076700698,-5.4532711146748625e-06
2026-04-17 19:20:00,0.00046125936978747006,-4.5786844566464424e-05
2026-04-17 19:25:00,-0.0005950769400033806,-0.00013835859135724604
2026-04-17 19:30:00,-0.00024069394030235003,-4.160963726462796e-05
2026-04-17 19:35:00,0.0009506760392525848,-0.000249548873398453
2026-04-17 19:40:00,0.0016834189307974867,-0.00023112367489375174
2026-04-17 19:45:00,0.00041757733758274185,-0.0002646498032845557
2026-04-17 19:50:00,0.00035781265804679663,-0.0003012442321050912
2026-04-17 19:55:00,-0.00037019137259974855,-0.0005930857150815427
2026-04-17 20:00:00,-0.0001254605793192809,-0.001218319172039628
2026-04-17 20:05:00,0.00025285931597629485,-0.001039800583384931
2026-04-17 20:10:00,-6.376901630211762e-05,-0.0013875571312382817
2026-04-17 20:15:00,0.0009128290107547343,-0.0012233583256602287
2026-04-17 20:20:00,-0.0004358624388487442,-0.0007084297249093652
2026-04-17 20:25:00,0.00023859868637110537,-0.0009777164086699486
2026-04-17 20:30:00,-0.0011082497883077025,-0.0011514697689563036
2026-04-17 20:35:00,-0.0012654882511782262,-0.0009255579789169133
2026-04-17 20:40:00,-0.0008271111866111625,-0.0009718755609355867
2026-04-17 20:45:00,-0.0005412062858525246,-0.00036097000702284276
2026-04-17 20:50:00,-0.0002862429398362565,-0.00037413727841340005
2026-04-17 20:55:00,-0.00033144792608119644,3.9754009776515886e-05
2026-04-17 21:00:00,-0.0003994046042272714,-0.0004109381407033652
2026-04-17 21:05:00,-6.178808540369118e-06,-0.00034861263702623546
2026-04-17 21:10:00,1.029506691274662e-05,-0.00047357671428471804
2026-04-17 21:15:00,0.0003026562743464467,-0.00042825823766179383
2026-04-17 21:20:00,0.0009778361370091915,-0.00039904992445372045
2026-04-17 21:25:00,0.0006298564506064253,-0.0004946687840856612
2026-04-17 21:30:00,0.00020789443154534126,-0.00047311047092080116
2026-04-17 21:35:00,-0.0010808219003486386,-0.00048780161887407303
2026-04-17 21:40:00,-0.0010520411286911724,-0.0004894352168776095
2026-04-17 21:45:00,-0.0016148902953769806,-0.00038373464485630393
2026-04-17 21:50:00,-0.0015048012173473069,-0.00042943438165821135
2026-04-17 21:55:00,-0.0017648069993771998,-0.0001574604248162359
2026-04-17 22:00:00,0.00018139318258647563,-5.3958618082106113e-05
2026-04-17 22:05:00,0.00024339532471095993,-0.0002313641452929005
2026-04-17 22:10:00,-4.1271066304915394e-05,-0.0003687143907882273
2026-04-17 22:15:00,-0.0010702830466211566,-0.0001474001765018329
2026-04-17 22:20:00,-0.0013022353437595058,-0.00021200627088546753
2026-04-17 22:25:00,-0.002183603191721062,-0.0003446152259130031
2026-04-17 22:30:00,-0.0026838332299679024,-0.0003549144312273711
2026-04-17 22:35:00,-0.0015976045535097683,-0.0002175173576688394
2026-04-17 22:40:00,-0.0010345884502669378,0.00020069259335286915
2026-04-17 22:45:00,-0.012436329676830837,0.0002962244034279138
2026-04-17 22:50:00,-0.008593836159619173,0.0002547792682889849
2026-04-17 22:55:00,-0.008275806078220427,0.00031495169969275594
2026-04-20 00:00:00,0.0037613561795009076,-0.0003451492520980537
2026-04-20 00:05:00,-0.001845959044411316,-0.0006387832690961659
2026-04-20 00:10:00,-0.0010463605468036263,-0.002706009428948164
2026-04-20 00:15:00,-0.0013594803909384723,-0.00024905387545004487
2026-04-20 00:20:00,-1.6721079848736053e-05,0.0005732010467909276
2026-04-20 00:25:00,-0.0009345042842525686,0.00018561864271759987
2026-04-20 00:30:00,1.4627902725550257e-05,-0.0001266767649212852
2026-04-20 00:35:00,-0.0004494837806809926,0.0006701282109133899
2026-04-20 00:40:00,-0.0003681877464369876,-0.0006465971237048507
2026-04-20 00:45:00,-0.001941110514383837,-0.0008747787796892226
2026-04-20 00:50:00,-0.0012135695284918313,-0.0008993052178993821
2026-04-20 00:55:00,-0.0013840079177604991,-0.0009839582489803433
2026-04-20 01:00:00,-0.0006681279158424758,-0.0009939947631210089
2026-04-20 01:05:00,-0.0011752175033397094,9.369935287395492e-05
2026-04-20 01:10:00,-0.0006602244374054322,0.00036302232183516026
2026-04-20 01:15:00,-0.0003394710570656656,0.000657442316878587
2026-04-20 01:20:00,-0.001428459300553797,0.0015228537376970053
2026-04-20 01:25:00,-0.00367797674514847,0.001773310243152082
2026-04-20 01:30:00,-0.00573811863929663,0.0019791885279119015
2026-04-20 01:35:00,-0.002381101117538975,0.002222798066213727
2026-04-20 01:40:00,0.0005364699773853232,0.00213941209949553
2026-04-20 01:45:00,0.0012597405084093793,0.0018936262931674719
2026-04-20 01:50:00,4.208098907731994e-05,0.0012326447758823633
2026-04-20 01:55:00,-0.00047123668944770714,0.0014749699039384723
2026-04-20 02:00:00,0.0017269290519212888,-0.0008453128975816071
2026-04-20 02:05:00,0.0020661012382596766,-0.0008690492832101882
2026-04-20 02:10:00,0.0027275686088561457,-0.00012379413237795234
2026-04-20 02:15:00,0.001661009607731856,0.000588525494094938
2026-04-20 02:20:00,0.0005121864806589826,0.0006656776531599462
2026-04-20 02:25:00,-5.456247194501884e-05,0.0005701227346435189
2026-04-20 02:30:00,-0.0003987265984566335,0.0007125219563022256
2026-04-20 02:35:00,-0.0003064407145156878,0.0009399425471201539
2026-04-20 02:40:00,0.0016753882315949653,0.0007545555126853287
2026-04-20 02:45:00,0.004874524399019364,0.0009814767399802804
2026-04-20 02:50:00,0.0051779685059010205,0.0010022316128015518
2026-04-20 02:55:00,0.004398404936891254,0.0011843539541587234
2026-04-20 03:00:00,0.0010897454372820192,0.0019556372426450253
2026-04-20 03:05:00,0.0019257276196622541,0.0020108320750296116
2026-04-20 03:10:00,0.0018547352108591042,0.0011812406592071056
2026-04-20 03:15:00,0.003247571083923262,0.00107140326872468
2026-04-20 03:20:00,0.00217371926776444,0.00045610242523252964
2026-04-20 03:25:00,0.0006556278599862964,0.00022841535974293947
2026-04-20 03:30:00,0.0004345697152512429,0.00015769181482028216
2026-04-20 03:35:00,0.0010248383866375832,-8.93072719918564e-05
2026-04-20 03:40:00,0.0004056495597115628,-0.00030746773700229824
2026-04-20 03:45:00,-0.0012876239088708274,-0.0001737382699502632
2026-04-20 03:50:00,-0.0019653706057329856,-0.00016534735914319754
2026-04-20 03:55:00,-0.0014027904088393939,-0.0001224406441906467
2026-04-20 04:00:00,-0.000703797202202594,-0.00012037230771966279
2026-04-20 04:05:00,-4.16361334920623e-06,0.00024605970247648656
2026-04-20 04:10:00,8.330972891101851e-06,9.068332292372361e-05
2026-04-20 04:15:00,0.00014371482005692826,0.00018870033090934157
2026-04-20 04:20:00,-0.001379109422366298,0.00010655455116648227
2026-04-20 04:25:00,-0.0010356551756665056,0.00018203585932496935
2026-04-20 04:30:00,-0.001267068074355393,-7.593520422233269e-05
2026-04-20 04:35:00,-0.0002585342374192834,-0.0003719335945788771
2026-04-20 04:40:00,0.0002584932774869486,-2.7944390240008943e-05
2026-04-20 04:45:00,-5.6305073414364415e-05,0.0002478218812029809
2026-04-20 04:50:00,-0.00044633732996857134,0.00044930048170499504
2026-04-20 04:55:00,-0.0012785258442633562,0.0004910226562060416
2026-04-20 05:00:00,-0.0005527921882091391,-0.00014807736442890018
2026-04-20 05:05:00,0.00031495964709549185,-0.0003958613961003721
2026-04-20 05:10:00,0.0007698141456415897,-0.0002483468852005899
2026-04-20 05:15:00,-3.964589952332176e-05,-4.712000009021722e-05
2026-04-20 05:20:00,-0.00018354058175518162,-0.00033966460614465177
2026-04-20 05:25:00,-0.000419256170614446,-0.0005389805883169174
2026-04-20 05:30:00,2.086665476852545e-06,-0.0001256159448530525
2026-04-20 05:35:00,-0.0004965626699426906,1.2410102499416098e-05
2026-04-20 05:40:00,-0.00039021214889523037,-0.00010230683255940676
2026-04-20 05:45:00,0.00029834834163366963,-0.0001959481305675581
2026-04-20 05:50:00,0.0005987655594523744,-0.00039938691770657897
2026-04-20 05:55:00,0.00026085387009722183,-0.0005449532181955874
2026-04-20 06:00:00,8.343815256139919e-05,-0.00024208797549363226
2026-04-20 06:05:00,-0.0001209759843288083,-0.00019671599147841334
2026-04-20 06:10:00,0.00046936556198495794,-0.00014804814418312162
2026-04-20 06:15:00,-0.0010163334197734741,-4.064734457642771e-05
2026-04-20 06:20:00,-0.0006635423387297834,-0.00016788661014288664
2026-04-20 06:25:00,-0.0015152782996175063,-0.00041211151983588934
2026-04-20 06:30:00,0.0007931207628963932,-0.00029831661959178746
2026-04-20 06:35:00,-0.0004008426099257889,-0.00016861982294358313
2026-04-20 06:40:00,0.00037381499516975225,-0.0001231406204169616
2026-04-20 06:45:00,-0.0005885188902858829,-0.00040975387673825026
2026-04-20 06:50:00,-0.00039264747236522624,-0.00011379948409739882
2026-04-20 06:55:00,-0.0005994246121101554,-0.0003354168438818306
2026-04-20 07:00:00,-0.0005074059450294044,0.00031234993366524577
2026-04-20 07:05:00,8.355492801470632e-05,8.4944193076808e-05
2026-04-20 07:10:00,0.0003154215028740026,8.223348413594067e-05
2026-04-20 07:15:00,0.0014234253936376007,0.00047086947597563267
2026-04-20 07:20:00,0.001110617153781135,7.109474245226011e-05
2026-04-20 07:25:00,-0.001450508454707844,0.0004788969235960394
2026-04-20 07:30:00,-0.0018391472044427815,0.0003465733607299626
2026-04-20 07:35:00,-0.00036728570023036866,0.0003568776592146605
2026-04-20 07:40:00,0.002160365051732782,-2.0485360437305644e-05
2026-04-20 07:45:00,0.0010128888348663878,8.339757187059149e-05
2026-04-20 07:50:00,0.00018783340484596067,1.7979429685510695e-05
2026-04-20 07:55:00,-0.00014819313976488502,-4.5856289943913e-05
2026-04-20 08:00:00,-0.0006786265277671788,8.7716594862286e-05
2026-04-20 08:05:00,-0.0009416088426092983,5.270108158583753e-05
2026-04-20 08:10:00,-0.0008206777838726254,9.64083374128677e-05
2026-04-20 08:15:00,-4.3865558337685684e-05,-2.9684367746085627e-06
2026-04-20 08:20:00,0.0006556706346199093,6.937517900951207e-05
2026-04-20 08:25:00,0.0007309163300952548,0.00014981679851189256
2026-04-20 08:30:00,3.133273801481096e-05,0.00017172168008983135
2026-04-20 08:35:00,-0.0006849143707192695,0.00014556225505657494
2026-04-20 08:40:00,0.0014852458600582708,0.00020134443184360862
2026-04-20 08:45:00,0.0022137820569287925,0.00019356455595698208
2026-04-20 08:50:00,0.0018114963986359811,0.0002408105501672253
2026-04-20 08:55:00,-0.00011882191215129012,0.00022341574367601424
2026-04-20 09:00:00,0.000987421909332653,-7.141817332012579e-05
2026-04-20 09:05:00,0.0012419410882547055,-3.630688297562301e-05
2026-04-20 09:10:00,0.00026680841021686774,-0.00014802647638134658
2026-04-20 09:15:00,-0.0017067286537724158,-0.0001123859838116914
2026-04-20 09:20:00,-0.0011356072394832495,0.0008902908302843571
2026-04-20 09:25:00,-7.294835364035634e-05,0.0013808567309752107
2026-04-20 09:30:00,-0.0004172264515336366,0.0006315673817880452
2026-04-20 09:35:00,-0.0016776391794799395,0.0006164922378957272
2026-04-20 09:40:00,-0.0017669747301294336,0.0008938343380577862
2026-04-20 09:45:00,-0.000745182181422166,0.0009526119683869183
2026-04-20 09:50:00,8.353433782914976e-06,0.0009738379158079624
2026-04-20 09:55:00,-1.4616113013232734e-05,0.0006831028149463236
2026-04-20 10:00:00,-4.5939760452640144e-05,0.00035967942676506937
2026-04-20 10:05:00,8.97950064135955e-05,0.0004941627848893404
2026-04-20 10:10:00,0.0006116061322050115,-3.226395710953511e-05
2026-04-20 10:15:00,0.0003027459076729855,0.00012158711615484208
2026-04-20 10:20:00,0.00017747803755874259,0.00021978838776703924
2026-04-20 10:25:00,6.886053553145643e-05,0.0003105145297013223
2026-04-20 10:30:00,0.0008993453747887514,0.00023038055223878473
2026-04-20 10:35:00,0.0008431123028280751,-0.00013282902364153415
2026-04-20 10:40:00,0.000769663211279692,-0.00019925509695895016
2026-04-20 10:45:00,0.0001918669283611507,-7.087520498316735e-05
2026-04-20 10:50:00,0.00031494125354569746,-0.00019328111375216395
2026-04-20 10:55:00,-4.795628056086798e-05,-0.0003928188234567642
2026-04-20 11:00:00,-0.0001918669283611507,-9.98617397272028e-05
2026-04-20 11:05:00,-0.0003462322251657213,-0.00016184677951969206
2026-04-20 11:10:00,-0.0006027771732046716,7.466483657481149e-05
2026-04-20 11:15:00,-0.0017284609523287031,0.00016419902385678142
2026-04-20 11:20:00,-0.0009934757019038898,0.0002242431801278144
2026-04-20 11:25:00,-0.0001877902930456088,0.00021667695546057075
2026-04-20 11:30:00,0.0018911331140589738,0.00015127226652111858
2026-04-20 11:35:00,0.0006512971898793296,0.0006880954606458545
2026-04-20 11:40:00,-4.173518194150461e-06,0.0007160744862630963
2026-04-20 11:45:00,-0.0007927550948103601,0.0007431526901200414
2026-04-20 11:50:00,0.001192944252460748,0.00019192918261978775
2026-04-20 11:55:00,0.0007926558765980474,0.00013882905477657914
2026-04-20 12:00:00,0.001786982613008803,1.1881688806170132e-06
2026-04-20 12:05:00,8.545360760159326e-05,-1.908807098516263e-05
2026-04-20 12:10:00,0.0005565694620397466,-0.0001026722602546215
2026-04-20 12:15:00,-0.0005897473739100434,-2.3418244381900877e-05
2026-04-20 12:20:00,-0.00031892507928255043,-9.80730474111624e-05
2026-04-20 12:25:00,-0.0006900254082218282,-0.00033960462315008044
2026-04-20 12:30:00,-0.0001667761138772761,-0.0002858841617126018
2026-04-20 12:35:00,-0.00011467112854113282,-0.00033901791903190315
2026-04-20 12:40:00,0.00016264706040836074,-0.00025928160175681114
2026-04-20 12:45:00,-0.0011640376309678402,-0.00025390289374627173
2026-04-20 12:50:00,-0.0007049950650337422,-0.00020036849309690297
2026-04-20 12:55:00,-0.001258075685933946,-0.0003534094721544534
2026-04-20 13:00:00,-0.0005887929080667931,0.00012585624062921852
2026-04-20 13:05:00,-0.0006679092810077947,3.147008828818798e-05
2026-04-20 13:10:00,-0.00029022879210671704,0.00017147378821391612
2026-04-20 13:15:00,0.0004844222837103729,0.0001805157953640446
2026-04-20 13:20:00,0.00043836577942002464,0.00023598887491971254
2026-04-20 13:25:00,0.00136480331708988,0.00015600449114572257
2026-04-20 13:30:00,0.002360286581872373,9.373450302518904e-05
2026-04-20 13:35:00,0.0031068835843761633,-0.0001038604968925938
2026-04-20 13:40:00,0.0031897887265976976,-1.7006834696076112e-06
2026-04-20 13:45:00,0.0016938011773621753,-0.0005504089640453458
2026-04-20 13:50:00,0.0002870711893852018,-0.0005329678533598781
2026-04-20 13:55:00,0.00024318889349395079,-0.0008612651727162302
2026-04-20 14:00:00,0.0011615284025818795,-0.00014841119991615415
2026-04-20 14:05:00,0.0011744690515911316,-0.00018626921519171447
2026-04-20 14:10:00,-0.0011832438269863133,4.800353417522274e-05
2026-04-20 14:15:00,-0.001914437119893364,-0.00016072629659902304
2026-04-20 14:20:00,-0.001979725107213781,-0.0002710104745347053
2026-04-20 14:25:00,6.65816363927263e-05,-4.824817006010562e-05
2026-04-20 14:30:00,5.409521591559496e-05,7.042763172648847e-05
2026-04-20 14:35:00,-0.00011657656283148299,0.00028980604838579893
2026-04-20 14:40:00,-0.0005015520121940398,0.00026277481811121106
2026-04-20 14:45:00,-0.0006139444666768412,0.0001992096658796072
2026-04-20 14:50:00,0.0016225226292299055,0.0003144965448882431
2026-04-20 14:55:00,0.002453335894477604,5.101469287183136e-05
2026-04-20 15:00:00,0.0026466344685545096,0.00013079588825348765
2026-04-20 15:05:00,0.001080221051772412,5.8283068938180804e-05
2026-04-20 15:10:00,0.001831914613589447,0.0005380514194257557
2026-04-20 15:15:00,0.0011682765516454197,0.0005809581489302218
2026-04-20 15:20:00,0.00026572169545602264,0.0005278837634250522
2026-04-20 15:25:00,-0.0005203954708274949,0.00038124603452160954
2026-04-20 15:30:00,-0.00024059900972694948,0.00165601319167763
2026-04-20 15:35:00,0.0007199999481066754,0.0009643372613936663
2026-04-20 15:40:00,-0.0007344048228201672,0.00119046401232481
2026-04-20 15:45:00,-0.0006142047486843438,0.0001888217666419223
2026-04-20 15:50:00,-0.0016960433536112873,-4.9334437790093943e-05
2026-04-20 15:55:00,-0.0006684866914916654,-0.00011640767479548231
2026-04-20 16:00:00,-0.00018890230174584133,-9.692835010355338e-05
2026-04-20 16:05:00,0.0025668201414799086,-0.0008356200414709747
2026-04-20 16:10:00,0.0016890388738595163,-0.0008634559926576912
2026-04-20 16:15:00,0.00031550914511768724,-0.000770681188441813
2026-04-20 16:20:00,-0.0023029868078268123,-0.0006430327193811536
2026-04-20 16:25:00,-0.0018967344095681682,-0.0006837304681539536
2026-04-20 16:30:00,-0.0010320014786682208,-0.0010392566910013556
2026-04-20 16:35:00,-0.001076544935413537,-0.0007806879584677517
2026-04-20 16:40:00,-0.0017088939385043744,-0.0009619872434996068
2026-04-20 16:45:00,-0.0031961939264117945,-0.0005415480118244886
2026-04-20 16:50:00,-0.002437936395061513,-0.00017120884149335325
2026-04-20 16:55:00,-0.001545090066269239,-0.0002234615240013227
2026-04-20 17:00:00,-9.796146370710801e-05,0.00012195463932584971
2026-04-20 17:05:00,0.0013373330327084432,0.00042075765668414533
2026-04-20 17:10:00,0.0018883505658688904,0.0007814869750291109
2026-04-20 17:15:00,0.0014101363420060409,0.0005577109404839575
2026-04-20 17:20:00,-0.0003477011678842956,0.00047870876733213663
2026-04-20 17:25:00,-0.0015341433092519452,-0.000549562624655664
2026-04-20 17:30:00,-0.0009183415938807116,-0.00033690902637317777
2026-04-20 17:35:00,-0.0012710744789696804,-0.0009238483035005629
2026-04-20 17:40:00,-2.0832248321056568e-05,-0.0012533366680145264
2026-04-20 17:45:00,-0.0010359681965077527,-0.0005194084951654077
2026-04-20 17:50:00,0.00040858700344514887,-0.0005112694343551993
2026-04-20 17:55:00,-0.00028961320171916327,-0.0009919721633195877
2026-04-20 18:00:00,0.0004357793690950018,-0.000438848277553916
2026-04-20 18:05:00,6.25258570430276e-06,-0.0005873822956345975
2026-04-20 18:10:00,0.0006020513675402128,-0.0011799382045865059
2026-04-20 18:15:00,0.0007022684391824185,-0.0010183057747781277
2026-04-20 18:20:00,0.00043758387722370173,-0.000636945478618145
2026-04-20 18:25:00,8.538278042813374e-05,-0.0003297701186966151
2026-04-20 18:30:00,0.0007059389749688449,-0.0006442466983571649
2026-04-20 18:35:00,0.0010223661689856556,-0.00041138898814097047
2026-04-20 18:40:00,0.0007785211822071147,-0.0006562388734892011
2026-04-20 18:45:00,0.0007803258412248937,-0.0007344019832089543
2026-04-20 18:50:00,0.0009423159826980054,-0.0006288622971624136
2026-04-20 18:55:00,0.0006240444522163102,-9.212493750965223e-05
2026-04-20 19:00:00,0.0003369125119991878,0.00021252490114420652
2026-04-20 19:05:00,-0.0002516133942300769,-3.1329080229625106e-05
2026-04-20 19:10:00,0.00017258354489868566,0.00010950142313959077
2026-04-20 19:15:00,-0.0007925488347204634,0.00014219018339645118
2026-04-20 19:20:00,0.00032438232483933405,0.00027761023375205696
2026-04-20 19:25:00,-1.4554088711093982e-05,0.00018589940737001598
2026-04-20 19:30:00,0.0007592785762504661,0.0001502443919889629
2026-04-20 19:35:00,-0.00010395723624512243,0.00019332132069393992
2026-04-20 19:40:00,-0.0004263208472039537,8.748266554903239e-05
2026-04-20 19:45:00,0.0005072512083206249,-7.638501847395673e-05
2026-04-20 19:50:00,0.0010390863625904245,-8.227285434259102e-05
2026-04-20 19:55:00,0.00161282312199873,-0.00015448201156686991
2026-04-20 20:00:00,0.0004924527048846272,-0.00037466888898052275
2026-04-20 20:05:00,-0.00018072345517694544,-0.0005527450703084469
2026-04-20 20:10:00,-0.0003177863816858917,-0.0002879219828173518
2026-04-20 20:15:00,0.00021602085516114755,-0.0002755260793492198
2026-04-20 20:20:00,-0.00025971732512353185,-0.0002329820126760751
2026-04-20 20:25:00,0.0001744834567105613,-0.0003150894190184772
2026-04-20 20:30:00,2.0768777051927145e-05,-0.0004936322220601141
2026-04-20 20:35:00,0.0006003641835619078,-0.00023701367899775505
2026-04-20 20:40:00,-0.00012878246582204156,-0.0001803621998988092
2026-04-20 20:45:00,0.0005813507016405595,-0.00016600819071754813
2026-04-20 20:50:00,0.001046140274041818,-0.00019889122631866485
2026-04-20 20:55:00,0.0013472404889594003,-0.0008818653877824545
2026-04-20 21:00:00,0.00021169380023700057,-5.482208143803291e-05
2026-04-20 21:05:00,-0.0003319894706841353,8.529760816600174e-05
2026-04-20 21:10:00,-0.0006723554274135068,-0.00020829193817917258
2026-04-20 21:15:00,-0.0008865073956201286,-0.00023555924417451024
2026-04-20 21:20:00,-0.0014724561001511205,-0.00048111804062500596
2026-04-20 21:25:00,-0.0011569279352947603,1.353135667159222e-05
2026-04-20 21:30:00,-0.00044043163010876185,-7.609504245920107e-05
2026-04-20 21:35:00,-3.325393955577738e-05,-1.6511550711584277e-05
2026-04-20 21:40:00,0.0005505904442308918,0.00010151344758924097
2026-04-20 21:45:00,0.0005816610741913308,0.0001602386764716357
2026-04-20 21:50:00,0.0006337129243298989,0.00010742322774603963
2026-04-20 21:55:00,2.077106341680235e-05,-0.00022131376317702234
2026-04-20 22:00:00,-0.00039673926546157645,-0.00035379984183236957
2026-04-20 22:05:00,0.00024506648069966275,-0.0005201727035455406
2026-04-20 22:10:00,0.0003115141899137086,-0.0006876153638586402
2026-04-20 22:15:00,0.00014542009814455525,-0.0007009555120021105
2026-04-20 22:20:00,-2.0765822767998543e-06,-0.0004307430353946984
2026-04-20 22:25:00,0.00012873085924880456,-0.0005894617643207312
2026-04-20 22:30:00,0.000716404552086658,-0.00046082295011729
2026-04-20 22:35:00,0.0008987570567402514,-0.00021234700398053974
2026-04-20 22:40:00,0.0008508678327068253,-0.00021019346604589373
2026-04-20 22:45:00,0.0015079627215168756,-0.00023178840638138354
2026-04-20 22:50:00,0.0018158042097038418,-0.0003174199955537915
2026-04-20 22:55:00,0.0017492667490497382,-0.00029174183146096766
2026-04-21 00:00:00,0.0014436039162575298,-0.00040861606248654425
2026-04-21 00:05:00,0.0004803461897591177,-0.0004840571491513401
2026-04-21 00:10:00,-1.863718677874715e-05,0.00031116005266085267
2026-04-21 00:15:00,-0.0007681438110953565,0.0006077342550270259
2026-04-21 00:20:00,-0.0004037237880236688,0.0006824838346801698
2026-04-21 00:25:00,0.00036853765505462377,0.00044898755731992424
2026-04-21 00:30:00,0.0003644760179923878,0.001065571210347116
2026-04-21 00:35:00,-0.00027959659571408224,0.0009699769434519112
2026-04-21 00:40:00,-0.0006626370296256567,0.000783103983849287
2026-04-21 00:45:00,-0.0006420639053423827,0.0007990130106918514
2026-04-21 00:50:00,-0.000594661531838625,0.0011309642577543855
2026-04-21 00:55:00,-0.00034806029252720805,0.0009839704725891352
2026-04-21 01:00:00,-0.0003895815984407136,-0.0002769778366200626
2026-04-21 01:05:00,0.0002383214719241522,-0.00046472225221805274
2026-04-21 01:10:00,-0.0002155266214813878,-0.0005370922735892236
2026-04-21 01:15:00,-0.0001637524605389018,-0.0006396010867320001
2026-04-21 01:20:00,-0.00020723284134405162,-0.0005930073675699532
2026-04-21 01:25:00,-3.7307400548414194e-05,-0.0008236053981818259
2026-04-21 01:30:00,-0.0005577886830590018,-0.0008622081950306892
2026-04-21 01:35:00,-0.0008915909059492577,-0.0006159606273286045
2026-04-21 01:40:00,-0.0005825905123746367,-0.0005700707552023232
2026-04-21 01:45:00,0.0007837185980736905,-0.000594689860008657
2026-04-21 01:50:00,0.001635357236020596,-0.0007146574789658189
2026-04-21 01:55:00,0.0013574695539979587,-0.00027357085491530597
2026-04-21 02:00:00,0.0006049920313149215,0.0008380928775295615
2026-04-21 02:05:00,-0.0006132046348223952,0.0009136968874372542
2026-04-21 02:10:00,-0.0016499293817471283,0.0005391619633883238
2026-04-21 02:15:00,-0.0020485054944749947,-0.00010408375965198502
2026-04-21 02:20:00,-0.0012047157467716119,-0.0004433142894413322
2026-04-21 02:25:00,0.0005184871904635457,-0.0005418879445642233
2026-04-21 02:30:00,0.0014725282855909683,-0.0006126232328824699
2026-04-21 02:35:00,0.0009124826172701717,-0.0005917333182878792
2026-04-21 02:40:00,0.0001181774549898762,-0.0006400620331987739
2026-04-21 02:45:00,-0.0014393206569653927,-0.0005668893572874367
2026-04-21 02:50:00,-0.0011345077153173122,-0.00038454451714642346
2026-04-21 02:55:00,-0.0018052831207757691,-0.00027263950323686004
2026-04-21 03:00:00,-0.00014321577556586362,0.0003308547893539071
2026-04-21 03:05:00,-0.0003051055387874868,0.000294304802082479
2026-04-21 03:10:00,0.0007038254969486957,0.0002328550472157076
2026-04-21 03:15:00,0.00012453662015410316,9.797453822102398e-05
2026-04-21 03:20:00,-0.0007434357872710962,-0.0003418557171244174
2026-04-21 03:25:00,-0.0009634732291381454,-0.00038074160693213344
2026-04-21 03:30:00,-0.001131777416111035,-0.00078489730367437
2026-04-21 03:35:00,-0.0007980431740914895,-0.0005150521174073219
2026-04-21 03:40:00,-0.0007128198769148497,-0.0007599849486723542
2026-04-21 03:45:00,-0.0011933870318419082,-0.0007416362059302628
2026-04-21 03:50:00,-0.00028487273970867477,-0.0005954933003522456
2026-04-21 03:55:00,-0.000519868339459606,-0.000795842963270843
2026-04-21 04:00:00,5.6166861359230325e-05,-0.00016141397645696998
2026-04-21 04:05:00,-0.0005325345441224982,-0.0003269168082624674
2026-04-21 04:10:00,3.535961246292629e-05,-0.00035015950561501086
2026-04-21 04:15:00,-0.0006575579865959469,-0.0005568959168158472
2026-04-21 04:20:00,9.987183123350007e-05,-0.0005026549333706498
2026-04-21 04:25:00,-0.0002641873290745167,-0.0007175896898843348
2026-04-21 04:30:00,-2.0815661692097365e-06,-0.0006155729643069208
2026-04-21 04:35:00,7.697772954884385e-05,-0.0007940935902297497
2026-04-21 04:40:00,0.00023922773242013307,-0.0007845343207009137
2026-04-21 04:45:00,0.0007241235404773505,-0.0007111807353794575
2026-04-21 04:50:00,-0.0006659494082974504,-0.0004312190867494792
2026-04-21 04:55:00,-0.0013924839351293627,-0.0005416343337856233
2026-04-21 05:00:00,-0.0020467937771222466,-0.00026223607710562646
2026-04-21 05:05:00,-0.001900392527778294,-0.0003922356409020722
2026-04-21 05:10:00,-0.0004791796536185444,7.27198421373032e-05
2026-04-21 05:15:00,0.000229249292937439,-3.6445588193601e-05
2026-04-21 05:20:00,0.00010011074759930239,-0.00016729134949855506
2026-04-21 05:25:00,-0.0007671653617524754,-0.00026737741427496076
2026-04-21 05:30:00,-0.0006941614631426063,-9.373834473080933e-05
2026-04-21 05:35:00,0.0001146979118935576,-5.923931166762486e-05
2026-04-21 05:40:00,0.0004712093278218532,-5.5760865507181734e-05
2026-04-21 05:45:00,0.0004774180323288135,-0.00011995336535619572
2026-04-21 05:50:00,-0.00021898015814514338,-0.00029648159397765994
2026-04-21 05:55:00,-0.0007653064257855391,-0.00020561828569043428
2026-04-21 06:00:00,-0.0009133391938185298,0.00022717515821568668
2026-04-21 06:05:00,-0.0004193243931940316,0.0001299609721172601
2026-04-21 06:10:00,-0.0002649700255119569,0.00015326736320275813
2026-04-21 06:15:00,-0.0002649827411573824,-7.703009032411501e-05
2026-04-21 06:20:00,9.80667292704851e-05,-0.00013223012501839548
2026-04-21 06:25:00,-5.634126111964122e-05,-0.00031595808104611933
2026-04-21 06:30:00,-0.00046336689050008317,-0.0006576760206371546
2026-04-21 06:35:00,-0.0006574395783740528,-0.000824491202365607
2026-04-21 06:40:00,-0.0006178754050463198,-0.0009957742877304554
2026-04-21 06:45:00,0.00027554132563523126,-0.0009734552586451173
2026-04-21 06:50:00,0.00011899729138598047,-0.001040613860823214
2026-04-21 06:55:00,0.00011692463176871115,-0.0011152999941259623
2026-04-21 07:00:00,-0.00040081248566359307,-0.0006222088704816997
2026-04-21 07:05:00,-0.00018163313288788174,-0.0007023316575214267
2026-04-21 07:10:00,-0.00048657990633316217,-0.0006848158081993461
2026-04-21 07:15:00,0.0006616717994560872,-0.0007004334474913776
2026-04-21 07:20:00,0.001362487574381177,-0.0007240939303301275
2026-04-21 07:25:00,0.001886525263799399,-0.00023482264077756554
2026-04-21 07:30:00,-0.00036730946234797557,-0.00019208861340302974
2026-04-21 07:35:00,-0.0015984511368554166,-0.0001453748409403488
2026-04-21 07:40:00,-0.0025781684244101655,-0.0001294292014790699
2026-04-21 07:45:00,-0.0016754726892074245,-0.00023844015959184617
2026-04-21 07:50:00,-0.0001441113293836338,-0.0001951504236785695
2026-04-21 07:55:00,0.0001797478518703599,-0.0003219710779376328
2026-04-21 08:00:00,-0.0004287200680508363,2.837087413354311e-05
2026-04-21 08:05:00,-0.0014046061678989474,1.9881541447830386e-05
2026-04-21 08:10:00,-0.0010894329230985988,4.8860518290894106e-05
2026-04-21 08:15:00,-0.00034310844027807264,-9.646428952692077e-05
2026-04-21 08:20:00,-0.0005356074460323157,2.3611357391928323e-05
2026-04-21 08:25:00,8.368375912404247e-05,1.6656311345286667e-05
2026-04-21 08:30:00,-0.00023438562821098685,-2.5626764909247868e-05
2026-04-21 08:35:00,-0.0003893323000312421,6.628158735111356e-05
2026-04-21 08:40:00,-0.0005796537515969646,3.843520516966237e-06
2026-04-21 08:45:00,-0.0006029582822506541,-0.0002535526582505554
2026-04-21 08:50:00,0.0009542225066763166,-4.8447909648530185e-05
2026-04-21 08:55:00,0.0012614153998438127,-0.00012383979628793895
2026-04-21 09:00:00,0.0019603767606106715,-0.00022516092576552182
2026-04-21 09:05:00,0.0005980173603248318,-0.00021879735868424177
2026-04-21 09:10:00,2.717717953260035e-05,-0.00019341740699019283
2026-04-21 09:15:00,-0.000545674083046066,-0.0001183324129669927
2026-04-21 09:20:00,-0.0003512395866387408,-0.00013225457223597914
2026-04-21 09:25:00,0.000664565716149923,-7.768144132569432e-05
2026-04-21 09:30:00,0.0018323690841253182,-6.453806417994201e-05
2026-04-21 09:35:00,0.0014083950179824,-0.00012304204574320465
2026-04-21 09:40:00,-0.00018386078447463206,-0.0001709231873974204
2026-04-21 09:45:00,-0.0009293457761838653,-0.00020069806487299502
2026-04-21 09:50:00,-0.0017409318693708542,-0.00016308511840179563
2026-04-21 09:55:00,-0.0020414530684735865,-3.502797699184157e-05
2026-04-21 10:00:00,-0.0005893811250974323,-0.00030392713961191475
2026-04-21 10:05:00,0.001383796840340068,-8.583278395235538e-05
2026-04-21 10:10:00,0.002359009557546088,-0.0003369811165612191
2026-04-21 10:15:00,0.0010468524862830009,-0.00033725184039212763
2026-04-21 10:20:00,0.0002715177860839191,-0.00018147987429983914
2026-04-21 10:25:00,0.0009687596667973253,-0.0003605039673857391
2026-04-21 10:30:00,0.00031321583123578023,-0.00032241002190858126
2026-04-21 10:35:00,1.4618096994212237e-05,-0.00022096066095400602
2026-04-21 10:40:00,-0.0011713992041357812,-0.00015821131819393486
2026-04-21 10:45:00,-0.0008709828557620369,-0.00012958880688529462
2026-04-21 10:50:00,-0.0005263861623490129,-0.0004239519184920937
2026-04-21 10:55:00,-0.00042839395762861443,-0.0003910260566044599
2026-04-21 11:00:00,0.00031130160885162184,-0.0003703455440700054
2026-04-21 11:05:00,-0.00011283309281218123,-0.00026274460833519697
2026-04-21 11:10:00,-0.0004662175313239203,-0.0002675184514373541
2026-04-21 11:15:00,-0.0004805733541441981,-0.00026825437089428306
2026-04-21 11:20:00,-0.00046609377688966447,-0.0002866846334654838
2026-04-21 11:25:00,0.0011703583049893496,-0.0002217227447545156
2026-04-21 11:30:00,0.00011076129593590167,-0.0003247248532716185
2026-04-21 11:35:00,0.0009779195750994063,-0.000393704540329054
2026-04-21 11:40:00,-0.0009445397116323306,-0.0001342126925010234
2026-04-21 11:45:00,-0.00039085402100091926,-0.00020247873908374459
2026-04-21 11:50:00,-0.0005348118780492683,-0.0003217602497898042
2026-04-21 11:55:00,-0.00010035752376325036,-0.00027794193010777235
2026-04-21 12:00:00,-0.00010662306977771152,-3.515195567160845e-05
2026-04-21 12:05:00,-0.0005894599714171278,-2.6021072699222714e-05
2026-04-21 12:10:00,8.990408494646829e-05,0.00014411106531042606
2026-04-21 12:15:00,0.00033655570053170436,-4.509587597567588e-05
2026-04-21 12:20:00,0.0009613516507620545,-3.422660302021541e-05
2026-04-21 12:25:00,0.0006792463344122979,2.2127924239612184e-05
2026-04-21 12:30:00,0.0004931316886871429,2.247586780868005e-05
2026-04-21 12:35:00,0.0006035072515278017,0.00016569803119637072
2026-04-21 12:40:00,0.000749770039520925,6.538371235365048e-05
2026-04-21 12:45:00,9.609057588733094e-05,-6.801493145758286e-05
2026-04-21 12:50:00,-0.0019873098770730735,3.864268364850432e-05
2026-04-21 12:55:00,-0.0016422903816568635,9.460773435421288e-05
2026-04-21 13:00:00,-0.0011118729096111224,-0.00041969813173636794
2026-04-21 13:05:00,0.00026980364105888555,-0.00047469299170188606
2026-04-21 13:10:00,0.00031571299651034224,-3.7453941331477836e-05
2026-04-21 13:15:00,0.0011640921762339218,-0.0003058963920921087
2026-04-21 13:20:00,0.0017300319398039221,0.0001593744964338839
2026-04-21 13:25:00,0.0019860772326953935,0.00025534912128932774
2026-04-21 13:30:00,0.0017946844608136558,0.00020134125952608883
2026-04-21 13:35:00,0.0007241364155312624,0.0006217614281922579
2026-04-21 13:40:00,0.0004192657904038555,9.625773964216933e-05
2026-04-21 13:45:00,-0.0006402910101446224,-0.00047033472219482064
2026-04-21 13:50:00,0.00041296114580724463,0.00015121980686672032
2026-04-21 13:55:00,-0.0007239173631763407,-1.792206967365928e-05
2026-04-21 14:00:00,-0.0020613073727293596,-0.0003237245255149901
2026-04-21 14:05:00,-0.0026726650462283175,-0.00011957203241763636
2026-04-21 14:10:00,-0.002710473337906194,6.70499648549594e-05
2026-04-21 14:15:00,0.0008191839964908354,-0.00013213940837886184
2026-04-21 14:20:00,-0.00046845167125475484,-0.00018874432134907693
2026-04-21 14:25:00,0.00011927318700521994,3.762353298952803e-05
2026-04-21 14:30:00,-0.001961309729360039,0.0002925034496001899
2026-04-21 14:35:00,-6.484765510172963e-05,0.00045061195851303637
2026-04-21 14:40:00,8.787640398644214e-05,-3.811869191849837e-06
2026-04-21 14:45:00,0.00032017779557946824,9.435979882255197e-05
2026-04-21 14:50:00,-0.002588971094834136,0.00019132948364131153
2026-04-21 14:55:00,-0.003021517498531523,0.0007428291719406843
2026-04-21 15:00:00,-0.0022622737949404836,-0.0002952342329081148
2026-04-21 15:05:00,0.0004424430898506415,-4.842496491619386e-05
2026-04-21 15:10:00,0.0020712057499014946,-0.0003184293454978615
2026-04-21 15:15:00,0.0014982814479385098,-0.00036929070483893156
2026-04-21 15:20:00,0.003102082262529393,-0.00018090839148499072
2026-04-21 15:25:00,0.002963076655701613,-0.00012647276162169874
2026-04-21 15:30:00,0.0026996157264722598,0.0005968007608316839
2026-04-21 15:35:00,0.0009295865054230745,-5.25886716786772e-05
2026-04-21 15:40:00,-0.002155044859856403,-0.0003683370305225253
2026-04-21 15:45:00,-0.001709677229007056,-0.0005184488254599273
2026-04-21 15:50:00,-0.0018642217050786059,-0.000218087196117267
2026-04-21 15:55:00,8.369969386023968e-06,-7.574096525786445e-05
2026-04-21 16:00:00,-0.0005524029668926289,-3.8500744267366827e-05
2026-04-21 16:05:00,-0.001578525683621379,0.00012864675954915583
2026-04-21 16:10:00,-0.0010384108224368305,0.0004916974576190114
2026-04-21 16:15:00,-0.0019735649354064577,0.00112867949064821
2026-04-21 16:20:00,-0.002395572485204056,0.0010441963095217943
2026-04-21 16:25:00,-0.006029810063159502,0.001159805222414434
2026-04-21 16:30:00,-0.008542416260825192,0.0006458262214437127
2026-04-21 16:35:00,-0.004776775765485297,0.0007027529645711184
2026-04-21 16:40:00,-0.0012145571206723105,0.00126159330829978
2026-04-21 16:45:00,0.0015132944511986324,0.001234565395861864
2026-04-21 16:50:00,0.000350243486098023,0.0012092901160940528
2026-04-21 16:55:00,0.0018718268208193223,0.000842048495542258
2026-04-21 17:00:00,0.00435588210312865,0.00020064071577508003
2026-04-21 17:05:00,0.001966258137354515,0.0014333416474983096
2026-04-21 17:10:00,-0.0012243011581816177,0.001114105572924018
2026-04-21 17:15:00,-0.002381056262889203,9.024473547469825e-05
2026-04-21 17:20:00,-0.0014769666511771362,-0.0003407491312827915
2026-04-21 17:25:00,0.0007503520261682439,-0.00027659800252877176
2026-04-21 17:30:00,0.000432000495617757,-0.0004214943910483271
2026-04-21 17:35:00,-0.00037749258907382455,-0.001204290660098195
2026-04-21 17:40:00,-0.0007102909224379061,-0.001165870693512261
2026-04-21 17:45:00,-0.0013408642992605024,-0.0006826064782217145
2026-04-21 17:50:00,-0.0012346996447210046,-0.0007745492621324956
2026-04-21 17:55:00,-0.002658051561232,-0.0015551972901448607
2026-04-21 18:00:00,-0.0015983129275483066,-0.002325685927644372
2026-04-21 18:05:00,-0.0009275546712608218,-0.0017067055450752378
2026-04-21 18:10:00,-0.002029430604487459,-0.0026363597717136145
2026-04-21 18:15:00,-0.001651667745321106,-0.002431486500427127
2026-04-21 18:20:00,-0.0014342257746413622,-0.0022061271592974663
2026-04-21 18:25:00,0.0001842788928563266,-0.0011987540638074279
2026-04-21 18:30:00,-0.0007601334728377651,-0.00012392525968607515
2026-04-21 18:35:00,-0.0030742182311040978,-0.0012210626155138016
2026-04-21 18:40:00,-0.002219959120512982,0.0002695901202969253
2026-04-21 18:45:00,-0.0017999438799591871,-0.001259390963241458
2026-04-21 18:50:00,0.0002590228060697086,-0.001677197520621121
2026-04-21 18:55:00,-0.0007134682289056116,-0.0007094790344126523
2026-04-21 19:00:00,-0.0023454191183258644,-0.001433327910490334
2026-04-21 19:05:00,-0.0015530180210010514,-0.0015684922691434622
2026-04-21 19:10:00,-0.0016816356005069366,-0.0011730799451470375
2026-04-21 19:15:00,0.0007526630593659434,-0.0008637187420390546
2026-04-21 19:20:00,0.0010837552539104678,-0.0016382409958168864
2026-04-21 19:25:00,0.003881982560047348,-0.0016396574210375547
2026-04-21 19:30:00,0.0014463284157049117,-0.000570704520214349
2026-04-21 19:35:00,-0.0002952600168217856,-0.0002108536136802286
2026-04-21 19:40:00,-0.0013001020916032502,-0.0014634259277954698
2026-04-21 19:45:00,-0.0002674449472035434,-0.0006106953951530159
2026-04-21 19:50:00,0.00029313615534398707,-0.0009903026511892676
2026-04-21 19:55:00,-0.0015610816047590959,0.0001647776080062613
2026-04-21 20:00:00,-0.0030466988808637296,-0.0013401993783190846
2026-04-21 20:05:00,-0.0029309753387494197,-0.001162657281383872
2026-04-21 20:10:00,-0.0016018434193298958,-0.0014183172024786472
2026-04-21 20:15:00,0.001274662169036489,-0.0016778811113908887
2026-04-21 20:20:00,0.0014686884700108038,-0.0016146752750501037
2026-04-21 20:25:00,0.0012872082022497011,-0.0014003630494698882
2026-04-21 20:30:00,-7.656153637114471e-05,-0.0007060993229970336
2026-04-21 20:35:00,0.001613069825454616,-0.0004976480267941952
2026-04-21 20:40:00,0.0015403429404994284,-0.0016410816460847855
2026-04-21 20:45:00,0.001714848947264258,-0.0017650569789111614
2026-04-21 20:50:00,0.00012528121933996772,-0.0019829473458230495
2026-04-21 20:55:00,-0.0002654071520513668,-0.0015951086534187198
2026-04-21 21:00:00,-0.0006456449983964774,-0.0003399166453164071
2026-04-21 21:05:00,0.0010271386181859299,-0.0002522119029890746
2026-04-21 21:10:00,0.0010654487883989816,-0.00023413747840095311
2026-04-21 21:15:00,0.0007008452905470364,-0.000654133502393961
2026-04-21 21:20:00,-0.002831427959648636,-0.0006874428945593536
2026-04-21 21:25:00,-0.009086283591688726,-0.0007527593406848609
2026-04-21 21:30:00,-0.005714508091553938,-0.0006359291728585958
2026-04-21 21:35:00,-0.004325250584196638,-0.00037868745857849717
2026-04-21 21:40:00,0.0015422116570711353,-0.0002548779302742332
2026-04-21 21:45:00,-0.0016090967636905873,-0.0002367598208365962
2026-04-21 21:50:00,3.4180730617450195e-05,0.00011410855950089172
2026-04-21 21:55:00,0.004171924941735128,-0.0001522487582406029
2026-04-21 22:00:00,0.005866144996076628,0.0003883099998347461
2026-04-21 22:05:00,0.006097482470279303,-0.0006719884113408625
2026-04-21 22:10:00,0.0015546827038672717,-2.6407304176245816e-05
2026-04-21 22:15:00,0.0015041654188365783,-0.00027032531215809286
2026-04-21 22:20:00,0.00032268542484992224,-0.0008443866390734911
2026-04-21 22:25:00,0.001267902386345554,-0.001510977279394865
2026-04-21 22:30:00,0.0007342642832330881,-0.001378529123030603
2026-04-21 22:35:00,0.0012939411428884995,-0.001542898127809167
2026-04-21 22:40:00,0.0018003331979343784,-0.0011422157986089587
2026-04-21 22:45:00,0.0025508758628074446,-0.0007774796104058623
2026-04-21 22:50:00,0.0007586160495360872,-0.0009226301917806268
2026-04-21 22:55:00,0.0003431585447319918,-0.000986886559985578
2026-04-22 00:00:00,-0.001128447255808851,0.0008925325819291174
2026-04-22 00:05:00,-0.0005360572798558394,0.0013533339370042086
2026-04-22 00:10:00,-0.0005232579812961546,0.00239975075237453
2026-04-22 00:15:00,-0.00060391401676263,0.0015514858532696962
2026-04-22 00:20:00,7.841367029826074e-05,0.0012101609027013183
2026-04-22 00:25:00,-0.0004175316732997203,0.0008508539758622646
2026-04-22 00:30:00,-0.000271350287324168,0.00032723211916163564
2026-04-22 00:35:00,1.9072665796926458e-05,0.0002707578823901713
2026-04-22 00:40:00,0.0004789810088716706,-0.00025110013666562736
2026-04-22 00:45:00,0.0011717902925258983,-0.0001964167458936572
2026-04-22 00:50:00,0.0013489977215304094,-1.6760697690187953e-05
2026-04-22 00:55:00,0.001746547837333523,-2.419070733594708e-05
2026-04-22 01:00:00,0.0020140482394168657,0.0019779459107667208
2026-04-22 01:05:00,0.0015669559542050848,0.0017591429641470313
2026-04-22 01:10:00,0.0005117426004161985,0.0013653526548296213
2026-04-22 01:15:00,0.00021132445567495495,0.001106601906940341
2026-04-22 01:20:00,-0.00041000497229859434,0.0006362459971569479
2026-04-22 01:25:00,0.000302270305935437,0.0006056245765648782
2026-04-22 01:30:00,0.001191034440049421,0.00034153248998336494
2026-04-22 01:35:00,0.0017825090782750408,0.00023561860143672675
2026-04-22 01:40:00,0.0016007200321244142,0.0002662053448148072
2026-04-22 01:45:00,0.0010842121645886493,0.0004587827133946121
2026-04-22 01:50:00,0.0012526124085958656,0.00016182787658181041
2026-04-22 01:55:00,0.0008795158800722902,-0.00011509969044709578
2026-04-22 02:00:00,-3.5840367010209206e-05,0.0010029072873294353
2026-04-22 02:05:00,-0.0007146825395665246,0.00010520942305447534
2026-04-22 02:10:00,-0.00020030129598680446,-8.227091893786564e-05
2026-04-22 02:15:00,0.00039417340556546776,7.35840731067583e-05
2026-04-22 02:20:00,0.0006893927608508932,-0.00015058480494190007
2026-04-22 02:25:00,-8.645821806574361e-05,-0.00042682024650275707
2026-04-22 02:30:00,-0.0002929803818947363,-0.0009271437884308398
2026-04-22 02:35:00,-0.0010585291651619144,-0.0010329136857762933
2026-04-22 02:40:00,-0.0006096371371331344,-0.0011802181834354997
2026-04-22 02:45:00,-0.0007528683690125604,-0.0011084489524364471
2026-04-22 02:50:00,-0.0001687934647183198,-0.0009966412326321006
2026-04-22 02:55:00,-0.0001371668298997264,-0.000900758896023035
2026-04-22 03:00:00,0.0001139156392646612,-0.0003383135481271893
2026-04-22 03:05:00,0.0014717637039396436,0.0001494066382292658
2026-04-22 03:10:00,0.0017648495972153455,7.332481618504971e-05
2026-04-22 03:15:00,0.0016039881822482727,0.0001744709734339267
2026-04-22 03:20:00,0.0011076646888330544,0.00014470874157268554
2026-04-22 03:25:00,0.0006128567423360209,0.0003065014025196433
2026-04-22 03:30:00,0.0010188080407207423,5.399124711402692e-05
2026-04-22 03:35:00,0.000580717665508601,-1.2834697372454684e-05
2026-04-22 03:40:00,0.0007071615127411945,3.222133091185242e-05
2026-04-22 03:45:00,-8.415967620223341e-05,-0.00015168963000178337
2026-04-22 03:50:00,-9.255558600607117e-05,-6.997158925514668e-05
2026-04-22 03:55:00,0.0005931248175770065,-0.00010706754255807027
2026-04-22 04:00:00,0.0010683020272779231,-0.0002509673940949142
2026-04-22 04:05:00,0.00040381606727102337,-0.00038080892409197986
2026-04-22 04:10:00,-2.1026580743210843e-06,-0.0004719071148429066
2026-04-22 04:15:00,-0.0002186146148375201,-0.0004310713557060808
2026-04-22 04:20:00,-0.0004416821853041597,-0.0003101140318904072
2026-04-22 04:25:00,-0.0009192849578596451,-0.00024891100474633276
2026-04-22 04:30:00,-0.0010495950347433336,-0.00025668556918390095
2026-04-22 04:35:00,0.000405934216889392,-0.0003841979487333447
2026-04-22 04:40:00,0.0008898472805736191,-0.0003199784259777516
2026-04-22 04:45:00,0.0015645243169082335,-0.00019358587451279163
2026-04-22 04:50:00,0.0008702049944826484,-0.00017800139903556556
2026-04-22 04:55:00,0.0004099467862399564,-5.834507828694768e-05
2026-04-22 05:00:00,-0.00015760325409708287,-0.00011037015065085143
2026-04-22 05:05:00,6.092801776702572e-05,-0.00015168311074376106
2026-04-22 05:10:00,0.0011490571959118512,-0.0002019955572905019
2026-04-22 05:15:00,0.0005924593960457969,-0.00021528845536522567
2026-04-22 05:20:00,-0.0003214896977628001,-0.00015872511721681803
2026-04-22 05:25:00,-0.0007812992647444617,-0.00036805079434998333
2026-04-22 05:30:00,-0.00047267865769562434,-0.00012891515507362783
2026-04-22 05:35:00,0.0,-0.00026277173310518265
2026-04-22 05:40:00,-0.0002353494950853019,-4.075076867593452e-05
2026-04-22 05:45:00,2.521516944575808e-05,-4.8580106522422284e-05
2026-04-22 05:50:00,1.8914020017746225e-05,-8.528838952770457e-05
2026-04-22 05:55:00,-0.0001744465268025408,-9.34233539737761e-05
2026-04-22 06:00:00,-0.0005464710716509558,-7.610750617459416e-05
2026-04-22 06:05:00,-0.00047085532579060896,-0.0003000150609295815
2026-04-22 06:10:00,-0.0003132394131242222,-0.00023952629999257624
2026-04-22 06:15:00,-0.0002943773939421135,-0.00021327342255972326
2026-04-22 06:20:00,-0.0004879054233271063,-0.00020729565585497767
2026-04-22 06:25:00,9.461284954603855e-05,-0.00025400143931619823
2026-04-22 06:30:00,0.0005739556740032015,-0.0002483260177541524
2026-04-22 06:35:00,0.00020192077202452197,-6.686792039545253e-05
2026-04-22 06:40:00,-0.0003616796272911671,-0.0001458619808545336
2026-04-22 06:45:00,-0.0009715026670846783,-7.294169336091727e-05
2026-04-22 06:50:00,0.00018505823078207584,-2.010970092669595e-05
2026-04-22 06:55:00,0.00042685216108573343,-4.2809147998923436e-05
2026-04-22 07:00:00,0.0034045249384302423,-3.117594314971939e-05
2026-04-22 07:05:00,0.0027570931725513503,-2.5890163669828326e-05
2026-04-22 07:10:00,0.0019783812714333493,-0.00010637384548317641
2026-04-22 07:15:00,-0.0007760767405002866,-4.551669553620741e-05
2026-04-22 07:20:00,-0.0005516500874573893,0.00015279189392458647
2026-04-22 07:25:00,0.00026432771755757756,0.00022305376478470862
2026-04-22 07:30:00,0.0007299484745590945,-9.573318493494298e-06
2026-04-22 07:35:00,0.0003985609903516263,0.0002905339642893523
2026-04-22 07:40:00,8.809371498941232e-05,-3.1284987926483154e-05
2026-04-22 07:45:00,-0.0021389125312918367,-0.00011833936878247187
2026-04-22 07:50:00,-0.0015447843522675697,-9.801640408113599e-05
2026-04-22 07:55:00,-0.0010639359284514427,-1.240274741576286e-05
2026-04-22 08:00:00,0.00099760897174761,0.00021898398699704558
2026-04-22 08:05:00,0.0005795738194880329,0.0002789801510516554
2026-04-22 08:10:00,0.0008919362216861515,0.00015367261948995292
2026-04-22 08:15:00,0.0004386328576941878,-0.00015297166828531772
2026-04-22 08:20:00,0.0002749700646287323,6.61659287288785e-05
2026-04-22 08:25:00,-0.000707187636692197,-6.140770710771903e-05
2026-04-22 08:30:00,4.406252262789678e-05,4.846242882194929e-05
2026-04-22 08:35:00,0.00039448146134013484,0.00011394626926630735
2026-04-22 08:40:00,0.000830946508420638,2.1442077922984026e-05
2026-04-22 08:45:00,0.0006271558687860335,6.512565596494824e-05
2026-04-22 08:50:00,0.0006291695798523733,3.1710231269244105e-05
2026-04-22 08:55:00,-0.0004384690577179384,-4.4225831516087055e-05
2026-04-22 09:00:00,-0.0010783640124572003,0.00015663326485082507
2026-04-22 09:05:00,-0.0007676400271243722,0.0003080634051002562
2026-04-22 09:10:00,0.0001426808902351695,0.00023447936109732836
2026-04-22 09:15:00,0.00013013672770689766,0.00011686133802868426
2026-04-22 09:20:00,-0.0003084803798412139,-3.997909516328946e-05
2026-04-22 09:25:00,-0.0004952739217802815,1.1206499948457349e-05
2026-04-22 09:30:00,-0.0006802564241077391,0.0001172953489003703
2026-04-22 09:35:00,-0.0008713938758031503,-6.840191781520844e-05
2026-04-22 09:40:00,-0.0004976195203134637,1.5660709323128685e-05
2026-04-22 09:45:00,-0.00035290781699970353,0.000421958917286247
2026-04-22 09:50:00,-8.823158696458222e-05,0.00024480558931827545
2026-04-22 09:55:00,-0.0007290291524846282,0.00024066687910817564
2026-04-22 10:00:00,-0.00014077774474152704,0.00041097268695011735
2026-04-22 10:05:00,-0.001124584048742605,0.00020717333245556802
2026-04-22 10:10:00,-0.0008031774297396765,0.0004397825396154076
2026-04-22 10:15:00,-0.0012573725097730915,6.797612149966881e-05
2026-04-22 10:20:00,-0.0003197388265885337,-0.00022135631297715008
2026-04-22 10:25:00,0.0004142846236643294,-0.0001748269860399887
2026-04-22 10:30:00,0.0005468779715034344,-0.00015616054588463157
2026-04-22 10:35:00,0.0008958520130182279,0.00021521058806683868
2026-04-22 10:40:00,0.00021023110783069399,3.197755722794682e-05
2026-04-22 10:45:00,0.0009290067232949895,9.177348692901433e-05
2026-04-22 10:50:00,0.0007606336739094388,0.00015512551181018353
2026-04-22 10:55:00,0.0007459636883009324,0.00011739438923541456
2026-04-22 11:00:00,8.1929761030608e-05,-2.7151960239280015e-05
2026-04-22 11:05:00,-1.0502050525218465e-05,-5.1938597607659176e-05
2026-04-22 11:10:00,-0.0008720970492710478,7.28483937564306e-05
2026-04-22 11:15:00,-0.000895289074225758,0.00017812928126659244
2026-04-22 11:20:00,-0.0004537939139250824,-9.499534644419327e-05
2026-04-22 11:25:00,0.00040567227071797163,-0.0002916882513090968
2026-04-22 11:30:00,0.00039520291450934053,-0.00021561686298809946
2026-04-22 11:35:00,-0.0008472127105125793,-0.00030482691363431513
2026-04-22 11:40:00,-0.0006264439421936885,-0.00020722774206660688
2026-04-22 11:45:00,-0.0018154380285224647,8.106375753413886e-05
2026-04-22 11:50:00,-0.001279536847608398,5.63514004170429e-06
2026-04-22 11:55:00,-0.0014541049454415145,-1.8254946553497575e-05
2026-04-22 12:00:00,0.0009659792970904135,0.00017435374320484698
2026-04-22 12:05:00,0.00038319097485661757,9.681325900601223e-05
2026-04-22 12:10:00,0.0012984841970951067,4.822705886908807e-05
2026-04-22 12:15:00,0.0009335243110406566,9.096098801819608e-05
2026-04-22 12:20:00,0.0014304047538722386,0.00012267484271433204
2026-04-22 12:25:00,0.0003805971215200543,-0.00020094317733310163
2026-04-22 12:30:00,-0.00026903473442807524,5.204735498409718e-05
2026-04-22 12:35:00,4.203976962813272e-05,-1.7790916899684817e-05
2026-04-22 12:40:00,0.000584281581486934,0.00016720885469112545
2026-04-22 12:45:00,0.00018496915481946985,0.00015977931616362184
2026-04-22 12:50:00,-0.00015555597629202111,-2.5563356757629663e-05
2026-04-22 12:55:00,-0.00042872004607552583,-6.164500518934801e-05
2026-04-22 13:00:00,0.0004433662708720476,-1.7746800722306943e-06
2026-04-22 13:05:00,0.00012192430197721649,-0.0001305392215726897
2026-04-22 13:10:00,6.516047872118236e-05,-0.00017058859521057457
2026-04-22 13:15:00,-0.0005736818870705207,5.8119887398788705e-05
2026-04-22 13:20:00,-0.00047096224342091375,0.00010862871567951515
2026-04-22 13:25:00,-0.001851369279386006,5.634135231957771e-05
2026-04-22 13:30:00,-0.0011357256298420992,0.00012026017066091299
2026-04-22 13:35:00,-0.0008689185456987047,0.00011379746865713969
2026-04-22 13:40:00,0.0004905258092815501,0.00020891855820082128
2026-04-22 13:45:00,0.0010159043525934663,0.000292103155516088
2026-04-22 13:50:00,0.000349341305797779,0.0006571546546183527
2026-04-22 13:55:00,0.00024201635517329123,0.000613568292465061
2026-04-22 14:00:00,-0.0019338397362940185,0.0005550260539166629
2026-04-22 14:05:00,-0.00010100181180661139,0.0007024168153293431
2026-04-22 14:10:00,2.1042331912468626e-06,0.0005056334775872529
2026-04-22 14:15:00,0.0011346641064697849,-0.00014209224900696427
2026-04-22 14:20:00,-0.00034095644927489843,0.0002846751012839377
2026-04-22 14:25:00,-0.0011495706167448105,0.000357352924766019
2026-04-22 14:30:00,-0.0018468548182539735,0.0003863728779833764
2026-04-22 14:35:00,-0.0008823960466699532,0.00019024754874408245
2026-04-22 14:40:00,-0.00045935547756670303,0.00022846649517305195
2026-04-22 14:45:00,-0.0005671653586603043,0.00023845088435336947
2026-04-22 14:50:00,-0.0005015647661057443,0.00021692150039598346
2026-04-22 14:55:00,-0.00044902369723409663,0.0003472020325716585
2026-04-22 15:00:00,0.0004723087975193607,9.648981176724192e-06
2026-04-22 15:05:00,0.0007712098894803177,0.00035785199725069106
2026-04-22 15:10:00,0.0016580659629905625,0.0003517624572850764
2026-04-22 15:15:00,0.00015387388063459184,0.0014110443880781531
2026-04-22 15:20:00,0.0002653609240024224,0.001186358742415905
2026-04-22 15:25:00,0.0010772167614714334,0.0011781309731304646
2026-04-22 15:30:00,0.002597524341419799,0.0005207963986322284
2026-04-22 15:35:00,0.0013068224928698413,0.00010266976460115984
2026-04-22 15:40:00,-0.000447998055651766,-0.0002109041961375624
2026-04-22 15:45:00,-0.0024668555276647908,-0.0006591059500351548
2026-04-22 15:50:00,-0.0017891577631399258,-0.0006376535166054964
2026-04-22 15:55:00,-0.0016507004485131205,-7.162091787904501e-05
2026-04-22 16:00:00,0.00038979742616263025,-0.0004503835807554424
2026-04-22 16:05:00,-0.0002528450347334399,-0.0003029707004316151
2026-04-22 16:10:00,-0.0003266730695532516,-0.00045945338206365705
2026-04-22 16:15:00,-0.002256608917317493,-0.00046090653631836176
2026-04-22 16:20:00,-0.0016724933640208661,-0.00032560862018726766
2026-04-22 16:25:00,-0.0022728025914897643,-0.000636161828879267
2026-04-22 16:30:00,0.0002828824473404268,-0.0007438008906319737
2026-04-22 16:35:00,8.44330741145427e-06,-0.0007740029250271618
2026-04-22 16:40:00,0.0006800609360126941,-0.0006916496204212308
2026-04-22 16:45:00,-0.0003504483029619365,8.644168701721355e-05
2026-04-22 16:50:00,-0.00023221693387931452,-0.00023584967129863799
2026-04-22 16:55:00,0.00026809566742791446,-0.0003464100300334394
2026-04-22 17:00:00,-0.0004857639578403905,-0.0008123171865008771
2026-04-22 17:05:00,-0.0004645957045106286,-0.0003641087969299406
2026-04-22 17:10:00,-0.0005552699588573518,-0.0004908183473162353
2026-04-22 17:15:00,-9.506838064510248e-05,-0.0006178407347761095
2026-04-22 17:20:00,-0.001280867275646358,-0.0007973691681399941
2026-04-22 17:25:00,-0.0016951628519539241,-0.00046498654410243034
2026-04-22 17:30:00,-0.001020970137060928,-0.0003148706164211035
2026-04-22 17:35:00,-0.00012902311540941014,-0.0002013231860473752
2026-04-22 17:40:00,0.0002961208194580678,-0.00042980851139873266
2026-04-22 17:45:00,0.00048207852893078496,-0.000872525037266314
2026-04-22 17:50:00,0.001312720362440345,-0.0005769572453573346
2026-04-22 17:55:00,0.00037848393322370555,-0.0006513739353977144
2026-04-22 18:00:00,-0.0011167466611254895,-4.0569208067609e-05
2026-04-22 18:05:00,-0.001839561223199837,-0.00023441112716682255
2026-04-22 18:10:00,-0.0006492195319545147,-9.945676720235497e-05
2026-04-22 18:15:00,0.0007065717813343753,-6.941063475096598e-05
2026-04-22 18:20:00,0.0012795934119989028,-0.00010128860594704747
2026-04-22 18:25:00,0.00021786331172712892,-0.00018256121256854385
2026-04-22 18:30:00,0.0002791063540197314,-4.304452886572108e-05
2026-04-22 18:35:00,-0.0001902491000613793,-0.00033445688313804567
2026-04-22 18:40:00,0.00013323280972876717,-0.0003055493871215731
2026-04-22 18:45:00,0.001229677206261215,-0.0003191124415025115
2026-04-22 18:50:00,0.0013795422235176602,1.049853290169267e-05
2026-04-22 18:55:00,0.0014031530978027007,-7.465574890375137e-05
2026-04-22 19:00:00,-0.0004329612398379368,2.8173650207463652e-05
2026-04-22 19:05:00,-0.00018791138661100604,-0.00021723718964494765
2026-04-22 19:10:00,-5.4905720556774895e-05,-0.0001833541609812528
2026-04-22 19:15:00,0.000669426757088587,-0.00026835984317585826
2026-04-22 19:20:00,-3.167393583680678e-05,-0.0001833531860029325
2026-04-22 19:25:00,0.0003019441637395204,-0.00016413115372415632
2026-04-22 19:30:00,-2.955513193469983e-05,-0.00010151383321499452
2026-04-22 19:35:00,0.0002786962102678814,-7.294736860785633e-05
2026-04-22 19:40:00,0.00011610809888118467,-7.295334216905758e-05
2026-04-22 19:45:00,6.333316093787289e-06,-7.545451808255166e-05
2026-04-22 19:50:00,5.066369440775986e-05,-8.421441452810541e-05
2026-04-22 19:55:00,-0.00036736995200215006,-8.718478784430772e-05
2026-04-22 20:00:00,-0.0008300061406973924,0.00015986787911970168
2026-04-22 20:05:00,-0.0009820662828641247,-5.824085747008212e-05
2026-04-22 20:10:00,-0.0010183622995878494,9.466978372074664e-05
2026-04-22 20:15:00,7.6059766110248e-05,0.00024538685102015734
2026-04-22 20:20:00,0.0011741428101199602,0.000273911893600598
2026-04-22 20:25:00,0.0018605795970945138,0.00022216180514078587
2026-04-22 20:30:00,0.002913378169933978,0.00012363132555037737
2026-04-22 20:35:00,0.0007932439662123869,9.669020073488355e-06
2026-04-22 20:40:00,0.0005146908488100621,5.624070399790071e-05
2026-04-22 20:45:00,-0.001102330285856823,7.127473509171978e-05
2026-04-22 20:50:00,-0.00035435039296594084,4.781742245540954e-05
2026-04-22 20:55:00,-0.0006792790621332756,0.00010604935960145667
2026-04-22 21:00:00,-0.0001497408536970113,0.00015639141201972961
2026-04-22 21:05:00,0.00035435039296594084,0.00047169471508823335
2026-04-22 21:10:00,0.0012801196245071367,0.00012295682972762734
2026-04-22 21:15:00,0.00011178050538518391,-0.00028481738991104066
2026-04-22 21:20:00,-0.0003775562872654348,-0.00037089799297973514
2026-04-22 21:25:00,-0.0011429608989406148,-0.00023843672533985227
2026-04-22 21:30:00,-0.0005484769355295072,-0.0002491411578375846
2026-04-22 21:35:00,0.00011813349098233061,-0.00023144153237808496
2026-04-22 21:40:00,0.00022152436278410903,-0.00018215665477328002
2026-04-22 21:45:00,6.963105041357665e-05,-0.00019883477943949401
2026-04-22 21:50:00,-0.0005971390255847808,-0.00028254667995497584
2026-04-22 21:55:00,-0.0009075061932257711,-8.896501822164282e-05
2026-04-22 22:00:00,-0.0005550730760077727,0.00017438409850001335
2026-04-22 22:05:00,-0.00044333728137146977,2.5265368094551377e-05
2026-04-22 22:10:00,0.00019001131680163041,0.0004665649903472513
2026-04-22 22:15:00,0.00044534922129813026,0.0007538150530308485
2026-04-22 22:20:00,0.0004412266171343049,0.0003656984481494874
2026-04-22 22:25:00,0.00013087568517278214,7.110706792445853e-05
2026-04-22 22:30:00,-6.330589725322966e-06,-1.7678354197414592e-05
2026-04-22 22:35:00,0.00017728026790386764,1.5442252333741635e-05
2026-04-22 22:40:00,0.00047902777272312846,5.573444286710583e-05
2026-04-22 22:45:00,0.0006412961151340824,7.510479190386832e-05
2026-04-22 22:50:00,3.1653883777238434e-05,8.332906145369634e-05
2026-04-22 22:55:00,-0.0007154608432102805,5.244514613877982e-05
2026-04-23 00:00:00,-0.0011584296030306973,0.0002820738882292062
2026-04-23 00:05:00,-0.0007388518157238622,-0.00038877985207363963
2026-04-23 00:10:00,-0.0007011838043506913,9.700980444904417e-05
2026-04-23 00:15:00,-0.00044769469659478034,0.00025683551211841404
2026-04-23 00:20:00,-0.0009148213303316055,0.00023138905817177147
2026-04-23 00:25:00,-0.000657278110413273,0.0002633536059875041
2026-04-23 00:30:00,-0.0008685077744861047,0.0005022932891733944
2026-04-23 00:35:00,-4.227444994953089e-06,0.00035133215715177357
2026-04-23 00:40:00,-0.0007909970570256775,0.00028944326913915575
2026-04-23 00:45:00,-0.0011718842233534588,0.00030620727920904756
2026-04-23 00:50:00,-0.0009770189857842837,5.3417850722325966e-05
2026-04-23 00:55:00,-4.2316936937680794e-05,6.111257971497253e-05
2026-04-23 01:00:00,0.0009435379987436932,-6.259159272303805e-05
2026-04-23 01:05:00,0.00015444097159189596,-7.41064504836686e-05
2026-04-23 01:10:00,0.00045058338617387506,0.00017727490921970457
2026-04-23 01:15:00,-0.0003299255159632253,0.0001726028131088242
2026-04-23 01:20:00,-0.0003681589133925911,7.27930455468595e-05
2026-04-23 01:25:00,-0.0007849501557721794,-0.00014290219405665994
2026-04-23 01:30:00,0.0001163323171429198,-0.00023425133258569986
2026-04-23 01:35:00,0.0005162305972810088,-0.00027462857542559505
2026-04-23 01:40:00,0.0007066943714146845,-0.0002818705979734659
2026-04-23 01:45:00,-0.001430769833028478,-0.00026242059539072216
2026-04-23 01:50:00,-0.002560495453547418,-0.00024019842385314405
2026-04-23 01:55:00,-0.006248462197703475,-0.00016319158021360636
2026-04-23 02:00:00,0.0003345940642898171,0.00013884151121601462
2026-04-23 02:05:00,0.002539343698162,0.00038105176645331085
2026-04-23 02:10:00,0.009144073391810892,0.0004225008888170123
2026-04-23 02:15:00,0.00506240369505484,-0.00016176824283320457
2026-04-23 02:20:00,0.0037874834684821224,0.00033645809162408113
2026-04-23 02:25:00,0.0006008810994977409,-0.0003941380709875375
2026-04-23 02:30:00,0.00015166643524366918,0.00044590342440642416
2026-04-23 02:35:00,0.0005013883083524462,0.0009360682452097535
2026-04-23 02:40:00,0.0005794554755791381,0.0012861824361607432
2026-04-23 02:45:00,-0.0006215570942256221,0.0010899122571572661
2026-04-23 02:50:00,-0.0008744325964080701,0.00029998112586326897
2026-04-23 02:55:00,-0.0021382759394548145,-0.00034923991188406944
2026-04-23 03:00:00,-0.002160543507994106,-0.0009522027103230357
2026-04-23 03:05:00,-0.0021250001401948992,-0.0006463176687248051
2026-04-23 03:10:00,-0.0017282984580848648,-0.0003038968425244093
2026-04-23 03:15:00,-0.0009868779851256448,-0.0001543693069834262
2026-04-23 03:20:00,-0.00025141579974352624,-0.0010246123420074582
2026-04-23 03:25:00,0.001124367397672188,-0.0006063361652195454
2026-04-23 03:30:00,0.0009277350090766134,-0.0005229149828664958
2026-04-23 03:35:00,-0.0015627299562890329,-8.882702968548983e-05
2026-04-23 03:40:00,-0.0023240996648805634,0.000554341240786016
2026-04-23 03:45:00,-0.002821801224270004,0.00045289547415450215
2026-04-23 03:50:00,-0.0022161119921886296,0.0007422165363095701
2026-04-23 03:55:00,-0.0034166387966401146,0.000747449928894639
2026-04-23 04:00:00,-0.002101422466735059,-0.00024263541854452342
2026-04-23 04:05:00,0.00022692159744153173,3.8954047340666875e-05
2026-04-23 04:10:00,0.0015135837987543255,0.00022902467753738165
2026-04-23 04:15:00,0.0003226039258308333,0.00034759874688461423
2026-04-23 04:20:00,-0.0009016281893323708,0.0004815844586119056
2026-04-23 04:25:00,-0.002684839078151313,0.0009209112613461912
2026-04-23 04:30:00,-0.0013059142776796762,0.0011863290565088391
2026-04-23 04:35:00,-0.001801446317397648,0.0012474061222746968
2026-04-23 04:40:00,-0.0004978268048514423,0.0011119453702121973
2026-04-23 04:45:00,0.0005098280078215112,0.0010623808484524488
2026-04-23 04:50:00,0.0001381974588738899,0.0011462311958894134
2026-04-23 04:55:00,0.0005786470882345185,0.0014958612155169249
2026-04-23 05:00:00,-0.0017046932067685816,-4.546828131424263e-05
2026-04-23 05:05:00,0.0001828165228729972,0.0005511808558367193
2026-04-23 05:10:00,0.0002785672306000464,0.0004118869546800852
2026-04-23 05:15:00,0.0005720976039675918,-0.0003931852406822145
2026-04-23 05:20:00,-0.00040181518955684226,-0.00016378247528336942
2026-04-23 05:25:00,0.00045914756661247225,0.00019483717915136367
2026-04-23 05:30:00,0.0007332523896224075,0.00029294961132109165
2026-04-23 05:35:00,0.0006547271318542158,0.0006605531089007854
2026-04-23 05:40:00,-0.00029969743536639726,0.0006594969891011715
2026-04-23 05:45:00,-0.0008331863694923669,0.0004084654792677611
2026-04-23 05:50:00,-0.00029755010219290057,0.0004103867686353624
2026-04-23 05:55:00,0.0005015706065769621,0.0004066729743499309
2026-04-23 06:00:00,0.0003996760126430132,-0.00024585583014413714
2026-04-23 06:05:00,-5.739484787170568e-05,-0.0003784075961448252
2026-04-23 06:10:00,-0.00016787062526724128,-0.0001429748663213104
2026-04-23 06:15:00,0.0002869028853424993,-0.0002534240484237671
2026-04-23 06:20:00,-0.00015306903443423892,-0.0005894143250770867
2026-04-23 06:25:00,-0.0008185072373976254,-0.0005005398998036981
2026-04-23 06:30:00,-0.0008056622117891266,-0.0002622685569804162
2026-04-23 06:35:00,-0.0001509660233622867,-0.00042765619582496583
2026-04-23 06:40:00,0.000565585619435538,-0.000680081604514271
2026-04-23 06:45:00,0.001020254259321618,-0.0006936485297046602
2026-04-23 06:50:00,0.0015532226110952507,-0.0006944159977138042
2026-04-23 06:55:00,0.0007288359028869706,-0.0005148026393726468
2026-04-23 07:00:00,-2.124468351993869e-05,-0.00037489819806069136
2026-04-23 07:05:00,-0.0007391265899574506,-0.0004674625233747065
2026-04-23 07:10:00,-0.00042278762138359127,-0.0002047187153948471
2026-04-23 07:15:00,-0.00020822178669988034,-0.0002817448985297233
2026-04-23 07:20:00,-0.0007609363710017192,-0.000260035740211606
2026-04-23 07:25:00,-0.0008609996418229571,-0.0005650018574669957
2026-04-23 07:30:00,0.0010449210782361718,-0.0004746115882880986
2026-04-23 07:35:00,0.0019437012692922195,-0.0005098939291201532
2026-04-23 07:40:00,0.0024747045906359233,-0.0013139478396624327
2026-04-23 07:45:00,0.0007554008333361395,-0.0009703308460302651
2026-04-23 07:50:00,0.00018461440575201493,-0.0006805151933804154
2026-04-23 07:55:00,-0.0003119214492492972,-0.0001945775729836896
2026-04-23 08:00:00,-0.0008148385945876413,-2.5047875169548206e-06
2026-04-23 08:05:00,-9.760796828217622e-05,1.1488466043374501e-05
2026-04-23 08:10:00,4.8810457331072143e-05,-0.0001083328970707953
2026-04-23 08:15:00,0.0003395967745465356,-9.76418741629459e-05
2026-04-23 08:20:00,0.00017399016787145172,-0.00022141802764963359
2026-04-23 08:25:00,0.0006343192365800832,-9.963471529772505e-05
2026-04-23 08:30:00,0.0008463674057743731,0.0003187940747011453
2026-04-23 08:35:00,0.0002566863084680904,0.00044801871990785
2026-04-23 08:40:00,-0.0004730494488516257,0.0004051490395795554
2026-04-23 08:45:00,-0.0006490297657375521,0.00014882200048305094
2026-04-23 08:50:00,-0.0007638884839682447,0.0004038713523186743
2026-04-23 08:55:00,5.51652730500507e-05,0.00014248257502913475
2026-04-23 09:00:00,-9.335919106767676e-05,6.320813554339111e-05
2026-04-23 09:05:00,-0.0011830563097916524,1.499499921919778e-05
2026-04-23 09:10:00,-0.0015670290176732493,0.0001995344355236739
2026-04-23 09:15:00,-0.0003607878797424746,0.00028081852360628545
2026-04-23 09:20:00,0.0008582269219772343,0.00013296701945364475
2026-04-23 09:25:00,0.001683714760822852,-3.626709440140985e-05
2026-04-23 09:30:00,0.0019848429033153536,6.290744295256445e-06
2026-04-23 09:35:00,0.0014534809176964814,0.0002098780096275732
2026-04-23 09:40:00,0.0012190818538364567,-0.00013489917910192162
2026-04-23 09:45:00,0.00022241309829595934,-0.00010565183765720576
2026-04-23 09:50:00,0.000582920447866897,-0.00015476354747079313
2026-04-23 09:55:00,-0.0002013110654779382,-0.00046086939983069897
2026-04-23 10:00:00,2.329755746366402e-05,2.093163493555039e-05
2026-04-23 10:05:00,-0.00012291494936711445,-7.657710375497118e-05
2026-04-23 10:10:00,-0.0005978148139327288,-0.00010606641444610432
2026-04-23 10:15:00,-0.002474689779807804,-4.7759378503542393e-05
2026-04-23 10:20:00,-0.0022362972518514823,3.8216141547309235e-05
2026-04-23 10:25:00,-0.002530889008832915,-0.0001269140193471685
2026-04-23 10:30:00,-0.0008007604465660734,0.00010369401570642367
2026-04-23 10:35:00,-0.000611927505687504,0.00013987311103846878
2026-04-23 10:40:00,-0.00018709829731378136,-6.248964928090572e-05
2026-04-23 10:45:00,-0.001924871090952962,-0.0003110809775535017
2026-04-23 10:50:00,-0.002008391664567455,-7.334678230108693e-05
2026-04-23 10:55:00,-0.001340477070050028,0.0005007825093343854
2026-04-23 11:00:00,0.0006235959981211181,0.0001938752393471077
2026-04-23 11:05:00,0.0014173562511441418,-0.0003102958726231009
2026-04-23 11:10:00,0.0009512855307978185,-3.224109605071135e-05
2026-04-23 11:15:00,0.00035100072794236326,0.00026373687433078885
2026-04-23 11:20:00,-0.0004105286837461364,0.0007018052856437862
2026-04-23 11:25:00,-4.467101394389772e-05,0.0005780819337815046
2026-04-23 11:30:00,-0.0005914541433789111,0.0004488298436626792
2026-04-23 11:35:00,-0.0006193024639102873,0.00033873756183311343
2026-04-23 11:40:00,-0.000781001487849764,6.462405872298405e-05
2026-04-23 11:45:00,0.000446814222081926,0.0003051653620786965
2026-04-23 11:50:00,-0.0012440197068794845,-2.467874037392903e-05
2026-04-23 11:55:00,-0.0016171424851538774,1.5176234228420071e-05
2026-04-23 12:00:00,-0.002611367957083388,-0.0004699524724856019
2026-04-23 12:05:00,-0.0008678954933358796,-0.0006540611502714455
2026-04-23 12:10:00,-0.0005310952096984067,-0.0006051574018783867
2026-04-23 12:15:00,0.0008058636607888303,-0.0006890531512908638
2026-04-23 12:20:00,0.0014027579920892208,-0.000532684731297195
2026-04-23 12:25:00,0.0007080642842804963,-0.0003093422274105251
2026-04-23 12:30:00,-0.0004966592838293593,-7.541279046563432e-05
2026-04-23 12:35:00,-0.0005647038917508951,7.342483877437189e-05
2026-04-23 12:40:00,0.0014039814441186849,-0.00011327749962219968
2026-04-23 12:45:00,0.0018212981833780617,-0.00018960164743475616
2026-04-23 12:50:00,0.0014292548050427456,-0.00018967714277096093
2026-04-23 12:55:00,0.00016178921880616315,-0.0002984363818541169
2026-04-23 13:00:00,0.0007403515305828279,-0.0001776677672751248
2026-04-23 13:05:00,0.0006808931026860421,9.721150127006695e-05
2026-04-23 13:10:00,0.0004107418630301396,-0.00029788431129418314
2026-04-23 13:15:00,-0.0009446829312818039,-0.0005367089761421084
2026-04-23 13:20:00,0.00033602007929900424,5.3504787501879036e-05
2026-04-23 13:25:00,0.0012333394437238354,-0.0005344341625459492
2026-04-23 13:30:00,0.001814108644309087,-1.9845158021780662e-05
2026-04-23 13:35:00,0.002478379173437517,0.00047688951599411666
2026-04-23 13:40:00,0.0031508585893256225,6.8685985752381384e-06
2026-04-23 13:45:00,0.005188057091491061,0.00015173188876360655
2026-04-23 13:50:00,0.003144866457454043,0.0005790265859104693
2026-04-23 13:55:00,0.0016848668686790802,0.000676743860822171
2026-04-23 14:00:00,0.00032758786780640037,0.001191627816297114
2026-04-23 14:05:00,0.0007989347961583348,0.0010835699504241347
2026-04-23 14:10:00,0.0010082915387261693,0.0012393423821777105
2026-04-23 14:15:00,0.0013346033753816045,0.0010034667793661356
2026-04-23 14:20:00,0.0008574047771219284,0.0006595660815946758
2026-04-23 14:25:00,0.0014989309730495393,0.0004439322219695896
2026-04-23 14:30:00,-0.0006903081644988873,0.00010544598626438528
2026-04-23 14:35:00,0.00012664774003567913,0.00031139934435486794
2026-04-23 14:40:00,-1.687685381845938e-05,-4.805584467248991e-05
2026-04-23 14:45:00,-0.00032948929457887743,-0.0005970799247734249
2026-04-23 14:50:00,-0.002216539156515651,0.0001234040391864255
2026-04-23 14:55:00,-0.0029176436603890465,-0.0007381489267572761
2026-04-23 15:00:00,-0.001490393581160987,-0.0015841255662962794
2026-04-23 15:05:00,0.00042509409283475463,-0.0012310488382354379
2026-04-23 15:10:00,6.347164512199299e-05,-0.0013764435425400734
2026-04-23 15:15:00,-0.0002517892389271026,-0.00013091399159748107
2026-04-23 15:20:00,0.0003023201508831619,-0.0006254867184907198
2026-04-23 15:25:00,0.0009917499488594217,-0.0004663133586291224
2026-04-23 15:30:00,0.002515044028619684,8.13197111710906e-05
2026-04-23 15:35:00,0.0010035547805973266,0.0005327613325789571
2026-04-23 15:40:00,-0.0013641744578514192,3.72844806406647e-05
2026-04-23 15:45:00,-0.002874852952800211,0.00014633599494118243
2026-04-23 15:50:00,-0.0029416793002621233,0.0003906807687599212
2026-04-23 15:55:00,-0.00019261481013366222,0.0001327718055108562
2026-04-23 16:00:00,-8.46765145467998e-06,-5.6768414651742205e-05
2026-04-23 16:05:00,0.0017795763973360579,0.00039521194412373006
2026-04-23 16:10:00,0.0015356534726134186,0.0001161639011115767
2026-04-23 16:15:00,0.0011572863247710785,-0.0005149286007508636
2026-04-23 16:20:00,-0.00036792848223754504,-0.000486230303067714
2026-04-23 16:25:00,1.4795103666642717e-05,-0.0007561914972029626
2026-04-23 16:30:00,0.00022622305901442985,-0.0010347753996029496
2026-04-23 16:35:00,0.001468790583142976,-0.0006247700657695532
2026-04-23 16:40:00,0.0005261406438226146,-0.0005618780851364136
2026-04-23 16:45:00,0.0006889250295198934,-0.0007600787212140858
2026-04-23 16:50:00,-0.0012234898876695155,-0.0009057842544279993
2026-04-23 16:55:00,-0.0005980046264717487,-0.001193225267343223
2026-04-23 17:00:00,0.0009902903795673268,-0.0007286447798833251
2026-04-23 17:05:00,0.0015739899873299379,-0.00048332707956433296
2026-04-23 17:10:00,0.0005071647696830439,-0.0008200068259611726
2026-04-23 17:15:00,-0.0011233892056417005,-0.0008897115476429462
2026-04-23 17:20:00,-0.0011638801397921839,-0.0009776316583156586
2026-04-23 17:25:00,-0.0010357350628087403,-0.00048434213385917246
2026-04-23 17:30:00,-0.001791162037632077,-0.0005307268002070487
2026-04-23 17:35:00,-0.0031265736383616627,-0.00022270275803748518
2026-04-23 17:40:00,-0.0016255175920054654,2.9040009394520894e-05
2026-04-23 17:45:00,-0.0014106555532205078,2.5994191673817113e-05
2026-04-23 17:50:00,0.0007841492065452371,0.0005506919696927071
2026-04-23 17:55:00,-0.00031567362152351564,0.0013032931601628661
2026-04-23 18:00:00,0.0010380631099966564,1.7591861251275986e-05
2026-04-23 18:05:00,0.0005760637217981923,0.0002723570796661079
2026-04-23 18:10:00,0.000802759502274597,-1.3990988009027205e-05
2026-04-23 18:15:00,0.0012548287683973314,-0.0006526774959638715
2026-04-23 18:20:00,0.0010707658691213595,-0.0007599802338518202
2026-04-23 18:25:00,0.00238118511916241,-0.0015956813003867865
2026-04-23 18:30:00,0.0012617044826370716,-0.0012933964608237147
2026-04-23 18:35:00,0.0011414512888485717,-0.0012172680580988526
2026-04-23 18:40:00,-0.00019222989910083754,0.0011061141267418861
2026-04-23 18:45:00,-0.0019323023870274625,0.0001735262485453859
2026-04-23 18:50:00,-0.005070379703473904,0.0008185665355995297
2026-04-23 18:55:00,-0.0036806104920987792,0.00017163984011858702
2026-04-23 19:00:00,-0.0037122786196093216,-0.00046711767208762467
2026-04-23 19:05:00,-0.00017200465092059858,-0.0011973442742601037
2026-04-23 19:10:00,-0.001925063233324309,-0.0002341688086744398
2026-04-23 19:15:00,0.0008577404162792845,0.00037145731039345264
2026-04-23 19:20:00,-0.0022089589779756835,0.00034479660098440945
2026-04-23 19:25:00,-0.0063767788397193215,0.00037104179500602186
2026-04-23 19:30:00,-0.006115771328371267,0.0007107593701221049
2026-04-23 19:35:00,-0.0005109448759075264,-9.228388807969168e-05
2026-04-23 19:40:00,0.0071073383448503336,0.00038024818059057
2026-04-23 19:45:00,0.0065252739157628525,0.0016183541156351566
2026-04-23 19:50:00,0.003127570541058944,0.0013127451529726386
2026-04-23 19:55:00,0.0007597252621778239,0.0006026834598742425
2026-04-23 20:00:00,3.8183403376024216e-05,0.0011647354112938046
2026-04-23 20:05:00,0.0004923756161314685,0.0010066927643492818
2026-04-23 20:10:00,0.0005959166105178326,0.00044602807611227036
2026-04-23 20:15:00,0.0008990098775676358,0.0006800470291636884
2026-04-23 20:20:00,0.0002524606975597976,0.0004942971863783896
2026-04-23 20:25:00,-0.0011773304810969165,0.0006293674232438207
2026-04-23 20:30:00,-0.0025167175442213363,0.00041264304309152067
2026-04-23 20:35:00,-0.0011631215414755758,4.4715070544043556e-05
2026-04-23 20:40:00,-0.002137583815260413,-2.9860846552764997e-05
2026-04-23 20:45:00,-0.002190832988356206,-0.00022029411047697067
2026-04-23 20:50:00,-0.002639014910606363,0.0005178068531677127
2026-04-23 20:55:00,-0.0009640442078815425,0.00044121919199824333
2026-04-23 21:00:00,0.0006428582293320773,-0.0007511557778343558
2026-04-23 21:05:00,0.0012129828945770527,-0.0010169163579121232
2026-04-23 21:10:00,0.000721524555155284,0.0001942432572832331
2026-04-23 21:15:00,-0.001143381659485243,0.00024282679078169167
2026-04-23 21:20:00,-0.0018967319533693683,0.0001684648887021467
2026-04-23 21:25:00,-0.0016587936348848586,1.0715459666243987e-06
2026-04-23 21:30:00,0.0004238637479971885,-0.00017731660045683384
2026-04-23 21:35:00,0.0013223445111307797,0.00017084696446545422
2026-04-23 21:40:00,0.0007711808822570276,-3.066883800784126e-05
2026-04-23 21:45:00,0.00033214952143723053,-0.0002804636606015265
2026-04-23 21:50:00,-0.0005300054508161622,-0.0001728417701087892
2026-04-23 21:55:00,-0.0011079601671202255,-3.995997758465819e-06
2026-04-23 22:00:00,-0.0013058127556462296,-0.0005660933093167841
2026-04-23 22:05:00,-0.0009138013384362154,-3.745661524590105e-05
2026-04-23 22:10:00,-0.0002537251232404003,4.501312105276156e-06
2026-04-23 22:15:00,-0.00034111284130311503,0.00011257182632107288
2026-04-23 22:20:00,-0.0005222427566913268,-0.0002650311216711998
2026-04-23 22:25:00,0.00040081357162691233,-0.0004152796173002571
2026-04-23 22:30:00,0.0002963484140927619,-0.0001149955132859759
2026-04-23 22:35:00,0.00023877338813349525,-0.00014084618305787444
2026-04-23 22:40:00,0.0005838769165844582,-0.00011970015475526452
2026-04-23 22:45:00,0.0008970378113790645,1.9757560949074104e-05
2026-04-23 22:50:00,0.0013335238314464704,-8.923475979827344e-05
2026-04-23 22:55:00,0.000685726481643556,-0.0003741346881724894
2026-04-24 00:00:00,-0.00025773607755397165,0.0005566381732933223
2026-04-24 00:05:00,-0.0006644094028356307,0.0017768413526937366
2026-04-24 00:10:00,-0.0009413970429985596,0.00177830271422863
2026-04-24 00:15:00,-5.752042242868072e-05,0.0014709322713315487
2026-04-24 00:20:00,-0.0004666281090663915,0.0012099661398679018
2026-04-24 00:25:00,0.0001470185597600704,0.001002263161353767
2026-04-24 00:30:00,-0.0002812585914284682,0.0009395420202054083
2026-04-24 00:35:00,-0.00019609138774079327,0.0008715770090930164
2026-04-24 00:40:00,5.965354077552831e-05,0.0004157894290983677
2026-04-24 00:45:00,0.00031534516707232285,0.00041013117879629135
2026-04-24 00:50:00,-0.00016841351312990582,0.0002686074876692146
2026-04-24 00:55:00,-0.0008695893656689435,0.00029333343263715506
2026-04-24 01:00:00,-0.0011489317159298906,0.0002906896697822958
2026-04-24 01:05:00,-0.00028786090759780336,-0.000115267961518839
2026-04-24 01:10:00,0.0010826086809352375,-7.487615948775783e-05
2026-04-24 01:15:00,0.0022688814139684155,0.00015910652291495353
2026-04-24 01:20:00,0.0017323105742530487,0.00011781027569668368
2026-04-24 01:25:00,0.0005408651418647992,9.401677380083129e-05
2026-04-24 01:30:00,-0.0005151062467287915,0.00010092453885590658
2026-04-24 01:35:00,0.00011069765076676674,-0.00018994975835084915
2026-04-24 01:40:00,-9.580124442543081e-05,-0.00010771722008939832
2026-04-24 01:45:00,-0.0010246153529998026,-0.00016640275134705007
2026-04-24 01:50:00,-0.00024482853077145705,-0.0004225562734063715
2026-04-24 01:55:00,0.00030653168159844313,-0.00045291593414731324
2026-04-24 02:00:00,0.0010459059915071123,0.0005315912421792746
2026-04-24 02:05:00,0.0008683382722978195,0.0008156905532814562
2026-04-24 02:10:00,0.0015206249613726186,0.0010274648666381836
2026-04-24 02:15:00,0.0015529935470297573,0.0007106546545401216
2026-04-24 02:20:00,0.0007761837457032073,0.0006094794371165335
2026-04-24 02:25:00,-0.0007844813418333985,0.0002682557387743145
2026-04-24 02:30:00,-0.0009761897688314036,3.890869993483648e-05
2026-04-24 02:35:00,-4.038922458704519e-05,-0.00032531528268009424
2026-04-24 02:40:00,0.0008184828761557128,-0.00015851430362090468
2026-04-24 02:45:00,-0.0003766939299971739,-0.00021258169726934284
2026-04-24 02:50:00,-0.00013393383900961453,-0.00040002126479521394
2026-04-24 02:55:00,0.0007498648789017182,-0.0006463629542849958
2026-04-24 03:00:00,0.0015973136203939475,-0.00035909475991502404
2026-04-24 03:05:00,0.00013393383900961453,-0.0002864825364667922
2026-04-24 03:10:00,-0.0022746946943712487,-0.00019751564832404256
2026-04-24 03:15:00,-0.0024959929205348175,-0.00014908082084730268
2026-04-24 03:20:00,-0.001710598679714792,-0.00012151456030551344
2026-04-24 03:25:00,-0.0017467327765583462,-0.00046475839917548
2026-04-24 03:30:00,0.0007262466043442828,-0.0003343969292473048
2026-04-24 03:35:00,-8.518087098430271e-05,-0.00025956472381949425
2026-04-24 03:40:00,0.0019786908549015436,-0.0005921037518419325
2026-04-24 03:45:00,2.55474607975259e-05,-0.0006067958893254399
2026-04-24 03:50:00,-0.00036849084248480324,-0.000575522833969444
2026-04-24 03:55:00,-0.001315851298542725,-0.0004986888379789889
2026-04-24 04:00:00,-0.001124706161299116,-0.0004180997784715146
2026-04-24 04:05:00,-0.001870106044991715,-0.00031308489269576967
2026-04-24 04:10:00,-0.0018702934902190549,-0.00034594390308484435
2026-04-24 04:15:00,-0.0005926835733642832,-0.0002866121649276465
2026-04-24 04:20:00,-0.00037358717771063255,-0.0003119473112747073
2026-04-24 04:25:00,-0.00027540122823666024,-0.0001895108725875616
2026-04-24 04:30:00,-0.002774074979070562,-0.0001423716457793489
2026-04-24 04:35:00,-0.0010531994842324366,-4.673504736274481e-05
2026-04-24 04:40:00,-0.0013631781677805321,-0.0005030416650697589
2026-04-24 04:45:00,-0.0006610184416686593,-3.983233909821138e-06
2026-04-24 04:50:00,-0.0017285386389946922,0.00013171393948141485
2026-04-24 04:55:00,-0.001375744118941924,0.0006888086209073663
2026-04-24 05:00:00,0.00016903982211857738,-0.0001418895844835788
2026-04-24 05:05:00,0.0009437930262805594,0.00024608030798844993
2026-04-24 05:10:00,0.0009458936724762168,0.00010703592852223665
2026-04-24 05:15:00,0.0006117280867012909,-9.006894106278196e-05
2026-04-24 05:20:00,0.0004619411877033741,0.0003082270559389144
2026-04-24 05:25:00,7.486286730440384e-05,0.00037126519600860775
2026-04-24 05:30:00,-0.0003079561785597207,0.0004730496439151466
2026-04-24 05:35:00,-0.0008363556346342449,1.927255289047025e-05
2026-04-24 05:40:00,-0.0007767073776481226,0.00011526567686814815
2026-04-24 05:45:00,-0.000924437966931535,4.0180995711125433e-05
2026-04-24 05:50:00,0.000250338332492106,0.00033843069104477763
2026-04-24 05:55:00,-0.0003040001736085429,-0.00027224497171118855
2026-04-24 06:00:00,-0.00044112105419458203,1.5015372810012195e-05
2026-04-24 06:05:00,-0.002684237563098435,-0.00011684581113513559
2026-04-24 06:10:00,-0.0022636374471431964,-0.0003301270480733365
2026-04-24 06:15:00,-0.0014660904957430887,-0.00022912101121619344
2026-04-24 06:20:00,0.0009519828332891223,-0.00015765959687996656
2026-04-24 06:25:00,0.0018310271943864365,0.00018876009562518448
2026-04-24 06:30:00,0.0030070250776645935,0.00033267700928263366
2026-04-24 06:35:00,0.0017386728374315652,0.00012463339953683317
2026-04-24 06:40:00,0.0013828388927485946,-5.1100934797432274e-05
2026-04-24 06:45:00,-0.0005155207140639106,-0.00011640785669442266
2026-04-24 06:50:00,-0.0007554802099285496,-0.0006225949036888778
2026-04-24 06:55:00,-0.00022035550063392861,-0.0001294287503696978
2026-04-24 07:00:00,0.00021180208351090357,1.4232463399821427e-05
2026-04-24 07:05:00,0.0012153373628756015,0.00018300562805961818
2026-04-24 07:10:00,0.0007763767977433389,0.0002579977735877037
2026-04-24 07:15:00,0.0021518458718468025,0.00022099318448454142
2026-04-24 07:20:00,0.0017348578221518807,0.00020809523994103074
2026-04-24 07:25:00,0.0011303359625713938,2.2622694814344868e-05
2026-04-24 07:30:00,-0.0008777016314027719,6.434391252696514e-05
2026-04-24 07:35:00,4.269335285300713e-06,8.667269139550626e-05
2026-04-24 07:40:00,0.0009498612742824264,9.652876178734004e-05
2026-04-24 07:45:00,0.0006065719262018376,4.9281123210676014e-05
2026-04-24 07:50:00,-0.0002946269041288474,9.066323400475085e-05
2026-04-24 07:55:00,-0.0011121750142830678,4.446859747986309e-05
2026-04-24 08:00:00,-0.0011130422556231423,-0.0003081495815422386
2026-04-24 08:05:00,-0.002043425628000861,-0.0003037123824469745
2026-04-24 08:10:00,-0.002151007483371714,-0.0002702091296669096
2026-04-24 08:15:00,-0.0012041635994641808,-0.0003391490608919412
2026-04-24 08:20:00,0.0003829257930192398,-0.00023864326067268848
2026-04-24 08:25:00,0.00034883733726509547,-8.221145981224254e-05
2026-04-24 08:30:00,-0.0006336769530097541,-0.0002844625851139426
2026-04-24 08:35:00,-7.272322825890853e-05,0.00013196771033108234
2026-04-24 08:40:00,-0.0004002101691824578,8.353164594154805e-05
2026-04-24 08:45:00,0.0009717591315965279,7.280628778971732e-05
2026-04-24 08:50:00,0.0004854343074978118,0.00037430759402923286
2026-04-24 08:55:00,0.0019118583777704146,-8.160265861079097e-05
2026-04-24 09:00:00,0.0014836417354366915,0.0008577347616665065
2026-04-24 09:05:00,0.001002200008880294,0.0005277128657326102
2026-04-24 09:10:00,0.0007859234684470806,0.0003883680037688464
2026-04-24 09:15:00,0.0006278536581181271,0.0003703446127474308
2026-04-24 09:20:00,0.0002626709378255043,0.00013523997040465474
2026-04-24 09:25:00,0.0002988305076954134,-5.389936632127501e-06
2026-04-24 09:30:00,0.00147411944873177,-8.124868145387154e-06
2026-04-24 09:35:00,0.001612951752059999,-6.378884427249432e-05
2026-04-24 09:40:00,0.001757023747499531,-0.0002009363961406052
2026-04-24 09:45:00,-0.0005373432345159301,-0.00018215666932519525
2026-04-24 09:50:00,-0.0006098848445006411,-6.641782238148153e-05
2026-04-24 09:55:00,-0.0012726811264425208,-9.741553367348388e-05
2026-04-24 10:00:00,0.001029654346714537,-0.0007772184908390045
2026-04-24 10:05:00,0.0008805886226852522,-0.0004460476920939982
2026-04-24 10:10:00,-5.119694184685386e-05,-0.0005163494497537613
2026-04-24 10:15:00,-0.0015054013905348995,-0.0002885773137677461
2026-04-24 10:20:00,-0.0007910018098034044,-0.0001503874664194882
2026-04-24 10:25:00,0.0001066573378061264,-8.067066664807498e-05
2026-04-24 10:30:00,0.0011239346997786726,-0.000274226360488683
2026-04-24 10:35:00,0.00035613485305141523,3.801625780397444e-06
2026-04-24 10:40:00,0.0006055979611812035,0.00011689805251080543
2026-04-24 10:45:00,-4.263019796724166e-06,-1.1728976460290141e-05
2026-04-24 10:50:00,0.0002835376564469527,0.00019682853599078953
2026-04-24 10:55:00,0.0009204886057645467,-8.282541966764256e-05
2026-04-24 11:00:00,0.0007180624980271944,6.735783244948834e-05
2026-04-24 11:05:00,-0.0010450101719836624,1.0750844921858516e-05
2026-04-24 11:10:00,-0.002439441673740106,-0.00011855836055474356
2026-04-24 11:15:00,-0.0025464408394153537,-0.00034251913893967867
2026-04-24 11:20:00,-0.0007855426411378374,-0.0004991579917259514
2026-04-24 11:25:00,0.0004909253614595599,-0.00021182518685236573
2026-04-24 11:30:00,0.0005059653852566015,0.00037821748992428184
2026-04-24 11:35:00,-0.0001366791246120158,-0.0005354236345738173
2026-04-24 11:40:00,-0.0008710244053240501,-0.0006279570516198874
2026-04-24 11:45:00,-0.00032233653707613996,0.00011995625391136855
2026-04-24 11:50:00,0.0003139070455198123,-0.0003318679810035974
2026-04-24 11:55:00,6.407176039324725e-05,-0.00020134440273977816
2026-04-24 12:00:00,-0.00013238019611527818,9.096080611925572e-05
2026-04-24 12:05:00,-8.327185811118909e-05,0.00011399240611353889
2026-04-24 12:10:00,0.0,-2.6580628400552087e-05
2026-04-24 12:15:00,-0.001664788198851852,-0.0001316044945269823
2026-04-24 12:20:00,-0.0012841182426708286,-4.245298259775154e-05
2026-04-24 12:25:00,-0.0006986037822862556,-0.00016993243480101228
2026-04-24 12:30:00,0.0009406574178179028,1.0008772733272053e-05
2026-04-24 12:35:00,6.414004765531445e-06,0.00013715236855205148
2026-04-24 12:40:00,-9.190164820260804e-05,0.0001321118324995041
2026-04-24 12:45:00,0.0019170548986728875,8.155784598784521e-05
2026-04-24 12:50:00,0.004102935307191302,9.231563126377296e-06
2026-04-24 12:55:00,0.0037738349167479868,-8.770963177084923e-05
2026-04-24 13:00:00,0.0013938532061477105,0.000829747470561415
2026-04-24 13:05:00,0.002893705715433015,0.0003699515655171126
2026-04-24 13:10:00,0.004251668239247053,0.0007898967014625669
2026-04-24 13:15:00,0.0036268357275890395,0.0009412375511601567
2026-04-24 13:20:00,-0.0006286316425700988,0.0012754964409396052
2026-04-24 13:25:00,-0.0023711407120483585,0.0010070860153064132
2026-04-24 13:30:00,-0.0016438394778202081,0.0007499631610698998
2026-04-24 13:35:00,-0.0001763426746403951,0.0005052985507063568
2026-04-24 13:40:00,0.00042709300121046567,0.0012804276775568724
2026-04-24 13:45:00,0.0005992312170519654,0.0011402808595448732
2026-04-24 13:50:00,-0.0001593725400237389,0.0009469969081692398
2026-04-24 13:55:00,0.00032073101457186226,0.0002397735370323062
2026-04-24 14:00:00,-0.0001572103243692169,-0.000660329416859895
2026-04-24 14:05:00,0.0005417630376047811,-0.0009887678315863013
2026-04-24 14:10:00,0.0004267737983205677,-0.000658476899843663
2026-04-24 14:15:00,-0.00025923856254905786,-0.0008338091429322958
2026-04-24 14:20:00,-0.00043763676847241584,-0.00044443909428082407
2026-04-24 14:25:00,-0.0025101743201894067,-0.00047623278805986047
2026-04-24 14:30:00,-0.0028368873726485333,-0.000287816917989403
2026-04-24 14:35:00,-0.0025936322711164195,-0.0003239075012970716
2026-04-24 14:40:00,0.0004340453305076153,-0.00013855136057827622
2026-04-24 14:45:00,0.0011331663196738617,-0.00031647682772018015
2026-04-24 14:50:00,0.0014604105795132938,-0.000863763561937958
2026-04-24 14:55:00,0.00044448840436395187,-0.0009236218174919486
2026-04-24 15:00:00,0.0010425710318138215,0.00015084128244780004
2026-04-24 15:05:00,-0.0010833948990764952,0.00028847521753050387
2026-04-24 15:10:00,-0.0009359950309804077,0.00038950491580180824
2026-04-24 15:15:00,-0.0021586877435222362,0.00023214728571474552
2026-04-24 15:20:00,0.0018085496110238353,7.599955279147252e-05
2026-04-24 15:25:00,0.0021939530552810282,1.9302589862491004e-05
2026-04-24 15:30:00,0.004268162357561778,-0.00035973286139778793
2026-04-24 15:35:00,0.0004271910342108498,-0.0002485025906935334
2026-04-24 15:40:00,0.0005180225243321956,-7.999261288205162e-05
2026-04-24 15:45:00,0.00015914528406568706,-0.0004930405411869287
2026-04-24 15:50:00,0.004621530953889064,-0.0006648938287980855
2026-04-24 15:55:00,0.004200071621619728,-1.5511541278101504e-05
2026-04-24 16:00:00,0.003835158726348098,0.0003227864799555391
2026-04-24 16:05:00,9.517394102331878e-05,0.00026977912057191133
2026-04-24 16:10:00,-0.001169502967703906,0.0009045962360687554
2026-04-24 16:15:00,-0.00040378800198936915,0.0008284516516141593
2026-04-24 16:20:00,0.00036792070243762964,0.0011395919136703014
2026-04-24 16:25:00,0.0009348661305459416,0.0008759054471738636
2026-04-24 16:30:00,-0.00021358732683651738,5.116824104334228e-05
2026-04-24 16:35:00,-0.0008100274646700711,-0.0003894992405548692
2026-04-24 16:40:00,-0.0007761734196041203,-0.00014091958291828632
2026-04-24 16:45:00,-0.001297306630915429,-0.00024382265110034496
2026-04-24 16:50:00,-0.0003597525787562006,-0.00018888976774178445
2026-04-24 16:55:00,-0.0009398278097592083,0.00020743609638884664
2026-04-24 17:00:00,-0.0001101263277156761,0.00028704636497423053
2026-04-24 17:05:00,-0.0006415271529895961,8.527141471859068e-05
2026-04-24 17:10:00,-2.1177265363547804e-06,-0.0008268019300885499
2026-04-24 17:15:00,-0.0006716094832857067,-0.00039552984526380897
2026-04-24 17:20:00,-0.0005529327289561792,-0.0005342349759303033
2026-04-24 17:25:00,0.0012550252916891935,-0.0005102605791762471
2026-04-24 17:30:00,0.0012327036527821633,-0.0004417677700985223
2026-04-24 17:35:00,0.002169724005110396,4.1212737414753065e-05
2026-04-24 17:40:00,-0.00022210729142635444,0.0004802360199391842
2026-04-24 17:45:00,0.00039575254342949506,1.0336914783692919e-05
2026-04-24 17:50:00,-0.0016358528333348943,0.00010820661555044353
2026-04-24 17:55:00,-0.0014268931510343918,0.00011396755871828645
2026-04-24 18:00:00,-0.0011580703652214197,-0.0007964230608195066
2026-04-24 18:05:00,0.000641539377689071,-0.0005133498343639076
2026-04-24 18:10:00,0.0007581581779394497,-0.00011120330600533634
2026-04-24 18:15:00,0.0011094033649303725,-0.00018150592222809792
2026-04-24 18:20:00,-0.00011430361592879024,-0.000850031734444201
2026-04-24 18:25:00,-0.00017148827517310394,-0.0009258301579393446
2026-04-24 18:30:00,-0.0008107596499549174,-0.0007677762187086046
2026-04-24 18:35:00,0.0001291197947743683,-0.0007798426668159664
2026-04-24 18:40:00,0.0008613784491693366,-0.0008049822645261884
2026-04-24 18:45:00,0.0012909781480185956,-0.0001841255434555933
2026-04-24 18:50:00,0.0006939977935189745,-0.00037956671440042555
2026-04-24 18:55:00,0.0001649952091682394,-0.0005830053123645484
2026-04-24 19:00:00,0.00016284113402953437,-3.8314337871270254e-05
2026-04-24 19:05:00,-0.0002496144738586281,-0.00014806524268351495
2026-04-24 19:10:00,-0.0010666035616537783,0.0006858212873339653
2026-04-24 19:15:00,-0.0017122150271564607,-0.0001480057544540614
2026-04-24 19:20:00,-0.0009630802376339176,-0.0003284533158876002
2026-04-24 19:25:00,-2.3291736411579222e-05,-0.0004115355550311506
2026-04-24 19:30:00,0.00028380811373374115,-0.00020241999300196767
2026-04-24 19:35:00,0.0006689628996241481,0.00014529714826494455
2026-04-24 19:40:00,0.0002731144271148622,0.0003944667987525463
2026-04-24 19:45:00,4.235251267381557e-05,4.770275609189412e-06
2026-04-24 19:50:00,-0.0005546147474930763,-2.2709189579472877e-05
2026-04-24 19:55:00,-8.467543903378782e-06,-3.273663605796173e-05
2026-04-24 20:00:00,-0.0002880324649439103,-0.0001710161886876449
2026-04-24 20:05:00,-0.0003049574671507571,6.0791313444497064e-05
2026-04-24 20:10:00,-0.0013896481936015448,-0.00015581381740048528
2026-04-24 20:15:00,-0.0002669276641871221,-0.0001474494201829657
2026-04-24 20:20:00,-0.0002584395350613278,-0.00039518490666523576
2026-04-24 20:25:00,0.00030732938427213696,-0.0001854178699431941
2026-04-24 20:30:00,-0.00021189807781851755,-0.00027612547273747623
2026-04-24 20:35:00,2.330466506705875e-05,-0.00030183151829987764
2026-04-24 20:40:00,0.000910835616908301,-0.000481748313177377
2026-04-24 20:45:00,0.0010209356214705423,-0.0006040072184987366
2026-04-24 20:50:00,0.00047868476980816865,-0.0006493745022453368
2026-04-24 20:55:00,-0.00013974879118983097,-0.0006708883447572589
2026-04-24 21:00:00,-0.0005209281956890521,-0.0004741335578728467
2026-04-24 21:05:00,-0.0009427617259110121,-0.00032454836764372885
2026-04-24 21:10:00,-0.0007117513407486342,-0.0007361004245467484
2026-04-24 21:15:00,-0.0006144510602972275,-0.0007303955499082804
2026-04-24 21:20:00,-0.00011234323626041487,-0.000609512731898576
2026-04-24 21:25:00,-0.0005998743199473466,-0.0006059237639419734
2026-04-24 21:30:00,-0.000275566184262388,-0.000628834415692836
2026-04-24 21:35:00,-0.00011235585868085707,-0.00042319006752222776
2026-04-24 21:40:00,0.0002226102009199593,-0.0004389316600281745
2026-04-24 21:45:00,-0.0011773105015127072,-0.0002071290509775281
2026-04-24 21:50:00,-0.001608283642157815,-0.00029284125776030123
2026-04-24 21:55:00,-0.002190093254005987,-0.0002401002566330135
2026-04-24 22:00:00,-0.001097950214093757,-0.0002540997520554811
2026-04-24 22:05:00,-0.000429029592631025,-0.00019877763406839222
2026-04-24 22:10:00,0.0002485366620295082,-0.00018026995530817658
2026-04-24 22:15:00,-0.00011049888131076102,-0.00019399823213461787
2026-04-24 22:20:00,3.823783081635668e-05,-2.8992177249165252e-05
2026-04-24 22:25:00,-0.00011682577997085275,0.00024397038214374334
2026-04-24 22:30:00,0.0003484550092736072,-3.4926546504721045e-05
2026-04-24 22:35:00,0.00017205214709292704,1.81089108082233e-05
2026-04-24 22:40:00,0.00040564548627841646,2.5706121959956363e-05
2026-04-24 22:45:00,-0.0021968706100281565,3.487139838398434e-05
2026-04-24 22:50:00,-0.005691273146934961,3.976012521889061e-06
2026-04-24 22:55:00,-0.005066427731085454,-5.74928053538315e-05
2026-04-27 00:00:00,-0.0017771872705445446,-0.0016769374487921596
2026-04-27 00:05:00,0.0006918376251245917,-0.000948985805734992
2026-04-27 00:10:00,0.0002155262102085942,-0.0012825209414586425
2026-04-27 00:15:00,-0.0010691114270517943,-0.0014386291150003672
2026-04-27 00:20:00,0.00029666022697583116,-0.0012162415077909827
2026-04-27 00:25:00,-0.00042469506359488207,-0.001045228447765112
2026-04-27 00:30:00,0.0002903309152380018,-0.0009161909692920744
2026-04-27 00:35:00,-0.0003350830962727258,-0.0006256147171370685
2026-04-27 00:40:00,-0.0001494331150819761,-0.0005060064140707254
2026-04-27 00:45:00,-0.0007516180426154762,-0.0005763518856838346
2026-04-27 00:50:00,-0.00023697365540265025,-0.0007240730337798595
2026-04-27 00:55:00,-5.123935183348749e-05,-0.0014371230499818921
2026-04-27 01:00:00,0.00047623268817353903,-0.0002866920258384198
2026-04-27 01:05:00,-0.00017723321909457468,0.0004849117249250412
2026-04-27 01:10:00,-0.0014293545661896445,0.0004283386515453458
2026-04-27 01:15:00,-0.000980474957350097,0.00018680300854612142
2026-04-27 01:20:00,-0.0013120753397934948,0.00012938916916027665
2026-04-27 01:25:00,0.0,-7.295276009244844e-05
2026-04-27 01:30:00,0.0003547054059254151,-0.0001622987911105156
2026-04-27 01:35:00,0.00103655411704473,0.00020616092660930008
2026-04-27 01:40:00,0.0007095912667498538,0.00041961000533774495
2026-04-27 01:45:00,-0.00033974540789039054,0.00039556811680085957
2026-04-27 01:50:00,-0.0011798326946834692,0.000608270987868309
2026-04-27 01:55:00,-9.401327730884645e-05,6.590382326976396e-06
2026-04-27 02:00:00,-5.770408279381911e-05,0.0006688118446618319
2026-04-27 02:05:00,0.0007610659565884248,0.001073873252607882
2026-04-27 02:10:00,0.0002542428118008644,0.001052455510944128
2026-04-27 02:15:00,-0.0001945086578523103,0.001194784534163773
2026-04-27 02:20:00,-1.495919878635732e-05,0.0013824804918840528
2026-04-27 02:25:00,-9.186179292974828e-05,0.002125534461811185
2026-04-27 02:30:00,0.0009743007599389841,0.0015403653960675001
2026-04-27 02:35:00,0.002032399527976736,0.0016176232602447271
2026-04-27 02:40:00,0.0038530762961244136,0.001299982308410108
2026-04-27 02:45:00,0.0055902532562068785,0.0017963633872568607
2026-04-27 02:50:00,0.0020069931890080994,0.001103537972085178
2026-04-27 02:55:00,-0.0012692140669958718,0.0008322790381498635
2026-04-27 03:00:00,-0.0026261887426990427,5.252618211670779e-05
2026-04-27 03:05:00,-0.0002639600839557943,0.0005403013783507049
2026-04-27 03:10:00,0.0011032004577558041,0.0006205772515386343
2026-04-27 03:15:00,0.000283151929933112,0.00019659868848975748
2026-04-27 03:20:00,0.0005853012925580714,-0.0007715711835771799
2026-04-27 03:25:00,8.514188895247798e-06,-0.0003606966929510236
2026-04-27 03:30:00,0.0008766237781721031,-0.0006429378408938646
2026-04-27 03:35:00,0.0007423076323167521,-0.00030873966170474887
2026-04-27 03:40:00,0.0012189091954120101,-0.0010012163547798991
2026-04-27 03:45:00,-3.828304784647685e-05,-0.0012219271156936884
2026-04-27 03:50:00,-0.0010061828974556875,-0.0012355373473837972
2026-04-27 03:55:00,-0.0008762732576368393,-0.0014340466586872935
2026-04-27 04:00:00,0.0007590068643104075,-0.0011060896795243025
2026-04-27 04:05:00,0.0014547034779326395,-0.001078362693078816
2026-04-27 04:10:00,0.0012503696385781637,-0.0005136494874022901
2026-04-27 04:15:00,0.00018488078960565701,-0.00015381544653791934
2026-04-27 04:20:00,0.0015013981535361154,-0.00013875267177354544
2026-04-27 04:25:00,0.0018365673040907637,-0.00011461207759566605
2026-04-27 04:30:00,0.0025911065952914925,-9.49166133068502e-05
2026-04-27 04:35:00,0.0019122369876942713,-4.086944318260066e-05
2026-04-27 04:40:00,0.0009307957278714696,-6.502056930912659e-05
2026-04-27 04:45:00,0.00038353267967217164,-0.00010057834879262373
2026-04-27 04:50:00,-0.00018428045419049965,-0.0002936523233074695
2026-04-27 04:55:00,-0.00013776250401953405,-0.0003420483262743801
2026-04-27 05:00:00,-0.0007014889442871208,-0.0003988473326899111
2026-04-27 05:05:00,-0.0008646651339070388,-0.0002932909701485187
2026-04-27 05:10:00,-0.0003900767907136782,-0.0004870516713708639
2026-04-27 05:15:00,0.0011166402792639474,-0.00033379695378243923
2026-04-27 05:20:00,0.0015444280266052601,-0.00019662543490994722
2026-04-27 05:25:00,0.0025920026709567168,-0.00014360382920131087
2026-04-27 05:30:00,0.0005292797684628425,-1.201776376547059e-05
2026-04-27 05:35:00,0.00029209254884854374,-6.267982826102525e-05
2026-04-27 05:40:00,-0.0008738383320494592,-0.00045618636067956686
2026-04-27 05:45:00,0.0004041810574531013,-0.0006162712234072387
2026-04-27 05:50:00,0.00042105575590589694,-0.0006737565854564309
2026-04-27 05:55:00,0.0007109772215478927,-0.000547278905287385
2026-04-27 06:00:00,1.0578462040555792e-05,0.0003832228831015527
2026-04-27 06:05:00,-0.00013962698462144374,0.0002181531599489972
2026-04-27 06:10:00,-0.00011634560581086362,0.0003231347945984453
2026-04-27 06:15:00,2.1156588372761576e-05,0.00029052450554445386
2026-04-27 06:20:00,0.0003173058643586302,0.0001733007375150919
2026-04-27 06:25:00,-0.00014386419245049353,6.756104994565248e-05
2026-04-27 06:30:00,-0.00045919852678366624,-2.245308678539004e-06
2026-04-27 06:35:00,-0.0007045554134386123,-5.3037852921988815e-05
2026-04-27 06:40:00,-0.0002539284866394098,-8.599785360274836e-05
2026-04-27 06:45:00,-0.0006330661892608447,-3.937259680242278e-05
2026-04-27 06:50:00,-0.0010482303339305332,0.00015077066200319678
2026-04-27 06:55:00,-0.0014359085434278995,3.101398760918528e-05
2026-04-27 07:00:00,-0.0007457959280294801,-6.52780436212197e-05
2026-04-27 07:05:00,-0.00017163326040403604,-2.2847070795251057e-05
2026-04-27 07:10:00,-8.05397008178943e-05,1.455175515729934e-05
2026-04-27 07:15:00,-0.0011091283664637075,0.00020251468231435865
2026-04-27 07:20:00,-0.0017306913509571586,0.00022452487610280514
2026-04-27 07:25:00,-0.0013319648022971364,0.00016975632752291858
2026-04-27 07:30:00,-0.0002461684738523928,0.00014857489441055804
2026-04-27 07:35:00,0.00011462364188830065,-0.00010643226414686069
2026-04-27 07:40:00,-0.00039908635229757294,-0.0001093963801395148
2026-04-27 07:45:00,-0.00010612579312407888,0.00010491742432350293
2026-04-27 07:50:00,0.0004668494537760637,6.3964353103074245e-06
2026-04-27 07:55:00,0.0010059017993064856,8.811032603261992e-05
2026-04-27 08:00:00,0.0001846516297572265,3.778956306632608e-05
2026-04-27 08:05:00,0.0002651583063659757,9.231149306287989e-05
2026-04-27 08:10:00,-5.302862380318629e-05,0.00015166602679528296
2026-04-27 08:15:00,-0.00040755246210011364,0.00010442687198519707
2026-04-27 08:20:00,-0.0005728300506273598,0.00011251195246586576
2026-04-27 08:25:00,-0.000740573373418485,0.0005261077894829214
2026-04-27 08:30:00,0.0008382737146668262,0.00027545326156541705
2026-04-27 08:35:00,0.000297063949442844,0.00022493998403660953
2026-04-27 08:40:00,0.00029926616340247847,0.00013679910625796765
2026-04-27 08:45:00,0.0005916739561442341,9.359297837363556e-05
2026-04-27 08:50:00,0.000746514005294685,0.00040220539085567
2026-04-27 08:55:00,0.001071105599931954,0.00014332670252770185
2026-04-27 09:00:00,-0.0002968535664358285,-2.5008994271047413e-05
2026-04-27 09:05:00,0.00011447274713205502,-4.307367271394469e-05
2026-04-27 09:10:00,-0.00029894574145572506,-0.00018785253632813692
2026-04-27 09:15:00,0.00026081176218006874,-0.00013832100376021117
2026-04-27 09:20:00,-0.00034981899873898215,-0.0003133371938019991
2026-04-27 09:25:00,-0.00020146774622453734,-0.00025226149591617286
2026-04-27 09:30:00,-0.0004453294557240639,-0.00012488840729929507
2026-04-27 09:35:00,-0.0007551780966945643,0.0002011139877140522
2026-04-27 09:40:00,-0.0004709566234186724,-0.00010513768211239949
2026-04-27 09:45:00,-0.0004603822102211552,-9.481872257310897e-05
2026-04-27 09:50:00,-4.456484025716634e-05,-0.00012972429976798594
2026-04-27 09:55:00,-0.0002695209017034017,-6.069029404898174e-05
2026-04-27 10:00:00,-0.000360816212628734,0.0005054328357800841
2026-04-27 10:05:00,-0.00016766647569355086,0.00042794129694812
2026-04-27 10:10:00,-0.00016132284769732053,0.000838734966237098
2026-04-27 10:15:00,-0.00022292212785401944,0.00038751974352635443
2026-04-27 10:20:00,-0.0007898961654841941,0.00025281572015956044
2026-04-27 10:25:00,0.0002822979068195508,0.0003317477530799806
2026-04-27 10:30:00,0.0005837383404827534,0.0001403910864610225
2026-04-27 10:35:00,-0.00014020806049330758,0.00016161848907358944
2026-04-27 10:40:00,-0.0010723064638593627,0.00011382494994904846
2026-04-27 10:45:00,-0.0012251819929627317,0.00033347465796396136
2026-04-27 10:50:00,-0.0005057620858508471,0.00037469572271220386
2026-04-27 10:55:00,-0.00033998066687601636,0.0004777641734108329
2026-04-27 11:00:00,-0.00023586584654999854,0.0002790031721815467
2026-04-27 11:05:00,0.0002592881492216037,0.0003589475236367434
2026-04-27 11:10:00,-0.000614383175447486,0.00015942730533424765
2026-04-27 11:15:00,-0.0005420647698173298,0.00031923424103297293
2026-04-27 11:20:00,-0.0003251835562281258,0.00019745886675082147
2026-04-27 11:25:00,0.0004613541570215318,2.9276452551130205e-05
2026-04-27 11:30:00,-0.0005402312916800156,8.055359649006277e-05
2026-04-27 11:35:00,-0.0007804467656189473,-4.834750507143326e-05
2026-04-27 11:40:00,-0.00021045314465872877,-0.00010407229274278507
2026-04-27 11:45:00,0.0010950469891266579,0.00012162590428488329
2026-04-27 11:50:00,0.0006656508471252209,-0.00021522502356674522
2026-04-27 11:55:00,-0.00039764348914950176,-0.0002792802988551557
2026-04-27 12:00:00,-0.0006909094662628235,-7.547772111138329e-05
2026-04-27 12:05:00,0.00017006332774194277,0.00016135639452841133
2026-04-27 12:10:00,0.0007292465378334612,-4.764429831993766e-05
2026-04-27 12:15:00,0.0010754860383919151,-6.071088864700869e-05
2026-04-27 12:20:00,0.0008222732386293785,0.0002725680824369192
2026-04-27 12:25:00,0.0008688734615063254,0.00020250395755283535
2026-04-27 12:30:00,0.0002421436093342777,0.00024235303862951696
2026-04-27 12:35:00,0.00022510421783294987,0.00012280179362278432
2026-04-27 12:40:00,-7.007671279346539e-05,0.0003626738325692713
2026-04-27 12:45:00,-0.0005502180298027071,0.0004288549826014787
2026-04-27 12:50:00,-0.0005097424636630876,0.00028525039670057595
2026-04-27 12:55:00,-0.001060243827891938,0.0008601554436609149
2026-04-27 13:00:00,-0.0004059532784399522,0.0007162795518524945
2026-04-27 13:05:00,-0.0006226630414793988,0.00041500601219013333
2026-04-27 13:10:00,0.0002444444692777381,0.0004612910852301866
2026-04-27 13:15:00,0.00036345280561533855,0.00023854404571466148
2026-04-27 13:20:00,-0.0004082353022880625,-0.0001548389991512522
2026-04-27 13:25:00,-0.0004676850948968081,0.00010399756138212979
2026-04-27 13:30:00,-0.0005888173762826909,0.00021465140162035823
2026-04-27 13:35:00,0.0002466620890757554,4.22288867412135e-05
2026-04-27 13:40:00,0.0004868130107098523,3.9224541978910565e-05
2026-04-27 13:45:00,0.0005101867394081694,0.000199653601157479
2026-04-27 13:50:00,0.0005165174088723745,0.00017282951739616692
2026-04-27 13:55:00,0.0008179073289014127,0.00012215647439006716
2026-04-27 14:00:00,0.001257348859025953,0.000389645661925897
2026-04-27 14:05:00,0.0007137577095708281,0.0004965424886904657
2026-04-27 14:10:00,-0.0004417993198480019,0.00040177590562961996
2026-04-27 14:15:00,-0.0013997498029372224,0.0005076071829535067
2026-04-27 14:20:00,-0.001576895203976747,0.0003504239721223712
2026-04-27 14:25:00,-0.0017542539831065795,0.0004534906183835119
2026-04-27 14:30:00,-0.000265727622249301,0.0003780675760935992
2026-04-27 14:35:00,0.00022754943184288834,0.0003468052309472114
2026-04-27 14:40:00,8.512576272678984e-05,0.00041796546429395676
2026-04-27 14:45:00,-0.001604368310399451,0.0002925856679212302
2026-04-27 14:50:00,-0.0013703325200200567,0.00016817188588902354
2026-04-27 14:55:00,-0.0006769500890779767,0.00032433736487291753
2026-04-27 15:00:00,0.0010407921175286106,4.022132634418085e-05
2026-04-27 15:05:00,0.000581131135927393,0.0001052988154697232
2026-04-27 15:10:00,0.0008918603967682515,0.0001435838348697871
2026-04-27 15:15:00,-0.0014774384675515506,3.8874804886290804e-05
2026-04-27 15:20:00,-0.001465183005331383,5.260553734842688e-05
2026-04-27 15:25:00,-0.0013881557644630504,6.746934377588332e-05
2026-04-27 15:30:00,-0.000878129725489174,0.000397398485802114
2026-04-27 15:35:00,0.0006561903698791838,0.00040316011290997267
2026-04-27 15:40:00,0.00042601957778209965,0.0003260862431488931
2026-04-27 15:45:00,0.0009100859241950587,0.00035558902891352773
2026-04-27 15:50:00,-0.0013618623171502975,0.0002846919815056026
2026-04-27 15:55:00,-0.0006156566577253386,-9.775789658306167e-05
2026-04-27 16:00:00,0.00029607887416638334,-0.00020833584130741656
2026-04-27 16:05:00,0.0009805573335164297,-2.0351446437416598e-05
2026-04-27 16:10:00,-0.000801560527690981,-0.00010201871191384271
2026-04-27 16:15:00,-0.0020167744424988143,-0.0002171364176319912
2026-04-27 16:20:00,3.195851359194535e-05,-4.4316020648693666e-05
2026-04-27 16:25:00,0.0010785464117031296,-0.00034106551902368665
2026-04-27 16:30:00,0.0010621916270778797,-0.0005925449077039957
2026-04-27 16:35:00,-0.0026581745939147083,-0.0007935800240375102
2026-04-27 16:40:00,-0.0032540963610756535,-0.0006397248944267631
2026-04-27 16:45:00,-0.004805908817653304,-0.000734155357349664
2026-04-27 16:50:00,-0.0021855875460552454,-0.000933550123590976
2026-04-27 16:55:00,-0.0008916553840450092,-9.34651616262272e-05
2026-04-27 17:00:00,0.002052121155447395,1.3924125141784316e-06
2026-04-27 17:05:00,0.0006484758370390864,-4.0830222133081406e-05
2026-04-27 17:10:00,0.001368161810406221,-0.00026982231065630913
2026-04-27 17:15:00,0.00017527284897411732,0.00014812582230661064
2026-04-27 17:20:00,0.0010884081342954488,0.0004313161189202219
2026-04-27 17:25:00,-0.0007415679050755131,0.0018326365388929844
2026-04-27 17:30:00,-0.0009879141703112992,0.00048726267414167523
2026-04-27 17:35:00,-0.001522819048908275,2.3015232727630064e-05
2026-04-27 17:40:00,-0.0016025524446341421,0.00010408464004285634
2026-04-27 17:45:00,-0.0007512111224325935,0.00033760565565899014
2026-04-27 17:50:00,0.0002204389740754209,0.00042678715544752777
2026-04-27 17:55:00,0.0009887937522830015,0.00014718227612320334
2026-04-27 18:00:00,0.0013799966887813042,0.00011323476792313159
2026-04-27 18:05:00,0.0006032834203022475,0.0004025926464237273
2026-04-27 18:10:00,0.00041705476533593355,4.35547099186806e-06
2026-04-27 18:15:00,0.00021164496315861925,0.00022047427773941308
2026-04-27 18:20:00,0.0003720572241263653,-0.00013833658886142075
2026-04-27 18:25:00,-0.00032293490362178545,0.0002188390790252015
2026-04-27 18:30:00,-0.0004575514237199485,1.6145290828717407e-06
2026-04-27 18:35:00,-0.0002929300185474659,0.00011895898933289573
2026-04-27 18:40:00,0.0004362581947798816,-0.000189539699931629
2026-04-27 18:45:00,-0.00040641277123221187,1.434298883395968e-05
2026-04-27 18:50:00,-0.000594676592616139,0.00017552779172547162
2026-04-27 18:55:00,-0.0006373431987949374,5.119158231536858e-05
2026-04-27 19:00:00,-0.0005499896881833166,0.0001145411588368006
2026-04-27 19:05:00,0.0002952433746798988,-5.0257636758033186e-05
2026-04-27 19:10:00,0.0012571867615793764,-6.620581552851945e-05
2026-04-27 19:15:00,0.0029646497641415692,0.00020656987908296287
2026-04-27 19:20:00,0.0012356527977335219,-0.0004386836080811918
2026-04-27 19:25:00,0.0007176834512510055,-0.00011794041347457096
2026-04-27 19:30:00,-0.000700292101655009,-0.00044592295307666063
2026-04-27 19:35:00,0.0003225575638339251,-0.00012512381363194436
2026-04-27 19:40:00,-0.0002541206531549989,-0.0004846523515880108
2026-04-27 19:45:00,-0.00039733487093407405,5.12869592057541e-05
2026-04-27 19:50:00,-4.271687894075171e-05,9.658067574491724e-05
2026-04-27 19:55:00,-0.00014951290858356003,0.0001626308512641117
2026-04-27 20:00:00,0.0003781126243875832,0.0001628919708309695
2026-04-27 20:05:00,0.00047618997676401875,7.944388926262036e-05
2026-04-27 20:10:00,0.0005210624666780461,0.0001754724362399429
2026-04-27 20:15:00,0.0002861596961452051,6.138598109828308e-05
2026-04-27 20:20:00,-0.00016866916863556014,1.0265756827720907e-05
2026-04-27 20:25:00,-0.0002562263004701748,7.78860121499747e-05
2026-04-27 20:30:00,8.967499226741893e-05,6.646964175160974e-05
2026-04-27 20:35:00,9.821588713876395e-05,0.00016791430243756622
2026-04-27 20:40:00,-0.0005276058671679351,8.837845962261781e-05
2026-04-27 20:45:00,-0.0009890046144427345,0.00017161841969937086
2026-04-27 20:50:00,-0.0009077967543316134,0.00018348573939874768
2026-04-27 20:55:00,1.709281183082112e-05,0.0002513642830308527
2026-04-27 21:00:00,0.0005661806566621408,6.308903539320454e-05
2026-04-27 21:05:00,0.0006771876677387212,0.00016850970860105008
2026-04-27 21:10:00,0.0004037327173413985,0.0001557030773255974
2026-04-27 21:15:00,-0.00059182661421886,0.00010850329272216186
2026-04-27 21:20:00,-0.0010448127285194175,0.0001886269892565906
2026-04-27 21:25:00,-0.00044432862250154415,6.54669784125872e-05
2026-04-27 21:30:00,0.00043589185444226075,-8.195726695703343e-05
2026-04-27 21:35:00,0.000461646976503971,7.823816849850118e-05
2026-04-27 21:40:00,0.00020296304753486538,0.0001464337983634323
2026-04-27 21:45:00,-0.00040383451026215766,3.8783209532766705e-08
2026-04-27 21:50:00,-0.00011111775929606438,-6.073607801226899e-05
2026-04-27 21:55:00,-0.0004123786292460352,0.00011923595593543723
2026-04-27 22:00:00,5.9837626345427e-05,0.00016918731853365898
2026-04-27 22:05:00,-5.556351017510508e-05,0.000104359227407258
2026-04-27 22:10:00,0.0001453134284989943,0.0001653853978496045
2026-04-27 22:15:00,-1.4959070915310235e-05,0.00016032124403864145
2026-04-27 22:20:00,0.00011539768405377515,9.54397619352676e-05
2026-04-27 22:25:00,6.837548399651894e-05,0.00011720527982106432
2026-04-27 22:30:00,0.0001559907391683879,0.0002068790781777352
2026-04-27 22:35:00,-9.402673785530169e-05,0.00016830711683724076
2026-04-27 22:40:00,0.0004016115786473762,0.00024182480410672724
2026-04-27 22:45:00,0.00056392785781334,0.0001204990257974714
2026-04-27 22:50:00,0.002117731233411746,6.163364014355466e-05
2026-04-27 22:55:00,0.00150460854681711,0.00010133691830560565
2026-04-28 00:00:00,0.0011055715094734353,8.795593021204695e-05
2026-04-28 00:05:00,-0.0003306000207139448,0.0010037559550255537
2026-04-28 00:10:00,9.809440954988702e-05,0.0007200518739409745
2026-04-28 00:15:00,0.0002175554455021711,0.0006317826919257641
2026-04-28 00:20:00,8.10604412695426e-05,0.0004058043996337801
2026-04-28 00:25:00,-0.0004543006674033734,0.00036160703166387975
2026-04-28 00:30:00,-0.00040102132989616734,0.0004079392529092729
2026-04-28 00:35:00,-0.00012159312608517325,0.00045049344771541655
2026-04-28 00:40:00,0.00011092812722068857,0.00033244845690205693
2026-04-28 00:45:00,0.00030931254999622126,0.00037080002948641777
2026-04-28 00:50:00,0.0001706528328249135,0.00040548574179410934
2026-04-28 00:55:00,0.0004158709196619981,0.0004571403842419386
2026-04-28 01:00:00,0.0005522582491330752,-0.00019687574240379035
2026-04-28 01:05:00,0.0005544206659440221,-2.701696939766407e-05
2026-04-28 01:10:00,0.00017695926465322032,-0.00013536143524106592
2026-04-28 01:15:00,0.00022167041536746979,0.0003954108105972409
2026-04-28 01:20:00,0.0005775499469500289,0.000344817090081051
2026-04-28 01:25:00,0.0007906040008069937,0.0002913203788921237
2026-04-28 01:30:00,0.0005326606310784854,0.0002892138436436653
2026-04-28 01:35:00,0.00025563515889537314,0.00040814271778799593
2026-04-28 01:40:00,-0.00041333760043116285,0.00023989033070392907
2026-04-28 01:45:00,0.0005174743534439585,0.0003035309782717377
2026-04-28 01:50:00,0.0012644325788038202,0.00022555836767423898
2026-04-28 01:55:00,0.0011479749302605313,0.00019693757349159569
2026-04-28 02:00:00,6.386899192634132e-06,0.00038374774158000946
2026-04-28 02:05:00,-0.000804453908591185,0.0005179978325031698
2026-04-28 02:10:00,-0.0005727578232086472,8.443931437795982e-05
2026-04-28 02:15:00,-0.0007880254620538096,3.410352292121388e-05
2026-04-28 02:20:00,-0.0010842695716863915,0.00023233181855175644
2026-04-28 02:25:00,-0.0003024803410838217,6.893176032463089e-05
2026-04-28 02:30:00,7.4569547322767e-05,-7.362636824836954e-05
2026-04-28 02:35:00,0.0002749064749263397,-0.00028477449086494744
2026-04-28 02:40:00,-0.0007821866457344839,-0.00030057047843001783
2026-04-28 02:45:00,-0.0008227032445020654,-0.00020911330648232251
2026-04-28 02:50:00,-0.0008014887655747316,-0.00023202218289952725
2026-04-28 02:55:00,-0.0004585135922976491,-0.00015246107068378478
2026-04-28 03:00:00,-0.00014073725018448613,0.00010660015686880797
2026-04-28 03:05:00,5.33104169750942e-05,-8.411323506152257e-05
2026-04-28 03:10:00,-1.4931883944413471e-05,-9.92721616057679e-05
2026-04-28 03:15:00,-0.0009622350195872542,-2.2291289951681392e-06
2026-04-28 03:20:00,0.00015778217989570464,4.1048580897040665e-05
2026-04-28 03:25:00,-9.812935590325367e-05,2.442203003738541e-05
2026-04-28 03:30:00,3.41527867639968e-05,0.00010141218808712438
2026-04-28 03:35:00,-0.002003976610135183,9.899544238578528e-05
2026-04-28 03:40:00,-0.003783179429541761,0.0001783804764272645
2026-04-28 03:45:00,-0.002639603903773491,5.554121162276715e-05
2026-04-28 03:50:00,-0.0011735171266238353,7.69208709243685e-05
2026-04-28 03:55:00,0.0016347214985881209,0.0001070735597750172
2026-04-28 04:00:00,0.0011635668053582293,-5.346502803149633e-05
2026-04-28 04:05:00,0.0001646747090102707,0.00016083689115475863
2026-04-28 04:10:00,-0.00040629110246825917,4.01298857468646e-05
2026-04-28 04:15:00,-0.0009174793275086301,-1.9166376659995876e-05
2026-04-28 04:20:00,-0.001024845640769101,-3.9424310671165586e-05
2026-04-28 04:25:00,-0.0009329556538482109,-0.00015198318578768522
2026-04-28 04:30:00,-0.0007277382004868826,-0.0003415053943172097
2026-04-28 04:35:00,-0.00021837006104696854,-0.00026717965374700725
2026-04-28 04:40:00,-0.0004261109730236967,-0.00013891723938286304
2026-04-28 04:45:00,0.00016057601863828097,0.00016232200141530484
2026-04-28 04:50:00,0.000537275938359727,9.154245344689116e-05
2026-04-28 04:55:00,0.0008071016818860244,-1.0204737918684259e-05
2026-04-28 05:00:00,0.0005586036338911526,0.0003080878814216703
2026-04-28 05:05:00,4.065853995882662e-05,0.00013670133193954825
2026-04-28 05:10:00,0.00044501879227176744,7.32075423002243e-05
2026-04-28 05:15:00,-0.00026749154083738347,-9.723817129270174e-06
2026-04-28 05:20:00,3.4237488341304356e-05,1.2068204341630917e-05
2026-04-28 05:25:00,-0.0006376364019686775,-5.445614533527987e-06
2026-04-28 05:30:00,-0.00014554545324507728,-3.378159453859553e-05
2026-04-28 05:35:00,-0.0007642028099432707,-3.251317684771493e-05
2026-04-28 05:40:00,-0.0002119222317560343,-7.047488179523498e-05
2026-04-28 05:45:00,-0.0008437246874546389,-0.00016643806884530932
2026-04-28 05:50:00,-0.00041124146236093395,-0.00016309635248035192
2026-04-28 05:55:00,-0.00025479425501906405,-3.986510637332685e-05
2026-04-28 06:00:00,0.00015852036270125325,-0.00016336864791810513
2026-04-28 06:05:00,-0.00014354594941146104,3.8310023228405043e-05
2026-04-28 06:10:00,-0.0004969284782294636,4.275330138625577e-05
2026-04-28 06:15:00,5.140661347269315e-05,0.0001522195088909939
2026-04-28 06:20:00,0.0003855991615999699,8.715251897228882e-05
2026-04-28 06:25:00,0.0005140595394141911,0.00021293915051501244
2026-04-28 06:30:00,-0.00020564231163078261,0.00032303211628459394
2026-04-28 06:35:00,-0.00020134990182540946,0.0002865086426027119
2026-04-28 06:40:00,-0.00047335352573796285,6.285010022111237e-05
2026-04-28 06:45:00,-0.0009537905320442519,-7.959013601066545e-05
2026-04-28 06:50:00,-0.002958515392409211,-4.446216917131096e-05
2026-04-28 06:55:00,-0.003242384263545617,-8.340755812241696e-06
2026-04-28 07:00:00,-0.001729859166728076,-0.0006964311469346285
2026-04-28 07:05:00,0.0009599557482484755,-0.0006193176959641278
2026-04-28 07:10:00,0.0011062957945195961,-0.0003653676831163466
2026-04-28 07:15:00,-0.0023807614838897706,-0.00032380380434915423
2026-04-28 07:20:00,-0.004584731285428134,0.00027810176834464073
2026-04-28 07:25:00,-0.006999913317795148,0.0005901054828427732
2026-04-28 07:30:00,-0.0034964504946817243,0.00021310833108145744
2026-04-28 07:35:00,-0.0011176319451102756,4.6054123231442645e-05
2026-04-28 07:40:00,0.0013762723777563934,0.00040081178303807974
2026-04-28 07:45:00,0.0013581868460850188,0.0014731695409864187
2026-04-28 07:50:00,0.0017557183972911616,0.0017387289553880692
2026-04-28 07:55:00,0.0020339304454033424,0.0019769740756601095
2026-04-28 08:00:00,-0.00018990565198961917,0.00265679694712162
2026-04-28 08:05:00,-0.0031707309418393947,0.001334184780716896
2026-04-28 08:10:00,-0.002040407667710298,0.001499576261267066
2026-04-28 08:15:00,-0.0008247814904684958,0.0007931238505989313
2026-04-28 08:20:00,0.001410694941681001,0.0007599234813824296
2026-04-28 08:25:00,-0.0002634425915530869,0.0011067611631006002
2026-04-28 08:30:00,-0.0007779041063713521,0.0017426140839233994
2026-04-28 08:35:00,-0.001259376634687115,0.0016563847893849015
2026-04-28 08:40:00,-0.000397454567966804,0.0014631759840995073
2026-04-28 08:45:00,0.002875227552150861,0.0007892607827670872
2026-04-28 08:50:00,0.0017083075176635987,0.0005211055977270007
2026-04-28 08:55:00,0.0012199428679711133,0.0007577159558422863
2026-04-28 09:00:00,-0.0012941244251667428,0.00010317579290131107
2026-04-28 09:05:00,-0.00093694011733092,0.0001772257819538936
2026-04-28 09:10:00,-0.0008527238565889661,9.518176375422627e-05
2026-04-28 09:15:00,-0.0013865703616477987,0.00034544343361631036
2026-04-28 09:20:00,-0.0005833322696293664,0.000637799734249711
2026-04-28 09:25:00,-0.0002656802672440506,0.00032689268118701875
2026-04-28 09:30:00,0.00027444298511092313,0.00017287883383687586
2026-04-28 09:35:00,-0.0002139737857866919,-0.00035315699642524123
2026-04-28 09:40:00,0.0007795604408347145,-0.0006629700656048954
2026-04-28 09:45:00,-0.001706224889492347,-0.0006217092741280794
2026-04-28 09:50:00,-0.0009147677225360695,-0.00046335894148796797
2026-04-28 09:55:00,-0.0026283155446940043,-0.00016566480917390436
2026-04-28 10:00:00,0.000463066155324654,-8.168985368683934e-05
2026-04-28 10:05:00,-0.00012765823959348666,-0.00028842620668001473
2026-04-28 10:10:00,0.0014900827925412585,0.0002790116996038705
2026-04-28 10:15:00,0.002139435789112909,0.0006817198591306806
2026-04-28 10:20:00,0.001703651587321886,0.0012709884904325008
2026-04-28 10:25:00,0.0001339769993755624,0.001194950076751411
2026-04-28 10:30:00,-0.0013479594715395393,0.0014165748143568635
2026-04-28 10:35:00,-0.000337040785126419,0.0005706872907467186
2026-04-28 10:40:00,0.0003197435165755991,0.00010059207852464169
2026-04-28 10:45:00,-0.0007049456770182871,-6.895544629514916e-06
2026-04-28 10:50:00,-6.915061438661496e-05,-1.839633478084579e-05
2026-04-28 10:55:00,-0.0009530509695938605,0.00010678359103621915
2026-04-28 11:00:00,-0.00012547187175115937,5.4034790082369e-05
2026-04-28 11:05:00,-0.0024276215401073387,-0.0003635612374637276
2026-04-28 11:10:00,-0.0013544186184883955,-0.00019594788318499923
2026-04-28 11:15:00,-0.0021766282131689962,-3.973787897848524e-06
2026-04-28 11:20:00,-0.001281094068987798,-0.000139397889142856
2026-04-28 11:25:00,-0.0011221376380845527,-3.625887256930582e-05
2026-04-28 11:30:00,-0.0004879545800271501,0.0014274574350565672
2026-04-28 11:35:00,0.00029278036368651783,0.0002824994153343141
2026-04-28 11:40:00,-0.0018201920456988319,0.0007685051532462239
2026-04-28 11:45:00,-0.0004751712278849851,0.0011728263925760984
2026-04-28 11:50:00,-0.0003188094338213432,-0.0002411499881418422
2026-04-28 11:55:00,0.001635937166488688,-0.0003310187312308699
2026-04-28 12:00:00,0.0014833483882004117,-0.0006879251450300217
2026-04-28 12:05:00,0.0005659794468524382,-0.0007049082778394222
2026-04-28 12:10:00,-0.0002645192919370487,0.0019632054027169943
2026-04-28 12:15:00,-0.0004660200993189534,0.0012151452247053385
2026-04-28 12:20:00,0.00044648566677452095,0.00022429387900047004
2026-04-28 12:25:00,0.00045744415263726523,0.00038011596188880503
2026-04-28 12:30:00,0.0002622984950217955,0.0008084314758889377
2026-04-28 12:35:00,-0.0010384948612909284,0.0010203534038737416
2026-04-28 12:40:00,-0.002000421579948508,-0.00015750831516925246
2026-04-28 12:45:00,-0.0016833742605388835,0.0004226270830258727
2026-04-28 12:50:00,-0.0017737872828220702,0.0007646176964044571
2026-04-28 12:55:00,-0.0012865483599924232,0.00030952304950915277
2026-04-28 13:00:00,-0.0018776124205572842,-0.0010474768932908773
2026-04-28 13:05:00,-0.00012604338951760496,0.003002048470079899
2026-04-28 13:10:00,0.00016308336314097005,0.000567379523999989
2026-04-28 13:15:00,-0.0013909222270438448,4.7293327952502295e-05
2026-04-28 13:20:00,-0.006725015968651604,0.0017890880117192864
2026-04-28 13:25:00,-0.005892195844783288,0.0006957636796869338
2026-04-28 13:30:00,-0.006806122472330145,1.5364856153610162e-05
2026-04-28 13:35:00,-0.0025566188584047467,-0.0005874296184629202
2026-04-28 13:40:00,-0.0018410587454038563,-0.00022195684141479433
2026-04-28 13:45:00,0.0020769076450548596,0.0011248050723224878
2026-04-28 13:50:00,0.0025259868992044687,0.0044611915946006775
2026-04-28 13:55:00,0.0039122987555266775,0.0018695538165047765
2026-04-28 14:00:00,0.002197084774156366,0.0026363255456089973
2026-04-28 14:05:00,0.0016396779411635976,0.0010616391664370894
2026-04-28 14:10:00,-0.00032744228576753187,0.002734521869570017
2026-04-28 14:15:00,-2.1837565640225876e-06,-0.00018170276598539203
2026-04-28 14:20:00,0.0014167013752217628,-0.0007152396719902754
2026-04-28 14:25:00,0.0015445871628241292,-0.0005553645896725357
2026-04-28 14:30:00,0.004231892773889356,0.00024080590810626745
2026-04-28 14:35:00,0.002342209740861634,0.00019588120630942285
2026-04-28 14:40:00,0.0015596175564400738,0.000768674595747143
2026-04-28 14:45:00,-0.0032038709050041803,-0.00013053935253992677
2026-04-28 14:50:00,-0.005011382615593973,-0.0014677541330456734
2026-04-28 14:55:00,-0.003951686460668569,-0.0010803856421262026
2026-04-28 15:00:00,-0.0013971452487417935,-0.002885210793465376
2026-04-28 15:05:00,0.001101733373948477,-0.0024126842617988586
2026-04-28 15:10:00,0.0009675563624682582,-0.0022139253560453653
2026-04-28 15:15:00,5.8981520233203355e-05,-0.0013753699604421854
2026-04-28 15:20:00,0.00046524886738552595,-0.0005740381893701851
2026-04-28 15:25:00,0.00016153219873871194,-0.00024913589004427195
2026-04-28 15:30:00,0.0018463276212052904,0.0025693189818412066
2026-04-28 15:35:00,0.0004803116004641339,0.0032550282776355743
2026-04-28 15:40:00,-0.0003602089250680507,9.371931082569063e-05
2026-04-28 15:45:00,-0.004484234050680769,-0.00020352679712232202
2026-04-28 15:50:00,-0.0025592258054079053,0.00013474375009536743
2026-04-28 15:55:00,-0.0023806386061586693,-0.0009996925946325064
2026-04-28 16:00:00,0.0013351341385305915,-0.0009049483924172819
2026-04-28 16:05:00,-0.00040491811905241093,-5.203233740758151e-06
2026-04-28 16:10:00,0.0005645205554447585,-0.0005224313936196268
2026-04-28 16:15:00,-0.00035002669310912893,-0.0002062107960227877
2026-04-28 16:20:00,-0.0016761341106370509,-0.0005606068880297244
2026-04-28 16:25:00,-0.001637550171091462,0.0005421853857114911
2026-04-28 16:30:00,-0.0016708770953322016,-0.0005585011094808578
2026-04-28 16:35:00,0.0006510680924929346,-0.0010150487069040537
2026-04-28 16:40:00,0.002503404097039308,0.0008516233065165579
2026-04-28 16:45:00,0.002936956082780995,0.00041072312160395086
2026-04-28 16:50:00,0.0019309801232996193,0.001327766221947968
2026-04-28 16:55:00,-0.0005793394599287183,0.0005295941955409944
2026-04-28 17:00:00,-0.0006732932380710821,-0.00101050257217139
2026-04-28 17:05:00,-8.530472932477551e-05,-0.0015097369905561209
2026-04-28 17:10:00,0.0007891305874068166,-0.0017583380686119199
2026-04-28 17:15:00,-0.0003521292372532514,-0.0016345750773325562
2026-04-28 17:20:00,0.0015846045356937566,-0.0023147587198764086
2026-04-28 17:25:00,0.0003102353662622903,-0.002227469114586711
2026-04-28 17:30:00,0.002353191603656768,-0.001997431507334113
2026-04-28 17:35:00,0.0009451951287235971,-0.0017166610341519117
2026-04-28 17:40:00,0.0019248023855045204,-0.001727829105220735
2026-04-28 17:45:00,0.0003229403308537826,-0.0022177123464643955
2026-04-28 17:50:00,0.0005082459190699495,-0.0021850313059985638
2026-04-28 17:55:00,-0.00023767186349665792,-0.0024462093133479357
2026-04-28 18:00:00,-0.0006197882879472871,0.0006401143036782742
2026-04-28 18:05:00,-0.0007766516235392373,0.0002796806220430881
2026-04-28 18:10:00,-0.0006500702653813306,0.00038085688720457256
2026-04-28 18:15:00,2.619601165854135e-05,0.0007346844067797065
2026-04-28 18:20:00,0.0006414354410093637,0.0006998789613135159
2026-04-28 18:25:00,0.0005235796386049429,0.0002545137540437281
2026-04-28 18:30:00,0.0013176468388227391,0.0006273876060731709
2026-04-28 18:35:00,0.0018717722034153894,0.0005539456615224481
2026-04-28 18:40:00,0.0016278893448760101,0.0004416580777615309
2026-04-28 18:45:00,0.0006472795416510024,0.0005877388757653534
2026-04-28 18:50:00,-0.0004790492271133928,-0.0008023394038900733
2026-04-28 18:55:00,0.00030044479117563583,-0.0004134168557357043
2026-04-28 19:00:00,-0.00028980738906625447,0.0015344732673838735
2026-04-28 19:05:00,0.0008294807947901717,0.0012631891295313835
2026-04-28 19:10:00,1.5237547930979645e-05,0.0017197056440636516
2026-04-28 19:15:00,0.001589638506965585,0.0008877502987161279
2026-04-28 19:20:00,0.0008309677336129084,0.0003193423035554588
2026-04-28 19:25:00,0.0010856217120149836,0.000703087542206049
2026-04-28 19:30:00,0.0005546896979726768,0.0006577454041689634
2026-04-28 19:35:00,-0.00034361496324386565,0.0006701512029394507
2026-04-28 19:40:00,-0.0008113855450755381,0.0012308486038818955
2026-04-28 19:45:00,-0.0010008399187082517,0.000758883252274245
2026-04-28 19:50:00,-0.0002153632304988662,0.0010717090917751193
2026-04-28 19:55:00,0.00020453991646007808,0.0010688655311241746
2026-04-28 20:00:00,0.0008790520729853313,-0.0002598703431431204
2026-04-28 20:05:00,0.0006698666824362931,-0.0001228461624123156
2026-04-28 20:10:00,0.0006916441831776865,-0.00019281603454146534
2026-04-28 20:15:00,-0.0005808710836223696,-0.0002892941702157259
2026-04-28 20:20:00,-0.0006067756801702018,-0.0004740016011055559
2026-04-28 20:25:00,-0.00032618765212255596,-0.0005409591249190271
2026-04-28 20:30:00,0.0006330676908543609,-0.00048287681420333683
2026-04-28 20:35:00,-0.00038295835796020583,-0.00025650710449554026
2026-04-28 20:40:00,-0.000741929376687267,-0.00016883396892808378
2026-04-28 20:45:00,-0.0004916260521596882,-0.00019292782235424966
2026-04-28 20:50:00,0.0004199408880687372,-0.00015250137948896736
2026-04-28 20:55:00,0.0003177263010538667,-0.00016966227849479765
2026-04-28 21:00:00,-0.00021543446577787506,-0.0004139159864280373
2026-04-28 21:05:00,-0.00020233292101679012,-0.0003532993723638356
2026-04-28 21:10:00,0.00015882530229127667,-0.0003103246563114226
2026-04-28 21:15:00,0.0004090682657071909,-0.0005133412778377533
2026-04-28 21:20:00,0.0005873050914146916,-0.0003355373628437519
2026-04-28 21:25:00,0.0004371831986844654,-0.00031758483964949846
2026-04-28 21:30:00,0.00030234184652222496,-0.0003189890703652054
2026-04-28 21:35:00,-0.00078967895932891,-0.00045671756379306316
2026-04-28 21:40:00,-0.0006656385045733515,-0.00018069150974042714
2026-04-28 21:45:00,-0.00011309560070138502,-0.00017919234232977033
2026-04-28 21:50:00,0.000672245531985638,-0.0001748708018567413
2026-04-28 21:55:00,0.0004372830650787307,-2.1302113964338787e-05
2026-04-28 22:00:00,-0.0007027842948268415,-0.000629843445494771
2026-04-28 22:05:00,-0.0012012222573716258,-0.0007495353347621858
2026-04-28 22:10:00,-0.0009944977028961688,-0.0006522625335492194
2026-04-28 22:15:00,-3.482568655854834e-05,-0.000460606359411031
2026-04-28 22:20:00,0.0004136270579770951,-0.0004708465712610632
2026-04-28 22:25:00,0.0001328019804684999,-0.0005212773685343564
2026-04-28 22:30:00,-0.00021986514300920135,-0.0003457121201790869
2026-04-28 22:35:00,0.00037211812894888396,-0.000657541211694479
2026-04-28 22:40:00,0.0006833247276887278,-0.0007705405587330461
2026-04-28 22:45:00,0.00112493905751343,-0.0006893787067383528
2026-04-28 22:50:00,-0.0001414320981414363,-0.0006307004368864
2026-04-28 22:55:00,-4.133440513420794e-05,-0.0006903914036229253
2026-04-29 00:00:00,-0.0003219035839574502,-4.402279591886327e-05
2026-04-29 00:05:00,0.00022410621422785937,0.0008704618667252362
2026-04-29 00:10:00,-8.702538535843019e-05,0.0008270827238447964
2026-04-29 00:15:00,3.915597129022785e-05,0.0004694910894613713
2026-04-29 00:20:00,-0.0004917940135076293,8.2815284258686e-05
2026-04-29 00:25:00,-0.0004940125562260533,-4.967084896634333e-05
2026-04-29 00:30:00,-0.0006353862469854477,4.672712748288177e-05
2026-04-29 00:35:00,0.00019152376803255322,9.649821004131809e-05
2026-04-29 00:40:00,7.618525209629468e-05,-0.00014222344907466322
2026-04-29 00:45:00,-0.00011101642074784479,-8.270009857369587e-05
2026-04-29 00:50:00,-0.000905708419468354,-6.455552647821605e-05
2026-04-29 00:55:00,-0.0007446876031398375,0.00010235905210720375
2026-04-29 01:00:00,-0.00033965616671949306,-0.0004793886037077755
2026-04-29 01:05:00,0.0002569910285075139,-0.0003879450086969882
2026-04-29 01:10:00,0.0002330466724629332,-0.0003644477401394397
2026-04-29 01:15:00,-0.00013937950011388978,-0.0003014206886291504
2026-04-29 01:20:00,-0.0008125786747648078,-0.0002910380426328629
2026-04-29 01:25:00,-0.0004095013071960807,-0.00017782599024940282
2026-04-29 01:30:00,-0.00045093864622103297,-0.00012938844156451523
2026-04-29 01:35:00,0.0008844372310274906,-0.00010376158024882898
2026-04-29 01:40:00,0.0012018892007397142,-5.837107164552435e-05
2026-04-29 01:45:00,0.003844962470639146,5.58071187697351e-05
2026-04-29 01:50:00,0.0034431523178195533,-0.0003544496721588075
2026-04-29 01:55:00,0.002636044029083351,-0.0004471012216527015
2026-04-29 02:00:00,-0.0013749199857926442,0.0014983536675572395
2026-04-29 02:05:00,-0.0012333028018467473,0.001319459406659007
2026-04-29 02:10:00,-0.0015464480395639413,0.0008024862036108971
2026-04-29 02:15:00,0.00028686921568521484,0.0006439888966269791
2026-04-29 02:20:00,7.821224199489052e-05,0.00040107397944666445
2026-04-29 02:25:00,0.0007344266044775338,0.000629480229690671
2026-04-29 02:30:00,-0.0004716391721810709,0.0003101280308328569
2026-04-29 02:35:00,-0.0010476826958232266,0.0008198992582038045
2026-04-29 02:40:00,-0.0007670320041519574,0.00020020354713778943
2026-04-29 02:45:00,-0.0038313346853300345,0.00022589293075725436
2026-04-29 02:50:00,-0.0036777403331438308,0.00029290845850482583
2026-04-29 02:55:00,-0.003907292912447957,0.0004434046277310699
2026-04-29 03:00:00,0.0006174031522245826,-0.002323596039786935
2026-04-29 03:05:00,0.000901076880495566,-0.0017690317472442985
2026-04-29 03:10:00,-0.0006570696893959393,-0.001066672382876277
2026-04-29 03:15:00,0.0002725832513377213,-0.0007369149243459105
2026-04-29 03:20:00,-9.377886296846327e-05,-0.0002399799122940749
2026-04-29 03:25:00,0.00244272799563916,-0.0010361748281866312
2026-04-29 03:30:00,-0.0005474223849262216,-0.0014014560729265213
2026-04-29 03:35:00,-0.0006872530114172548,-0.0011409625876694918
2026-04-29 03:40:00,-0.0011290200739413336,-0.001725667156279087
2026-04-29 03:45:00,0.0019179347984206174,-0.002549300901591778
2026-04-29 03:50:00,0.0037316605605202113,-0.002613592892885208
2026-04-29 03:55:00,0.0034506177311168784,-0.002808356424793601
2026-04-29 04:00:00,0.0019077436880472476,0.00023179056006483734
2026-04-29 04:05:00,-7.610606579788737e-05,0.0009391360799781978
2026-04-29 04:10:00,-0.00057826339986633,0.0011516845552250743
2026-04-29 04:15:00,-0.0004195219033480413,0.0010716328397393227
2026-04-29 04:20:00,-0.0005002697210603202,0.0001698482083156705
2026-04-29 04:25:00,-0.0003349369740828223,0.00019178056390956044
2026-04-29 04:30:00,6.087419696854113e-05,0.0004895257297903299
2026-04-29 04:35:00,-0.0006790270152379208,0.00044235121458768845
2026-04-29 04:40:00,-0.0006941550899295379,0.0001948003628058359
2026-04-29 04:45:00,-0.0005675782502425619,-0.0005112165817990899
2026-04-29 04:50:00,0.0014641211418044975,-0.0007304353057406843
2026-04-29 04:55:00,0.001761647443284886,-0.0009620070341043174
2026-04-29 05:00:00,0.0006784467309906006,0.0002502848219592124
2026-04-29 05:05:00,-9.130891333519742e-05,0.0003212623414583504
2026-04-29 05:10:00,-0.0007673488041888277,0.0006064878543838859
2026-04-29 05:15:00,-0.0007480570437863321,0.0003970667312387377
2026-04-29 05:20:00,-0.0010310647199531786,0.0004530093865469098
2026-04-29 05:25:00,-0.0010117131122644452,0.0007255065138451755
2026-04-29 05:30:00,-0.0008444108342580137,0.0007836440927349031
2026-04-29 05:35:00,8.705076370674192e-05,0.0009538914891891181
2026-04-29 05:40:00,0.00036781629623128254,0.0009718381916172802
2026-04-29 05:45:00,0.0010836759868642076,0.0010397486621513963
2026-04-29 05:50:00,0.001078800374326505,0.0010601759422570467
2026-04-29 05:55:00,0.0011591506225379078,0.001228762324899435
2026-04-29 06:00:00,0.0004196632970376868,-9.635980677558109e-05
2026-04-29 06:05:00,-0.0002000121753198414,-0.00013695008237846196
2026-04-29 06:10:00,0.0002477490705778962,-0.000190994338481687
2026-04-29 06:15:00,0.0005911437281636012,-0.00019122949743177742
2026-04-29 06:20:00,0.0008606376203861288,-0.00015690647705923766
2026-04-29 06:25:00,6.301409453612905e-05,-0.00017247172945644706
2026-04-29 06:30:00,0.0003345367999951776,-0.00020393490558490157
2026-04-29 06:35:00,0.00027368398359328694,-0.0001313199318246916
2026-04-29 06:40:00,0.0005908355498629447,-0.00011952442582696676
2026-04-29 06:45:00,0.00014768193681291564,-0.00017051627219188958
2026-04-29 06:50:00,-0.0004148994580024379,-0.00017843862588051707
2026-04-29 06:55:00,-0.0008320489194701963,-0.0001845072110882029
2026-04-29 07:00:00,-0.0008364283478510259,-0.0003837520780507475
2026-04-29 07:05:00,-0.0005411484867430261,-0.00040196478948928416
2026-04-29 07:10:00,0.0,-0.00038916515768505633
2026-04-29 07:15:00,-0.0011982886133914405,-0.00024569715606048703
2026-04-29 07:20:00,-0.0009808986556940624,-0.00020310841500759125
2026-04-29 07:25:00,-0.0003956289573725513,-0.0001360695605399087
2026-04-29 07:30:00,0.0008722179575144651,-0.00010015852603828534
2026-04-29 07:35:00,0.0004546824208713218,-0.00011521946726134047
2026-04-29 07:40:00,-0.0019064288970067622,0.0002401674719294533
2026-04-29 07:45:00,-0.00047625417214902654,0.00018070217629428953
2026-04-29 07:50:00,-0.0010837467356861197,6.635986937908456e-05
2026-04-29 07:55:00,-0.0004728168532892596,0.00033447015448473394
2026-04-29 08:00:00,-0.0024937044196349234,-0.0003365682205185294
2026-04-29 08:05:00,-0.0016997986127158526,2.4369825041503645e-05
2026-04-29 08:10:00,-0.0006867450843337508,0.00011404178803786635
2026-04-29 08:15:00,-0.0004907611585807103,-0.00011021754471585155
2026-04-29 08:20:00,0.00013739873680229664,-3.875074617099017e-05
2026-04-29 08:25:00,-5.452378383274947e-05,0.0003667940909508616
2026-04-29 08:30:00,0.00032283889093065454,0.0005089754704385996
2026-04-29 08:35:00,-0.00038389139834826835,0.0005813282332383096
2026-04-29 08:40:00,-2.1810345957717914e-05,0.0004078540951013565
2026-04-29 08:45:00,0.0006366468983358686,0.0004520357178989798
2026-04-29 08:50:00,-0.0008883137138901986,0.0005798625643365085
2026-04-29 08:55:00,-0.0012985725167791173,0.0005205795168876648
2026-04-29 09:00:00,-0.002509690901417727,-0.00036158174043521285
2026-04-29 09:05:00,-0.000875990597066334,-0.0005897500668652356
2026-04-29 09:10:00,-0.000788696125258781,-0.0003771724586840719
2026-04-29 09:15:00,0.0003277084036295008,-0.00028750411001965404
2026-04-29 09:20:00,-0.0008395737033222161,-0.0001266343315364793
2026-04-29 09:25:00,-0.0010343309096949582,0.00011818183702416718
2026-04-29 09:30:00,-0.0016133619571974123,0.00013829792442265898
2026-04-29 09:35:00,-0.00028001461509141734,0.0003833129594568163
2026-04-29 09:40:00,-0.00025382599051937405,0.00016013313143048435
2026-04-29 09:45:00,-0.0003391807395356494,0.00022602255921810865
2026-04-29 09:50:00,-0.0005887238759694213,0.0002751704305410385
2026-04-29 09:55:00,-0.0006830242476425497,0.00029146671295166016
2026-04-29 10:00:00,0.00015100434330328483,-0.00021410406043287367
2026-04-29 10:05:00,0.00022327438544600398,7.44412318454124e-05
2026-04-29 10:10:00,-5.255965522188433e-05,0.0003319474053569138
2026-04-29 10:15:00,-0.0015242202820875406,-1.7840204236563295e-05
2026-04-29 10:20:00,-0.001364503202994527,7.863762584747747e-05
2026-04-29 10:25:00,0.0005167166712300997,-0.00014998152619227767
2026-04-29 10:30:00,0.0018130346355427207,-0.00020707525254692882
2026-04-29 10:35:00,0.002707475222116784,-5.095039796287892e-06
2026-04-29 10:40:00,0.0010348196935350273,-4.0036466089077294e-05
2026-04-29 10:45:00,0.000728229417877202,-8.555885142413899e-05
2026-04-29 10:50:00,-0.0005859614307688332,-0.00015864739543758333
2026-04-29 10:55:00,7.215677702809842e-05,-0.00020211265655234456
2026-04-29 11:00:00,0.0011033609928787769,0.00025677954545244575
2026-04-29 11:05:00,-0.0001224830821779932,0.0005968530313111842
2026-04-29 11:10:00,-0.0017266304694771861,0.0002894285717047751
2026-04-29 11:15:00,-0.0026304095141522765,0.0001922000083141029
2026-04-29 11:20:00,-0.001488492913354733,0.0001016726964735426
2026-04-29 11:25:00,-0.0013676624532141801,-3.767732096093823e-06
2026-04-29 11:30:00,-0.0017026278700758013,7.979467773111537e-05
2026-04-29 11:35:00,-0.0020283515584580414,7.040388300083578e-05
2026-04-29 11:40:00,-0.0008908627914525624,0.00015462243754882365
2026-04-29 11:45:00,0.0005744404844705286,0.0010033556027337909
2026-04-29 11:50:00,0.0021159713237803857,0.000766688259318471
2026-04-29 11:55:00,0.0028650456862475693,0.0013000178150832653
2026-04-29 12:00:00,0.0018898153802968665,0.0010605457937344909
2026-04-29 12:05:00,0.0013811869676221278,0.0011104193981736898
2026-04-29 12:10:00,0.0008117673889938004,0.0007373992702923715
2026-04-29 12:15:00,0.0005314827070623807,0.00045100360875949264
2026-04-29 12:20:00,-0.00024064019157421512,0.0005804008687846363
2026-04-29 12:25:00,-0.001223372919076482,-0.00014882435789331794
2026-04-29 12:30:00,-0.0009888276417324704,-0.00031642476096749306
2026-04-29 12:35:00,-0.0009105814121976863,-0.0002632008690852672
2026-04-29 12:40:00,0.0007311398006635272,-0.00028600762016139925
2026-04-29 12:45:00,-0.0001181996875647684,-0.00039698395994491875
2026-04-29 12:50:00,0.0001642286022036643,-0.00017107227176893502
2026-04-29 12:55:00,-0.0003655030796565484,0.0002075785305351019
2026-04-29 13:00:00,2.845675722262797e-05,-0.0004039491177536547
2026-04-29 13:05:00,-0.0002145974444864862,0.00015421454736497253
2026-04-29 13:10:00,-0.0008212275732635277,-6.553082494065166e-05
2026-04-29 13:15:00,-0.0001510489697071904,0.00046193788875825703
2026-04-29 13:20:00,0.00024962938924488753,0.0003166360838804394
2026-04-29 13:25:00,0.0005431806866358357,0.00042393727926537395
2026-04-29 13:30:00,-0.0008782871994075236,0.00038759573362767696
2026-04-29 13:35:00,-0.001509675684607359,0.0003515314601827413
2026-04-29 13:40:00,-0.0011896873270806907,0.00011613112292252481
2026-04-29 13:45:00,-7.45037285074801e-05,-0.00036030454793944955
2026-04-29 13:50:00,0.0005327002437631734,-9.678131755208597e-05
2026-04-29 13:55:00,0.0007275644226396594,-9.692561434349045e-05
2026-04-29 14:00:00,0.0004622717341806748,0.00014908226148691028
2026-04-29 14:05:00,-0.00012712078025423068,-8.00702182459645e-05
2026-04-29 14:10:00,-0.0011683050933637418,0.00011052596528315917
2026-04-29 14:15:00,-0.002256419085458816,0.00011331607674947008
2026-04-29 14:20:00,-0.0013774469404346235,8.457572403131053e-05
2026-04-29 14:25:00,-0.0006033182686770999,0.00018324152915738523
2026-04-29 14:30:00,0.00017999863952056216,4.6099517930997536e-05
2026-04-29 14:35:00,-0.002289703273142152,3.0492603400489315e-05
2026-04-29 14:40:00,-0.002309132421329352,-4.00795615860261e-05
2026-04-29 14:45:00,-0.0017992471744143756,-0.00016434217104688287
2026-04-29 14:50:00,0.00019577456950869987,-0.00014613622624892741
2026-04-29 14:55:00,0.000668460981493979,5.58594947506208e-05
2026-04-29 15:00:00,-0.0009129437347841218,7.882843783590943e-05
2026-04-29 15:05:00,-0.0018867493964496163,0.0002309332339791581
2026-04-29 15:10:00,-0.0024627599967406155,0.00010531774023547769
2026-04-29 15:15:00,-0.002384180052962037,8.008486474864185e-05
2026-04-29 15:20:00,-0.0028158216480527187,0.00014136805839370936
2026-04-29 15:25:00,-0.005072239319375171,0.00047046481631696224
2026-04-29 15:30:00,-0.004001075236981677,0.0008432203903794289
2026-04-29 15:35:00,-0.0008577960474855928,0.0010915292659774423
2026-04-29 15:40:00,0.001619903027291869,0.0003345918084960431
2026-04-29 15:45:00,0.002369420335332606,0.0008260376052930951
2026-04-29 15:50:00,-0.00032739451773977635,0.0010539758950471878
2026-04-29 15:55:00,0.0007890837202833012,0.0012260378571227193
2026-04-29 16:00:00,0.0019470806573433919,0.0004099483194295317
2026-04-29 16:05:00,0.0037806226517975716,0.00014912626647856086
2026-04-29 16:10:00,0.0016270378812421882,0.00045605297782458365
2026-04-29 16:15:00,0.0012210605787785767,0.0007546888664364815
2026-04-29 16:20:00,0.0007799607771108441,0.0010928980773314834
2026-04-29 16:25:00,0.0012124847720329512,0.0005740810884162784
2026-04-29 16:30:00,-0.001415156961476427,0.0002181888703489676
2026-04-29 16:35:00,-0.0003039801599271641,7.894976442912593e-05
2026-04-29 16:40:00,5.507802905668768e-05,-0.00031163208768703043
2026-04-29 16:45:00,0.0021043755624283733,-0.00036774695036001503
2026-04-29 16:50:00,0.0002445130512764848,-0.00043421503505669534
2026-04-29 16:55:00,-0.00027762415596477297,-0.00033920284477062523
2026-04-29 17:00:00,-0.00016070180493876762,-0.0005764710949733853
2026-04-29 17:05:00,0.0008520241592027133,-0.0007501637446694076
2026-04-29 17:10:00,0.0012465012592421942,-0.00027104606851935387
2026-04-29 17:15:00,0.0004204117675961072,0.0005407171556726098
2026-04-29 17:20:00,0.0015700488972729687,0.0003015769470948726
2026-04-29 17:25:00,0.0021458009033832326,0.0004056673205923289
2026-04-29 17:30:00,0.0022377521037846293,0.00018342758994549513
2026-04-29 17:35:00,-0.0009540496169933022,3.8545567804249004e-05
2026-04-29 17:40:00,-0.0011932533167264836,-0.0004842178605031222
2026-04-29 17:45:00,0.0017484650543888591,-0.000741932715754956
2026-04-29 17:50:00,0.003168593418658716,-0.0008010558667592704
2026-04-29 17:55:00,0.0025715225343905246,0.00021308264695107937
2026-04-29 18:00:00,-0.00040338935292183464,0.0016215801006183028
2026-04-29 18:05:00,0.0001819495128003723,0.001404767157509923
2026-04-29 18:10:00,-0.00019959970455296627,0.0020093799103051424
2026-04-29 18:15:00,-0.002030377326885713,0.0007766594644635916
2026-04-29 18:20:00,-0.002554705864566742,0.0016531954752281308
2026-04-29 18:25:00,-0.0017476495713211193,0.0008524255827069283
2026-04-29 18:30:00,-0.0011234165352007608,0.0009305791463702917
2026-04-29 18:35:00,-0.0012688026911096273,-0.00021112599642947316
2026-04-29 18:40:00,-0.001105933345575849,0.0006758825038559735
2026-04-29 18:45:00,-9.899149671177554e-05,0.0008581392467021942
2026-04-29 18:50:00,0.0013698858188835317,0.0012659276835620403
2026-04-29 18:55:00,0.0011235128654352167,0.0013351276284083724
2026-04-29 19:00:00,0.0009169460842723964,0.0006984392530284822
2026-04-29 19:05:00,0.0005118511218160648,-0.000513982551638037
2026-04-29 19:10:00,-0.0007276108855922558,-0.0005290519329719245
2026-04-29 19:15:00,-0.0011941744187833336,-0.0006560334004461765
2026-04-29 19:20:00,-0.00176072443995956,-0.00011659714800771326
2026-04-29 19:25:00,-0.0005411053197743598,0.00013223265705164522
2026-04-29 19:30:00,-0.00013424133310735442,0.0002687041414901614
2026-04-29 19:35:00,-0.0003322694141374427,0.00042880899854935706
2026-04-29 19:40:00,0.0004905265780088541,-0.00010936959006357938
2026-04-29 19:45:00,-0.0005261356340504619,-0.0004834930005017668
2026-04-29 19:50:00,-0.002364278261589803,-0.0007280767895281315
2026-04-29 19:55:00,-0.004810054376452655,-0.0011783927911892533
2026-04-29 20:00:00,-0.002032292538354241,-0.0014292047126218677
2026-04-29 20:05:00,0.0004896198486488146,-0.0010198383824899793
2026-04-29 20:10:00,0.0017243153653012655,-0.0008660153835080564
2026-04-29 20:15:00,-0.0023725537277048403,-0.0004051905416417867
2026-04-29 20:20:00,-0.001714719306658452,-0.0005587097257375717
2026-04-29 20:25:00,-0.002889524178936398,-0.0006054051336832345
2026-04-29 20:30:00,0.0017346824743995626,-0.0004825282085221261
2026-04-29 20:35:00,0.0010331560079315238,-0.0004514259926509112
2026-04-29 20:40:00,0.0040932359890355485,-0.0011123208096250892
2026-04-29 20:45:00,0.0018528940218267564,-0.00022890325635671616
2026-04-29 20:50:00,0.0015697655851170111,0.00011430927406763658
2026-04-29 20:55:00,0.002275594253795532,-0.0001660905545577407
2026-04-29 21:00:00,0.002214552667455294,0.0005763859371654689
2026-04-29 21:05:00,0.001292324062204031,0.0005338146002031863
2026-04-29 21:10:00,-0.0013330373002649054,0.0007583893602713943
2026-04-29 21:15:00,-0.001857603390122975,0.00012542519834823906
2026-04-29 21:20:00,-0.0008033781933054485,-0.0003858427226077765
2026-04-29 21:25:00,-0.0007178482477652182,0.0003835954121313989
2026-04-29 21:30:00,0.0017234609504424014,0.0005113261286169291
2026-04-29 21:35:00,0.0013290763776758752,0.0002766544639598578
2026-04-29 21:40:00,0.0014483791913928457,9.368619066663086e-05
2026-04-29 21:45:00,7.916820609032982e-05,0.00023585990129504353
2026-04-29 21:50:00,0.0010198139284014474,-0.00013186670548748225
2026-04-29 21:55:00,4.179135337523121e-05,-0.00029608968179672956
2026-04-29 22:00:00,-0.0004971042679571269,-0.00027316229534335434
2026-04-29 22:05:00,-0.0017039356231531855,-3.173433287884109e-05
2026-04-29 22:10:00,-0.0006732732775613925,-4.393675408209674e-05
2026-04-29 22:15:00,-0.00024864483194342313,-0.00022694071230944246
2026-04-29 22:20:00,0.0004641979194452972,-0.0001824240607675165
2026-04-29 22:25:00,0.000162859281138239,-3.995631413999945e-05
2026-04-29 22:30:00,-0.00042261799264764477,-0.0003035432891920209
2026-04-29 22:35:00,-0.0009132008763206301,-0.0003777173988055438
2026-04-29 22:40:00,0.0008314892935370466,-0.0006508846418000758
2026-04-29 22:45:00,0.0016058782983847664,-0.0005881077377125621
2026-04-29 22:50:00,-0.0005857676255622835,-0.0006663973326794803
2026-04-29 22:55:00,-0.0003958610579388733,-0.0004700387653429061
2026-04-29 23:00:00,-0.0005958538861179363,-6.908574141561985e-05
2026-04-30 00:00:00,0.0022399185568335866,0.0001038307455019094
2026-04-30 00:05:00,0.0006860596041473599,-0.0002482314012013376
2026-04-30 00:10:00,0.0005057290411638604,-0.0004912482108920813
2026-04-30 00:15:00,1.0989192130494985e-05,-0.0006037228158675134
2026-04-30 00:20:00,-0.00013629488959310265,5.019868694944307e-05
2026-04-30 00:25:00,-0.0001450960824396219,-0.00018284506222698838
2026-04-30 00:30:00,0.00034499921783393006,-8.380087820114568e-05
2026-04-30 00:35:00,0.0004681612010646319,-0.0005541305290535092
2026-04-30 00:40:00,0.0008504906216977304,-0.0003713676705956459
2026-04-30 00:45:00,0.0003931979011273512,-0.0003873324312735349
2026-04-30 00:50:00,0.00025706573883788053,-4.75618289783597e-05
2026-04-30 00:55:00,0.00025698273854501963,-6.716827192576602e-05
2026-04-30 01:00:00,-0.000369030442609386,-6.898873834870756e-05
2026-04-30 01:05:00,-0.00017356705609117284,0.0001603092096047476
2026-04-30 01:10:00,-0.0003668245664218972,8.350370626430959e-05
2026-04-30 01:15:00,0.0003316942687945357,0.0001896131579997018
2026-04-30 01:20:00,0.0007972809409864112,0.00012194885493954644
2026-04-30 01:25:00,0.0006413058260150706,0.00016566355770919472
2026-04-30 01:30:00,0.0010777956502519004,0.00016041097114793956
2026-04-30 01:35:00,0.0006935345739407239,4.78306865261402e-05
2026-04-30 01:40:00,0.0017439397046441485,-2.1672790353477467e-06
2026-04-30 01:45:00,0.0003421930660323369,-2.6655648980522528e-05
2026-04-30 01:50:00,0.0008640503002528277,-1.8297883798368275e-05
2026-04-30 01:55:00,-0.0008946231119981718,0.0005168767529539764
2026-04-30 02:00:00,0.0004714204203573047,0.00046988026588223875
2026-04-30 02:05:00,-0.00014907213584436363,0.00035223085433244705
2026-04-30 02:10:00,0.0011488306870006681,0.00020148932526353747
2026-04-30 02:15:00,0.0006859033977892892,0.00012603831419255584
2026-04-30 02:20:00,0.0009028613866526314,-1.221334059664514e-05
2026-04-30 02:25:00,0.0007490981603126556,-8.06238895165734e-05
2026-04-30 02:30:00,0.001954324591162404,-3.400294735911302e-05
2026-04-30 02:35:00,0.001748617582661538,-0.00025417390861548483
2026-04-30 02:40:00,0.0006172555962393744,-0.0005032994667999446
2026-04-30 02:45:00,-0.0012075975092891156,-0.00031570621649734676
2026-04-30 02:50:00,-0.0016150107566872407,-0.0009060527663677931
2026-04-30 02:55:00,-0.00020789816128718996,-0.0006104471976868808
2026-04-30 03:00:00,0.0005602265562600905,-0.00015692974557168782
2026-04-30 03:05:00,0.0007356128906330639,-4.897245889878832e-05
2026-04-30 03:10:00,0.002500662535656062,0.00015356732183136046
2026-04-30 03:15:00,0.0013904559262023497,-3.8813544961158186e-05
2026-04-30 03:20:00,0.001395301254914827,-0.00042592809768393636
2026-04-30 03:25:00,-0.0009107936218839541,-0.0001628721074666828
2026-04-30 03:30:00,0.00032328810493886806,-0.0003213630698155612
2026-04-30 03:35:00,0.001343160078359773,-0.0005323903751559556
2026-04-30 03:40:00,0.0006596983539282064,-0.00037482858169823885
2026-04-30 03:45:00,-0.00029707166198456036,3.999580439995043e-05
2026-04-30 03:50:00,-0.001085308158229381,-0.00024227661197073758
2026-04-30 03:55:00,8.297758518160947e-05,-0.0008465127320960164
2026-04-30 04:00:00,-0.00033649654971590337,-0.0005223073530942202
2026-04-30 04:05:00,-0.0002818923517668992,-0.0007121702656149864
2026-04-30 04:10:00,-0.0016018097533958553,-0.0007603238918818533
2026-04-30 04:15:00,-0.0017367229305822462,-0.0009685039985924959
2026-04-30 04:20:00,-0.0025822447916041824,-0.0008093503420241177
2026-04-30 04:25:00,-0.0021850418771904856,-0.001018205308355391
2026-04-30 04:30:00,-0.0012223253301133497,-0.0010013075079768896
2026-04-30 04:35:00,2.410258938567722e-05,-0.000495880376547575
2026-04-30 04:40:00,0.0005280878194700023,-0.0003845450410153717
2026-04-30 04:45:00,0.0010559316071514502,-2.3663411411689594e-05
2026-04-30 04:50:00,0.0007206181419157076,-0.00035822406061924994
2026-04-30 04:55:00,0.0001248596699401361,-0.000774481741245836
2026-04-30 05:00:00,-0.0002912556533480881,-0.0007435473962686956
2026-04-30 05:05:00,-0.0004226704733429898,-0.0006376142264343798
2026-04-30 05:10:00,-0.0004162595416392634,-0.0007014842703938484
2026-04-30 05:15:00,-0.0010978982161340411,-0.0007257282268255949
2026-04-30 05:20:00,-0.0013633984484240358,-0.000251866556936875
2026-04-30 05:25:00,-0.00039670320436258066,-0.00041173992212861776
2026-04-30 05:30:00,-0.00043642600695115163,-0.00042961648432537913
2026-04-30 05:35:00,-0.0003575969087332709,-0.00041525604319758713
2026-04-30 05:40:00,-0.001232756375284083,-0.00017903055413626134
2026-04-30 05:45:00,-0.001073233465429979,-0.00010378500883234665
2026-04-30 05:50:00,-0.0008209820635318721,-0.0002639695012476295
2026-04-30 05:55:00,-0.00013609115494261914,-0.000422339653596282
2026-04-30 06:00:00,-0.00021961707654938323,-0.000353978481143713
2026-04-30 06:05:00,-0.0007777006815707921,-0.0002863519766833633
2026-04-30 06:10:00,-0.0018302488248576054,-0.00017008504073601216
2026-04-30 06:15:00,-0.0026039390472067936,-6.109826790634543e-05
2026-04-30 06:20:00,-0.0016672829356316754,-3.206539258826524e-05
2026-04-30 06:25:00,-0.0005125424527037126,5.289196997182444e-05
2026-04-30 06:30:00,0.001302817085683472,3.1938168831402436e-05
2026-04-30 06:35:00,0.0010737145611141585,-0.00013840521569363773
2026-04-30 06:40:00,-0.0005128052871903321,-0.00018973070837091655
2026-04-30 06:45:00,-5.718269653165464e-05,8.001123933354393e-05
2026-04-30 06:50:00,0.0011450512952713154,0.0002210939273936674
2026-04-30 06:55:00,0.0024186626918023535,-9.250369475921616e-05
2026-04-30 07:00:00,0.0015910972255568367,2.7384745408198796e-05
2026-04-30 07:05:00,0.000974787336454952,-0.0002410491433693096
2026-04-30 07:10:00,0.00043693387294929664,-0.0005096043460071087
2026-04-30 07:15:00,0.001838473751375247,-0.00020968951866962016
2026-04-30 07:20:00,0.0019182565756441505,-0.00011913892376469448
2026-04-30 07:25:00,0.001853198722795213,5.075087392469868e-05
2026-04-30 07:30:00,0.0010427849434435643,0.00023858826898504049
2026-04-30 07:35:00,-2.190215867869938e-05,0.00019789136422332376
2026-04-30 07:40:00,-0.00022351755363203551,-0.00016939982015173882
2026-04-30 07:45:00,-0.0009397724865163326,0.00012062363384757191
2026-04-30 07:50:00,-6.789974058207804e-05,6.15027456660755e-05
2026-04-30 07:55:00,0.0007404843719331922,-4.0628940041642636e-05
2026-04-30 08:00:00,0.0010317307375355966,0.00021760146773885936
2026-04-30 08:05:00,0.0011405417824139619,-5.8394485677126795e-05
2026-04-30 08:10:00,0.0008230903565511483,-0.00011939895921386778
2026-04-30 08:15:00,0.002108339654899538,3.258266224293038e-05
2026-04-30 08:20:00,0.0010889769504576208,1.9465704099275172e-05
2026-04-30 08:25:00,0.0010869292914961193,2.8811271477025002e-05
2026-04-30 08:30:00,0.0003058210883111201,-0.0001903197990031913
2026-04-30 08:35:00,0.0018079673376885097,0.0005008081789128482
2026-04-30 08:40:00,0.0032776826339500076,-0.0001818579767132178
2026-04-30 08:45:00,0.0017043307427595522,-1.555341987113934e-05
2026-04-30 08:50:00,0.0023380813769779962,-8.353083831025288e-05
2026-04-30 08:55:00,0.00030060709789836437,-1.285215239477111e-05
2026-04-30 09:00:00,0.00039021243092740576,-0.00010198891686741263
2026-04-30 09:05:00,-0.001472375800167569,-0.00021221184579189867
2026-04-30 09:10:00,5.662600485401015e-05,5.440913810161874e-05
2026-04-30 09:15:00,0.00017216824148746923,-0.0001903033844428137
2026-04-30 09:20:00,0.00047505628566923974,1.2765625001520675e-07
2026-04-30 09:25:00,0.0010665831824923089,-3.993973587057553e-05
2026-04-30 09:30:00,0.0025246328209291846,-1.0118578757101204e-05
2026-04-30 09:35:00,0.0022545274173566554,-0.00020784711523447186
2026-04-30 09:40:00,0.0005915718584326157,-0.0002446102735120803
2026-04-30 09:45:00,0.005771774718898115,-0.00018512770475354046
2026-04-30 09:50:00,0.004296921010348953,-0.00026161372079513967
2026-04-30 09:55:00,0.004239491710114507,-0.00010687030589906499
2026-04-30 10:00:00,-0.0027289338933247365,-0.00030832234187982976
2026-04-30 10:05:00,-0.0009506290783338756,-0.0002998223644681275
2026-04-30 10:10:00,-0.0002988222527893214,-0.0005408154102042317
2026-04-30 10:15:00,0.0005372861546248942,-0.0001145119167631492
2026-04-30 10:20:00,0.0001148164076081315,2.0315981601015665e-05
2026-04-30 10:25:00,-0.0004744012938964204,-4.975875708623789e-05
2026-04-30 10:30:00,8.879773290004778e-05,-0.0002702654164750129
2026-04-30 10:35:00,0.00012563303905466228,-9.200619388138875e-05
2026-04-30 10:40:00,0.0002946318531353853,-0.0007744959439150989
2026-04-30 10:45:00,-1.9491509823055253e-05,-0.0008686881046742201
2026-04-30 10:50:00,0.0005932944906703597,-0.0009564698557369411
2026-04-30 10:55:00,0.00044395021123655454,-0.0010175390634685755
2026-04-30 11:00:00,-0.00027508737446702014,-0.0010032994905486703
2026-04-30 11:05:00,-9.524984691466898e-05,-0.0006451079389080405
2026-04-30 11:10:00,0.0016614389976528088,-1.0842481060535647e-05
2026-04-30 11:15:00,0.001794285391753192,-0.00027175419381819665
2026-04-30 11:20:00,0.0011013133570401124,-0.0007290569483302534
2026-04-30 11:25:00,-0.0013367222019624592,-0.0007572747999802232
2026-04-30 11:30:00,-0.00012110490943761931,-0.0002076533855870366
2026-04-30 11:35:00,0.0003567471187260196,-0.00027431437047198415
2026-04-30 11:40:00,0.0011897269574259184,-0.00017095572547987103
2026-04-30 11:45:00,-4.325446603559158e-06,5.824224899697583e-06
2026-04-30 11:50:00,-8.646909918752499e-06,0.0005712718120776117
2026-04-30 11:55:00,0.0003393534376971985,-0.0004687235923483968
2026-04-30 12:00:00,0.001160711038727058,-0.0003723028057720512
2026-04-30 12:05:00,0.0017667391204607696,-0.00011228715447941795
2026-04-30 12:10:00,0.00370162271401675,-1.541579513286706e-05
2026-04-30 12:15:00,0.0013772709334372024,-1.5026044820842799e-05
2026-04-30 12:20:00,0.0008326107788558801,-0.00021306041162461042
2026-04-30 12:25:00,-0.00153205218257213,-2.8342492441879585e-05
2026-04-30 12:30:00,0.0002545226312395954,-0.00019529320707079023
2026-04-30 12:35:00,-0.0001811309042309972,-0.00047224562149494886
2026-04-30 12:40:00,0.000715680767958915,0.0002341623039683327
2026-04-30 12:45:00,0.0010971566639526031,-0.00038486154517158866
2026-04-30 12:50:00,0.0016010087833677744,-0.0001531329908175394
2026-04-30 12:55:00,-0.0009464461011283731,0.0002992955851368606
2026-04-30 13:00:00,-0.0013020638686676023,0.0002719273907132447
2026-04-30 13:05:00,-0.001611791419440678,-0.00011081575939897448
2026-04-30 13:10:00,0.0002631113580076061,0.0009677970083430409
2026-04-30 13:15:00,-0.0011352992926969563,0.00026952361804433167
2026-04-30 13:20:00,-0.0016727158114839824,0.0002588318311609328
2026-04-30 13:25:00,-0.0016682622975565664,0.0005880386452190578
2026-04-30 13:30:00,0.0009627132851104392,0.00045982422307133675
2026-04-30 13:35:00,0.0002958966499946314,0.0001844516082201153
2026-04-30 13:40:00,0.00012311055018976447,0.00024663505610078573
2026-04-30 13:45:00,0.00015748592097608594,0.0006233708118088543
2026-04-30 13:50:00,0.00014251750722138468,0.0004630943585652858
2026-04-30 13:55:00,0.0012777265116152847,-0.00010136368655366823
2026-04-30 14:00:00,-0.0005653387111959063,-4.050116785947466e-06
2026-04-30 14:05:00,0.0004339055125512914,0.0003445148468017578
2026-04-30 14:10:00,-0.0015736493664704199,-7.893891597632319e-05
2026-04-30 14:15:00,-0.0011273154891000559,-8.176203118637204e-05
2026-04-30 14:20:00,-0.00044470158234943824,0.00019709231855813414
2026-04-30 14:25:00,-0.000719652263979853,0.001197630655951798
2026-04-30 14:30:00,-7.563176840363894e-05,0.00023145583691075444
2026-04-30 14:35:00,0.0008201693030098767,-0.0006756072980351746
2026-04-30 14:40:00,0.0031104492702382913,-0.00018644997908268124
2026-04-30 14:45:00,0.002760092863283603,8.384923421544954e-05
2026-04-30 14:50:00,0.0010867667820377847,-4.139695374760777e-05
2026-04-30 14:55:00,0.0003189160329757357,0.0007624864229001105
2026-04-30 15:00:00,-0.00037073440322465956,0.0010935936588793993
2026-04-30 15:05:00,-0.0009940005022972542,0.0010439855977892876
2026-04-30 15:10:00,-0.0017725645362691722,0.0008557450491935015
2026-04-30 15:15:00,-0.0020803847149686305,0.00023035090998746455
2026-04-30 15:20:00,-0.002349852487741444,-0.0001777689903974533
2026-04-30 15:25:00,-0.0017757121013897148,-0.000381967518478632
2026-04-30 15:30:00,-0.0022990628959398407,0.0003071218670811504
2026-04-30 15:35:00,-0.002398736834621218,-0.0002785601536743343
2026-04-30 15:40:00,-0.0030294358950868627,-0.0005027641891501844
2026-04-30 15:45:00,0.00045893704925425993,-2.6610679924488068e-05
2026-04-30 15:50:00,0.001578877592484318,7.083868695190176e-05
2026-04-30 15:55:00,0.0020581577444129806,0.0002600130392238498
2026-04-30 16:00:00,0.0004219496081674379,7.756789273116738e-05
2026-04-30 16:05:00,0.00046084794672651697,-3.05019311781507e-05
2026-04-30 16:10:00,0.00016014196402913683,-0.00034582827356643975
2026-04-30 16:15:00,-0.0011537509546037938,-0.0009887474589049816
2026-04-30 16:20:00,-0.00219796727872712,-0.0009985173819586635
2026-04-30 16:25:00,-0.0008356172580086252,-0.0012608828255906701
2026-04-30 16:30:00,0.0004309182848558635,-0.0011082416167482734
2026-04-30 16:35:00,0.0018431548063766456,-0.0012175111332908273
2026-04-30 16:40:00,0.0006083811728068156,-0.0015384507132694125
2026-04-30 16:45:00,-0.000511059246353085,-0.0006846385076642036
2026-04-30 16:50:00,0.0005364969474808134,-0.000836490944493562
2026-04-30 16:55:00,0.00010388576038522501,-0.00013748234778176993
2026-04-30 17:00:00,0.000673417467394799,-0.00029837139300070703
2026-04-30 17:05:00,-0.000694472266872026,7.621999247930944e-05
2026-04-30 17:10:00,0.0004457205492531813,-0.00062616664217785
2026-04-30 17:15:00,0.0006686379834217604,-0.0007688273908570409
2026-04-30 17:20:00,-0.0011108597961992928,-0.0005740236956626177
2026-04-30 17:25:00,-0.0015305600788408924,-0.0007394774002023041
2026-04-30 17:30:00,-0.0017861961055452014,-0.00022307260951492935
2026-04-30 17:35:00,-0.00017551177436381238,-0.00047810000251047313
2026-04-30 17:40:00,-2.3832040447757663e-05,-0.00103942328132689
2026-04-30 17:45:00,4.334032558617196e-06,-0.00045988374040462077
2026-04-30 17:50:00,-0.00016470572974824904,-0.00010585473501123488
2026-04-30 17:55:00,-0.0007846078555502345,-0.00011801667278632522
2026-04-30 18:00:00,-0.001372659998658321,-0.000661209225654602
2026-04-30 18:05:00,-0.0006504192181004953,-0.0011111823841929436
2026-04-30 18:10:00,-0.0009045799038691626,-0.0011308875400573015
2026-04-30 18:15:00,0.0009586751064443177,-0.0008748386171646416
2026-04-30 18:20:00,-1.735030482485911e-05,-0.0007287836051546037
2026-04-30 18:25:00,0.0002885999774822068,-0.0008351026335731149
2026-04-30 18:30:00,0.0001213955284580237,-0.00037199820508249104
2026-04-30 18:35:00,0.0010989810063328775,-0.0006495025008916855
2026-04-30 18:40:00,-0.0002864297420437367,-0.0007953713648021221
2026-04-30 18:45:00,0.0008363614001911657,-0.0008465371793136001
2026-04-30 18:50:00,0.00027942974852201985,-0.0009581082267686725
2026-04-30 18:55:00,0.0017541790919910483,-0.0007713711238466203
2026-04-30 19:00:00,0.00021006378869969922,-0.00012721600069198757
2026-04-30 19:05:00,0.0005023439212692438,-0.0004580006352625787
2026-04-30 19:10:00,0.00043752302025623635,-0.00034591066651046276
2026-04-30 19:15:00,-7.146004790925531e-05,-0.00017920414393302053
2026-04-30 19:20:00,-0.0004525313141208187,-0.00026672318927012384
2026-04-30 19:25:00,2.598544382337309e-05,-0.00038788781967014074
2026-04-30 19:30:00,-0.00032921525776785643,-0.00015975837595760822
2026-04-30 19:35:00,-0.00029241381311351233,-0.00020700688764918596
2026-04-30 19:40:00,-0.00024039112401119667,-0.00022662362607661635
2026-04-30 19:45:00,0.0015519937139263362,-0.0002391223970334977
2026-04-30 19:50:00,0.0013400692389922142,-0.00024291382578667253
2026-04-30 19:55:00,0.0008162284853554524,-0.0007645682198926806
2026-04-30 20:00:00,9.299981731203388e-05,-0.000891332805622369
2026-04-30 20:05:00,-9.519606068586484e-05,-0.001073812716640532
2026-04-30 20:10:00,0.00011685883466050484,-0.0008485028520226479
2026-04-30 20:15:00,-0.0008308164114101402,-0.0008667789516039193
2026-04-30 20:20:00,-0.00018825525303967083,-0.0011921999976038933
2026-04-30 20:25:00,-0.0001103663189070403,-0.0010351636447012424
2026-04-30 20:30:00,0.00030298177579979324,-0.0007718497654423118
2026-04-30 20:35:00,0.0006900960675562118,-0.00034392456291243434
2026-04-30 20:40:00,0.0003397161779759017,-0.0005403813556768
2026-04-30 20:45:00,0.0006575873703305035,-0.0007219563703984022
2026-04-30 20:50:00,0.0003394649675563244,-0.0005806888220831752
2026-04-30 20:55:00,0.00041096720627464833,-0.0003592577704694122
2026-04-30 21:00:00,-0.0006143117522405817,-0.0002343673986615613
2026-04-30 21:05:00,-0.0012589774095221884,-0.00041799063910730183
2026-04-30 21:10:00,-0.0013654951716350894,-0.0003127795644104481
2026-04-30 21:15:00,-0.0007532630932587381,-0.0003397945547476411
2026-04-30 21:20:00,0.00024456465989430853,-0.00020318527822382748
2026-04-30 21:25:00,0.001017265461959127,2.367462366237305e-05
2026-04-30 21:30:00,0.0004741024344880884,0.0001327436330029741
2026-04-30 21:35:00,-0.0009742854387546629,1.0229539839201607e-05
2026-04-30 21:40:00,-0.0012879890861974275,-0.00031312028295360506
2026-04-30 21:45:00,-0.0006949940144362898,-0.00021684510284103453
2026-04-30 21:50:00,0.00010613492357869347,1.2729096852126531e-05
2026-04-30 21:55:00,-2.3827187904501557e-05,-0.0007306903135031462
2026-04-30 22:00:00,0.0003313190752081141,-0.0008023527916520834
2026-04-30 22:05:00,8.66324036046251e-05,-0.0014899580273777246
2026-04-30 22:10:00,-1.9495394214530393e-05,-0.0010585654526948929
2026-04-30 22:15:00,-5.196436112164804e-05,-0.0015174734871834517
2026-04-30 22:20:00,3.681649899434092e-05,-0.002049621194601059
2026-04-30 22:25:00,0.00024041663668938895,-0.002084184903651476
2026-04-30 22:30:00,5.412948423533237e-05,-0.002075701719149947
2026-04-30 22:35:00,0.0007685055975823474,-0.0016561506781727076
2026-04-30 22:40:00,6.713306100003535e-05,-0.0011343606747686863
2026-04-30 22:45:00,-0.0005609235677574986,-0.001638717600144446
2026-04-30 22:50:00,0.001669193185813711,-0.0018657613545656204
2026-04-30 22:55:00,0.002884625701748078,-0.0002783963573165238
2026-04-30 23:00:00,0.003337081541973319,-0.0002482387062627822
2026-05-01 00:00:00,0.0003650348497608036,-0.00021216458117123693
2026-05-01 00:05:00,-0.00013172428183416685,-0.0001975985651370138
2026-05-01 00:10:00,-1.5113942936295643e-05,-0.0005637941649183631
2026-05-01 00:15:00,-0.0005400396304313659,-0.0005026623257435858
2026-05-01 00:20:00,-6.26291050611627e-05,-0.00010517582268221304
2026-05-01 00:25:00,0.0001986221673178079,4.905903097096598e-06
2026-05-01 00:30:00,0.0007818828222134755,-3.241096419515088e-05
2026-05-01 00:35:00,-0.00012095006288959098,0.00013242277782410383
2026-05-01 00:40:00,-0.0003778477620759446,-0.00047104572877287865
2026-05-01 00:45:00,-0.00044918391813020264,-0.0006210398278199136
2026-05-01 00:50:00,-4.752009885145014e-05,0.00010637901141308248
2026-05-01 00:55:00,-0.00010798273150669502,0.0005975067615509033
2026-05-01 01:00:00,0.00010583553383902711,0.0005154014797881246
2026-05-01 01:05:00,0.00019870539183486358,0.00020822817168664187
2026-05-01 01:10:00,0.00013173736771143751,0.0004256137181073427
2026-05-01 01:15:00,0.000606718180751642,0.00040902485488913953
2026-05-01 01:20:00,0.0006368870043136354,0.0003262301906943321
2026-05-01 01:25:00,2.5913505039554252e-05,0.0002492876665201038
2026-05-01 01:30:00,-0.00030007437320200836,0.00019439840980339795
2026-05-01 01:35:00,-0.00031299546627927555,0.00028281050617806613
2026-05-01 01:40:00,-0.0008987269360982708,5.716125542676309e-06
2026-05-01 01:45:00,-0.0007386960407433918,6.304737325990573e-05
2026-05-01 01:50:00,-0.0010562730961769518,0.0001271344517590478
2026-05-01 01:55:00,-0.0008779024319096607,-9.576496813679114e-05
2026-05-01 02:00:00,-0.00040197617211568115,0.00018481025472283363
2026-05-01 02:05:00,-0.0007631979009570244,0.0002827710995916277
2026-05-01 02:10:00,0.00020548960132593663,3.245542302465765e-06
2026-05-01 02:15:00,-0.0009645371186248752,6.98642834322527e-05
2026-05-01 02:20:00,-0.0004910895471734733,-2.9015354812145233e-05
2026-05-01 02:25:00,-0.00053868879261465,-0.00023406850232277066
2026-05-01 02:30:00,0.00014495622671972797,-0.0002299881016369909
2026-05-01 02:35:00,0.0006597783167947568,-0.00041921850061044097
2026-05-01 02:40:00,-0.0003527928568995975,-9.16658973437734e-05
2026-05-01 02:45:00,-0.000989148666135975,-0.0004945892142131925
2026-05-01 02:50:00,-0.0012983389579197535,-0.0008222646429203451
2026-05-01 02:55:00,-0.00012772871304633782,-0.001121255219914019
2026-05-01 03:00:00,-0.0006498640929688548,-0.0003989803371950984
2026-05-01 03:05:00,-0.000682303352535385,-0.00013793523248750716
2026-05-01 03:10:00,-0.0005262411453603733,-0.00025798677233979106
2026-05-01 03:15:00,0.0010136035988725922,-0.0003155513550154865
2026-05-01 03:20:00,0.001316536141551694,-4.487121714191744e-06
2026-05-01 03:25:00,0.0007989979389115831,0.00012668329873122275
2026-05-01 03:30:00,6.493956293773806e-05,-0.00024285662220790982
2026-05-01 03:35:00,-0.00039391296764357264,-0.0002009065356105566
2026-05-01 03:40:00,9.739511365580711e-05,-0.00010182963887928054
2026-05-01 03:45:00,0.0010773811596145322,6.327328446786851e-05
2026-05-01 03:50:00,0.0014969091194956263,-2.0202814994263463e-05
2026-05-01 03:55:00,0.002250429795893183,-3.4270749893039465e-05
2026-05-01 04:00:00,0.0019743470981019584,2.149035208276473e-05
2026-05-01 04:05:00,0.000805931526484116,3.340025796205737e-05
2026-05-01 04:10:00,-0.0003174771178571234,-3.0754104955121875e-05
2026-05-01 04:15:00,-0.0009996470761546306,1.9899725884897634e-05
2026-05-01 04:20:00,-0.0003477888978071775,-4.827343218494207e-05
2026-05-01 04:25:00,-0.0011995475578405745,3.948603989556432e-05
2026-05-01 04:30:00,-0.0018226618279513218,0.00018189207185059786
2026-05-01 04:35:00,-0.0018424893516879592,-4.422444908414036e-05
2026-05-01 04:40:00,-0.0010819069446981189,-0.00015190760313998908
2026-05-01 04:45:00,-0.0004956983657962155,-0.0001036350877257064
2026-05-01 04:50:00,-0.00015802387925134553,0.0001072070372174494
2026-05-01 04:55:00,0.0003961137612584764,0.00019625511777121574
2026-05-01 05:00:00,0.0005238310786239708,0.0002088352630380541
2026-05-01 05:05:00,0.0010169771126236071,0.00011749206896638498
2026-05-01 05:10:00,0.001306279409421407,0.00011547128815436736
2026-05-01 05:15:00,0.0020364360339772958,4.063663800479844e-05
2026-05-01 05:20:00,0.0013809992718023523,2.9734797863056883e-05
2026-05-01 05:25:00,-0.00011455558390061071,3.1901694455882534e-05
2026-05-01 05:30:00,-0.0007972182045374865,-2.3923697881400585e-05
2026-05-01 05:35:00,-0.0009053225586672653,-2.8849171940237284e-05
2026-05-01 05:40:00,0.00013400711554645284,-6.540179310832173e-05
2026-05-01 05:45:00,-0.0003350645030515409,-9.230058822140563e-06
2026-05-01 05:50:00,-0.0011095431572858416,-3.1187869353743736e-06
2026-05-01 05:55:00,-0.0011461244950936589,-4.155225906288251e-05
2026-05-01 06:00:00,-0.00047144208082805505,-0.0001824931096052751
2026-05-01 06:05:00,0.00012767094670351753,-9.21157406992279e-05
2026-05-01 06:10:00,-0.0008442143680138514,-0.00013499282067641616
2026-05-01 06:15:00,-0.0018814925413792594,-0.0003896771522704512
2026-05-01 06:20:00,-0.0011929519828139945,-0.0004975320771336555
2026-05-01 06:25:00,-0.0009056166177785485,-0.00030121763120405376
2026-05-01 06:30:00,-0.0007479504880301135,-0.00015547616931144148
2026-05-01 06:35:00,-0.0011531676535518898,-9.754764323588461e-05
2026-05-01 06:40:00,-0.0009194545506936436,-0.00022728128533344716
2026-05-01 06:45:00,-0.00036225243316678757,-8.8805056293495e-05
2026-05-01 06:50:00,0.0004965453340570747,0.0001389676908729598
2026-05-01 06:55:00,0.001103677482634069,0.00013608729932457209
2026-05-01 07:00:00,0.0010495205478910918,0.00029996081138961017
2026-05-01 07:05:00,0.0003706220315446984,0.0004985168343409896
2026-05-01 07:10:00,9.101527546029331e-05,0.00044903860543854535
2026-05-01 07:15:00,0.00017120152086036455,0.0002031822659773752
2026-05-01 07:20:00,-0.0008649985092930024,0.00016769091598689556
2026-05-01 07:25:00,-0.0011035769802507644,0.0002380160294706002
2026-05-01 07:30:00,-0.0006394464995764793,6.211559957591817e-05
2026-05-01 07:35:00,-0.0005597209351595467,-0.00014521625416819006
2026-05-01 07:40:00,-0.0009354162035926095,-0.00014386697148438543
2026-05-01 07:45:00,-0.0014451371272325986,-0.00013162371760699898
2026-05-01 07:50:00,-0.0010769335361366927,-0.0002084987936541438
2026-05-01 07:55:00,-0.0007972048293609646,-0.0001344367046840489
2026-05-01 08:00:00,-0.001723439524312198,-0.00013850907271262258
2026-05-01 08:05:00,-0.0009280480903761656,-0.0003016934497281909
2026-05-01 08:10:00,-0.0017290976571775474,-0.00028885528445243835
2026-05-01 08:15:00,-0.0004373087523816821,-0.00023652701929677278
2026-05-01 08:20:00,-0.001420907596122234,-1.170486029877793e-05
2026-05-01 08:25:00,-3.700708468379332e-05,0.00010458043834660202
2026-05-01 08:30:00,-0.0005594247431215393,0.00021340443345252424
2026-05-01 08:35:00,3.483963967276793e-05,0.00035165855661034584
2026-05-01 08:40:00,0.0001741390461145187,0.0005321709904819727
2026-05-01 08:45:00,8.70939787489533e-06,0.0004050456627737731
2026-05-01 08:50:00,0.00021118933420005703,0.00011384222307242453
2026-05-01 08:55:00,0.00030902214324335375,0.0005826175329275429
2026-05-01 09:00:00,0.0007095610378708983,0.0004432428104337305
2026-05-01 09:05:00,-0.0005226116765868483,0.0001292531524086371
2026-05-01 09:10:00,-0.0009382425947244144,5.620416413876228e-05
2026-05-01 09:15:00,-0.0021650829075881006,-3.327180820633657e-05
2026-05-01 09:20:00,-0.0012662878213749451,-0.00013029640831518918
2026-05-01 09:25:00,-0.0013337752169064743,8.355706086149439e-05
2026-05-01 09:30:00,-0.00043401595199199505,-0.00021974017727188766
2026-05-01 09:35:00,-0.0011958356671151193,0.00011591795191634446
2026-05-01 09:40:00,-0.001407622561893973,-0.00022902981436345726
2026-05-01 09:45:00,-0.0005171392496290395,0.0006894484395161271
2026-05-01 09:50:00,6.550440026842352e-06,-0.00041219155536964536
2026-05-01 09:55:00,-0.001061937720795214,-0.0001529309229226783
2026-05-01 10:00:00,-0.0020624870758929603,-0.00032346948864869773
2026-05-01 10:05:00,-0.002494451087983407,0.000347773137036711
2026-05-01 10:10:00,-0.0015118186159579494,8.368642738787457e-05
2026-05-01 10:15:00,-5.905324526622735e-05,0.00012722403334919363
2026-05-01 10:20:00,0.00043768944444622093,0.00013459718320518732
2026-05-01 10:25:00,0.0009038653440267552,-1.5084256119735073e-05
2026-05-01 10:30:00,-0.00020780766272565643,0.00010806741192936897
2026-05-01 10:35:00,-0.00039391187825366103,0.00018499567522667348
2026-05-01 10:40:00,-0.0004988851770466596,0.00011803387315012515
2026-05-01 10:45:00,-0.0011097674895825804,-3.453031604294665e-05
2026-05-01 10:50:00,-0.00045538039279691134,-0.0008232900290749967
2026-05-01 10:55:00,-0.0006984196077848281,-5.593706373474561e-05
2026-05-01 11:00:00,0.000512353421203926,9.96362286969088e-05
2026-05-01 11:05:00,0.0007967796515995218,-2.1557083528023213e-05
2026-05-01 11:10:00,0.000659023333792419,-8.594992686994374e-05
2026-05-01 11:15:00,0.0006696047831518115,-0.000323675834806636
2026-05-01 11:20:00,0.0003522193684872832,-0.0002934204530902207
2026-05-01 11:25:00,0.00039170504892105384,-0.0002628282527439296
2026-05-01 11:30:00,-0.0006608488866017836,-0.00030232133576646447
2026-05-01 11:35:00,-0.002224782709484785,-0.00028659182135015726
2026-05-01 11:40:00,-0.001852651287720164,-0.00013497041072696447
2026-05-01 11:45:00,-0.0010731682706381918,-3.126537558273412e-05
2026-05-01 11:50:00,0.0011108203136220851,5.500008774106391e-05
2026-05-01 11:55:00,0.0010231054000815476,-0.0002902747946791351
2026-05-01 12:00:00,0.0012460815200530106,-0.0005351067520678043
2026-05-01 12:05:00,0.001017716005028646,-0.000737905444111675
2026-05-01 12:10:00,0.0011817305848076387,-0.00038851809222251177
2026-05-01 12:15:00,0.000450747131932161,-2.386046435276512e-05
2026-05-01 12:20:00,-0.0006739842350267367,-5.5791379054426216e-06
2026-05-01 12:25:00,-0.00043532713114657895,8.333639561897144e-05
2026-05-01 12:30:00,-0.0004770105098419464,0.00026510184397920966
2026-05-01 12:35:00,-0.00020578699367490572,0.00030869958573020995
2026-05-01 12:40:00,-0.0005756227225681698,0.0003257161588408053
2026-05-01 12:45:00,-0.00035243371163318216,7.92124483268708e-05
2026-05-01 12:50:00,-8.757832786088215e-06,1.3307188964972738e-05
2026-05-01 12:55:00,-0.000427006526548368,0.00011835388431791216
2026-05-01 13:00:00,0.0009650662125686438,-0.00014013594773132354
2026-05-01 13:05:00,0.0013215648899400634,8.632935350760818e-05
2026-05-01 13:10:00,0.0011951590918375388,1.3188989214540925e-05
2026-05-01 13:15:00,0.0007368496187254436,0.00020131793280597776
2026-05-01 13:20:00,0.0005945719257418602,0.00011586739856284112
2026-05-01 13:25:00,0.0009970613756316027,0.00018696795450523496
2026-05-01 13:30:00,-0.00019235939789652434,0.00036394386552274227
2026-05-01 13:35:00,0.0005374335710737199,-0.00015649980923626572
2026-05-01 13:40:00,0.0005483971537767474,-0.0003925534547306597
2026-05-01 13:45:00,0.0008478521224564162,-0.0003101887123193592
2026-05-01 13:50:00,-0.0005374335710737199,0.000529963755980134
2026-05-01 13:55:00,0.00142311804683537,0.00024374976055696607
2026-05-01 14:00:00,0.0021077720413469336,0.00035560879041440785
2026-05-01 14:05:00,0.0046916917692332305,0.000292998825898394
2026-05-01 14:10:00,0.004016135220338057,0.00022877129958942533
2026-05-01 14:15:00,0.002070711934486269,0.0004626033769454807
2026-05-01 14:20:00,8.482326859571288e-05,0.0003096661239396781
2026-05-01 14:25:00,-0.002425166355418895,0.0006938634323887527
2026-05-01 14:30:00,-0.0010076028068652931,0.00018277752678841352
2026-05-01 14:35:00,-0.00102270856935327,0.0003709713346324861
2026-05-01 14:40:00,-0.00023303855151013408,0.00029750034445896745
2026-05-01 14:45:00,1.524129694807641e-05,0.0005342670483514667
2026-05-01 14:50:00,0.0006659673530400312,0.0004946317640133202
2026-05-01 14:55:00,0.0001132591632231339,5.355074972612783e-05
2026-05-01 15:00:00,-0.00026348940696330203,-0.00013823980407323688
2026-05-01 15:05:00,-0.0007966012104727582,-8.425613486906514e-05
2026-05-01 15:10:00,-0.0005271998187588167,-9.052195673575625e-05
2026-05-01 15:15:00,0.0015603258304999201,1.4009803635417484e-05
2026-05-01 15:20:00,0.0023379410461998873,-5.2975155995227396e-05
2026-05-01 15:25:00,0.004107844703048258,1.7323603969998658e-05
2026-05-01 15:30:00,0.0005499946334808214,3.834134986391291e-06
2026-05-01 15:35:00,0.002878480103371217,0.0006521425675600767
2026-05-01 15:40:00,0.003961353338114648,0.0005033074412494898
2026-05-01 15:45:00,0.007239056953682876,0.00020225922344252467
2026-05-01 15:50:00,0.003930136063088341,0.0019006285583600402
2026-05-01 15:55:00,0.00644875086282326,0.0007669416954740882
2026-05-01 16:00:00,0.004312397756416786,0.0006940842140465975
2026-05-01 16:05:00,0.0031386175576439967,0.0005405343254096806
2026-05-01 16:10:00,-0.0026128400936897833,0.00023202849843073636
2026-05-01 16:15:00,-0.002499485056784323,0.0006578020402230322
2026-05-01 16:20:00,-0.002325552397550723,-0.00014169498172122985
2026-05-01 16:25:00,-0.0023800706284671236,0.00028242540429346263
2026-05-01 16:30:00,-0.002706565879227796,-0.00010970756557071581
2026-05-01 16:35:00,-0.001685094864361858,0.00012821181735489517
2026-05-01 16:40:00,-6.90721026685992e-05,0.000415607588365674
2026-05-01 16:45:00,-0.0009290367853775905,0.0002945229352917522
2026-05-01 16:50:00,-0.0009311480474316625,0.0001818022719817236
2026-05-01 16:55:00,0.000843647931695557,-0.0002153687528334558
2026-05-01 17:00:00,0.002778058377423065,-0.0011714802822098136
2026-05-01 17:05:00,0.0020491080381752624,-0.0009292098693549633
2026-05-01 17:10:00,0.00029327600285178335,-0.0012943060137331486
2026-05-01 17:15:00,-0.00021989109012388042,-0.001410480821505189
2026-05-01 17:20:00,0.0011598028342039157,-0.0014695344725623727
2026-05-01 17:25:00,0.001264845128156722,-0.0010317608248442411
2026-05-01 17:30:00,0.0013595316342964736,-0.0004064029490109533
2026-05-01 17:35:00,0.0009367762877410257,-0.00023541263362858444
2026-05-01 17:40:00,-7.752538960303923e-05,0.0002295761660207063
2026-05-01 17:45:00,-9.904763553514329e-05,0.0006309677846729755
2026-05-01 17:50:00,-0.0014281270164424598,-0.0004152522888034582
2026-05-01 17:55:00,7.752538960303923e-05,-7.134813495213166e-05
2026-05-01 18:00:00,0.0006909756915884913,0.00012608116958290339
2026-05-01 18:05:00,0.0008963180460490605,-0.00014001308591105044
2026-05-01 18:10:00,-0.0011484211550349954,-0.0003600727650336921
2026-05-01 18:15:00,-0.0022102170097735296,-0.000935506250243634
2026-05-01 18:20:00,-0.0005988927127020816,-0.0008985288441181183
2026-05-01 18:25:00,5.3895397668313194e-05,-0.00017645483603700995
2026-05-01 18:30:00,0.00042475800752228565,-0.0004125744162593037
2026-05-01 18:35:00,0.00016376169262777296,0.00033505127066746354
2026-05-01 18:40:00,-4.311524920197485e-06,-0.0002461919793859124
2026-05-01 18:45:00,-5.820489634089654e-05,-0.00036746420664712787
2026-05-01 18:50:00,-0.0004956768460928629,0.00020395447791088372
2026-05-01 18:55:00,0.0002823656222439297,-0.0003713664482347667
2026-05-01 19:00:00,-2.5869930304622812e-05,-0.0002230406680610031
2026-05-01 19:05:00,-0.000793594355373628,-0.0003056948771700263
2026-05-01 19:10:00,-0.0017947013685013502,-0.00039749458665028214
2026-05-01 19:15:00,-0.0017499289713658328,-0.0007382929907180369
2026-05-01 19:20:00,-0.0009583279207543427,-0.0007070669671520591
2026-05-01 19:25:00,-0.0007969995227341542,-0.000626015302259475
2026-05-01 19:30:00,-0.0006221673225859092,-0.0010191698092967272
2026-05-01 19:35:00,-0.00014037285212076256,-0.000886382011231035
2026-05-01 19:40:00,0.0004774120469797083,-0.0010701861465349793
2026-05-01 19:45:00,-0.0007133762670417099,-0.0011277551529929042
2026-05-01 19:50:00,-0.001307493419179906,-0.0009928882354870439
2026-05-01 19:55:00,-0.0031430071309657137,-0.0008653600234538317
2026-05-01 20:00:00,-0.0011706068693158045,-0.0011716873850673437
2026-05-01 20:05:00,-0.0003763561844696284,-0.0011145002208650112
2026-05-01 20:10:00,0.0014461882045289087,-0.0010504202218726277
2026-05-01 20:15:00,-0.00027066793432339864,-0.0015912577509880066
2026-05-01 20:20:00,-0.0010064750740585993,-0.0014178617857396603
2026-05-01 20:25:00,-4.326784745600776e-06,-0.0015096773859113455
2026-05-01 20:30:00,0.001577504127535434,-0.0014116632519289851
2026-05-01 20:35:00,0.001454193179188934,-0.0016111955046653748
2026-05-01 20:40:00,0.0005125937028616079,-0.0015107368817552924
2026-05-01 20:45:00,-0.0008522789241585116,-0.0014200459700077772
2026-05-01 20:50:00,-0.00033739213504269117,-1.0105173942065449e-06
2026-05-01 20:55:00,0.00036752148252361394,0.00019402596808504313
2026-05-01 21:00:00,0.0013754000234893482,0.0003908378421328962
2026-05-01 21:05:00,0.0008238150017518819,0.000575201294850558
2026-05-01 21:10:00,-0.0003977939782338069,0.0004982945392839611
2026-05-01 21:15:00,-0.0018516080314832095,0.0003227038832847029
2026-05-01 21:20:00,-0.0020402364057847677,0.00015208270633593202
2026-05-01 21:25:00,-0.002804176268005776,0.0001957226631930098
2026-05-01 21:30:00,-0.000771071849682059,0.00027036989922635257
2026-05-01 21:35:00,-0.0015128497556826659,0.00035853299777954817
2026-05-01 21:40:00,-0.00021035944434366627,0.000352775416104123
2026-05-01 21:45:00,-0.0012857192637554249,0.0003732711775228381
2026-05-01 21:50:00,4.337999575554363e-05,-0.0003496846475172788
2026-05-01 21:55:00,0.00017349552316758832,-0.0002682391495909542
2026-05-01 22:00:00,0.00028634026964091674,-0.0004389883251860738
2026-05-01 22:05:00,0.00023855634488612054,-0.00012537198199424893
2026-05-01 22:10:00,0.00048562739025648227,2.096964090014808e-05
2026-05-01 22:15:00,0.0009062036543099339,0.00037507934030145407
2026-05-01 22:20:00,0.00010624768948375163,0.0005193473771214485
2026-05-01 22:25:00,6.502147878428843e-05,0.00044807710219174623
2026-05-01 22:30:00,-0.00029258365663054064,0.000568099960219115
2026-05-01 22:35:00,0.000808413613672343,0.0006918500876054168
2026-05-01 22:40:00,4.3345303867070584e-05,0.0006874428945593536
2026-05-01 22:45:00,0.0026323381300432658,0.0005210142699070275
2026-05-01 22:50:00,0.0013076821684823159,-0.0004622305277734995
2026-05-01 22:55:00,0.0017647248091225975,-0.0007572005852125585
2026-05-04 00:00:00,-0.0008478260907232027,-0.0007502323132939637
2026-05-04 00:05:00,-0.0010195854353050038,-0.000726289174053818
2026-05-04 00:10:00,-0.0003462034499133182,-0.000524612027220428
2026-05-04 00:15:00,0.00034397529774388147,-0.00040771541534923017
2026-05-04 00:20:00,0.0018479094027359366,3.198563354089856e-05
2026-05-04 00:25:00,0.001595865792964446,0.00014733757416252047
2026-05-04 00:30:00,0.0006940803444166477,0.0001185186774819158
2026-05-04 00:35:00,-0.0012330031024401222,0.00011412426101742312
2026-05-04 00:40:00,-0.001978993046764188,-0.00017015403136610985
2026-05-04 00:45:00,-0.001505532466204329,-0.00037801804137416184
2026-05-04 00:50:00,-0.0009918315479175988,-0.00013584655243903399
2026-05-04 00:55:00,-0.0007580286421315918,-0.00016609186423011124
2026-05-04 01:00:00,-0.0006929602020093739,-1.6604437405476347e-05
2026-05-04 01:05:00,0.00010182714742157373,-0.00013575742195826024
2026-05-04 01:10:00,0.0003227738650508627,-0.0002668586967047304
2026-05-04 01:15:00,0.0003118915162634295,-0.0005898297531530261
2026-05-04 01:20:00,-0.00020583153303377344,-0.0005365880206227303
2026-05-04 01:25:00,-0.0007410184358640493,-0.0005879835225641727
2026-05-04 01:30:00,-0.0006932244093302842,-0.000701090379152447
2026-05-04 01:35:00,0.0002686558772708736,-0.0006422952865250409
2026-05-04 01:40:00,-8.020158781896214e-05,-0.0006249597063288093
2026-05-04 01:45:00,-0.0012859032747432053,-0.0006287753349170089
2026-05-04 01:50:00,-0.00012565263562080986,0.00039836758514866233
2026-05-04 01:55:00,-5.419390363137211e-05,0.00042352351010777056
2026-05-04 02:00:00,-0.0001453915755735835,0.00030273725860752165
2026-05-04 02:05:00,-0.002414294308673348,0.0003817783435806632
2026-05-04 02:10:00,-0.0013753399842890701,0.000625909655354917
2026-05-04 02:15:00,0.00016492017683766846,0.00035863640368916094
2026-05-04 02:20:00,0.00047985218868085155,0.0003355301741976291
2026-05-04 02:25:00,-9.551969232468593e-05,0.0004920338396914303
2026-05-04 02:30:00,0.0001930956382665272,0.0006613725563511252
2026-05-04 02:35:00,0.0006640308215413171,0.0006659518112428486
2026-05-04 02:40:00,0.0015835796975434135,0.0005882184486836195
2026-05-04 02:45:00,-0.0016827034043078726,0.0006916570127941668
2026-05-04 02:50:00,-0.0022782046142015844,0.0004119584336876869
2026-05-04 02:55:00,-0.0027500899118795274,0.00017015772755257785
2026-05-04 03:00:00,-0.0004694907198814491,0.00040360999992117286
2026-05-04 03:05:00,-0.00018048009929749753,0.0001647801836952567
2026-05-04 03:10:00,-0.001357209403424875,0.0012171214912086725
2026-05-04 03:15:00,-0.0001326275808608557,0.001586603350006044
2026-05-04 03:20:00,0.0004609206754508932,0.0018221070058643818
2026-05-04 03:25:00,0.001548462612390722,0.0017609756905585527
2026-05-04 03:30:00,0.0005108456998446087,0.0015709439758211374
2026-05-04 03:35:00,0.0012382153904209048,0.0019141851225867867
2026-05-04 03:40:00,0.0025436635939968255,0.0015960345044732094
2026-05-04 03:45:00,0.0024701124760611037,0.0011478237574920058
2026-05-04 03:50:00,0.0005230653484282755,-1.302436794503592e-05
2026-05-04 03:55:00,-0.0011733615765763261,-9.202019282383844e-05
2026-05-04 04:00:00,-0.001635930067605429,-0.0004447853425517678
2026-05-04 04:05:00,-0.002224376071927381,-0.0006691041053272784
2026-05-04 04:10:00,-0.003345448021974562,-0.00048072662320919335
2026-05-04 04:15:00,-0.0020432435546098304,-0.0003110154648311436
2026-05-04 04:20:00,0.0005478642129510547,-0.0003279923985246569
2026-05-04 04:25:00,0.0024531190603180875,-0.0001948760764207691
2026-05-04 04:30:00,0.0019824412684261716,-8.798111230134964e-05
2026-05-04 04:35:00,0.0018348967671784067,9.781616427062545e-06
2026-05-04 04:40:00,0.00034313065796531816,0.00043085383367724717
2026-05-04 04:45:00,0.00011942956112953595,0.00032386655220761895
2026-05-04 04:50:00,-0.0002017824119846523,4.6585730160586536e-05
2026-05-04 04:55:00,0.0010330243136777995,-0.00012662589142564684
2026-05-04 05:00:00,0.0007705205735799581,-0.00027385057182982564
2026-05-04 05:05:00,0.0003254353811694699,-0.0004002319183200598
2026-05-04 05:10:00,-0.0002234421158640032,-2.130522989318706e-05
2026-05-04 05:15:00,-0.0001822667478901252,-5.4007465223548934e-05
2026-05-04 05:20:00,-0.0018172842363135544,-0.0003183885710313916
2026-05-04 05:25:00,-0.0007010210669360362,-0.0003651776351034641
2026-05-04 05:30:00,0.00043825203230341003,-0.0002559884451329708
2026-05-04 05:35:00,0.0025740542739818295,-0.00021170337276998907
2026-05-04 05:40:00,0.002034425423635966,-1.1679269846354146e-05
2026-05-04 05:45:00,8.676319071199146e-06,0.00025985404499806464
2026-05-04 05:50:00,-0.0006005986652990458,0.0006532775005325675
2026-05-04 05:55:00,-0.0008562099039224336,0.0006795661174692214
2026-05-04 06:00:00,0.00023423216418372306,0.000556875835172832
2026-05-04 06:05:00,-0.000258129732229051,0.00017103007121477276
2026-05-04 06:10:00,-0.0006963463790992108,-7.114039908628911e-05
2026-05-04 06:15:00,-5.638421070131017e-05,0.0001576143695274368
2026-05-04 06:20:00,0.00018872324443108823,0.0002553515078034252
2026-05-04 06:25:00,0.0002603731596018122,-0.00011914884089492261
2026-05-04 06:30:00,-0.0007267733860931713,-4.352095129434019e-05
2026-05-04 06:35:00,-0.0007116943833533895,-1.664814044488594e-05
2026-05-04 06:40:00,-0.0007357290071272615,-7.395087595796213e-05
2026-05-04 06:45:00,-0.0007120992029268081,-0.0002583386958576739
2026-05-04 06:50:00,-0.0001628061709304518,-0.0003400639398023486
2026-05-04 06:55:00,-0.0004473447126134289,-0.000283983739791438
2026-05-04 07:00:00,0.0014301978128834492,-0.00021485454635694623
2026-05-04 07:05:00,-0.00041256096716324464,9.805096487980336e-05
2026-05-04 07:10:00,-0.0015651088336774421,1.7929141904460266e-05
2026-05-04 07:15:00,-0.0033845611311846824,8.935601726989262e-06
2026-05-04 07:20:00,-0.0016824042781014015,1.0953561286441982e-05
2026-05-04 07:25:00,0.0004958828774093149,-1.2874016874775407e-06
2026-05-04 07:30:00,0.00020235273196256287,0.00017299574392382056
2026-05-04 07:35:00,0.0003915094697433119,-2.4585902792750858e-05
2026-05-04 07:40:00,-3.261631794693187e-05,0.0004413370625115931
2026-05-04 07:45:00,-0.0005244608890890845,0.0008525408338755369
2026-05-04 07:50:00,-0.00035670242044183453,-0.0001997717481572181
2026-05-04 07:55:00,-0.0002674939422053768,-0.0002515236847102642
2026-05-04 08:00:00,0.000561445672030203,-0.00022342668671626598
2026-05-04 08:05:00,-0.0009097320182736013,-0.000388360524084419
2026-05-04 08:10:00,-0.0007071374393206042,-0.0004591211036313325
2026-05-04 08:15:00,-0.0014630293843858055,-0.0003327484882902354
2026-05-04 08:20:00,-0.001322545449641055,-0.0003703421098180115
2026-05-04 08:25:00,-0.0019128629486839799,-0.00045744742965325713
2026-05-04 08:30:00,0.00021784831308302444,-0.00034772002254612744
2026-05-04 08:35:00,0.0003967293856295129,-0.00033759672078303993
2026-05-04 08:40:00,0.0005777303642453546,-0.0004179186944384128
2026-05-04 08:45:00,-0.0005665043565361572,-0.0005162461893633008
2026-05-04 08:50:00,0.0006579621277342795,-0.00018707697745412588
2026-05-04 08:55:00,0.0007777735807454889,-0.0005561015568673611
2026-05-04 09:00:00,3.4871075101250426e-05,-0.0004973476752638817
2026-05-04 09:05:00,-0.0007429623184904699,-0.0005063394200988114
2026-05-04 09:10:00,-0.0012224873798700742,-0.0005318315234035254
2026-05-04 09:15:00,-0.0004926666882578701,-0.0007068382692523301
2026-05-04 09:20:00,-0.0005603102128510784,-0.0008709359099157155
2026-05-04 09:25:00,0.0004054823005841257,-0.0006205621757544577
2026-05-04 09:30:00,0.0003357372734793529,-0.0004348838119767606
2026-05-04 09:35:00,-0.0006981016283127417,-0.00045758121996186674
2026-05-04 09:40:00,-0.0020399777113428996,-0.0005162172601558268
2026-05-04 09:45:00,-0.002798346393550588,-0.0003915429988410324
2026-05-04 09:50:00,-0.000790315403163433,-0.0009620172786526382
2026-05-04 09:55:00,0.00033628272522356895,-0.0007909781415946782
2026-05-04 10:00:00,0.000271009226899821,-0.0006755791255272925
2026-05-04 10:05:00,-0.00022498293610162534,-0.0001417445600964129
2026-05-04 10:10:00,-0.001133768393630774,0.000213169158087112
2026-05-04 10:15:00,0.0003539498214770731,-2.0678584405686706e-05
2026-05-04 10:20:00,0.0003298120647183822,-0.00039487556205131114
2026-05-04 10:25:00,0.0007144894162944837,-0.0010963815730065107
2026-05-04 10:30:00,-0.0001398170583453151,-0.0006588447722606361
2026-05-04 10:35:00,-0.0003057823465102416,-0.00043932453263550997
2026-05-04 10:40:00,-0.00042601022413357725,-0.0006942219333723187
2026-05-04 10:45:00,0.0008233284114815831,-0.0008928761235438287
2026-05-04 10:50:00,0.0005503409195064535,4.986095518688671e-05
2026-05-04 10:55:00,0.0017007716518762095,-0.0001544920087326318
2026-05-04 11:00:00,0.0004168653748912732,-0.00017508638848084956
2026-05-04 11:05:00,0.00013535492483462974,-5.487965972861275e-05
2026-05-04 11:10:00,-0.0005826088164919696,-4.280906796338968e-05
2026-05-04 11:15:00,-3.9278326225300475e-05,3.9955993997864425e-05
2026-05-04 11:20:00,0.0006721368968118924,-3.076147913816385e-05
2026-05-04 11:25:00,-1.3096233304921157e-05,-1.3127116289979313e-05
2026-05-04 11:30:00,-0.00013312135777177048,-0.000124631158541888
2026-05-04 11:35:00,-0.0010149260466345567,3.204257882316597e-05
2026-05-04 11:40:00,-0.0012252561520700311,3.518582525430247e-05
2026-05-04 11:45:00,-0.004942376467415244,1.9893725038855337e-05
2026-05-04 11:50:00,-0.006775037254197258,-0.0006473871762864292
2026-05-04 11:55:00,-0.007383231609196628,-0.0005705304793082178
2026-05-04 12:00:00,-0.004594485037248575,-0.0005645167548209429
2026-05-04 12:05:00,-0.002602115741126454,-0.0006530650425702333
2026-05-04 12:10:00,0.0006360574338781788,-0.00035675926483236253
2026-05-04 12:15:00,0.004302736794167927,-0.00024558117729611695
2026-05-04 12:20:00,0.0054518210633585085,0.0006335898651741445
2026-05-04 12:25:00,0.0029592742709354525,0.0010855396976694465
2026-05-04 12:30:00,0.0018214841469728071,0.0016313589876517653
2026-05-04 12:35:00,0.00010522646718413853,0.0017386525869369507
2026-05-04 12:40:00,0.0011006262840851377,0.001448541646823287
2026-05-04 12:45:00,-0.000889504346234915,0.0007569262525066733
2026-05-04 12:50:00,0.0011436234387840472,-0.00021839316468685865
2026-05-04 12:55:00,0.0005082469751496177,-0.0003581461787689477
2026-05-04 13:00:00,0.0013821157328930411,-0.0005898189847357571
2026-05-04 13:05:00,-0.0006308029147241712,-0.0006838226108811796
2026-05-04 13:10:00,-0.0009137153240388329,-0.0008456161594949663
2026-05-04 13:15:00,-0.0025313167918881163,-0.0007089251885190606
2026-05-04 13:20:00,-0.0022965900153995022,-0.000759184593334794
2026-05-04 13:25:00,-0.0017091564681575022,-0.0004456623864825815
2026-05-04 13:30:00,-0.00028970176284204285,-0.0005071745254099369
2026-05-04 13:35:00,0.001169792281304538,-0.0003451623779255897
2026-05-04 13:40:00,0.001421941584506925,-0.000362804566975683
2026-05-04 13:45:00,0.0016164287032758295,-0.00029936921782791615
2026-05-04 13:50:00,0.00039693548784569543,0.00032271508825942874
2026-05-04 13:55:00,0.0006926832325397925,0.0006964532076381147
2026-05-04 14:00:00,0.0022043919433105685,-4.609737061400665e-06
2026-05-04 14:05:00,0.002527040001474745,0.00021501866285689175
2026-05-04 14:10:00,0.001029369985108275,-1.1516288395796437e-05
2026-05-04 14:15:00,-0.001512122982328279,0.00015639916819054633
2026-05-04 14:20:00,-0.0008226671506523786,0.00043438299326226115
2026-05-04 14:25:00,0.00037644093057842554,0.00036323402309790254
2026-05-04 14:30:00,0.0008690389567718171,0.00043180465581826866
2026-05-04 14:35:00,0.0007592408394287986,0.00011635033297352493
2026-05-04 14:40:00,-0.0005099801918664326,-0.00018740171799436212
2026-05-04 14:45:00,-0.0010245386641543064,-0.00034372383379377425
2026-05-04 14:50:00,0.00034988814870295926,0.0003146334202028811
2026-05-04 14:55:00,-0.00032626106210287276,0.00014298477617558092
2026-05-04 15:00:00,-8.761611879393172e-05,0.0003825573658104986
2026-05-04 15:05:00,-0.002500012247859118,-0.0004225783050060272
2026-05-04 15:10:00,-0.00114604151659492,-0.0003071050450671464
2026-05-04 15:15:00,0.0009458480823738569,0.000977460527792573
2026-05-04 15:20:00,0.0009223607390875799,0.0006022356101311743
2026-05-04 15:25:00,0.0009072998809998012,0.0006206011166796088
2026-05-04 15:30:00,-0.0017150089351662956,0.0015671070432290435
2026-05-04 15:35:00,-0.0005081790651981777,0.0015778858214616776
2026-05-04 15:40:00,-0.0002344165066237025,0.0013283932348713279
2026-05-04 15:45:00,-0.0004604647266699402,0.0012453042436391115
2026-05-04 15:50:00,-0.002070430441499127,0.0007969455327838659
2026-05-04 15:55:00,-0.0007255057213448879,0.0003220481157768518
2026-05-04 16:00:00,0.002886459961001009,0.0006313302437774837
2026-05-04 16:05:00,0.004864409782523893,0.0009807770838961005
2026-05-04 16:10:00,0.0021924429761757125,0.000567754206713289
2026-05-04 16:15:00,0.0006012092137677172,0.0006475368281826377
2026-05-04 16:20:00,0.0006836307830191402,6.27567496849224e-05
2026-05-04 16:25:00,0.0008682008341658332,0.0005614266847260296
2026-05-04 16:30:00,-0.0009730466857078568,8.163363236235455e-05
2026-05-04 16:35:00,-0.0019954131802979447,0.0008352248696610332
2026-05-04 16:40:00,-0.002961979181201002,0.0006184845697134733
2026-05-04 16:45:00,-0.0023216400323224917,0.0005438997177407146
2026-05-04 16:50:00,-0.002874440291554592,4.929626447847113e-05
2026-05-04 16:55:00,-0.0029861714250358773,9.699907241156325e-05
2026-05-04 17:00:00,-0.0044017937536402485,0.0008625999325886369
2026-05-04 17:05:00,-0.008084706088391513,5.493279604706913e-05
2026-05-04 17:10:00,-0.0020185151071654417,0.00030078948475420475
2026-05-04 17:15:00,-0.0013443942994957325,0.0015381163684651256
2026-05-04 17:20:00,0.002875685011655804,0.002259904984384775
2026-05-04 17:25:00,-0.0007494500710087948,0.002428375883027911
2026-05-04 17:30:00,-0.0025947168486002425,0.0009480618755333126
2026-05-04 17:35:00,-0.0013197563677067592,0.001206707558594644
2026-05-04 17:40:00,-0.003047665154944923,0.001431223819963634
2026-05-04 17:45:00,1.5477839603761367e-05,0.0006713687325827777
2026-05-04 17:50:00,-0.0040340525626110235,0.0007185729336924851
2026-05-04 17:55:00,-0.0027220302897141835,-3.4116585538868094e-06
2026-05-04 18:00:00,0.0001017055580749826,0.0013507764087989926
2026-05-04 18:05:00,0.0026395756576604867,5.959778718533926e-06
2026-05-04 18:10:00,0.0013098914175628806,0.001261733821593225
2026-05-04 18:15:00,-0.0011171171137203117,6.636075340793468e-06
2026-05-04 18:20:00,-0.001795127961571552,-0.00023297045845538378
2026-05-04 18:25:00,-0.0004851911559988764,0.0013557435013353825
2026-05-04 18:30:00,-0.0018409867214259634,0.000963427301030606
2026-05-04 18:35:00,-0.0009619733162544719,0.0007966135744936764
2026-05-04 18:40:00,-4.875367869594527e-05,0.0012231530854478478
2026-05-04 18:45:00,0.002608724091194503,0.00037815881660208106
2026-05-04 18:50:00,0.0033407640434468533,0.0016285193851217628
2026-05-04 18:55:00,0.0022225232120316463,0.0015875090612098575
2026-05-04 19:00:00,0.0018604779855433407,0.0013999172952026129
2026-05-04 19:05:00,0.0003601975158797899,0.0015798888634890318
2026-05-04 19:10:00,0.00036699357509917263,0.0011841790983453393
2026-05-04 19:15:00,-0.0009275967298147947,0.001271630171686411
2026-05-04 19:20:00,-0.00020770543025605548,0.0008187700877897441
2026-05-04 19:25:00,0.0005590746466062058,0.0010219686664640903
2026-05-04 19:30:00,-0.0007449086284125883,0.0006309300079010427
2026-05-04 19:35:00,-0.0005106083976702536,0.00013256292731966823
2026-05-04 19:40:00,-0.000873000580350336,0.00046248736907728016
2026-05-04 19:45:00,0.00024099555601431177,0.000502257898915559
2026-05-04 19:50:00,-0.0007630827585138888,0.0003792235511355102
2026-05-04 19:55:00,-0.0005396522912466395,0.00036445489968173206
2026-05-04 20:00:00,-0.0012121991171820667,0.0015134185086935759
2026-05-04 20:05:00,-0.0012066373150343424,0.0005057362141087651
2026-05-04 20:10:00,-0.001667240881769061,0.0011140921851620078
2026-05-04 20:15:00,-0.0007904902447322115,0.0014465376734733582
2026-05-04 20:20:00,0.00021708070835835258,0.0014050620375201106
2026-05-04 20:25:00,-0.00011302126917200894,0.0027447580359876156
2026-05-04 20:30:00,0.00023034738259042342,0.0022449425887316465
2026-05-04 20:35:00,-0.00041426627279683714,0.002195789245888591
2026-05-04 20:40:00,0.0009635950146904548,0.0016351781086996198
2026-05-04 20:45:00,-0.0007665534935625828,0.001596638816408813
2026-05-04 20:50:00,0.0010807196695310495,-0.00014065556752029806
2026-05-04 20:55:00,0.0005533703716196214,0.00017241609748452902
2026-05-04 21:00:00,0.0019772194523000053,-6.406856118701398e-05
2026-05-04 21:05:00,0.0016078436137281216,-9.271487942896783e-05
2026-05-04 21:10:00,0.000840536931359992,0.00010725286847446114
2026-05-04 21:15:00,0.0005395687561389195,-0.00016963004600256681
2026-05-04 21:20:00,-0.00017901284409660434,-6.220300565473735e-05
2026-05-04 21:25:00,-0.000367095022022923,-0.0005909649189561605
2026-05-04 21:30:00,-0.0007010537101841408,-0.0005087016616016626
2026-05-04 21:35:00,-0.0009331535515606504,-0.0004288545169401914
2026-05-04 21:40:00,-0.0008541278568845456,-0.00048674357822164893
2026-05-04 21:45:00,-0.0009406703356624746,-0.0005678539164364338
2026-05-04 21:50:00,-0.00139914966936594,-9.751504694577307e-05
2026-05-04 21:55:00,-0.0005801607340778503,-0.00019229916506446898
2026-05-04 22:00:00,-0.0006534565312907858,-8.025840361369774e-05
2026-05-04 22:05:00,-0.00019497366809417827,-0.00025470569380559027
2026-05-04 22:10:00,0.00013510565393382024,-0.000586283509619534
2026-05-04 22:15:00,0.0009390711859289524,-0.0003767390735447407
2026-05-04 22:20:00,0.0009213589809871081,-0.0005539535777643323
2026-05-04 22:25:00,0.0008456566518315611,-0.0004631430783774704
2026-05-04 22:30:00,0.000854142977036787,-0.0005022439290769398
2026-05-04 22:35:00,0.0009448397960429844,-0.0006084704655222595
2026-05-04 22:40:00,0.0006193991583955949,-0.0006591289420612156
2026-05-04 22:45:00,0.0003273018415619333,-0.0006495348061434925
2026-05-04 22:50:00,-0.00012607453676061198,-0.00046320611727423966
2026-05-04 22:55:00,0.00016363427334198377,-0.0004616935329977423
2026-05-04 23:00:00,-0.00029191269364048367,-0.00022556456679012626
2026-05-05 00:00:00,-5.5300864366003566e-05,-0.00014942976122256368
2026-05-05 00:05:00,-0.0005883237808248509,-9.965214121621102e-05
2026-05-05 00:10:00,-0.00029642279841191055,-8.238243754021823e-05
2026-05-05 00:15:00,0.00016146995200827519,-9.253137250198051e-05
2026-05-05 00:20:00,-3.0973999542993624e-05,-7.115235348464921e-05
2026-05-05 00:25:00,-0.00013718058517930842,-9.474887338001281e-05
2026-05-05 00:30:00,-0.0006571022030321672,-9.974552813218907e-05
2026-05-05 00:35:00,-0.0006905267532566484,-0.00013677281094715
2026-05-05 00:40:00,-0.0003806640420247476,-8.041834371397272e-05
2026-05-05 00:45:00,-4.6478120433235404e-05,6.576927989954129e-05
2026-05-05 00:50:00,0.0006440639550149285,7.568424189230427e-05
2026-05-05 00:55:00,0.0006373091607603243,3.747417940758169e-05
2026-05-05 01:00:00,0.0003983138101588679,1.202282146550715e-05
2026-05-05 01:05:00,0.0004291456307399244,-1.2559320566651877e-05
2026-05-05 01:10:00,0.00011723835123156334,-0.00015896956028882414
2026-05-05 01:15:00,0.00028314888290026374,-0.00018848826584871858
2026-05-05 01:20:00,-0.0002123377062250853,-0.0002115844690706581
2026-05-05 01:25:00,-0.0005088698332293973,-0.00023755969596095383
2026-05-05 01:30:00,-0.00030306080582853667,-0.00017677529831416905
2026-05-05 01:35:00,-0.00030973999787420325,-9.635384776629508e-05
2026-05-05 01:40:00,0.0001748149234437335,-4.130600791540928e-05
2026-05-05 01:45:00,0.0006635171961679731,-3.585479362300248e-06
2026-05-05 01:50:00,0.0015875089839969547,-7.072360313031822e-05
2026-05-05 01:55:00,0.0017000847504622385,-0.00025072606513276696
2026-05-05 02:00:00,0.00015033604556080604,-0.0002611898526083678
2026-05-05 02:05:00,-0.0014790890713562987,-0.00026854066527448595
2026-05-05 02:10:00,-0.0022268350453842345,-0.00046178573393262923
2026-05-05 02:15:00,-0.0012011083492069474,-0.0004804737400263548
2026-05-05 02:20:00,0.00029201149670932125,-0.00045629224041476846
2026-05-05 02:25:00,0.0016501471401788592,-0.00021962566825095564
2026-05-05 02:30:00,0.001925941426256017,-2.6777697712532245e-05
2026-05-05 02:35:00,0.0017259920725631872,-0.0002014359342865646
2026-05-05 02:40:00,0.001113305438975587,-0.00046391578507609665
2026-05-05 02:45:00,0.0017259916042995371,2.2945547243580222e-05
2026-05-05 02:50:00,0.0013063243836590743,-0.0002056616503978148
2026-05-05 02:55:00,0.002046659235624304,-8.135384996421635e-05
2026-05-05 03:00:00,0.0005158946366581318,0.00017064249550458044
2026-05-05 03:05:00,0.0006899858639268786,0.0002446166763547808
2026-05-05 03:10:00,-0.00015864272370080812,0.00012352620251476765
2026-05-05 03:15:00,-0.00045855986553000605,0.00019722538127098233
2026-05-05 03:20:00,-6.390839505066026e-05,0.00011911852197954431
2026-05-05 03:25:00,-0.0002776853402188806,0.0002544183807913214
2026-05-05 03:30:00,0.0009499554940646249,0.00018753194308374077
2026-05-05 03:35:00,0.00010357362055302133,-8.631870878161862e-05
2026-05-05 03:40:00,0.0010596383461436432,4.571090539684519e-05
2026-05-05 03:45:00,9.913127963478985e-05,-0.0003797306853812188
2026-05-05 03:50:00,0.0001718644654609136,-0.000412992958445102
2026-05-05 03:55:00,-0.0006783917091119918,-0.000550595112144947
2026-05-05 04:00:00,-0.0008109621363754371,-0.0005536527023650706
2026-05-05 04:05:00,-0.00010575925237965578,-0.0005304035730659962
2026-05-05 04:10:00,0.0007070150056147639,-0.00045070817577652633
2026-05-05 04:15:00,0.001240417494484447,-0.0002775730099529028
2026-05-05 04:20:00,0.000903000224338868,-0.00029021594673395157
2026-05-05 04:25:00,0.00060970176027908,-0.0004415505682118237
2026-05-05 04:30:00,0.0005305080784765437,-0.00047845017979852855
2026-05-05 04:35:00,-0.00016952566978467587,-0.0005401912494562566
2026-05-05 04:40:00,-0.0011845264380667686,-0.0004783921758644283
2026-05-05 04:45:00,-0.0006273947145825076,5.4952644859440625e-05
2026-05-05 04:50:00,-0.00018937433858035035,7.355086381721776e-06
2026-05-05 04:55:00,0.0007157274243034806,0.0001044147793436423
2026-05-05 05:00:00,-0.0001189191571349113,0.00015529400843661278
2026-05-05 05:05:00,-0.0005374899350041318,0.0001646685996092856
2026-05-05 05:10:00,-0.0010131802389139466,0.00012493747635744512
2026-05-05 05:15:00,-0.0004934453378115933,5.2716583013534546e-05
2026-05-05 05:20:00,4.186409812589886e-05,-4.804636773769744e-05
2026-05-05 05:25:00,-0.0003614691556297345,-0.0001250012865057215
2026-05-05 05:30:00,-0.0003966950943379288,-8.929702744353563e-05
2026-05-05 05:35:00,-0.0006964939746101351,6.412447692127898e-05
2026-05-05 05:40:00,-0.0003219056844141477,-3.405400275369175e-05
2026-05-05 05:45:00,-0.00031526442237606034,-0.0005186249036341906
2026-05-05 05:50:00,-0.0003616628591807114,-0.0005149123026058078
2026-05-05 05:55:00,-0.0003639222922711127,-0.00045146411866880953
2026-05-05 06:00:00,-0.0009287335588492596,-0.00042730255518108606
2026-05-05 06:05:00,-0.0006552957283947336,-0.0004794278647750616
2026-05-05 06:10:00,-0.0007547336722311115,-0.00044494803296402097
2026-05-05 06:15:00,0.0004920494399325293,-0.00047419584007002413
2026-05-05 06:20:00,0.00024495876098384883,-0.0004166982544120401
2026-05-05 06:25:00,0.00044805389756419345,-0.00036535467370413244
2026-05-05 06:30:00,0.00031099156934288885,-0.0003813668736256659
2026-05-05 06:35:00,0.0006419044709229382,-0.0003909134247805923
2026-05-05 06:40:00,0.0004015328902760018,-0.00044076319318264723
2026-05-05 06:45:00,0.00047402090768500216,-0.0004617224039975554
2026-05-05 06:50:00,0.001971663764113174,-0.0005866354913450778
2026-05-05 06:55:00,0.00144154177330158,-0.00060899747768417
2026-05-05 07:00:00,1.5429462559168883e-05,-0.0005732200224883854
2026-05-05 07:05:00,-0.0009445917325070496,-0.00032308095251210034
2026-05-05 07:10:00,5.0658617096743797e-05,-0.0005332397413440049
2026-05-05 07:15:00,0.002298532725770741,-0.0007303805905394256
2026-05-05 07:20:00,0.0020246040233686813,-0.0005527265602722764
2026-05-05 07:25:00,0.0012436347870377062,-0.000677208648994565
2026-05-05 07:30:00,0.00013193917622977835,-0.0006619385094381869
2026-05-05 07:35:00,-0.0006729460555643385,-0.0006370180053636432
2026-05-05 07:40:00,4.39950109587528e-06,-0.0007740155560895801
2026-05-05 07:45:00,-0.0008997306914633185,-0.000719708448741585
2026-05-05 07:50:00,-0.0004026646331141137,-0.0008918377570807934
2026-05-05 07:55:00,-0.00047965958291484867,-0.0011998431291431189
2026-05-05 08:00:00,-0.0010877967465461325,-0.0013653200585395098
2026-05-05 08:05:00,-0.0018724287119038507,-0.0009551342227496207
2026-05-05 08:10:00,-0.0015130945002699292,-0.0008535220986232162
2026-05-05 08:15:00,0.0009689453788457314,-0.0007816058932803571
2026-05-05 08:20:00,0.002798534963538657,-0.0007786882924847305
2026-05-05 08:25:00,0.002104934821868909,-0.0006474808324128389
2026-05-05 08:30:00,0.0012076645260670205,-0.0006299599190242589
2026-05-05 08:35:00,0.0004945984456128372,-0.00044705887557938695
2026-05-05 08:40:00,0.0003298704298888566,-0.000494113948661834
2026-05-05 08:45:00,0.0009316982411373687,9.707351273391396e-05
2026-05-05 08:50:00,0.0005031402428290477,0.000449782790383324
2026-05-05 08:55:00,0.0012700841984365496,0.00034992824657820165
2026-05-05 09:00:00,0.00047430518474733674,0.00041141360998153687
2026-05-05 09:05:00,-0.00030976382404013236,0.00014240814198274165
2026-05-05 09:10:00,-0.0010436361667434113,-0.00016105473332572728
2026-05-05 09:15:00,-0.0005116443107748836,0.00015050781075842679
2026-05-05 09:20:00,0.0005557489958878392,-9.809184120967984e-05
2026-05-05 09:25:00,0.000516461393903711,-0.00026071537286043167
2026-05-05 09:30:00,-0.0015541043454412318,0.00024092791136354208
2026-05-05 09:35:00,-0.0018353650219005146,2.2394637198885903e-05
2026-05-05 09:40:00,-0.0012399557491100666,-0.0001342049945378676
2026-05-05 09:45:00,0.0010136291095577121,-0.0007009928813204169
2026-05-05 09:50:00,0.000571852134626738,-0.000739440496545285
2026-05-05 09:55:00,0.0012113925128502956,-0.00038972453330643475
2026-05-05 10:00:00,0.0001450342261346549,-0.0001631790801184252
2026-05-05 10:05:00,0.0008813313288129621,-0.00016166882414836437
2026-05-05 10:10:00,1.538030551984093e-05,-0.0004395097494125366
2026-05-05 10:15:00,0.00011205749659914943,-0.00013411858526524156
2026-05-05 10:20:00,-0.00038232767705181914,-0.0002339806960662827
2026-05-05 10:25:00,-0.00028347505444692445,-0.00016357556160073727
2026-05-05 10:30:00,0.00011643860458221411,-0.00021077925339341164
2026-05-05 10:35:00,0.001497713083653096,-0.0004447215178515762
2026-05-05 10:40:00,0.0019563183114819083,-0.000321244791848585
2026-05-05 10:45:00,0.0007115187271473644,-0.0003277407377026975
2026-05-05 10:50:00,0.0005791582185175059,-0.0004627847811207175
2026-05-05 10:55:00,-0.00026764246636545863,-0.001169042312540114
2026-05-05 11:00:00,-0.00019320192735072794,-0.0009236522018909454
2026-05-05 11:05:00,-0.0010400919027109268,-0.0007252322975546122
2026-05-05 11:10:00,-0.0011459683807739651,-0.0006418598350137472
2026-05-05 11:15:00,-0.00016249415386226929,-0.0005034118075855076
2026-05-05 11:20:00,-0.00011416878550107867,0.00015275488840416074
2026-05-05 11:25:00,0.0006960799126041195,-0.000287022499833256
2026-05-05 11:30:00,8.564210170902697e-05,-0.0003538209421094507
2026-05-05 11:35:00,-4.1718769390186594e-05,-0.0003425816248636693
2026-05-05 11:40:00,0.00023484508563065276,-0.00027123955078423023
2026-05-05 11:45:00,0.00038200619578177,-3.838717384496704e-05
2026-05-05 11:50:00,-0.00043046365552967814,1.633097963349428e-05
2026-05-05 11:55:00,-0.0008254937513907379,0.00010501028737053275
2026-05-05 12:00:00,-0.0007202254089779814,7.430383266182616e-05
2026-05-05 12:05:00,4.393335311192459e-05,0.00012641890498343855
2026-05-05 12:10:00,-0.0010658065043003262,8.218000584747642e-05
2026-05-05 12:15:00,7.028873296555105e-05,-5.850456727785058e-05
2026-05-05 12:20:00,-0.00038008738073180837,-0.00016083054651971906
2026-05-05 12:25:00,-0.0006224287899403436,-0.00028803388704545796
2026-05-05 12:30:00,-0.0018577211221018075,-0.00025080100749619305
2026-05-05 12:35:00,-0.002100774099162095,-0.00037451821845024824
2026-05-05 12:40:00,-0.0003300664123582209,-0.00015402813733089715
2026-05-05 12:45:00,-0.0002464897235068264,-9.318300726590678e-05
2026-05-05 12:50:00,0.0019689181384219268,-0.0003758587990887463
2026-05-05 12:55:00,0.001963390985926239,-0.0011043738340958953
2026-05-05 13:00:00,0.0015351695330139137,-0.0010997765930369496
2026-05-05 13:05:00,0.0009489750903277638,-0.0009319796808995306
2026-05-05 13:10:00,0.0007926183716175927,-0.0013464527437463403
2026-05-05 13:15:00,0.0015064840946052982,-0.000978203839622438
2026-05-05 13:20:00,0.0005597365213976246,-0.0004215914523229003
2026-05-05 13:25:00,0.0015680154443931116,0.0007205220172181726
2026-05-05 13:30:00,0.0011513904035442835,-0.0005309020634740591
2026-05-05 13:35:00,0.0009563144897608566,0.0002619054866954684
2026-05-05 13:40:00,-7.889027681429184e-05,9.711743769003078e-05
2026-05-05 13:45:00,-0.0011053093249753232,-0.00014044216368347406
2026-05-05 13:50:00,-0.0006864359005742671,-0.00011264402564847842
2026-05-05 13:55:00,0.0005039141086449206,-0.00020041113020852208
2026-05-05 14:00:00,0.0011272277096789907,-0.0002320966887054965
2026-05-05 14:05:00,0.002957305270101074,-0.00012839490955229849
2026-05-05 14:10:00,0.0018119911469565153,-0.00025815877597779036
2026-05-05 14:15:00,0.0015768625024144,-0.0002631150418892503
2026-05-05 14:20:00,-0.0003369102734804841,-0.00017593671509530395
2026-05-05 14:25:00,-0.0013849584374270307,-0.00042192969704046845
2026-05-05 14:30:00,-0.0013533224154862467,-0.0003253566683270037
2026-05-05 14:35:00,-0.0015153110600429898,-3.655165710370056e-05
2026-05-05 14:40:00,-0.0005299858210499053,-0.0005268529639579356
2026-05-05 14:45:00,0.0023682067423624886,-0.00018870517669711262
2026-05-05 14:50:00,0.002853530990185149,0.00013347297499421984
2026-05-05 14:55:00,0.002963872481220875,0.0008350694552063942
2026-05-05 15:00:00,0.0014942036862706232,0.0006497445865534246
2026-05-05 15:05:00,7.210805723367741e-05,0.0006158183678053319
2026-05-05 15:10:00,-0.0003866642393575148,0.00024810657487250865
2026-05-05 15:15:00,-8.295276936109985e-05,0.00020837265765294433
2026-05-05 15:20:00,-0.0003780788612637309,7.7995122410357e-05
2026-05-05 15:25:00,-0.0005682526166861379,0.00012997345766052604
2026-05-05 15:30:00,-0.000982859019204696,-0.00020746463269460946
2026-05-05 15:35:00,0.001160008038228355,-0.00021151200053282082
2026-05-05 15:40:00,0.0017190673216980201,0.00011650769738480449
2026-05-05 15:45:00,0.0006662654757239039,0.0015326415887102485
2026-05-05 15:50:00,0.0007900446065924882,0.001241998397745192
2026-05-05 15:55:00,-0.001915845409126149,0.0006580850458703935
2026-05-05 16:00:00,-0.0019694964041772067,0.0005992019432596862
2026-05-05 16:05:00,-0.0009581733018606542,0.0003729872405529022
2026-05-05 16:10:00,0.0024569473502218386,-4.6877878048690036e-05
2026-05-05 16:15:00,0.0025087370921461627,0.0004991583409719169
2026-05-05 16:20:00,0.0003558753862389352,0.0007260696729645133
2026-05-05 16:25:00,-0.00048654210257836894,-6.0910861066076905e-06
2026-05-05 16:30:00,-0.0008843326321859024,0.00015027372865006328
2026-05-05 16:35:00,-0.0005524252810626962,0.00019208237063139677
2026-05-05 16:40:00,9.383595953593726e-05,0.0012153380084782839
2026-05-05 16:45:00,0.0013098436609784159,-7.489241397706792e-06
2026-05-05 16:50:00,0.0004432745175542152,2.8763139198417775e-05
2026-05-05 16:55:00,-0.0003317386628189922,0.00014245975762605667
2026-05-05 17:00:00,-0.0011132577031354174,0.00015917721611913294
2026-05-05 17:05:00,-0.0008233805586073117,-0.00022939537302590907
2026-05-05 17:10:00,-0.0003711539217903237,0.00014263986668083817
2026-05-05 17:15:00,-0.0001703722638080052,-7.875133451307192e-05
2026-05-05 17:20:00,-0.00013984547098289113,0.0003929105296265334
2026-05-05 17:25:00,-0.0013744685386019029,0.0005090442136861384
2026-05-05 17:30:00,-0.0007714068504522942,0.0002833039325196296
2026-05-05 17:35:00,-0.0011916646120369023,0.0004110595618840307
2026-05-05 17:40:00,-0.0009976176145549687,0.00016096192121040076
2026-05-05 17:45:00,-0.0015664965539645692,-0.00048593382234685123
2026-05-05 17:50:00,-0.0013749107269944716,-0.0006629464332945645
2026-05-05 17:55:00,-0.0005254619259549287,-0.0006594120059162378
2026-05-05 18:00:00,-0.0005804015008070706,-0.0003430090146139264
2026-05-05 18:05:00,-0.0005741685671161179,-0.0006374281947501004
2026-05-05 18:10:00,-0.0013214427341949886,-0.0005952146602794528
2026-05-05 18:15:00,-0.0014075029673463746,-0.0006110331160016358
2026-05-05 18:20:00,-0.0012546750349020641,-0.00034172480809502304
2026-05-05 18:25:00,-0.000732695584614973,-0.0010420490289106965
2026-05-05 18:30:00,1.3163408357996786e-05,-0.0014632191741839051
2026-05-05 18:35:00,0.0008929110698829845,-0.0017784275114536285
2026-05-05 18:40:00,0.0010045777122318356,-0.0012134056305512786
2026-05-05 18:45:00,0.0002325249810315455,-0.0005351637373678386
2026-05-05 18:50:00,-0.0011629158459989242,-0.0003435318067204207
2026-05-05 18:55:00,-0.0011384513686198972,-0.0004970655427314341
2026-05-05 19:00:00,0.00044734880795083143,-0.0007143936236388981
2026-05-05 19:05:00,0.0010094006773027075,-0.00027372370823286474
2026-05-05 19:10:00,0.0005902261790726726,3.0357296054717153e-05
2026-05-05 19:15:00,0.0,8.537846588296816e-05
2026-05-05 19:20:00,0.000328932223192524,-0.0003004023456014693
2026-05-05 19:25:00,0.000355284198196415,8.155074465321377e-05
2026-05-05 19:30:00,0.00018195230488338154,7.905605889391154e-05
2026-05-05 19:35:00,-0.0004583418850110377,-0.00016080672503449023
2026-05-05 19:40:00,-0.00019736452633978274,-0.0001302584569202736
2026-05-05 19:45:00,-0.00045384635558676223,-0.0007625079015269876
2026-05-05 19:50:00,0.00045395683365079265,-0.0008130777860060334
2026-05-05 19:55:00,0.0010565426613844409,-0.0006321940454654396
2026-05-05 20:00:00,0.0005941243253815287,-0.0005640174495056272
2026-05-05 20:05:00,0.00023018920558115497,-0.0005728582036681473
2026-05-05 20:10:00,-0.0004952523806505127,-0.0004099512589164078
2026-05-05 20:15:00,-0.0008134475824217446,-0.000661752128507942
2026-05-05 20:20:00,-0.0004999068260271855,-0.0006126236403360963
2026-05-05 20:25:00,-0.00011179442113551374,-0.0002343360974919051
2026-05-05 20:30:00,0.00087042988723951,-0.00044059561332687736
2026-05-05 20:35:00,0.00038810725842175486,-0.0002716653107199818
2026-05-05 20:40:00,-5.261346423601765e-05,-0.00029360243934206665
2026-05-05 20:45:00,-0.0008945583824448988,-4.1360414115843014e-07
2026-05-05 20:50:00,-0.0007829471450104819,-0.00020245967607479542
2026-05-05 20:55:00,-0.000927766944831987,-0.00016019470058381557
2026-05-05 21:00:00,-0.00012723260330638198,-9.758910891832784e-05
2026-05-05 21:05:00,-0.00015139663423724414,-0.00011783529043896124
2026-05-05 21:10:00,-0.000129473274373737,-0.00011548167822184041
2026-05-05 21:15:00,-0.0003576541873240302,-8.084773435257375e-05
2026-05-05 21:20:00,-5.485951029449154e-05,-3.059900336666033e-05
2026-05-05 21:25:00,-0.00019753389965515566,-0.00016605954442638904
2026-05-05 21:30:00,0.0003839795024056514,-4.823601557291113e-05
2026-05-05 21:35:00,-0.000395077341527994,-0.00023930329189170152
2026-05-05 21:40:00,-1.3170314112187498e-05,-0.00022187891590874642
2026-05-05 21:45:00,-0.0008383628275510091,-0.00027709585265256464
2026-05-05 21:50:00,0.00016902441126021017,-0.0002869653981178999
2026-05-05 21:55:00,0.00018656327457300392,-0.0002398937358520925
2026-05-05 22:00:00,0.0004236585945864846,-5.682279515895061e-05
2026-05-05 22:05:00,0.00010535141290368699,-0.00023747076920699328
2026-05-05 22:10:00,0.0006516008879078328,-0.00021354643104132265
2026-05-05 22:15:00,0.0002918468329564661,-0.00032215946703217924
2026-05-05 22:20:00,-7.242790408845678e-05,-0.0003426629409659654
2026-05-05 22:25:00,-0.0008206037822091616,-9.611203131498769e-05
2026-05-05 22:30:00,-0.00037085761796973316,-0.00022820020967628807
2026-05-05 22:35:00,-0.00024365963723127493,-0.00024764085537754
2026-05-05 22:40:00,0.0002567853343595772,-0.00011883689876412973
2026-05-05 22:45:00,0.0008819329381246632,-0.00020657925051636994
2026-05-05 22:50:00,-0.0005248381412084058,-0.0006055726553313434
2026-05-05 22:55:00,-0.0010341273908149873,-0.00039160391315817833
2026-05-05 23:00:00,-0.0020832266143830935,-0.0005092184292152524
2026-05-06 00:00:00,-0.000760295892792584,-0.0005791608127765357
2026-05-06 00:05:00,-0.000522959700077763,-0.000609929789789021
2026-05-06 00:10:00,-0.0008639784213073654,-9.165186929749325e-05
2026-05-06 00:15:00,2.4180155348219046e-05,-0.00029864319367334247
2026-05-06 00:20:00,8.79115083325388e-05,-0.0003954862186219543
2026-05-06 00:25:00,0.00041119732663474906,-0.000488449411932379
2026-05-06 00:30:00,-0.0003077910738511491,-0.00041690762736834586
2026-05-06 00:35:00,0.0021229123254435933,-0.00041008496191352606
2026-05-06 00:40:00,0.005428635501035117,-1.2384136425680481e-05
2026-05-06 00:45:00,0.006100741122027742,-7.799113518558443e-05
2026-05-06 00:50:00,0.004308781007043905,0.00021170101535972208
2026-05-06 00:55:00,0.003466245806274415,0.0002774545573629439
2026-05-06 01:00:00,0.0022441455363413354,7.300750439753756e-05
2026-05-06 01:05:00,0.0010999300558349745,0.0005128380726091564
2026-05-06 01:10:00,-0.001530826159873655,0.00042998354183509946
2026-05-06 01:15:00,-0.00034022730128668854,0.00010075545287691057
2026-05-06 01:20:00,0.00047320865786204536,-5.776180842076428e-05
2026-05-06 01:25:00,0.0007090071470408077,0.0002976219984702766
2026-05-06 01:30:00,0.002013506861334946,0.00044872084981761873
2026-05-06 01:35:00,0.0011678884338177653,0.0008961413404904306
2026-05-06 01:40:00,0.0021131294148517554,0.0011471299221739173
2026-05-06 01:45:00,0.0005114471781126895,0.0011308412067592144
2026-05-06 01:50:00,0.0001241168921417568,0.0004095965705346316
2026-05-06 01:55:00,-0.0007554210525206884,0.0003933389380108565
2026-05-06 02:00:00,0.00014576894777285077,-0.0002184801851399243
2026-05-06 02:05:00,0.002168469317213706,-0.0006473366520367563
2026-05-06 02:10:00,0.0023297382676634726,-0.00031294734799303114
2026-05-06 02:15:00,0.0026896454065923336,-0.000804149720352143
2026-05-06 02:20:00,0.0012202776016962957,-0.0002291401324328035
2026-05-06 02:25:00,0.001725854481914979,4.928655835101381e-05
2026-05-06 02:30:00,0.00024297171885301339,9.900982695398852e-05
2026-05-06 02:35:00,0.0005813877976876825,-0.00011326555977575481
2026-05-06 02:40:00,0.0020844174646974523,-7.55967921577394e-05
2026-05-06 02:45:00,0.001112143396841958,2.6506599169806577e-05
2026-05-06 02:50:00,0.0004076375724810788,0.0004302692541386932
2026-05-06 02:55:00,-0.001804653808942902,0.00023807852994650602
2026-05-06 03:00:00,0.0005675184649955867,0.0005982714937999845
2026-05-06 03:05:00,0.002377463298065763,0.00021465188183356076
2026-05-06 03:10:00,0.002860371113239779,0.0011645513586699963
2026-05-06 03:15:00,0.0011102779756999581,0.0011308134999126196
2026-05-06 03:20:00,7.569146863417586e-05,0.001243101665750146
2026-05-06 03:25:00,-0.00015352894969744568,0.0010052835568785667
2026-05-06 03:30:00,0.001221395980286033,0.0013978740898892283
2026-05-06 03:35:00,0.00017298756046280062,0.0015516065759584308
2026-05-06 03:40:00,0.000432415610021053,0.0011568210320547223
2026-05-06 03:45:00,-0.0001058673181013603,0.001042182557284832
2026-05-06 03:50:00,0.0017778742565397465,0.000922012550290674
2026-05-06 03:55:00,0.0015832066799390532,0.0009341330151073635
2026-05-06 04:00:00,0.0013516666853270465,0.0009958104928955436
2026-05-06 04:05:00,0.00013812273953917042,4.416036608745344e-05
2026-05-06 04:10:00,-0.00072541525646308,0.00016253750072792172
2026-05-06 04:15:00,-0.0004920888190103057,0.00043896189890801907
2026-05-06 04:20:00,-0.0006886450479761663,0.0005292824935168028
2026-05-06 04:25:00,0.0009282646436474806,0.0006194580928422511
2026-05-06 04:30:00,0.0007725574191539408,0.0004925734247080982
2026-05-06 04:35:00,0.0017821624542531112,0.00045424950076267123
2026-05-06 04:40:00,0.0013024344855754322,0.0008762256475165486
2026-05-06 04:45:00,0.001127552608322091,0.0007436057785525918
2026-05-06 04:50:00,0.0012688785054955076,0.0006219604983925819
2026-05-06 04:55:00,0.001546054639495864,0.00033562019234523177
2026-05-06 05:00:00,0.0018900545303690564,0.000505598378367722
2026-05-06 05:05:00,0.0002561654627619703,0.00045552387018688023
2026-05-06 05:10:00,-0.00046916227418591916,0.0006618529441766441
2026-05-06 05:15:00,-0.0012739951796305604,0.0005402531241998076
2026-05-06 05:20:00,0.001082059115439904,0.0005648111109621823
2026-05-06 05:25:00,0.0004971328878298209,0.0004328574286773801
2026-05-06 05:30:00,0.00015503208333811358,0.00048624572809785604
2026-05-06 05:35:00,-0.0014717149423351117,0.0006434795213863254
2026-05-06 05:40:00,-0.0008566859693814877,0.00016363724716939032
2026-05-06 05:45:00,2.3683340815594534e-05,0.000300609041005373
2026-05-06 05:50:00,0.0003831986802858012,0.0002363769744988531
2026-05-06 05:55:00,0.0009298361833796065,0.0002620756858959794
2026-05-06 06:00:00,0.00026693704964841913,0.0003470701922196895
2026-05-06 06:05:00,0.00012483077912861518,0.00028477146406657994
2026-05-06 06:10:00,0.0009203747520842853,0.00011514855577843264
2026-05-06 06:15:00,0.000882107476368077,5.4050971812102944e-05
2026-05-06 06:20:00,0.000585205505583275,5.617499118670821e-05
2026-05-06 06:25:00,-0.000995676523970701,4.698755219578743e-05
2026-05-06 06:30:00,7.741619163503799e-05,8.974226511782035e-05
2026-05-06 06:35:00,-4.086720203133609e-05,8.633724064566195e-05
2026-05-06 06:40:00,0.00024094571308452828,-0.0005308999679982662
2026-05-06 06:45:00,0.0003289519684539499,-1.4088854186411481e-05
2026-05-06 06:50:00,0.0013906967438490625,-8.48838608362712e-05
2026-05-06 06:55:00,0.00119956159449508,-8.024923590710387e-05
2026-05-06 07:00:00,-8.598674083870606e-06,-0.0002751413849182427
2026-05-06 07:05:00,-0.00034803008878014907,-0.00017763650976121426
2026-05-06 07:10:00,-0.0005630558175742095,-0.00024274757015518844
2026-05-06 07:15:00,-0.001058201156947547,-0.0003216880140826106
2026-05-06 07:20:00,-0.0015310513914599255,-0.00034009123919531703
2026-05-06 07:25:00,-0.00038271504537235046,-0.00010487428517080843
2026-05-06 07:30:00,0.0006066669004027858,-0.0003662541857920587
2026-05-06 07:35:00,0.001380630535109617,-0.0004273383819963783
2026-05-06 07:40:00,0.002746708738690984,-0.00020629023492801934
2026-05-06 07:45:00,0.0019272734410193948,-0.000297150865662843
2026-05-06 07:50:00,0.002208911458749796,-0.00045500069973059
2026-05-06 07:55:00,-0.0005341473665794183,-0.00039227871457114816
2026-05-06 08:00:00,-6.869060680081418e-05,-0.00043906745850108564
2026-05-06 08:05:00,-0.00012008740662139417,-0.00031329947523772717
2026-05-06 08:10:00,0.0012673308088970714,-0.00047987792640924454
2026-05-06 08:15:00,0.001179963922746552,-0.00018472956435289234
2026-05-06 08:20:00,0.0007224512204118128,-0.0008888156153261662
2026-05-06 08:25:00,-0.00040511387147290634,-0.0010688698384910822
2026-05-06 08:30:00,0.0002336821782940035,-0.0013410701649263501
2026-05-06 08:35:00,-0.00037080738910333366,-0.0008809945429675281
2026-05-06 08:40:00,0.0011548916510530916,-0.000456606678199023
2026-05-06 08:45:00,0.0006235997334815835,-0.00029768707463517785
2026-05-06 08:50:00,0.0005336619731775016,-0.0003170710988342762
2026-05-06 08:55:00,-0.0024184430847000726,-0.00027223152574151754
2026-05-06 09:00:00,-0.001565093174505705,-0.0003241290687583387
2026-05-06 09:05:00,-0.0003771773464009698,-0.0003109847311861813
2026-05-06 09:10:00,0.001960074312577831,-0.00021020219719503075
2026-05-06 09:15:00,0.0011344008782039339,-0.00016223746933974326
2026-05-06 09:20:00,-8.359832936832845e-05,-0.00012640796194318682
2026-05-06 09:25:00,0.0005889868205102289,0.00020195850811433047
2026-05-06 09:30:00,0.002019006748225749,-1.1600043308135355e-06
2026-05-06 09:35:00,0.0020343839194829627,-0.0005052959313616157
2026-05-06 09:40:00,0.002369573067376507,0.00010731130896601826
2026-05-06 09:45:00,0.0005281654499444954,0.00010606012074276805
2026-05-06 09:50:00,0.0006608191189396706,0.0004971892340108752
2026-05-06 09:55:00,-0.0004208947600918833,0.0003021505835931748
2026-05-06 10:00:00,0.000179555472435311,0.0003351164923515171
2026-05-06 10:05:00,0.00019025204177403054,-0.0006280113011598587
2026-05-06 10:10:00,-0.0005450762119423302,-0.00015266086847987026
2026-05-06 10:15:00,-0.000560148646451708,-0.0005325519596226513
2026-05-06 10:20:00,-0.0005366464430576201,-0.0001490267604822293
2026-05-06 10:25:00,0.00012614209389205655,0.0001811833935789764
2026-05-06 10:30:00,0.0008144637228291174,2.705479710130021e-05
2026-05-06 10:35:00,0.0046811310787351346,0.00021302280947566032
2026-05-06 10:40:00,0.004981627792490784,0.0005585697363130748
2026-05-06 10:45:00,0.0024991022859151,0.0004995586932636797
2026-05-06 10:50:00,-0.00048331345308127993,0.0003767611051443964
2026-05-06 10:55:00,-0.0011195563810275644,0.00021415976516436785
2026-05-06 11:00:00,0.0018228983160302192,0.0003505416098050773
2026-05-06 11:05:00,0.00011286501462848264,0.00038741837488487363
2026-05-06 11:10:00,0.0009217031938284492,-1.4448665751842782e-05
2026-05-06 11:15:00,0.0007635219787776037,6.360948464134708e-05
2026-05-06 11:20:00,0.001536252230431856,6.812137871747836e-05
2026-05-06 11:25:00,-0.0007066340887398326,0.0002705404767766595
2026-05-06 11:30:00,-0.0005465288642678701,7.350617670454085e-05
2026-05-06 11:35:00,-0.0006337904067432731,3.296692011645064e-05
2026-05-06 11:40:00,0.00112356932304003,-0.000917605182621628
2026-05-06 11:45:00,-0.00024465248300664655,-0.00039690255653113127
2026-05-06 11:50:00,-0.000800255443365927,-0.0006076510762795806
2026-05-06 11:55:00,-0.0008276587412261449,-0.0006087257643230259
2026-05-06 12:00:00,-0.00035964142648126085,-0.0003519467718433589
2026-05-06 12:05:00,0.0010257437008505121,-0.00023499624512623996
2026-05-06 12:10:00,0.0014336066163593841,0.00016148124996107072
2026-05-06 12:15:00,0.002495670013376028,0.00033464058651588857
2026-05-06 12:20:00,0.001940075045329337,0.00037049950333312154
2026-05-06 12:25:00,0.002078691619136208,0.0002588102070149034
2026-05-06 12:30:00,0.00020592272026576097,-0.0002192771789850667
2026-05-06 12:35:00,0.0023493949667177105,-0.000221428184886463
2026-05-06 12:40:00,0.0006064435875270391,0.00045392298488877714
2026-05-06 12:45:00,0.0006069068732816874,-0.0001869623374659568
2026-05-06 12:50:00,-0.000290194909222663,7.076474958012113e-06
2026-05-06 12:55:00,-0.00106894492175158,-9.46323198149912e-05
2026-05-06 13:00:00,-0.00035858226717522257,-0.00014983945584390312
2026-05-06 13:05:00,-0.002127134695907529,0.0001903008669614792
2026-05-06 13:10:00,-0.0013505394654096392,0.00011033609916921705
2026-05-06 13:15:00,0.0002737223390418819,0.000467545265564695
2026-05-06 13:20:00,2.9721972182983336e-05,0.0006726643186993897
2026-05-06 13:25:00,-0.0011885387158567795,0.0007502122316509485
2026-05-06 13:30:00,-0.0032555667658389353,0.0008701367187313735
2026-05-06 13:35:00,-0.0026167925336419984,0.0008931996999308467
2026-05-06 13:40:00,-0.0016714454012518587,0.00011873745097545907
2026-05-06 13:45:00,-0.0025894851593282198,0.0004418188473209739
2026-05-06 13:50:00,-0.0033260305101663334,0.00024271981965284795
2026-05-06 13:55:00,-0.0041320299195461985,6.126681546447799e-05
2026-05-06 14:00:00,-0.003345339048259177,3.4121618227800354e-05
2026-05-06 14:05:00,0.0001793760281554313,0.00022214947966858745
2026-05-06 14:10:00,0.0022336299773701995,-5.561999205383472e-05
2026-05-06 14:15:00,0.002963275537826604,0.0002988117339555174
2026-05-06 14:20:00,-0.0006770994345277614,-6.689017754979432e-05
2026-05-06 14:25:00,-0.00018576743891784986,7.299451681319624e-05
2026-05-06 14:30:00,-0.0006983367270425589,-2.225582647952251e-05
2026-05-06 14:35:00,-0.00055141638462608,-0.00020470689923968166
2026-05-06 14:40:00,-2.5625803477424824e-05,0.0005337413749657571
2026-05-06 14:45:00,0.0003737882629160083,0.00013526562543120235
2026-05-06 14:50:00,-0.0009004452571996779,0.0003796102828346193
2026-05-06 14:55:00,0.00021779840068347767,0.0001967021671589464
2026-05-06 15:00:00,7.68762612892715e-05,0.0003384040610399097
2026-05-06 15:05:00,0.0027245149323444906,1.3733473679167219e-05
2026-05-06 15:10:00,0.00021988555365837215,-0.0002998642739839852
2026-05-06 15:15:00,0.0031532349956790995,-0.0003294891503173858
2026-05-06 15:20:00,0.0019400261059505652,-0.000513788138050586
2026-05-06 15:25:00,0.0024283318598552484,-0.00021607810049317777
2026-05-06 15:30:00,0.0006298810669385091,0.00011251306568738073
2026-05-06 15:35:00,0.0016896568952500246,0.00013560439401771873
2026-05-06 15:40:00,0.001036480146934693,0.0001276036346098408
2026-05-06 15:45:00,0.0010567128287437555,-0.00036455728695727885
2026-05-06 15:50:00,0.0010710484334435222,-2.3001293811830692e-05
2026-05-06 15:55:00,0.002190734984582221,6.812930951127782e-05
2026-05-06 16:00:00,0.0014418755796157257,3.310342435725033e-05
2026-05-06 16:05:00,0.0002038792277492263,0.00017373399168718606
2026-05-06 16:10:00,-0.00133384328004027,-3.348146128701046e-05
2026-05-06 16:15:00,-0.0011784028804502356,0.00015113266999833286
2026-05-06 16:20:00,-0.00012529585234055673,-0.0001816714066080749
2026-05-06 16:25:00,0.0018791869183925058,-7.48104794183746e-05
2026-05-06 16:30:00,-0.00020822267152631468,0.00023307805531658232
2026-05-06 16:35:00,-0.0012793405279047931,-0.00015949380758684129
2026-05-06 16:40:00,-0.002287341512609231,-0.00014062087575439364
2026-05-06 16:45:00,-3.3999655757455116e-05,0.00024667635443620384
2026-05-06 16:50:00,-0.0008062723743904598,-0.0004941445658914745
2026-05-06 16:55:00,-0.0013489449850485613,-0.0005566730396822095
2026-05-06 17:00:00,-0.0008992854157536811,0.0003952794650103897
2026-05-06 17:05:00,6.810090002140612e-05,5.5235646868823096e-05
2026-05-06 17:10:00,-0.00030450897099498775,-0.0005229141097515821
2026-05-06 17:15:00,-0.0014367069322851478,-0.0003971149562858045
2026-05-06 17:20:00,-0.001475848428022175,-0.0001862301432993263
2026-05-06 17:25:00,-0.0005368429927123941,-1.685324423306156e-05
2026-05-06 17:30:00,-0.0003408555934374391,-0.0002182956668548286
2026-05-06 17:35:00,3.196784461323432e-05,-0.00037563403020612895
2026-05-06 17:40:00,-0.0011385491765452116,-0.0009823490399867296
2026-05-06 17:45:00,-0.001345382992056443,-0.0010195364011451602
2026-05-06 17:50:00,-0.0019220170664162595,-0.0008824407705105841
2026-05-06 17:55:00,-0.0009134818162959135,-0.0006495477864518762
2026-05-06 18:00:00,-0.00048657439786126133,-0.0004809684178326279
2026-05-06 18:05:00,7.259605635745459e-05,-0.0006177758332341909
2026-05-06 18:10:00,0.0010883994774530947,-0.0007175733335316181
2026-05-06 18:15:00,0.000618847554923363,-0.000894497730769217
2026-05-06 18:20:00,0.0013186224228647347,-0.000887892150785774
2026-05-06 18:25:00,9.384564531167428e-05,-0.0005747399409301579
2026-05-06 18:30:00,0.00011519139916948973,-0.0003823468287009746
2026-05-06 18:35:00,-0.0011777157092804913,-0.000590946467127651
2026-05-06 18:40:00,-0.0012121394676114505,-0.001493319170549512
2026-05-06 18:45:00,-0.00046297926914640186,-0.0013431990519165993
2026-05-06 18:50:00,0.0004716794971955096,-0.0004559041990432888
2026-05-06 18:55:00,0.0005742421602441539,-0.0001058628477039747
2026-05-06 19:00:00,-0.0008881545118573086,-0.00024541886523365974
2026-05-06 19:05:00,-0.0011059161228779146,-0.00014541104610543698
2026-05-06 19:10:00,-0.0005592948761119487,-0.0005948931211605668
2026-05-06 19:15:00,0.00015163990037869723,-0.00017250451492145658
2026-05-06 19:20:00,-0.00043587043373349843,4.575678030960262e-05
2026-05-06 19:25:00,-0.0003502522278964193,-0.000161786621902138
2026-05-06 19:30:00,-0.00030330279890478096,-0.0002904420834966004
2026-05-06 19:35:00,0.0005255848855103551,-0.00018411126802675426
2026-05-06 19:40:00,0.000704650938690321,-0.0001251997018698603
2026-05-06 19:45:00,0.00037164002606360214,-6.0965048760408536e-05
2026-05-06 19:50:00,0.0007942625626000677,-0.00014232592366170138
2026-05-06 19:55:00,0.0004886933738461607,-2.20640649786219e-05
2026-05-06 20:00:00,0.0012847245478404545,1.7387799744028598e-05
2026-05-06 20:05:00,0.0004907609026076898,-5.3060131904203445e-05
2026-05-06 20:10:00,0.000262387406911202,-7.280613499460742e-05
2026-05-06 20:15:00,7.677510443038216e-05,-8.86604466359131e-05
2026-05-06 20:20:00,0.00012371908105279772,-6.268858669500332e-06
2026-05-06 20:25:00,-0.0004757612536341327,1.76935936906375e-05
2026-05-06 20:30:00,-0.00045860552730125903,4.090486254426651e-05
2026-05-06 20:35:00,-0.0002794562354520025,3.401669528102502e-05
2026-05-06 20:40:00,3.414287513159309e-05,-0.00021250777353998274
2026-05-06 20:45:00,0.0008679732304948118,-0.00039922408177517354
2026-05-06 20:50:00,0.0016031452360962817,-0.0001379201712552458
2026-05-06 20:55:00,0.001914402515284408,-0.00037504604551941156
2026-05-06 21:00:00,0.001188774530643144,-0.00031195234623737633
2026-05-06 21:05:00,0.0011368451857869388,-0.0003891505766659975
2026-05-06 21:10:00,0.0005344399845732539,-0.000676302588544786
2026-05-06 21:15:00,0.00012561222670548489,-0.0008092399802990258
2026-05-06 21:20:00,-0.0004980090383028823,-0.00080726423766464
2026-05-06 21:25:00,-0.0005067528112938646,-0.0007628071471117437
2026-05-06 21:30:00,-0.0001703254710943014,-0.000731983978766948
2026-05-06 21:35:00,1.2772561133189697e-05,-0.0006520866299979389
2026-05-06 21:40:00,-0.0003919513689645271,-0.00038422460784204304
2026-05-06 21:45:00,-0.0001511881582096919,-0.00030595247517339885
2026-05-06 21:50:00,-0.00022780183042669933,-0.0001857655734056607
2026-05-06 21:55:00,0.001169009254168074,-0.00021192491112742573
2026-05-06 22:00:00,0.0004790388655990796,-0.0003119731554761529
2026-05-06 22:05:00,-0.0004259370146151298,-0.00032532375189475715
2026-05-06 22:10:00,-0.001337339872947041,-0.0003116685838904232
2026-05-06 22:15:00,-0.0016509897437106957,-0.00032770721009001136
2026-05-06 22:20:00,-0.0008310993578124481,-0.0003973687707912177
2026-05-06 22:25:00,-0.000974317122400592,-0.0005689801764674485
2026-05-06 22:30:00,-0.0002537483874469615,-0.0002460747491568327
2026-05-06 22:35:00,0.0001449593583391362,-0.00014521410048473626
2026-05-06 22:40:00,0.0006780716584913193,-0.0004695364332292229
2026-05-06 22:45:00,0.0006076092044651205,-0.0005623067845590413
2026-05-06 22:50:00,-0.00012790422549002756,-0.000889550254214555
2026-05-06 22:55:00,0.0006584407976788498,-0.0012245360994711518
2026-05-06 23:00:00,0.0011332170087587912,-0.0012474959949031472
2026-05-07 00:00:00,0.0018593957530441685,-0.0012568458914756775
2026-05-07 00:05:00,0.0007814687964575739,-0.0010125120170414448
2026-05-07 00:10:00,-0.00043439007207446423,-0.0010797202121466398
2026-05-07 00:15:00,-0.0002404830955171633,-0.0007375407731160522
2026-05-07 00:20:00,-0.00017668201859422084,-0.0004671215428970754
2026-05-07 00:25:00,0.0007196220804441822,-0.0003029984072782099
2026-05-07 00:30:00,-0.00011068422016080603,-0.00019866263028234243
2026-05-07 00:35:00,-0.00022781686603323692,0.0002384246326982975
2026-05-07 00:40:00,-0.0008090787589782877,0.00026804092340171337
2026-05-07 00:45:00,-0.0001937268691385441,0.00021421434939838946
2026-05-07 00:50:00,0.0002320746311337274,0.0002074248477583751
2026-05-07 00:55:00,-6.816284105326531e-05,0.0002082731807604432
2026-05-07 01:00:00,2.7677564887085282e-05,0.00023805192904546857
2026-05-07 01:05:00,-0.0007581679108703554,0.00023813308507669717
2026-05-07 01:10:00,-0.0002151694467684706,0.00011084009020123631
2026-05-07 01:15:00,-0.0008327911442957969,2.2946800527279265e-05
2026-05-07 01:20:00,-0.00010439959059382886,-3.523992927512154e-05
2026-05-07 01:25:00,4.4742014356558e-05,-8.696854638401419e-05
2026-05-07 01:30:00,0.0008476941311723607,6.585659139091149e-05
2026-05-07 01:35:00,0.0007476014801834907,0.00012146463996032253
2026-05-07 01:40:00,0.0010370275081523772,0.00017461828247178346
2026-05-07 01:45:00,-0.0006815064964289519,2.177236274292227e-05
2026-05-07 01:50:00,-0.00035349685415297927,-0.0001182563355541788
2026-05-07 01:55:00,0.00032345174360770557,-0.00034819371649064124
2026-05-07 02:00:00,0.0009156671274350714,-8.772142609814182e-05
2026-05-07 02:05:00,0.0007536918481161337,1.5287641872419044e-05
2026-05-07 02:10:00,-0.0015543757734164387,0.0002683326893020421
2026-05-07 02:15:00,-0.001256594623981755,0.00020928734738845378
2026-05-07 02:20:00,-0.0013054818240121335,0.0002201263268943876
2026-05-07 02:25:00,-0.0009487171178985676,0.0003890081134159118
2026-05-07 02:30:00,-0.0005563875457301748,0.000385328836273402
2026-05-07 02:35:00,-0.0014288245339493244,-0.00012119016901124269
2026-05-07 02:40:00,-0.0001258525713438985,-0.00026821825304068625
2026-05-07 02:45:00,0.0007119501338799239,-0.00038882766966708004
2026-05-07 02:50:00,0.002547000979408409,-0.0002366506669204682
2026-05-07 02:55:00,0.004760682465981603,-0.0003819925768766552
2026-05-07 03:00:00,0.004218652930070732,-0.00019898047321476042
2026-05-07 03:05:00,0.0026997627003328972,-0.0004161481047049165
2026-05-07 03:10:00,-0.0012576640550978624,-0.0003453892422839999
2026-05-07 03:15:00,-0.0015607832565311952,-0.00030185343348421156
2026-05-07 03:20:00,0.0005772704184003885,-0.0005763101507909596
2026-05-07 03:25:00,0.0018519546382247398,-0.000632653187494725
2026-05-07 03:30:00,0.0029284461977265863,-0.00042284533265046775
2026-05-07 03:35:00,0.0009140371065274877,-7.24128185538575e-05
2026-05-07 03:40:00,0.00043700267776358714,-0.0003649596474133432
2026-05-07 03:45:00,-0.000922171939109262,-0.0003695949271786958
2026-05-07 03:50:00,-0.0008885769675543997,-5.533616058528423e-05
2026-05-07 03:55:00,-0.0021762979054607,-0.00016338338900823146
2026-05-07 04:00:00,-0.0018107774836906287,0.00017854620818980038
2026-05-07 04:05:00,-0.0019942176440270742,0.0001763068576110527
2026-05-07 04:10:00,-0.0005910718558244099,0.00011820268991868943
2026-05-07 04:15:00,-0.001014023154318977,-3.1277544621843845e-05
2026-05-07 04:20:00,-0.0003487061760587551,7.938611815916374e-05
2026-05-07 04:25:00,0.0005804441517369696,0.0003220706421416253
2026-05-07 04:30:00,0.0010543927271395859,0.0011577960103750229
2026-05-07 04:35:00,0.0009692724414200882,0.0008553117513656616
2026-05-07 04:40:00,0.000520624718909346,0.0007601629476994276
2026-05-07 04:45:00,0.0005713733612964234,0.0006919809966348112
2026-05-07 04:50:00,0.00043544154991614903,0.0003892268578056246
2026-05-07 04:55:00,-0.00024221615147723696,0.00031705733272247016
2026-05-07 05:00:00,-0.00016564342953806488,0.00012082216562703252
2026-05-07 05:05:00,-0.000599046641585943,-8.905251888791099e-05
2026-05-07 05:10:00,-0.00028903638446742264,-0.00016826354840304703
2026-05-07 05:15:00,-0.0009157811392057624,-0.00027759576914831996
2026-05-07 05:20:00,-0.0002507714422730345,-0.00039788929279893637
2026-05-07 05:25:00,-0.00012966846342976623,-0.00047678014379926026
2026-05-07 05:30:00,2.5508739934565483e-05,-0.0004789535596501082
2026-05-07 05:35:00,-0.00014666668110052683,-0.0006271165329962969
2026-05-07 05:40:00,-0.001082643670347494,-0.0006014753016643226
2026-05-07 05:45:00,-0.0011698196408911343,-0.0006058331928215921
2026-05-07 05:50:00,-0.0009017286578067996,-0.0006907858187332749
2026-05-07 05:55:00,-0.0004193340738449791,-0.0004715043178293854
2026-05-07 06:00:00,-0.0006258834954042669,-0.00039283011574298143
2026-05-07 06:05:00,-0.00042349752120784956,-0.0006233229651115835
2026-05-07 06:10:00,2.129043453535928e-06,-0.0006162634235806763
2026-05-07 06:15:00,-0.00044090819280562243,-0.00045873253839090466
2026-05-07 06:20:00,-0.0002831410795938183,-0.0005899388343095779
2026-05-07 06:25:00,0.0002746086046379048,-0.0004997827345505357
2026-05-07 06:30:00,0.0003408156603708079,-0.0004456918977666646
2026-05-07 06:35:00,-0.00018099682453254218,-0.00013284836313687265
2026-05-07 06:40:00,-0.0003874541543318344,-0.00015271338634192944
2026-05-07 06:45:00,0.0009238780542144553,-0.00036039689439348876
2026-05-07 06:50:00,0.0007280468655803674,-0.00032325219945050776
2026-05-07 06:55:00,0.0008832616124525572,-0.00015621721104253083
2026-05-07 07:00:00,-0.0007897137538570576,-0.00023346605303231627
2026-05-07 07:05:00,-0.0008536992197569759,-0.000307674054056406
2026-05-07 07:10:00,-0.001153716926685533,-0.00041496974881738424
2026-05-07 07:15:00,0.0015469124951401625,-0.00026923950645141304
2026-05-07 07:20:00,0.0021573237138863277,-0.0002317805920029059
2026-05-07 07:25:00,0.00181937202071758,-0.0003161845961585641
2026-05-07 07:30:00,0.0002976177844349337,-0.0003771683550439775
2026-05-07 07:35:00,-0.00010414242442280397,-0.000397624506149441
2026-05-07 07:40:00,-0.0005124939107332693,-0.00018674286548048258
2026-05-07 07:45:00,0.0002975292344409297,0.00010334313992643729
2026-05-07 07:50:00,0.0008200936131146364,0.00020936942019034177
2026-05-07 07:55:00,0.0014814738802169103,0.00022843359329272062
2026-05-07 08:00:00,0.0007859013949627069,0.000351081311237067
2026-05-07 08:05:00,0.00106554151047078,0.00021874338563065976
2026-05-07 08:10:00,0.0019542259180092003,0.0001534396142233163
2026-05-07 08:15:00,0.00500252015891256,0.00022344513854477555
2026-05-07 08:20:00,0.006262002239004971,0.00040905692731030285
2026-05-07 08:25:00,0.005987377435650032,0.00031477221637032926
2026-05-07 08:30:00,0.000994553266819409,0.00030886800959706306
2026-05-07 08:35:00,-0.001419838950756258,0.0006178443436510861
2026-05-07 08:40:00,-0.001444424194831484,0.0007405072683468461
2026-05-07 08:45:00,-0.0007938737017685327,0.00023538587265647948
2026-05-07 08:50:00,0.0016559316182238604,0.0013931820867583156
2026-05-07 08:55:00,0.002135322896124947,0.0009545208304189146
2026-05-07 09:00:00,0.0019518830256419761,0.00012134189455537125
2026-05-07 09:05:00,-0.000839225178776104,-0.00040442903991788626
2026-05-07 09:10:00,-0.0019306571493888924,0.0002469369792379439
2026-05-07 09:15:00,-0.0003584388130626337,0.0009228882263414562
2026-05-07 09:20:00,-6.750599118277023e-05,-1.3492701327777468e-05
2026-05-07 09:25:00,0.0006748890907264382,-0.0007439111359417439
2026-05-07 09:30:00,-0.00046194297407708973,-0.0006254527252167463
2026-05-07 09:35:00,0.00012024187617143411,-0.00038946219137869775
2026-05-07 09:40:00,-3.1625253399170106e-05,-0.0007622388657182455
2026-05-07 09:45:00,0.0021181201969291408,-0.00047691346844658256
2026-05-07 09:50:00,0.0014860080871130776,-0.0002909775066655129
2026-05-07 09:55:00,-3.584316297455814e-05,1.0066298273159191e-05
2026-05-07 10:00:00,-0.0028483830817975786,0.00012926985800731927
2026-05-07 10:05:00,-0.0016906388611310774,0.0006491374224424362
2026-05-07 10:10:00,-0.0005504593099647792,0.00016803901235107332
2026-05-07 10:15:00,0.00019633694438248028,-0.000253654143307358
2026-05-07 10:20:00,-0.0006436996276697471,-0.00022493877622764558
2026-05-07 10:25:00,-0.0010532548974353517,-2.8548160116770305e-05
2026-05-07 10:30:00,-0.00026179115971025624,0.0005485666333697736
2026-05-07 10:35:00,-0.00046456529139327074,0.0001329037913819775
2026-05-07 10:40:00,-0.0008450942783024828,0.0002206904027843848
2026-05-07 10:45:00,-0.0020100509280247536,-0.00037990626879036427
2026-05-07 10:50:00,-0.000354904337994455,1.0884359653573483e-05
2026-05-07 10:55:00,0.000627550766102658,5.6150780437747017e-05
2026-05-07 11:00:00,0.0018326695830079842,0.00011822085798485205
2026-05-07 11:05:00,0.0008828027234830671,0.0001568813167978078
2026-05-07 11:10:00,0.0002977903345744437,-4.284904571250081e-05
2026-05-07 11:15:00,0.00019005023718499103,0.0006490967352874577
2026-05-07 11:20:00,-0.00027658399937280365,0.0009623514488339424
2026-05-07 11:25:00,0.0005066733205563168,0.00026947256992571056
2026-05-07 11:30:00,4.6451231494160083e-05,-0.00017248839139938354
2026-05-07 11:35:00,-0.0003484780520501829,0.00023076971410773695
2026-05-07 11:40:00,-0.0020980291933216932,0.0002173591055907309
2026-05-07 11:45:00,-0.001379676301333177,0.00026434907340444624
2026-05-07 11:50:00,-0.0002323861846313946,0.0004664215084630996
2026-05-07 11:55:00,0.0015237800294141124,0.00019408312800806016
2026-05-07 12:00:00,0.00039317981507203115,4.768832877743989e-05
2026-05-07 12:05:00,4.648155739417348e-05,-0.0002381570520810783
2026-05-07 12:10:00,-0.0006126143826428176,-9.243313797924202e-06
2026-05-07 12:15:00,-0.0002282791356442715,0.0004244671727064997
2026-05-07 12:20:00,0.0007054092933458378,-4.227858516969718e-05
2026-05-07 12:25:00,0.0014633144671947207,2.0818995835725218e-05
2026-05-07 12:30:00,0.0011767702293585813,-5.3826051953365095e-06
2026-05-07 12:35:00,9.500214817492747e-05,8.432422328041866e-05
2026-05-07 12:40:00,-0.0007134414351934737,0.00012068656360497698
2026-05-07 12:45:00,-9.924311297915267e-05,0.00016963423695415258
2026-05-07 12:50:00,-0.0006778795091229028,9.155171574093401e-05
2026-05-07 12:55:00,-0.0011979528484289403,0.0002961047284770757
2026-05-07 13:00:00,-0.0010923247846914563,0.00026077814982272685
2026-05-07 13:05:00,7.604675188943588e-05,0.0005197080899961293
2026-05-07 13:10:00,0.0005114711246569925,0.0006463841418735683
2026-05-07 13:15:00,0.0007691885440515023,0.0004394225834403187
2026-05-07 13:20:00,0.00031891089034274955,0.000954552786424756
2026-05-07 13:25:00,0.000903945317951127,0.000910258328076452
2026-05-07 13:30:00,0.0004899434973530958,0.0009187945979647338
2026-05-07 13:35:00,0.000854855154118539,0.00020323332864791155
2026-05-07 13:40:00,0.001238429441755784,0.0002306302631041035
2026-05-07 13:45:00,0.0009728397027419788,0.00020147737814113498
2026-05-07 13:50:00,0.00021729109814394576,0.0002092148206429556
2026-05-07 13:55:00,0.0002677379009519143,0.00010186516010435298
2026-05-07 14:00:00,0.000242534934127292,-5.219081140239723e-05
2026-05-07 14:05:00,-0.0011354979364881501,0.00016331988445017487
2026-05-07 14:10:00,-0.0011726742954802916,0.00019927931134589016
2026-05-07 14:15:00,0.0010285377966976483,0.0002582421584520489
2026-05-07 14:20:00,0.002311847131588607,0.00043262881808914244
2026-05-07 14:25:00,0.0027754935780013312,0.0005244782078079879
2026-05-07 14:30:00,0.0011032369751688975,0.0002917954698204994
2026-05-07 14:35:00,0.00036653571500266935,0.00015522509056609124
2026-05-07 14:40:00,-0.0006610359557939205,0.0003340217808727175
2026-05-07 14:45:00,-0.002804690367447904,0.0004829471872653812
2026-05-07 14:50:00,-0.0014163293309419345,0.0008013806072995067
2026-05-07 14:55:00,-0.0032082238975554844,0.0005653206608258188
2026-05-07 15:00:00,0.0003818666150454675,0.0004895080346614122
2026-05-07 15:05:00,0.0006388611200414118,3.354318323545158e-05
2026-05-07 15:10:00,0.0023865830979499236,-0.0004958172212354839
2026-05-07 15:15:00,0.0031464249619315154,-0.0004458831681404263
2026-05-07 15:20:00,0.0016953243656097072,-0.000377174757886678
2026-05-07 15:25:00,0.0009500928161099154,-0.00015169763355515897
2026-05-07 15:30:00,-0.002851158502899409,-0.0006377123645506799
2026-05-07 15:35:00,-0.0017142945581678504,-0.00013014828437007964
2026-05-07 15:40:00,-0.00039172492145134186,0.00048590207006782293
2026-05-07 15:45:00,0.0008115335160798764,0.00022356619592756033
2026-05-07 15:50:00,0.0008153934935855034,0.00031870047678239644
2026-05-07 15:55:00,0.0009727115203723713,5.885734481125837e-06
2026-05-07 16:00:00,0.0011076810169221574,0.0004200985131319612
2026-05-07 16:05:00,0.001967268247035747,0.0012693812604993582
2026-05-07 16:10:00,0.0011546556087438375,0.0009220436913892627
2026-05-07 16:15:00,-0.0004736677656609345,0.0008909195312298834
2026-05-07 16:20:00,-0.000771717741018918,-0.0001436022575944662
2026-05-07 16:25:00,-0.001196744745124434,-0.0005273933056741953
2026-05-07 16:30:00,0.002008913517199673,-0.000615386466961354
2026-05-07 16:35:00,0.0015365393479509493,-0.0003233496972825378
2026-05-07 16:40:00,0.0023269732219866057,0.0001002480203169398
2026-05-07 16:45:00,0.0001870127037513214,-2.6450357836438343e-05
2026-05-07 16:50:00,-0.0004411718435868295,-0.0004892342258244753
2026-05-07 16:55:00,-0.001664275006268312,-0.00028389159706421196
2026-05-07 17:00:00,-0.0010552936986929495,-0.0005267752567306161
2026-05-07 17:05:00,-0.0025710687037960867,-0.0004553018370643258
2026-05-07 17:10:00,-0.002976114315860201,-0.00020352403225842863
2026-05-07 17:15:00,-0.0020949647465169363,-0.00020881670934613794
2026-05-07 17:20:00,-0.0006722604324451709,-7.420140173053369e-05
2026-05-07 17:25:00,-0.00035443786105027186,-0.00028981766081415117
2026-05-07 17:30:00,-0.0021141478493795773,-0.0003263014368712902
2026-05-07 17:35:00,-0.0023617596053604473,-0.0006983085768297315
2026-05-07 17:40:00,-0.00205103146229213,-0.00033793027978390455
2026-05-07 17:45:00,-0.0022710366021705397,-4.810473183169961e-05
2026-05-07 17:50:00,-0.0031555949058752475,0.0003135644656140357
2026-05-07 17:55:00,-0.00298371461671465,0.00031957123428583145
2026-05-07 18:00:00,-0.003649944828017837,0.0004963040701113641
2026-05-07 18:05:00,0.00011870014872705781,0.00011018442455679178
2026-05-07 18:10:00,0.0010174536558569258,0.000111500354250893
2026-05-07 18:15:00,0.0027752570283627875,-8.452119072899222e-05
2026-05-07 18:20:00,-0.001283132290938127,8.153166709234938e-05
2026-05-07 18:25:00,-0.0018767361336440302,3.4002918255282566e-05
2026-05-07 18:30:00,-0.001059968893761365,0.0003400623390916735
2026-05-07 18:35:00,0.0011707914359480043,0.00022440098109655082
2026-05-07 18:40:00,0.0009335068070726038,0.0006957022123970091
2026-05-07 18:45:00,0.0004856052082740092,0.00085223134374246
2026-05-07 18:50:00,-0.00019291657054232303,0.0007896543829701841
2026-05-07 18:55:00,-0.00018663165963417327,0.0007920477073639631
2026-05-07 19:00:00,-0.0021711479422563684,0.0011539390543475747
2026-05-07 19:05:00,-0.00013145898286559543,0.0010792581597343087
2026-05-07 19:10:00,-0.003456854945453003,0.0008702528430148959
2026-05-07 19:15:00,-0.0014287782126647386,0.0008147040498442948
2026-05-07 19:20:00,-0.002658328051275305,0.0007008691900409758
2026-05-07 19:25:00,0.0002681370238803993,0.00033771677408367395
2026-05-07 19:30:00,-0.00013192471798895156,0.0005590682849287987
2026-05-07 19:35:00,0.0004910062005816229,0.00017558825493324548
2026-05-07 19:40:00,0.0027113762599952906,-0.00016873775166459382
2026-05-07 19:45:00,0.00180500667152117,0.0006021221051923931
2026-05-07 19:50:00,0.00028259121456919445,0.000561293214559555
2026-05-07 19:55:00,-0.0008597896062045862,0.0009117830195464194
2026-05-07 20:00:00,0.00017628649361967064,0.00014865242701489478
2026-05-07 20:05:00,-0.0001168513450391373,0.0006876444676890969
2026-05-07 20:10:00,0.0009934682408445639,0.0005496256635524333
2026-05-07 20:15:00,0.001093131739942521,0.00012755373609252274
2026-05-07 20:20:00,0.0013843418732015778,-9.605406376067549e-05
2026-05-07 20:25:00,-0.0014990723848224974,0.0002035766956396401
2026-05-07 20:30:00,-0.0028148476740810224,-0.0002844401460606605
2026-05-07 20:35:00,-0.0020814844670908883,0.0005856427014805377
2026-05-07 20:40:00,0.0009600048312741194,0.0008279323228634894
2026-05-07 20:45:00,0.001141765011896112,0.0006454703980125487
2026-05-07 20:50:00,0.0014107850893019247,0.0007560787489637733
2026-05-07 20:55:00,-8.704208702603466e-05,0.0009168899850919843
2026-05-07 21:00:00,-0.0008141981289568889,0.0010651136981323361
2026-05-07 21:05:00,-0.002065861743933084,0.001107543590478599
2026-05-07 21:10:00,-0.0010195932706498212,0.001015659887343645
2026-05-07 21:15:00,0.0012221107903158668,0.0007662900607101619
2026-05-07 21:20:00,0.002343959430190168,0.0008685167413204908
2026-05-07 21:25:00,0.0009389133512005543,0.0011365179670974612
2026-05-07 21:30:00,0.0003546637792730678,0.0006454664398916066
2026-05-07 21:35:00,-0.001134104815985637,0.000132388697238639
2026-05-07 21:40:00,-0.0014129532963469416,-0.0002000803069677204
2026-05-07 21:45:00,0.0014810071007307357,-0.0007973017636686563
2026-05-07 21:50:00,0.0011510853753673445,-0.0005868821172043681
2026-05-07 21:55:00,0.0018842018377220882,0.001992465928196907
2026-05-07 22:00:00,-0.0009778976829277752,-0.0006554072606377304
