timestamp,y_true,y_pred
2026-04-02 00:05:00,0.001964666040617402,-0.0005434480378024647
2026-04-02 00:10:00,0.002683258735819649,0.0003526470026385963
2026-04-02 00:15:00,0.003023221548943411,0.004458063847082783
2026-04-02 00:20:00,0.0012154871303149406,0.002643791951759282
2026-04-02 00:25:00,0.0006995262775149058,-0.0006740664371872654
2026-04-02 00:30:00,0.0007345071128543879,-0.0019696609601189624
2026-04-02 00:35:00,0.0009148317462877031,-0.00026385865276717284
2026-04-02 00:40:00,7.118182772813952e-05,0.0009437509679018268
2026-04-02 00:45:00,-0.0002719767706764742,-0.02327276161684934
2026-04-02 00:50:00,0.0018250679013327442,-7.279807835641218e-05
2026-04-02 00:55:00,0.003066470769880425,0.00040861312809339467
2026-04-02 01:00:00,0.003546621480765566,0.0005058028393717185
2026-04-02 01:05:00,0.001120983911132356,0.0020516477034932604
2026-04-02 01:10:00,0.0008094666307538745,0.0014877615417363467
2026-04-02 01:15:00,-0.0006569925620727446,0.001183599528451527
2026-04-02 01:20:00,-0.0002691719847867091,0.0035414744239136457
2026-04-02 01:25:00,-0.0011330192834204666,0.0003116356257040735
2026-04-02 01:30:00,-0.0018397885987493368,-2.476495726046711e-05
2026-04-02 01:35:00,-0.0013114235626119353,0.00013817431406690705
2026-04-02 01:40:00,-0.001426967414579039,-0.0003530479369064913
2026-04-02 01:45:00,-0.0004725008764356886,0.061468316413666846
2026-04-02 01:50:00,0.000989991559411152,0.0007448128014765081
2026-04-02 01:55:00,0.0020447577069528933,0.0007130203141958441
2026-04-02 02:00:00,0.0029046447721849944,0.0008379181552242564
2026-04-02 02:05:00,0.0008138157135793023,0.0007555365908897939
2026-04-02 02:10:00,-0.0005969127682803332,0.002074817681082408
2026-04-02 02:15:00,-0.0011433102995841438,0.0015430120311798667
2026-04-02 02:20:00,-0.0004840362036730994,0.016698762570897887
2026-04-02 02:25:00,-0.00038630477003032127,-0.0005919072684523747
2026-04-02 02:30:00,-0.00048651183465153736,0.0004316459588934095
2026-04-02 02:35:00,-0.0007432011014127937,0.0005115695253291486
2026-04-02 02:40:00,-0.00043659958558528444,0.00011464151059662462
2026-04-02 02:45:00,-0.009544087606229823,-0.00013933741540985767
2026-04-02 02:50:00,-0.008681544118104512,0.0011803966931976974
2026-04-02 02:55:00,-0.0074978198708191,-0.0012891335191989408
2026-04-02 03:00:00,-0.0032820984185040203,0.001249422147771836
2026-04-02 03:05:00,-0.006861605253291714,0.004461239272749586
2026-04-02 03:10:00,-0.011773810410655727,0.0015824681082518026
2026-04-02 03:15:00,-0.010075957263786961,0.0024745410510175585
2026-04-02 03:20:00,-0.0035826414267692286,-0.003929130425350424
2026-04-02 03:25:00,-0.0009973872692405905,-0.002037625306649799
2026-04-02 03:30:00,0.0034643594231784647,-0.0015306872404687404
2026-04-02 03:35:00,0.0007703095024691464,-0.0016167779906490747
2026-04-02 03:40:00,0.0011337048211874645,-0.0020901545272382534
2026-04-02 03:45:00,0.0006492974510621252,-0.0011762318177767142
2026-04-02 03:50:00,-0.002169874949704109,0.003541765191463817
2026-04-02 03:55:00,-0.001157159654109563,-0.0008689513169798501
2026-04-02 04:00:00,-0.0017018416581411344,0.00031184142145670486
2026-04-02 04:05:00,0.0015613371026379497,-0.0018031874822078914
2026-04-02 04:10:00,-0.00018765847066504193,-7.725197391283067e-05
2026-04-02 04:15:00,-0.004403274633846266,0.0002562782483376399
2026-04-02 04:20:00,-0.008208793187151286,0.0030099571095630996
2026-04-02 04:25:00,-0.0025988489582076113,-0.0048009573268241006
2026-04-02 04:30:00,0.0013565910140442838,-8.512504219542833e-05
2026-04-02 04:35:00,0.004438680053699073,0.00034544657195228085
2026-04-02 04:40:00,0.0021764885974864256,-0.0005533092220728419
2026-04-02 04:45:00,0.0007438456735027188,0.001743321823250164
2026-04-02 04:50:00,0.0004485521452988195,0.001139351645839046
2026-04-02 04:55:00,0.0006761174057068331,0.0014722340114842118
2026-04-02 05:00:00,0.0021322811632700223,-0.0004177467443777592
2026-04-02 05:05:00,0.0031661755521401602,0.0008384106688204063
2026-04-02 05:10:00,0.0003773178713295522,0.000587468580328628
2026-04-02 05:15:00,0.00020466464915891436,0.002850338717528231
2026-04-02 05:20:00,-0.002335817265684881,0.002045862690804855
2026-04-02 05:25:00,-0.0012326723676441276,0.00046643475107008476
2026-04-02 05:30:00,-0.0027558253158979085,0.00024124025685553482
2026-04-02 05:35:00,-0.001941426778465427,0.001565136992032298
2026-04-02 05:40:00,-0.0018475864356481964,0.0007772958785581406
2026-04-02 05:45:00,-0.00022447193072849814,0.00039793901429588624
2026-04-02 05:50:00,-0.0013948555206155788,0.001746695378870412
2026-04-02 05:55:00,-0.0019752427056669575,-0.0009703402369008986
2026-04-02 06:00:00,-0.001908977479390117,-2.622192685331997e-05
2026-04-02 06:05:00,-0.0009702718486011008,-0.0029853147175981113
2026-04-02 06:10:00,-0.0004092323736362147,-0.0005940809703618798
2026-04-02 06:15:00,-0.00029994644038566776,-0.004525962429276801
2026-04-02 06:20:00,-0.00028719250239106486,-0.0015309617771805985
2026-04-02 06:25:00,-0.0009669677312409419,-0.0027932186696268423
2026-04-02 06:30:00,-0.00025073855493751296,-0.0006390836704718591
2026-04-02 06:35:00,0.0002936212414255124,-0.0018411052361946786
2026-04-02 06:40:00,0.002423158081329646,-0.003062369358340637
2026-04-02 06:45:00,0.00150776936566821,-0.0010213094723423289
2026-04-02 06:50:00,0.0004391992932006872,-0.0010521167290033504
2026-04-02 06:55:00,-0.000511566442552791,-0.0009137360214586273
2026-04-02 07:00:00,-0.00010058994943662469,-0.00028549677063787013
2026-04-02 07:05:00,0.0011474347745661362,-0.0008244354180764197
2026-04-02 07:10:00,0.0014761950230877119,-0.0012377015903815482
2026-04-02 07:15:00,-0.004853159889568914,-0.0022018706367630475
2026-04-02 07:20:00,-0.005838615065069774,-0.001918047194417785
2026-04-02 07:25:00,-0.009245991378856289,-0.002289117119279757
2026-04-02 07:30:00,-0.012763980093454919,-0.000992132239069264
2026-04-02 07:35:00,-0.009175209323014855,-0.00462325859945516
2026-04-02 07:40:00,-0.008787945522868768,-0.004392572679616944
2026-04-02 07:45:00,-0.001163921194009987,-0.008139225901253742
2026-04-02 07:50:00,-0.00794798011813036,-0.00441256107911514
2026-04-02 07:55:00,-0.002766102749268029,-0.0028068064170353106
2026-04-02 08:00:00,0.0011857045541372457,-0.004001993108513395
2026-04-02 08:05:00,0.004220623060906092,-0.004156366412072239
2026-04-02 08:10:00,0.001884135011312793,-0.0035625377550209964
2026-04-02 08:15:00,0.00033540383807384444,-0.0042197568301179855
2026-04-02 08:20:00,0.0016053588004059094,-0.0008378701619814809
2026-04-02 08:25:00,-0.00043364709869031515,-0.000407675512596782
2026-04-02 08:30:00,0.0015166238558155243,-0.0015773911417444764
2026-04-02 08:35:00,0.0009115324709210171,-0.0027235523959967868
2026-04-02 08:40:00,0.002375124798229322,-0.0002876680317059517
2026-04-02 08:45:00,0.0008801966123250793,-0.003464660707205022
2026-04-02 08:50:00,0.002050627745589395,-0.0022682648194047826
2026-04-02 08:55:00,0.0047636904925330015,-0.001449052381877519
2026-04-02 09:00:00,0.004428329860440172,0.00780442679049627
2026-04-02 09:05:00,0.0021893515261126595,-0.0005621397923520259
2026-04-02 09:10:00,8.656359826275661e-06,0.000251468073373362
2026-04-02 09:15:00,0.0017416750842098594,-0.003373379503868695
2026-04-02 09:20:00,0.0035297040508037725,0.0018067158017710202
2026-04-02 09:25:00,0.0035600602715977203,-0.0006552528798815628
2026-04-02 09:30:00,0.003627022353745346,0.001503686211399092
2026-04-02 09:35:00,0.002331882531573015,-0.001370573327980494
2026-04-02 09:40:00,0.001458811467639265,0.0005760833372269138
2026-04-02 09:45:00,-0.0016103860440086493,-0.0030033838881559165
2026-04-02 09:50:00,-0.0027203393271140186,-0.0019962238118883054
2026-04-02 09:55:00,-0.0006698840015761931,0.0008148866927177625
2026-04-02 10:00:00,0.00021544248738436522,-0.0009552534512672214
2026-04-02 10:05:00,0.0008198985511267409,0.0004540711189643589
2026-04-02 10:10:00,-0.0014878420198556341,-0.0006111491578882247
2026-04-02 10:15:00,-0.0008275523672836016,-0.0005136687498586304
2026-04-02 10:20:00,0.0006899198673053775,0.0009494221561341846
2026-04-02 10:25:00,-0.0006907657844816839,8.300205609812429e-05
2026-04-02 10:30:00,-0.002251215322269573,0.0005817939647699955
2026-04-02 10:35:00,-0.002764701232139899,9.263132581027484e-05
2026-04-02 10:40:00,-0.0023240414605663062,-0.00049551200956077
2026-04-02 10:45:00,-0.002091713836721354,-0.0017409919170531033
2026-04-02 10:50:00,-0.002089923697489837,-0.0018107374179411975
2026-04-02 10:55:00,0.0006274829054522257,-0.0011274356640558652
2026-04-02 11:00:00,0.0015859505015622943,-0.002616281097151921
2026-04-02 11:05:00,0.002038053002475948,-0.0009261895300549637
2026-04-02 11:10:00,-0.0007162277823873353,6.984999279488848e-05
2026-04-02 11:15:00,-0.0007396530023893177,-0.0024317772321367907
2026-04-02 11:20:00,-0.0008930299931506624,0.0020756423691937554
2026-04-02 11:25:00,0.000374406607781097,0.0005812374259173592
2026-04-02 11:30:00,-0.0003851821764531138,0.00010624592630740007
2026-04-02 11:35:00,0.0006703877038134465,0.00022779479320546422
2026-04-02 11:40:00,0.00016227145453484582,-0.0005067653164420832
2026-04-02 11:45:00,0.0017861665537264315,0.0017564027526554096
2026-04-02 11:50:00,0.0011148754914245274,0.0006485424860760858
2026-04-02 11:55:00,0.0006596327706827054,0.0017380949655927595
2026-04-02 12:00:00,-0.0029772745331211325,0.001221845263420309
2026-04-02 12:05:00,-0.003224870831543214,-0.000615325016236496
2026-04-02 12:10:00,-0.001471253491867941,0.001537280766947789
2026-04-02 12:15:00,-6.717743187678593e-05,0.0007664984382423662
2026-04-02 12:20:00,-0.0001798259159979665,-0.0009792876061248518
2026-04-02 12:25:00,0.0014907114577979996,-0.0006371441034472273
2026-04-02 12:30:00,0.0030746984958316403,0.0004363319456505884
2026-04-02 12:35:00,0.0011434017443896494,0.0012475686642040053
2026-04-02 12:40:00,-0.0009149339257863431,0.0052108278971447
2026-04-02 12:45:00,-0.000484054309971782,0.00039719006243246454
2026-04-02 12:50:00,0.001202625155221071,0.00014681924257002339
2026-04-02 12:55:00,0.0015417102628063617,-0.0012710801108991488
2026-04-02 13:00:00,-0.0004237398128044134,-0.001233925932614345
2026-04-02 13:05:00,-0.00011241444623877328,0.0008592985315023614
2026-04-02 13:10:00,-0.003022951397692708,0.00026818025654497854
2026-04-02 13:15:00,-0.0022080798684402936,0.00022279649298974856
2026-04-02 13:20:00,-0.0036668754530850833,-0.000489562946329749
2026-04-02 13:25:00,-0.003149506355811127,-0.0024245370720407623
2026-04-02 13:30:00,-0.002067454394978796,0.0010809163604798356
2026-04-02 13:35:00,-0.001565708487921924,-0.00172627967680334
2026-04-02 13:40:00,0.00036733820415157936,0.00036235030669717704
2026-04-02 13:45:00,0.0005774950769463771,0.0007157312489086049
2026-04-02 13:50:00,0.0004953851068609794,-0.0022017678946727576
2026-04-02 13:55:00,0.002710649252760433,0.00024855495471221516
2026-04-02 14:00:00,0.001201683368762474,0.0009655682032564378
2026-04-02 14:05:00,0.0052127120731810805,0.00014643522851293057
2026-04-02 14:10:00,0.0026017274378755673,0.0017893530947431405
2026-04-02 14:15:00,0.0019815731073666853,0.00038012450198809727
2026-04-02 14:20:00,-0.0013904313333394924,0.0024335549304260176
2026-04-02 14:25:00,-0.0015792767600277813,0.00017545575556102312
2026-04-02 14:30:00,-0.0005994717470159117,0.002223541485084598
2026-04-02 14:35:00,-3.0295292546611563e-05,-0.001545457715060259
2026-04-02 14:40:00,-0.003998265443257765,-0.01410128342749662
2026-04-02 14:45:00,-0.005603033906451671,-0.00038101806208397685
2026-04-02 14:50:00,-0.004454727114216794,0.004997386141431263
2026-04-02 14:55:00,-0.0025291232509232486,-0.00019980262198277237
2026-04-02 15:00:00,-0.0006489476605402444,-0.0006128301762053088
2026-04-02 15:05:00,-0.0037587643395191606,-0.0010742544582323225
2026-04-02 15:10:00,0.002020330253463598,-0.007407538347546958
2026-04-02 15:15:00,0.0019521033740694804,0.0007403448532027207
2026-04-02 15:20:00,0.0011796735569742367,-0.0007965556884185332
2026-04-02 15:25:00,0.0007565727616416495,0.010861015799050328
2026-04-02 15:30:00,0.00754398529462641,-0.00836059817231245
2026-04-02 15:35:00,0.010240022180328268,0.001691203159580773
2026-04-02 15:40:00,0.009654576208443899,0.0008251724730525547
2026-04-02 15:45:00,0.0018345998507918182,-0.005063285376604776
2026-04-02 15:50:00,0.0026668750484564185,0.00046213581943656176
2026-04-02 15:55:00,0.0004110156555832134,-0.0005300357161107427
2026-04-02 16:00:00,0.003706343501859166,0.0004973909668001832
2026-04-02 16:05:00,0.0057339815747106115,-0.0027443911606079095
2026-04-02 16:10:00,0.003803016715190566,-0.0034195057029180295
2026-04-02 16:15:00,0.0020600597006819044,-0.001647209269234865
2026-04-02 16:20:00,0.0025635233412195646,0.00019037267185960735
2026-04-02 16:25:00,0.005729756148975085,-0.0011346091932887816
2026-04-02 16:30:00,0.0023677863928099896,0.0012904478322324272
2026-04-02 16:35:00,-0.0005506032232016622,-0.003301914882087982
2026-04-02 16:40:00,-0.002152554829006448,0.0013244175716974156
2026-04-02 16:45:00,-2.5637026704217192e-05,0.0024648554433155936
2026-04-02 16:50:00,-0.002939540619831149,0.0001941421078291869
2026-04-02 16:55:00,-0.001996691372978532,-0.000700642498777986
2026-04-02 17:00:00,-0.001729880419626184,0.0004097823270849186
2026-04-02 17:05:00,-0.001744288648382053,0.0005672480536196863
2026-04-02 17:10:00,0.00015192284060638883,-0.002555407659288178
2026-04-02 17:15:00,0.0003851519686079996,-0.0003870095531873575
2026-04-02 17:20:00,0.001453071207539125,0.001972306749667801
2026-04-02 17:25:00,-0.0016167009766512308,0.00046298644011023545
2026-04-02 17:30:00,-0.00322701888192789,0.0016101400164257964
2026-04-02 17:35:00,-0.0016353899376468917,0.0008959647195405378
2026-04-02 17:40:00,-0.0010613766084812681,0.0024091731167655743
2026-04-02 17:45:00,0.0005342699992869626,0.0023150786128915326
2026-04-02 17:50:00,-0.000740340998383715,0.0017714849970310923
2026-04-02 17:55:00,-0.0013911432802320434,0.000726823780550317
2026-04-02 18:00:00,-0.0032249740851177933,0.0002501855068137431
2026-04-02 18:05:00,-0.0013576422077896666,0.0018343927300329159
2026-04-02 18:10:00,-0.0008510968056008039,-0.00019406791811388095
2026-04-02 18:15:00,0.002626314934950358,0.0006612527697485111
2026-04-02 18:20:00,0.0025290597568154993,-0.00029741404198667387
2026-04-02 18:25:00,0.0016177530944609941,-0.001024963145850631
2026-04-02 18:30:00,0.0004163099122571623,-0.0003637971259975506
2026-04-02 18:35:00,0.0001264996372860594,0.0021341058273030176
2026-04-02 18:40:00,0.0003519925173538496,-0.00036676527802623465
2026-04-02 18:45:00,0.0003732439879193805,0.0018739247008716445
2026-04-02 18:50:00,-0.0003066284298594013,0.0001794256486194563
2026-04-02 18:55:00,0.0009523340409138825,0.0005446189284491196
2026-04-02 19:00:00,0.0,0.000778914555662491
2026-04-02 19:05:00,0.00026589300536450367,0.0017631707356112745
2026-04-02 19:10:00,-0.002795228894626689,0.0011224284060380749
2026-04-02 19:15:00,-0.002327539871718187,-0.00021048073373260557
2026-04-02 19:20:00,-0.002251602990783752,0.0015306014386609235
2026-04-02 19:25:00,0.0014157659369242737,0.0014941566426016585
2026-04-02 19:30:00,-0.000898969256867943,0.0011474333490453285
2026-04-02 19:35:00,-0.0006900176647448575,-0.00013884612355908265
2026-04-02 19:40:00,-0.0018049693113493248,0.0008751819477271815
2026-04-02 19:45:00,0.0012063259381154268,0.003348978888475422
2026-04-02 19:50:00,0.0011733912349125575,0.0013754153398437613
2026-04-02 19:55:00,0.0010382553944427997,0.001398543326573816
2026-04-02 20:00:00,0.00016546063095468355,0.0013289845681496086
2026-04-02 20:05:00,-0.0008422953043680792,-0.0009670078837627485
2026-04-02 20:10:00,-0.000498571988433838,0.003635169853247808
2026-04-02 20:15:00,0.0010737541190053435,0.0007282366319660844
2026-04-02 20:20:00,0.0007413432404028697,0.002000528711514734
2026-04-02 20:25:00,0.0022330400297185804,0.0005357857584249973
2026-04-02 20:30:00,0.0020712331237344728,0.0009581856800335576
2026-04-02 20:35:00,0.0027649777315641444,0.0021764047506637307
2026-04-02 20:40:00,0.0013888385071680887,0.00034594912244355054
2026-04-02 20:45:00,0.0007515295907172259,0.0010157617532666066
2026-04-02 20:50:00,0.0023727646124616086,0.0009260550952874619
2026-04-02 20:55:00,0.0012329058966766837,0.0012477552887536522
2026-04-02 21:00:00,-0.0005480683938134945,0.001039025113679744
2026-04-02 21:05:00,-0.001355787430346922,0.0005256322623942542
2026-04-02 21:10:00,-0.002057831994729753,0.0007650622349030745
2026-04-02 21:15:00,-0.0012406856432356506,6.689954457293062e-05
2026-04-02 21:20:00,-0.0018055785057473628,0.0008603334774384339
2026-04-02 21:25:00,0.0004371884566172213,-0.0013534986558104418
2026-04-02 21:30:00,0.001328482425861921,-7.546648306632213e-05
2026-04-02 21:35:00,0.00221849708642452,-0.0008474490777043098
2026-04-02 21:40:00,0.001177742938519799,0.0008362095309154738
2026-04-02 21:45:00,0.0010829066612618732,0.0009213469635609288
2026-04-02 21:50:00,-0.00016471909548698704,0.0008377890901836805
2026-04-02 21:55:00,0.0001326767973779397,0.0012743458509274501
2026-04-02 22:00:00,-0.0015412479450596095,-9.26405407031479e-05
2026-04-02 22:05:00,-0.001631541783160273,-0.00011605908831090585
2026-04-02 22:10:00,-0.001117603221636898,-3.664740475139939e-05
2026-04-02 22:15:00,0.0008993499591198884,0.0016049075380289335
2026-04-02 22:20:00,0.001070865704418722,0.0004392974819710984
2026-04-02 22:25:00,0.00021633871444137753,-0.00037317368742816135
2026-04-02 22:30:00,-0.000220480026580816,-0.0006493943190212762
2026-04-02 22:35:00,0.00014126863538699297,0.0006350600197577326
2026-04-02 22:40:00,0.0016370871215922733,0.002301775051675359
2026-04-02 22:45:00,-0.0073571611551752625,0.0009896593523354422
2026-04-02 22:50:00,-0.008164170261267145,0.00021310902337082937
2026-04-02 22:55:00,-0.00948729692092698,0.016580081372676633
2026-04-06 00:00:00,0.000478656665700683,-0.0058165631459591175
2026-04-06 00:05:00,0.0016407602059125281,-0.001479338566416571
2026-04-06 00:10:00,0.0005783415570128625,0.012056121125721525
2026-04-06 00:15:00,-0.0008647674670392291,0.008034520008666035
2026-04-06 00:20:00,2.8005381343731983e-05,0.0011851454633393
2026-04-06 00:25:00,0.0014745513267406807,0.0001609419215523094
2026-04-06 00:30:00,0.0016770968175130463,0.013074414908400275
2026-04-06 00:35:00,-0.0004503354428688766,-0.017599846557378084
2026-04-06 00:40:00,0.00106360313088949,-0.0043631917507128285
2026-04-06 00:45:00,-0.0010343803045334,-0.00026411727500306244
2026-04-06 00:50:00,-0.0018703065786098705,-0.0022800070349995984
2026-04-06 00:55:00,-0.0030819587705384066,0.0007576101919164419
2026-04-06 01:00:00,-0.0027354836266546556,0.0013485701544108481
2026-04-06 01:05:00,-0.0026593920264073034,-0.0014761121817489235
2026-04-06 01:10:00,-0.004892408364629119,-0.002986860980423232
2026-04-06 01:15:00,-0.002140487285547721,-0.004589682772333134
2026-04-06 01:20:00,-0.0009942221139880303,-0.0003130950553352669
2026-04-06 01:25:00,-0.0004122190460176256,-0.002776441803393895
2026-04-06 01:30:00,-0.0004984450784224492,0.0020834601158704613
2026-04-06 01:35:00,0.0006369357971767187,-0.0003187873677025717
2026-04-06 01:40:00,0.0007743976300425004,8.542581935225114e-05
2026-04-06 01:45:00,0.0024313607564270256,-0.0015879860359503
2026-04-06 01:50:00,0.0012034373002798304,-0.00015638468315589302
2026-04-06 01:55:00,0.00320184547273783,-0.00472972910538067
2026-04-06 02:00:00,-0.0021409321120522407,-0.00015143339917858445
2026-04-06 02:05:00,-0.0012814076455978096,0.001505260036633176
2026-04-06 02:10:00,-0.004996673508962601,0.0006519204474053566
2026-04-06 02:15:00,-0.0011123218423634285,-0.0029604127330931317
2026-04-06 02:20:00,-0.001391493044897274,0.0033232604490320105
2026-04-06 02:25:00,0.0033439915270943033,0.0010976802705187955
2026-04-06 02:30:00,0.0018207005621349026,0.0013573810538242458
2026-04-06 02:35:00,0.0024587255398351715,-0.005447201668286551
2026-04-06 02:40:00,0.0008591298214746246,0.00029817106639973853
2026-04-06 02:45:00,0.0029170394915105646,-0.0005715336361945486
2026-04-06 02:50:00,0.003647688283390238,0.0005287510369782575
2026-04-06 02:55:00,0.004146754651543461,-8.369322453825618e-05
2026-04-06 03:00:00,-0.0013828571162868286,-0.0016848915352327158
2026-04-06 03:05:00,-0.0012597448525877297,-0.0023523837188446973
2026-04-06 03:10:00,-0.0001680397094716568,0.0009382283324376022
2026-04-06 03:15:00,0.0008623494259669684,-0.004429930805424591
2026-04-06 03:20:00,0.000388446735888337,-0.001486494387824365
2026-04-06 03:25:00,-0.0029020581812826407,-0.002332321415188057
2026-04-06 03:30:00,-0.0010829190587475779,-0.0022136678012371863
2026-04-06 03:35:00,-0.0018399825512105394,-0.002950857278074511
2026-04-06 03:40:00,-0.00038253439223545627,-0.0022815903156936943
2026-04-06 03:45:00,0.001288130789371067,-0.0021006630736691147
2026-04-06 03:50:00,0.0013198612929645748,0.0003622842666073004
2026-04-06 03:55:00,0.002243409713083011,-0.0016731952458800745
2026-04-06 04:00:00,0.0072610832697321825,-0.011247771702097528
2026-04-06 04:05:00,0.007049289040466533,-0.0020749829760288658
2026-04-06 04:10:00,0.005340997928685809,-0.002487493714698981
2026-04-06 04:15:00,-0.0019295640215428733,-0.00187045036481269
2026-04-06 04:20:00,-0.0029281214838210445,0.000518265628963192
2026-04-06 04:25:00,-0.0021841455243798436,-0.001223704942799235
2026-04-06 04:30:00,-0.00037819288717599875,-0.0019806945500914835
2026-04-06 04:35:00,-0.00022361071188470305,-0.001181071328445018
2026-04-06 04:40:00,-0.000679625457916444,-0.0015890699516368614
2026-04-06 04:45:00,-0.0039020069880155717,0.020643405713524157
2026-04-06 04:50:00,-0.004379071964029535,-0.0013220106375733
2026-04-06 04:55:00,-0.003109363448510649,-0.0020276841642698114
2026-04-06 05:00:00,-0.0017275972776804593,0.0008752584851967688
2026-04-06 05:05:00,0.0003476642289594878,-0.0005922317854861128
2026-04-06 05:10:00,-0.0006174198953523558,-0.0007702179579255419
2026-04-06 05:15:00,0.0010541893116311485,-0.0006076581599905129
2026-04-06 05:20:00,-0.0005269420852780371,-7.643409344468379e-05
2026-04-06 05:25:00,0.00044475342826189035,-0.0005212606090302109
2026-04-06 05:30:00,0.0007014567925853754,-0.0022310542578796574
2026-04-06 05:35:00,0.0013535088053000521,-0.001285320573666664
2026-04-06 05:40:00,0.0017339436672028086,-0.0012989172759762704
2026-04-06 05:45:00,0.002921395901440249,-0.0005804240708947433
2026-04-06 05:50:00,0.0023873764862063496,0.002159347594879676
2026-04-06 05:55:00,0.0005923883655842843,-0.0007820915203544682
2026-04-06 06:00:00,-0.0009943846074200735,-0.002665374308139584
2026-04-06 06:05:00,-0.0009581442449331234,0.0005451280863254287
2026-04-06 06:10:00,0.0006953392103774547,-0.0015711136051715113
2026-04-06 06:15:00,0.0010331068591682424,-0.002421332350187523
2026-04-06 06:20:00,0.0013777160941597089,-0.0025536433428586915
2026-04-06 06:25:00,0.0004754799801709453,-0.002478163174688931
2026-04-06 06:30:00,0.000769831255750475,-0.0016961299560001569
2026-04-06 06:35:00,0.0016464624130367866,-0.0006689542482610144
2026-04-06 06:40:00,0.0022409610914913003,-0.00019597910034395717
2026-04-06 06:45:00,0.0023767132049190565,-0.001557573372276676
2026-04-06 06:50:00,0.003149946585265795,-4.055197576892143e-05
2026-04-06 06:55:00,0.0030600395454012386,0.00209655477688587
2026-04-06 07:00:00,0.003034058916833615,7.633489765995424e-05
2026-04-06 07:05:00,0.0005136854474585562,0.000738358068921162
2026-04-06 07:10:00,-0.0012867328079817497,-0.0004533382775508422
2026-04-06 07:15:00,-0.0021166610898291083,-0.0020405895630793178
2026-04-06 07:20:00,-0.0016061439516512621,0.0006307452109643745
2026-04-06 07:25:00,-0.0012733748507720577,-0.0013344950486440484
2026-04-06 07:30:00,-0.0016446261218483471,-0.0007224843536909003
2026-04-06 07:35:00,0.000304294628119095,0.013827453133758605
2026-04-06 07:40:00,-0.0019797352075752173,-0.011838906563398019
2026-04-06 07:45:00,-0.001333552568549834,-0.0038988861117945583
2026-04-06 07:50:00,-0.0019666912854816587,0.0010744472236766658
2026-04-06 07:55:00,0.0018102584077936967,5.360013816871746e-05
2026-04-06 08:00:00,0.0011060510705647175,-0.0004037845098305989
2026-04-06 08:05:00,-0.0005926956874500178,0.0010429683892906965
2026-04-06 08:10:00,-0.0008606988504098467,0.00017362954582462553
2026-04-06 08:15:00,-0.00010303657378152309,0.000964171546717393
2026-04-06 08:20:00,-8.163054877385889e-05,-0.0006436671257592291
2026-04-06 08:25:00,-0.00026844917076296326,0.0012043314689233512
2026-04-06 08:30:00,-0.00037359660160873887,-0.0004039047409469313
2026-04-06 08:35:00,0.0017192774685774737,-0.001100859527886958
2026-04-06 08:40:00,0.002192729259164139,-0.00037378202256458206
2026-04-06 08:45:00,0.0004959513511124669,-5.5691825656222936e-05
2026-04-06 08:50:00,-0.0012811284264628853,-0.0009633086680994251
2026-04-06 08:55:00,-0.0028824370631213014,-0.0006538027239553124
2026-04-06 09:00:00,-0.0019401190567673865,0.00020024043535211565
2026-04-06 09:05:00,-0.0024875394047150223,0.0004430651613924739
2026-04-06 09:10:00,-0.00037405921320399216,-0.0007043911591968416
2026-04-06 09:15:00,0.0007932609782255184,0.0033636984044664565
2026-04-06 09:20:00,0.002506865088657051,-0.0019205814507487775
2026-04-06 09:25:00,0.002898521637256124,-0.0003996444215860019
2026-04-06 09:30:00,0.004006121762554216,-0.0010645096447753737
2026-04-06 09:35:00,0.005159458491434066,0.0008022149597173242
2026-04-06 09:40:00,0.004507118575991953,0.003644311941884846
2026-04-06 09:45:00,0.004448366962675365,0.0018048897842834377
2026-04-06 09:50:00,0.0007388615888963557,0.0026389793136395185
2026-04-06 09:55:00,0.0009535787120960038,0.0012567311122874637
2026-04-06 10:00:00,-0.0013411816134158983,-0.0012953871636160147
2026-04-06 10:05:00,0.001540030422413352,0.004890892384144743
2026-04-06 10:10:00,0.00026436639630667,0.00011882239893934335
2026-04-06 10:15:00,0.001635190857651736,-0.001385020724799436
2026-04-06 10:20:00,-0.0003005675633485083,0.0011430924306597698
2026-04-06 10:25:00,0.0004305117828522498,0.0002495843150936211
2026-04-06 10:30:00,0.0005132437221675445,7.350793605340644e-05
2026-04-06 10:35:00,0.0008140945353307671,0.0005541405384137652
2026-04-06 10:40:00,0.000813629834810925,-0.0051169303899421675
2026-04-06 10:45:00,0.00043424120226376317,-0.006414710235370899
2026-04-06 10:50:00,0.000998598000407469,-0.0038358499087373554
2026-04-06 10:55:00,0.0010129169040027364,-0.00272101294044167
2026-04-06 11:00:00,0.0003106647399224727,-0.0011884337191019286
2026-04-06 11:05:00,0.0006658873407268118,-0.0034626376657275098
2026-04-06 11:10:00,0.0002403107463422316,-0.0006616988287682988
2026-04-06 11:15:00,0.0007464773952392534,-0.0023149327566353186
2026-04-06 11:20:00,0.00014673342709592418,-0.0013887591254609618
2026-04-06 11:25:00,0.00017434863818444057,-0.0013356109565116573
2026-04-06 11:30:00,-0.0006677626160733752,-0.0008834592087015921
2026-04-06 11:35:00,-0.0017750048290547937,-0.0007811095876670685
2026-04-06 11:40:00,-0.0020792793650166175,-0.001294024558646461
2026-04-06 11:45:00,-0.0007150427414988059,-0.0011652946769056401
2026-04-06 11:50:00,-0.0003600674579455898,-0.0009463736148070583
2026-04-06 11:55:00,-0.001494556660391666,-0.0006595446845220595
2026-04-06 12:00:00,-0.001452940542311154,0.0004923237132361785
2026-04-06 12:05:00,-0.0006714778840475333,0.00020860526442940779
2026-04-06 12:10:00,0.0006633386224184079,0.0009491949873591588
2026-04-06 12:15:00,-0.0001172646632809915,0.0009020751622376053
2026-04-06 12:20:00,0.0005883669788886436,0.005955372095337799
2026-04-06 12:25:00,0.0011975870694040935,0.001217099515048804
2026-04-06 12:30:00,0.0006224115236221905,0.0014005777109069241
2026-04-06 12:35:00,-0.0002365842362799242,0.002486823486760898
2026-04-06 12:40:00,-0.0011933226498026528,8.13370304644605e-06
2026-04-06 12:45:00,5.753218874282595e-05,0.000819546006864365
2026-04-06 12:50:00,0.00034313542996855517,0.0008634176731059463
2026-04-06 12:55:00,-7.889470652600039e-05,0.0011221061723925552
2026-04-06 13:00:00,-0.00028556267762169796,0.0016187837725204286
2026-04-06 13:05:00,-0.0009700345389376253,0.00033218551779076375
2026-04-06 13:10:00,-0.00019833039990224677,0.0010182603027564146
2026-04-06 13:15:00,-0.0005159243794885526,0.0016833682980450014
2026-04-06 13:20:00,0.00034335057176804185,0.0011257598026186073
2026-04-06 13:25:00,-0.0008940412430558098,0.0012400860502711111
2026-04-06 13:30:00,-0.0013849309374833751,0.00018959115522671199
2026-04-06 13:35:00,-0.0013591640567565122,-0.001644751457352522
2026-04-06 13:40:00,-0.0011705026166861643,0.0019668830868538535
2026-04-06 13:45:00,-0.0001751201285831172,-1.3582491906772036e-05
2026-04-06 13:50:00,-0.0008779303623960288,0.0006953516386317047
2026-04-06 13:55:00,-0.0013494860207607928,0.020748373332376308
2026-04-06 14:00:00,-0.001883410833407595,0.0005200233848427707
2026-04-06 14:05:00,-0.0032385520546789337,-0.002398798156650536
2026-04-06 14:10:00,-0.00130630793901787,-0.008708941176825462
2026-04-06 14:15:00,8.772896462971858e-05,0.0020519595014213956
2026-04-06 14:20:00,0.0026891866434013423,0.0008764230433444152
2026-04-06 14:25:00,0.0022453665323354244,0.001138589487670242
2026-04-06 14:30:00,0.0010906199223139623,0.0005243002169006359
2026-04-06 14:35:00,3.4210548825797105e-05,0.0019916118307567463
2026-04-06 14:40:00,-2.13810444229523e-05,0.0009384873232304351
2026-04-06 14:45:00,-0.001465126514261783,0.0007235661988762893
2026-04-06 14:50:00,-0.0014763940159721045,9.447478361306722e-06
2026-04-06 14:55:00,-0.0017805060740503365,0.0010777842361203711
2026-04-06 15:00:00,-0.0017416923236357462,-0.00020469617049200515
2026-04-06 15:05:00,0.0005458778332538827,0.0008881640583653235
2026-04-06 15:10:00,0.0003405101045537151,0.0015287535553675379
2026-04-06 15:15:00,0.0016389459999377465,0.0012246416115014628
2026-04-06 15:20:00,0.00020115040982737753,0.0013794239775849605
2026-04-06 15:25:00,-0.0009018552908681698,0.16985608221467963
2026-04-06 15:30:00,-0.0014760023802136146,0.002901962442130232
2026-04-06 15:35:00,0.0012359725126174226,0.0012152816310363975
2026-04-06 15:40:00,0.0034445167879297856,7.450964267861416e-05
2026-04-06 15:45:00,0.0009556870531106654,0.00046095285207757954
2026-04-06 15:50:00,-0.0017389244228258605,0.001681027067965139
2026-04-06 15:55:00,-0.0021444760187190326,0.00037688119634634275
2026-04-06 16:00:00,0.003331326501461618,0.002960983132512285
2026-04-06 16:05:00,0.003122768269337328,-0.0009152371885541754
2026-04-06 16:10:00,0.0029621419164787,0.0013604119116432487
2026-04-06 16:15:00,0.0015315049279873705,-0.0010229795428918318
2026-04-06 16:20:00,-0.00035645563945507774,-0.0005550576822284767
2026-04-06 16:25:00,-0.0003735241836313463,0.0009298028985119337
2026-04-06 16:30:00,-0.0026677837375448377,0.0005865381863006353
2026-04-06 16:35:00,0.00015796608031592996,-0.00031126965870700027
2026-04-06 16:40:00,-0.00016225967989313972,-0.0014295226328515072
2026-04-06 16:45:00,-0.0015891096952902473,-0.0017923882141891623
2026-04-06 16:50:00,-0.0037616660678949643,-0.0008989318933995312
2026-04-06 16:55:00,-0.004588312581239151,-0.002281667182442402
2026-04-06 17:00:00,-0.0010108149484722162,-8.527182842051539e-05
2026-04-06 17:05:00,-0.0003857338527133436,0.0003057170252291203
2026-04-06 17:10:00,0.0011897604840243048,-9.186288263667583e-05
2026-04-06 17:15:00,7.498958184015692e-05,0.0025278802298676194
2026-04-06 17:20:00,-0.0023261263978344715,0.0009393189573304861
2026-04-06 17:25:00,-0.0014965408692191318,0.00021719604028784946
2026-04-06 17:30:00,-0.0007437167532255984,0.0003829689926993466
2026-04-06 17:35:00,0.0023668497735940264,-5.694517135789931e-05
2026-04-06 17:40:00,0.0016593528902486554,-0.0018828050982733564
2026-04-06 17:45:00,0.0005144452036418556,-0.000585922209436036
2026-04-06 17:50:00,-0.0004973673932440192,0.0006781290508358151
2026-04-06 17:55:00,0.00045401979620862676,-6.522726524481738e-05
2026-04-06 18:00:00,0.00045420656038075435,0.0007909083841841596
2026-04-06 18:05:00,0.0012001201560458696,0.00013392362971773823
2026-04-06 18:10:00,-0.0010089748194559434,5.5352354070985254e-05
2026-04-06 18:15:00,-0.00034492104113859057,0.0009892692124657248
2026-04-06 18:20:00,-0.0008506508420040859,-0.000733139022282406
2026-04-06 18:25:00,-0.00046948810581426415,-0.0006322274140867905
2026-04-06 18:30:00,-0.00042220815488924757,-5.002535420679409e-06
2026-04-06 18:35:00,-0.0004524038049069645,0.00014206650293277696
2026-04-06 18:40:00,-0.0006349097611870747,8.755266111966516e-05
2026-04-06 18:45:00,-0.0013642859565390353,-0.0015456629133795007
2026-04-06 18:50:00,-0.0009569399252775668,0.0020439481118332274
2026-04-06 18:55:00,-0.0016255749191191882,9.581690277565467e-05
2026-04-06 19:00:00,0.0002081953867545394,-0.0015500550466990923
2026-04-06 19:05:00,0.00029404536881116883,0.00012791756044060708
2026-04-06 19:10:00,0.0007282922513880408,0.002520331953908873
2026-04-06 19:15:00,-9.872642914388052e-05,-0.0010889966275028423
2026-04-06 19:20:00,-3.433660604557076e-05,0.0001575191419342166
2026-04-06 19:25:00,-4.295237441276356e-05,0.00047052645552152304
2026-04-06 19:30:00,-0.0014025383298719163,0.00017741449781622128
2026-04-06 19:35:00,-0.0008459111224290439,0.00042645180487775516
2026-04-06 19:40:00,-0.0004747466048655724,-0.0003408868632328332
2026-04-06 19:45:00,8.597343420291281e-06,-7.9965407673902e-05
2026-04-06 19:50:00,0.0005647358077691678,-0.0015149520075268194
2026-04-06 19:55:00,0.0011853711148166468,0.0016018242554697196
2026-04-06 20:00:00,0.002273550410789582,-0.000681843377661085
2026-04-06 20:05:00,0.0008089703879523569,-0.0005511304338336321
2026-04-06 20:10:00,0.00028754130922159504,-0.0010522431880593598
2026-04-06 20:15:00,-0.0008581463279853097,-0.0006334600672769182
2026-04-06 20:20:00,-0.0026310124380106714,-0.00017668155413600437
2026-04-06 20:25:00,-0.0022467382357795884,7.432042200212867e-06
2026-04-06 20:30:00,-0.0017873067345846039,-0.0003257692275371771
2026-04-06 20:35:00,0.00027093802781053,0.0003712638546594367
2026-04-06 20:40:00,0.0017316802911064855,-0.00036990536528097996
2026-04-06 20:45:00,0.00164134859426035,0.0014389365997186138
2026-04-06 20:50:00,8.600005159564716e-06,-0.002957961231080397
2026-04-06 20:55:00,-0.001632769173417259,0.0007024657270936936
2026-04-06 21:00:00,-0.002247868051586721,-0.0009960718513471918
2026-04-06 21:05:00,-0.0008194826533642896,-6.563076202536133e-05
2026-04-06 21:10:00,-0.00013331727811660699,0.0005191098997564766
2026-04-06 21:15:00,0.000866650878906583,-0.000133077669850744
2026-04-06 21:20:00,0.0008667813597522667,-0.0030817983337056184
2026-04-06 21:25:00,0.00033755927764644866,-0.0006428908733313312
2026-04-06 21:30:00,0.0007112536305697859,-0.0011151791080292192
2026-04-06 21:35:00,0.0007650682272455356,-0.0004529802112322827
2026-04-06 21:40:00,0.0008788394728362903,-0.0006985931663745638
2026-04-06 21:45:00,-3.436920691157752e-05,-0.000954307858834244
2026-04-06 21:50:00,-0.0002492276105527935,-0.0006837297309805264
2026-04-06 21:55:00,0.0002834704533238863,-0.001048639924306624
2026-04-06 22:00:00,0.0003307545959945202,-0.0003967148519296265
2026-04-06 22:05:00,0.0005714126291582744,-0.0005897998359036814
2026-04-06 22:10:00,-0.00017179068206552017,-0.0002268918858998562
2026-04-06 22:15:00,2.576849157698291e-05,-0.0007842289099237148
2026-04-06 22:20:00,-0.000831449014226493,-0.0008291536945402955
2026-04-06 22:25:00,-0.0007196941932718914,0.0036292057843816724
2026-04-06 22:30:00,-0.0014225548212962735,0.001933480159053959
2026-04-06 22:35:00,-8.812684252568204e-05,-0.0009504073450139125
2026-04-06 22:40:00,-0.0006944049089447901,0.0006558912967838939
2026-04-06 22:45:00,0.002540697062025643,-0.0009580052916813518
2026-04-06 22:50:00,0.003257674396962784,0.0001284465052372927
2026-04-06 22:55:00,0.003038488033743292,-0.0018929158598208
2026-04-07 00:00:00,0.0006004048624461689,-0.00029974184786316603
2026-04-07 00:05:00,-0.001256316585468653,0.0012888122058332784
2026-04-07 00:10:00,-0.0003409672136225339,-9.292410000679222e-05
2026-04-07 00:15:00,-0.0010037362131942729,-0.0014314171617321614
2026-04-07 00:20:00,-0.000156614215526929,0.0006493090643745511
2026-04-07 00:25:00,-0.0005835595149576989,0.00044481925194529226
2026-04-07 00:30:00,0.00024244738956724632,-0.0003190424964655198
2026-04-07 00:35:00,-0.0006331430181063524,-0.0003492353420140471
2026-04-07 00:40:00,-0.00023180193915806058,-0.001187604153665492
2026-04-07 00:45:00,-0.0003475977170790401,-0.0006266684083772886
2026-04-07 00:50:00,0.0004121250686175415,-0.0011802179249832635
2026-04-07 00:55:00,0.00034553694316130645,-0.0004686813411566256
2026-04-07 01:00:00,-0.0002747305833192826,-0.0003696291168305495
2026-04-07 01:05:00,-0.0012798599914010111,0.0016244291613695195
2026-04-07 01:10:00,-0.0012517970717613736,0.0010474368957451826
2026-04-07 01:15:00,-0.0009514084460935379,0.0001607999629716383
2026-04-07 01:20:00,0.0003458955021873322,-0.00035390778585031737
2026-04-07 01:25:00,0.00017186597074569931,0.00023977542218245134
2026-04-07 01:30:00,0.00042105082877341715,0.00026127709690830904
2026-04-07 01:35:00,0.0009404025959387496,0.0001503924757462891
2026-04-07 01:40:00,0.0007472734530988845,-0.0007647061068505839
2026-04-07 01:45:00,-0.00019976221918405201,0.005821885795263041
2026-04-07 01:50:00,-0.0012841493095585577,0.00044198087953468263
2026-04-07 01:55:00,-0.00017388448318023109,-0.0014670943989916608
2026-04-07 02:00:00,0.000710800002009293,-0.0008176048457168258
2026-04-07 02:05:00,0.0011489403632420903,-0.00037906660820304127
2026-04-07 02:10:00,0.0003026683132603125,0.00024568897579318127
2026-04-07 02:15:00,0.0005365232990541813,7.118172589925067e-06
2026-04-07 02:20:00,0.00033906089042901044,-0.00021883345805517916
2026-04-07 02:25:00,0.0003326148168714127,-0.0010704429795728337
2026-04-07 02:30:00,-0.00037982873828745767,-0.00013363859441013043
2026-04-07 02:35:00,-0.0006825308852622669,-0.000460200177277715
2026-04-07 02:40:00,-0.0018361257975794132,6.372852170412617e-05
2026-04-07 02:45:00,0.0005042610161805072,-0.001268095475024883
2026-04-07 02:50:00,-0.002558266418619226,0.0002702631636388857
2026-04-07 02:55:00,-0.0024448048263980837,-1.554455056527158e-05
2026-04-07 03:00:00,-0.0022400033419938126,-0.00021133145297095885
2026-04-07 03:05:00,0.0009101168826628481,-0.0007105445145202172
2026-04-07 03:10:00,0.0028810557829146433,0.00026273356572463816
2026-04-07 03:15:00,0.0015447004709656653,0.0004481890935876669
2026-04-07 03:20:00,-0.0022585255987443986,0.00033007930229613457
2026-04-07 03:25:00,-0.0026203650371439124,-0.0017282347747542746
2026-04-07 03:30:00,-0.005033880026850568,-0.00010413219865765136
2026-04-07 03:35:00,-0.002730381542804139,-0.0008379935058237848
2026-04-07 03:40:00,-0.003245158848427465,-0.0003416885507579132
2026-04-07 03:45:00,-0.001476872322522027,-0.00017012637717430122
2026-04-07 03:50:00,0.0011340673944157942,-0.0006607705263610099
2026-04-07 03:55:00,-3.890218047253313e-05,-0.0006077750869575484
2026-04-07 04:00:00,0.0006674536675319587,-0.0009224887242743752
2026-04-07 04:05:00,-0.00040595633503848205,-0.0005231569024500088
2026-04-07 04:10:00,0.001658482609768086,-0.001448838273819805
2026-04-07 04:15:00,0.001547037688810704,-0.0017472853917752133
2026-04-07 04:20:00,0.002674548107680863,-0.0006692652911657442
2026-04-07 04:25:00,0.0024890349904200804,-0.0010747320982931246
2026-04-07 04:30:00,0.002816060283437949,-0.0006892111851283609
2026-04-07 04:35:00,0.0017518302923971163,0.0010851975387060919
2026-04-07 04:40:00,0.0009530274399391914,-0.000876205542087801
2026-04-07 04:45:00,-0.0009076791998943179,0.0001620279151504755
2026-04-07 04:50:00,-0.0009637725554547671,-0.001320202924145405
2026-04-07 04:55:00,-0.0011252285799052686,-0.0013032635893844475
2026-04-07 05:00:00,-0.0011497619924618618,-0.001627658638772303
2026-04-07 05:05:00,-0.0008074440314782549,-0.0013298074895355823
2026-04-07 05:10:00,-0.0005792439198692989,-0.0014750015830484835
2026-04-07 05:15:00,0.0009108753322841778,-0.001239144241447216
2026-04-07 05:20:00,0.0006933648281020055,0.0006820838547521358
2026-04-07 05:25:00,0.0011904237957836017,-0.0005235474979963132
2026-04-07 05:30:00,0.0003873550157109662,-0.00046385146793260986
2026-04-07 05:35:00,0.0005143296880536496,-0.0002426122720213517
2026-04-07 05:40:00,0.00034416225869193795,6.514370744495313e-05
2026-04-07 05:45:00,0.0003721498580713245,-0.00017805293791864373
2026-04-07 05:50:00,0.0001333812360382325,-0.0006595271738469258
2026-04-07 05:55:00,-0.0007121166623189623,-6.013839982125764e-06
2026-04-07 06:00:00,-4.086518039869702e-05,0.0003598777217990489
2026-04-07 06:05:00,0.000217244246838888,-0.0001775254362603283
2026-04-07 06:10:00,0.0008648007302483052,-0.0003869035987133264
2026-04-07 06:15:00,0.0021292169370372704,0.001781436767794028
2026-04-07 06:20:00,0.0019359051887875012,7.496699009824578e-05
2026-04-07 06:25:00,0.002544883100906503,0.00046995903119482487
2026-04-07 06:30:00,0.00043345221760660024,0.000492199147963477
2026-04-07 06:35:00,0.0007231224612880283,-0.0022130951968927256
2026-04-07 06:40:00,-0.00040331318029274144,1.896999361189521e-05
2026-04-07 06:45:00,-0.000980900424968567,-0.00021109697968702817
2026-04-07 06:50:00,-0.0014166953448402353,2.0178192659983814e-05
2026-04-07 06:55:00,-0.0009918122638481464,-0.0006064362131171823
2026-04-07 07:00:00,-0.00042528422729226634,-0.00018147773776029305
2026-04-07 07:05:00,-0.0018942066822251746,0.0009673623914854509
2026-04-07 07:10:00,-0.004971712020553909,0.000455213941307904
2026-04-07 07:15:00,-0.00492324325510296,-0.0009957415018859825
2026-04-07 07:20:00,-0.001505451892889198,-0.0018021893473221483
2026-04-07 07:25:00,-0.0002547413202034221,-0.0010686249487037922
2026-04-07 07:30:00,0.0009451776148470259,-0.000699298700373617
2026-04-07 07:35:00,-0.00011855096250279473,0.00032275960264073586
2026-04-07 07:40:00,0.002484194734108769,0.0010144243214621155
2026-04-07 07:45:00,0.001988858312202524,0.00027087787325569756
2026-04-07 07:50:00,0.0009996984501299266,-0.0011722541410271671
2026-04-07 07:55:00,0.0008783411972785871,0.0008090107422974289
2026-04-07 08:00:00,-0.0006115352092468385,-4.9236926675837466e-05
2026-04-07 08:05:00,-0.00029721970570051326,5.8344226228600735e-05
2026-04-07 08:10:00,-0.001154058278837411,0.00020375968976198762
2026-04-07 08:15:00,0.00023690660390940366,0.0006260034693497008
2026-04-07 08:20:00,0.0007622558835596038,-8.898121041102527e-05
2026-04-07 08:25:00,0.0023089356127794503,0.0003021494203619045
2026-04-07 08:30:00,0.0015643276313674903,-0.0009527833145893755
2026-04-07 08:35:00,0.0016817967786071364,-8.946805321113422e-05
2026-04-07 08:40:00,0.0004534138811589372,-9.242798300001642e-05
2026-04-07 08:45:00,0.0001375953494946458,-0.0036837910905194488
2026-04-07 08:50:00,0.0002234531251925631,-0.0004164263069706712
2026-04-07 08:55:00,-0.0006232283860896359,0.00015384441132932302
2026-04-07 09:00:00,9.028666020682863e-05,-0.0002426237450485916
2026-04-07 09:05:00,-0.0014253698861121933,0.0009970937952173526
2026-04-07 09:10:00,-0.0024041396337644017,7.982921230004505e-05
2026-04-07 09:15:00,-0.0019020411789814062,-0.0055615653266863265
2026-04-07 09:20:00,-0.0004884898337387256,-0.0011493273904561838
2026-04-07 09:25:00,0.000525659294407177,-0.0003511790114417205
2026-04-07 09:30:00,6.46101263335197e-06,0.0007628766746189475
2026-04-07 09:35:00,-0.0013397291960419722,0.0004956329104031128
2026-04-07 09:40:00,0.00077075443016561,-0.0005937295254498984
2026-04-07 09:45:00,0.0015064295096092195,0.00045072063077742036
2026-04-07 09:50:00,0.002559431735567941,0.0015327690863839298
2026-04-07 09:55:00,0.00361117858724036,0.0009522661486721284
2026-04-07 10:00:00,0.0023304901890046636,0.0002443537093285564
2026-04-07 10:05:00,0.006808956331497029,-0.00019177536520408533
2026-04-07 10:10:00,0.002978362519028721,0.0005397165653688359
2026-04-07 10:15:00,0.005099502492807773,-0.00047064199754771375
2026-04-07 10:20:00,-0.0004207329571777052,0.002090709209310935
2026-04-07 10:25:00,0.0012435314472369896,-0.0024539737882475618
2026-04-07 10:30:00,-0.0006127902538182184,-0.0009234334473334959
2026-04-07 10:35:00,0.0007281618506560505,0.001325184043037203
2026-04-07 10:40:00,2.5623560009790936e-05,-0.0012696424502113076
2026-04-07 10:45:00,0.0002114230379959281,-0.005266259923586198
2026-04-07 10:50:00,0.0002923967268131378,-0.0012428344965700173
2026-04-07 10:55:00,0.00048245446437711337,0.00013871551181107196
2026-04-07 11:00:00,0.0015405430366026707,-0.0012875612611747697
2026-04-07 11:05:00,0.0017121119549408093,-0.00045857114245857213
2026-04-07 11:10:00,0.0002902144406320417,-0.0010203071371353506
2026-04-07 11:15:00,-0.0015704385304999846,0.002259757297703816
2026-04-07 11:20:00,-0.003775655272855616,-0.00039894550330267986
2026-04-07 11:25:00,-0.00409639487668656,-0.0036737419128533033
2026-04-07 11:30:00,-0.0034075300167053513,0.00041710886491578593
2026-04-07 11:35:00,-0.0012324653431452504,-0.000992427142940299
2026-04-07 11:40:00,0.0009721669809223954,0.0005938979076012847
2026-04-07 11:45:00,0.0016506688312958318,-0.0004487847581262863
2026-04-07 11:50:00,0.0007148437386383932,0.00219100111634462
2026-04-07 11:55:00,0.0008814135705019766,0.00038883304094926253
2026-04-07 12:00:00,0.0005154093608510379,-0.0021931921867352016
2026-04-07 12:05:00,-0.00036163850453263535,0.00036464251752425087
2026-04-07 12:10:00,-0.0016993412188028856,0.0008568936096668613
2026-04-07 12:15:00,-0.0020310963662790726,6.775637834838141e-05
2026-04-07 12:20:00,-0.001805868598131255,0.0013409253178259624
2026-04-07 12:25:00,-0.001273186524459291,-0.00018298741975132003
2026-04-07 12:30:00,-0.0036423188390575234,0.0006431338585778385
2026-04-07 12:35:00,-0.0017038886680644794,0.0016667792197517582
2026-04-07 12:40:00,-0.00232764482693959,0.0005094511499952254
2026-04-07 12:45:00,0.0008360943919587527,-0.0006185422764378307
2026-04-07 12:50:00,-0.0010314684726466794,1.2032143428112034e-05
2026-04-07 12:55:00,-0.0036915193070843344,-0.0031067863748401375
2026-04-07 13:00:00,-0.003046834490779915,0.0006487342490822034
2026-04-07 13:05:00,-0.0013618777512363067,0.0003706865718547659
2026-04-07 13:10:00,0.002773143885107743,0.00019893589661621722
2026-04-07 13:15:00,0.0019849392305726354,0.0024472866240312758
2026-04-07 13:20:00,0.001983035165830316,0.0016065196350168536
2026-04-07 13:25:00,0.0034626192381814747,0.002556012618042044
2026-04-07 13:30:00,0.002311508944409013,0.0017990682415139547
2026-04-07 13:35:00,0.0009964844683629792,0.001960305921820775
2026-04-07 13:40:00,-0.0006885612238853867,0.002977486996153973
2026-04-07 13:45:00,-0.0004850597405390289,0.0015635549953460968
2026-04-07 13:50:00,-0.0004251025248134255,0.0003226453491794104
2026-04-07 13:55:00,-0.0011379154618840204,0.0012151929986515728
2026-04-07 14:00:00,-8.372880887819178e-05,0.0024344905308234907
2026-04-07 14:05:00,0.002359397174915401,0.0011675414509804145
2026-04-07 14:10:00,0.0023838425036633026,0.002951694820725701
2026-04-07 14:15:00,0.0007018169189851875,0.002144632302035462
2026-04-07 14:20:00,-0.0009452353664496371,0.0010777786678543247
2026-04-07 14:25:00,-0.0020165622313985665,0.0016256074705454575
2026-04-07 14:30:00,-0.0025456266049435072,-0.001577099401754582
2026-04-07 14:35:00,-0.0019060462620537066,0.0005693106987204968
2026-04-07 14:40:00,-0.0009861626506477705,-0.004818311528854756
2026-04-07 14:45:00,0.001328401105881838,-0.002463359262549593
2026-04-07 14:50:00,0.00022986258829860162,0.0008469932836770774
2026-04-07 14:55:00,0.001007636854760463,-0.0007654486985254191
2026-04-07 15:00:00,-0.0009585070376036953,0.0012547525635227465
2026-04-07 15:05:00,0.0007515181018646899,-0.0015914295850487717
2026-04-07 15:10:00,0.0007448693978773235,8.456517792740449e-05
2026-04-07 15:15:00,-0.0009249918378291255,-0.0007144910290308841
2026-04-07 15:20:00,-0.0025962038674851584,0.0013095029033109418
2026-04-07 15:25:00,-0.004561626865354995,0.0019324744783634083
2026-04-07 15:30:00,0.00024316214192943164,0.002213770661216787
2026-04-07 15:35:00,0.001217272513924783,0.00018356875976779797
2026-04-07 15:40:00,0.0009027925774027779,0.002037468396956724
2026-04-07 15:45:00,-0.005034523144688663,0.0014278674193145345
2026-04-07 15:50:00,-0.008530511645060912,-0.001199853251039442
2026-04-07 15:55:00,-0.004502664736151019,0.0004734236757600249
2026-04-07 16:00:00,-0.0017466421628125062,0.0007832538185212289
2026-04-07 16:05:00,0.006296994197565908,-0.000984910480598703
2026-04-07 16:10:00,0.004941915691157206,0.0010780919299331942
2026-04-07 16:15:00,0.008039069031944734,0.0009889910715506506
2026-04-07 16:20:00,0.002697669250656176,-0.0015912993771180594
2026-04-07 16:25:00,0.00033576765194176517,-8.422080734601304e-07
2026-04-07 16:30:00,-0.00096747777510231,-0.002089379740501187
2026-04-07 16:35:00,-0.003395859372044896,-6.484143539082566e-05
2026-04-07 16:40:00,-0.0029957564593061647,0.0038712481357498253
2026-04-07 16:45:00,-0.004702350025542756,-0.0008362430335559506
2026-04-07 16:50:00,-0.0009230484544087147,0.0029361032223284393
2026-04-07 16:55:00,0.002072123999335318,0.002773751720778343
2026-04-07 17:00:00,0.0049496833966991005,0.0009112475978134638
2026-04-07 17:05:00,0.002458854241025321,-0.0016487748341332906
2026-04-07 17:10:00,0.002293514836370747,-0.0010231856342349283
2026-04-07 17:15:00,-0.0008777724078221638,0.0015615254342861197
2026-04-07 17:20:00,-0.0003444356456050457,-0.0012055595239534632
2026-04-07 17:25:00,-0.0015377521098827174,0.00265277384699058
2026-04-07 17:30:00,0.0012927248931173807,-0.0007644901604968406
2026-04-07 17:35:00,0.0018843334907963083,0.0011987423965641676
2026-04-07 17:40:00,0.002261719655342276,-0.0001242217869359039
2026-04-07 17:45:00,0.0020721835659891497,0.0009452910220952902
2026-04-07 17:50:00,6.017131635083217e-05,0.00015865022508976297
2026-04-07 17:55:00,0.0005453148147314124,0.0004890199178204168
2026-04-07 18:00:00,-0.0008627091316970592,-0.001996331490428854
2026-04-07 18:05:00,0.0009643958292571142,-0.0007730266539799434
2026-04-07 18:10:00,0.0008838945136826482,-0.0001402513006620246
2026-04-07 18:15:00,0.0004293015544405421,-0.000191888415795023
2026-04-07 18:20:00,1.5027763792474502e-05,-0.0009903767001068066
2026-04-07 18:25:00,-0.00041396011345540273,-0.00023295961168253023
2026-04-07 18:30:00,-0.00027473176265147004,0.0009745851108462116
2026-04-07 18:35:00,0.00045287377078828683,-0.0006915333005459601
2026-04-07 18:40:00,-0.00095726855256828,1.0309127302220617e-05
2026-04-07 18:45:00,0.0015915373059343096,0.0004442206241513318
2026-04-07 18:50:00,0.0014773886149370696,-0.0026868149678722195
2026-04-07 18:55:00,0.0024085931675923433,0.00029036279103353995
2026-04-07 19:00:00,-0.0019586795798343104,0.00012477261268824277
2026-04-07 19:05:00,-0.0018272209458007893,-0.0009782260232402283
2026-04-07 19:10:00,-0.0013955479789835579,0.0028224777051702363
2026-04-07 19:15:00,0.0033700670750178574,0.0013199903913748705
2026-04-07 19:20:00,0.004416493394931109,-0.0017972239191676185
2026-04-07 19:25:00,0.002320552059714487,-0.0014676601591288813
2026-04-07 19:30:00,0.001208482624614149,2.400357547268812e-05
2026-04-07 19:35:00,-0.00045531160238709845,0.0018833827978813112
2026-04-07 19:40:00,0.0007509362987700996,-6.65710503431425e-05
2026-04-07 19:45:00,5.771395044007477e-05,0.0008559701722858244
2026-04-07 19:50:00,0.0004061564827111397,-0.0005814153681783784
2026-04-07 19:55:00,0.0017243759821745641,-0.004900193782669636
2026-04-07 20:00:00,0.0013948091020719033,-0.00135941010886009
2026-04-07 20:05:00,-0.00010259238132270809,-0.0009964126669863719
2026-04-07 20:10:00,-0.000493290933128776,-0.0006407660379562507
2026-04-07 20:15:00,-0.0003992335622697851,-0.00012469094827487234
2026-04-07 20:20:00,0.00034620711224242484,-0.0007047764900932547
2026-04-07 20:25:00,-0.00041874079275316944,-0.0011634746548584841
2026-04-07 20:30:00,-0.0019429331140798922,-0.0010068579932450553
2026-04-07 20:35:00,-0.003268092168001502,0.0008571915229850776
2026-04-07 20:40:00,-0.003557816062260244,-0.00033971932655861244
2026-04-07 20:45:00,-0.0018030987338129023,-0.000644708449798158
2026-04-07 20:50:00,-0.0005532290058827272,-0.0005253887546404132
2026-04-07 20:55:00,0.0010652470097483047,-0.0009815328420470955
2026-04-07 21:00:00,0.005292974385024962,-0.0013292074224172737
2026-04-07 21:05:00,0.00570412672528775,0.0002504896325327452
2026-04-07 21:10:00,0.004047008913182992,0.001511691067050896
2026-04-07 21:15:00,-0.0009513530834475148,-0.0006850239047243476
2026-04-07 21:20:00,-0.0006677554385916551,-0.0008228443434939478
2026-04-07 21:25:00,-0.00017496730076338451,0.0016238991706689389
2026-04-07 21:30:00,0.00462454168985893,0.001482173895199161
2026-04-07 21:35:00,0.0031067109007008042,-0.0007717148303678526
2026-04-07 21:40:00,0.0035700934275624263,-0.0013692759964305493
2026-04-07 21:45:00,-0.0003633122645094744,0.0003193218411080723
2026-04-07 21:50:00,0.0015263770648097363,7.273533625413943e-05
2026-04-07 21:55:00,0.0013132089867955443,-0.00035789007545408897
2026-04-07 22:00:00,0.00030595594473048493,-0.001948015414983819
2026-04-07 22:05:00,-0.0002081983415376243,0.00036154889113312264
2026-04-07 22:10:00,0.0006559583648595435,-0.00038978124897318957
2026-04-07 22:15:00,0.0007390073005382192,-0.005006859440573139
2026-04-07 22:20:00,0.0003144052879964221,-3.0720450576680815e-05
2026-04-07 22:25:00,-0.0008938230209913911,0.0005821928803274826
2026-04-07 22:30:00,0.00018891133004039773,0.001539332254253824
2026-04-07 22:35:00,0.0003015662353629267,0.00028442691224331816
2026-04-07 22:40:00,-0.000316532674020209,0.0013115888777243789
2026-04-07 22:45:00,0.0067497435062744415,4.191892135569275e-05
2026-04-07 22:50:00,0.007505535318566459,0.004414542602119351
2026-04-07 22:55:00,0.005449893451846322,0.0007607142774153388
2026-04-08 00:00:00,-0.0027274087541027114,0.0067262809452332175
2026-04-08 00:05:00,-0.003485563577735107,-0.00017474776782878487
2026-04-08 00:10:00,0.0007097727124207864,-0.005722259008887005
2026-04-08 00:15:00,0.006359422409660809,0.010937106623620352
2026-04-08 00:20:00,0.010087620261517216,-0.0014084043503932368
2026-04-08 00:25:00,0.007317547137891012,0.013053981373357759
2026-04-08 00:30:00,0.0026954787891639853,0.011425737391724424
2026-04-08 00:35:00,0.0036968078020596096,-0.004151403467432132
2026-04-08 00:40:00,0.010248393117599619,0.008567424272776769
2026-04-08 00:45:00,0.007492281928643152,0.007051944501265746
2026-04-08 00:50:00,0.004032276118971723,0.008226058412552438
2026-04-08 00:55:00,-0.0002199635616406681,0.008741779706783482
2026-04-08 01:00:00,0.003024797530525092,0.004344863913978188
2026-04-08 01:05:00,0.0011917863670038997,0.007820426785636835
2026-04-08 01:10:00,-0.0007868694939752174,0.006525815812225324
2026-04-08 01:15:00,-0.003397041448167215,0.003251456313946775
2026-04-08 01:20:00,-0.001802764033371318,0.003675886022564529
2026-04-08 01:25:00,-0.00027835537852105574,0.003332107894465893
2026-04-08 01:30:00,0.000906452506576727,0.0029104653933934355
2026-04-08 01:35:00,0.001732209976484711,-0.00039190896763130446
2026-04-08 01:40:00,0.0045002589333567045,0.001546159959400328
2026-04-08 01:45:00,0.00673311169020252,0.054723035529909966
2026-04-08 01:50:00,0.00434017134996445,0.0029401881384685568
2026-04-08 01:55:00,-7.445939380978928e-05,-0.0018384201172324342
2026-04-08 02:00:00,-0.0022607145548150243,-0.008031154031683974
2026-04-08 02:05:00,-0.002339613014333608,-0.004022644651475816
2026-04-08 02:10:00,-0.0023980727517525224,-0.0019407579290113568
2026-04-08 02:15:00,-0.0036249007301414338,-0.002370339126885405
2026-04-08 02:20:00,-0.0015254521280105848,-0.0026135734874032732
2026-04-08 02:25:00,-0.0019674791283463833,0.0007979893378878884
2026-04-08 02:30:00,-0.00011835707929463979,-0.0017383796641956312
2026-04-08 02:35:00,0.00021154671839340722,-0.0005845070289566166
2026-04-08 02:40:00,0.0016502047818782728,-0.0009660693646510077
2026-04-08 02:45:00,-0.0016709518127306922,2.4421916465735063e-05
2026-04-08 02:50:00,-0.0006160988691270575,-0.0008385511030546018
2026-04-08 02:55:00,-0.0002509876168410585,-0.0004512607237109368
2026-04-08 03:00:00,-0.0008240335240294883,-0.00037232053439791707
2026-04-08 03:05:00,-0.003629609592524119,-0.00020326339147984157
2026-04-08 03:10:00,-0.005629516283987002,0.001044483068887877
2026-04-08 03:15:00,-0.0008101289464370609,-0.0015127499146973208
2026-04-08 03:20:00,-0.0006958275628452526,0.00021499666580024899
2026-04-08 03:25:00,0.0015322191089506276,-0.004043811362533843
2026-04-08 03:30:00,0.001939880968505392,-0.00017947583612737904
2026-04-08 03:35:00,0.002466544208420629,0.009627598210983059
2026-04-08 03:40:00,0.0021453274545102374,0.0011267182954597054
2026-04-08 03:45:00,0.001687048771879418,-0.004517422581931997
2026-04-08 03:50:00,0.0013213115314130164,0.0004979811873950337
2026-04-08 03:55:00,0.0005236679316968917,-0.0005550234437591984
2026-04-08 04:00:00,-0.0009657572338674925,-0.00011171087923481223
2026-04-08 04:05:00,-0.001348337687536727,-0.00038898597290290657
2026-04-08 04:10:00,-0.0003968818850577094,5.674930002154931e-06
2026-04-08 04:15:00,0.000492341196155266,-0.000995207098942168
2026-04-08 04:20:00,0.0008208534634910336,-0.00014647176947990017
2026-04-08 04:25:00,-0.0010563483770891224,-0.00014854722196743788
2026-04-08 04:30:00,-0.0017939536325428662,-0.00010615713605447417
2026-04-08 04:35:00,-0.0020544391830199515,-0.00032242345846905847
2026-04-08 04:40:00,-0.0005827166413947538,-0.00021701388595606156
2026-04-08 04:45:00,-0.0005390224261851984,0.001735411624381365
2026-04-08 04:50:00,-0.0003206069074526141,0.0012214632785392133
2026-04-08 04:55:00,-0.0010539142639487409,0.0003917717279018219
2026-04-08 05:00:00,-0.0011706164152425202,-0.002371874648792043
2026-04-08 05:05:00,-0.0004456894201716466,0.0006351618271221609
2026-04-08 05:10:00,0.0008061568317803136,-0.001271695324161903
2026-04-08 05:15:00,0.0004438290643360432,0.0006867749206798189
2026-04-08 05:20:00,-0.000591782574687727,0.0009552254412085947
2026-04-08 05:25:00,-0.0003977894621574052,0.00022640269073924098
2026-04-08 05:30:00,-0.0002521040807330621,-0.000635937761566778
2026-04-08 05:35:00,0.0005959488160502957,0.0001504295679908044
2026-04-08 05:40:00,-0.0005750958651589144,0.0002629722627414026
2026-04-08 05:45:00,-0.00024174624264894362,-0.0008979823418738618
2026-04-08 05:50:00,-0.0012068523154269428,-0.0003464002424654695
2026-04-08 05:55:00,-3.54333868006762e-05,-0.0008649165315215892
2026-04-08 06:00:00,-0.0006108780258244906,-0.0003455215883180495
2026-04-08 06:05:00,-0.0006780601897364846,-0.003830189725626355
2026-04-08 06:10:00,0.0009500139258200591,-0.00017265265992697204
2026-04-08 06:15:00,0.0013401070131138226,-0.002023207709368036
2026-04-08 06:20:00,0.0026969980478206423,0.00046538390806759176
2026-04-08 06:25:00,0.00018947813406100522,-0.0029518154329764143
2026-04-08 06:30:00,-0.0005499977222083174,0.00042265374111430035
2026-04-08 06:35:00,-0.0007954207507783195,-0.00013323053708131754
2026-04-08 06:40:00,0.00013740124307304313,7.72220309695512e-05
2026-04-08 06:45:00,0.0015700257469237755,0.00029391449734409054
2026-04-08 06:50:00,0.0015881295363229242,0.0007325171634923805
2026-04-08 06:55:00,0.00121081257810296,0.0006408252174830482
2026-04-08 07:00:00,0.0007632992784412096,0.0008571922576523017
2026-04-08 07:05:00,0.0006507581145616115,0.0011227478725737863
2026-04-08 07:10:00,0.0014647451002147704,0.0003149660164640104
2026-04-08 07:15:00,0.0025663986312540743,0.00026207755148684343
2026-04-08 07:20:00,0.0018148938368405254,-0.001547688556817083
2026-04-08 07:25:00,0.0012055056335302794,0.0006385458762649466
2026-04-08 07:30:00,0.0018977185429456256,0.002892980987396837
2026-04-08 07:35:00,0.0033883874631150945,0.000203131527923928
2026-04-08 07:40:00,0.0010404210705630135,0.0020347807027439077
2026-04-08 07:45:00,-0.0001117743979843766,0.0005973082732413041
2026-04-08 07:50:00,-0.002426210879262314,-0.0008241577815368852
2026-04-08 07:55:00,-0.00028176017423398036,5.574896992424275e-05
2026-04-08 08:00:00,-0.00021323396297390218,0.0037126370905248437
2026-04-08 08:05:00,0.0018615867374389694,-0.002500722864060463
2026-04-08 08:10:00,0.0020616430063142843,0.001151594971338287
2026-04-08 08:15:00,0.0006126664843684182,0.0020010304360382047
2026-04-08 08:20:00,-0.0004076375186432557,0.0019985483197442803
2026-04-08 08:25:00,-1.6542460359758593e-05,0.001965290280852732
2026-04-08 08:30:00,-3.3107512511065806e-05,0.0016730116022215524
2026-04-08 08:35:00,-0.0017897763829068936,-0.0012338833746455642
2026-04-08 08:40:00,-0.003179159010340271,0.0006813963207778434
2026-04-08 08:45:00,-0.004032819509413699,0.00024382702375834036
2026-04-08 08:50:00,-0.0016351400982159703,0.0014956658985182162
2026-04-08 08:55:00,-0.001768960200845271,-0.0012665112494784365
2026-04-08 09:00:00,-0.00014544366576885182,0.0016859562466222371
2026-04-08 09:05:00,0.00010383202479680165,0.0020948668220806643
2026-04-08 09:10:00,0.0012958830534746113,0.0015757210247095254
2026-04-08 09:15:00,-0.0004863510053603193,-0.0026563942914712775
2026-04-08 09:20:00,-0.0010512779395828176,-0.001110317296303314
2026-04-08 09:25:00,-0.0019486137358661892,5.1082156606632864e-05
2026-04-08 09:30:00,0.0010555384537322965,0.0019452918033342652
2026-04-08 09:35:00,0.001773650341498012,-7.855139583407656e-05
2026-04-08 09:40:00,0.0008916815438038128,-0.0008439711653979191
2026-04-08 09:45:00,0.0003841222594171967,-0.0009931774300840923
2026-04-08 09:50:00,-0.0007431379444060582,-0.0005502015205975814
2026-04-08 09:55:00,0.0004071238418941192,-0.0005434004567225321
2026-04-08 10:00:00,0.00044207702199727805,-0.00023907228964251484
2026-04-08 10:05:00,-0.001550326689550019,0.0007889063673154304
2026-04-08 10:10:00,-0.0015026111470355374,-0.000787535557861123
2026-04-08 10:15:00,-0.0034359044935872163,0.002082923532434308
2026-04-08 10:20:00,-0.0010987365636143664,-0.0003740858950356349
2026-04-08 10:25:00,-0.0030996344004119436,-0.00010007433549180672
2026-04-08 10:30:00,-0.0014877699326767413,-0.00032475457821954604
2026-04-08 10:35:00,-0.0012416926947977913,0.0008956716668982834
2026-04-08 10:40:00,0.00018775111767155295,0.0005440633417668642
2026-04-08 10:45:00,0.0002210133680389248,0.002773443321441276
2026-04-08 10:50:00,8.755234906487885e-05,0.0006406985123185141
2026-04-08 10:55:00,0.001361183960595369,-0.00035924374761340047
2026-04-08 11:00:00,0.00015634788060481242,0.0009938883800537002
2026-04-08 11:05:00,0.001047948419342859,-0.0009073022624924265
2026-04-08 11:10:00,-5.6245019987244405e-05,-0.00010402938448886108
2026-04-08 11:15:00,0.00013548172632837918,-0.000743973706271791
2026-04-08 11:20:00,-0.0016380327267739858,-0.0038327736175120405
2026-04-08 11:25:00,-0.003629275656207298,-0.0004063884540302466
2026-04-08 11:30:00,-0.0025167010710482884,0.0002159486477557565
2026-04-08 11:35:00,-0.0021171585378656488,-0.0003855068996982228
2026-04-08 11:40:00,6.272148526598187e-05,0.0008804512787631814
2026-04-08 11:45:00,0.0006516944285195336,0.0006539351008544676
2026-04-08 11:50:00,0.0007500786471670295,0.004695056682431225
2026-04-08 11:55:00,-0.00011499239494838775,0.00015222515747039878
2026-04-08 12:00:00,-0.0025590861474693583,-0.0019884467095303794
2026-04-08 12:05:00,-0.001931705225478808,-0.0005264560085085012
2026-04-08 12:10:00,-9.200343764703689e-05,-0.002885073102142797
2026-04-08 12:15:00,0.0013660789910492355,-0.00017113537307506086
2026-04-08 12:20:00,0.0018878442480616542,0.001966546566505772
2026-04-08 12:25:00,0.0019845587007107923,0.002084604995162718
2026-04-08 12:30:00,0.0020696179848496143,-0.0006003068250718946
2026-04-08 12:35:00,0.000768333026632817,-0.000731166076815468
2026-04-08 12:40:00,-0.0018444659256111606,-0.001106881830844812
2026-04-08 12:45:00,-0.0022766064600947544,-0.002516326307606924
2026-04-08 12:50:00,-0.0002463033634949596,-0.0016899792413888745
2026-04-08 12:55:00,0.0009550350609348612,-0.0012945069433832335
2026-04-08 13:00:00,0.0005184358405454503,-0.00040039006051906874
2026-04-08 13:05:00,-0.000900149285053331,-0.0005006829072617448
2026-04-08 13:10:00,0.0005450268524089807,-0.001011011512784999
2026-04-08 13:15:00,0.0006288697370955276,-0.0003322751200522231
2026-04-08 13:20:00,-0.0006291234177666638,-0.0005730387228138697
2026-04-08 13:25:00,8.350591222949788e-06,-0.001388865544677669
2026-04-08 13:30:00,0.001754981330330807,-0.0007452033020847687
2026-04-08 13:35:00,0.0028998689388970433,-0.00037712441682760884
2026-04-08 13:40:00,0.0018208501703558255,-0.0002593820315539017
2026-04-08 13:45:00,0.0015895522081414981,-0.0005153847522357304
2026-04-08 13:50:00,0.0008085422507839723,-0.0007274262812456312
2026-04-08 13:55:00,0.001266173555778849,-0.0014767623354835138
2026-04-08 14:00:00,-0.002192284124358679,-0.0006203467496302456
2026-04-08 14:05:00,-0.00594175337021241,-0.00047964635162157547
2026-04-08 14:10:00,-0.004271416205519074,0.00022868770980008155
2026-04-08 14:15:00,6.258422796001639e-05,-0.0013776799953914742
2026-04-08 14:20:00,0.005101939913638276,-0.005242278891085276
2026-04-08 14:25:00,0.0022818881713941863,0.0014397117239935942
2026-04-08 14:30:00,0.0007840569927299867,-0.0004585184628946256
2026-04-08 14:35:00,0.00102518590471945,0.0017181081413270999
2026-04-08 14:40:00,0.000829624736214285,0.0009107505028377067
2026-04-08 14:45:00,0.0010187723737580257,0.0005021109219479641
2026-04-08 14:50:00,-0.0007896335489920858,0.0005380720240768051
2026-04-08 14:55:00,-0.0012968520841880604,-0.0019964953288693285
2026-04-08 15:00:00,-0.001967642924132207,0.0004385863616144655
2026-04-08 15:05:00,5.419003613305051e-05,0.0005062156371302753
2026-04-08 15:10:00,-0.00027960646615632356,0.0006065525553914827
2026-04-08 15:15:00,-0.002134597357157375,0.0017941587591103442
2026-04-08 15:20:00,-0.004350788928212168,-0.0008156742276780968
2026-04-08 15:25:00,-0.003614787963734045,-0.009865420871762854
2026-04-08 15:30:00,0.001115905953406937,0.005964508135014429
2026-04-08 15:35:00,-0.0015711810969953888,0.00012982056631536838
2026-04-08 15:40:00,0.0004920780765438337,0.0006042608701695683
2026-04-08 15:45:00,-0.00030915259015351637,0.0009552239386806634
2026-04-08 15:50:00,0.0035933207573908277,0.0021199307736169634
2026-04-08 15:55:00,0.0008181979386279181,0.002892371874042984
2026-04-08 16:00:00,-0.0028285839545603153,0.0016888158681755373
2026-04-08 16:05:00,-0.0025874805131618217,0.0008264052603796665
2026-04-08 16:10:00,-0.0026663135758226986,0.0034767638058418432
2026-04-08 16:15:00,-0.0038435225474735546,0.0015943373822855096
2026-04-08 16:20:00,-0.002755897347396896,0.001886658550748205
2026-04-08 16:25:00,-0.0015091015945341013,0.00015002222483259187
2026-04-08 16:30:00,0.00018926807987185157,0.004092138013839694
2026-04-08 16:35:00,-0.001906722560999441,0.0011602267063205822
2026-04-08 16:40:00,-0.005157337245162097,-0.000759296083233158
2026-04-08 16:45:00,-0.001831093737418854,0.001835451249635719
2026-04-08 16:50:00,-0.0021233219416458837,-0.00029733182534986676
2026-04-08 16:55:00,0.0014178114913825368,0.0012611892960649358
2026-04-08 17:00:00,0.0016355161045691347,0.000132181261135
2026-04-08 17:05:00,0.0026955102408603437,0.0005224846163690076
2026-04-08 17:10:00,0.0017189301367164234,-2.025663108665447e-05
2026-04-08 17:15:00,0.00047941260259420915,-0.0002199137026082142
2026-04-08 17:20:00,0.0010887775030248292,-0.0006591722867065681
2026-04-08 17:25:00,0.0010139620485727363,0.0012633633097101616
2026-04-08 17:30:00,0.0005191044199452932,-0.001207906745888044
2026-04-08 17:35:00,-0.0005169164160410133,-0.0010488060433306702
2026-04-08 17:40:00,8.410004546455241e-05,-0.0003653343466100675
2026-04-08 17:45:00,-0.0003299258537339256,-0.0010397473342821616
2026-04-08 17:50:00,0.00011349234884505677,0.0013330565343397755
2026-04-08 17:55:00,-0.0005825379681905218,-0.0007676611018415238
2026-04-08 18:00:00,-0.0020787228814480585,-0.0017048541552613654
2026-04-08 18:05:00,-0.0012364996023794816,-0.0016791879527927832
2026-04-08 18:10:00,-0.000542885893670686,-0.0007053195204805685
2026-04-08 18:15:00,0.0017549955579276855,-0.0004370324352954301
2026-04-08 18:20:00,0.0014550411744789216,-0.0008951949842270712
2026-04-08 18:25:00,0.0015163961897837197,-0.0009433607356948413
2026-04-08 18:30:00,0.0009645664454609459,-0.00031497062186997834
2026-04-08 18:35:00,0.0003718311677278763,-2.6592586453069895e-05
2026-04-08 18:40:00,0.00042653197587938507,-0.0005806401779137238
2026-04-08 18:45:00,-0.00013023568476100422,0.0004212132548446013
2026-04-08 18:50:00,-0.0006261004234264789,-0.0011726219471642518
2026-04-08 18:55:00,0.00017014179574204036,-0.0017501675931994743
2026-04-08 19:00:00,-0.0010424965371065298,-0.0005982186574958255
2026-04-08 19:05:00,-0.0019796258641058273,-0.0007615563509718298
2026-04-08 19:10:00,-0.0021404324779172867,-0.0006289059212382713
2026-04-08 19:15:00,-0.002256857317016525,-0.0006487578131341298
2026-04-08 19:20:00,-0.002403533084009979,-0.00012197382498175743
2026-04-08 19:25:00,-0.0022462780457637166,0.0002678048643791146
2026-04-08 19:30:00,-0.0012295182913373282,-0.0006663100990546883
2026-04-08 19:35:00,-0.00014144017790052033,-0.000511007940206522
2026-04-08 19:40:00,-0.0012285247218404294,-0.00015597178892359147
2026-04-08 19:45:00,0.0003017199112669289,0.00015611413689245836
2026-04-08 19:50:00,0.0014008529770972444,-0.00025997215525338927
2026-04-08 19:55:00,0.001972926193142044,-0.0007619765254203713
2026-04-08 20:00:00,-0.00251147881449576,0.0004937041674027776
2026-04-08 20:05:00,-0.004204225623318791,-0.0007085469894127915
2026-04-08 20:10:00,-0.00417834378498938,-0.0002857182078050164
2026-04-08 20:15:00,-0.0010347291107546397,-0.00023018386783778223
2026-04-08 20:20:00,-0.0016908933129879955,-0.00022226963368067714
2026-04-08 20:25:00,-0.0031930348636954875,-0.0014915996041702734
2026-04-08 20:30:00,-0.0027878763534392448,-0.00044166826756363107
2026-04-08 20:35:00,-0.0016682659849855952,-0.0003747356767495637
2026-04-08 20:40:00,-0.001053859539034363,0.0005160509412330152
2026-04-08 20:45:00,-0.001704110036362394,-0.0006661833668461239
2026-04-08 20:50:00,3.1863200661064184e-05,-0.0012202745988821426
2026-04-08 20:55:00,0.0024290048568893496,-0.0006452617503325934
2026-04-08 21:00:00,0.001946104582053465,0.00014046269049951743
2026-04-08 21:05:00,0.0007346961640024574,-1.93573315462707e-08
2026-04-08 21:10:00,-0.0014600928309622674,-0.0004083096164632517
2026-04-08 21:15:00,0.0012196947184754947,-0.0019468851373150979
2026-04-08 21:20:00,0.0026772812880082597,-0.0009136180376093015
2026-04-08 21:25:00,0.002795229149601397,8.511916515026069e-05
2026-04-08 21:30:00,0.0018891786635020225,-0.003462697194660657
2026-04-08 21:35:00,0.0013877520436125224,-0.0009868135262004246
2026-04-08 21:40:00,0.0020437530915291546,-0.003165379721369053
2026-04-08 21:45:00,0.0011651895173976357,-0.0002466502029210729
2026-04-08 21:50:00,-0.0005117209583165305,-0.004476982816630866
2026-04-08 21:55:00,-0.0007167420891711629,-0.0003639557711577065
2026-04-08 22:00:00,-0.0014805104119233192,-0.00011399340433940284
2026-04-08 22:05:00,-0.0006368449942026899,-0.0007409211670044785
2026-04-08 22:10:00,-0.0010496111477493741,0.00011456215931450703
2026-04-08 22:15:00,-0.0001587561984415231,-0.0005365913917279377
2026-04-08 22:20:00,-0.0004826643163458044,-0.0004986476716596772
2026-04-08 22:25:00,-0.00013127888948538669,-0.0004902785501027295
2026-04-08 22:30:00,-0.000868312986064268,0.0002950066027996678
2026-04-08 22:35:00,-0.0007435046949222368,-0.00040924492888312646
2026-04-08 22:40:00,-0.0007011516331640877,-0.0008025925072695529
2026-04-08 22:45:00,0.001814127615556771,-0.0004809099782098305
2026-04-08 22:50:00,0.0007138598193545675,0.0008643517808352187
2026-04-08 22:55:00,-0.0014440986914010523,-0.00011205406422263469
2026-04-09 00:00:00,-0.003285626604649039,-4.4711246884023654e-05
2026-04-09 00:05:00,-0.0021940409346221657,-0.0036833563974954728
2026-04-09 00:10:00,0.0003055339866673279,-0.0010273127319105476
2026-04-09 00:15:00,0.0009077509398611738,0.0003153575017176605
2026-04-09 00:20:00,0.0002885739586275804,0.0002997745270127605
2026-04-09 00:25:00,-0.00014639005337535593,0.000930314526143218
2026-04-09 00:30:00,-0.00035197381338925027,0.0018310898751362603
2026-04-09 00:35:00,0.0006871496920535236,-2.977401338881934e-05
2026-04-09 00:40:00,0.0009670503810674802,0.0008476475711079209
2026-04-09 00:45:00,-0.0002714861123962464,0.00012175364060046986
2026-04-09 00:50:00,-0.0019715186756457115,0.0007001367133839234
2026-04-09 00:55:00,-0.0019010565497250553,-3.473119464518395e-05
2026-04-09 01:00:00,-0.00023548904925618785,0.0007010258373859859
2026-04-09 01:05:00,0.0012461801525471827,-0.0013629308553450568
2026-04-09 01:10:00,0.0003333704955519323,0.00010982036910427151
2026-04-09 01:15:00,-0.00048600404828036403,-0.0001473071223621992
2026-04-09 01:20:00,-0.00013579432273225223,-0.00041039253750486536
2026-04-09 01:25:00,0.0006706509810268102,-0.00436187279623567
2026-04-09 01:30:00,0.001467902626858475,0.0005742405378180815
2026-04-09 01:35:00,0.0004985293487766995,0.0007605946329391009
2026-04-09 01:40:00,0.0004348337995896401,0.0007848260724617642
2026-04-09 01:45:00,-0.002644628237261415,-0.008555848939569392
2026-04-09 01:50:00,-0.0031076606586335487,-6.976520333475567e-05
2026-04-09 01:55:00,-0.0027117811264023572,-0.0007068307522431962
2026-04-09 02:00:00,-0.00026144652345294617,-9.060868282610853e-05
2026-04-09 02:05:00,0.0022101288107982953,0.0010958873247149852
2026-04-09 02:10:00,0.000839590456733319,-0.00024277395346549823
2026-04-09 02:15:00,0.0017798852234118812,0.0006827985634594552
2026-04-09 02:20:00,0.0005751072117998746,0.0006816611242010837
2026-04-09 02:25:00,0.0026395820854094865,-0.002472150635285046
2026-04-09 02:30:00,0.000797583534000168,-0.0009109255585266543
2026-04-09 02:35:00,-0.0008383662325961438,-0.0005442555600550312
2026-04-09 02:40:00,-0.0026183357769546944,4.1645961190851614e-05
2026-04-09 02:45:00,-0.0006617797024262018,-0.0009831508365810613
2026-04-09 02:50:00,0.0013452897796568664,-0.0009877693845665601
2026-04-09 02:55:00,0.002959445063414279,-0.0008010357489251451
2026-04-09 03:00:00,0.0016854025899828429,-0.0019421946523491631
2026-04-09 03:05:00,-0.0008931214337142279,-0.0005564550213904484
2026-04-09 03:10:00,-0.0033972101733006355,-9.291254291443922e-05
2026-04-09 03:15:00,-0.0006526239740374251,-0.0008612871941170194
2026-04-09 03:20:00,0.0016710354975462138,-0.0011432751758606258
2026-04-09 03:25:00,0.002818738825933309,-0.0004368413525031262
2026-04-09 03:30:00,0.0009173661431880475,0.000694796888505972
2026-04-09 03:35:00,0.0008598762392839632,-0.0033389697970033503
2026-04-09 03:40:00,0.0020813556859131666,0.0001231044004686428
2026-04-09 03:45:00,3.599952142074869e-05,-0.0016068222588733556
2026-04-09 03:50:00,-0.0002540736488487738,-0.00027922250576474083
2026-04-09 03:55:00,-0.00098191091123212,-0.0013030928257333247
2026-04-09 04:00:00,0.0009841905933285489,-0.00029844089580529634
2026-04-09 04:05:00,0.0008720500076400128,0.0002009525348381806
2026-04-09 04:10:00,0.0005926477983049239,-0.00040953797262162687
2026-04-09 04:15:00,-0.0002179200072944809,-0.0010675304556724298
2026-04-09 04:20:00,0.0009220215763345863,-0.00047968821366371826
2026-04-09 04:25:00,0.0014040194470972267,-0.0023238393945770354
2026-04-09 04:30:00,5.501341482450073e-05,1.0149236091742172e-05
2026-04-09 04:35:00,-0.0016056274438707163,-0.00017142941509840299
2026-04-09 04:40:00,-0.0028396786675077834,-0.00027683905532791507
2026-04-09 04:45:00,-0.0014885445188159707,-1.6046785450272993e-05
2026-04-09 04:50:00,-0.001097285705153439,0.0009764652037775492
2026-04-09 04:55:00,-0.001374063499440581,-2.4574893651096996e-05
2026-04-09 05:00:00,-0.0023081274115934747,0.0003134787626824832
2026-04-09 05:05:00,-0.0019794277580906794,-0.00033094020310015177
2026-04-09 05:10:00,5.7290357094785804e-05,-0.00040747805319172703
2026-04-09 05:15:00,0.0011801865894618402,-2.010463793603338e-06
2026-04-09 05:20:00,0.0012543045401862685,-0.00015562159289535813
2026-04-09 05:25:00,0.0004115453373145783,0.0002417803991558846
2026-04-09 05:30:00,-0.0005602027061701875,-0.0011842535994559542
2026-04-09 05:35:00,-0.0006810768065950157,0.000722912447745716
2026-04-09 05:40:00,-0.0006216260281703967,6.633597690568183e-05
2026-04-09 05:45:00,0.0008444279926802523,0.0002686139619039172
2026-04-09 05:50:00,0.00196558488526577,0.0005267150782442553
2026-04-09 05:55:00,0.002117883544881849,0.0005909496209450576
2026-04-09 06:00:00,0.0010746592382933073,0.0006887642380237879
2026-04-09 06:05:00,-0.00047249016965800195,7.56153835778442e-05
2026-04-09 06:10:00,-0.0010403612326399525,0.0006567031194500024
2026-04-09 06:15:00,-0.0009071314288160437,0.0014884655948307515
2026-04-09 06:20:00,-4.874487252592985e-05,0.0006373787344927766
2026-04-09 06:25:00,0.0008433901390993981,-0.0005557049689525897
2026-04-09 06:30:00,0.001146493836293061,0.00017004500473351736
2026-04-09 06:35:00,0.0012877619928577388,0.00030110892587738866
2026-04-09 06:40:00,-6.35455224262671e-06,0.0009156247308183493
2026-04-09 06:45:00,-0.0003580057213223853,0.00014553031459624884
2026-04-09 06:50:00,-0.0016841672174550126,0.0007838362826245065
2026-04-09 06:55:00,-0.0015432330821667506,0.000804766058192559
2026-04-09 07:00:00,0.00015677567551541927,0.002181718152659515
2026-04-09 07:05:00,0.0009494141048413951,0.0008786554458040156
2026-04-09 07:10:00,0.0026927497449555915,0.0009872654791002284
2026-04-09 07:15:00,-0.00013346962791338512,0.0007696101019531911
2026-04-09 07:20:00,-0.00019277680213392046,-0.0004735415330745633
2026-04-09 07:25:00,-0.0005460144258062627,0.0011907612112317066
2026-04-09 07:30:00,-0.0013229478220342372,-0.0009051319865662796
2026-04-09 07:35:00,-0.0023162249965640314,0.0010479073753044625
2026-04-09 07:40:00,-0.002581729665775967,-0.0002972116816584887
2026-04-09 07:45:00,0.0017762483447363309,0.0005671534453789309
2026-04-09 07:50:00,0.002441216390328904,0.004934906917159972
2026-04-09 07:55:00,0.0016074753168204836,0.00027511500483205385
2026-04-09 08:00:00,-0.0011484779693020641,0.0001860679249316541
2026-04-09 08:05:00,-0.001146693103374119,-0.000290936706267262
2026-04-09 08:10:00,-0.0002755048644029756,0.0005930616194413352
2026-04-09 08:15:00,0.0005426189125614655,-0.00032712492565044955
2026-04-09 08:20:00,-8.907741257146995e-05,0.0007509180209918339
2026-04-09 08:25:00,-0.0010094199237791202,0.0009258371896750221
2026-04-09 08:30:00,-0.0015396004746204284,0.000314714201944987
2026-04-09 08:35:00,-0.001392335166384484,0.0006689127266618882
2026-04-09 08:40:00,-4.880030808784852e-05,0.00035717050258588716
2026-04-09 08:45:00,0.0007870616807093,-0.008695221413100402
2026-04-09 08:50:00,0.0036761473696316216,-0.00016051151006231672
2026-04-09 08:55:00,0.0023524336272586766,0.0016487833863096319
2026-04-09 09:00:00,7.421913521099555e-05,-0.0003422955193368971
2026-04-09 09:05:00,-0.0025001761027141356,0.00045021363042802823
2026-04-09 09:10:00,-0.0031824034372576193,-0.00038386834284459526
2026-04-09 09:15:00,0.0007503640889545693,-0.0013250283693278934
2026-04-09 09:20:00,0.003238438765242435,-0.00015488454386334356
2026-04-09 09:25:00,0.0028923572077843573,0.0002956431893763802
2026-04-09 09:30:00,-0.00032212125600672437,0.0007834991428196641
2026-04-09 09:35:00,-0.002415656995607307,5.43358006571174e-05
2026-04-09 09:40:00,0.0004424455668310401,0.00010455889730213454
2026-04-09 09:45:00,0.0007330990287410799,0.000401201030028415
2026-04-09 09:50:00,0.0011058713994529512,-0.00040680715587632695
2026-04-09 09:55:00,-0.0001651003305749299,0.0005110674860989669
2026-04-09 10:00:00,0.00042774589158511844,-0.0020507276940960797
2026-04-09 10:05:00,0.0007408003522115791,0.00033010425468375077
2026-04-09 10:10:00,-0.0005335874352425662,-0.000221258566166552
2026-04-09 10:15:00,0.00046776992076402735,-0.00010236831739348436
2026-04-09 10:20:00,0.0005224632887443903,0.0003722804165184059
2026-04-09 10:25:00,0.0018663117205388602,4.8336576820386546e-05
2026-04-09 10:30:00,0.0010786346801054947,0.0013424548000212809
2026-04-09 10:35:00,3.594897360770233e-05,-0.0005484851460930669
2026-04-09 10:40:00,-0.000917908586616889,0.0004805874062397894
2026-04-09 10:45:00,-0.0010299653112202378,0.001241552302024737
2026-04-09 10:50:00,0.0005263986946779653,0.0001453278902448995
2026-04-09 10:55:00,0.001087016395361573,0.001229009490206013
2026-04-09 11:00:00,0.001015168393628585,-0.00015066734054846394
2026-04-09 11:05:00,2.1134924299559543e-06,0.0012490618371843113
2026-04-09 11:10:00,-0.00032555799659306217,0.00011030139933063642
2026-04-09 11:15:00,-0.00011838322354407183,0.00046736634131656777
2026-04-09 11:20:00,0.00016906492344759272,2.0279607497023606e-05
2026-04-09 11:25:00,-0.0005562305898916264,-0.00018196334421550207
2026-04-09 11:30:00,-0.00024526698279636605,-0.0045936090344238095
2026-04-09 11:35:00,-0.0008583001956008474,0.0004924215466555184
2026-04-09 11:40:00,0.00047588179148583265,0.0002636098535744838
2026-04-09 11:45:00,0.0,0.0002487278955604084
2026-04-09 11:50:00,0.00020301434070013613,0.0008829987568292029
2026-04-09 11:55:00,-0.000372226021626787,-0.00016028755863353966
2026-04-09 12:00:00,3.5948061398727305e-05,0.0013175959286740333
2026-04-09 12:05:00,0.0020363207100722036,-2.304314234186024e-05
2026-04-09 12:10:00,0.0023009280415280386,0.001214586538619668
2026-04-09 12:15:00,0.001975155934752948,0.0013579284731451773
2026-04-09 12:20:00,0.00027007125403422094,0.0003830546871566112
2026-04-09 12:25:00,0.0005000522310627531,-0.0018401406289395754
2026-04-09 12:30:00,0.0012443504936907601,-0.00012148865217139545
2026-04-09 12:35:00,0.0009826124785323742,9.899133587720028e-05
2026-04-09 12:40:00,0.00018560976023174192,0.00027303861741690533
2026-04-09 12:45:00,-0.0008075969370704428,-0.00022234091747088758
2026-04-09 12:50:00,-0.0008897923280546394,-0.0004851539026297535
2026-04-09 12:55:00,-0.00046197902930522616,0.00030947406267741763
2026-04-09 13:00:00,0.0005820415058686024,0.00028270114862140295
2026-04-09 13:05:00,0.0006600402800902572,-0.00029006323769119736
2026-04-09 13:10:00,0.0013852973066157404,5.9972438614191775e-05
2026-04-09 13:15:00,0.0004089134762335078,0.0008642057904597298
2026-04-09 13:20:00,0.0010955903588349969,0.00033572801736701037
2026-04-09 13:25:00,0.0011161185507706506,0.00016572118473405896
2026-04-09 13:30:00,0.0022376295104606925,-0.00015361617677320293
2026-04-09 13:35:00,0.0015612477159265836,0.00043269845490745526
2026-04-09 13:40:00,0.0011989652474326817,0.00045333297241277777
2026-04-09 13:45:00,-0.0010560929333465197,0.0002154817479414939
2026-04-09 13:50:00,-0.0022584942524108698,0.00027469771520091733
2026-04-09 13:55:00,-0.002905234619939634,0.0004816920307359521
2026-04-09 14:00:00,-0.0023665807015920137,-0.0003132008023125966
2026-04-09 14:05:00,-0.001119560051874302,-0.00014119691107851461
2026-04-09 14:10:00,-0.001029381765793147,-0.0003460567285834479
2026-04-09 14:15:00,0.0005610678153331605,7.496133071831787e-05
2026-04-09 14:20:00,0.00031638694809110746,0.0020104516420754647
2026-04-09 14:25:00,0.0011874920322227922,0.0002797152039225219
2026-04-09 14:30:00,0.00011807943807795596,-0.0005178737597936465
2026-04-09 14:35:00,-3.374317228299617e-05,0.0005100449847417852
2026-04-09 14:40:00,0.0001517623404652113,0.0005214900355740813
2026-04-09 14:45:00,8.433392020812391e-05,-0.0001982549639654972
2026-04-09 14:50:00,0.0016647108407248368,0.00017069432115724434
2026-04-09 14:55:00,0.0021916605700074143,-0.002549942047549784
2026-04-09 15:00:00,0.0022280541759762684,4.789847543854161e-06
2026-04-09 15:05:00,0.0010164281320825808,0.0014128024431281426
2026-04-09 15:10:00,-0.00014722336755923493,-4.2892642414683185e-06
2026-04-09 15:15:00,0.0006855278201616244,0.00029732204266943616
2026-04-09 15:20:00,0.003370170385865734,-0.00017498893696325747
2026-04-09 15:25:00,0.004537125265617448,0.0029659305627913034
2026-04-09 15:30:00,0.0029973386446506822,-0.0032620483734278824
2026-04-09 15:35:00,-0.0014012832003515996,-0.0012597831282631954
2026-04-09 15:40:00,-0.0022219203590605474,-0.002396795278275752
2026-04-09 15:45:00,0.00028708805942301296,-0.0012243665653331381
2026-04-09 15:50:00,0.0007218641194484121,-0.0010441625879846683
2026-04-09 15:55:00,0.0011472112179031768,-0.0005716766634984065
2026-04-09 16:00:00,-0.0023431176688113453,0.005569761655860121
2026-04-09 16:05:00,0.0007653620588392585,-0.0011091327578436941
2026-04-09 16:10:00,-0.0012332526710494562,-0.0008908687224164607
2026-04-09 16:15:00,-0.0010884686448395797,-0.0008952406279187173
2026-04-09 16:20:00,-0.0024743371109874346,0.000772182551978965
2026-04-09 16:25:00,-0.001968382581472028,-0.001215305587166292
2026-04-09 16:30:00,0.0011346708255910443,-0.0005627509925443372
2026-04-09 16:35:00,0.0009577217038501118,-0.000563683352464516
2026-04-09 16:40:00,0.0028494325142780497,-0.0011209747273925018
2026-04-09 16:45:00,0.0004451116526880128,-0.00027270346855024093
2026-04-09 16:50:00,-0.00023514493014076265,-0.000918715978910974
2026-04-09 16:55:00,0.00016353812676328516,0.00047025819635692604
2026-04-09 17:00:00,0.004099555461410276,-0.00011117211452119611
2026-04-09 17:05:00,0.004623454997780385,-0.0007905898174841658
2026-04-09 17:10:00,0.001855750529951905,3.482163133793287e-05
2026-04-09 17:15:00,0.0019047465679733477,-0.0005080472092606788
2026-04-09 17:20:00,0.0015016319229470554,0.00040611366084319933
2026-04-09 17:25:00,0.002453681228534066,0.0013605541903679754
2026-04-09 17:30:00,-0.0014595631628271377,-0.0005679119190884118
2026-04-09 17:35:00,-0.000751578349838411,-0.00046351564179799426
2026-04-09 17:40:00,0.000728256921153303,-0.0009604185112522122
2026-04-09 17:45:00,0.0022980047118803526,-0.0004490961611566169
2026-04-09 17:50:00,0.0009185190779206209,-0.00034984685196386443
2026-04-09 17:55:00,-0.0010330719571562952,-0.0003340486233064366
2026-04-09 18:00:00,-0.00015220208296184978,-0.002548412574283327
2026-04-09 18:05:00,0.0004839705706860542,-0.0003333840247959769
2026-04-09 18:10:00,0.0008536653336506106,0.0006045984119387586
2026-04-09 18:15:00,-0.00024190302726090351,0.00022430923641277088
2026-04-09 18:20:00,-0.0005194431436095215,0.0002557221798580453
2026-04-09 18:25:00,-0.0010102845310999697,0.0003493364222305473
2026-04-09 18:30:00,-0.0018516610217833573,0.0012000018477663498
2026-04-09 18:35:00,-0.0008099515933110979,0.0005301695350692207
2026-04-09 18:40:00,0.0002505789430742311,0.0005978512906843791
2026-04-09 18:45:00,0.000714349898892408,0.0005020361877371233
2026-04-09 18:50:00,0.0009351432932653836,-0.0002465636015293026
2026-04-09 18:55:00,0.0007075464609478388,-0.0003528466759363634
2026-04-09 19:00:00,0.0017732239554621998,0.00026075105372276813
2026-04-09 19:05:00,-0.00010015210609459757,0.0019952412412490577
2026-04-09 19:10:00,0.0002628543072127343,0.0001228709734221568
2026-04-09 19:15:00,-0.0010385191401542926,-0.00038746089160928343
2026-04-09 19:20:00,0.0012970278614847786,0.0007259228745030444
2026-04-09 19:25:00,0.0002544439058773662,0.0011980613549728068
2026-04-09 19:30:00,0.0016261183144195002,0.0005215020823014489
2026-04-09 19:35:00,-0.00012087362468804486,0.0003222596267029018
2026-04-09 19:40:00,0.0005420415920305288,0.00018819187949828072
2026-04-09 19:45:00,-0.003014579694493591,-0.00039705313563193794
2026-04-09 19:50:00,-0.0024665093260747284,0.0005020847585220562
2026-04-09 19:55:00,-0.003016228330412929,0.00042006753254219815
2026-04-09 20:00:00,-2.089383840875314e-05,0.0015243273068586778
2026-04-09 20:05:00,-0.0012397235729313394,0.0009176097573805834
2026-04-09 20:10:00,-0.00037636196428358915,0.0012911193162770975
2026-04-09 20:15:00,-0.001890608799424598,0.00042058586363205054
2026-04-09 20:20:00,-0.0008182647176546709,0.0004759264567482529
2026-04-09 20:25:00,-0.002334514910828034,0.00023344973826365376
2026-04-09 20:30:00,-0.0009948405253510373,0.0009466722647866317
2026-04-09 20:35:00,-0.001265337672464284,0.001004402196132773
2026-04-09 20:40:00,0.00041076713434584633,0.002042611734160548
2026-04-09 20:45:00,0.000869231057581743,0.0004952817894814554
2026-04-09 20:50:00,0.0024475254850564454,-0.0002641030017689104
2026-04-09 20:55:00,0.001568164700161745,0.0005111028333322575
2026-04-09 21:00:00,-0.0004921223871559022,0.00015928688131954004
2026-04-09 21:05:00,-0.0012408104731971292,-0.0006049435572788764
2026-04-09 21:10:00,-0.0012811470109888035,0.0003544085209784655
2026-04-09 21:15:00,-0.000452547472828968,0.00028241068633274224
2026-04-09 21:20:00,-0.0009635788900670406,0.00035102350629598913
2026-04-09 21:25:00,-0.0004316052429498285,0.0013475055074035516
2026-04-09 21:30:00,-0.0002850424019875675,0.00021165297184428582
2026-04-09 21:35:00,-8.383336447082002e-05,0.002280765098593123
2026-04-09 21:40:00,-0.0005009794357366815,-0.0009810944304224675
2026-04-09 21:45:00,-1.4673498927919582e-05,1.550278530761096e-05
2026-04-09 21:50:00,-7.755211977844567e-05,-0.0007246931402367113
2026-04-09 21:55:00,7.7573907532269e-05,-1.3734762795551388e-05
2026-04-09 22:00:00,6.917318137666939e-05,-0.0006030888445253338
2026-04-09 22:05:00,0.00035627089538792234,0.00013333764451026935
2026-04-09 22:10:00,5.660418893427277e-05,-0.00010128219519078808
2026-04-09 22:15:00,-0.0002809147777558252,-0.00021469368490151914
2026-04-09 22:20:00,-0.0016734791082235745,0.0001876775825491166
2026-04-09 22:25:00,-0.0012523299270625898,-0.0006515836923555034
2026-04-09 22:30:00,-0.0009880211120059101,-0.001627739473096428
2026-04-09 22:35:00,0.000686087659397927,-0.0007336262582488173
2026-04-09 22:40:00,0.0005791615330057454,-0.002367625217666994
2026-04-09 22:45:00,0.001656636359333774,-0.00044634967226341954
2026-04-09 22:50:00,0.0006059672229259405,-0.0003264353045312729
2026-04-09 22:55:00,0.0006983247829417394,-0.0006287575662353704
2026-04-10 00:00:00,-0.0013397759190159064,-0.0002352136110100204
2026-04-10 00:05:00,-0.0005933828552286968,-0.0016914313140329773
2026-04-10 00:10:00,-0.001130565770314007,0.000418905650144684
2026-04-10 00:15:00,-0.00020143607200751035,-0.0011662037823715764
2026-04-10 00:20:00,-0.0017129294645208404,9.624573746402272e-05
2026-04-10 00:25:00,-0.0006991150076949282,-0.00264645312379188
2026-04-10 00:30:00,-0.0010077894573168322,-0.0009121470980863799
2026-04-10 00:35:00,0.00038650509554472023,-0.001750737550751689
2026-04-10 00:40:00,0.0006151630533501873,-0.0016167643936161942
2026-04-10 00:45:00,0.00048302585127402153,0.00031706669154724163
2026-04-10 00:50:00,0.00013860130307463692,-0.001061784296195348
2026-04-10 00:55:00,-0.000991165687697304,0.0010735793872647587
2026-04-10 01:00:00,-0.0004788246207336755,0.0007468968612392882
2026-04-10 01:05:00,-0.0008676243290004493,0.000649788925591551
2026-04-10 01:10:00,-0.0002689601135763553,0.00012857484503561235
2026-04-10 01:15:00,0.00024994145409173996,-0.00876021332789222
2026-04-10 01:20:00,0.0005988043002886911,0.00022165903342991972
2026-04-10 01:25:00,0.0003677007503650742,0.0009272558296639765
2026-04-10 01:30:00,0.00011969773187026078,-0.0010410931505163811
2026-04-10 01:35:00,0.00030451725325519874,-9.496369535678338e-05
2026-04-10 01:40:00,0.0005838410606102684,0.0002562247968302331
2026-04-10 01:45:00,-0.001096714798128673,-0.015136799513585573
2026-04-10 01:50:00,-0.0017254228780974046,-0.0029137521355147617
2026-04-10 01:55:00,-0.0019103005442584475,-0.00015091677437059235
2026-04-10 02:00:00,-0.0003237817739147886,6.919516627890534e-05
2026-04-10 02:05:00,-7.151902198643256e-05,0.00013948487172863952
2026-04-10 02:10:00,1.262121626410817e-05,0.00022122664946120502
2026-04-10 02:15:00,0.000765133494258663,0.00012050929270251379
2026-04-10 02:20:00,0.0011878146345694063,-0.001464983719030058
2026-04-10 02:25:00,0.00030286141167223946,-7.832459520964194e-05
2026-04-10 02:30:00,-0.0006116394544672943,0.0013042573642489197
2026-04-10 02:35:00,-0.0005968844491253122,7.265052397945016e-05
2026-04-10 02:40:00,0.0014982346541252411,-0.00012003109718750906
2026-04-10 02:45:00,0.0010170909975339981,0.0004561899372967851
2026-04-10 02:50:00,0.000617895015340153,-0.0017066600598040047
2026-04-10 02:55:00,-0.0003738231440042483,0.00048604500703060467
2026-04-10 03:00:00,0.0005774320811617883,0.00018505412831627517
2026-04-10 03:05:00,-9.455102453159725e-05,-3.78199281136264e-05
2026-04-10 03:10:00,0.000365424158601968,-0.0010917893662034874
2026-04-10 03:15:00,0.001612942479878754,8.480474958742887e-05
2026-04-10 03:20:00,0.003021207381230795,0.00015948185953152202
2026-04-10 03:25:00,0.0019823025736354083,-0.00013690253890903998
2026-04-10 03:30:00,-0.0010715091794164522,0.0004918476672762705
2026-04-10 03:35:00,-0.0016458458696124723,-0.0002573802165858675
2026-04-10 03:40:00,-0.0014700935139693172,-0.00014386950403325353
2026-04-10 03:45:00,-0.0023924938813006946,-0.0001051614685106304
2026-04-10 03:50:00,-0.0013228320609695032,0.00027390558112214044
2026-04-10 03:55:00,-0.002567881061132482,0.0014907586643723041
2026-04-10 04:00:00,-0.0013994978824207749,-0.00023054328274697123
2026-04-10 04:05:00,-0.0029121903235491686,0.0017726973674522528
2026-04-10 04:10:00,-0.001695217262112081,-0.0005331181012828766
2026-04-10 04:15:00,-0.0009481409774103611,-0.0008465781963252854
2026-04-10 04:20:00,0.00047401902651778016,-0.00033638246983025123
2026-04-10 04:25:00,0.0011143235956190267,0.000202455605691412
2026-04-10 04:30:00,0.0011776666079015286,-0.0005423129431161235
2026-04-10 04:35:00,0.00032641577867842386,0.00014442619799546412
2026-04-10 04:40:00,0.0006818842155471572,0.0006023628103136705
2026-04-10 04:45:00,0.0011888993981887808,0.00013806010502908804
2026-04-10 04:50:00,0.0017902320406921746,0.001004113843495514
2026-04-10 04:55:00,0.0014863263887150424,0.0004293984187978602
2026-04-10 05:00:00,0.0013576136669666283,0.00014500436416544466
2026-04-10 05:05:00,0.00011138911697727849,0.0003966768346312429
2026-04-10 05:10:00,-0.0009163418427906578,0.00042015394100391274
2026-04-10 05:15:00,0.00021209197311478079,-0.00011858068315905045
2026-04-10 05:20:00,0.0014763094950662747,3.5465589522234455e-05
2026-04-10 05:25:00,0.0019724555896996065,3.688360859045118e-05
2026-04-10 05:30:00,0.0009507110586159939,0.001078495815188044
2026-04-10 05:35:00,-0.0001469032791447944,-0.0006100169934049009
2026-04-10 05:40:00,0.00024969286858045336,0.00020804454644930454
2026-04-10 05:45:00,2.3074462339067736e-05,0.0006620411444029273
2026-04-10 05:50:00,0.0002853923219454657,8.455791604830153e-05
2026-04-10 05:55:00,0.00016992335658372326,0.0005374918677990086
2026-04-10 06:00:00,0.0007255250938946745,-1.6278327472281926e-06
2026-04-10 06:05:00,0.00019720886580643082,-0.0011218239715352464
2026-04-10 06:10:00,-0.00034617067398912127,6.0726845306217046e-05
2026-04-10 06:15:00,-0.001449477781108044,-3.356465803830552e-06
2026-04-10 06:20:00,-0.0007974666168699684,-0.0020149303298866977
2026-04-10 06:25:00,-0.0006402069031459234,-2.2164160968687137e-05
2026-04-10 06:30:00,-6.087788004016659e-05,0.0016649959296260925
2026-04-10 06:35:00,-7.558245734884395e-05,2.1506149751831507e-05
2026-04-10 06:40:00,-0.0008213242266066345,0.0021621188372861664
2026-04-10 06:45:00,-0.00026454693342969904,-3.263701460191524e-05
2026-04-10 06:50:00,-0.00019528112669853215,-0.01595921305088264
2026-04-10 06:55:00,0.00030046025273477994,-0.0002402969977817332
2026-04-10 07:00:00,-0.00038644827219691535,0.0008618231536848944
2026-04-10 07:05:00,-0.00016381358051198447,-0.00036364355838611954
2026-04-10 07:10:00,1.470552707338868e-05,-0.0007393790244890659
2026-04-10 07:15:00,0.0008021334659336077,-2.698061718153506e-05
2026-04-10 07:20:00,0.0008565742594122128,-0.0017473958152187442
2026-04-10 07:25:00,0.000993172806554199,-0.0004377225599074292
2026-04-10 07:30:00,0.0004595718508149105,7.483416923444609e-05
2026-04-10 07:35:00,0.0003818627816212228,-0.00040708956542451213
2026-04-10 07:40:00,0.00010283046099068827,1.315082765722831e-05
2026-04-10 07:45:00,-0.0009571548046931611,0.00021565512090650565
2026-04-10 07:50:00,-0.0016901134509321736,-0.0003859114175616331
2026-04-10 07:55:00,-0.001898821159279862,-0.001762484982691466
2026-04-10 08:00:00,-0.0018707742261376836,-0.00019201420863282034
2026-04-10 08:05:00,-0.001017544316281871,-0.001383524039103096
2026-04-10 08:10:00,-0.00015138867599695516,0.00020439039877656758
2026-04-10 08:15:00,0.0010997665944643131,-0.0005259077923612054
2026-04-10 08:20:00,-0.0004207753689691174,-0.0016621578075740502
2026-04-10 08:25:00,-0.0009424892932017315,-0.0014262251403815006
2026-04-10 08:30:00,-0.00302674626669841,-0.0005884585541347855
2026-04-10 08:35:00,-0.0014319620534237743,-0.0002321947982871649
2026-04-10 08:40:00,-0.0011161467564821947,0.0003304988508389681
2026-04-10 08:45:00,0.0014534763809574969,-0.0004810395023688058
2026-04-10 08:50:00,0.0013835615327941753,0.0015741296049704315
2026-04-10 08:55:00,0.00023596881107579293,0.0032148515960031526
2026-04-10 09:00:00,0.00043983934998337304,0.0007384165207302042
2026-04-10 09:05:00,0.0005007269060168795,-0.001127381927309083
2026-04-10 09:10:00,0.001427266501124791,0.0010209582433558938
2026-04-10 09:15:00,0.0006415238619741359,0.0013584068669912784
2026-04-10 09:20:00,0.00031545542561062234,0.0015452565512902405
2026-04-10 09:25:00,7.783058809174292e-05,0.001290420728044018
2026-04-10 09:30:00,-0.00045428256735746686,0.0008644512732945177
2026-04-10 09:35:00,-0.001066639838823491,0.0008749880778120415
2026-04-10 09:40:00,-0.0010354320696794872,0.0003853582655429764
2026-04-10 09:45:00,-0.0012482359502339335,-0.015156509454127939
2026-04-10 09:50:00,-0.0001641994648249323,0.00019690963182801492
2026-04-10 09:55:00,0.00016422539340510411,1.5574311045981693e-05
2026-04-10 10:00:00,-0.00044662796633510027,0.0030180352318840533
2026-04-10 10:05:00,-0.0007919040862027771,-0.00028508085200693294
2026-04-10 10:10:00,-0.0006928773957959322,-0.0002860999713876662
2026-04-10 10:15:00,0.0009225306637450359,0.002871265396958251
2026-04-10 10:20:00,0.0006929503638293255,0.0005694366873095916
2026-04-10 10:25:00,-0.0008788967356334609,0.000604893026984377
2026-04-10 10:30:00,-0.003082641196751723,0.00012431720206274055
2026-04-10 10:35:00,-0.0027577965240670466,-0.00018252427192946407
2026-04-10 10:40:00,-0.0001919003305097533,3.165214040737178e-05
2026-04-10 10:45:00,0.0019514753540406105,-0.0004606522349505141
2026-04-10 10:50:00,0.0012512279172867125,-2.9019865826001093e-05
2026-04-10 10:55:00,0.0010960776277091355,0.00015640463777269508
2026-04-10 11:00:00,0.0029946915574718957,0.004073150971830408
2026-04-10 11:05:00,0.002382074288249214,0.0009494023330328604
2026-04-10 11:10:00,0.0004022962534335761,-0.001808472683351433
2026-04-10 11:15:00,-0.002343640951638193,0.003891227386318968
2026-04-10 11:20:00,-0.0010144785040822057,0.0012117088801550443
2026-04-10 11:25:00,0.0003979244817120531,0.0014180232774319444
2026-04-10 11:30:00,0.0004506411183093917,0.001051865322793864
2026-04-10 11:35:00,0.000623121183545905,0.0010149630775951948
2026-04-10 11:40:00,0.00029886557585712126,0.00034630531136544546
2026-04-10 11:45:00,-0.0004885547720725469,-0.0009572441591224798
2026-04-10 11:50:00,-0.0012150247605688946,-0.0004970730723110209
2026-04-10 11:55:00,-0.0009979704553177982,-0.0005293763980651234
2026-04-10 12:00:00,0.0010210602438895933,-0.0011320219691613054
2026-04-10 12:05:00,0.0027375111651259942,0.00036998937874762553
2026-04-10 12:10:00,0.002324948788546166,0.0016030905515347434
2026-04-10 12:15:00,0.0015243857313187448,-0.0006839062890230476
2026-04-10 12:20:00,-0.0009607471440933324,0.0010410152603264257
2026-04-10 12:25:00,-0.0006306734539958114,0.00046756400573236723
2026-04-10 12:30:00,-0.0002500501689315371,-0.0002546911697428667
2026-04-10 12:35:00,0.0005509132261778404,-0.0005038987069312692
2026-04-10 12:40:00,0.00038055391026325935,0.0002839800186571384
2026-04-10 12:45:00,0.00025845413055769484,0.00015223434819680646
2026-04-10 12:50:00,-0.0002628024213979785,-0.000798636205423791
2026-04-10 12:55:00,-0.0002964411318000515,-6.7031065066848125e-06
2026-04-10 13:00:00,-0.0002458450621158903,-0.0004892545214375496
2026-04-10 13:05:00,0.0011117078257338875,-0.001254634280895339
2026-04-10 13:10:00,0.0012755438813289999,-0.00017061229890189943
2026-04-10 13:15:00,0.00021222879183824261,0.0002763478774491998
2026-04-10 13:20:00,0.00010711259118778571,0.00018312444590883091
2026-04-10 13:25:00,0.0011270917715968665,-0.00040787571605029396
2026-04-10 13:30:00,0.0008484650433189245,-4.156769741291708e-05
2026-04-10 13:35:00,0.0006445335070868197,5.0337154720679535e-05
2026-04-10 13:40:00,0.0003984807450194694,-0.0003478634367781552
2026-04-10 13:45:00,0.0007512565012799399,0.00020988092140927566
2026-04-10 13:50:00,0.00015319929474344463,-0.00033281817075056074
2026-04-10 13:55:00,-0.0004530220422349629,0.001130804204717332
2026-04-10 14:00:00,0.0001447303979364989,-0.0004082321003910706
2026-04-10 14:05:00,-0.0010161706361309086,0.0003272842352919159
2026-04-10 14:10:00,-0.0009948516203994728,-0.0001644787401219104
2026-04-10 14:15:00,0.0026894292798527175,-0.0024507546790894915
2026-04-10 14:20:00,0.0032234109841962066,-0.000792047251472246
2026-04-10 14:25:00,0.0022485494589776778,-0.0008463251195957749
2026-04-10 14:30:00,-0.0026747476561066463,-0.0007667950753197815
2026-04-10 14:35:00,-0.002268097532011737,-0.0005665441671653848
2026-04-10 14:40:00,-0.00033947532529055024,4.9384672982235884e-05
2026-04-10 14:45:00,0.0006478741463791238,0.00019277415870674278
2026-04-10 14:50:00,0.001933028117154123,0.0004719696925863052
2026-04-10 14:55:00,0.0002996662829755081,-0.000105627893981773
2026-04-10 15:00:00,0.00027872928965244625,0.0020540142376177352
2026-04-10 15:05:00,0.0003978824330861386,-0.0006304991196847388
2026-04-10 15:10:00,0.0009235805841765199,-0.001578203844439287
2026-04-10 15:15:00,-0.0005512465542594214,-0.0002109204877823751
2026-04-10 15:20:00,-0.00012353601980663598,-0.0009898053585394935
2026-04-10 15:25:00,-0.001472687984096055,0.0032602393615008374
2026-04-10 15:30:00,0.000959769393748644,-0.0003368832310930781
2026-04-10 15:35:00,0.0003077647822049556,0.0008830825085008221
2026-04-10 15:40:00,0.0005491073999195351,0.0001805464280352641
2026-04-10 15:45:00,0.00035601199926915683,-0.0025724587404172636
2026-04-10 15:50:00,-0.0002805436703461339,-0.000752185012134641
2026-04-10 15:55:00,0.0014865252389828498,-0.0003202391203284698
2026-04-10 16:00:00,0.0026034084833224114,-0.0011624116249665984
2026-04-10 16:05:00,0.0030712227380771395,-0.0008524618793344001
2026-04-10 16:10:00,0.0024030737459401763,-0.0008974172579998038
2026-04-10 16:15:00,-7.727273205659912e-05,-0.0007670458973151569
2026-04-10 16:20:00,-0.0007037290620406367,-0.0008303117174642418
2026-04-10 16:25:00,-0.002126949111566745,-0.0018717575003215933
2026-04-10 16:30:00,-0.002919850560237691,-0.0022155430054310826
2026-04-10 16:35:00,-0.0025036066458241635,-0.0005680557782644319
2026-04-10 16:40:00,-0.0013646307464245666,-0.0008332279182565901
2026-04-10 16:45:00,0.00011310416486765007,-0.0002988859538184071
2026-04-10 16:50:00,0.0009879686328204684,0.0020780169950122118
2026-04-10 16:55:00,0.0016385881676264091,-0.00035213505949887756
2026-04-10 17:00:00,0.0016929383003017051,-0.002429212371995943
2026-04-10 17:05:00,0.0013234359830089915,0.000173392736510322
2026-04-10 17:10:00,-0.0011883890778001671,0.0008556002300498947
2026-04-10 17:15:00,-0.001563093736626442,0.0003166052441814504
2026-04-10 17:20:00,-0.005365200740518716,0.00030811900126291114
2026-04-10 17:25:00,-0.002240435862381318,-0.0007545717910635383
2026-04-10 17:30:00,-0.0018361436092657613,0.0007119126859487237
2026-04-10 17:35:00,0.0012805416130952096,0.0009395575923447609
2026-04-10 17:40:00,-0.0007682265260644527,0.001496972870707018
2026-04-10 17:45:00,-0.0027437222566977226,0.001357735734356795
2026-04-10 17:50:00,-0.0021379511122585626,-0.0002643819922604464
2026-04-10 17:55:00,0.00017636647319108079,-0.0005404612700638022
2026-04-10 18:00:00,0.001864282103214876,0.0006092941838547327
2026-04-10 18:05:00,0.0009246262227087243,-0.0006769548236627768
2026-04-10 18:10:00,-0.0010439543498712567,0.0001181565328760778
2026-04-10 18:15:00,-0.00020790435634587823,-0.0004222849858444141
2026-04-10 18:20:00,0.0003696112403890339,0.0001287533120496048
2026-04-10 18:25:00,-0.00027114426196739316,4.273940115528171e-05
2026-04-10 18:30:00,8.820712719348478e-05,-0.00046572398877626673
2026-04-10 18:35:00,0.0005982286314303309,-0.001120689019966239
2026-04-10 18:40:00,0.0014872358854418621,-7.256661941129746e-05
2026-04-10 18:45:00,-0.0003633793478776681,0.0007010933408508012
2026-04-10 18:50:00,-0.0006675203337760394,-0.0009338125634467876
2026-04-10 18:55:00,0.0001280341202178903,3.8136777011965866e-05
2026-04-10 19:00:00,0.001471605732561443,-0.0002669480053066064
2026-04-10 19:05:00,0.0005332124285057915,2.224489977909242e-05
2026-04-10 19:10:00,-0.0005773326761637776,0.000496360784338051
2026-04-10 19:15:00,-0.0012300382736754045,-0.0003054461081894589
2026-04-10 19:20:00,-0.000644509150932393,-0.000551040785302005
2026-04-10 19:25:00,-0.0005629578119386025,0.0001895214818771235
2026-04-10 19:30:00,0.0005501358680355395,0.0011496208751919448
2026-04-10 19:35:00,-0.00013651289385485654,0.00021897194562839665
2026-04-10 19:40:00,0.00032983089637994567,0.0004064644721551911
2026-04-10 19:45:00,-0.0022549582363620146,0.0005027286296726172
2026-04-10 19:50:00,-0.0010233899052245476,0.0006982275555136286
2026-04-10 19:55:00,0.0006089558695183683,1.7134727657721217e-05
2026-04-10 20:00:00,0.003165586632839279,0.0006210157604713939
2026-04-10 20:05:00,0.0017456465686809253,0.0006912352073024455
2026-04-10 20:10:00,0.0006127811220135726,-0.0008763417271006746
2026-04-10 20:15:00,0.0006499415281435716,-0.0031295672231290996
2026-04-10 20:20:00,0.001510013562453949,0.0008650331842697616
2026-04-10 20:25:00,0.0003356112981478532,6.921360147386381e-05
2026-04-10 20:30:00,-0.001480804351400522,-0.0010073554590616196
2026-04-10 20:35:00,-0.0007903754904496907,-0.0002642367857018103
2026-04-10 20:40:00,-0.0006020829734705302,-8.706599469117003e-05
2026-04-10 20:45:00,0.0006316026023842625,0.0005961626574176877
2026-04-10 20:50:00,-0.0005055808045728583,-0.0002419360084408562
2026-04-10 20:55:00,0.00030423356979980554,-0.00015105183913628013
2026-04-10 21:00:00,0.00053057352466368,0.00032692650243993987
2026-04-10 21:05:00,0.00044265936197263045,-0.0003465335046631782
2026-04-10 21:10:00,-0.0007282167511561966,-1.0531518646072742e-05
2026-04-10 21:15:00,-0.00103624343790365,-0.0007123052887826153
2026-04-10 21:20:00,-0.001038775807041148,-0.0006151126258144842
2026-04-10 21:25:00,0.00015534143659223787,0.0002700705515049258
2026-04-10 21:30:00,-0.0010499239769661273,0.00030832960971997783
2026-04-10 21:35:00,-0.0006405914663343282,0.0031383372223252218
2026-04-10 21:40:00,-0.0008798870784350044,6.16722864115501e-05
2026-04-10 21:45:00,-0.001295023800453876,0.0007280500798328411
2026-04-10 21:50:00,-0.0012403428299574415,0.00027702502460615064
2026-04-10 21:55:00,-0.0013202321153080732,0.00038990352072786907
2026-04-10 22:00:00,-0.0005407902191958414,-0.00021900820706889082
2026-04-10 22:05:00,-0.001081825232898126,-0.00010816549025438713
2026-04-10 22:10:00,-0.0017918265101570796,-0.00019153924404465787
2026-04-10 22:15:00,-0.0007959352975301925,-0.00025262489094662953
2026-04-10 22:20:00,0.0003747723512397272,-0.000442850602202521
2026-04-10 22:25:00,0.0012826090317314964,-0.0008769710122053084
2026-04-10 22:30:00,0.0007580479786213346,0.00012750279118704713
2026-04-10 22:35:00,-0.0001936850266464063,-0.0001888586299166339
2026-04-10 22:40:00,-0.0003010231652691431,-0.0004660045858048431
2026-04-10 22:45:00,-0.016948262997120267,-0.0007007464089472375
2026-04-10 22:50:00,-0.0176213767657476,-0.0007771019765407529
2026-04-10 22:55:00,-0.01551849660203608,0.0028013707341406654
2026-04-13 00:00:00,-0.0002355233446635907,-0.009236713451278
2026-04-13 00:05:00,-0.001913301456667682,0.016846050190612256
2026-04-13 00:10:00,-0.006216076230252554,-0.012305021849743136
2026-04-13 00:15:00,-0.0033482832468312296,-0.009240867919567285
2026-04-13 00:20:00,-0.00012238706319678272,-0.014673516283280147
2026-04-13 00:25:00,0.0022437870079805577,-0.00602396461675768
2026-04-13 00:30:00,0.0010243361233239767,0.01812619776339527
2026-04-13 00:35:00,-0.0002555581220722303,-0.024174555401849547
2026-04-13 00:40:00,5.79622408380942e-05,0.0008526928924985607
2026-04-13 00:45:00,5.365745297858382e-05,0.00038017152780707745
2026-04-13 00:50:00,0.00022979051581728527,-0.001387091978808372
2026-04-13 00:55:00,0.0002747382491552486,-0.0016171183005630986
2026-04-13 01:00:00,-0.0015228434790355294,-0.0011171393126877894
2026-04-13 01:05:00,-0.0020678662783115698,0.003590425910973299
2026-04-13 01:10:00,-0.0013228708221824093,-2.5484767682657557e-05
2026-04-13 01:15:00,0.0006274604390075211,-0.0016678912633980945
2026-04-13 01:20:00,0.0022868697703604113,-0.00026779631517735887
2026-04-13 01:25:00,0.0005005773931632262,-0.00047763548905947577
2026-04-13 01:30:00,0.001092817678001623,-0.00039772357137917705
2026-04-13 01:35:00,0.001913166035897973,0.0006043179790593696
2026-04-13 01:40:00,0.0034520944090239425,-0.0006901282303954674
2026-04-13 01:45:00,0.0018479855362265596,-0.0008961654767681085
2026-04-13 01:50:00,0.0010729442423755842,-0.007636336282883362
2026-04-13 01:55:00,0.0001219988550733575,0.0030214072901120726
2026-04-13 02:00:00,0.0009933272352586897,0.0006847754379277877
2026-04-13 02:05:00,0.00025682183126640723,0.0006740451245156973
2026-04-13 02:10:00,0.00015622241395440994,8.830032068834408e-05
2026-04-13 02:15:00,0.001362079037955155,-0.00034590464897572013
2026-04-13 02:20:00,0.0008791152945093472,0.0009174948940223061
2026-04-13 02:25:00,0.0011676847808317348,0.0011471075409136297
2026-04-13 02:30:00,0.001573594685392976,0.0011772967837087268
2026-04-13 02:35:00,0.0026966884246188982,0.001976427986125207
2026-04-13 02:40:00,0.0038803353902352455,0.0012830423797600024
2026-04-13 02:45:00,0.003592679236183116,0.0007254258798695607
2026-04-13 02:50:00,0.003677789301567813,0.0010683526983048303
2026-04-13 02:55:00,0.0038992700299331773,0.0007439505021381108
2026-04-13 03:00:00,0.0027618550631718364,0.0025208117474896
2026-04-13 03:05:00,0.0017786989625747651,-9.842020048016773e-05
2026-04-13 03:10:00,0.00043255072013437257,0.00019523105997690292
2026-04-13 03:15:00,0.0009111598635147544,-0.0003329593157938868
2026-04-13 03:20:00,0.00031804930032208745,0.0006415514788770966
2026-04-13 03:25:00,-0.0006255626291444827,7.91267398225293e-05
2026-04-13 03:30:00,-0.0013479633173894001,0.0009554325606835304
2026-04-13 03:35:00,0.0012309571344406578,-1.3151520298145805e-05
2026-04-13 03:40:00,0.0014964573218296806,0.0013973708853330042
2026-04-13 03:45:00,0.0017333671067412126,-9.434514004598329e-05
2026-04-13 03:50:00,8.045733648209819e-05,0.0004925618096717742
2026-04-13 03:55:00,0.00028589490062991274,0.00027970643101638795
2026-04-13 04:00:00,-0.00022021254834747594,0.0009257643017220902
2026-04-13 04:05:00,-0.0005103785912723424,0.0003913460059430916
2026-04-13 04:10:00,-0.0006396706126388096,-0.0003116489225978769
2026-04-13 04:15:00,0.0005631393685856523,-0.0008363427301649454
2026-04-13 04:20:00,-0.0009642885516853994,-0.0006454483835749119
2026-04-13 04:25:00,-0.0009433073051141605,-0.0012130285748162967
2026-04-13 04:30:00,-0.0025960417019081916,-0.0006853400449669019
2026-04-13 04:35:00,0.0005765655928868796,-0.0006384359584735062
2026-04-13 04:40:00,0.0011805838796146162,-0.0001230058591303589
2026-04-13 04:45:00,0.0005791303236861722,-0.00105922323286722
2026-04-13 04:50:00,-0.0009031509130235094,-0.0003619687088750941
2026-04-13 04:55:00,-0.0014563248291050712,-0.0009267455443957081
2026-04-13 05:00:00,5.089652102263642e-05,-0.00014043360531186544
2026-04-13 05:05:00,0.00046439777033135954,0.0006387144055752705
2026-04-13 05:10:00,0.0010707218005219232,-0.001138646556111117
2026-04-13 05:15:00,0.0012800435775766061,-0.0008410422387562898
2026-04-13 05:20:00,0.0004429913646735173,-0.0008943300642638879
2026-04-13 05:25:00,0.0006884725608475861,-0.00013363449103181643
2026-04-13 05:30:00,-0.00016521153468218586,-0.00022797326952248703
2026-04-13 05:35:00,-4.6621429760307365e-05,-0.00025971988768956275
2026-04-13 05:40:00,-0.0008622543930307813,0.004888527393784389
2026-04-13 05:45:00,-0.0012632874704863184,6.614910168696326e-05
2026-04-13 05:50:00,-0.0012914295627908245,0.0022860354200633396
2026-04-13 05:55:00,-0.000714518212978632,-0.0004079535006516451
2026-04-13 06:00:00,-0.0005006693374607352,-0.001036999773924466
2026-04-13 06:05:00,2.334111016644158e-05,-0.00041159966313458816
2026-04-13 06:10:00,-0.0004136785522117492,-0.0010006921293582124
2026-04-13 06:15:00,0.0001315560536774285,-0.0010104607415322934
2026-04-13 06:20:00,-9.124561947793097e-05,-0.0004519973426451655
2026-04-13 06:25:00,0.0011663465837727927,-0.0015301276329012033
2026-04-13 06:30:00,0.001215014160301564,-0.0006883337313753654
2026-04-13 06:35:00,0.0023548648569136077,0.0008578672720301992
2026-04-13 06:40:00,0.0010972438676564167,-0.0006564998954534263
2026-04-13 06:45:00,0.0006058949953278159,0.00026482156189944206
2026-04-13 06:50:00,-0.0005527149349386917,-0.00030861924813275674
2026-04-13 06:55:00,-0.0008493055161515883,-0.0010901152596106975
2026-04-13 07:00:00,-0.0009280585809108288,-0.0004275672741579251
2026-04-13 07:05:00,-0.0008052656328203511,0.0008332016497138934
2026-04-13 07:10:00,0.00024152184301051705,-0.00040543174422435504
2026-04-13 07:15:00,0.0010911214525979318,-0.00046115698832429036
2026-04-13 07:20:00,0.001241533474305001,0.0006887067858209043
2026-04-13 07:25:00,0.00012073905022802478,0.000642470140719718
2026-04-13 07:30:00,0.00011222263288246381,0.001409893974845759
2026-04-13 07:35:00,-0.00044474094573310197,0.0005485138579935825
2026-04-13 07:40:00,0.0017818526665962509,0.000901889370740342
2026-04-13 07:45:00,0.0006307532630476231,-0.000203024965191955
2026-04-13 07:50:00,0.0015895680294359948,-0.00016920110313360008
2026-04-13 07:55:00,-0.0006620044593947938,-0.0005026359662596127
2026-04-13 08:00:00,0.0006049798912357573,0.002784067347309758
2026-04-13 08:05:00,-0.00023689916032765268,0.0007492548504259467
2026-04-13 08:10:00,0.001124935625147927,-0.00035601980952666506
2026-04-13 08:15:00,0.00020298815549324445,0.000130929468487021
2026-04-13 08:20:00,-4.0193818831468775e-05,0.0002834080232999247
2026-04-13 08:25:00,-0.0011376300884577972,0.002105697110358384
2026-04-13 08:30:00,-0.0016462371971339707,0.0002949997643862698
2026-04-13 08:35:00,-0.00041472529276020964,0.0002669098848866692
2026-04-13 08:40:00,-6.98224288981919e-05,-0.00042770513741647535
2026-04-13 08:45:00,0.0032538849594772046,-4.1606846115556546e-05
2026-04-13 08:50:00,0.0004358801356332265,0.0007609607743913819
2026-04-13 08:55:00,0.00041674644332623245,9.178014394236331e-05
2026-04-13 09:00:00,-0.001235609793269532,0.0009656869099691173
2026-04-13 09:05:00,0.0006746047526817733,0.0011787550076336152
2026-04-13 09:10:00,0.0006934871686805621,0.0013081328882739674
2026-04-13 09:15:00,4.438165263209726e-05,0.002606392900195364
2026-04-13 09:20:00,-0.00017548032498382327,0.0008196513843118217
2026-04-13 09:25:00,0.00019231521156370945,-0.0008158627727160807
2026-04-13 09:30:00,0.0015246866998932518,0.0024517370579405754
2026-04-13 09:35:00,0.0010925510036940977,0.000849119904034456
2026-04-13 09:40:00,0.00025777116824343693,0.0007899141166530146
2026-04-13 09:45:00,-0.0005530109687761353,0.0005591777888349918
2026-04-13 09:50:00,-0.0001647571736462794,0.0011815697451660638
2026-04-13 09:55:00,-0.00015211921104807402,0.0013551007238250831
2026-04-13 10:00:00,-0.0007709261950719082,0.00023068224304008205
2026-04-13 10:05:00,-4.436233891702557e-05,0.0007610968940328271
2026-04-13 10:10:00,-0.00012889688583861414,0.00031457975467707035
2026-04-13 10:15:00,1.0564648782462882e-05,0.00015179830941442168
2026-04-13 10:20:00,-0.0007333199114309963,-0.0008948206592718993
2026-04-13 10:25:00,-0.002240386478050027,-0.0008281737614176479
2026-04-13 10:30:00,-0.0009047383112150698,0.005425884704639884
2026-04-13 10:35:00,-0.001038556774537014,-0.000853494538934772
2026-04-13 10:40:00,0.00041926413407367136,-0.0011753815659272782
2026-04-13 10:45:00,-0.00030669753623691065,-0.0013360937818323562
2026-04-13 10:50:00,-0.0015863555597572798,-0.0013008698388466103
2026-04-13 10:55:00,-0.0009213418353173353,-0.0006095431780720926
2026-04-13 11:00:00,-0.0014713403598776154,-0.0007256317417101859
2026-04-13 11:05:00,0.0006611108173473212,-0.0014834646592168988
2026-04-13 11:10:00,-0.0007716147905405535,-0.0008924003225712214
2026-04-13 11:15:00,-0.0012401465598141925,-0.004696707518299268
2026-04-13 11:20:00,-0.0010469607307612705,-0.0011204925281454608
2026-04-13 11:25:00,-0.000250266705018376,-0.0008286548437189218
2026-04-13 11:30:00,-0.00013576753225130744,-0.0008714352732045541
2026-04-13 11:35:00,-0.00019085993059597683,-0.0006159559104935732
2026-04-13 11:40:00,0.00013150387425220345,-0.0012037055146048097
2026-04-13 11:45:00,0.00044541824448351974,-0.0006561698803496635
2026-04-13 11:50:00,0.0006508946851120356,-0.0008212601161647034
2026-04-13 11:55:00,0.0005894338849170566,-0.0009726573134127162
2026-04-13 12:00:00,-0.0005133089235442867,-0.0033655405887028037
2026-04-13 12:05:00,-0.0013425368748514188,-0.0014422422409379795
2026-04-13 12:10:00,-0.001013702028744845,-0.001466942306907984
2026-04-13 12:15:00,0.0006278129832626433,-0.0013063145404967349
2026-04-13 12:20:00,0.001100886016770275,-0.0007521490186540546
2026-04-13 12:25:00,0.0010582134994656656,-0.000835241247150702
2026-04-13 12:30:00,0.0010214743601704157,-0.000320783336466934
2026-04-13 12:35:00,0.0006951185160222195,0.00020410586499430058
2026-04-13 12:40:00,0.0011502520489390378,0.00182948466373596
2026-04-13 12:45:00,0.0008659521515053115,0.00013400005091318036
2026-04-13 12:50:00,0.0005739561727065023,0.00020160320691094526
2026-04-13 12:55:00,-0.000381152440178667,-0.0019370635454990322
2026-04-13 13:00:00,-0.0010438933720582355,-0.00021464216662492536
2026-04-13 13:05:00,-0.0005972602453070408,0.0005591119868684821
2026-04-13 13:10:00,-0.00016732945407937905,-0.0001269564254398059
2026-04-13 13:15:00,-0.00012500145674820828,-0.00018514396358005887
2026-04-13 13:20:00,-0.001675077784488721,-8.648942367713366e-06
2026-04-13 13:25:00,-0.0028000349207015773,-0.001981626400525756
2026-04-13 13:30:00,-0.0023227828672531814,0.0003534968873027469
2026-04-13 13:35:00,-0.0009171799907949918,0.00028772025984393716
2026-04-13 13:40:00,-0.00021456834137012493,4.4393387149828465e-05
2026-04-13 13:45:00,0.0002081037298431454,-0.001120755587211886
2026-04-13 13:50:00,0.0014624183445288708,-0.00016836428757342281
2026-04-13 13:55:00,0.0023471250018474166,-0.0005846745817227759
2026-04-13 14:00:00,0.0008447111611502578,-0.0013871117422926877
2026-04-13 14:05:00,-0.0014539220775748873,7.810761976172588e-05
2026-04-13 14:10:00,-0.0014381807586349993,-0.00127229966355268
2026-04-13 14:15:00,-8.486010811381561e-06,0.0001327000411130725
2026-04-13 14:20:00,0.0007877150832218405,-0.00020044844074335456
2026-04-13 14:25:00,0.001005671306650413,-0.00025457576023644795
2026-04-13 14:30:00,0.0016830631475617253,-0.00013760176229076935
2026-04-13 14:35:00,0.002558443353152029,0.00011431611934836945
2026-04-13 14:40:00,0.001781838646207845,0.0008190860855953419
2026-04-13 14:45:00,0.0011430362824942364,0.0010658695379986973
2026-04-13 14:50:00,0.0010684948464607658,0.0013666938500812415
2026-04-13 14:55:00,0.0022265390125593143,3.642765366528651e-05
2026-04-13 15:00:00,0.0018198097921278134,0.0008079668240815266
2026-04-13 15:05:00,0.0004080541056001863,0.0009248890865165651
2026-04-13 15:10:00,1.0560543065807337e-05,0.0008668524202489977
2026-04-13 15:15:00,-0.0004097495093873249,-0.0007356719896444174
2026-04-13 15:20:00,-0.0006639657180880221,0.0011024174612469435
2026-04-13 15:25:00,-0.0016107147698392055,0.5546334703616916
2026-04-13 15:30:00,0.0012287451878929545,0.0006942813281163814
2026-04-13 15:35:00,-1.9037365060370348e-05,0.0017131852734841978
2026-04-13 15:40:00,0.0009071388639600997,-0.0001585526362228634
2026-04-13 15:45:00,-0.003191109874222775,-0.001980314930990161
2026-04-13 15:50:00,-0.0005649400880010091,0.002196552696361191
2026-04-13 15:55:00,-0.0008077152037966329,-0.004878041522782748
2026-04-13 16:00:00,-0.0011987666424797538,0.00013568214869256806
2026-04-13 16:05:00,-0.0016098185441091317,-0.001357842018988944
2026-04-13 16:10:00,-0.002564905010466134,-0.00011416623740655813
2026-04-13 16:15:00,0.0001568108906244703,-0.00022667195344686975
2026-04-13 16:20:00,0.0003921024264155193,-4.209414780848714e-05
2026-04-13 16:25:00,0.0013690503558247968,-0.001460451294751853
2026-04-13 16:30:00,-0.0008882134246270823,-0.0018377412199346722
2026-04-13 16:35:00,-0.0010834248731530494,-0.000558495253442286
2026-04-13 16:40:00,-0.0005529046168568641,0.0007579843399354406
2026-04-13 16:45:00,-0.0016492074490503938,-0.0006026179761144169
2026-04-13 16:50:00,-0.0018812883239434086,-5.151157842236921e-05
2026-04-13 16:55:00,-0.002318746921970316,-0.0026672784973618513
2026-04-13 17:00:00,-0.0001253405706762578,0.0008059224741629074
2026-04-13 17:05:00,-6.163701538497435e-05,-0.0017178269893037416
2026-04-13 17:10:00,-0.0011156766460374001,-0.0008176740908260156
2026-04-13 17:15:00,0.0005692172567037801,-0.00030033702304754686
2026-04-13 17:20:00,0.0024222364977912747,-0.00048871665361103
2026-04-13 17:25:00,0.002013688660770896,-0.0003729241459010384
2026-04-13 17:30:00,0.001169276805089936,-0.0008544813706820398
2026-04-13 17:35:00,-0.0008251516869943742,-0.0010987357745865052
2026-04-13 17:40:00,0.0005452071232614486,-0.0001056691701223837
2026-04-13 17:45:00,-0.000698006255234418,-0.0004357655842353186
2026-04-13 17:50:00,0.000920562329168817,-0.0020294936589975877
2026-04-13 17:55:00,0.0010916418421889063,-0.0057426953188268225
2026-04-13 18:00:00,0.0029986110195530102,-0.00143731908297634
2026-04-13 18:05:00,0.002073461399525911,0.0010514225660723
2026-04-13 18:10:00,0.0021226375647280804,-0.0017735136238271462
2026-04-13 18:15:00,0.0016153077141929373,-0.00035834060686235243
2026-04-13 18:20:00,0.0019973818753520334,0.002158122440910546
2026-04-13 18:25:00,0.0019240421368031946,-0.0005983358545999873
2026-04-13 18:30:00,0.0008193415739938814,0.0019238704648099451
2026-04-13 18:35:00,0.00032089987355021776,-0.00011830486508710748
2026-04-13 18:40:00,-0.0012963680290969393,-5.919820333210061e-05
2026-04-13 18:45:00,0.00015196894796964955,-0.0003643170689636157
2026-04-13 18:50:00,-0.0017789125439602316,-0.008829455596479515
2026-04-13 18:55:00,-0.00048604317442801914,-0.001949247821554052
2026-04-13 19:00:00,0.0013139899618721529,-0.002326705173798467
2026-04-13 19:05:00,0.003293351678976819,-0.0002968837214317754
2026-04-13 19:10:00,0.0025923157043798994,0.001034005979776549
2026-04-13 19:15:00,-0.000206580648342225,-0.00018081529861967865
2026-04-13 19:20:00,0.00033927414624557173,0.0009074195257635647
2026-04-13 19:25:00,0.00018761864562755193,0.0010555648724533228
2026-04-13 19:30:00,-0.0009955580376228568,9.910528507609245e-05
2026-04-13 19:35:00,-0.003383133793930071,-0.0018778195346127278
2026-04-13 19:40:00,-0.0029109951180004145,-0.00040749556003005
2026-04-13 19:45:00,-0.0014254567834210974,0.00043856829617128787
2026-04-13 19:50:00,-0.00010359506600643442,-0.0007025430725302638
2026-04-13 19:55:00,-2.325451111140353e-05,0.0008999426423973271
2026-04-13 20:00:00,-0.0014804008244624356,-0.0006249678417205463
2026-04-13 20:05:00,-0.00013320942761829713,-0.000597291813024264
2026-04-13 20:10:00,-0.0006280762991366373,0.0002956384976027189
2026-04-13 20:15:00,0.0017550912711872257,0.00018328544091987338
2026-04-13 20:20:00,0.0005644325224913871,0.0008423147977954177
2026-04-13 20:25:00,0.001348714803331319,-0.0003113808049293942
2026-04-13 20:30:00,0.0005681584322125843,-7.339716352825949e-05
2026-04-13 20:35:00,0.00162598228238231,0.0008381761679837458
2026-04-13 20:40:00,0.001034613178665822,-0.0008909049302382561
2026-04-13 20:45:00,-1.9003799703654067e-05,-7.654927984110851e-05
2026-04-13 20:50:00,-0.0010090647797547092,-0.00017686629848279677
2026-04-13 20:55:00,-0.000747347899881845,0.0004373679624620298
2026-04-13 21:00:00,0.00033990231830216544,-0.000579162225916051
2026-04-13 21:05:00,0.001416202135168021,-0.0006604384241459761
2026-04-13 21:10:00,0.001736618925843203,0.0016153143656451891
2026-04-13 21:15:00,0.0013120786935605366,0.00010521566201975241
2026-04-13 21:20:00,5.905279321360979e-05,0.0007734623225928556
2026-04-13 21:25:00,-0.0003289452905086421,-2.4331308607931955e-05
2026-04-13 21:30:00,-0.0003963953378463003,0.000980733667399942
2026-04-13 21:35:00,0.0007568323450648506,0.0008171159377720395
2026-04-13 21:40:00,-4.639842752318657e-05,0.0006568705730491934
2026-04-13 21:45:00,0.00011598298226367376,0.00025084383683262224
2026-04-13 21:50:00,-0.0004742708175200505,-0.00017827622303552275
2026-04-13 21:55:00,0.0002783582784218197,0.0019437166612853022
2026-04-13 22:00:00,-6.958817509783444e-05,0.0008837773992731153
2026-04-13 22:05:00,-0.00046394905828073263,0.00025798393832617223
2026-04-13 22:10:00,-0.0006854913395581974,0.0004556821988892139
2026-04-13 22:15:00,-0.0005737597875867806,0.0006782842514512604
2026-04-13 22:20:00,-0.00045150251941805664,0.0002960904040468303
2026-04-13 22:25:00,4.852714831216076e-05,0.00036199651923742374
2026-04-13 22:30:00,-5.908220023798094e-05,-0.0007152829891735523
2026-04-13 22:35:00,0.000470486476919163,0.0005114742806938068
2026-04-13 22:40:00,0.00012236235305351784,0.00018239024354596144
2026-04-13 22:45:00,0.0016719432693310665,-7.464089343542379e-05
2026-04-13 22:50:00,0.0015680954861476692,-3.094371964862679e-05
2026-04-13 22:55:00,0.0019283929611582096,-5.4169657170978405e-05
2026-04-14 00:00:00,0.0003980711504691925,0.0002647445903189258
2026-04-14 00:05:00,-0.0002253677769417095,-0.0009653258168854583
2026-04-14 00:10:00,-0.00015581932570185586,0.0011565430073064563
2026-04-14 00:15:00,-0.000256937849833605,-6.959480125510033e-05
2026-04-14 00:20:00,0.00014112408516453456,8.437273222363924e-06
2026-04-14 00:25:00,0.0006168181013794793,0.0009171341444995102
2026-04-14 00:30:00,0.0008253361818351124,-0.00017806676014341935
2026-04-14 00:35:00,0.0016225485141880824,0.000575544909761215
2026-04-14 00:40:00,0.0013607060945268756,0.0005233629440997632
2026-04-14 00:45:00,0.0026965382762664802,0.0010255448818202511
2026-04-14 00:50:00,0.0019683536366255083,0.003230486209473903
2026-04-14 00:55:00,0.0010040941835232076,0.0017323453553385968
2026-04-14 01:00:00,-0.0007684975202586486,-0.0009197252167266629
2026-04-14 01:05:00,-0.0013125056353153752,0.0009061313517570265
2026-04-14 01:10:00,-0.0015149305472590413,0.002692299830919945
2026-04-14 01:15:00,-0.0011160023478318237,0.0004772783724470576
2026-04-14 01:20:00,0.0002458321483089776,-7.40961198516276e-05
2026-04-14 01:25:00,0.0008176331762967948,-0.0001352617039722342
2026-04-14 01:30:00,0.000599139149590755,0.0004125858400055632
2026-04-14 01:35:00,-0.00022481849153344058,0.00033895501162531984
2026-04-14 01:40:00,-0.00042029345507366145,0.0008265327821558538
2026-04-14 01:45:00,-0.0006180651814027271,0.006504428420035511
2026-04-14 01:50:00,-0.0005107569086852948,0.0005995501278291706
2026-04-14 01:55:00,0.0004791204449130504,-0.0005298143616544867
2026-04-14 02:00:00,0.001918118185717077,0.0001459893364052361
2026-04-14 02:05:00,0.0014244238535017217,0.0004187465566497654
2026-04-14 02:10:00,0.0005670827525694477,0.0003234640645014255
2026-04-14 02:15:00,0.0003693351170550585,0.0005021505815862564
2026-04-14 02:20:00,0.0017640591769172431,0.0005529752991784438
2026-04-14 02:25:00,0.0015672553899914732,0.0005706596709739358
2026-04-14 02:30:00,0.000945799076681908,-0.00024070327144788277
2026-04-14 02:35:00,-0.000282962811141374,0.0005057552944054523
2026-04-14 02:40:00,-7.337749264024751e-05,0.0006198337114706244
2026-04-14 02:45:00,-0.00039624594182896544,0.0008912921545254074
2026-04-14 02:50:00,0.0011334650986452033,-0.0007238989168242484
2026-04-14 02:55:00,0.0013660345644161964,0.0003060421752238286
2026-04-14 03:00:00,0.000593262194211519,-0.0007343981283211441
2026-04-14 03:05:00,-0.001022366448170331,0.0006713257168633432
2026-04-14 03:10:00,-0.0012004187194243343,0.002058531453110065
2026-04-14 03:15:00,-0.0011155403034397438,0.000719825044864121
2026-04-14 03:20:00,-0.0005325472447044177,-0.0014568160031799052
2026-04-14 03:25:00,0.0005406810197605694,0.00040623151640643265
2026-04-14 03:30:00,0.00026431940006688137,0.000679592533058716
2026-04-14 03:35:00,-0.0006188657751824422,0.0009196934480418272
2026-04-14 03:40:00,-0.001664891726296247,0.001197674434971982
2026-04-14 03:45:00,-0.00032936107396785985,0.0006310350539371765
2026-04-14 03:50:00,0.0008306606536852001,3.565993830399599e-05
2026-04-14 03:55:00,0.0006188917420253404,0.00011030995374097647
2026-04-14 04:00:00,0.0011198045077396301,0.0005346761959849752
2026-04-14 04:05:00,4.6127588918309925e-05,0.0008292603129690739
2026-04-14 04:10:00,0.00011115014193485706,0.0011718147980530932
2026-04-14 04:15:00,-0.0008344918156826253,4.493338409325303e-05
2026-04-14 04:20:00,-0.0001572618822454075,0.0007256931819476014
2026-04-14 04:25:00,0.0008154222148135659,-0.0004295919257781064
2026-04-14 04:30:00,0.001814863513702747,0.0006708488755552554
2026-04-14 04:35:00,0.0012553087685258646,0.0014277947792062935
2026-04-14 04:40:00,0.0005718660899969308,0.0002335639919527772
2026-04-14 04:45:00,-0.0007100450726600371,0.0011887360102747517
2026-04-14 04:50:00,-0.0011630454657698408,0.0007605903602996749
2026-04-14 04:55:00,-0.0012090544342413523,-0.0003819839620213191
2026-04-14 05:00:00,-0.0005931378527712639,0.0011385455838322225
2026-04-14 05:05:00,-0.0001446894264969245,0.0005442752105923232
2026-04-14 05:10:00,-0.00018242799125012255,0.0005869498887469816
2026-04-14 05:15:00,-0.00045504731075318716,0.0006010040158110361
2026-04-14 05:20:00,-0.0003481791941464252,0.00031776575546646664
2026-04-14 05:25:00,-0.00019504604092190903,0.000767261259482162
2026-04-14 05:30:00,0.0008051040675418619,0.001784009128404117
2026-04-14 05:35:00,0.0009959732057343018,0.0004870957360074866
2026-04-14 05:40:00,9.647914065524787e-05,0.0010817034874822176
2026-04-14 05:45:00,-0.0006708750348582981,0.0005633661631262635
2026-04-14 05:50:00,-0.0007337788049142091,-4.884896695223995e-05
2026-04-14 05:55:00,0.00015728298911987793,0.0004922366047530229
2026-04-14 06:00:00,0.0011485990661288525,-0.0009214538086415483
2026-04-14 06:05:00,0.0013497371738715458,0.0006657184606091561
2026-04-14 06:10:00,0.0015233157162004574,0.0005803677771423553
2026-04-14 06:15:00,0.00010473353703055466,0.0012212472732834522
2026-04-14 06:20:00,-0.00027231575389308205,0.0003669550694293587
2026-04-14 06:25:00,-0.0005466180501194629,-0.0001695406060059193
2026-04-14 06:30:00,0.00025550380462568967,0.00034498875403438534
2026-04-14 06:35:00,0.0002890712245537941,-0.0005381760593813761
2026-04-14 06:40:00,0.00015082103227825883,0.00015460377536599077
2026-04-14 06:45:00,-0.0006116425935793757,0.0026360350982539177
2026-04-14 06:50:00,-0.001488142297876749,0.00036329334801415324
2026-04-14 06:55:00,-0.0017505043720085212,4.984258771270682e-05
2026-04-14 07:00:00,-0.001241191787171303,0.00011934460013083274
2026-04-14 07:05:00,-0.0005685937110619932,0.00021249405366383003
2026-04-14 07:10:00,-0.0003021934228772949,7.194110997763503e-05
2026-04-14 07:15:00,-0.0009991038282795017,-0.00012888242344159155
2026-04-14 07:20:00,-0.0011465627476656692,0.0002107122366396354
2026-04-14 07:25:00,-0.0007621847564589501,0.00014658417636902624
2026-04-14 07:30:00,0.00043460689231622496,-0.0025481691161706654
2026-04-14 07:35:00,0.0005041455574978926,3.550099179506065e-05
2026-04-14 07:40:00,-0.0001281376662412015,-0.0004809105097304758
2026-04-14 07:45:00,0.00014272820795291352,-5.3905696384877965e-05
2026-04-14 07:50:00,0.001638816600086912,-0.001175371658374591
2026-04-14 07:55:00,0.0012009088038862359,0.0002740582782330502
2026-04-14 08:00:00,-0.000119638440182257,0.0006983640990612374
2026-04-14 08:05:00,-0.0009859058230752282,6.317300722331692e-05
2026-04-14 08:10:00,0.0003587331095626922,0.0009308533388577167
2026-04-14 08:15:00,0.00026444477246023723,-0.00024962771879062266
2026-04-14 08:20:00,0.0005916601274105204,0.00027907252146915356
2026-04-14 08:25:00,0.00042150427318610184,0.0018372905139961058
2026-04-14 08:30:00,0.0015914872438891337,0.00038057641444946724
2026-04-14 08:35:00,0.002367331113491744,3.9923375112931037e-05
2026-04-14 08:40:00,0.0025943121881706332,-0.00024710972911523945
2026-04-14 08:45:00,0.002924743345701586,0.0010265262915481544
2026-04-14 08:50:00,0.002914793008391925,0.00020735924748433755
2026-04-14 08:55:00,0.0017863471453676283,0.0011131153746959514
2026-04-14 09:00:00,-0.0003949055151082348,8.47247395321187e-05
2026-04-14 09:05:00,-0.004181560836899578,-0.001597342969497356
2026-04-14 09:10:00,-0.003720450117560503,-0.00035489199372303856
2026-04-14 09:15:00,-0.0025780275219897675,0.0038339353307655782
2026-04-14 09:20:00,0.0011035390797946576,0.00634066920404228
2026-04-14 09:25:00,0.0010889164055338796,0.0008970508551053684
2026-04-14 09:30:00,0.0010659162286099644,0.0014888084453998241
2026-04-14 09:35:00,-0.0005505703147221652,0.0010686238414575363
2026-04-14 09:40:00,-0.00033283129842409664,0.0008576556523233041
2026-04-14 09:45:00,4.395250200417422e-05,-0.00016553440031270828
2026-04-14 09:50:00,0.0010527275088421106,-5.869270574819334e-05
2026-04-14 09:55:00,0.0008496515056712894,-0.0002571007179556976
2026-04-14 10:00:00,0.00025739729623808216,-0.00019792862622507765
2026-04-14 10:05:00,-0.0006382015071011438,-0.0003309228513667887
2026-04-14 10:10:00,0.0012104476266028286,0.0002937554570821169
2026-04-14 10:15:00,0.0019711812667608797,0.00017515317079118235
2026-04-14 10:20:00,0.0021452505373140696,0.0012061149043144375
2026-04-14 10:25:00,-0.0002820977644173439,0.0017207173358741636
2026-04-14 10:30:00,-0.0008398375972049621,-0.00023608825478086217
2026-04-14 10:35:00,-0.0006894909323023057,0.00020466807977258163
2026-04-14 10:40:00,0.0004763854968032888,0.00013535076968990123
2026-04-14 10:45:00,0.00024659263439907875,0.0008590239202643753
2026-04-14 10:50:00,0.00028212193497090254,-0.00031040341320404704
2026-04-14 10:55:00,-0.00026323761525048894,0.001186626055836562
2026-04-14 11:00:00,-0.00010448098037763032,0.0004465636492175873
2026-04-14 11:05:00,9.193365739434967e-05,-0.0009137044754399424
2026-04-14 11:10:00,-0.0014469543304809207,0.0002054780207706602
2026-04-14 11:15:00,-0.002336955595481527,0.000480038128183449
2026-04-14 11:20:00,-0.0015117097636725418,-0.00023524690218756873
2026-04-14 11:25:00,-0.00010672258103028298,-0.0006478516782745551
2026-04-14 11:30:00,0.00041046089470242464,0.00046829163293587886
2026-04-14 11:35:00,-0.00032019856770126864,0.0003992156218063762
2026-04-14 11:40:00,7.324221307669632e-05,-0.00869946776485993
2026-04-14 11:45:00,0.0008434288917076316,0.0011624101229116802
2026-04-14 11:50:00,0.0015372728883598086,0.0007485092746175748
2026-04-14 11:55:00,0.0007530372858290946,-0.00043694844176751964
2026-04-14 12:00:00,0.0013985650788317372,-0.00021160034396242988
2026-04-14 12:05:00,-0.00012958349375224998,0.0008251366286714476
2026-04-14 12:10:00,0.0003261401344332171,0.002837161874397227
2026-04-14 12:15:00,-0.0005077728003488602,0.0003412149393666891
2026-04-14 12:20:00,-0.0043927662380625065,0.00037567863273724504
2026-04-14 12:25:00,-0.0034675434474635836,-0.0001381765473352952
2026-04-14 12:30:00,-0.0030478702125904533,0.001173933247616208
2026-04-14 12:35:00,0.001529288046439703,-0.0001273973389684048
2026-04-14 12:40:00,0.00026635487225057375,0.0007965810294786166
2026-04-14 12:45:00,0.00030394786584864164,-0.0010491222460930635
2026-04-14 12:50:00,0.0012527339725618702,0.0001358465136363045
2026-04-14 12:55:00,0.0016657294244666332,0.0036798483590451394
2026-04-14 13:00:00,0.0012441746381615104,0.0007822028636470147
2026-04-14 13:05:00,0.00042280997624111194,-0.0025047640731498573
2026-04-14 13:10:00,0.0003453700045952246,0.00035778684395518256
2026-04-14 13:15:00,-0.0006784488073297013,0.0011682047112238291
2026-04-14 13:20:00,-0.00015487003505043617,-2.1917811344349548e-05
2026-04-14 13:25:00,4.185571498283025e-06,6.043441831814493e-05
2026-04-14 13:30:00,0.0002911192928980455,-0.0011074627328474709
2026-04-14 13:35:00,-0.0009192495467384987,0.0010025127207770068
2026-04-14 13:40:00,-0.0006950449023399585,-0.00025930473943356334
2026-04-14 13:45:00,-0.00014240748249605417,0.0004594543077045914
2026-04-14 13:50:00,0.0003707330398068365,0.00039019581664924375
2026-04-14 13:55:00,-0.0010812103064203882,-0.0020918436307651904
2026-04-14 14:00:00,-0.0008695443193076358,-0.0016175495504606755
2026-04-14 14:05:00,-0.0017837104429414552,0.00113461472599521
2026-04-14 14:10:00,-0.00032920499388922053,0.0005888720560439091
2026-04-14 14:15:00,0.00109571143682885,-0.00012631829463639383
2026-04-14 14:20:00,0.0014234519745404128,0.0005480701749008305
2026-04-14 14:25:00,0.00016776130960316493,0.00027644468490384705
2026-04-14 14:30:00,-0.0006199874944368133,1.4913553977026115e-05
2026-04-14 14:35:00,-0.0017927483432664815,-0.0004079444836210574
2026-04-14 14:40:00,0.0005576040778301206,-0.0005383201974267786
2026-04-14 14:45:00,0.0010240291727487971,-0.0003132900493557241
2026-04-14 14:50:00,0.0025382559616602407,-6.634532643737706e-05
2026-04-14 14:55:00,0.002087204856771052,0.001113161984881109
2026-04-14 15:00:00,0.002120111106778566,0.00021265067629653472
2026-04-14 15:05:00,0.0029472649414685748,-0.004504983177776684
2026-04-14 15:10:00,0.0004432577846547048,0.00040624158137063393
2026-04-14 15:15:00,0.0013629425802292872,-0.0012551624158314853
2026-04-14 15:20:00,-0.00035697175605164944,0.00018327837653093983
2026-04-14 15:25:00,0.0018837431484133305,0.002300307182862917
2026-04-14 15:30:00,4.171550857634543e-06,-0.0006767207385935032
2026-04-14 15:35:00,0.0006449613403329835,0.0006581467198220972
2026-04-14 15:40:00,0.000644502613356579,-9.226306355119207e-05
2026-04-14 15:45:00,0.00031907206607151295,-0.0002451897276577711
2026-04-14 15:50:00,0.0020302670916905186,-0.0007451409140370193
2026-04-14 15:55:00,-3.5447276870215205e-05,0.00026378689174499513
2026-04-14 16:00:00,0.0019164596368366205,0.0001861267827697119
2026-04-14 16:05:00,-0.0001832634646508069,-0.00020794382028053505
2026-04-14 16:10:00,0.002831819023652926,0.0003759010206373769
2026-04-14 16:15:00,0.0017673837139966508,8.582145186737124e-05
2026-04-14 16:20:00,0.0006308682142357469,-1.6816262253211995e-05
2026-04-14 16:25:00,-0.002379439279632578,8.328551195204911e-05
2026-04-14 16:30:00,-0.002877232853053968,0.0004028783279676465
2026-04-14 16:35:00,-0.0004267814808311954,7.701616783841901e-05
2026-04-14 16:40:00,0.001245592160929121,0.0033800904549650575
2026-04-14 16:45:00,-0.0007211248191847375,-0.00031764639670198223
2026-04-14 16:50:00,-0.0019697170289436627,0.0004192690679777247
2026-04-14 16:55:00,-0.0019085963446272558,0.00011560132494138338
2026-04-14 17:00:00,0.0008648707765779307,0.00010781657798293164
2026-04-14 17:05:00,0.002265360659768234,0.001469976753891569
2026-04-14 17:10:00,0.0016566869848624322,0.0011074753818467865
2026-04-14 17:15:00,0.0014924863279208722,-0.00032401267167069155
2026-04-14 17:20:00,0.0017096865580139564,-0.00037999405361547126
2026-04-14 17:25:00,0.0014543701802356424,0.0003639027772864889
2026-04-14 17:30:00,0.0002454120438901697,-0.00010757187466424608
2026-04-14 17:35:00,-0.0003242414130415483,0.0010311630358798415
2026-04-14 17:40:00,-0.00030775885257661173,-0.0005212823774470544
2026-04-14 17:45:00,0.0006922364814805348,0.0009438491323140141
2026-04-14 17:50:00,0.00011640644988020199,-0.00015918965139670904
2026-04-14 17:55:00,0.00031607534501176815,8.768593482055961e-06
2026-04-14 18:00:00,0.0007976602390495913,0.002204475244718354
2026-04-14 18:05:00,0.0012214503123324505,-0.00031049429472301696
2026-04-14 18:10:00,0.001412799364047146,-0.00027808859604598005
2026-04-14 18:15:00,-5.814122505221064e-05,-0.00026321547261558905
2026-04-14 18:20:00,-0.00012249317219570344,0.00013942812887508772
2026-04-14 18:25:00,-0.0002159459479074144,0.0002835409070245476
2026-04-14 18:30:00,-9.344833715374534e-05,0.0014139274345398988
2026-04-14 18:35:00,-0.0005212827827865141,0.00036738336540041207
2026-04-14 18:40:00,-0.0011220080964307044,-0.00015977651413003405
2026-04-14 18:45:00,4.15344486626168e-06,8.9738161560698e-05
2026-04-14 18:50:00,0.0032230260439209957,-3.3070660931267676e-06
2026-04-14 18:55:00,0.003546643903863611,0.00033334067844948854
2026-04-14 19:00:00,0.00255732070914938,0.0028362025395244823
2026-04-14 19:05:00,0.00027536260563465476,-0.0013738413929788365
2026-04-14 19:10:00,-0.000331510718083905,0.00035417191420484715
2026-04-14 19:15:00,0.0008820332887182758,-0.0006430117389552507
2026-04-14 19:20:00,0.0015265757409395064,0.00029757433831003894
2026-04-14 19:25:00,0.002386495190746629,0.001069853648701855
2026-04-14 19:30:00,0.0012781880428196501,5.311573269870147e-05
2026-04-14 19:35:00,-0.0002852801656594295,-0.0005751451896263498
2026-04-14 19:40:00,-0.0003680552868861042,0.00038222157152462567
2026-04-14 19:45:00,-0.00020464841370682052,-0.00045197199703847523
2026-04-14 19:50:00,0.0012975744619883045,0.00037011455017005334
2026-04-14 19:55:00,0.0007442414662737207,3.9898045229478816e-05
2026-04-14 20:00:00,-0.00022950409641531166,6.868411765277756e-05
2026-04-14 20:05:00,-0.0016449819372255092,-0.0009178754715637313
2026-04-14 20:10:00,-0.0002748913628050076,0.0010314526634248784
2026-04-14 20:15:00,0.00015714362546148664,0.0003682745042701532
2026-04-14 20:20:00,0.0005065955749188333,0.00025384969043762374
2026-04-14 20:25:00,-0.0006348123432946551,0.0019152251540764825
2026-04-14 20:30:00,-0.0007011339421989504,-0.00024831475529412794
2026-04-14 20:35:00,-0.0006886190978239171,0.000413057628189513
2026-04-14 20:40:00,0.00045288778773233673,0.000592274446708164
2026-04-14 20:45:00,0.0016186903308916811,0.0004917161989554956
2026-04-14 20:50:00,0.0015482103077086862,0.0004919453181551675
2026-04-14 20:55:00,0.0009919139170797564,5.2517516178829686e-05
2026-04-14 21:00:00,-0.0002003852775160908,0.0002748506561729011
2026-04-14 21:05:00,-0.0003367229452724274,0.0002489080730687978
2026-04-14 21:10:00,-0.00026234818298753737,-4.0812491310946884e-05
2026-04-14 21:15:00,-8.471100638729467e-05,-0.00015076485455690263
2026-04-14 21:20:00,0.0004296632993181504,0.00012944326362716212
2026-04-14 21:25:00,0.0002706099999674194,0.0003143551417106767
2026-04-14 21:30:00,0.0006754223970304452,0.0002489603718078305
2026-04-14 21:35:00,-6.195754874482873e-06,0.0004250518855243735
2026-04-14 21:40:00,0.000780433861715224,0.0002661858746530217
2026-04-14 21:45:00,8.258917054071446e-05,0.0002780681349059601
2026-04-14 21:50:00,0.0003530967759299841,0.00042598727241710793
2026-04-14 21:55:00,-0.0005098970717085649,0.0001472187295359082
2026-04-14 22:00:00,-0.0005100971463587456,9.385858920655686e-05
2026-04-14 22:05:00,-0.0004212526132469918,0.0007009985414952872
2026-04-14 22:10:00,-0.0004956957190760392,0.0005791213894514348
2026-04-14 22:15:00,-0.0001342793487602023,-0.0002936846539215814
2026-04-14 22:20:00,-0.0003077917823226528,0.0004278386508576548
2026-04-14 22:25:00,0.00044200721563036893,0.0002964364954693104
2026-04-14 22:30:00,0.00021070723340876896,0.0005819878183763164
2026-04-14 22:35:00,0.00035942541896361035,0.00017825752338347385
2026-04-14 22:40:00,-0.00017967095481452589,-1.922676647404055e-05
2026-04-14 22:45:00,0.001490208657269676,0.00041518524278892
2026-04-14 22:50:00,0.001238408143528602,0.0010852999776727833
2026-04-14 22:55:00,0.0006772116483197976,0.0006206458220624917
2026-04-15 00:00:00,-0.002337438679225201,-2.4887608260482124e-05
2026-04-15 00:05:00,-0.0011206934198622065,-0.001878803792155278
2026-04-15 00:10:00,-0.0009932630330560244,-0.0005290224149419332
2026-04-15 00:15:00,0.00037204303726845467,-0.0012606750087437637
2026-04-15 00:20:00,-0.0005143294569052159,-0.0003433275316483217
2026-04-15 00:25:00,4.75173722573885e-05,0.002411367187924237
2026-04-15 00:30:00,-0.00022320921202734212,-0.0005557851123213268
2026-04-15 00:35:00,-0.0007585505228675515,0.00028027842347997224
2026-04-15 00:40:00,-0.0010810621919432606,-0.0028378522549892325
2026-04-15 00:45:00,-0.00010542167127880475,-0.0006839168274276556
2026-04-15 00:50:00,0.000626310647806605,-0.000289059628768236
2026-04-15 00:55:00,0.0004238825846698546,0.0004490288239351614
2026-04-15 01:00:00,0.00013229208457943287,0.0020563546164315155
2026-04-15 01:05:00,-0.00021079345212982048,0.0004578569001604594
2026-04-15 01:10:00,-0.00031427620588253546,-0.0010291760341743271
2026-04-15 01:15:00,0.0006797879075630675,0.00046347966128577325
2026-04-15 01:20:00,0.000830516786161084,0.000152776306357375
2026-04-15 01:25:00,0.001386620268648997,0.0002529897970537031
2026-04-15 01:30:00,1.0327559195388858e-05,0.0028286121932151642
2026-04-15 01:35:00,-0.0007602473649050978,0.00033728211880657824
2026-04-15 01:40:00,-0.0010454697611095298,0.0002969481234097333
2026-04-15 01:45:00,-0.0006074418003425563,-0.019769572670552574
2026-04-15 01:50:00,-0.0008021915972644678,-0.0011746401362797572
2026-04-15 01:55:00,-0.0008065433850852344,-0.00016866495548752827
2026-04-15 02:00:00,-0.001141500700903464,8.251063280190836e-05
2026-04-15 02:05:00,0.0002233550838077747,0.0004597995950942735
2026-04-15 02:10:00,6.206489921645186e-05,0.0008983635793398934
2026-04-15 02:15:00,-0.00042218893167600413,0.0008472131418079256
2026-04-15 02:20:00,-0.0013160319816272192,0.0006495624940408655
2026-04-15 02:25:00,-0.0007450331470462146,0.0006356549345446364
2026-04-15 02:30:00,-0.000169753629926106,0.000589502666830602
2026-04-15 02:35:00,0.00031468090167408036,-0.0003525682558315247
2026-04-15 02:40:00,0.0012124649487770256,0.000587196661773404
2026-04-15 02:45:00,0.0009870657945061367,0.00041376012758834754
2026-04-15 02:50:00,0.0019810422042674247,0.0007840277860676174
2026-04-15 02:55:00,0.0028701178692305263,0.0009053395605838721
2026-04-15 03:00:00,0.006074721441050812,-0.00011946182713305098
2026-04-15 03:05:00,0.0007372354830579297,0.0006962569942298789
2026-04-15 03:10:00,0.00016699774179507187,-0.0016953170848273144
2026-04-15 03:15:00,-0.003251345664688543,0.0002366224465104899
2026-04-15 03:20:00,0.0003054733415712718,-0.00020976214660988369
2026-04-15 03:25:00,-0.0015081138750563383,0.0009048914506466867
2026-04-15 03:30:00,-0.0008335844197997488,0.0009184739013191746
2026-04-15 03:35:00,-0.00017955748416120798,-0.00048229825599179106
2026-04-15 03:40:00,0.000716173476675408,0.0012994593802448118
2026-04-15 03:45:00,0.0008067719759381475,0.0010323584601991912
2026-04-15 03:50:00,0.001270656064559006,0.0009076597476899472
2026-04-15 03:55:00,-0.0002992031931832173,0.0006558468689332314
2026-04-15 04:00:00,-0.0011949146356240448,0.0009836619773730426
2026-04-15 04:05:00,-0.0028385094082867823,0.0003002775184395016
2026-04-15 04:10:00,-0.0021569097625881994,-0.00044031120643086907
2026-04-15 04:15:00,-0.0031520061173750946,-0.0001337135418127344
2026-04-15 04:20:00,-0.0015392575709061163,0.0010566164997843912
2026-04-15 04:25:00,-0.0013473283651492807,0.0014317210536690457
2026-04-15 04:30:00,6.007194134660665e-05,0.0007084881857568246
2026-04-15 04:35:00,-0.001174656154557141,0.0007919364905892264
2026-04-15 04:40:00,-0.0008909369515937016,0.0011419252257221727
2026-04-15 04:45:00,-0.0021046680580401045,0.0002290619506466414
2026-04-15 04:50:00,-0.001016247603876863,0.0005995184325116805
2026-04-15 04:55:00,-0.0006614641407249877,7.848512320960104e-05
2026-04-15 05:00:00,0.0017586870794001896,-3.976710434461434e-05
2026-04-15 05:05:00,0.000723922988788317,-0.00027389735221993133
2026-04-15 05:10:00,0.001121535356258363,0.00014359923830328195
2026-04-15 05:15:00,4.972918316603625e-05,0.00014234407598826015
2026-04-15 05:20:00,0.0010859384486288093,0.004383178015989315
2026-04-15 05:25:00,0.00040808421601568057,0.0001451418369455904
2026-04-15 05:30:00,0.00014710102241011214,7.840912473313331e-06
2026-04-15 05:35:00,-0.00022579465832528456,-0.0006487802213564103
2026-04-15 05:40:00,-0.0009427815237668113,-0.0006844699302409258
2026-04-15 05:45:00,-0.0011338586503431003,-0.00019764897919309784
2026-04-15 05:50:00,-0.000688055834274337,-0.00036790377202253666
2026-04-15 05:55:00,0.0003378458936698081,-0.0006969654379129569
2026-04-15 06:00:00,0.0003276451673670522,-0.00043882428295097405
2026-04-15 06:05:00,0.00010158019402339846,-0.00022357682450713733
2026-04-15 06:10:00,-0.00013678274569173254,-0.0005768064447217951
2026-04-15 06:15:00,0.0008269301984658028,-0.000584033228091385
2026-04-15 06:20:00,0.0002404344413182713,0.00010183994206079406
2026-04-15 06:25:00,-0.00028606075876780324,0.0022232336847815824
2026-04-15 06:30:00,-0.0002465567533302959,-0.0007950194381118541
2026-04-15 06:35:00,4.559311461882487e-05,-0.0014238327933738305
2026-04-15 06:40:00,0.00032336699948487535,-0.0008349102208112151
2026-04-15 06:45:00,-0.0001761491926028924,-0.0012097512697532029
2026-04-15 06:50:00,8.289433873542862e-06,-0.0007664335625566011
2026-04-15 06:55:00,0.00041027681827721096,-0.0001670426667469266
2026-04-15 07:00:00,0.0010667816626259707,-0.000706927584624448
2026-04-15 07:05:00,-7.667988534976189e-05,-0.0004956999111647661
2026-04-15 07:10:00,-0.00017196423600651656,-0.0004919477866929547
2026-04-15 07:15:00,-0.0006254310396958118,-0.00039144247494364115
2026-04-15 07:20:00,-0.0010409410050442602,-0.0007389541622965668
2026-04-15 07:25:00,-0.0019122447526420672,-0.0009035873666299792
2026-04-15 07:30:00,-0.0020031817047474476,-0.0012230174108068146
2026-04-15 07:35:00,0.0002945593662140311,-0.0012616614818314542
2026-04-15 07:40:00,0.0005728125876540702,-0.0005910353777590561
2026-04-15 07:45:00,0.0007884799346129512,-0.0006477926917508782
2026-04-15 07:50:00,-0.000798830637485537,-0.0006480357754300065
2026-04-15 07:55:00,-6.017140552927458e-05,-0.0005834341974976545
2026-04-15 08:00:00,-0.0009504027476072707,-0.0011662521765131472
2026-04-15 08:05:00,-0.0005003721752139256,-1.9947345660177e-05
2026-04-15 08:10:00,-0.0009881587836790828,-0.001217880068522391
2026-04-15 08:15:00,-0.0006001734245177914,-0.0016951293475281554
2026-04-15 08:20:00,0.00016612641012159202,-0.0003026417281801814
2026-04-15 08:25:00,0.00030942361273744723,-0.001755976061933841
2026-04-15 08:30:00,0.0013721851343504454,-0.00038630011831153723
2026-04-15 08:35:00,-0.0002928163449826826,0.0004432489170331772
2026-04-15 08:40:00,-0.0009036192119804554,-0.005923605927358949
2026-04-15 08:45:00,-0.002251289626704178,-0.00040257334015332525
2026-04-15 08:50:00,-0.001026572522736302,-0.0006516931678809293
2026-04-15 08:55:00,0.0008662442623279532,-0.0005450796569862667
2026-04-15 09:00:00,0.0007939295981209682,-0.0001588391296343866
2026-04-15 09:05:00,0.00010187311400500221,0.00034894017615424934
2026-04-15 09:10:00,-0.0006335102181047603,-0.00040649893792815846
2026-04-15 09:15:00,-0.00033661568572895817,0.001223116376662834
2026-04-15 09:20:00,0.0007086664379354346,0.001562491908999928
2026-04-15 09:25:00,-0.0005195701401472519,0.0007972601538154182
2026-04-15 09:30:00,-0.0007629993519806533,-0.0009081105797470657
2026-04-15 09:35:00,-0.0006982718057226833,0.0002887933018004792
2026-04-15 09:40:00,0.00024319243188664075,0.0052769278545855
2026-04-15 09:45:00,0.0006777885226725289,0.0002819217945477751
2026-04-15 09:50:00,-0.0002973291341028528,0.0007897822332846213
2026-04-15 09:55:00,1.2469812661564106e-05,0.0008439118180473845
2026-04-15 10:00:00,5.403697793227025e-05,0.00042889858250443123
2026-04-15 10:05:00,0.0003077236582686993,0.00027699797748818113
2026-04-15 10:10:00,-0.00040119027246454664,0.0003184206972972728
2026-04-15 10:15:00,-0.0004136650889279281,0.0003897685392890511
2026-04-15 10:20:00,-6.652682176877533e-05,0.00041538705073878776
2026-04-15 10:25:00,0.00011226634578598294,-0.00034933981405464677
2026-04-15 10:30:00,0.0004074302020331544,0.0004048465710609293
2026-04-15 10:35:00,0.0009912070158630826,-0.00021548556938370724
2026-04-15 10:40:00,0.0017198409024850037,0.0004673287691619602
2026-04-15 10:45:00,0.0007479090060318327,0.0002842044961367832
2026-04-15 10:50:00,-0.0017545031192440774,0.00035193538690915115
2026-04-15 10:55:00,-0.0027764749145813283,-0.0002498359240919281
2026-04-15 11:00:00,-0.001850016221602857,5.0630573310014013e-05
2026-04-15 11:05:00,-0.00037250032426250357,-0.00010631630347953454
2026-04-15 11:10:00,-0.0015286860652992118,0.0013576604550071753
2026-04-15 11:15:00,-0.001611677721868432,0.00039608440181586736
2026-04-15 11:20:00,-0.0016394009756499628,0.00038901285997326095
2026-04-15 11:25:00,-0.0004211114485705991,0.0003272131282581531
2026-04-15 11:30:00,-0.0006545744353498861,0.0010844543705830116
2026-04-15 11:35:00,0.0004189590492345019,-1.2895385723801279e-05
2026-04-15 11:40:00,0.0005857553232004875,-0.0003086767378552755
2026-04-15 11:45:00,6.464265645966805e-05,0.00017483521574578357
2026-04-15 11:50:00,0.0006437292351400004,5.79526376485222e-05
2026-04-15 11:55:00,0.0005645851126594437,-0.0004252042907302582
2026-04-15 12:00:00,-0.00012094772987403246,0.0004558195297587478
2026-04-15 12:05:00,-0.0014630519533831432,0.00013529743507068178
2026-04-15 12:10:00,-0.0012546033285829594,0.0004362948528304216
2026-04-15 12:15:00,-0.00017310582127194607,-0.00046980860748148986
2026-04-15 12:20:00,0.00033990234912018025,0.0008449549686702323
2026-04-15 12:25:00,0.001012974918571885,0.0004939607225847695
2026-04-15 12:30:00,0.0013881740656405128,-0.00013685324889551763
2026-04-15 12:35:00,0.0014396540650380985,-0.0008887365964621924
2026-04-15 12:40:00,-3.541596572986805e-05,0.00027510909928484873
2026-04-15 12:45:00,-0.0004750138635039036,0.0006711322009544354
2026-04-15 12:50:00,-0.0008643771971872383,-0.0002972950812781942
2026-04-15 12:55:00,0.0005248611425425764,-0.0005926456859720335
2026-04-15 13:00:00,0.0012224953127741855,-0.0001564547729983898
2026-04-15 13:05:00,0.0015074887971291417,-0.004846738201166073
2026-04-15 13:10:00,0.0005786940826606468,-0.00014982418717622039
2026-04-15 13:15:00,-0.00029767635722421915,4.21644416551271e-05
2026-04-15 13:20:00,-0.0004890601506168935,-0.00042009230810175825
2026-04-15 13:25:00,0.000141500109483772,-0.0013058084362978966
2026-04-15 13:30:00,0.001267112163302997,-0.0011286428531148331
2026-04-15 13:35:00,0.002125151816537496,-0.0004520387360290349
2026-04-15 13:40:00,0.0013494871814163645,-0.00024956580759887654
2026-04-15 13:45:00,4.7823361306598144e-05,-9.646103437865232e-05
2026-04-15 13:50:00,-0.00015164687496316276,-0.0010055588951167847
2026-04-15 13:55:00,0.0003012545717382409,0.0017050212485396083
2026-04-15 14:00:00,0.0009019775532799201,-0.0003653407968400291
2026-04-15 14:05:00,-7.894857128043498e-05,0.0005104279344792545
2026-04-15 14:10:00,-0.0004342509810317807,-0.00023642799732421311
2026-04-15 14:15:00,-0.00021606797915119103,-0.000163093342940818
2026-04-15 14:20:00,3.947506474943907e-05,-0.0013541008104686985
2026-04-15 14:25:00,-2.0782286842546682e-05,-0.0002632586606159032
2026-04-15 14:30:00,-0.0003325034631771473,0.0005903581344176045
2026-04-15 14:35:00,-6.440748749625413e-05,-0.0001999541649220965
2026-04-15 14:40:00,1.662586402595423e-05,-0.0003990443753354062
2026-04-15 14:45:00,0.00016626555140675237,0.0005440750602835988
2026-04-15 14:50:00,0.00021606034815846442,0.0004637323263466161
2026-04-15 14:55:00,0.00047579819159437875,0.0015773591721725214
2026-04-15 15:00:00,0.00030751841197229624,0.0003726813207032333
2026-04-15 15:05:00,0.000749616661224195,0.0028544249377441757
2026-04-15 15:10:00,0.0016127043892790738,0.00015540909432108438
2026-04-15 15:15:00,0.0012830762366906612,0.0001968008337063878
2026-04-15 15:20:00,0.0011741692442956975,3.171731792852184e-05
2026-04-15 15:25:00,-0.00021155812638440352,-0.0022421479078583596
2026-04-15 15:30:00,0.0012130475623131076,-0.0007646758462754152
2026-04-15 15:35:00,0.000623864602239621,-0.00022039602201997816
2026-04-15 15:40:00,0.0017367700037169698,0.0008838947462815391
2026-04-15 15:45:00,0.00021342704864935058,0.0006116670648917739
2026-04-15 15:50:00,-0.0002652503419255936,0.0008817951655702202
2026-04-15 15:55:00,-0.00010768319614129496,0.0003556575701076305
2026-04-15 16:00:00,-0.00035850055972375117,0.00023934146446745507
2026-04-15 16:05:00,0.00011398337720258667,0.0008602428057275773
2026-04-15 16:10:00,-0.0006442705206008981,-0.000509027555851604
2026-04-15 16:15:00,-0.0011696465641612974,0.0007505887760303994
2026-04-15 16:20:00,-0.0017214956785878144,-4.506632878379323e-05
2026-04-15 16:25:00,-0.001256588962215588,1.0827070678227414e-05
2026-04-15 16:30:00,-0.0004836046698812879,-0.0002587979436194013
2026-04-15 16:35:00,-0.0005170271263725823,0.00030808991447852936
2026-04-15 16:40:00,-0.0007285490883806034,-2.2165695981938302e-05
2026-04-15 16:45:00,-0.0013357973818184377,0.0001387265831416644
2026-04-15 16:50:00,-0.001565168367228864,-0.00033353425849313805
2026-04-15 16:55:00,-0.001227902840396311,0.00041653548531068644
2026-04-15 17:00:00,-0.00022869783710000036,-1.0945019180512374e-05
2026-04-15 17:05:00,-0.00042028958987216924,-0.0001884653096860565
2026-04-15 17:10:00,-0.002533283203725034,0.00015575266034646755
2026-04-15 17:15:00,-0.002886083013464713,0.0005548983215274064
2026-04-15 17:20:00,-0.0008015364946043491,-0.00043899260755883747
2026-04-15 17:25:00,0.0012060353211698072,-0.0006430880755910004
2026-04-15 17:30:00,0.0015606852261704773,-0.00018224589066466267
2026-04-15 17:35:00,0.0008202660286880104,0.0010443515404569693
2026-04-15 17:40:00,-0.0004164280940930354,-0.0005760803394089178
2026-04-15 17:45:00,0.000295609780589956,-0.004636981552618818
2026-04-15 17:50:00,0.00042860234681185716,-0.000536659050200938
2026-04-15 17:55:00,0.0013839536451367707,-0.00046860696703557287
2026-04-15 18:00:00,0.0005763958771449751,-0.007166497573812025
2026-04-15 18:05:00,0.00015599893952433774,-1.5440773713378442e-05
2026-04-15 18:10:00,0.0006756721895726514,-0.00041806821532576835
2026-04-15 18:15:00,0.0005261652966694896,-0.00032889413768349746
2026-04-15 18:20:00,-0.00018304123054768695,-0.00012077765079043925
2026-04-15 18:25:00,-0.0014683496394596318,-0.0001696069739456979
2026-04-15 18:30:00,-0.0007966346250150025,-0.0005044684057269042
2026-04-15 18:35:00,-0.0009989969237551577,-0.00044906704045880264
2026-04-15 18:40:00,-4.9953480830922103e-05,-0.0005400477151730912
2026-04-15 18:45:00,-0.0010326170470786877,6.841309595898793e-05
2026-04-15 18:50:00,0.00013117525761963122,-0.0005802197066735223
2026-04-15 18:55:00,-0.0012704894133932498,-0.00013253508749295107
2026-04-15 19:00:00,9.78945385003982e-05,-2.8645080207330734e-05
2026-04-15 19:05:00,0.0007076331009674419,0.0005014071661399591
2026-04-15 19:10:00,0.0007374969605233872,-9.83598292708845e-05
2026-04-15 19:15:00,-0.00016038542526608524,0.001900588078350468
2026-04-15 19:20:00,-0.0019367743152773897,-0.00036382152919977586
2026-04-15 19:25:00,-0.001700811838789562,-0.00010195159582814005
2026-04-15 19:30:00,-0.0012005829271011237,-0.00012052887488549961
2026-04-15 19:35:00,-0.0007695027077687655,-0.00038712942757313456
2026-04-15 19:40:00,-0.00014186498232682254,-0.0004348891050782901
2026-04-15 19:45:00,0.00021896371858609598,0.0009521771751837092
2026-04-15 19:50:00,0.00012516271168827586,-0.00034723131683682043
2026-04-15 19:55:00,0.0008613112274566959,0.004730676807531897
2026-04-15 20:00:00,-9.17503889610316e-05,-0.0003628676393032029
2026-04-15 20:05:00,0.00012931834648988172,-0.0006068097607699164
2026-04-15 20:10:00,-0.00041283629542476774,-0.001336282760270658
2026-04-15 20:15:00,0.0005128600817485562,-0.0005034179896407861
2026-04-15 20:20:00,0.00044414372219847564,0.000458159505579273
2026-04-15 20:25:00,0.00043159753262500544,-0.0001976288461555292
2026-04-15 20:30:00,0.00018131440488389217,-0.0021017741209679295
2026-04-15 20:35:00,0.0001209063810865274,-0.0004054763544363644
2026-04-15 20:40:00,0.0005730904003744541,-4.5055863758166264e-05
2026-04-15 20:45:00,0.0005645733506778328,-0.0001670773711500087
2026-04-15 20:50:00,0.0009521478736065347,-0.0052404551815306705
2026-04-15 20:55:00,-0.0001833531971104918,-0.0002889338119859229
2026-04-15 21:00:00,-1.8744552365390632e-05,-0.0011263157391581827
2026-04-15 21:05:00,-0.00010829497896658324,0.0006909172739326729
2026-04-15 21:10:00,0.0008060863073762192,-2.6549393494215354e-10
2026-04-15 21:15:00,2.0827258717659447e-05,-0.00023383332024836778
2026-04-15 21:20:00,-0.0006395960138085854,-5.863897595603633e-05
2026-04-15 21:25:00,-0.0011979080751700621,-7.725762885252188e-06
2026-04-15 21:30:00,-0.0003187045209074313,-1.8533773885514638e-06
2026-04-15 21:35:00,0.00027297211582322234,0.0001300270527566023
2026-04-15 21:40:00,-0.00020222341586695336,-0.0001406212807188727
2026-04-15 21:45:00,-0.0012007406008827104,-0.00040102694657070676
2026-04-15 21:50:00,-0.0011507385174525098,-0.0001556884175738438
2026-04-15 21:55:00,-0.0004713184072429044,-0.0008325892840466736
2026-04-15 22:00:00,3.963076641255725e-05,-0.0003529741920666893
2026-04-15 22:05:00,0.0001022024631698315,-0.00021492107435519572
2026-04-15 22:10:00,-2.294594665208649e-05,-0.000378603614823263
2026-04-15 22:15:00,-0.0004297647625666201,-0.00031558167200456766
2026-04-15 22:20:00,-0.0006509371011542697,6.919637637931008e-05
2026-04-15 22:25:00,-0.0005696454267845041,-0.000356878346957929
2026-04-15 22:30:00,-0.0006345535481777631,-0.00012333069599767226
2026-04-15 22:35:00,-0.0006805987861628893,-0.00023617559783810807
2026-04-15 22:40:00,-1.0436093019094983e-05,-0.00041663080024361137
2026-04-15 22:45:00,0.0018649405036406108,-0.0006294389966205027
2026-04-15 22:50:00,0.001556761583183075,0.0002134900104791611
2026-04-15 22:55:00,0.0002212218551154166,-0.0006509848260676421
2026-04-16 00:00:00,-0.0001917573525016536,3.0454371177754538e-05
2026-04-16 00:05:00,0.001060797990385609,-5.133251557952787e-05
2026-04-16 00:10:00,0.001924234157748117,0.0004831978972786931
2026-04-16 00:15:00,0.0007751405330260752,0.0033321472323636515
2026-04-16 00:20:00,0.00029157433685966794,-0.0007695469114438949
2026-04-16 00:25:00,3.1240855543401835e-05,-1.024649351962062e-05
2026-04-16 00:30:00,0.000620512754995417,-0.002659835041582369
2026-04-16 00:35:00,0.0016915355494990791,-0.0002135710884504824
2026-04-16 00:40:00,0.0012862755360139033,0.0005003718224731033
2026-04-16 00:45:00,0.0011941318375647825,0.0008586272184828033
2026-04-16 00:50:00,-3.53410882816263e-05,0.001393231988841229
2026-04-16 00:55:00,0.0010810227526985017,0.00046311746538023926
2026-04-16 01:00:00,0.0006360106964429235,0.0010038067891967538
2026-04-16 01:05:00,0.0010949933721882132,0.0014286583374656789
2026-04-16 01:10:00,0.00045908103586533855,0.0006915502088331048
2026-04-16 01:15:00,0.001561290291471451,0.00127679739572082
2026-04-16 01:20:00,0.0012887682841693504,0.004394700533390012
2026-04-16 01:25:00,0.0017056847830776434,0.0013896912514252983
2026-04-16 01:30:00,0.0009745700222278941,0.0010513386308522942
2026-04-16 01:35:00,0.0004064164082286936,0.001454597397585248
2026-04-16 01:40:00,0.00012024264150234387,0.0008330854335641739
2026-04-16 01:45:00,0.0009156447441185378,0.02125400005413678
2026-04-16 01:50:00,0.0014439298940054357,0.0007384096960916038
2026-04-16 01:55:00,0.001220266517544033,0.0005320589043142009
2026-04-16 02:00:00,6.418797554452738e-05,-3.933820672342059e-06
2026-04-16 02:05:00,-0.000480387963925466,-0.000285425935504536
2026-04-16 02:10:00,-0.0009611720409221647,4.604153498237088e-05
2026-04-16 02:15:00,-0.001477366826559745,-0.0004360333064543913
2026-04-16 02:20:00,-4.5566012733644357e-05,-0.00032680744703897255
2026-04-16 02:25:00,0.0015552279803738855,-0.0018768462748012045
2026-04-16 02:30:00,0.002772668951653401,-0.0007935093573196213
2026-04-16 02:35:00,0.0011261145893701752,-9.543608313842538e-05
2026-04-16 02:40:00,-6.001053290205505e-05,-0.0006877272592264109
2026-04-16 02:45:00,-0.001280808636293429,0.00017038635927773822
2026-04-16 02:50:00,-0.0005794594219779015,0.00023232034649927063
2026-04-16 02:55:00,-0.0004843547309949514,0.0004369042576290055
2026-04-16 03:00:00,-0.0006607024190294908,0.00013587812989584915
2026-04-16 03:05:00,-0.0010791028959875604,0.00036070607897241034
2026-04-16 03:10:00,-0.001298979955238977,0.00016674816530162545
2026-04-16 03:15:00,-0.0010095012118327418,0.0021629045450273473
2026-04-16 03:20:00,-0.002579232910168372,-0.000762005876619266
2026-04-16 03:25:00,-0.0016619209277752844,-0.00020324143104389074
2026-04-16 03:30:00,-0.0003152892493805126,-0.0008769953369562459
2026-04-16 03:35:00,0.0015549761842059695,-0.00019134918604870563
2026-04-16 03:40:00,0.0005688081546910695,-0.00011470218375686067
2026-04-16 03:45:00,0.00014106274203662394,-0.0008761674785032203
2026-04-16 03:50:00,0.0004148052341541586,-0.00017510902005828474
2026-04-16 03:55:00,0.0006058192022493358,0.0025402159922027186
2026-04-16 04:00:00,0.0003629376419649333,0.00021026006176800123
2026-04-16 04:05:00,-7.879975534663686e-05,0.0006498108455154788
2026-04-16 04:10:00,-0.00047300550232165506,-0.0003406740495690595
2026-04-16 04:15:00,-0.0016685278908212808,0.0002108643917945623
2026-04-16 04:20:00,-0.0010187346372116934,3.759692881828323e-05
2026-04-16 04:25:00,-0.0002760232333613999,0.0005445670627927692
2026-04-16 04:30:00,0.0005938501388182971,-0.00017330570391064568
2026-04-16 04:35:00,0.00025945048533060344,0.0009538660841674743
2026-04-16 04:40:00,0.0003714721858809611,-0.0008943459339332579
2026-04-16 04:45:00,0.0010891925181866213,8.154033094922306e-05
2026-04-16 04:50:00,0.0015407860225877812,8.931026923742697e-05
2026-04-16 04:55:00,0.0014803667543556998,0.0002178563624526862
2026-04-16 05:00:00,0.00023842671653184766,0.00028057596547124053
2026-04-16 05:05:00,-0.0003647630634944221,0.0005059073960439725
2026-04-16 05:10:00,-0.0005782018085334073,0.00018552044710679207
2026-04-16 05:15:00,-0.00016170930921077797,0.0005144631699371958
2026-04-16 05:20:00,-0.0009726608430948858,0.0003587803639701344
2026-04-16 05:25:00,-0.000682252038744835,0.00016250749423533042
2026-04-16 05:30:00,0.00035240976083628084,0.00028193864286077646
2026-04-16 05:35:00,0.001457600773930423,0.0001318129446848369
2026-04-16 05:40:00,0.0007237113226246095,0.00043315529343239883
2026-04-16 05:45:00,4.559689444505466e-05,2.0789695924916063e-05
2026-04-16 05:50:00,-0.00045384698261052847,7.103771596147942e-05
2026-04-16 05:55:00,0.0006092532070631762,-0.0002239410132963392
2026-04-16 06:00:00,0.00047242724877527564,0.0005471839527787261
2026-04-16 06:05:00,0.0004911403153951,0.0010569773812575403
2026-04-16 06:10:00,-0.00010358829875833919,0.0006014632388860793
2026-04-16 06:15:00,7.043055860478376e-05,3.388651620141636e-05
2026-04-16 06:20:00,0.0006337739586079749,-7.536599985836847e-05
2026-04-16 06:25:00,0.0008242657667398845,0.00041029424985141783
2026-04-16 06:30:00,0.0006025998950232037,0.000902168901429535
2026-04-16 06:35:00,0.00021530887590515135,0.00020504461700113411
2026-04-16 06:40:00,0.0005774096405719575,0.00035982003878253085
2026-04-16 06:45:00,0.0012206527662428357,0.0004621671038507033
2026-04-16 06:50:00,0.0009538402099522614,0.0001364411722071437
2026-04-16 06:55:00,0.00020480717682858085,0.000310870682613967
2026-04-16 07:00:00,-0.00021092160411662064,-0.00022597701554283604
2026-04-16 07:05:00,-0.0005295689928743741,0.0003512094326864788
2026-04-16 07:10:00,-0.0003372301027422253,0.0016579865749977861
2026-04-16 07:15:00,-0.0016765469551618395,0.00041775069043987974
2026-04-16 07:20:00,-0.0009978408547333117,-0.00022448599448475362
2026-04-16 07:25:00,-0.0015158358013902529,0.00014857681895312556
2026-04-16 07:30:00,6.21444817969774e-05,-0.00015313425106680848
2026-04-16 07:35:00,-0.00041847852593690504,-0.0001071520662788791
2026-04-16 07:40:00,-0.0007567064765083842,0.0006343866989625917
2026-04-16 07:45:00,-0.0007190406194741428,-0.00024317400407112123
2026-04-16 07:50:00,-0.0004932836833493326,0.0008612502040963735
2026-04-16 07:55:00,0.0002426230675922625,2.7478238305235405e-05
2026-04-16 08:00:00,8.498563022385497e-05,0.0002915747726708346
2026-04-16 08:05:00,-0.0007403820668017147,-5.78676729763601e-05
2026-04-16 08:10:00,-0.0013029750336084334,1.8347555352018759e-06
2026-04-16 08:15:00,-0.0015931266606692418,-0.0005222430241432519
2026-04-16 08:20:00,-1.8672179800560684e-05,0.0002779961748323098
2026-04-16 08:25:00,0.0015579768542117733,-0.0001422354905303379
2026-04-16 08:30:00,0.0024860754293190013,-0.0003713883243221524
2026-04-16 08:35:00,0.0017681601132490954,-0.0001028734820135317
2026-04-16 08:40:00,0.0004994492691352548,-0.0007282589224577459
2026-04-16 08:45:00,5.591225504808506e-05,5.927258848189757e-05
2026-04-16 08:50:00,0.00039549058429955153,0.00024686754322439516
2026-04-16 08:55:00,-0.0003025411406500922,-1.7237073028422147e-05
2026-04-16 09:00:00,-0.00159161451876777,0.0011042252871404949
2026-04-16 09:05:00,-0.0012346140913894743,-0.00017576437164313293
2026-04-16 09:10:00,0.0006567709276215083,-5.684085476467208e-06
2026-04-16 09:15:00,0.0012850941234425761,0.0007596998802607421
2026-04-16 09:20:00,0.0009820151157651225,-0.0005517203898325478
2026-04-16 09:25:00,-0.00013256253760829395,0.0006385422877719921
2026-04-16 09:30:00,-0.0007273262585965057,0.0006044652955118988
2026-04-16 09:35:00,-0.0010462733426539472,0.0007871836966280844
2026-04-16 09:40:00,-0.001191780380930041,0.0005712602107408742
2026-04-16 09:45:00,-0.002114527628776841,0.0006268225719656106
2026-04-16 09:50:00,-0.0026734820363394363,0.0014933142207545617
2026-04-16 09:55:00,-0.0020698160022263323,-0.0004610146884472579
2026-04-16 10:00:00,-0.0005049104202967669,0.00023152317310646175
2026-04-16 10:05:00,3.325483806193574e-05,0.001388561115630669
2026-04-16 10:10:00,-6.858275811261194e-05,-8.326202756374801e-06
2026-04-16 10:15:00,-0.0006673714855960355,-0.0003409205843349349
2026-04-16 10:20:00,-0.00020578206089538753,0.0003827067094163574
2026-04-16 10:25:00,0.00012469242551205184,6.096544963964825e-05
2026-04-16 10:30:00,0.0005551345408179031,0.0002894012732920537
2026-04-16 10:35:00,0.0002182523400637848,0.0003846242242708589
2026-04-16 10:40:00,0.0003594428051965082,6.70037229522419e-06
2026-04-16 10:45:00,0.0008767756826362216,-2.356286100886943e-05
2026-04-16 10:50:00,0.001320968486769658,0.00018408383061818906
2026-04-16 10:55:00,0.0005025877142106339,0.0002860603305348586
2026-04-16 11:00:00,0.0002450272968506084,4.309361540758271e-06
2026-04-16 11:05:00,-0.0004671243185772056,6.900076260483158e-05
2026-04-16 11:10:00,-0.0006417785585863811,0.0003034013082349247
2026-04-16 11:15:00,-0.0010199578152256805,0.00023112404468614636
2026-04-16 11:20:00,-0.0006501849517004388,-0.0014690360445109756
2026-04-16 11:25:00,0.00030951745645069195,-4.29386745821606e-05
2026-04-16 11:30:00,0.0005132249024644153,-0.000420125387123353
2026-04-16 11:35:00,6.233811570055536e-06,6.561811689395961e-06
2026-04-16 11:40:00,-0.00034691531355690586,-3.822856937344554e-05
2026-04-16 11:45:00,-0.00026177412366834574,0.0006263559796909657
2026-04-16 11:50:00,-8.727689848342379e-05,0.00020928900150179547
2026-04-16 11:55:00,-0.0012515568129405352,0.000247763530387358
2026-04-16 12:00:00,-0.001002022839319494,0.000574029312715088
2026-04-16 12:05:00,-0.0007026486817167665,0.00022194016936652895
2026-04-16 12:10:00,3.744469107580528e-05,4.7223601081213914e-05
2026-04-16 12:15:00,6.0316077060917905e-05,-0.0008331260309647695
2026-04-16 12:20:00,0.0002661498938643092,-0.0002436757479705312
2026-04-16 12:25:00,0.00024959544867364514,-6.839020474398404e-05
2026-04-16 12:30:00,0.00025786219903878305,0.00018690400421879328
2026-04-16 12:35:00,0.0002681575410434789,0.00011805123434432475
2026-04-16 12:40:00,0.0019198011298442452,-6.610710757036509e-05
2026-04-16 12:45:00,0.0022161191691854043,0.00012018706276197607
2026-04-16 12:50:00,0.0014663185576431204,0.0001553342165959168
2026-04-16 12:55:00,-2.0757158871731463e-06,0.0001191193767770824
2026-04-16 13:00:00,-0.0004669081531236685,-5.9047277234966326e-05
2026-04-16 13:05:00,-0.00015981983979429515,-0.0006057383102490224
2026-04-16 13:10:00,-0.0002802612052761333,-0.0005611358941683331
2026-04-16 13:15:00,0.00023866918178150343,-0.00038687670189155874
2026-04-16 13:20:00,0.00017019686837294046,-0.0005365233994761057
2026-04-16 13:25:00,0.00033215280995158025,-0.00037928971193650746
2026-04-16 13:30:00,-0.0004753192148552188,-0.00014528624539147765
2026-04-16 13:35:00,-1.8678728974208525e-05,-0.00028607561170429334
2026-04-16 13:40:00,0.0009792084961155467,-0.0016848670559316736
2026-04-16 13:45:00,0.0006309423457473429,5.7596435192616355e-05
2026-04-16 13:50:00,-0.00040894404783031746,-0.00018686744505293142
2026-04-16 13:55:00,-0.0011265876895532045,-0.00037608655347775633
2026-04-16 14:00:00,-0.000251083968155541,-0.00020986762984699842
2026-04-16 14:05:00,8.720006815288173e-05,-4.4285197241318575e-05
2026-04-16 14:10:00,-0.00035504470095126806,-0.00015341617809561353
2026-04-16 14:15:00,0.00017223794195331266,-0.0001618301177204
2026-04-16 14:20:00,-0.00029900332448562494,-0.00031783835503743064
2026-04-16 14:25:00,0.00032182948921111176,0.0006196177383281512
2026-04-16 14:30:00,-0.000892638490885389,4.0558595171254295e-06
2026-04-16 14:35:00,0.0003259922808140914,-0.0009396394543618898
2026-04-16 14:40:00,4.56706317155664e-05,-0.0002695841231580829
2026-04-16 14:45:00,0.0009901576654112176,-4.7801952878184e-05
2026-04-16 14:50:00,-0.0002221615497326468,-0.00036668784209281614
2026-04-16 14:55:00,0.0001349237734622477,0.0006516120260385053
2026-04-16 15:00:00,-0.0003050384278679985,-0.0003810877143342157
2026-04-16 15:05:00,0.00032803426798899693,-0.0008840277787653767
2026-04-16 15:10:00,-0.0005065772098760135,-0.0005636301008817846
2026-04-16 15:15:00,0.0009169097880441512,-0.0001718002127833935
2026-04-16 15:20:00,0.0008631708784196945,-0.00046469588237487585
2026-04-16 15:25:00,8.513951984312484e-05,0.001825231675416073
2026-04-16 15:30:00,-0.0018201199828418169,-0.0009433238102898361
2026-04-16 15:35:00,-0.00564691820431662,-0.000619553060588358
2026-04-16 15:40:00,-0.0045995943545342755,0.001143929027000438
2026-04-16 15:45:00,-0.004532501911674203,0.0051951786611263975
2026-04-16 15:50:00,0.0011236038217266042,-0.0008807181107682062
2026-04-16 15:55:00,0.0016466295761699001,0.0007478663608087382
2026-04-16 16:00:00,0.0005090300792307545,-0.00034795382908750733
2026-04-16 16:05:00,-0.0008837679100501816,-0.0012952557636737487
2026-04-16 16:10:00,-0.00041869548847550675,-0.011484629235932409
2026-04-16 16:15:00,0.0003816025895186925,-0.00010927780531060191
2026-04-16 16:20:00,-0.0011266854526645886,-0.0002490231646508105
2026-04-16 16:25:00,-0.0024970625047036066,-0.0004605518985297192
2026-04-16 16:30:00,-0.001193252839962966,-0.00041546456218265974
2026-04-16 16:35:00,0.00022335150505625734,0.0004876978835314815
2026-04-16 16:40:00,0.00018796599959358673,0.001071305882630849
2026-04-16 16:45:00,0.0020893419920184897,-4.405098580882174e-05
2026-04-16 16:50:00,0.003658360278222972,-0.00152105027942256
2026-04-16 16:55:00,0.003833055428323462,-0.0005261385152325103
2026-04-16 17:00:00,0.0005872320922417629,-0.00031443464021773456
2026-04-16 17:05:00,-0.000819675587523605,-0.0018489377362017937
2026-04-16 17:10:00,-0.001107346063013992,-0.00032450763771212684
2026-04-16 17:15:00,-0.0004935017169707123,0.0005426007711931619
2026-04-16 17:20:00,0.0003579105553139783,-0.0004955685821164008
2026-04-16 17:25:00,0.00024363807996152786,-0.0006098480502277114
2026-04-16 17:30:00,0.0004955834868081155,0.00019217979243431294
2026-04-16 17:35:00,-0.0002788262680724074,0.0037134831963330805
2026-04-16 17:40:00,0.0011008369760947545,0.00018247308952944703
2026-04-16 17:45:00,0.0010528200317487801,0.0005162307238883812
2026-04-16 17:50:00,0.0002767457629264669,0.0005031733478408635
2026-04-16 17:55:00,-0.0006345501304654277,1.2497200346737978e-05
2026-04-16 18:00:00,-0.000919595775577875,-0.0007014630563993988
2026-04-16 18:05:00,-0.0016616245678964248,0.0005202397099807466
2026-04-16 18:10:00,-0.001116120348667593,0.00028816660349095585
2026-04-16 18:15:00,-0.002482132948220084,-0.0004443836058796644
2026-04-16 18:20:00,-0.0004418986706564709,0.0006815378040663021
2026-04-16 18:25:00,-0.001956213162777942,0.0030598637187991317
2026-04-16 18:30:00,-0.0009457055135086989,0.00021307546909994738
2026-04-16 18:35:00,-0.0013268688680536656,0.0003520564256623303
2026-04-16 18:40:00,0.0004236841591946927,-0.00019944995308693314
2026-04-16 18:45:00,0.0009269253674624167,-0.00019375623449398587
2026-04-16 18:50:00,0.000980717504702966,-0.00034804360585217624
2026-04-16 18:55:00,-0.00020242767192790723,0.00028177824144682857
2026-04-16 19:00:00,-7.721097276203182e-05,-0.0002240380409472686
2026-04-16 19:05:00,-0.00031914927174270247,-0.0005570523498683879
2026-04-16 19:10:00,-0.0012467722851816632,-0.002499334702091236
2026-04-16 19:15:00,-0.0017482321099766551,-0.00012653422584836082
2026-04-16 19:20:00,-0.002270357162146297,-0.0005957328687301695
2026-04-16 19:25:00,0.00036563033509295906,0.0026009477811631977
2026-04-16 19:30:00,0.0011010950425536237,-0.0005841601694644538
2026-04-16 19:35:00,0.0009948294771664479,0.00037072007357714275
2026-04-16 19:40:00,0.0004093473264763503,0.00027214527071233065
2026-04-16 19:45:00,0.00041546837348960253,-0.0001581674200040855
2026-04-16 19:50:00,0.0006515365633887882,0.006331885716270951
2026-04-16 19:55:00,0.00015659369084630725,-0.0003346283433916376
2026-04-16 20:00:00,-9.602257790497504e-05,-0.00048691477275744556
2026-04-16 20:05:00,0.00010228609429319135,-0.0005583155537007416
2026-04-16 20:10:00,-0.00044896753883705287,-9.928832582547847e-05
2026-04-16 20:15:00,-0.0002943875351277825,-0.0005238299621211835
2026-04-16 20:20:00,-0.00021084604663457185,-0.0012116568401482378
2026-04-16 20:25:00,0.0005429119843363139,-7.829789172296181e-05
2026-04-16 20:30:00,0.00029021243127225205,-0.0006194983615564087
2026-04-16 20:35:00,0.00011691022977800003,-0.00013512196645914945
2026-04-16 20:40:00,-1.0437835902266102e-05,-0.0009810930178574407
2026-04-16 20:45:00,0.0005655677898168676,-0.0004212371025500274
2026-04-16 20:50:00,0.0006406758409944757,-0.0002453532371502901
2026-04-16 20:55:00,-2.087599865596701e-05,-0.00024937217385072926
2026-04-16 21:00:00,7.510671415822401e-05,-0.0005481389032174136
2026-04-16 21:05:00,-0.00013561373057591197,-0.0019092649158045849
2026-04-16 21:10:00,0.0002233505726110252,-0.0006332756783235729
2026-04-16 21:15:00,-0.00031924250077430827,-0.00040986095556913837
2026-04-16 21:20:00,0.00021905919379960892,-0.00011435749835585053
2026-04-16 21:25:00,0.0013869960415515692,0.0003263361755669174
2026-04-16 21:30:00,0.0006467252978179516,-0.0008413624579832275
2026-04-16 21:35:00,0.0003003460259041191,-0.0002924165882815078
2026-04-16 21:40:00,-0.0008507409048039705,-0.00018472725318147132
2026-04-16 21:45:00,-0.0005090003468470883,-0.000587616978550072
2026-04-16 21:50:00,-0.0008866978182968666,-0.0008674067636424375
2026-04-16 21:55:00,-0.0006844541536867865,-0.00039012635927520347
2026-04-16 22:00:00,-0.00019407244388602862,-0.0005258408520466844
2026-04-16 22:05:00,-0.00045095264508887567,-0.0006703757782934223
2026-04-16 22:10:00,-0.00030272820979604376,-0.0012081267098970007
2026-04-16 22:15:00,-0.00096883855537655,-0.00010677391986737794
2026-04-16 22:20:00,0.00011902114518669293,0.0005232068295375333
2026-04-16 22:25:00,0.0,-0.0008723963044653827
2026-04-16 22:30:00,0.0007225418751701795,-0.0002399174439940996
2026-04-16 22:35:00,5.42856427134808e-05,-0.00031961529829327033
2026-04-16 22:40:00,0.00021087554141097087,-0.0005785823485486172
2026-04-16 22:45:00,0.00010228310511273264,-0.0018678916896128544
2026-04-16 22:50:00,0.001191453808317533,-4.503703041429155e-05
2026-04-16 22:55:00,0.0013268688680536656,-0.00046633424012538924
2026-04-16 23:00:00,0.0009763812500995783,-0.0006037891075182509
2026-04-17 00:00:00,-0.0005214775872381949,0.0007828576386895901
2026-04-17 00:05:00,-0.0005568201750296708,-0.0005220096694832458
2026-04-17 00:10:00,-0.000306581173937559,-0.0005063793574036225
2026-04-17 00:15:00,0.0004359739027073317,-0.0005143297031457623
2026-04-17 00:20:00,3.963415588614794e-05,4.5012385324756974e-05
2026-04-17 00:25:00,0.0002753016865018054,0.0009509478226032833
2026-04-17 00:30:00,0.00012303957823434075,0.0017057061672228755
2026-04-17 00:35:00,0.00048174228970943034,0.000579846351933455
2026-04-17 00:40:00,-0.00012304214417468984,0.00045807317544422233
2026-04-17 00:45:00,-0.00028989708856563823,0.0004438037517285025
2026-04-17 00:50:00,-0.0004650546940165867,0.0010286813969709759
2026-04-17 00:55:00,-0.00033374982840150835,-0.0003840021331471921
2026-04-17 01:00:00,0.00044002657552866253,-0.0012725103307702542
2026-04-17 01:05:00,0.0005025833095899657,9.511569794500127e-06
2026-04-17 01:10:00,0.00026075157094140877,0.0007593078993230365
2026-04-17 01:15:00,-0.0002502283346590417,2.167773872718457e-05
2026-04-17 01:20:00,-0.00023979040348542924,-5.2087708862193476e-05
2026-04-17 01:25:00,0.0002836205009906223,-0.0007877600148736286
2026-04-17 01:30:00,-0.0001960559391420702,-8.269913413773449e-06
2026-04-17 01:35:00,-0.0002836524442333399,-0.0009378429540137139
2026-04-17 01:40:00,-0.0008782333264694131,0.00038624324739891763
2026-04-17 01:45:00,-0.0011813202521722133,0.002289124195730261
2026-04-17 01:50:00,-0.0006614729804130803,-0.001268206093549623
2026-04-17 01:55:00,-0.0002713443668866944,-0.00033033226888492926
2026-04-17 02:00:00,0.0006221411458930959,0.0005645649460531738
2026-04-17 02:05:00,-0.00022963550683385847,0.0006620571344811929
2026-04-17 02:10:00,0.0005593063078190852,-0.0004642352220882061
2026-04-17 02:15:00,0.0010826044889284958,0.00045343369163742284
2026-04-17 02:20:00,0.0014041268608018243,-0.0007146265823368881
2026-04-17 02:25:00,0.0010989183954848158,-2.1633249526188355e-05
2026-04-17 02:30:00,0.0005794105181298193,-0.00025070416816621953
2026-04-17 02:35:00,-0.00021685370383472957,-0.0009650998689063285
2026-04-17 02:40:00,-0.0005983124432535902,-0.000358659670230347
2026-04-17 02:45:00,-0.0021630379393382526,-0.0003493476718416747
2026-04-17 02:50:00,-0.0024930222939723024,-0.0008212210677227395
2026-04-17 02:55:00,-0.003419535188383449,-0.00024456425168211884
2026-04-17 03:00:00,-0.0011553968025364014,-0.00021123811050655338
2026-04-17 03:05:00,-0.0019314538882557741,0.00015202331595199606
2026-04-17 03:10:00,-0.0020946715045955244,0.0009369035259873291
2026-04-17 03:15:00,-0.001797381831080358,0.00013383783211253262
2026-04-17 03:20:00,8.37838460476803e-06,0.002187005848768301
2026-04-17 03:25:00,0.00183517041490866,0.0005399228457594579
2026-04-17 03:30:00,0.0007976076381890351,0.0006298341970481704
2026-04-17 03:35:00,0.0026001886868325386,0.000589873208114357
2026-04-17 03:40:00,0.002489687692161624,0.0009131676770129003
2026-04-17 03:45:00,0.00280019157390754,-0.0010011099312128055
2026-04-17 03:50:00,0.0006996198321633784,0.0010377743986476862
2026-04-17 03:55:00,0.000400780692745073,0.0006620324955089131
2026-04-17 04:00:00,-0.0005072142462694273,0.00015971418809574182
2026-04-17 04:05:00,-1.043848963533378e-05,6.98370689839026e-05
2026-04-17 04:10:00,-0.0005448504979472801,1.4274752201991144e-06
2026-04-17 04:15:00,0.00042791375999051695,-0.0007908241599517121
2026-04-17 04:20:00,0.000682447864619462,0.0004267982377772184
2026-04-17 04:25:00,0.0005511114219540758,0.0005723741464907989
2026-04-17 04:30:00,-0.00044044082366845316,0.00035927390141909606
2026-04-17 04:35:00,-0.0010081834871069617,0.000260905994781162
2026-04-17 04:40:00,-0.0014138764806368442,0.0003499796767339761
2026-04-17 04:45:00,0.0005030469933178239,8.80869400548936e-05
2026-04-17 04:50:00,0.0015108517064295057,-0.0009586329824734597
2026-04-17 04:55:00,0.002310870359867323,-0.00011425171767219454
2026-04-17 05:00:00,0.0010908049156252986,0.0009075540031469066
2026-04-17 05:05:00,3.961870128499356e-05,0.00013799915510212969
2026-04-17 05:10:00,-0.0004233642925211001,-0.001205963412172384
2026-04-17 05:15:00,-0.0005775821155982186,0.00013512195988657987
2026-04-17 05:20:00,-0.0005652363140669081,0.001285793566595063
2026-04-17 05:25:00,7.926409549163793e-05,-0.00011977906830232208
2026-04-17 05:30:00,0.0003691071922915512,-0.0014700073730283443
2026-04-17 05:35:00,0.0002503285575379266,0.0004731533283333587
2026-04-17 05:40:00,-0.0002211207912612423,0.00025572272814704055
2026-04-17 05:45:00,-0.00039413634082308135,-7.44476206508518e-05
2026-04-17 05:50:00,-8.134990789976371e-05,0.00017994650479347574
2026-04-17 05:55:00,0.00045887538792754867,0.00043263380982505877
2026-04-17 06:00:00,0.0002961381109685135,-0.00010128321959688245
2026-04-17 06:05:00,0.0002586280630030302,0.00030835497223477185
2026-04-17 06:10:00,0.0001146859534948419,-0.00032819234229289107
2026-04-17 06:15:00,0.00032940274160786487,-0.0004340727343355504
2026-04-17 06:20:00,0.0009067553893160607,-2.2108233392698897e-05
2026-04-17 06:25:00,0.0011148958518933938,-0.0005511302945240308
2026-04-17 06:30:00,0.0003126237494459616,-6.771270387156904e-05
2026-04-17 06:35:00,1.666826404189692e-05,0.0029945146154402693
2026-04-17 06:40:00,0.0003748258665385862,-0.0002754982679393494
2026-04-17 06:45:00,0.00042709446207567225,-0.00015109909614121275
2026-04-17 06:50:00,0.001045378253460072,0.001118249533745942
2026-04-17 06:55:00,0.0003892536890344189,7.24885811249413e-05
2026-04-17 07:00:00,0.0005497457564409558,0.00013174953782026672
2026-04-17 07:05:00,2.9138317515275958e-05,0.0004079451810284107
2026-04-17 07:10:00,-0.0003163871939531049,5.721726040093327e-05
2026-04-17 07:15:00,-0.0010247695165599424,9.738371302591298e-05
2026-04-17 07:20:00,-0.0010870177429609384,0.000420753849986037
2026-04-17 07:25:00,-0.0014103889865175745,-2.218366165216177e-05
2026-04-17 07:30:00,-0.00023759652470545234,-0.0015084210720858607
2026-04-17 07:35:00,-0.0004668222825685575,0.00017156861762186867
2026-04-17 07:40:00,-0.00046083863018608895,0.0006563613752231948
2026-04-17 07:45:00,-0.0008069990397387983,0.00038911047531585825
2026-04-17 07:50:00,-0.00134750388032856,0.00015069879157585315
2026-04-17 07:55:00,-0.0013963232429272665,-0.00021950971602882857
2026-04-17 08:00:00,-0.0016013281707358828,0.0001633114750999679
2026-04-17 08:05:00,-0.0006660785655174806,0.00037043906653616365
2026-04-17 08:10:00,-0.00086088915101179,0.000637826528971268
2026-04-17 08:15:00,-0.0006291234177666638,-0.0005769379412577894
2026-04-17 08:20:00,-0.00035723425859401914,8.41084263678069e-05
2026-04-17 08:25:00,0.00041799991830693273,0.0004349400925898667
2026-04-17 08:30:00,0.0004870304720245855,0.000577241187392089
2026-04-17 08:35:00,-0.0001922490215857664,0.0005732610158265841
2026-04-17 08:40:00,-0.00010657338371267144,0.00030322779961563357
2026-04-17 08:45:00,0.0007666445265339661,-0.0014748214648658189
2026-04-17 08:50:00,0.0009441727284063006,0.0006270756070955234
2026-04-17 08:55:00,0.00045755833883553976,0.0007763162550212777
2026-04-17 09:00:00,7.725853319229259e-05,0.0007305579898184687
2026-04-17 09:05:00,-0.00011692878215363578,0.000706860603559474
2026-04-17 09:10:00,0.000916575995386637,0.000663990941315533
2026-04-17 09:15:00,0.0010643072052367586,0.0004982327701372366
2026-04-17 09:20:00,-0.0004636736822938303,0.0009087154616182385
2026-04-17 09:25:00,-0.0011568202518326132,0.0007419693724870956
2026-04-17 09:30:00,-0.0030184839642277694,0.0010064122442544569
2026-04-17 09:35:00,-0.0003071455235748033,0.0006726194556295068
2026-04-17 09:40:00,-0.0001734295488589055,0.00012846602495472127
2026-04-17 09:45:00,0.002242277571214757,0.0004116299182710532
2026-04-17 09:50:00,-0.0002048161051142472,0.0013679051846962123
2026-04-17 09:55:00,-0.00042011669829378206,0.0028915030403372055
2026-04-17 10:00:00,-0.0010651340882912308,0.0008934551864712643
2026-04-17 10:05:00,1.6721254596063773e-05,0.0017433753174683217
2026-04-17 10:10:00,0.0002571072935442231,0.0003360523290032243
2026-04-17 10:15:00,0.00019013651231958306,0.00028107556168027547
2026-04-17 10:20:00,0.0011050728979000723,0.0005654451302951891
2026-04-17 10:25:00,0.002607051783920511,4.347069137834329e-05
2026-04-17 10:30:00,0.0015302221807687033,0.0003910688619155378
2026-04-17 10:35:00,0.0008014058422318726,0.0017474007199240272
2026-04-17 10:40:00,-0.0001938859227177403,0.0006084858670094637
2026-04-17 10:45:00,0.0011112305257849897,-0.0002123055969350241
2026-04-17 10:50:00,0.0005526792046524065,0.0005088733469658672
2026-04-17 10:55:00,-0.0006507307393306405,-0.0004568901389349145
2026-04-17 11:00:00,-0.0007024543459053234,0.0005165620767124311
2026-04-17 11:05:00,-0.0002940290234079157,0.00014289992668849435
2026-04-17 11:10:00,0.0006194552954514876,0.00010586151027641488
2026-04-17 11:15:00,0.0002981343690748872,-0.0003781927497257628
2026-04-17 11:20:00,0.00015432388443059608,-0.0002288999721351228
2026-04-17 11:25:00,-0.00024815318894688687,0.0006154056313632125
2026-04-17 11:30:00,-0.0010720305366547223,0.002804082760915175
2026-04-17 11:35:00,-0.0007280336009714006,2.1004850907515324e-05
2026-04-17 11:40:00,-0.0009076389388837924,6.053744883875614e-06
2026-04-17 11:45:00,-0.00016695640598207717,-0.00034034399850070557
2026-04-17 11:50:00,-0.0005886552528977518,-0.0006117703531609536
2026-04-17 11:55:00,0.00021081259986033274,-9.702307110629773e-05
2026-04-17 12:00:00,6.887289509904804e-05,-0.009552311652634034
2026-04-17 12:05:00,0.0007409811973264624,0.0006755998130953224
2026-04-17 12:10:00,-0.0003673853684187378,0.0004840022101266227
2026-04-17 12:15:00,-0.0006972962309124142,-0.0002647447000159069
2026-04-17 12:20:00,-0.0014657952474212976,-0.0003848162991943096
2026-04-17 12:25:00,-0.0009733885549429999,-0.0006518915466202427
2026-04-17 12:30:00,-7.10095257492327e-05,-7.022046126059782e-05
2026-04-17 12:35:00,0.00010865113801727944,-0.000768790517748531
2026-04-17 12:40:00,0.0005536526065430536,-0.00025176430124593404
2026-04-17 12:45:00,-0.0005619884929828345,0.00039828184905281536
2026-04-17 12:50:00,0.00021100021491804455,-0.00025169125040749017
2026-04-17 12:55:00,-0.00030081470876552885,-0.00010736655005594807
2026-04-17 13:00:00,8.776622427042469e-05,-0.00027381799966099047
2026-04-17 13:05:00,0.0007475433735315562,7.555765588165972e-05
2026-04-17 13:10:00,0.0013675594122677381,-0.0012012261245997451
2026-04-17 13:15:00,0.0016202010839343473,-0.0003654692975226838
2026-04-17 13:20:00,0.0003860814554599301,-0.0006726417383221012
2026-04-17 13:25:00,0.0014198639441325156,-0.00018108059786851914
2026-04-17 13:30:00,0.0024794985366121125,-0.0001526782707693085
2026-04-17 13:35:00,0.0018282093336008387,-0.0007364986664729622
2026-04-17 13:40:00,5.4169262291736686e-05,-0.0008876609950594955
2026-04-17 13:45:00,-0.00023102114570505705,-0.0008585434457819788
2026-04-17 13:50:00,0.0005455219447600967,-0.0002120939646702983
2026-04-17 13:55:00,0.0008454934249062518,-0.0006801159064264339
2026-04-17 14:00:00,0.0004120544719388164,-0.0006397573871844337
2026-04-17 14:05:00,0.00174284189665741,-0.0009585934083536814
2026-04-17 14:10:00,0.003013797147756847,-0.0006814138957318252
2026-04-17 14:15:00,0.002377440384972118,-0.0009110658514998346
2026-04-17 14:20:00,0.0022769195262615227,-0.00032374587376012877
2026-04-17 14:25:00,0.0010371379244347168,-0.00235553621048932
2026-04-17 14:30:00,0.004082885438121409,-0.00024293250058120687
2026-04-17 14:35:00,0.004100715198115168,-0.0006573612387114037
2026-04-17 14:40:00,0.004917957940829609,0.0010074988439946469
2026-04-17 14:45:00,0.0015306647125576944,0.0039689810491349686
2026-04-17 14:50:00,0.004098362169905556,0.0007617097164812391
2026-04-17 14:55:00,0.00743427552900755,-0.0006101082375619713
2026-04-17 15:00:00,0.0040477420385034435,0.00026945487347246723
2026-04-17 15:05:00,-0.0003825444600327188,-0.0011401424270878749
2026-04-17 15:10:00,-0.006572300728610259,0.003456329434533789
2026-04-17 15:15:00,-0.0017859903308110603,0.00263494106816568
2026-04-17 15:20:00,0.0013279941431321163,0.002256675579327929
2026-04-17 15:25:00,0.0028261020377122748,-0.0037504654084486353
2026-04-17 15:30:00,0.002057313340461775,-0.004830880139077341
2026-04-17 15:35:00,0.002101449007742673,0.002036197358070391
2026-04-17 15:40:00,0.003314030191713613,-2.7610233581632946e-05
2026-04-17 15:45:00,0.002077700987838327,0.0015715256079776312
2026-04-17 15:50:00,-0.00119383650005922,0.0026087390964389806
2026-04-17 15:55:00,-0.002740728172227591,8.265524943985956e-05
2026-04-17 16:00:00,-0.0010259925838411732,0.0006501068805404978
2026-04-17 16:05:00,0.0013434783336343514,-0.0005998971600570135
2026-04-17 16:10:00,0.0008254705342487512,-0.0002172653492255734
2026-04-17 16:15:00,0.001356138271313867,-0.0014450227889785767
2026-04-17 16:20:00,-0.0005925488692994918,0.00046766865318070367
2026-04-17 16:25:00,0.0011487746301064305,-0.0027399974649654968
2026-04-17 16:30:00,0.00041816475480516146,0.0006443474016035
2026-04-17 16:35:00,0.00015586002980683134,-0.0002814010101919737
2026-04-17 16:40:00,-0.0009148099330786863,0.0023388157510042624
2026-04-17 16:45:00,-0.0021582948828164916,-0.001129257087318855
2026-04-17 16:50:00,-0.0008103270984953781,0.00027573460196741496
2026-04-17 16:55:00,-0.0011046299073509402,-0.0036750601035461516
2026-04-17 17:00:00,-0.000725263761722772,-0.0006430157670834062
2026-04-17 17:05:00,-0.0004988314515035341,0.00498174057763172
2026-04-17 17:10:00,-0.00028970529366922904,-0.0009826131602556569
2026-04-17 17:15:00,0.0016305913991985221,-0.0017096545816273805
2026-04-17 17:20:00,-7.186865698116662e-05,-0.0006016819522453389
2026-04-17 17:25:00,-0.0015238748436186,0.0005539289210083351
2026-04-17 17:30:00,-0.0019409924048403582,0.0016249345710388097
2026-04-17 17:35:00,-0.00013143033184448427,-0.00048315740921690776
2026-04-17 17:40:00,0.0018012539620375634,-0.0024548525274749834
2026-04-17 17:45:00,0.0006967259302541606,0.003250547565698484
2026-04-17 17:50:00,0.0004866165157562108,-0.0006235611934434837
2026-04-17 17:55:00,0.000864518156873828,-0.0005737659045227915
2026-04-17 18:00:00,0.0007578317339653751,-0.00142877218726067
2026-04-17 18:05:00,-0.0002730509975616968,0.00016383674303785316
2026-04-17 18:10:00,-0.0006960735778225313,-0.0011423130305469726
2026-04-17 18:15:00,0.00011290678530428977,0.004509572428984665
2026-04-17 18:20:00,0.0003017888712086858,-0.00024526424389793183
2026-04-17 18:25:00,9.037320029925411e-05,-0.0007339946037420373
2026-04-17 18:30:00,-0.0010823767748053825,-0.0019537874553163153
2026-04-17 18:35:00,-0.001074126092294847,-0.0012538224536403104
2026-04-17 18:40:00,-0.00036154181542791264,-0.000224057435265606
2026-04-17 18:45:00,5.548232119068075e-05,0.00014964991730673417
2026-04-17 18:50:00,-0.0009950576885380258,-0.0002859048030104948
2026-04-17 18:55:00,-0.0007851601040531619,-0.0021681437983520143
2026-04-17 19:00:00,-0.0006721597649939071,-0.0002219922977309174
2026-04-17 19:05:00,-0.0013317184529846315,0.0011639576884341632
2026-04-17 19:10:00,-0.0011068479625677696,-0.001145345665748224
2026-04-17 19:15:00,-0.0003599042076700698,-0.000278069963684187
2026-04-17 19:20:00,0.00046125936978747006,-0.0002097452823433828
2026-04-17 19:25:00,-0.0005950769400033806,0.00027859041637449435
2026-04-17 19:30:00,-0.00024069394030235003,-0.0014900191467895865
2026-04-17 19:35:00,0.0009506760392525848,-0.00021756850476791544
2026-04-17 19:40:00,0.0016834189307974867,0.0006307024813214073
2026-04-17 19:45:00,0.00041757733758274185,0.0004198007244367913
2026-04-17 19:50:00,0.00035781265804679663,-0.0023676588858737493
2026-04-17 19:55:00,-0.00037019137259974855,0.00017442514450476514
2026-04-17 20:00:00,-0.0001254605793192809,0.00018794210797998994
2026-04-17 20:05:00,0.00025285931597629485,-0.001528424964696049
2026-04-17 20:10:00,-6.376901630211762e-05,0.0003442080500854672
2026-04-17 20:15:00,0.0009128290107547343,-0.00014322014819903153
2026-04-17 20:20:00,-0.0004358624388487442,0.0009189180483655535
2026-04-17 20:25:00,0.00023859868637110537,-0.0005509919001491488
2026-04-17 20:30:00,-0.0011082497883077025,-0.00039024388182436973
2026-04-17 20:35:00,-0.0012654882511782262,-0.00032269795734056917
2026-04-17 20:40:00,-0.0008271111866111625,0.0012634405754287188
2026-04-17 20:45:00,-0.0005412062858525246,0.0003832847846357291
2026-04-17 20:50:00,-0.0002862429398362565,-0.0006211019187559233
2026-04-17 20:55:00,-0.00033144792608119644,-0.002101320645196984
2026-04-17 21:00:00,-0.0003994046042272714,0.00021942756439576004
2026-04-17 21:05:00,-6.178808540369118e-06,0.00010911912769182938
2026-04-17 21:10:00,1.029506691274662e-05,0.00033934784073913634
2026-04-17 21:15:00,0.0003026562743464467,-0.0006292579368544968
2026-04-17 21:20:00,0.0009778361370091915,-0.00024205099507001234
2026-04-17 21:25:00,0.0006298564506064253,-0.0005509669628416858
2026-04-17 21:30:00,0.00020789443154534126,-0.00015141921547127653
2026-04-17 21:35:00,-0.0010808219003486386,-0.0012606511483984506
2026-04-17 21:40:00,-0.0010520411286911724,-0.00022255644620365928
2026-04-17 21:45:00,-0.0016148902953769806,0.0011032275583259285
2026-04-17 21:50:00,-0.0015048012173473069,-0.0010015135740187486
2026-04-17 21:55:00,-0.0017648069993771998,-0.0005282503816267425
2026-04-17 22:00:00,0.00018139318258647563,-0.0009089543328305444
2026-04-17 22:05:00,0.00024339532471095993,-0.0005345773764310747
2026-04-17 22:10:00,-4.1271066304915394e-05,0.001729717421534322
2026-04-17 22:15:00,-0.0010702830466211566,-0.00033611851334044133
2026-04-17 22:20:00,-0.0013022353437595058,-0.0004649095885742384
2026-04-17 22:25:00,-0.002183603191721062,-8.232841185211291e-05
2026-04-17 22:30:00,-0.0026838332299679024,-0.0005113331933423843
2026-04-17 22:35:00,-0.0015976045535097683,-0.0007355244803844409
2026-04-17 22:40:00,-0.0010345884502669378,-0.0008375524163512832
2026-04-17 22:45:00,-0.012436329676830837,-0.0004651934796987842
2026-04-17 22:50:00,-0.008593836159619173,0.00036499430753912947
2026-04-17 22:55:00,-0.008275806078220427,-0.0010834530418781388
2026-04-20 00:00:00,0.0037613561795009076,0.0007675542422868012
2026-04-20 00:05:00,-0.001845959044411316,-0.0056777164045622094
2026-04-20 00:10:00,-0.0010463605468036263,0.0025453979156727377
2026-04-20 00:15:00,-0.0013594803909384723,0.0016909729016543378
2026-04-20 00:20:00,-1.6721079848736053e-05,0.0025454837282247785
2026-04-20 00:25:00,-0.0009345042842525686,-0.001591005456304998
2026-04-20 00:30:00,1.4627902725550257e-05,-0.0016620948445448462
2026-04-20 00:35:00,-0.0004494837806809926,0.0007388196842337525
2026-04-20 00:40:00,-0.0003681877464369876,-0.002922258635669186
2026-04-20 00:45:00,-0.001941110514383837,0.001102385892526285
2026-04-20 00:50:00,-0.0012135695284918313,-0.0005202081113978949
2026-04-20 00:55:00,-0.0013840079177604991,0.003321840637643239
2026-04-20 01:00:00,-0.0006681279158424758,-0.0008340794417455036
2026-04-20 01:05:00,-0.0011752175033397094,0.008351869136728966
2026-04-20 01:10:00,-0.0006602244374054322,2.9504959537149465e-05
2026-04-20 01:15:00,-0.0003394710570656656,-0.0014995521332547169
2026-04-20 01:20:00,-0.001428459300553797,-0.0013674223412718542
2026-04-20 01:25:00,-0.00367797674514847,-0.0013579226909692524
2026-04-20 01:30:00,-0.00573811863929663,-0.001342485430486068
2026-04-20 01:35:00,-0.002381101117538975,-0.0022170921645053372
2026-04-20 01:40:00,0.0005364699773853232,-0.002168647562914297
2026-04-20 01:45:00,0.0012597405084093793,-0.0011626172581350241
2026-04-20 01:50:00,4.208098907731994e-05,-0.0018391085643094036
2026-04-20 01:55:00,-0.00047123668944770714,0.003071387321550511
2026-04-20 02:00:00,0.0017269290519212888,-0.00018591174340700368
2026-04-20 02:05:00,0.0020661012382596766,0.0006382155392315716
2026-04-20 02:10:00,0.0027275686088561457,0.0008384182448941849
2026-04-20 02:15:00,0.001661009607731856,0.0007303902232672806
2026-04-20 02:20:00,0.0005121864806589826,0.0011424636262844818
2026-04-20 02:25:00,-5.456247194501884e-05,0.0014222236095524923
2026-04-20 02:30:00,-0.0003987265984566335,0.001180353877566259
2026-04-20 02:35:00,-0.0003064407145156878,0.001160184881425558
2026-04-20 02:40:00,0.0016753882315949653,0.000407599620356985
2026-04-20 02:45:00,0.004874524399019364,0.0011507950377747055
2026-04-20 02:50:00,0.0051779685059010205,0.0018733687652066663
2026-04-20 02:55:00,0.004398404936891254,0.0008937615098160584
2026-04-20 03:00:00,0.0010897454372820192,-0.00026817507499206925
2026-04-20 03:05:00,0.0019257276196622541,-0.00028601810676599066
2026-04-20 03:10:00,0.0018547352108591042,-0.00014132936319669704
2026-04-20 03:15:00,0.003247571083923262,0.00019005383436950288
2026-04-20 03:20:00,0.00217371926776444,0.0004040260239526448
2026-04-20 03:25:00,0.0006556278599862964,-0.0006953760484241636
2026-04-20 03:30:00,0.0004345697152512429,0.0008297815816101569
2026-04-20 03:35:00,0.0010248383866375832,-0.00016761867412665816
2026-04-20 03:40:00,0.0004056495597115628,0.00048560517614315503
2026-04-20 03:45:00,-0.0012876239088708274,0.0021040291875824993
2026-04-20 03:50:00,-0.0019653706057329856,0.0006352826918213923
2026-04-20 03:55:00,-0.0014027904088393939,-0.004557550598755799
2026-04-20 04:00:00,-0.000703797202202594,-0.00026890788123205443
2026-04-20 04:05:00,-4.16361334920623e-06,-8.709120610644709e-05
2026-04-20 04:10:00,8.330972891101851e-06,-0.0005147447905829953
2026-04-20 04:15:00,0.00014371482005692826,-0.0005844598826203902
2026-04-20 04:20:00,-0.001379109422366298,0.0028452870924725354
2026-04-20 04:25:00,-0.0010356551756665056,-0.000587861089182443
2026-04-20 04:30:00,-0.001267068074355393,-0.0010093466592460772
2026-04-20 04:35:00,-0.0002585342374192834,-0.000999449047292688
2026-04-20 04:40:00,0.0002584932774869486,-0.0007818292165079927
2026-04-20 04:45:00,-5.6305073414364415e-05,-0.0013979375202763664
2026-04-20 04:50:00,-0.00044633732996857134,0.0013437896646941942
2026-04-20 04:55:00,-0.0012785258442633562,-0.0011455519858541735
2026-04-20 05:00:00,-0.0005527921882091391,-0.0025347902589645216
2026-04-20 05:05:00,0.00031495964709549185,-0.0003906512396283472
2026-04-20 05:10:00,0.0007698141456415897,-0.001153339000122748
2026-04-20 05:15:00,-3.964589952332176e-05,-0.0011662089223860163
2026-04-20 05:20:00,-0.00018354058175518162,0.0012494349869692919
2026-04-20 05:25:00,-0.000419256170614446,-0.0005113593319297819
2026-04-20 05:30:00,2.086665476852545e-06,-0.00024804686504432895
2026-04-20 05:35:00,-0.0004965626699426906,-0.00022863831160976444
2026-04-20 05:40:00,-0.00039021214889523037,-0.0005141758930253791
2026-04-20 05:45:00,0.00029834834163366963,0.0016038528003575936
2026-04-20 05:50:00,0.0005987655594523744,-0.0005119537687264229
2026-04-20 05:55:00,0.00026085387009722183,-0.0011604923478168252
2026-04-20 06:00:00,8.343815256139919e-05,-0.001566533291096326
2026-04-20 06:05:00,-0.0001209759843288083,0.0005806968412574438
2026-04-20 06:10:00,0.00046936556198495794,0.00044391841627358804
2026-04-20 06:15:00,-0.0010163334197734741,-0.00018550025526363955
2026-04-20 06:20:00,-0.0006635423387297834,-0.0011598076722218562
2026-04-20 06:25:00,-0.0015152782996175063,-0.00038738926086908775
2026-04-20 06:30:00,0.0007931207628963932,0.0008496865196184345
2026-04-20 06:35:00,-0.0004008426099257889,-0.0003742766472137984
2026-04-20 06:40:00,0.00037381499516975225,0.0005501858817336981
2026-04-20 06:45:00,-0.0005885188902858829,-0.0003958539001311136
2026-04-20 06:50:00,-0.00039264747236522624,-0.0023630420219639147
2026-04-20 06:55:00,-0.0005994246121101554,-3.6240553319551953e-06
2026-04-20 07:00:00,-0.0005074059450294044,-0.00023404051991574243
2026-04-20 07:05:00,8.355492801470632e-05,-0.00067008507842233
2026-04-20 07:10:00,0.0003154215028740026,-0.0004012969700934734
2026-04-20 07:15:00,0.0014234253936376007,-0.0007167666698480124
2026-04-20 07:20:00,0.001110617153781135,-0.0005170434398502609
2026-04-20 07:25:00,-0.001450508454707844,-7.753388930677933e-05
2026-04-20 07:30:00,-0.0018391472044427815,0.0010102794279245365
2026-04-20 07:35:00,-0.00036728570023036866,-0.0005395991053144658
2026-04-20 07:40:00,0.002160365051732782,-9.77920413254129e-06
2026-04-20 07:45:00,0.0010128888348663878,0.000784178837887737
2026-04-20 07:50:00,0.00018783340484596067,-0.00026707075882243837
2026-04-20 07:55:00,-0.00014819313976488502,-0.001967729591686037
2026-04-20 08:00:00,-0.0006786265277671788,0.0007411183490523203
2026-04-20 08:05:00,-0.0009416088426092983,0.00039366693170664736
2026-04-20 08:10:00,-0.0008206777838726254,-1.2217693841825488e-05
2026-04-20 08:15:00,-4.3865558337685684e-05,-0.0005151727907167793
2026-04-20 08:20:00,0.0006556706346199093,-0.014689546343565724
2026-04-20 08:25:00,0.0007309163300952548,-0.00021712606226274053
2026-04-20 08:30:00,3.133273801481096e-05,0.0028167849050295176
2026-04-20 08:35:00,-0.0006849143707192695,-0.00013240538465979375
2026-04-20 08:40:00,0.0014852458600582708,0.0015181906603677388
2026-04-20 08:45:00,0.0022137820569287925,0.00024406874198541284
2026-04-20 08:50:00,0.0018114963986359811,-0.00021439288556905482
2026-04-20 08:55:00,-0.00011882191215129012,-4.7390864986702834e-05
2026-04-20 09:00:00,0.000987421909332653,-0.0006428378385032934
2026-04-20 09:05:00,0.0012419410882547055,0.0005022768286331034
2026-04-20 09:10:00,0.00026680841021686774,-0.0005356259478819685
2026-04-20 09:15:00,-0.0017067286537724158,-0.0014815941645195895
2026-04-20 09:20:00,-0.0011356072394832495,-0.00023504690131175758
2026-04-20 09:25:00,-7.294835364035634e-05,-0.002761972827462012
2026-04-20 09:30:00,-0.0004172264515336366,-0.0010955445401860564
2026-04-20 09:35:00,-0.0016776391794799395,-0.0005827178605236584
2026-04-20 09:40:00,-0.0017669747301294336,-0.0009695784330149278
2026-04-20 09:45:00,-0.000745182181422166,0.001340873169997797
2026-04-20 09:50:00,8.353433782914976e-06,-0.0007845380958995978
2026-04-20 09:55:00,-1.4616113013232734e-05,-0.0017023618604940188
2026-04-20 10:00:00,-4.5939760452640144e-05,-0.0008932346212906006
2026-04-20 10:05:00,8.97950064135955e-05,0.00737876474806594
2026-04-20 10:10:00,0.0006116061322050115,-0.0004420090451992091
2026-04-20 10:15:00,0.0003027459076729855,-7.1473947399677e-05
2026-04-20 10:20:00,0.00017747803755874259,-0.0009486008544040692
2026-04-20 10:25:00,6.886053553145643e-05,-0.00143066681778036
2026-04-20 10:30:00,0.0008993453747887514,-0.0012063991935955289
2026-04-20 10:35:00,0.0008431123028280751,-0.0006139151738657437
2026-04-20 10:40:00,0.000769663211279692,-0.00012972211718104577
2026-04-20 10:45:00,0.0001918669283611507,-0.0010835910640302347
2026-04-20 10:50:00,0.00031494125354569746,-0.0001112882874230081
2026-04-20 10:55:00,-4.795628056086798e-05,8.98908648243569e-05
2026-04-20 11:00:00,-0.0001918669283611507,-0.0020516109297993874
2026-04-20 11:05:00,-0.0003462322251657213,-0.00024350387425857
2026-04-20 11:10:00,-0.0006027771732046716,-0.0020799212141666143
2026-04-20 11:15:00,-0.0017284609523287031,-0.00029416903305193873
2026-04-20 11:20:00,-0.0009934757019038898,0.0015201415934338648
2026-04-20 11:25:00,-0.0001877902930456088,0.00012761010828663704
2026-04-20 11:30:00,0.0018911331140589738,-0.0005367839337641995
2026-04-20 11:35:00,0.0006512971898793296,-0.0007130964275259054
2026-04-20 11:40:00,-4.173518194150461e-06,-0.00030330733408287383
2026-04-20 11:45:00,-0.0007927550948103601,0.0006803436232475659
2026-04-20 11:50:00,0.001192944252460748,-0.00016242589714069453
2026-04-20 11:55:00,0.0007926558765980474,0.0016255865150914147
2026-04-20 12:00:00,0.001786982613008803,0.00022081356457626404
2026-04-20 12:05:00,8.545360760159326e-05,-0.00016534698172845095
2026-04-20 12:10:00,0.0005565694620397466,-0.0032196777585815767
2026-04-20 12:15:00,-0.0005897473739100434,0.0013805569990172756
2026-04-20 12:20:00,-0.00031892507928255043,-0.0024877928538593634
2026-04-20 12:25:00,-0.0006900254082218282,-0.0014439614072578762
2026-04-20 12:30:00,-0.0001667761138772761,5.676960990196056e-05
2026-04-20 12:35:00,-0.00011467112854113282,0.00043657406728890796
2026-04-20 12:40:00,0.00016264706040836074,0.0003653028422755368
2026-04-20 12:45:00,-0.0011640376309678402,-7.387682537877299e-05
2026-04-20 12:50:00,-0.0007049950650337422,0.007700253746084382
2026-04-20 12:55:00,-0.001258075685933946,0.00028720488547646515
2026-04-20 13:00:00,-0.0005887929080667931,-0.00045340831100306264
2026-04-20 13:05:00,-0.0006679092810077947,-0.00023627902683242158
2026-04-20 13:10:00,-0.00029022879210671704,-0.00019471057227899582
2026-04-20 13:15:00,0.0004844222837103729,-0.0004520366472285625
2026-04-20 13:20:00,0.00043836577942002464,9.71336025888561e-05
2026-04-20 13:25:00,0.00136480331708988,-0.00015504417992792362
2026-04-20 13:30:00,0.002360286581872373,0.0009832992053822056
2026-04-20 13:35:00,0.0031068835843761633,0.00021390775784770456
2026-04-20 13:40:00,0.0031897887265976976,0.0002722802636069137
2026-04-20 13:45:00,0.0016938011773621753,-5.3971566915366745e-06
2026-04-20 13:50:00,0.0002870711893852018,0.000987940011473831
2026-04-20 13:55:00,0.00024318889349395079,0.012504003151288858
2026-04-20 14:00:00,0.0011615284025818795,0.00032312327640212366
2026-04-20 14:05:00,0.0011744690515911316,-0.001513128191185349
2026-04-20 14:10:00,-0.0011832438269863133,0.000604206325919713
2026-04-20 14:15:00,-0.001914437119893364,-0.002875058922074029
2026-04-20 14:20:00,-0.001979725107213781,0.00026791097531932216
2026-04-20 14:25:00,6.65816363927263e-05,-0.0006123238395502998
2026-04-20 14:30:00,5.409521591559496e-05,-0.0003149803019635224
2026-04-20 14:35:00,-0.00011657656283148299,-0.000873666746922246
2026-04-20 14:40:00,-0.0005015520121940398,-0.0006578122260315379
2026-04-20 14:45:00,-0.0006139444666768412,-1.478569055547046e-05
2026-04-20 14:50:00,0.0016225226292299055,0.0008438421105579819
2026-04-20 14:55:00,0.002453335894477604,0.00016016698568885454
2026-04-20 15:00:00,0.0026466344685545096,-0.00047474982524804265
2026-04-20 15:05:00,0.001080221051772412,0.0014981649009596705
2026-04-20 15:10:00,0.001831914613589447,-8.709220604845086e-05
2026-04-20 15:15:00,0.0011682765516454197,0.0011498248959690392
2026-04-20 15:20:00,0.00026572169545602264,0.0011478613412856217
2026-04-20 15:25:00,-0.0005203954708274949,0.12030990482109233
2026-04-20 15:30:00,-0.00024059900972694948,0.00040156367363429956
2026-04-20 15:35:00,0.0007199999481066754,-0.000908605998867925
2026-04-20 15:40:00,-0.0007344048228201672,-0.0008897111895299838
2026-04-20 15:45:00,-0.0006142047486843438,-0.0010531735783093463
2026-04-20 15:50:00,-0.0016960433536112873,-0.001238724731500106
2026-04-20 15:55:00,-0.0006684866914916654,-0.0014007834318421396
2026-04-20 16:00:00,-0.00018890230174584133,-0.001026649176592153
2026-04-20 16:05:00,0.0025668201414799086,-0.0011080611128697485
2026-04-20 16:10:00,0.0016890388738595163,-0.0015166611973630331
2026-04-20 16:15:00,0.00031550914511768724,-0.0007535718416534867
2026-04-20 16:20:00,-0.0023029868078268123,-0.0014003594344950661
2026-04-20 16:25:00,-0.0018967344095681682,-4.630125348578022e-05
2026-04-20 16:30:00,-0.0010320014786682208,-0.001989428822703328
2026-04-20 16:35:00,-0.001076544935413537,-0.026401334248839316
2026-04-20 16:40:00,-0.0017088939385043744,-0.002065473739885696
2026-04-20 16:45:00,-0.0031961939264117945,-0.0014290318449745511
2026-04-20 16:50:00,-0.002437936395061513,-0.0007509493083256446
2026-04-20 16:55:00,-0.001545090066269239,-0.00011642695239344534
2026-04-20 17:00:00,-9.796146370710801e-05,0.0018306476168163189
2026-04-20 17:05:00,0.0013373330327084432,-0.00076082874879109
2026-04-20 17:10:00,0.0018883505658688904,-0.0025213673069876957
2026-04-20 17:15:00,0.0014101363420060409,-0.0016187029974352055
2026-04-20 17:20:00,-0.0003477011678842956,-0.0005493170457798102
2026-04-20 17:25:00,-0.0015341433092519452,0.0019468052745853421
2026-04-20 17:30:00,-0.0009183415938807116,-0.00013993828170441656
2026-04-20 17:35:00,-0.0012710744789696804,-0.001220815525983784
2026-04-20 17:40:00,-2.0832248321056568e-05,0.0009424538505365717
2026-04-20 17:45:00,-0.0010359681965077527,0.0028424409670476324
2026-04-20 17:50:00,0.00040858700344514887,-0.0008940650438339292
2026-04-20 17:55:00,-0.00028961320171916327,-0.0006956811712717687
2026-04-20 18:00:00,0.0004357793690950018,-0.0004381512350773479
2026-04-20 18:05:00,6.25258570430276e-06,0.0003631945354963962
2026-04-20 18:10:00,0.0006020513675402128,-0.0004277881050393042
2026-04-20 18:15:00,0.0007022684391824185,-0.0009054891539359462
2026-04-20 18:20:00,0.00043758387722370173,-0.001134507972177028
2026-04-20 18:25:00,8.538278042813374e-05,0.000284687094088198
2026-04-20 18:30:00,0.0007059389749688449,-0.0001853175378740122
2026-04-20 18:35:00,0.0010223661689856556,0.00926677600756415
2026-04-20 18:40:00,0.0007785211822071147,-0.0003768687358037769
2026-04-20 18:45:00,0.0007803258412248937,-0.0007488821973657129
2026-04-20 18:50:00,0.0009423159826980054,-0.006345115847722152
2026-04-20 18:55:00,0.0006240444522163102,-0.0002681394569528639
2026-04-20 19:00:00,0.0003369125119991878,-0.0004303142438572005
2026-04-20 19:05:00,-0.0002516133942300769,-0.0019313128608074116
2026-04-20 19:10:00,0.00017258354489868566,-0.0018660948858953753
2026-04-20 19:15:00,-0.0007925488347204634,0.0007378372752539354
2026-04-20 19:20:00,0.00032438232483933405,-0.000492257634377208
2026-04-20 19:25:00,-1.4554088711093982e-05,-0.0008911914835775699
2026-04-20 19:30:00,0.0007592785762504661,-0.000553898610016077
2026-04-20 19:35:00,-0.00010395723624512243,-0.00014499937384497303
2026-04-20 19:40:00,-0.0004263208472039537,-0.0014171956885326775
2026-04-20 19:45:00,0.0005072512083206249,-0.0008879368553866279
2026-04-20 19:50:00,0.0010390863625904245,0.0004907112265770782
2026-04-20 19:55:00,0.00161282312199873,-0.002683302363101432
2026-04-20 20:00:00,0.0004924527048846272,0.0007270208134535264
2026-04-20 20:05:00,-0.00018072345517694544,-0.0023153538276271843
2026-04-20 20:10:00,-0.0003177863816858917,-4.47749300212315e-05
2026-04-20 20:15:00,0.00021602085516114755,-0.00012749595758006693
2026-04-20 20:20:00,-0.00025971732512353185,0.0002371949557382104
2026-04-20 20:25:00,0.0001744834567105613,-0.00010675611676090846
2026-04-20 20:30:00,2.0768777051927145e-05,-0.0009914422068019763
2026-04-20 20:35:00,0.0006003641835619078,-0.0023324345729201588
2026-04-20 20:40:00,-0.00012878246582204156,0.0035979121413531588
2026-04-20 20:45:00,0.0005813507016405595,0.0008511709286702274
2026-04-20 20:50:00,0.001046140274041818,-0.0008040261316255929
2026-04-20 20:55:00,0.0013472404889594003,-0.0003501659640285
2026-04-20 21:00:00,0.00021169380023700057,-0.0004951646923432887
2026-04-20 21:05:00,-0.0003319894706841353,0.0002336565849874182
2026-04-20 21:10:00,-0.0006723554274135068,0.0002769471647555223
2026-04-20 21:15:00,-0.0008865073956201286,0.001212053979263473
2026-04-20 21:20:00,-0.0014724561001511205,0.0009477449912189844
2026-04-20 21:25:00,-0.0011569279352947603,-0.00026697346205220416
2026-04-20 21:30:00,-0.00044043163010876185,-0.0002562205194967935
2026-04-20 21:35:00,-3.325393955577738e-05,-0.0007452116463272065
2026-04-20 21:40:00,0.0005505904442308918,-0.0014672082291108844
2026-04-20 21:45:00,0.0005816610741913308,-0.0005624185484154754
2026-04-20 21:50:00,0.0006337129243298989,0.001543258901674729
2026-04-20 21:55:00,2.077106341680235e-05,-0.00022378326701026998
2026-04-20 22:00:00,-0.00039673926546157645,0.0007297869010492961
2026-04-20 22:05:00,0.00024506648069966275,1.1477106053954544e-05
2026-04-20 22:10:00,0.0003115141899137086,0.001031942534936969
2026-04-20 22:15:00,0.00014542009814455525,-0.0002327332821495003
2026-04-20 22:20:00,-2.0765822767998543e-06,-0.0004076116973862046
2026-04-20 22:25:00,0.00012873085924880456,-0.0001505749480798971
2026-04-20 22:30:00,0.000716404552086658,-0.0008182685435920293
2026-04-20 22:35:00,0.0008987570567402514,0.00048669230149348474
2026-04-20 22:40:00,0.0008508678327068253,-0.00017564227593688505
2026-04-20 22:45:00,0.0015079627215168756,-0.0002386596164844582
2026-04-20 22:50:00,0.0018158042097038418,-0.0006767534354900011
2026-04-20 22:55:00,0.0017492667490497382,0.00012266139753726936
2026-04-21 00:00:00,0.0014436039162575298,-0.00036498237744139153
2026-04-21 00:05:00,0.0004803461897591177,0.0016368034904613586
2026-04-21 00:10:00,-1.863718677874715e-05,-0.0013461070100081384
2026-04-21 00:15:00,-0.0007681438110953565,0.0008626315935444871
2026-04-21 00:20:00,-0.0004037237880236688,-0.00010154474858420419
2026-04-21 00:25:00,0.00036853765505462377,-0.0003525733528142816
2026-04-21 00:30:00,0.0003644760179923878,-0.0004822251714914062
2026-04-21 00:35:00,-0.00027959659571408224,0.0009203934850424724
2026-04-21 00:40:00,-0.0006626370296256567,0.0006652822004614025
2026-04-21 00:45:00,-0.0006420639053423827,0.00022183040440813898
2026-04-21 00:50:00,-0.000594661531838625,-0.00019474252027347125
2026-04-21 00:55:00,-0.00034806029252720805,0.00042603005752892096
2026-04-21 01:00:00,-0.0003895815984407136,0.00032142776261351357
2026-04-21 01:05:00,0.0002383214719241522,-0.00026023462849480874
2026-04-21 01:10:00,-0.0002155266214813878,3.302990186813059e-05
2026-04-21 01:15:00,-0.0001637524605389018,0.0003325327457832727
2026-04-21 01:20:00,-0.00020723284134405162,-0.00026901996013544945
2026-04-21 01:25:00,-3.7307400548414194e-05,0.0007297519526439912
2026-04-21 01:30:00,-0.0005577886830590018,-0.0006516819634259016
2026-04-21 01:35:00,-0.0008915909059492577,-3.816686152478875e-05
2026-04-21 01:40:00,-0.0005825905123746367,-0.00035359457366230856
2026-04-21 01:45:00,0.0007837185980736905,0.000727109648654551
2026-04-21 01:50:00,0.001635357236020596,0.00048101109262912425
2026-04-21 01:55:00,0.0013574695539979587,0.0007379833414720019
2026-04-21 02:00:00,0.0006049920313149215,0.0007099218185676399
2026-04-21 02:05:00,-0.0006132046348223952,0.00021596270361873737
2026-04-21 02:10:00,-0.0016499293817471283,0.0014175394378664699
2026-04-21 02:15:00,-0.0020485054944749947,-0.00017141028574267452
2026-04-21 02:20:00,-0.0012047157467716119,-0.00038015383199788426
2026-04-21 02:25:00,0.0005184871904635457,-0.0013089289889311416
2026-04-21 02:30:00,0.0014725282855909683,-0.0013884241592406219
2026-04-21 02:35:00,0.0009124826172701717,-5.374742941617963e-05
2026-04-21 02:40:00,0.0001181774549898762,0.0002967388778294304
2026-04-21 02:45:00,-0.0014393206569653927,0.00012737243859678297
2026-04-21 02:50:00,-0.0011345077153173122,0.00010820527798014118
2026-04-21 02:55:00,-0.0018052831207757691,-0.00029749332849824165
2026-04-21 03:00:00,-0.00014321577556586362,-0.0011158373369370015
2026-04-21 03:05:00,-0.0003051055387874868,-0.0014206064459933222
2026-04-21 03:10:00,0.0007038254969486957,-0.0005574725119447596
2026-04-21 03:15:00,0.00012453662015410316,-0.0001217090815434467
2026-04-21 03:20:00,-0.0007434357872710962,-8.051978742102328e-05
2026-04-21 03:25:00,-0.0009634732291381454,-8.001086112625509e-05
2026-04-21 03:30:00,-0.001131777416111035,-0.0005134896028795019
2026-04-21 03:35:00,-0.0007980431740914895,-0.00015282636974458055
2026-04-21 03:40:00,-0.0007128198769148497,-0.0010464131705441955
2026-04-21 03:45:00,-0.0011933870318419082,-3.7207654143365815e-05
2026-04-21 03:50:00,-0.00028487273970867477,0.00028437321480952865
2026-04-21 03:55:00,-0.000519868339459606,-0.0005963278344721787
2026-04-21 04:00:00,5.6166861359230325e-05,-0.0006426682322954592
2026-04-21 04:05:00,-0.0005325345441224982,-0.00013509963014729184
2026-04-21 04:10:00,3.535961246292629e-05,-0.0005102881298443915
2026-04-21 04:15:00,-0.0006575579865959469,9.283604638539444e-07
2026-04-21 04:20:00,9.987183123350007e-05,-0.00041260524592765923
2026-04-21 04:25:00,-0.0002641873290745167,-0.0002140691029559555
2026-04-21 04:30:00,-2.0815661692097365e-06,4.811309022581902e-05
2026-04-21 04:35:00,7.697772954884385e-05,-0.0006258649405837164
2026-04-21 04:40:00,0.00023922773242013307,-0.00029127338364576456
2026-04-21 04:45:00,0.0007241235404773505,-0.0003735027364000028
2026-04-21 04:50:00,-0.0006659494082974504,-0.00017309379599943545
2026-04-21 04:55:00,-0.0013924839351293627,-0.0004727540824633388
2026-04-21 05:00:00,-0.0020467937771222466,-0.00014228212433434846
2026-04-21 05:05:00,-0.001900392527778294,-0.0007615651673426188
2026-04-21 05:10:00,-0.0004791796536185444,-0.001235305604162581
2026-04-21 05:15:00,0.000229249292937439,-0.0007455548862716501
2026-04-21 05:20:00,0.00010011074759930239,-0.0003644370296337176
2026-04-21 05:25:00,-0.0007671653617524754,-0.0004059550729478285
2026-04-21 05:30:00,-0.0006941614631426063,-0.00035946019968064965
2026-04-21 05:35:00,0.0001146979118935576,-0.0007903739302436896
2026-04-21 05:40:00,0.0004712093278218532,-0.00022172600572380272
2026-04-21 05:45:00,0.0004774180323288135,-0.00023035942134831504
2026-04-21 05:50:00,-0.00021898015814514338,-0.0005497180415804112
2026-04-21 05:55:00,-0.0007653064257855391,-0.0007878459124864652
2026-04-21 06:00:00,-0.0009133391938185298,0.0001382037183332034
2026-04-21 06:05:00,-0.0004193243931940316,-0.0005868409007699449
2026-04-21 06:10:00,-0.0002649700255119569,-0.001113869277267879
2026-04-21 06:15:00,-0.0002649827411573824,-0.0010560113811674302
2026-04-21 06:20:00,9.80667292704851e-05,-0.0005751567596557869
2026-04-21 06:25:00,-5.634126111964122e-05,-0.0009676056751224016
2026-04-21 06:30:00,-0.00046336689050008317,-0.001011146092372396
2026-04-21 06:35:00,-0.0006574395783740528,-0.0005024219867638634
2026-04-21 06:40:00,-0.0006178754050463198,0.00034920913559353126
2026-04-21 06:45:00,0.00027554132563523126,-0.0021951776645179333
2026-04-21 06:50:00,0.00011899729138598047,-0.001052576414558084
2026-04-21 06:55:00,0.00011692463176871115,-0.00021488532529039916
2026-04-21 07:00:00,-0.00040081248566359307,-0.0007519672826359629
2026-04-21 07:05:00,-0.00018163313288788174,-0.0004560878661601026
2026-04-21 07:10:00,-0.00048657990633316217,-0.00021676441878755058
2026-04-21 07:15:00,0.0006616717994560872,-7.389893704876104e-05
2026-04-21 07:20:00,0.001362487574381177,-0.0009251521199696601
2026-04-21 07:25:00,0.001886525263799399,-0.001520762131147793
2026-04-21 07:30:00,-0.00036730946234797557,0.0008481294657456282
2026-04-21 07:35:00,-0.0015984511368554166,-0.0015583649298629356
2026-04-21 07:40:00,-0.0025781684244101655,-0.000771059868464929
2026-04-21 07:45:00,-0.0016754726892074245,-0.0010002205846035732
2026-04-21 07:50:00,-0.0001441113293836338,-0.0018054964622124805
2026-04-21 07:55:00,0.0001797478518703599,0.00010399754207892969
2026-04-21 08:00:00,-0.0004287200680508363,0.00046770930165332793
2026-04-21 08:05:00,-0.0014046061678989474,-0.0007250487523558305
2026-04-21 08:10:00,-0.0010894329230985988,-0.0012798511436303934
2026-04-21 08:15:00,-0.00034310844027807264,-0.0011166542957735436
2026-04-21 08:20:00,-0.0005356074460323157,-0.0008572617689394141
2026-04-21 08:25:00,8.368375912404247e-05,-0.000786158067425049
2026-04-21 08:30:00,-0.00023438562821098685,-0.00014072332016453176
2026-04-21 08:35:00,-0.0003893323000312421,-0.0009717258881463324
2026-04-21 08:40:00,-0.0005796537515969646,-0.00495855376197974
2026-04-21 08:45:00,-0.0006029582822506541,-0.0007871679717318298
2026-04-21 08:50:00,0.0009542225066763166,-0.0008331218277481695
2026-04-21 08:55:00,0.0012614153998438127,-0.00035486516459553663
2026-04-21 09:00:00,0.0019603767606106715,-0.0006177164886501383
2026-04-21 09:05:00,0.0005980173603248318,-0.0002311353625973631
2026-04-21 09:10:00,2.717717953260035e-05,0.00027743097665418033
2026-04-21 09:15:00,-0.000545674083046066,-0.0025822796467042503
2026-04-21 09:20:00,-0.0003512395866387408,0.0002867696022880177
2026-04-21 09:25:00,0.000664565716149923,0.00027043832958352325
2026-04-21 09:30:00,0.0018323690841253182,0.0002673047176566454
2026-04-21 09:35:00,0.0014083950179824,0.0003656628943546367
2026-04-21 09:40:00,-0.00018386078447463206,0.0004692643298958851
2026-04-21 09:45:00,-0.0009293457761838653,0.001251952978749101
2026-04-21 09:50:00,-0.0017409318693708542,-0.0007597428831046954
2026-04-21 09:55:00,-0.0020414530684735865,-0.000298988495547194
2026-04-21 10:00:00,-0.0005893811250974323,0.0009245621947715307
2026-04-21 10:05:00,0.001383796840340068,0.0006688416696356358
2026-04-21 10:10:00,0.002359009557546088,0.00027564574011660974
2026-04-21 10:15:00,0.0010468524862830009,0.0005936331590087609
2026-04-21 10:20:00,0.0002715177860839191,0.0005718287856322398
2026-04-21 10:25:00,0.0009687596667973253,-0.00031168322794647364
2026-04-21 10:30:00,0.00031321583123578023,-0.0005807922529961651
2026-04-21 10:35:00,1.4618096994212237e-05,-2.7282762252525856e-05
2026-04-21 10:40:00,-0.0011713992041357812,0.00014989008394979846
2026-04-21 10:45:00,-0.0008709828557620369,-2.4923984772634794e-05
2026-04-21 10:50:00,-0.0005263861623490129,-0.0002169970297518722
2026-04-21 10:55:00,-0.00042839395762861443,8.828198839711801e-05
2026-04-21 11:00:00,0.00031130160885162184,0.0002786155530608526
2026-04-21 11:05:00,-0.00011283309281218123,-0.0003995276738047882
2026-04-21 11:10:00,-0.0004662175313239203,-0.00017635844998031142
2026-04-21 11:15:00,-0.0004805733541441981,0.00038171268092774147
2026-04-21 11:20:00,-0.00046609377688966447,0.000563349920023601
2026-04-21 11:25:00,0.0011703583049893496,0.0003269026799339217
2026-04-21 11:30:00,0.00011076129593590167,-0.0011562822109525965
2026-04-21 11:35:00,0.0009779195750994063,5.87484883966653e-05
2026-04-21 11:40:00,-0.0009445397116323306,3.163496948255739e-05
2026-04-21 11:45:00,-0.00039085402100091926,-0.00038600178318324956
2026-04-21 11:50:00,-0.0005348118780492683,0.00031419376962457473
2026-04-21 11:55:00,-0.00010035752376325036,-0.00010491180229474806
2026-04-21 12:00:00,-0.00010662306977771152,-0.00014373843024287607
2026-04-21 12:05:00,-0.0005894599714171278,0.0004578591321962246
2026-04-21 12:10:00,8.990408494646829e-05,-0.00010548173227186613
2026-04-21 12:15:00,0.00033655570053170436,0.00014781226204626293
2026-04-21 12:20:00,0.0009613516507620545,-3.943978364168502e-05
2026-04-21 12:25:00,0.0006792463344122979,0.00032367662085530766
2026-04-21 12:30:00,0.0004931316886871429,0.0003204080474880173
2026-04-21 12:35:00,0.0006035072515278017,-0.0003400819544540348
2026-04-21 12:40:00,0.000749770039520925,0.0005423216791656123
2026-04-21 12:45:00,9.609057588733094e-05,-0.00020369832075156158
2026-04-21 12:50:00,-0.0019873098770730735,0.00039419848138721406
2026-04-21 12:55:00,-0.0016422903816568635,-0.0016508643456983369
2026-04-21 13:00:00,-0.0011118729096111224,0.00011506687747228975
2026-04-21 13:05:00,0.00026980364105888555,0.00046775853864395147
2026-04-21 13:10:00,0.00031571299651034224,-0.00881545843010801
2026-04-21 13:15:00,0.0011640921762339218,0.0006540075945743562
2026-04-21 13:20:00,0.0017300319398039221,0.0006585823821661559
2026-04-21 13:25:00,0.0019860772326953935,0.001405294350215755
2026-04-21 13:30:00,0.0017946844608136558,3.5660839102515194e-05
2026-04-21 13:35:00,0.0007241364155312624,-0.001038474973228965
2026-04-21 13:40:00,0.0004192657904038555,-0.00044254793474403625
2026-04-21 13:45:00,-0.0006402910101446224,-0.0019389833153351781
2026-04-21 13:50:00,0.00041296114580724463,0.00012243359841805418
2026-04-21 13:55:00,-0.0007239173631763407,0.0012471558624617528
2026-04-21 14:00:00,-0.0020613073727293596,0.00019690343626685403
2026-04-21 14:05:00,-0.0026726650462283175,0.00047965911361640915
2026-04-21 14:10:00,-0.002710473337906194,0.0007043764410988983
2026-04-21 14:15:00,0.0008191839964908354,0.0013216577102693368
2026-04-21 14:20:00,-0.00046845167125475484,0.0002437786680242178
2026-04-21 14:25:00,0.00011927318700521994,0.0012800736370595358
2026-04-21 14:30:00,-0.001961309729360039,0.0010447359021402542
2026-04-21 14:35:00,-6.484765510172963e-05,-0.0005607433460461398
2026-04-21 14:40:00,8.787640398644214e-05,0.0001430318563123864
2026-04-21 14:45:00,0.00032017779557946824,0.0007077186174008778
2026-04-21 14:50:00,-0.002588971094834136,0.0013100688390414927
2026-04-21 14:55:00,-0.003021517498531523,0.0010106208466128266
2026-04-21 15:00:00,-0.0022622737949404836,0.0002956928716753202
2026-04-21 15:05:00,0.0004424430898506415,-7.346979737663049e-08
2026-04-21 15:10:00,0.0020712057499014946,0.001430712206688191
2026-04-21 15:15:00,0.0014982814479385098,7.581568224453291e-05
2026-04-21 15:20:00,0.003102082262529393,0.00015488840625170589
2026-04-21 15:25:00,0.002963076655701613,-0.007638907100042449
2026-04-21 15:30:00,0.0026996157264722598,-0.012717113288767781
2026-04-21 15:35:00,0.0009295865054230745,-0.001599269871667364
2026-04-21 15:40:00,-0.002155044859856403,-0.0003881877058068115
2026-04-21 15:45:00,-0.001709677229007056,0.0015217973081351943
2026-04-21 15:50:00,-0.0018642217050786059,-0.000269397258786591
2026-04-21 15:55:00,8.369969386023968e-06,0.0002485801646599136
2026-04-21 16:00:00,-0.0005524029668926289,-0.00029954425034768725
2026-04-21 16:05:00,-0.001578525683621379,-0.0022625458265536245
2026-04-21 16:10:00,-0.0010384108224368305,0.0016714901168416868
2026-04-21 16:15:00,-0.0019735649354064577,-0.00014252676798580464
2026-04-21 16:20:00,-0.002395572485204056,1.950584408389692e-05
2026-04-21 16:25:00,-0.006029810063159502,-0.0006263416375420536
2026-04-21 16:30:00,-0.008542416260825192,0.0018095014956783198
2026-04-21 16:35:00,-0.004776775765485297,-0.0018799164022784871
2026-04-21 16:40:00,-0.0012145571206723105,-0.00021006040912713384
2026-04-21 16:45:00,0.0015132944511986324,0.001250474145981352
2026-04-21 16:50:00,0.000350243486098023,-0.005968277161532214
2026-04-21 16:55:00,0.0018718268208193223,0.0005139784351033179
2026-04-21 17:00:00,0.00435588210312865,-0.0010763022340637284
2026-04-21 17:05:00,0.001966258137354515,0.0001279818576314598
2026-04-21 17:10:00,-0.0012243011581816177,-0.0003034766118110234
2026-04-21 17:15:00,-0.002381056262889203,-0.0020513864018706154
2026-04-21 17:20:00,-0.0014769666511771362,0.0007189428528982572
2026-04-21 17:25:00,0.0007503520261682439,0.0005432306119246236
2026-04-21 17:30:00,0.000432000495617757,0.002590607432333386
2026-04-21 17:35:00,-0.00037749258907382455,0.0008143049142513126
2026-04-21 17:40:00,-0.0007102909224379061,-0.0009098100048427218
2026-04-21 17:45:00,-0.0013408642992605024,-0.0016494767195104924
2026-04-21 17:50:00,-0.0012346996447210046,-0.00040318730734017165
2026-04-21 17:55:00,-0.002658051561232,-0.00015509361353831727
2026-04-21 18:00:00,-0.0015983129275483066,-0.002409899556090521
2026-04-21 18:05:00,-0.0009275546712608218,-0.0032337677167139636
2026-04-21 18:10:00,-0.002029430604487459,-0.000832888779489101
2026-04-21 18:15:00,-0.001651667745321106,-0.00024081018838110883
2026-04-21 18:20:00,-0.0014342257746413622,-0.001002368484007832
2026-04-21 18:25:00,0.0001842788928563266,0.0005923020353183798
2026-04-21 18:30:00,-0.0007601334728377651,-0.0007517029034505663
2026-04-21 18:35:00,-0.0030742182311040978,0.008460908899400845
2026-04-21 18:40:00,-0.002219959120512982,0.0001669412023069283
2026-04-21 18:45:00,-0.0017999438799591871,0.00036665093401763444
2026-04-21 18:50:00,0.0002590228060697086,0.0007329375782292175
2026-04-21 18:55:00,-0.0007134682289056116,-0.0008270367660451977
2026-04-21 19:00:00,-0.0023454191183258644,-0.00028774681466414037
2026-04-21 19:05:00,-0.0015530180210010514,0.0003270379881101862
2026-04-21 19:10:00,-0.0016816356005069366,-0.0006619375942315072
2026-04-21 19:15:00,0.0007526630593659434,-0.0007878799020649703
2026-04-21 19:20:00,0.0010837552539104678,-0.000432212975573127
2026-04-21 19:25:00,0.003881982560047348,-0.00020864877218094492
2026-04-21 19:30:00,0.0014463284157049117,0.013943548202348034
2026-04-21 19:35:00,-0.0002952600168217856,0.05804282323299579
2026-04-21 19:40:00,-0.0013001020916032502,-0.0011739280727285223
2026-04-21 19:45:00,-0.0002674449472035434,-0.001381607070503815
2026-04-21 19:50:00,0.00029313615534398707,0.0006381150145845622
2026-04-21 19:55:00,-0.0015610816047590959,-0.0008430094778672781
2026-04-21 20:00:00,-0.0030466988808637296,-0.0013601170363241818
2026-04-21 20:05:00,-0.0029309753387494197,-0.00015460758944022554
2026-04-21 20:10:00,-0.0016018434193298958,0.0006958213445912642
2026-04-21 20:15:00,0.001274662169036489,0.00011988342443711901
2026-04-21 20:20:00,0.0014686884700108038,-0.00024258139199125007
2026-04-21 20:25:00,0.0012872082022497011,0.0005653401166224427
2026-04-21 20:30:00,-7.656153637114471e-05,-0.0017361307707644568
2026-04-21 20:35:00,0.001613069825454616,0.000979485045406803
2026-04-21 20:40:00,0.0015403429404994284,-0.0005629366916479689
2026-04-21 20:45:00,0.001714848947264258,9.815186129829613e-05
2026-04-21 20:50:00,0.00012528121933996772,9.894118768217141e-06
2026-04-21 20:55:00,-0.0002654071520513668,-0.0004908691573134968
2026-04-21 21:00:00,-0.0006456449983964774,-2.833264585796807e-05
2026-04-21 21:05:00,0.0010271386181859299,-0.0008945918485237989
2026-04-21 21:10:00,0.0010654487883989816,-0.0003521093004843882
2026-04-21 21:15:00,0.0007008452905470364,0.00046887221465807317
2026-04-21 21:20:00,-0.002831427959648636,-0.0010805399929261343
2026-04-21 21:25:00,-0.009086283591688726,0.0007756802415671062
2026-04-21 21:30:00,-0.005714508091553938,-0.0008907677273241566
2026-04-21 21:35:00,-0.004325250584196638,-0.00032713305825588456
2026-04-21 21:40:00,0.0015422116570711353,-0.0006442570428446684
2026-04-21 21:45:00,-0.0016090967636905873,-0.0013256465231621965
2026-04-21 21:50:00,3.4180730617450195e-05,-0.00241359762632891
2026-04-21 21:55:00,0.004171924941735128,0.0007521451915384846
2026-04-21 22:00:00,0.005866144996076628,-0.00043780963598965216
2026-04-21 22:05:00,0.006097482470279303,0.0010207820740416606
2026-04-21 22:10:00,0.0015546827038672717,0.0017254475304985654
2026-04-21 22:15:00,0.0015041654188365783,-1.0817942565340328e-05
2026-04-21 22:20:00,0.00032268542484992224,0.00033785781290185217
2026-04-21 22:25:00,0.001267902386345554,-0.0008902532533964533
2026-04-21 22:30:00,0.0007342642832330881,-0.0006865299855146387
2026-04-21 22:35:00,0.0012939411428884995,-0.001004268656538224
2026-04-21 22:40:00,0.0018003331979343784,-0.0007151913254091109
2026-04-21 22:45:00,0.0025508758628074446,-0.003715453459187804
2026-04-21 22:50:00,0.0007586160495360872,-0.0017273191884231982
2026-04-21 22:55:00,0.0003431585447319918,-0.0012942871370707778
2026-04-22 00:00:00,-0.001128447255808851,-0.0010602396041546661
2026-04-22 00:05:00,-0.0005360572798558394,-0.002540650934378651
2026-04-22 00:10:00,-0.0005232579812961546,0.0017764730805188687
2026-04-22 00:15:00,-0.00060391401676263,-0.0006931775253733648
2026-04-22 00:20:00,7.841367029826074e-05,-0.00091929680667647
2026-04-22 00:25:00,-0.0004175316732997203,-0.00022772903420739893
2026-04-22 00:30:00,-0.000271350287324168,-0.00015623912632909006
2026-04-22 00:35:00,1.9072665796926458e-05,-0.0005534030803524586
2026-04-22 00:40:00,0.0004789810088716706,0.0009877990797137635
2026-04-22 00:45:00,0.0011717902925258983,0.0012867493952089764
2026-04-22 00:50:00,0.0013489977215304094,0.0004363844281185253
2026-04-22 00:55:00,0.001746547837333523,0.0007590510258756785
2026-04-22 01:00:00,0.0020140482394168657,0.0012533943929131958
2026-04-22 01:05:00,0.0015669559542050848,0.0024420163595416464
2026-04-22 01:10:00,0.0005117426004161985,0.000773765611542897
2026-04-22 01:15:00,0.00021132445567495495,0.0012846784237436613
2026-04-22 01:20:00,-0.00041000497229859434,0.0009280248586828933
2026-04-22 01:25:00,0.000302270305935437,7.140979691635867e-05
2026-04-22 01:30:00,0.001191034440049421,0.0005482906682309638
2026-04-22 01:35:00,0.0017825090782750408,5.798178640873709e-05
2026-04-22 01:40:00,0.0016007200321244142,0.0010939412830103178
2026-04-22 01:45:00,0.0010842121645886493,0.03508134652114539
2026-04-22 01:50:00,0.0012526124085958656,-0.0012555444353786753
2026-04-22 01:55:00,0.0008795158800722902,0.00020083192512643816
2026-04-22 02:00:00,-3.5840367010209206e-05,0.0008308591122360225
2026-04-22 02:05:00,-0.0007146825395665246,0.00140837679784802
2026-04-22 02:10:00,-0.00020030129598680446,-0.0007934163111058038
2026-04-22 02:15:00,0.00039417340556546776,-0.0003051873308481575
2026-04-22 02:20:00,0.0006893927608508932,1.3855155245079875e-05
2026-04-22 02:25:00,-8.645821806574361e-05,0.00027137871181527585
2026-04-22 02:30:00,-0.0002929803818947363,0.0002528957630236245
2026-04-22 02:35:00,-0.0010585291651619144,0.00025950008250435303
2026-04-22 02:40:00,-0.0006096371371331344,0.00021381233578547838
2026-04-22 02:45:00,-0.0007528683690125604,5.7890726727755125e-05
2026-04-22 02:50:00,-0.0001687934647183198,0.0010880278148223265
2026-04-22 02:55:00,-0.0001371668298997264,1.2420201265489592e-06
2026-04-22 03:00:00,0.0001139156392646612,0.0008186698025514907
2026-04-22 03:05:00,0.0014717637039396436,-0.00021310745037699742
2026-04-22 03:10:00,0.0017648495972153455,0.0005766461795786517
2026-04-22 03:15:00,0.0016039881822482727,0.0007089703495009164
2026-04-22 03:20:00,0.0011076646888330544,0.0005110108957657515
2026-04-22 03:25:00,0.0006128567423360209,0.000596646037912705
2026-04-22 03:30:00,0.0010188080407207423,0.00026320437998697554
2026-04-22 03:35:00,0.000580717665508601,0.00017598551292542515
2026-04-22 03:40:00,0.0007071615127411945,0.00044109208541934377
2026-04-22 03:45:00,-8.415967620223341e-05,0.0013442099079863184
2026-04-22 03:50:00,-9.255558600607117e-05,0.00024152971282312104
2026-04-22 03:55:00,0.0005931248175770065,-0.0005207097549067763
2026-04-22 04:00:00,0.0010683020272779231,0.00025994515620511637
2026-04-22 04:05:00,0.00040381606727102337,-0.00029436100771011676
2026-04-22 04:10:00,-2.1026580743210843e-06,-0.0002305239428060347
2026-04-22 04:15:00,-0.0002186146148375201,0.0006058785705375378
2026-04-22 04:20:00,-0.0004416821853041597,7.309487711753744e-05
2026-04-22 04:25:00,-0.0009192849578596451,0.0009635873104067168
2026-04-22 04:30:00,-0.0010495950347433336,5.6977178038093674e-05
2026-04-22 04:35:00,0.000405934216889392,-0.0004515764678657956
2026-04-22 04:40:00,0.0008898472805736191,0.00015537357286974404
2026-04-22 04:45:00,0.0015645243169082335,-0.00010045301008416067
2026-04-22 04:50:00,0.0008702049944826484,0.0005725669223756752
2026-04-22 04:55:00,0.0004099467862399564,0.0004286545086434739
2026-04-22 05:00:00,-0.00015760325409708287,0.0010333487843235288
2026-04-22 05:05:00,6.092801776702572e-05,0.0022463554535889162
2026-04-22 05:10:00,0.0011490571959118512,0.00023738880036458808
2026-04-22 05:15:00,0.0005924593960457969,0.000840159598943536
2026-04-22 05:20:00,-0.0003214896977628001,0.0004398376788902569
2026-04-22 05:25:00,-0.0007812992647444617,0.0005235069372547061
2026-04-22 05:30:00,-0.00047267865769562434,0.0006989155940928465
2026-04-22 05:35:00,0.0,0.00042493653455363616
2026-04-22 05:40:00,-0.0002353494950853019,0.0020650984887294454
2026-04-22 05:45:00,2.521516944575808e-05,-0.0006449833962981912
2026-04-22 05:50:00,1.8914020017746225e-05,-0.0002170946316404631
2026-04-22 05:55:00,-0.0001744465268025408,0.0013720232373647299
2026-04-22 06:00:00,-0.0005464710716509558,0.0006110388190385325
2026-04-22 06:05:00,-0.00047085532579060896,0.0006581610630548005
2026-04-22 06:10:00,-0.0003132394131242222,0.00056661884238559
2026-04-22 06:15:00,-0.0002943773939421135,0.0006685943986759103
2026-04-22 06:20:00,-0.0004879054233271063,0.0007786781535567243
2026-04-22 06:25:00,9.461284954603855e-05,0.00014813040159664635
2026-04-22 06:30:00,0.0005739556740032015,0.0003842200414470271
2026-04-22 06:35:00,0.00020192077202452197,0.0005490964226088844
2026-04-22 06:40:00,-0.0003616796272911671,-0.00020606359037290517
2026-04-22 06:45:00,-0.0009715026670846783,7.983897620618963e-05
2026-04-22 06:50:00,0.00018505823078207584,0.00014831155723911166
2026-04-22 06:55:00,0.00042685216108573343,8.714540666589042e-05
2026-04-22 07:00:00,0.0034045249384302423,0.0006094833306984067
2026-04-22 07:05:00,0.0027570931725513503,-0.0007344482759155008
2026-04-22 07:10:00,0.0019783812714333493,0.0017486221319339198
2026-04-22 07:15:00,-0.0007760767405002866,0.001477298791347042
2026-04-22 07:20:00,-0.0005516500874573893,-0.0005157154452969195
2026-04-22 07:25:00,0.00026432771755757756,0.0010581150156832287
2026-04-22 07:30:00,0.0007299484745590945,0.00019324307164482474
2026-04-22 07:35:00,0.0003985609903516263,8.184502739802882e-05
2026-04-22 07:40:00,8.809371498941232e-05,5.914661900960106e-06
2026-04-22 07:45:00,-0.0021389125312918367,0.0009668722319272874
2026-04-22 07:50:00,-0.0015447843522675697,0.00022097693706885877
2026-04-22 07:55:00,-0.0010639359284514427,0.00011271071183001141
2026-04-22 08:00:00,0.00099760897174761,-0.000526507617082421
2026-04-22 08:05:00,0.0005795738194880329,-0.00022999914948405365
2026-04-22 08:10:00,0.0008919362216861515,0.00021034383917873994
2026-04-22 08:15:00,0.0004386328576941878,0.00026582072888808867
2026-04-22 08:20:00,0.0002749700646287323,0.0005982505172363924
2026-04-22 08:25:00,-0.000707187636692197,0.0011584480005756691
2026-04-22 08:30:00,4.406252262789678e-05,0.0002283564477330403
2026-04-22 08:35:00,0.00039448146134013484,-0.0008150095905952203
2026-04-22 08:40:00,0.000830946508420638,0.00011506398513475838
2026-04-22 08:45:00,0.0006271558687860335,-0.0013755500803013872
2026-04-22 08:50:00,0.0006291695798523733,-0.0005645266310420373
2026-04-22 08:55:00,-0.0004384690577179384,0.000253720106115388
2026-04-22 09:00:00,-0.0010783640124572003,0.0005440267936439592
2026-04-22 09:05:00,-0.0007676400271243722,-0.000980959334670507
2026-04-22 09:10:00,0.0001426808902351695,-0.0006947669191271365
2026-04-22 09:15:00,0.00013013672770689766,0.0005643435765340275
2026-04-22 09:20:00,-0.0003084803798412139,0.001967241154301729
2026-04-22 09:25:00,-0.0004952739217802815,0.003740997675045336
2026-04-22 09:30:00,-0.0006802564241077391,0.0011596261737670053
2026-04-22 09:35:00,-0.0008713938758031503,0.0007170477575654735
2026-04-22 09:40:00,-0.0004976195203134637,0.0007286484429992477
2026-04-22 09:45:00,-0.00035290781699970353,-0.0007018194860116962
2026-04-22 09:50:00,-8.823158696458222e-05,0.00032929615340036953
2026-04-22 09:55:00,-0.0007290291524846282,0.001199678383278323
2026-04-22 10:00:00,-0.00014077774474152704,0.0004195347568351605
2026-04-22 10:05:00,-0.001124584048742605,0.00025587781077236266
2026-04-22 10:10:00,-0.0008031774297396765,-0.0011935800243419831
2026-04-22 10:15:00,-0.0012573725097730915,1.2171723343634016e-05
2026-04-22 10:20:00,-0.0003197388265885337,-7.634068606672995e-05
2026-04-22 10:25:00,0.0004142846236643294,0.0007346451660376614
2026-04-22 10:30:00,0.0005468779715034344,0.0007632671727263885
2026-04-22 10:35:00,0.0008958520130182279,0.002560595855531352
2026-04-22 10:40:00,0.00021023110783069399,-0.00024822107682872656
2026-04-22 10:45:00,0.0009290067232949895,2.9182665238630884e-05
2026-04-22 10:50:00,0.0007606336739094388,-0.0010936766939505075
2026-04-22 10:55:00,0.0007459636883009324,-0.00017130964323684784
2026-04-22 11:00:00,8.1929761030608e-05,0.00022914616717847853
2026-04-22 11:05:00,-1.0502050525218465e-05,-0.001382435086177869
2026-04-22 11:10:00,-0.0008720970492710478,0.000583907216487404
2026-04-22 11:15:00,-0.000895289074225758,-0.0009191054112919195
2026-04-22 11:20:00,-0.0004537939139250824,-4.343495927061001e-05
2026-04-22 11:25:00,0.00040567227071797163,-0.0011444459957868159
2026-04-22 11:30:00,0.00039520291450934053,0.00040367651109079247
2026-04-22 11:35:00,-0.0008472127105125793,-0.000522435321109308
2026-04-22 11:40:00,-0.0006264439421936885,-0.0008260049390515284
2026-04-22 11:45:00,-0.0018154380285224647,-0.00031564093326596387
2026-04-22 11:50:00,-0.001279536847608398,0.0005054081947653323
2026-04-22 11:55:00,-0.0014541049454415145,-0.00035782597609049433
2026-04-22 12:00:00,0.0009659792970904135,-0.0010772666383057794
2026-04-22 12:05:00,0.00038319097485661757,0.0007871152890645725
2026-04-22 12:10:00,0.0012984841970951067,0.00120678230074227
2026-04-22 12:15:00,0.0009335243110406566,0.00041308636639227655
2026-04-22 12:20:00,0.0014304047538722386,-0.0006403686038281399
2026-04-22 12:25:00,0.0003805971215200543,0.0002473782807837156
2026-04-22 12:30:00,-0.00026903473442807524,0.00044610194061258344
2026-04-22 12:35:00,4.203976962813272e-05,-0.0002210196934666214
2026-04-22 12:40:00,0.000584281581486934,-0.0009973245231104982
2026-04-22 12:45:00,0.00018496915481946985,-0.00010778456246918677
2026-04-22 12:50:00,-0.00015555597629202111,8.124241857995177e-05
2026-04-22 12:55:00,-0.00042872004607552583,-0.00040634789190208544
2026-04-22 13:00:00,0.0004433662708720476,-0.0010021395106437198
2026-04-22 13:05:00,0.00012192430197721649,-0.0013780429219354651
2026-04-22 13:10:00,6.516047872118236e-05,-0.0009836059295440212
2026-04-22 13:15:00,-0.0005736818870705207,-0.000352182965652284
2026-04-22 13:20:00,-0.00047096224342091375,-0.00042737864470775145
2026-04-22 13:25:00,-0.001851369279386006,-0.0009761304189675838
2026-04-22 13:30:00,-0.0011357256298420992,-0.00020056067094863282
2026-04-22 13:35:00,-0.0008689185456987047,-0.0010244944322855784
2026-04-22 13:40:00,0.0004905258092815501,0.0003605960238897952
2026-04-22 13:45:00,0.0010159043525934663,-0.0008088679357378149
2026-04-22 13:50:00,0.000349341305797779,-0.00026451334934460887
2026-04-22 13:55:00,0.00024201635517329123,-8.990024489104686e-05
2026-04-22 14:00:00,-0.0019338397362940185,-0.00024576920238079144
2026-04-22 14:05:00,-0.00010100181180661139,-0.0006428590978309592
2026-04-22 14:10:00,2.1042331912468626e-06,-0.0005163482253450149
2026-04-22 14:15:00,0.0011346641064697849,-0.0003582915248344081
2026-04-22 14:20:00,-0.00034095644927489843,0.0012623321260674194
2026-04-22 14:25:00,-0.0011495706167448105,-0.0008848572237210831
2026-04-22 14:30:00,-0.0018468548182539735,-0.001078526465373254
2026-04-22 14:35:00,-0.0008823960466699532,-0.0016145788105800516
2026-04-22 14:40:00,-0.00045935547756670303,0.0005749456663641199
2026-04-22 14:45:00,-0.0005671653586603043,0.0005308423476263593
2026-04-22 14:50:00,-0.0005015647661057443,-0.00048159699795216355
2026-04-22 14:55:00,-0.00044902369723409663,-0.0005941571944840349
2026-04-22 15:00:00,0.0004723087975193607,0.0006549421594017376
2026-04-22 15:05:00,0.0007712098894803177,-0.0004127296778365997
2026-04-22 15:10:00,0.0016580659629905625,0.0023487612152385566
2026-04-22 15:15:00,0.00015387388063459184,-4.051947756781248e-05
2026-04-22 15:20:00,0.0002653609240024224,0.00111115520785823
2026-04-22 15:25:00,0.0010772167614714334,-0.01288015101596647
2026-04-22 15:30:00,0.002597524341419799,0.001653053878141503
2026-04-22 15:35:00,0.0013068224928698413,0.0005893834394892431
2026-04-22 15:40:00,-0.000447998055651766,-0.0010678500552732321
2026-04-22 15:45:00,-0.0024668555276647908,0.000769167360945099
2026-04-22 15:50:00,-0.0017891577631399258,-4.452077861519612e-05
2026-04-22 15:55:00,-0.0016507004485131205,0.000157262191804976
2026-04-22 16:00:00,0.00038979742616263025,0.0010589000067334844
2026-04-22 16:05:00,-0.0002528450347334399,-0.000511285769698406
2026-04-22 16:10:00,-0.0003266730695532516,0.001727236814654022
2026-04-22 16:15:00,-0.002256608917317493,-0.0002598908401005532
2026-04-22 16:20:00,-0.0016724933640208661,0.0009133425755019889
2026-04-22 16:25:00,-0.0022728025914897643,-0.002953718379858046
2026-04-22 16:30:00,0.0002828824473404268,0.0009547874803582073
2026-04-22 16:35:00,8.44330741145427e-06,0.0003712350004189083
2026-04-22 16:40:00,0.0006800609360126941,-4.370758388338417e-05
2026-04-22 16:45:00,-0.0003504483029619365,-0.00013508429031618575
2026-04-22 16:50:00,-0.00023221693387931452,0.0004852691290767937
2026-04-22 16:55:00,0.00026809566742791446,0.00027444968211370966
2026-04-22 17:00:00,-0.0004857639578403905,0.00014851353997411172
2026-04-22 17:05:00,-0.0004645957045106286,-0.00016134091694034727
2026-04-22 17:10:00,-0.0005552699588573518,-4.6717687560433874e-05
2026-04-22 17:15:00,-9.506838064510248e-05,-0.001070889803911825
2026-04-22 17:20:00,-0.001280867275646358,0.0006845420419439464
2026-04-22 17:25:00,-0.0016951628519539241,-0.0003709388765407544
2026-04-22 17:30:00,-0.001020970137060928,-0.0009454818274742087
2026-04-22 17:35:00,-0.00012902311540941014,0.00011806475973722081
2026-04-22 17:40:00,0.0002961208194580678,-0.0012640443046829544
2026-04-22 17:45:00,0.00048207852893078496,-0.0003788270276407204
2026-04-22 17:50:00,0.001312720362440345,-0.0005270357795904876
2026-04-22 17:55:00,0.00037848393322370555,-0.0003747531635996766
2026-04-22 18:00:00,-0.0011167466611254895,-0.0004142553389784591
2026-04-22 18:05:00,-0.001839561223199837,-0.0011641944230888176
2026-04-22 18:10:00,-0.0006492195319545147,-0.000143841147939553
2026-04-22 18:15:00,0.0007065717813343753,0.00025662536877200286
2026-04-22 18:20:00,0.0012795934119989028,-0.00013520963040525
2026-04-22 18:25:00,0.00021786331172712892,-0.000375286046363272
2026-04-22 18:30:00,0.0002791063540197314,-0.00045916603353281195
2026-04-22 18:35:00,-0.0001902491000613793,2.0876555498190816e-05
2026-04-22 18:40:00,0.00013323280972876717,-0.00040811951699472044
2026-04-22 18:45:00,0.001229677206261215,0.00022021912096632443
2026-04-22 18:50:00,0.0013795422235176602,9.8460699340723e-06
2026-04-22 18:55:00,0.0014031530978027007,-5.017954400445392e-05
2026-04-22 19:00:00,-0.0004329612398379368,-4.272555690399099e-05
2026-04-22 19:05:00,-0.00018791138661100604,-0.0004259432888622502
2026-04-22 19:10:00,-5.4905720556774895e-05,-0.000316590560354399
2026-04-22 19:15:00,0.000669426757088587,-0.00013785633481273223
2026-04-22 19:20:00,-3.167393583680678e-05,-0.00015628781643441017
2026-04-22 19:25:00,0.0003019441637395204,0.0002734198807678095
2026-04-22 19:30:00,-2.955513193469983e-05,-0.0010613727634122415
2026-04-22 19:35:00,0.0002786962102678814,-0.00045726044483222414
2026-04-22 19:40:00,0.00011610809888118467,-0.00018882641371400198
2026-04-22 19:45:00,6.333316093787289e-06,-8.201802915335844e-05
2026-04-22 19:50:00,5.066369440775986e-05,-0.0006464988648326141
2026-04-22 19:55:00,-0.00036736995200215006,-0.00046252570317090766
2026-04-22 20:00:00,-0.0008300061406973924,-0.0003007742968159904
2026-04-22 20:05:00,-0.0009820662828641247,-0.0005455943648122963
2026-04-22 20:10:00,-0.0010183622995878494,0.00019134884229911266
2026-04-22 20:15:00,7.6059766110248e-05,-0.00015131192766280465
2026-04-22 20:20:00,0.0011741428101199602,-0.00015108806084735966
2026-04-22 20:25:00,0.0018605795970945138,0.00022708650109340282
2026-04-22 20:30:00,0.002913378169933978,-4.3137182316752573e-05
2026-04-22 20:35:00,0.0007932439662123869,-0.0001637565615314472
2026-04-22 20:40:00,0.0005146908488100621,-0.0005128577168281532
2026-04-22 20:45:00,-0.001102330285856823,-0.000589137188395568
2026-04-22 20:50:00,-0.00035435039296594084,-4.061968402835342e-05
2026-04-22 20:55:00,-0.0006792790621332756,0.00021875964831255762
2026-04-22 21:00:00,-0.0001497408536970113,0.0001610477863609921
2026-04-22 21:05:00,0.00035435039296594084,0.0004228422897079314
2026-04-22 21:10:00,0.0012801196245071367,-2.8176231105364645e-05
2026-04-22 21:15:00,0.00011178050538518391,-0.00036078905144141567
2026-04-22 21:20:00,-0.0003775562872654348,-0.0004941147454444511
2026-04-22 21:25:00,-0.0011429608989406148,-0.0010156722804150744
2026-04-22 21:30:00,-0.0005484769355295072,-0.0005811323469352101
2026-04-22 21:35:00,0.00011813349098233061,-8.550094945707965e-05
2026-04-22 21:40:00,0.00022152436278410903,0.00018556666820800164
2026-04-22 21:45:00,6.963105041357665e-05,0.0006472566314055044
2026-04-22 21:50:00,-0.0005971390255847808,0.0002086537321375402
2026-04-22 21:55:00,-0.0009075061932257711,0.00019007607904938554
2026-04-22 22:00:00,-0.0005550730760077727,-9.718638925986515e-05
2026-04-22 22:05:00,-0.00044333728137146977,0.00021548574261595675
2026-04-22 22:10:00,0.00019001131680163041,0.0004959852622398145
2026-04-22 22:15:00,0.00044534922129813026,0.0005965014427926073
2026-04-22 22:20:00,0.0004412266171343049,0.0005772151297978766
2026-04-22 22:25:00,0.00013087568517278214,0.00023801436652672636
2026-04-22 22:30:00,-6.330589725322966e-06,0.000370064990689313
2026-04-22 22:35:00,0.00017728026790386764,-0.0011318178414341622
2026-04-22 22:40:00,0.00047902777272312846,0.0005979495407446086
2026-04-22 22:45:00,0.0006412961151340824,0.00041456411782012965
2026-04-22 22:50:00,3.1653883777238434e-05,0.00023165353123711705
2026-04-22 22:55:00,-0.0007154608432102805,0.0002545552271487761
2026-04-23 00:00:00,-0.0011584296030306973,0.00014000843521735966
2026-04-23 00:05:00,-0.0007388518157238622,-0.0002616967964021535
2026-04-23 00:10:00,-0.0007011838043506913,-4.8308275434735965e-05
2026-04-23 00:15:00,-0.00044769469659478034,-2.7322036453012396e-05
2026-04-23 00:20:00,-0.0009148213303316055,-0.0006728605993787699
2026-04-23 00:25:00,-0.000657278110413273,-4.383425265246961e-05
2026-04-23 00:30:00,-0.0008685077744861047,-0.0006687120406105305
2026-04-23 00:35:00,-4.227444994953089e-06,0.0004123937591153222
2026-04-23 00:40:00,-0.0007909970570256775,-0.000317900165883035
2026-04-23 00:45:00,-0.0011718842233534588,0.0001626560630745752
2026-04-23 00:50:00,-0.0009770189857842837,-8.397922261168813e-05
2026-04-23 00:55:00,-4.2316936937680794e-05,-0.0009262829098972626
2026-04-23 01:00:00,0.0009435379987436932,-0.0011319404524631712
2026-04-23 01:05:00,0.00015444097159189596,0.0006389880294485227
2026-04-23 01:10:00,0.00045058338617387506,-0.0005581725288309799
2026-04-23 01:15:00,-0.0003299255159632253,-0.0005686091137199189
2026-04-23 01:20:00,-0.0003681589133925911,-0.0014215893462984723
2026-04-23 01:25:00,-0.0007849501557721794,-0.0002563773001491917
2026-04-23 01:30:00,0.0001163323171429198,0.0002602536407256325
2026-04-23 01:35:00,0.0005162305972810088,-0.0011726689487420799
2026-04-23 01:40:00,0.0007066943714146845,-0.0021392505895443652
2026-04-23 01:45:00,-0.001430769833028478,-0.017025383026509393
2026-04-23 01:50:00,-0.002560495453547418,-0.001757912631786485
2026-04-23 01:55:00,-0.006248462197703475,0.0007371413694330688
2026-04-23 02:00:00,0.0003345940642898171,0.0009171331962645614
2026-04-23 02:05:00,0.002539343698162,0.002756847311487713
2026-04-23 02:10:00,0.009144073391810892,0.007928680055635148
2026-04-23 02:15:00,0.00506240369505484,0.002103113960308974
2026-04-23 02:20:00,0.0037874834684821224,-0.003613991723071377
2026-04-23 02:25:00,0.0006008810994977409,-0.000594751771829138
2026-04-23 02:30:00,0.00015166643524366918,-0.0009230411625065061
2026-04-23 02:35:00,0.0005013883083524462,0.0009778720719871951
2026-04-23 02:40:00,0.0005794554755791381,0.0017572464806830286
2026-04-23 02:45:00,-0.0006215570942256221,0.0021496352939590646
2026-04-23 02:50:00,-0.0008744325964080701,0.00034189750562863935
2026-04-23 02:55:00,-0.0021382759394548145,-0.0009618973671027627
2026-04-23 03:00:00,-0.002160543507994106,-0.0009573739161967948
2026-04-23 03:05:00,-0.0021250001401948992,-0.001008275869642299
2026-04-23 03:10:00,-0.0017282984580848648,-0.0020266876040793617
2026-04-23 03:15:00,-0.0009868779851256448,-0.00048597230622098064
2026-04-23 03:20:00,-0.00025141579974352624,-0.0008250002151189813
2026-04-23 03:25:00,0.001124367397672188,0.0005687957932467064
2026-04-23 03:30:00,0.0009277350090766134,0.0010419186921068093
2026-04-23 03:35:00,-0.0015627299562890329,0.0006419169461322654
2026-04-23 03:40:00,-0.0023240996648805634,0.000997115202183852
2026-04-23 03:45:00,-0.002821801224270004,-0.0003389258872137274
2026-04-23 03:50:00,-0.0022161119921886296,-0.0006805655685336958
2026-04-23 03:55:00,-0.0034166387966401146,8.882385111334216e-05
2026-04-23 04:00:00,-0.002101422466735059,-0.00042462340909222456
2026-04-23 04:05:00,0.00022692159744153173,-0.0021378030971330314
2026-04-23 04:10:00,0.0015135837987543255,-0.0012666667031961728
2026-04-23 04:15:00,0.0003226039258308333,-0.0003921791457254615
2026-04-23 04:20:00,-0.0009016281893323708,0.00027195400503361104
2026-04-23 04:25:00,-0.002684839078151313,-0.0019281061326228612
2026-04-23 04:30:00,-0.0013059142776796762,-0.003120107081737715
2026-04-23 04:35:00,-0.001801446317397648,-0.0008829855245739308
2026-04-23 04:40:00,-0.0004978268048514423,0.00048111447576385956
2026-04-23 04:45:00,0.0005098280078215112,-0.0005980383339853491
2026-04-23 04:50:00,0.0001381974588738899,5.785162927376573e-06
2026-04-23 04:55:00,0.0005786470882345185,-8.970520891583584e-05
2026-04-23 05:00:00,-0.0017046932067685816,-0.0004533466742917033
2026-04-23 05:05:00,0.0001828165228729972,-0.001093558413431409
2026-04-23 05:10:00,0.0002785672306000464,-0.0012202252131357527
2026-04-23 05:15:00,0.0005720976039675918,-0.0014266505647308838
2026-04-23 05:20:00,-0.00040181518955684226,0.0012052942822504196
2026-04-23 05:25:00,0.00045914756661247225,0.0004121726427792935
2026-04-23 05:30:00,0.0007332523896224075,0.001010191593732908
2026-04-23 05:35:00,0.0006547271318542158,0.0005152140058351293
2026-04-23 05:40:00,-0.00029969743536639726,0.0029023499845019516
2026-04-23 05:45:00,-0.0008331863694923669,0.00047758906864629996
2026-04-23 05:50:00,-0.00029755010219290057,-4.581836431403661e-05
2026-04-23 05:55:00,0.0005015706065769621,-0.00015792755766622047
2026-04-23 06:00:00,0.0003996760126430132,-0.00012118185612273861
2026-04-23 06:05:00,-5.739484787170568e-05,0.003335475189283096
2026-04-23 06:10:00,-0.00016787062526724128,-0.000446668793091263
2026-04-23 06:15:00,0.0002869028853424993,-0.003191627397136567
2026-04-23 06:20:00,-0.00015306903443423892,-0.0005803089013733079
2026-04-23 06:25:00,-0.0008185072373976254,-0.0006582066067872029
2026-04-23 06:30:00,-0.0008056622117891266,-0.0010803626176138195
2026-04-23 06:35:00,-0.0001509660233622867,-0.0018035559967052783
2026-04-23 06:40:00,0.000565585619435538,-0.0006054499817810329
2026-04-23 06:45:00,0.001020254259321618,-0.0010636634660034015
2026-04-23 06:50:00,0.0015532226110952507,0.0011104513234230162
2026-04-23 06:55:00,0.0007288359028869706,-0.00018177657518592754
2026-04-23 07:00:00,-2.124468351993869e-05,-0.0004291227426375064
2026-04-23 07:05:00,-0.0007391265899574506,-0.0029057710400900477
2026-04-23 07:10:00,-0.00042278762138359127,-9.479672939746085e-05
2026-04-23 07:15:00,-0.00020822178669988034,-0.0007051862321637617
2026-04-23 07:20:00,-0.0007609363710017192,-0.0038160579721020437
2026-04-23 07:25:00,-0.0008609996418229571,-0.0010033466718744038
2026-04-23 07:30:00,0.0010449210782361718,-0.0007837152389252017
2026-04-23 07:35:00,0.0019437012692922195,-0.014821574959063975
2026-04-23 07:40:00,0.0024747045906359233,-0.0023074288869917247
2026-04-23 07:45:00,0.0007554008333361395,0.0010115717345688087
2026-04-23 07:50:00,0.00018461440575201493,0.001210310292174582
2026-04-23 07:55:00,-0.0003119214492492972,0.000343020563071948
2026-04-23 08:00:00,-0.0008148385945876413,-0.0003621890380889126
2026-04-23 08:05:00,-9.760796828217622e-05,4.5327745290970006e-05
2026-04-23 08:10:00,4.8810457331072143e-05,0.0003439684552725928
2026-04-23 08:15:00,0.0003395967745465356,-0.00017675608384508888
2026-04-23 08:20:00,0.00017399016787145172,0.0001956534136261708
2026-04-23 08:25:00,0.0006343192365800832,0.011937221351732618
2026-04-23 08:30:00,0.0008463674057743731,-0.0016241081938812342
2026-04-23 08:35:00,0.0002566863084680904,-0.0016038365364023635
2026-04-23 08:40:00,-0.0004730494488516257,-0.0010753352653752588
2026-04-23 08:45:00,-0.0006490297657375521,-0.00031606507199587544
2026-04-23 08:50:00,-0.0007638884839682447,-0.0006704153761709462
2026-04-23 08:55:00,5.51652730500507e-05,-0.0008139138187716503
2026-04-23 09:00:00,-9.335919106767676e-05,-0.0006021363129779389
2026-04-23 09:05:00,-0.0011830563097916524,0.00024113834023862613
2026-04-23 09:10:00,-0.0015670290176732493,-0.000511910593955089
2026-04-23 09:15:00,-0.0003607878797424746,0.0018101665739273355
2026-04-23 09:20:00,0.0008582269219772343,-0.0005629933462407078
2026-04-23 09:25:00,0.001683714760822852,0.00032160069827924574
2026-04-23 09:30:00,0.0019848429033153536,-0.0007604080711758601
2026-04-23 09:35:00,0.0014534809176964814,-0.0002441720905418379
2026-04-23 09:40:00,0.0012190818538364567,-8.160834178445875e-05
2026-04-23 09:45:00,0.00022241309829595934,-0.0003106219321032525
2026-04-23 09:50:00,0.000582920447866897,-0.0007674715080419642
2026-04-23 09:55:00,-0.0002013110654779382,-0.00048779467653436873
2026-04-23 10:00:00,2.329755746366402e-05,-0.0006682474773636219
2026-04-23 10:05:00,-0.00012291494936711445,-0.0007618366786270387
2026-04-23 10:10:00,-0.0005978148139327288,-0.0006327640431929785
2026-04-23 10:15:00,-0.002474689779807804,-0.00024146978522026328
2026-04-23 10:20:00,-0.0022362972518514823,0.0009092948369273001
2026-04-23 10:25:00,-0.002530889008832915,-0.0030059908111496544
2026-04-23 10:30:00,-0.0008007604465660734,-0.00014000130848304158
2026-04-23 10:35:00,-0.000611927505687504,-0.0003797857593709084
2026-04-23 10:40:00,-0.00018709829731378136,-2.150799655053874e-05
2026-04-23 10:45:00,-0.001924871090952962,-0.00010354054361054704
2026-04-23 10:50:00,-0.002008391664567455,0.013966626177408327
2026-04-23 10:55:00,-0.001340477070050028,0.0006928212361286833
2026-04-23 11:00:00,0.0006235959981211181,-8.515786922395452e-05
2026-04-23 11:05:00,0.0014173562511441418,0.00020738941831730754
2026-04-23 11:10:00,0.0009512855307978185,0.001858985627937765
2026-04-23 11:15:00,0.00035100072794236326,0.00012173924290103137
2026-04-23 11:20:00,-0.0004105286837461364,0.0007702612872931688
2026-04-23 11:25:00,-4.467101394389772e-05,0.0002308455244068692
2026-04-23 11:30:00,-0.0005914541433789111,0.0015989308176169955
2026-04-23 11:35:00,-0.0006193024639102873,-0.0017103750632147564
2026-04-23 11:40:00,-0.000781001487849764,0.0004836653108419292
2026-04-23 11:45:00,0.000446814222081926,0.0005552611686787697
2026-04-23 11:50:00,-0.0012440197068794845,-0.000451380432684143
2026-04-23 11:55:00,-0.0016171424851538774,-0.0011820690772356048
2026-04-23 12:00:00,-0.002611367957083388,-0.0011315952463609067
2026-04-23 12:05:00,-0.0008678954933358796,-3.9941442676735156e-05
2026-04-23 12:10:00,-0.0005310952096984067,-8.279021476533454e-05
2026-04-23 12:15:00,0.0008058636607888303,-2.6532813912298245e-05
2026-04-23 12:20:00,0.0014027579920892208,0.000291059028092105
2026-04-23 12:25:00,0.0007080642842804963,0.0001813871555947545
2026-04-23 12:30:00,-0.0004966592838293593,-6.883458047066533e-05
2026-04-23 12:35:00,-0.0005647038917508951,-0.00033760594529542813
2026-04-23 12:40:00,0.0014039814441186849,-0.00047168982984564973
2026-04-23 12:45:00,0.0018212981833780617,0.0014319417947766524
2026-04-23 12:50:00,0.0014292548050427456,0.0006843381153936732
2026-04-23 12:55:00,0.00016178921880616315,0.0012919842604351827
2026-04-23 13:00:00,0.0007403515305828279,-0.0009510799153584881
2026-04-23 13:05:00,0.0006808931026860421,-0.00031176999801874365
2026-04-23 13:10:00,0.0004107418630301396,-3.826190595328433e-06
2026-04-23 13:15:00,-0.0009446829312818039,-0.00041005630811724494
2026-04-23 13:20:00,0.00033602007929900424,0.0008637154516415452
2026-04-23 13:25:00,0.0012333394437238354,-0.0016441921243984508
2026-04-23 13:30:00,0.001814108644309087,-0.0003534687577357011
2026-04-23 13:35:00,0.002478379173437517,-0.0010863597830627618
2026-04-23 13:40:00,0.0031508585893256225,-0.0002616494802736924
2026-04-23 13:45:00,0.005188057091491061,0.00011280036646017056
2026-04-23 13:50:00,0.003144866457454043,-0.000744344409647487
2026-04-23 13:55:00,0.0016848668686790802,-0.000587654140998295
2026-04-23 14:00:00,0.00032758786780640037,0.00028581295187128723
2026-04-23 14:05:00,0.0007989347961583348,-0.00024967086687569646
2026-04-23 14:10:00,0.0010082915387261693,-0.0011730055715321714
2026-04-23 14:15:00,0.0013346033753816045,-0.00201426728115392
2026-04-23 14:20:00,0.0008574047771219284,-0.0006545024023378534
2026-04-23 14:25:00,0.0014989309730495393,-0.00015046921702843548
2026-04-23 14:30:00,-0.0006903081644988873,0.0002644539276606739
2026-04-23 14:35:00,0.00012664774003567913,0.0004531338536825909
2026-04-23 14:40:00,-1.687685381845938e-05,-0.0007777500984770065
2026-04-23 14:45:00,-0.00032948929457887743,-0.0006693517950280345
2026-04-23 14:50:00,-0.002216539156515651,0.0007784731991579954
2026-04-23 14:55:00,-0.0029176436603890465,0.00014521957789745966
2026-04-23 15:00:00,-0.001490393581160987,0.001474951658055501
2026-04-23 15:05:00,0.00042509409283475463,-0.0002193272636983063
2026-04-23 15:10:00,6.347164512199299e-05,-0.0011820908026583914
2026-04-23 15:15:00,-0.0002517892389271026,-0.00019717773921553052
2026-04-23 15:20:00,0.0003023201508831619,-0.0011540139649088728
2026-04-23 15:25:00,0.0009917499488594217,-0.007533815482048236
2026-04-23 15:30:00,0.002515044028619684,-0.0003076010601071712
2026-04-23 15:35:00,0.0010035547805973266,-0.0009397063640012608
2026-04-23 15:40:00,-0.0013641744578514192,0.00022707371337289705
2026-04-23 15:45:00,-0.002874852952800211,-0.0012513730997490045
2026-04-23 15:50:00,-0.0029416793002621233,0.0008549285418278294
2026-04-23 15:55:00,-0.00019261481013366222,-0.00032435019672469084
2026-04-23 16:00:00,-8.46765145467998e-06,-3.4355144551368236e-05
2026-04-23 16:05:00,0.0017795763973360579,-0.0009945089021289881
2026-04-23 16:10:00,0.0015356534726134186,-0.0006154459018471805
2026-04-23 16:15:00,0.0011572863247710785,-0.0005952519639703768
2026-04-23 16:20:00,-0.00036792848223754504,0.00012552231655486574
2026-04-23 16:25:00,1.4795103666642717e-05,-0.0007166104872870083
2026-04-23 16:30:00,0.00022622305901442985,-0.0021371278164088584
2026-04-23 16:35:00,0.001468790583142976,0.00254448388484307
2026-04-23 16:40:00,0.0005261406438226146,-0.0006086221880904927
2026-04-23 16:45:00,0.0006889250295198934,0.00031582554696736896
2026-04-23 16:50:00,-0.0012234898876695155,-0.0009940141725442392
2026-04-23 16:55:00,-0.0005980046264717487,-0.0014754979657602444
2026-04-23 17:00:00,0.0009902903795673268,-0.0003773608326418569
2026-04-23 17:05:00,0.0015739899873299379,-0.0004486326086873979
2026-04-23 17:10:00,0.0005071647696830439,0.0010222251762213664
2026-04-23 17:15:00,-0.0011233892056417005,1.6760071373791204e-05
2026-04-23 17:20:00,-0.0011638801397921839,-0.0009222881691639801
2026-04-23 17:25:00,-0.0010357350628087403,0.00029250821004868415
2026-04-23 17:30:00,-0.001791162037632077,-0.001841823458005592
2026-04-23 17:35:00,-0.0031265736383616627,-1.5931420749925142e-05
2026-04-23 17:40:00,-0.0016255175920054654,-0.0003581808661360375
2026-04-23 17:45:00,-0.0014106555532205078,-0.0013562362243574148
2026-04-23 17:50:00,0.0007841492065452371,0.0003077676907028292
2026-04-23 17:55:00,-0.00031567362152351564,0.0014588524772985757
2026-04-23 18:00:00,0.0010380631099966564,-0.00020214473724869592
2026-04-23 18:05:00,0.0005760637217981923,-0.0015628368341829796
2026-04-23 18:10:00,0.000802759502274597,0.0014995537322030402
2026-04-23 18:15:00,0.0012548287683973314,-0.0003677810137336406
2026-04-23 18:20:00,0.0010707658691213595,0.0010042016323016777
2026-04-23 18:25:00,0.00238118511916241,-0.0007482485334926508
2026-04-23 18:30:00,0.0012617044826370716,-0.0010208570753362874
2026-04-23 18:35:00,0.0011414512888485717,0.005247935166700964
2026-04-23 18:40:00,-0.00019222989910083754,0.001128927912126649
2026-04-23 18:45:00,-0.0019323023870274625,-0.0015756118699222312
2026-04-23 18:50:00,-0.005070379703473904,0.0013211270000022786
2026-04-23 18:55:00,-0.0036806104920987792,-4.845177235289044e-05
2026-04-23 19:00:00,-0.0037122786196093216,-0.0012133554587560498
2026-04-23 19:05:00,-0.00017200465092059858,-0.0013920295946842683
2026-04-23 19:10:00,-0.001925063233324309,-0.001108593165081807
2026-04-23 19:15:00,0.0008577404162792845,0.002737497034443618
2026-04-23 19:20:00,-0.0022089589779756835,-0.0002318706875992165
2026-04-23 19:25:00,-0.0063767788397193215,-0.000930824500377232
2026-04-23 19:30:00,-0.006115771328371267,0.0008408240292857726
2026-04-23 19:35:00,-0.0005109448759075264,0.00046072190508045165
2026-04-23 19:40:00,0.0071073383448503336,0.002254075142168079
2026-04-23 19:45:00,0.0065252739157628525,-0.004812716204657854
2026-04-23 19:50:00,0.003127570541058944,-0.0005437264330207642
2026-04-23 19:55:00,0.0007597252621778239,-0.0034903572156818625
2026-04-23 20:00:00,3.8183403376024216e-05,-0.001167825594792246
2026-04-23 20:05:00,0.0004923756161314685,0.0011636441342553986
2026-04-23 20:10:00,0.0005959166105178326,0.00140311650516871
2026-04-23 20:15:00,0.0008990098775676358,7.768743133016316e-05
2026-04-23 20:20:00,0.0002524606975597976,-0.0007260959754090421
2026-04-23 20:25:00,-0.0011773304810969165,0.000411073558540968
2026-04-23 20:30:00,-0.0025167175442213363,0.00024935852046373784
2026-04-23 20:35:00,-0.0011631215414755758,-0.0007140462929629187
2026-04-23 20:40:00,-0.002137583815260413,-0.0013487909131881224
2026-04-23 20:45:00,-0.002190832988356206,-0.0009636713098800825
2026-04-23 20:50:00,-0.002639014910606363,-0.0002050244176533449
2026-04-23 20:55:00,-0.0009640442078815425,-0.0010025807478995998
2026-04-23 21:00:00,0.0006428582293320773,-0.0013125025228303835
2026-04-23 21:05:00,0.0012129828945770527,0.0014862046504230788
2026-04-23 21:10:00,0.000721524555155284,-0.000883754138089586
2026-04-23 21:15:00,-0.001143381659485243,-0.00044374212814601686
2026-04-23 21:20:00,-0.0018967319533693683,-0.0014690633527630827
2026-04-23 21:25:00,-0.0016587936348848586,-0.0006666190461905197
2026-04-23 21:30:00,0.0004238637479971885,-0.0003276296105358459
2026-04-23 21:35:00,0.0013223445111307797,0.0005112705359358906
2026-04-23 21:40:00,0.0007711808822570276,-0.0046243496128306
2026-04-23 21:45:00,0.00033214952143723053,-0.0011990885274960673
2026-04-23 21:50:00,-0.0005300054508161622,-0.0002705467174736691
2026-04-23 21:55:00,-0.0011079601671202255,-8.778651411045003e-05
2026-04-23 22:00:00,-0.0013058127556462296,-0.003124534535787998
2026-04-23 22:05:00,-0.0009138013384362154,-0.003290250332901577
2026-04-23 22:10:00,-0.0002537251232404003,-0.0009018895225567839
2026-04-23 22:15:00,-0.00034111284130311503,-0.0004734370300954647
2026-04-23 22:20:00,-0.0005222427566913268,-0.00036593905035159314
2026-04-23 22:25:00,0.00040081357162691233,0.00017182033923690464
2026-04-23 22:30:00,0.0002963484140927619,-0.0008175932622313134
2026-04-23 22:35:00,0.00023877338813349525,0.0006318812247353236
2026-04-23 22:40:00,0.0005838769165844582,-0.0020679407521980086
2026-04-23 22:45:00,0.0008970378113790645,-0.0006594846674573656
2026-04-23 22:50:00,0.0013335238314464704,0.0012617948000796279
2026-04-23 22:55:00,0.000685726481643556,0.0009292279102707207
2026-04-24 00:00:00,-0.00025773607755397165,0.0013691082025453533
2026-04-24 00:05:00,-0.0006644094028356307,-0.0003282276954134172
2026-04-24 00:10:00,-0.0009413970429985596,-0.0016708859892080518
2026-04-24 00:15:00,-5.752042242868072e-05,0.0020255074020652875
2026-04-24 00:20:00,-0.0004666281090663915,0.0007839546008107992
2026-04-24 00:25:00,0.0001470185597600704,-0.0005151439035194609
2026-04-24 00:30:00,-0.0002812585914284682,0.00016531848239277912
2026-04-24 00:35:00,-0.00019609138774079327,0.0010286344409507668
2026-04-24 00:40:00,5.965354077552831e-05,0.0001582726362183605
2026-04-24 00:45:00,0.00031534516707232285,-0.0006780966475208789
2026-04-24 00:50:00,-0.00016841351312990582,0.0013091719279557806
2026-04-24 00:55:00,-0.0008695893656689435,0.0008074921687665893
2026-04-24 01:00:00,-0.0011489317159298906,-0.0005184305529767629
2026-04-24 01:05:00,-0.00028786090759780336,-0.0006335130111745499
2026-04-24 01:10:00,0.0010826086809352375,-0.0003810611288951694
2026-04-24 01:15:00,0.0022688814139684155,0.0014203218529714294
2026-04-24 01:20:00,0.0017323105742530487,0.0011324452939773162
2026-04-24 01:25:00,0.0005408651418647992,-0.0001738321039556843
2026-04-24 01:30:00,-0.0005151062467287915,0.0008680233995685674
2026-04-24 01:35:00,0.00011069765076676674,-0.0018189408651662611
2026-04-24 01:40:00,-9.580124442543081e-05,0.0003132708302860074
2026-04-24 01:45:00,-0.0010246153529998026,0.00798759077372696
2026-04-24 01:50:00,-0.00024482853077145705,-0.0005158055622760274
2026-04-24 01:55:00,0.00030653168159844313,6.399636206421696e-05
2026-04-24 02:00:00,0.0010459059915071123,-0.00046885462356399676
2026-04-24 02:05:00,0.0008683382722978195,-0.0004701667898089621
2026-04-24 02:10:00,0.0015206249613726186,0.002577934360371697
2026-04-24 02:15:00,0.0015529935470297573,0.001581969385813458
2026-04-24 02:20:00,0.0007761837457032073,-0.0006426311701820712
2026-04-24 02:25:00,-0.0007844813418333985,-0.0006086894461367227
2026-04-24 02:30:00,-0.0009761897688314036,-0.0004772362778826056
2026-04-24 02:35:00,-4.038922458704519e-05,-0.0009215980790349684
2026-04-24 02:40:00,0.0008184828761557128,-0.0003199256413058946
2026-04-24 02:45:00,-0.0003766939299971739,-0.0002306378068007123
2026-04-24 02:50:00,-0.00013393383900961453,0.00026441909827483673
2026-04-24 02:55:00,0.0007498648789017182,-0.0016315297578162946
2026-04-24 03:00:00,0.0015973136203939475,-0.0018232378509709473
2026-04-24 03:05:00,0.00013393383900961453,-0.00034413302403650406
2026-04-24 03:10:00,-0.0022746946943712487,-0.000289212974029018
2026-04-24 03:15:00,-0.0024959929205348175,-0.0004908646658378198
2026-04-24 03:20:00,-0.001710598679714792,-0.0003679259634382996
2026-04-24 03:25:00,-0.0017467327765583462,-0.0012607331900328215
2026-04-24 03:30:00,0.0007262466043442828,0.0007509669904107561
2026-04-24 03:35:00,-8.518087098430271e-05,0.00047122605511837893
2026-04-24 03:40:00,0.0019786908549015436,-0.0005317800591712165
2026-04-24 03:45:00,2.55474607975259e-05,0.0008413737605995363
2026-04-24 03:50:00,-0.00036849084248480324,-0.0006549925932385016
2026-04-24 03:55:00,-0.001315851298542725,0.00011762392531731666
2026-04-24 04:00:00,-0.001124706161299116,-0.000733507533724295
2026-04-24 04:05:00,-0.001870106044991715,0.0004930993152882533
2026-04-24 04:10:00,-0.0018702934902190549,0.0022284105448549998
2026-04-24 04:15:00,-0.0005926835733642832,-0.00019754681391206328
2026-04-24 04:20:00,-0.00037358717771063255,-0.004281930951290975
2026-04-24 04:25:00,-0.00027540122823666024,0.00038915939726258007
2026-04-24 04:30:00,-0.002774074979070562,0.0004096925326256567
2026-04-24 04:35:00,-0.0010531994842324366,-0.0013004340028808675
2026-04-24 04:40:00,-0.0013631781677805321,0.0004034894037683893
2026-04-24 04:45:00,-0.0006610184416686593,0.0012151935658840497
2026-04-24 04:50:00,-0.0017285386389946922,-0.00032615164337597413
2026-04-24 04:55:00,-0.001375744118941924,-0.0014225364524012658
2026-04-24 05:00:00,0.00016903982211857738,-0.0007720590318180839
2026-04-24 05:05:00,0.0009437930262805594,0.00019819924110759302
2026-04-24 05:10:00,0.0009458936724762168,0.0010187979436072424
2026-04-24 05:15:00,0.0006117280867012909,0.00010228833469995018
2026-04-24 05:20:00,0.0004619411877033741,-4.724639345115702e-05
2026-04-24 05:25:00,7.486286730440384e-05,0.0032696415038098946
2026-04-24 05:30:00,-0.0003079561785597207,0.0007303479066284924
2026-04-24 05:35:00,-0.0008363556346342449,1.4690958535089067e-05
2026-04-24 05:40:00,-0.0007767073776481226,-0.002185695741635637
2026-04-24 05:45:00,-0.000924437966931535,-0.0006757290411152323
2026-04-24 05:50:00,0.000250338332492106,-0.0005826150747752592
2026-04-24 05:55:00,-0.0003040001736085429,-0.0005149335550723823
2026-04-24 06:00:00,-0.00044112105419458203,0.004985093901230243
2026-04-24 06:05:00,-0.002684237563098435,-0.0024765319282839407
2026-04-24 06:10:00,-0.0022636374471431964,0.0007212688296906408
2026-04-24 06:15:00,-0.0014660904957430887,-0.0010010430173217138
2026-04-24 06:20:00,0.0009519828332891223,-0.0021694131996920895
2026-04-24 06:25:00,0.0018310271943864365,0.002538944315386967
2026-04-24 06:30:00,0.0030070250776645935,0.0018307755674216513
2026-04-24 06:35:00,0.0017386728374315652,-0.0028853112611608098
2026-04-24 06:40:00,0.0013828388927485946,0.00023110170803083383
2026-04-24 06:45:00,-0.0005155207140639106,-0.11853963926007388
2026-04-24 06:50:00,-0.0007554802099285496,-0.0010185224155778913
2026-04-24 06:55:00,-0.00022035550063392861,0.0007704708483347051
2026-04-24 07:00:00,0.00021180208351090357,-0.0012282058182133092
2026-04-24 07:05:00,0.0012153373628756015,-0.000524942515916182
2026-04-24 07:10:00,0.0007763767977433389,0.00019577226563925884
2026-04-24 07:15:00,0.0021518458718468025,-0.0006100515400317176
2026-04-24 07:20:00,0.0017348578221518807,-0.0013417328458990773
2026-04-24 07:25:00,0.0011303359625713938,-0.0014215286764262282
2026-04-24 07:30:00,-0.0008777016314027719,-0.0009980859593403796
2026-04-24 07:35:00,4.269335285300713e-06,-0.0011477367803705983
2026-04-24 07:40:00,0.0009498612742824264,0.000427431090073862
2026-04-24 07:45:00,0.0006065719262018376,-0.00034449418172830513
2026-04-24 07:50:00,-0.0002946269041288474,-0.0005405199676267057
2026-04-24 07:55:00,-0.0011121750142830678,-8.239956232698036e-05
2026-04-24 08:00:00,-0.0011130422556231423,-0.0011672859605449028
2026-04-24 08:05:00,-0.002043425628000861,1.6518383605334272e-05
2026-04-24 08:10:00,-0.002151007483371714,-0.0006446827239931165
2026-04-24 08:15:00,-0.0012041635994641808,-0.0007176875698582596
2026-04-24 08:20:00,0.0003829257930192398,-0.0006990298060229629
2026-04-24 08:25:00,0.00034883733726509547,-3.4538247399993856e-05
2026-04-24 08:30:00,-0.0006336769530097541,-0.0001814819197949989
2026-04-24 08:35:00,-7.272322825890853e-05,-0.0002767749816216988
2026-04-24 08:40:00,-0.0004002101691824578,-0.004916063516554011
2026-04-24 08:45:00,0.0009717591315965279,0.0010373677639064077
2026-04-24 08:50:00,0.0004854343074978118,0.0005618463185175726
2026-04-24 08:55:00,0.0019118583777704146,0.003867769663859524
2026-04-24 09:00:00,0.0014836417354366915,-0.0006491886302657905
2026-04-24 09:05:00,0.001002200008880294,-0.0008991991249827369
2026-04-24 09:10:00,0.0007859234684470806,0.0010803763995462009
2026-04-24 09:15:00,0.0006278536581181271,0.00013645231959466417
2026-04-24 09:20:00,0.0002626709378255043,0.0007434926377199857
2026-04-24 09:25:00,0.0002988305076954134,0.0013138122129180679
2026-04-24 09:30:00,0.00147411944873177,-0.000659344749798555
2026-04-24 09:35:00,0.001612951752059999,-0.0018851574544269923
2026-04-24 09:40:00,0.001757023747499531,0.001107822695364503
2026-04-24 09:45:00,-0.0005373432345159301,0.0005090349969131674
2026-04-24 09:50:00,-0.0006098848445006411,-0.00012359779044553702
2026-04-24 09:55:00,-0.0012726811264425208,0.0007552243624462372
2026-04-24 10:00:00,0.001029654346714537,-0.0012397745029334175
2026-04-24 10:05:00,0.0008805886226852522,3.8852757810095085e-05
2026-04-24 10:10:00,-5.119694184685386e-05,0.0011905076499266823
2026-04-24 10:15:00,-0.0015054013905348995,0.0016086233639626543
2026-04-24 10:20:00,-0.0007910018098034044,-0.00336865764682753
2026-04-24 10:25:00,0.0001066573378061264,0.00033159761106155345
2026-04-24 10:30:00,0.0011239346997786726,-0.0002942117590833851
2026-04-24 10:35:00,0.00035613485305141523,0.00019951289938043015
2026-04-24 10:40:00,0.0006055979611812035,0.0015548698025727114
2026-04-24 10:45:00,-4.263019796724166e-06,0.0031872753505037526
2026-04-24 10:50:00,0.0002835376564469527,-0.0002862769218444135
2026-04-24 10:55:00,0.0009204886057645467,0.0005538735859477177
2026-04-24 11:00:00,0.0007180624980271944,0.0005984745287931349
2026-04-24 11:05:00,-0.0010450101719836624,0.0008960857757978895
2026-04-24 11:10:00,-0.002439441673740106,0.00035204310809731676
2026-04-24 11:15:00,-0.0025464408394153537,0.0005840435379006418
2026-04-24 11:20:00,-0.0007855426411378374,0.0006725235885583411
2026-04-24 11:25:00,0.0004909253614595599,0.002580950045417458
2026-04-24 11:30:00,0.0005059653852566015,0.00026021281142376505
2026-04-24 11:35:00,-0.0001366791246120158,-0.0001614382027442811
2026-04-24 11:40:00,-0.0008710244053240501,0.0009536508703549918
2026-04-24 11:45:00,-0.00032233653707613996,-0.0001975222491811199
2026-04-24 11:50:00,0.0003139070455198123,0.00036740956379589123
2026-04-24 11:55:00,6.407176039324725e-05,0.0012413042584198664
2026-04-24 12:00:00,-0.00013238019611527818,0.0010703360409049952
2026-04-24 12:05:00,-8.327185811118909e-05,0.0005922498831825494
2026-04-24 12:10:00,0.0,1.8920702873847953e-05
2026-04-24 12:15:00,-0.001664788198851852,0.0005968848020887323
2026-04-24 12:20:00,-0.0012841182426708286,0.0006849586286003724
2026-04-24 12:25:00,-0.0006986037822862556,0.0016464957633054995
2026-04-24 12:30:00,0.0009406574178179028,0.0013249244494594262
2026-04-24 12:35:00,6.414004765531445e-06,-0.00018882287003742497
2026-04-24 12:40:00,-9.190164820260804e-05,-0.002512538598528711
2026-04-24 12:45:00,0.0019170548986728875,4.667661864822398e-05
2026-04-24 12:50:00,0.004102935307191302,-0.0006473507567862762
2026-04-24 12:55:00,0.0037738349167479868,0.0007431596583475679
2026-04-24 13:00:00,0.0013938532061477105,0.003818101483460044
2026-04-24 13:05:00,0.002893705715433015,-0.00034190102743358907
2026-04-24 13:10:00,0.004251668239247053,0.00019907759380840637
2026-04-24 13:15:00,0.0036268357275890395,-0.002499639318257345
2026-04-24 13:20:00,-0.0006286316425700988,-0.002666280856837796
2026-04-24 13:25:00,-0.0023711407120483585,0.0015823600840887192
2026-04-24 13:30:00,-0.0016438394778202081,-0.0006288283313402366
2026-04-24 13:35:00,-0.0001763426746403951,-0.0016424679205788288
2026-04-24 13:40:00,0.00042709300121046567,-1.7585994597719493e-05
2026-04-24 13:45:00,0.0005992312170519654,-0.0008442932681324551
2026-04-24 13:50:00,-0.0001593725400237389,-0.0016363143442067775
2026-04-24 13:55:00,0.00032073101457186226,-0.001957972797718169
2026-04-24 14:00:00,-0.0001572103243692169,-0.0021031286444785874
2026-04-24 14:05:00,0.0005417630376047811,0.0012296983532979096
2026-04-24 14:10:00,0.0004267737983205677,-0.0006657437045908647
2026-04-24 14:15:00,-0.00025923856254905786,-0.00027172167963313633
2026-04-24 14:20:00,-0.00043763676847241584,0.0015891011448337447
2026-04-24 14:25:00,-0.0025101743201894067,0.0006991079825989404
2026-04-24 14:30:00,-0.0028368873726485333,0.00011480105459056085
2026-04-24 14:35:00,-0.0025936322711164195,5.9307224830415116e-06
2026-04-24 14:40:00,0.0004340453305076153,0.0007617991337404136
2026-04-24 14:45:00,0.0011331663196738617,0.002206196439916238
2026-04-24 14:50:00,0.0014604105795132938,0.00012628935740967035
2026-04-24 14:55:00,0.00044448840436395187,-0.006598588537175971
2026-04-24 15:00:00,0.0010425710318138215,-0.0002217706112616645
2026-04-24 15:05:00,-0.0010833948990764952,-0.0016051851092176359
2026-04-24 15:10:00,-0.0009359950309804077,-2.661452035468363e-05
2026-04-24 15:15:00,-0.0021586877435222362,0.0013242438747372942
2026-04-24 15:20:00,0.0018085496110238353,-0.00012960618648178508
2026-04-24 15:25:00,0.0021939530552810282,0.001466892254841624
2026-04-24 15:30:00,0.004268162357561778,-0.0017631811905533983
2026-04-24 15:35:00,0.0004271910342108498,-0.0009603820716883626
2026-04-24 15:40:00,0.0005180225243321956,-0.00154313788847423
2026-04-24 15:45:00,0.00015914528406568706,-0.001454215069363865
2026-04-24 15:50:00,0.004621530953889064,-0.002130506187204358
2026-04-24 15:55:00,0.004200071621619728,-0.00030407501217187603
2026-04-24 16:00:00,0.003835158726348098,-0.000649514660449003
2026-04-24 16:05:00,9.517394102331878e-05,-0.0030444247819003158
2026-04-24 16:10:00,-0.001169502967703906,-0.0013618644540223227
2026-04-24 16:15:00,-0.00040378800198936915,-0.00037498415396333804
2026-04-24 16:20:00,0.00036792070243762964,9.989238135293694e-05
2026-04-24 16:25:00,0.0009348661305459416,0.00015419618932919978
2026-04-24 16:30:00,-0.00021358732683651738,-0.00048108118633881695
2026-04-24 16:35:00,-0.0008100274646700711,0.00025241465580799045
2026-04-24 16:40:00,-0.0007761734196041203,0.0005668811562614356
2026-04-24 16:45:00,-0.001297306630915429,-1.0084394041438415e-05
2026-04-24 16:50:00,-0.0003597525787562006,0.0017934880455326096
2026-04-24 16:55:00,-0.0009398278097592083,0.001380132550975301
2026-04-24 17:00:00,-0.0001101263277156761,0.0006032812874190042
2026-04-24 17:05:00,-0.0006415271529895961,-0.001662410480675003
2026-04-24 17:10:00,-2.1177265363547804e-06,0.0009866258491995161
2026-04-24 17:15:00,-0.0006716094832857067,0.00024056015436883988
2026-04-24 17:20:00,-0.0005529327289561792,9.86461628359268e-06
2026-04-24 17:25:00,0.0012550252916891935,-0.0006579805514508542
2026-04-24 17:30:00,0.0012327036527821633,0.0007743700288068834
2026-04-24 17:35:00,0.002169724005110396,0.0005196920304084845
2026-04-24 17:40:00,-0.00022210729142635444,0.0005314114907949642
2026-04-24 17:45:00,0.00039575254342949506,0.0003633531605379412
2026-04-24 17:50:00,-0.0016358528333348943,0.0009674622206150024
2026-04-24 17:55:00,-0.0014268931510343918,0.00017363238789779747
2026-04-24 18:00:00,-0.0011580703652214197,0.00015674534714069267
2026-04-24 18:05:00,0.000641539377689071,0.001477089940473213
2026-04-24 18:10:00,0.0007581581779394497,0.000988779671188552
2026-04-24 18:15:00,0.0011094033649303725,2.8935456185652384e-05
2026-04-24 18:20:00,-0.00011430361592879024,-0.0006084143960813491
2026-04-24 18:25:00,-0.00017148827517310394,0.0001248105758669662
2026-04-24 18:30:00,-0.0008107596499549174,0.00034116917105002804
2026-04-24 18:35:00,0.0001291197947743683,-0.000689888374530589
2026-04-24 18:40:00,0.0008613784491693366,-0.00020497748916097308
2026-04-24 18:45:00,0.0012909781480185956,-0.0024177549971602765
2026-04-24 18:50:00,0.0006939977935189745,0.0008644225088995203
2026-04-24 18:55:00,0.0001649952091682394,-0.00033124835648106865
2026-04-24 19:00:00,0.00016284113402953437,-0.0017106283781936672
2026-04-24 19:05:00,-0.0002496144738586281,0.0005277621740429658
2026-04-24 19:10:00,-0.0010666035616537783,-0.0009357080917019537
2026-04-24 19:15:00,-0.0017122150271564607,0.0008724298474875527
2026-04-24 19:20:00,-0.0009630802376339176,0.0005060811406371921
2026-04-24 19:25:00,-2.3291736411579222e-05,0.00020955310095984673
2026-04-24 19:30:00,0.00028380811373374115,0.0011987396159760357
2026-04-24 19:35:00,0.0006689628996241481,-9.512254516032056e-05
2026-04-24 19:40:00,0.0002731144271148622,0.0008075648040815489
2026-04-24 19:45:00,4.235251267381557e-05,-0.00019444857546640937
2026-04-24 19:50:00,-0.0005546147474930763,-0.0009395249785727666
2026-04-24 19:55:00,-8.467543903378782e-06,-0.00034823349056810197
2026-04-24 20:00:00,-0.0002880324649439103,-0.000714016113572108
2026-04-24 20:05:00,-0.0003049574671507571,-0.0014694804388470865
2026-04-24 20:10:00,-0.0013896481936015448,0.0002628796279704285
2026-04-24 20:15:00,-0.0002669276641871221,0.000325265873419521
2026-04-24 20:20:00,-0.0002584395350613278,0.00013845169489792912
2026-04-24 20:25:00,0.00030732938427213696,0.0014073770776505197
2026-04-24 20:30:00,-0.00021189807781851755,-0.00035005719929982
2026-04-24 20:35:00,2.330466506705875e-05,-0.0008964436084599777
2026-04-24 20:40:00,0.000910835616908301,0.00023054370264833355
2026-04-24 20:45:00,0.0010209356214705423,0.001388754340133711
2026-04-24 20:50:00,0.00047868476980816865,-0.0005729676695199767
2026-04-24 20:55:00,-0.00013974879118983097,0.00023001607640654796
2026-04-24 21:00:00,-0.0005209281956890521,-0.0010251321912838674
2026-04-24 21:05:00,-0.0009427617259110121,0.0019617418004274113
2026-04-24 21:10:00,-0.0007117513407486342,0.0008767787861691595
2026-04-24 21:15:00,-0.0006144510602972275,-0.00031087855110108713
2026-04-24 21:20:00,-0.00011234323626041487,0.00017339343310929277
2026-04-24 21:25:00,-0.0005998743199473466,0.0005944678999317928
2026-04-24 21:30:00,-0.000275566184262388,-0.0007625126727703367
2026-04-24 21:35:00,-0.00011235585868085707,-7.705091107426985e-05
2026-04-24 21:40:00,0.0002226102009199593,0.004083131680656205
2026-04-24 21:45:00,-0.0011773105015127072,-0.0009608442349192568
2026-04-24 21:50:00,-0.001608283642157815,-0.0002664212180947811
2026-04-24 21:55:00,-0.002190093254005987,-0.00014340438096041976
2026-04-24 22:00:00,-0.001097950214093757,0.0019490247032608772
2026-04-24 22:05:00,-0.000429029592631025,0.0009952327010853282
2026-04-24 22:10:00,0.0002485366620295082,0.00042810743878621044
2026-04-24 22:15:00,-0.00011049888131076102,0.00025303351412622613
2026-04-24 22:20:00,3.823783081635668e-05,-0.0014060608380371633
2026-04-24 22:25:00,-0.00011682577997085275,-7.053336785401473e-05
2026-04-24 22:30:00,0.0003484550092736072,-0.0008518110972487961
2026-04-24 22:35:00,0.00017205214709292704,1.206934843162304e-05
2026-04-24 22:40:00,0.00040564548627841646,-0.001117618100591522
2026-04-24 22:45:00,-0.0021968706100281565,-0.0003107277121892258
2026-04-24 22:50:00,-0.005691273146934961,0.000515426609752651
2026-04-24 22:55:00,-0.005066427731085454,-0.0006419261692471809
2026-04-27 00:00:00,-0.0017771872705445446,0.0009571108797375133
2026-04-27 00:05:00,0.0006918376251245917,-0.00226555602583788
2026-04-27 00:10:00,0.0002155262102085942,0.0008119997774798447
2026-04-27 00:15:00,-0.0010691114270517943,0.0004212522362638173
2026-04-27 00:20:00,0.00029666022697583116,9.390327017630537e-05
2026-04-27 00:25:00,-0.00042469506359488207,-0.0020024229173506995
2026-04-27 00:30:00,0.0002903309152380018,0.0020200795985190543
2026-04-27 00:35:00,-0.0003350830962727258,0.0009970272016278994
2026-04-27 00:40:00,-0.0001494331150819761,-0.0004046971264506406
2026-04-27 00:45:00,-0.0007516180426154762,0.002924380585217539
2026-04-27 00:50:00,-0.00023697365540265025,-0.00045318005865191196
2026-04-27 00:55:00,-5.123935183348749e-05,-0.0002727931280960971
2026-04-27 01:00:00,0.00047623268817353903,0.0011431519177400422
2026-04-27 01:05:00,-0.00017723321909457468,-0.0012281397773326974
2026-04-27 01:10:00,-0.0014293545661896445,-0.0001709067708165412
2026-04-27 01:15:00,-0.000980474957350097,-0.0013601405050863722
2026-04-27 01:20:00,-0.0013120753397934948,-0.0007140616388763113
2026-04-27 01:25:00,0.0,-0.00160839753027939
2026-04-27 01:30:00,0.0003547054059254151,-0.0008034297020108939
2026-04-27 01:35:00,0.00103655411704473,-0.0009216988989509754
2026-04-27 01:40:00,0.0007095912667498538,-5.771921336184156e-05
2026-04-27 01:45:00,-0.00033974540789039054,-0.0009353996813475864
2026-04-27 01:50:00,-0.0011798326946834692,-0.00011739537567786638
2026-04-27 01:55:00,-9.401327730884645e-05,0.00023329301702308832
2026-04-27 02:00:00,-5.770408279381911e-05,-5.868586088822458e-06
2026-04-27 02:05:00,0.0007610659565884248,0.0003346460250000013
2026-04-27 02:10:00,0.0002542428118008644,0.004629393649077659
2026-04-27 02:15:00,-0.0001945086578523103,-0.00022765779924931347
2026-04-27 02:20:00,-1.495919878635732e-05,0.0007646492360278321
2026-04-27 02:25:00,-9.186179292974828e-05,-0.0012128604998116379
2026-04-27 02:30:00,0.0009743007599389841,-0.00051245281968735
2026-04-27 02:35:00,0.002032399527976736,0.00015011481693495482
2026-04-27 02:40:00,0.0038530762961244136,0.0004288800505223649
2026-04-27 02:45:00,0.0055902532562068785,0.00024223957067038854
2026-04-27 02:50:00,0.0020069931890080994,-0.0004910675800572236
2026-04-27 02:55:00,-0.0012692140669958718,2.1740947609184824e-05
2026-04-27 03:00:00,-0.0026261887426990427,-3.342098281368931e-05
2026-04-27 03:05:00,-0.0002639600839557943,-0.0003493926245441276
2026-04-27 03:10:00,0.0011032004577558041,-0.00032558585925219975
2026-04-27 03:15:00,0.000283151929933112,0.0005206982322097358
2026-04-27 03:20:00,0.0005853012925580714,-0.001198678922534029
2026-04-27 03:25:00,8.514188895247798e-06,-0.0005047456830320376
2026-04-27 03:30:00,0.0008766237781721031,-0.0009538557741239329
2026-04-27 03:35:00,0.0007423076323167521,-0.00017896354310863042
2026-04-27 03:40:00,0.0012189091954120101,8.000800858155811e-06
2026-04-27 03:45:00,-3.828304784647685e-05,8.359333298919814e-06
2026-04-27 03:50:00,-0.0010061828974556875,-0.0003706671620844677
2026-04-27 03:55:00,-0.0008762732576368393,-6.83512337317472e-05
2026-04-27 04:00:00,0.0007590068643104075,-0.00023642833659859525
2026-04-27 04:05:00,0.0014547034779326395,-0.0011735044451387606
2026-04-27 04:10:00,0.0012503696385781637,-0.00015962647684913804
2026-04-27 04:15:00,0.00018488078960565701,-0.0006533655425844638
2026-04-27 04:20:00,0.0015013981535361154,0.00019984151877146228
2026-04-27 04:25:00,0.0018365673040907637,-0.00018329562907813397
2026-04-27 04:30:00,0.0025911065952914925,-0.0017689795811778467
2026-04-27 04:35:00,0.0019122369876942713,7.502197626328569e-05
2026-04-27 04:40:00,0.0009307957278714696,-0.0006937423300661075
2026-04-27 04:45:00,0.00038353267967217164,-0.00015004299558772334
2026-04-27 04:50:00,-0.00018428045419049965,0.00018411635004871095
2026-04-27 04:55:00,-0.00013776250401953405,-0.0002269224681643576
2026-04-27 05:00:00,-0.0007014889442871208,0.0006541663745333198
2026-04-27 05:05:00,-0.0008646651339070388,-0.0001476885479963718
2026-04-27 05:10:00,-0.0003900767907136782,-0.0002200117606814911
2026-04-27 05:15:00,0.0011166402792639474,0.00030828591464243595
2026-04-27 05:20:00,0.0015444280266052601,-0.00042710661833668265
2026-04-27 05:25:00,0.0025920026709567168,0.0007876733573127079
2026-04-27 05:30:00,0.0005292797684628425,-8.982318817562585e-05
2026-04-27 05:35:00,0.00029209254884854374,0.0006015702020545897
2026-04-27 05:40:00,-0.0008738383320494592,0.0007525122276392849
2026-04-27 05:45:00,0.0004041810574531013,0.0001773038012378137
2026-04-27 05:50:00,0.00042105575590589694,0.0003393884223422659
2026-04-27 05:55:00,0.0007109772215478927,-0.00050867407060676
2026-04-27 06:00:00,1.0578462040555792e-05,0.00014815549765732276
2026-04-27 06:05:00,-0.00013962698462144374,0.0006790979655408363
2026-04-27 06:10:00,-0.00011634560581086362,0.00046117707250130065
2026-04-27 06:15:00,2.1156588372761576e-05,0.0002822149723258839
2026-04-27 06:20:00,0.0003173058643586302,0.00030375309838835424
2026-04-27 06:25:00,-0.00014386419245049353,1.3712528155371577e-05
2026-04-27 06:30:00,-0.00045919852678366624,0.0006844907602047458
2026-04-27 06:35:00,-0.0007045554134386123,0.0003432774336230276
2026-04-27 06:40:00,-0.0002539284866394098,-0.000500980684952308
2026-04-27 06:45:00,-0.0006330661892608447,0.00015875470757615705
2026-04-27 06:50:00,-0.0010482303339305332,4.457853280599722e-05
2026-04-27 06:55:00,-0.0014359085434278995,0.0005744408584213774
2026-04-27 07:00:00,-0.0007457959280294801,0.0002102844540308609
2026-04-27 07:05:00,-0.00017163326040403604,-0.0001325389189942702
2026-04-27 07:10:00,-8.05397008178943e-05,0.00036408525095031727
2026-04-27 07:15:00,-0.0011091283664637075,6.733162779409677e-05
2026-04-27 07:20:00,-0.0017306913509571586,-9.57049669684149e-05
2026-04-27 07:25:00,-0.0013319648022971364,-0.0002643828827405448
2026-04-27 07:30:00,-0.0002461684738523928,0.0009294386518315396
2026-04-27 07:35:00,0.00011462364188830065,0.00031511790219426673
2026-04-27 07:40:00,-0.00039908635229757294,0.00039363317612992727
2026-04-27 07:45:00,-0.00010612579312407888,0.0007926723854099847
2026-04-27 07:50:00,0.0004668494537760637,-1.1986207449821498e-05
2026-04-27 07:55:00,0.0010059017993064856,4.803917346375003e-05
2026-04-27 08:00:00,0.0001846516297572265,0.0003871765202434199
2026-04-27 08:05:00,0.0002651583063659757,0.0014238853338682698
2026-04-27 08:10:00,-5.302862380318629e-05,-0.00016053226656358556
2026-04-27 08:15:00,-0.00040755246210011364,4.602279738990882e-05
2026-04-27 08:20:00,-0.0005728300506273598,-0.0021850152891115552
2026-04-27 08:25:00,-0.000740573373418485,0.0003629482530436369
2026-04-27 08:30:00,0.0008382737146668262,0.00043653110561239165
2026-04-27 08:35:00,0.000297063949442844,-0.0004538547884816919
2026-04-27 08:40:00,0.00029926616340247847,0.000313604285008858
2026-04-27 08:45:00,0.0005916739561442341,0.00061531290597298
2026-04-27 08:50:00,0.000746514005294685,-0.0008023300348252058
2026-04-27 08:55:00,0.001071105599931954,-0.00019749778277151518
2026-04-27 09:00:00,-0.0002968535664358285,0.0007787881446843525
2026-04-27 09:05:00,0.00011447274713205502,-0.0003300217996406172
2026-04-27 09:10:00,-0.00029894574145572506,0.0007968230849451632
2026-04-27 09:15:00,0.00026081176218006874,-0.000575599745255702
2026-04-27 09:20:00,-0.00034981899873898215,-0.000945429358895934
2026-04-27 09:25:00,-0.00020146774622453734,-0.0005884184603926752
2026-04-27 09:30:00,-0.0004453294557240639,-0.0007057704224017096
2026-04-27 09:35:00,-0.0007551780966945643,-0.0010637224686639126
2026-04-27 09:40:00,-0.0004709566234186724,0.0004617188709673274
2026-04-27 09:45:00,-0.0004603822102211552,-0.0003015785178943
2026-04-27 09:50:00,-4.456484025716634e-05,-0.0009624306926477377
2026-04-27 09:55:00,-0.0002695209017034017,-0.00020189087506341206
2026-04-27 10:00:00,-0.000360816212628734,0.0005238880620762184
2026-04-27 10:05:00,-0.00016766647569355086,-0.003335742581535251
2026-04-27 10:10:00,-0.00016132284769732053,0.0010367571822066035
2026-04-27 10:15:00,-0.00022292212785401944,-0.0005415633223207527
2026-04-27 10:20:00,-0.0007898961654841941,-0.0023635418994368347
2026-04-27 10:25:00,0.0002822979068195508,-0.00105803271558097
2026-04-27 10:30:00,0.0005837383404827534,-0.0010651204142564435
2026-04-27 10:35:00,-0.00014020806049330758,-0.0013075844936286719
2026-04-27 10:40:00,-0.0010723064638593627,-0.0011149054415269752
2026-04-27 10:45:00,-0.0012251819929627317,3.774008210581507e-05
2026-04-27 10:50:00,-0.0005057620858508471,-0.0011509178773669603
2026-04-27 10:55:00,-0.00033998066687601636,-0.0006702641367892193
2026-04-27 11:00:00,-0.00023586584654999854,0.00041786992249619984
2026-04-27 11:05:00,0.0002592881492216037,-0.0021112680639165105
2026-04-27 11:10:00,-0.000614383175447486,-0.00043815780216657275
2026-04-27 11:15:00,-0.0005420647698173298,-0.0012194564423302944
2026-04-27 11:20:00,-0.0003251835562281258,-8.178511417894193e-05
2026-04-27 11:25:00,0.0004613541570215318,-0.0014041833908060616
2026-04-27 11:30:00,-0.0005402312916800156,-0.00010962854590369146
2026-04-27 11:35:00,-0.0007804467656189473,-0.00036223406043015623
2026-04-27 11:40:00,-0.00021045314465872877,-0.00023615217707166104
2026-04-27 11:45:00,0.0010950469891266579,-0.0007703529981460949
2026-04-27 11:50:00,0.0006656508471252209,0.00012596899871980863
2026-04-27 11:55:00,-0.00039764348914950176,-0.000892590601110644
2026-04-27 12:00:00,-0.0006909094662628235,0.00019896413191562256
2026-04-27 12:05:00,0.00017006332774194277,-0.00047557822209212696
2026-04-27 12:10:00,0.0007292465378334612,4.573052090783847e-05
2026-04-27 12:15:00,0.0010754860383919151,0.0027608299376275323
2026-04-27 12:20:00,0.0008222732386293785,0.0002765448928135968
2026-04-27 12:25:00,0.0008688734615063254,0.001357627082140006
2026-04-27 12:30:00,0.0002421436093342777,-0.0009707952841606023
2026-04-27 12:35:00,0.00022510421783294987,0.0012491651585902484
2026-04-27 12:40:00,-7.007671279346539e-05,6.083891008614481e-05
2026-04-27 12:45:00,-0.0005502180298027071,-0.0011160392854764382
2026-04-27 12:50:00,-0.0005097424636630876,-0.0017285201442924145
2026-04-27 12:55:00,-0.001060243827891938,2.3502267898927115e-05
2026-04-27 13:00:00,-0.0004059532784399522,-0.00032767458427933305
2026-04-27 13:05:00,-0.0006226630414793988,0.0008612133726747181
2026-04-27 13:10:00,0.0002444444692777381,0.0001680648520387617
2026-04-27 13:15:00,0.00036345280561533855,-0.0002881777932130683
2026-04-27 13:20:00,-0.0004082353022880625,0.0005456334626169001
2026-04-27 13:25:00,-0.0004676850948968081,0.000734084161871685
2026-04-27 13:30:00,-0.0005888173762826909,0.00021846960429027342
2026-04-27 13:35:00,0.0002466620890757554,0.0005030708447064237
2026-04-27 13:40:00,0.0004868130107098523,0.00012545171246122343
2026-04-27 13:45:00,0.0005101867394081694,-0.0006442183133677697
2026-04-27 13:50:00,0.0005165174088723745,0.0012624339088616041
2026-04-27 13:55:00,0.0008179073289014127,-0.0006092989332120403
2026-04-27 14:00:00,0.001257348859025953,-0.0008959572868300558
2026-04-27 14:05:00,0.0007137577095708281,-0.0002566446290944611
2026-04-27 14:10:00,-0.0004417993198480019,-0.0007616167141086994
2026-04-27 14:15:00,-0.0013997498029372224,0.00015322767801376007
2026-04-27 14:20:00,-0.001576895203976747,-0.0001312424587218582
2026-04-27 14:25:00,-0.0017542539831065795,-0.00033287725066498105
2026-04-27 14:30:00,-0.000265727622249301,0.0001281131761990944
2026-04-27 14:35:00,0.00022754943184288834,0.00016976926293900884
2026-04-27 14:40:00,8.512576272678984e-05,0.0003859359690659087
2026-04-27 14:45:00,-0.001604368310399451,0.0013075871115200584
2026-04-27 14:50:00,-0.0013703325200200567,-0.00023558777187483748
2026-04-27 14:55:00,-0.0006769500890779767,0.0006144204655479241
2026-04-27 15:00:00,0.0010407921175286106,0.0004649472910030878
2026-04-27 15:05:00,0.000581131135927393,0.0006411061793889124
2026-04-27 15:10:00,0.0008918603967682515,-0.00019919558112958054
2026-04-27 15:15:00,-0.0014774384675515506,0.0003913976538831277
2026-04-27 15:20:00,-0.001465183005331383,0.0003318837226350558
2026-04-27 15:25:00,-0.0013881557644630504,0.02585884351623083
2026-04-27 15:30:00,-0.000878129725489174,-0.00029634052169853395
2026-04-27 15:35:00,0.0006561903698791838,-0.00025252357794676504
2026-04-27 15:40:00,0.00042601957778209965,-8.48841281654157e-05
2026-04-27 15:45:00,0.0009100859241950587,-0.0007615180972173549
2026-04-27 15:50:00,-0.0013618623171502975,-0.0005227633096810695
2026-04-27 15:55:00,-0.0006156566577253386,-0.00045692222218432044
2026-04-27 16:00:00,0.00029607887416638334,0.0007477140522950819
2026-04-27 16:05:00,0.0009805573335164297,-0.0005337780082798904
2026-04-27 16:10:00,-0.000801560527690981,-4.127812926831356e-05
2026-04-27 16:15:00,-0.0020167744424988143,-0.0007044084619595653
2026-04-27 16:20:00,3.195851359194535e-05,-0.001223736661192894
2026-04-27 16:25:00,0.0010785464117031296,-0.0002525026098105158
2026-04-27 16:30:00,0.0010621916270778797,0.0012013519897217154
2026-04-27 16:35:00,-0.0026581745939147083,-0.001482847513757958
2026-04-27 16:40:00,-0.0032540963610756535,-0.000805913390412668
2026-04-27 16:45:00,-0.004805908817653304,-0.00021859827892453036
2026-04-27 16:50:00,-0.0021855875460552454,0.002105101625676926
2026-04-27 16:55:00,-0.0008916553840450092,0.0016995118772512067
2026-04-27 17:00:00,0.002052121155447395,0.0002321828328509033
2026-04-27 17:05:00,0.0006484758370390864,0.0035947311356950675
2026-04-27 17:10:00,0.001368161810406221,0.0002715560971211549
2026-04-27 17:15:00,0.00017527284897411732,-0.001047864548417495
2026-04-27 17:20:00,0.0010884081342954488,0.001822193028504334
2026-04-27 17:25:00,-0.0007415679050755131,-0.0007998310767190844
2026-04-27 17:30:00,-0.0009879141703112992,-0.0006241345559386514
2026-04-27 17:35:00,-0.001522819048908275,-0.0002877861764782189
2026-04-27 17:40:00,-0.0016025524446341421,7.174709195476264e-05
2026-04-27 17:45:00,-0.0007512111224325935,0.00017254889071161928
2026-04-27 17:50:00,0.0002204389740754209,0.000898267472911232
2026-04-27 17:55:00,0.0009887937522830015,-0.0016177739348856124
2026-04-27 18:00:00,0.0013799966887813042,0.002511152979791215
2026-04-27 18:05:00,0.0006032834203022475,0.0004065526087811515
2026-04-27 18:10:00,0.00041705476533593355,-0.0004616000416482063
2026-04-27 18:15:00,0.00021164496315861925,0.00038342171396079034
2026-04-27 18:20:00,0.0003720572241263653,0.00016644160900359433
2026-04-27 18:25:00,-0.00032293490362178545,-7.049399445021535e-05
2026-04-27 18:30:00,-0.0004575514237199485,-0.0003844834532961885
2026-04-27 18:35:00,-0.0002929300185474659,0.0006860516022534052
2026-04-27 18:40:00,0.0004362581947798816,0.0006799582942350522
2026-04-27 18:45:00,-0.00040641277123221187,0.0032077871041273557
2026-04-27 18:50:00,-0.000594676592616139,0.0017255364178256857
2026-04-27 18:55:00,-0.0006373431987949374,-0.0003491712051368668
2026-04-27 19:00:00,-0.0005499896881833166,0.000845921324892807
2026-04-27 19:05:00,0.0002952433746798988,2.9950090149243047e-05
2026-04-27 19:10:00,0.0012571867615793764,-3.564697889911223e-05
2026-04-27 19:15:00,0.0029646497641415692,-0.0003986726732874567
2026-04-27 19:20:00,0.0012356527977335219,-4.380625440659081e-05
2026-04-27 19:25:00,0.0007176834512510055,0.0005306556979618013
2026-04-27 19:30:00,-0.000700292101655009,0.00027645328739989107
2026-04-27 19:35:00,0.0003225575638339251,0.00027240795217135837
2026-04-27 19:40:00,-0.0002541206531549989,0.00010386208296545713
2026-04-27 19:45:00,-0.00039733487093407405,0.00025240481995947
2026-04-27 19:50:00,-4.271687894075171e-05,-7.937527858286383e-05
2026-04-27 19:55:00,-0.00014951290858356003,-0.0008290583274396797
2026-04-27 20:00:00,0.0003781126243875832,-0.0010874719344437162
2026-04-27 20:05:00,0.00047618997676401875,-0.0004250216091076307
2026-04-27 20:10:00,0.0005210624666780461,0.0003835520934444205
2026-04-27 20:15:00,0.0002861596961452051,-0.0005838171455370775
2026-04-27 20:20:00,-0.00016866916863556014,-0.0012265023134110458
2026-04-27 20:25:00,-0.0002562263004701748,-0.0006254397633281943
2026-04-27 20:30:00,8.967499226741893e-05,-0.0008107362943255692
2026-04-27 20:35:00,9.821588713876395e-05,-0.0012776033382639375
2026-04-27 20:40:00,-0.0005276058671679351,-0.000656527661197022
2026-04-27 20:45:00,-0.0009890046144427345,-0.0007045392008420572
2026-04-27 20:50:00,-0.0009077967543316134,-0.0013766234998919447
2026-04-27 20:55:00,1.709281183082112e-05,-0.0004597085657141297
2026-04-27 21:00:00,0.0005661806566621408,2.298668166449895e-05
2026-04-27 21:05:00,0.0006771876677387212,-0.0012644919161776905
2026-04-27 21:10:00,0.0004037327173413985,-0.00029997954896598456
2026-04-27 21:15:00,-0.00059182661421886,-0.0013769117854516828
2026-04-27 21:20:00,-0.0010448127285194175,-0.0011748342356982064
2026-04-27 21:25:00,-0.00044432862250154415,0.000543739269780501
2026-04-27 21:30:00,0.00043589185444226075,-0.0004107157689693012
2026-04-27 21:35:00,0.000461646976503971,-0.000814385107545297
2026-04-27 21:40:00,0.00020296304753486538,-0.00044992978894303943
2026-04-27 21:45:00,-0.00040383451026215766,-0.0007336412059622236
2026-04-27 21:50:00,-0.00011111775929606438,-0.0009725406491102317
2026-04-27 21:55:00,-0.0004123786292460352,-0.0006001175566756837
2026-04-27 22:00:00,5.9837626345427e-05,-0.0005704699282121229
2026-04-27 22:05:00,-5.556351017510508e-05,-0.00044695584018373445
2026-04-27 22:10:00,0.0001453134284989943,-0.0005047908279627331
2026-04-27 22:15:00,-1.4959070915310235e-05,-0.00037394739041867657
2026-04-27 22:20:00,0.00011539768405377515,-0.0008697803255407271
2026-04-27 22:25:00,6.837548399651894e-05,-0.0002889350272430362
2026-04-27 22:30:00,0.0001559907391683879,-0.00035551038699085187
2026-04-27 22:35:00,-9.402673785530169e-05,-0.00035414279698059296
2026-04-27 22:40:00,0.0004016115786473762,-0.00042503130550915127
2026-04-27 22:45:00,0.00056392785781334,-0.0001023397178162594
2026-04-27 22:50:00,0.002117731233411746,-0.00026917906962421105
2026-04-27 22:55:00,0.00150460854681711,-9.828211320934608e-05
2026-04-28 00:00:00,0.0011055715094734353,-0.0031502553878219293
2026-04-28 00:05:00,-0.0003306000207139448,-0.0007084535278583614
2026-04-28 00:10:00,9.809440954988702e-05,-0.0006598736468546556
2026-04-28 00:15:00,0.0002175554455021711,0.0011767475148142955
2026-04-28 00:20:00,8.10604412695426e-05,0.000634248247577065
2026-04-28 00:25:00,-0.0004543006674033734,0.0007028112386304444
2026-04-28 00:30:00,-0.00040102132989616734,4.1316128907888496e-05
2026-04-28 00:35:00,-0.00012159312608517325,-0.0006955588226910857
2026-04-28 00:40:00,0.00011092812722068857,0.00029072447538420484
2026-04-28 00:45:00,0.00030931254999622126,-0.0002803776986699866
2026-04-28 00:50:00,0.0001706528328249135,0.0004220641559075757
2026-04-28 00:55:00,0.0004158709196619981,8.26132146144918e-05
2026-04-28 01:00:00,0.0005522582491330752,-0.00019796623562809597
2026-04-28 01:05:00,0.0005544206659440221,-0.00024491846761290554
2026-04-28 01:10:00,0.00017695926465322032,0.00038488874860651516
2026-04-28 01:15:00,0.00022167041536746979,0.00023053502278762148
2026-04-28 01:20:00,0.0005775499469500289,9.445128104272114e-05
2026-04-28 01:25:00,0.0007906040008069937,0.0002749767675802175
2026-04-28 01:30:00,0.0005326606310784854,0.00011060308658816823
2026-04-28 01:35:00,0.00025563515889537314,0.0007770986548728947
2026-04-28 01:40:00,-0.00041333760043116285,0.0009964723906473686
2026-04-28 01:45:00,0.0005174743534439585,0.0043729973680128416
2026-04-28 01:50:00,0.0012644325788038202,-5.652575957191698e-05
2026-04-28 01:55:00,0.0011479749302605313,0.004047177573366405
2026-04-28 02:00:00,6.386899192634132e-06,0.003656672724615512
2026-04-28 02:05:00,-0.000804453908591185,0.0001280098124797394
2026-04-28 02:10:00,-0.0005727578232086472,-0.0006197976473805277
2026-04-28 02:15:00,-0.0007880254620538096,-0.0005865919331487655
2026-04-28 02:20:00,-0.0010842695716863915,0.00015951077344447984
2026-04-28 02:25:00,-0.0003024803410838217,-9.973986193536065e-05
2026-04-28 02:30:00,7.4569547322767e-05,-0.00027680088255013845
2026-04-28 02:35:00,0.0002749064749263397,-4.341057130375519e-05
2026-04-28 02:40:00,-0.0007821866457344839,0.0005308083762523349
2026-04-28 02:45:00,-0.0008227032445020654,5.1561268656553916e-05
2026-04-28 02:50:00,-0.0008014887655747316,-0.00028718280827976265
2026-04-28 02:55:00,-0.0004585135922976491,-0.0004291086599359622
2026-04-28 03:00:00,-0.00014073725018448613,-0.002398119297783834
2026-04-28 03:05:00,5.33104169750942e-05,-0.0004929673450554533
2026-04-28 03:10:00,-1.4931883944413471e-05,-0.00021365370496543787
2026-04-28 03:15:00,-0.0009622350195872542,5.4334279020094313e-05
2026-04-28 03:20:00,0.00015778217989570464,3.819040695496735e-06
2026-04-28 03:25:00,-9.812935590325367e-05,2.3586927603994404e-08
2026-04-28 03:30:00,3.41527867639968e-05,0.0001618177791741605
2026-04-28 03:35:00,-0.002003976610135183,-3.6165731237630455e-05
2026-04-28 03:40:00,-0.003783179429541761,6.327801057763236e-05
2026-04-28 03:45:00,-0.002639603903773491,-0.0004464370266144971
2026-04-28 03:50:00,-0.0011735171266238353,-0.0010052861283526239
2026-04-28 03:55:00,0.0016347214985881209,-0.0008412590607903773
2026-04-28 04:00:00,0.0011635668053582293,-0.00023066955419721283
2026-04-28 04:05:00,0.0001646747090102707,-0.0006801127162809244
2026-04-28 04:10:00,-0.00040629110246825917,-0.0006149929149184705
2026-04-28 04:15:00,-0.0009174793275086301,-0.0014092948560189
2026-04-28 04:20:00,-0.001024845640769101,-0.0011283596079926447
2026-04-28 04:25:00,-0.0009329556538482109,-0.0009048476788442501
2026-04-28 04:30:00,-0.0007277382004868826,-0.0008953733561034754
2026-04-28 04:35:00,-0.00021837006104696854,-0.0006755726261169884
2026-04-28 04:40:00,-0.0004261109730236967,-0.000609650428017388
2026-04-28 04:45:00,0.00016057601863828097,-0.0003858968192283198
2026-04-28 04:50:00,0.000537275938359727,-0.000390416175422731
2026-04-28 04:55:00,0.0008071016818860244,0.0002650264364502973
2026-04-28 05:00:00,0.0005586036338911526,9.354732215932735e-05
2026-04-28 05:05:00,4.065853995882662e-05,0.00025645409571043733
2026-04-28 05:10:00,0.00044501879227176744,0.00022860408318416863
2026-04-28 05:15:00,-0.00026749154083738347,0.0005021843754011017
2026-04-28 05:20:00,3.4237488341304356e-05,-0.00048818247990247397
2026-04-28 05:25:00,-0.0006376364019686775,4.5540253767967524e-05
2026-04-28 05:30:00,-0.00014554545324507728,0.0007004016005218034
2026-04-28 05:35:00,-0.0007642028099432707,6.015090449087708e-05
2026-04-28 05:40:00,-0.0002119222317560343,-0.0005416559814777955
2026-04-28 05:45:00,-0.0008437246874546389,-3.58159143798981e-05
2026-04-28 05:50:00,-0.00041124146236093395,0.0001213916633295613
2026-04-28 05:55:00,-0.00025479425501906405,0.0009636731285317961
2026-04-28 06:00:00,0.00015852036270125325,-0.00020537501125222923
2026-04-28 06:05:00,-0.00014354594941146104,-4.70548403441655e-05
2026-04-28 06:10:00,-0.0004969284782294636,-0.00010177218184790184
2026-04-28 06:15:00,5.140661347269315e-05,-0.00010184981010213368
2026-04-28 06:20:00,0.0003855991615999699,-0.0004527402106647407
2026-04-28 06:25:00,0.0005140595394141911,-0.0005398647992481173
2026-04-28 06:30:00,-0.00020564231163078261,0.0007043901352712826
2026-04-28 06:35:00,-0.00020134990182540946,-0.0010859149155769314
2026-04-28 06:40:00,-0.00047335352573796285,-0.00037294243562805286
2026-04-28 06:45:00,-0.0009537905320442519,-0.0007964291933631978
2026-04-28 06:50:00,-0.002958515392409211,-0.0007179186909577247
2026-04-28 06:55:00,-0.003242384263545617,-0.0014524656967771226
2026-04-28 07:00:00,-0.001729859166728076,-0.0005961789874555912
2026-04-28 07:05:00,0.0009599557482484755,0.0003316280079044676
2026-04-28 07:10:00,0.0011062957945195961,-4.595583703423788e-05
2026-04-28 07:15:00,-0.0023807614838897706,-0.0003115179413727569
2026-04-28 07:20:00,-0.004584731285428134,-0.0004862693804042514
2026-04-28 07:25:00,-0.006999913317795148,-0.0020309551132487737
2026-04-28 07:30:00,-0.0034964504946817243,-0.002048684944029896
2026-04-28 07:35:00,-0.0011176319451102756,-0.0005539247993187472
2026-04-28 07:40:00,0.0013762723777563934,0.0012009562166439437
2026-04-28 07:45:00,0.0013581868460850188,0.0003264183903849096
2026-04-28 07:50:00,0.0017557183972911616,-0.001037987389454939
2026-04-28 07:55:00,0.0020339304454033424,-0.0019483849156407287
2026-04-28 08:00:00,-0.00018990565198961917,-0.0012425542212345926
2026-04-28 08:05:00,-0.0031707309418393947,-0.0011001562433250343
2026-04-28 08:10:00,-0.002040407667710298,-0.0025490764692165085
2026-04-28 08:15:00,-0.0008247814904684958,-0.002697782939419047
2026-04-28 08:20:00,0.001410694941681001,-0.0026465149636855905
2026-04-28 08:25:00,-0.0002634425915530869,-0.0019333364987878553
2026-04-28 08:30:00,-0.0007779041063713521,-0.0015973277376026425
2026-04-28 08:35:00,-0.001259376634687115,0.0029138476299369895
2026-04-28 08:40:00,-0.000397454567966804,-0.0006410781703308258
2026-04-28 08:45:00,0.002875227552150861,-0.0005639558865079788
2026-04-28 08:50:00,0.0017083075176635987,5.226286879593794e-05
2026-04-28 08:55:00,0.0012199428679711133,-0.00030423044602197733
2026-04-28 09:00:00,-0.0012941244251667428,-0.00010094369332739792
2026-04-28 09:05:00,-0.00093694011733092,-0.0024570286012574544
2026-04-28 09:10:00,-0.0008527238565889661,-0.00017995842880897577
2026-04-28 09:15:00,-0.0013865703616477987,-0.015336516602642618
2026-04-28 09:20:00,-0.0005833322696293664,-0.0019637996890133295
2026-04-28 09:25:00,-0.0002656802672440506,-0.0013363413420256233
2026-04-28 09:30:00,0.00027444298511092313,-0.001964914473646262
2026-04-28 09:35:00,-0.0002139737857866919,0.0002511953059071882
2026-04-28 09:40:00,0.0007795604408347145,-0.0011797418509271345
2026-04-28 09:45:00,-0.001706224889492347,-0.0005401778250944226
2026-04-28 09:50:00,-0.0009147677225360695,-0.002294053185690124
2026-04-28 09:55:00,-0.0026283155446940043,-0.0024889829946799697
2026-04-28 10:00:00,0.000463066155324654,-0.0003366516706919448
2026-04-28 10:05:00,-0.00012765823959348666,7.71643422145731e-05
2026-04-28 10:10:00,0.0014900827925412585,-0.0011571285122562018
2026-04-28 10:15:00,0.002139435789112909,-0.0005617979815791122
2026-04-28 10:20:00,0.001703651587321886,-0.0006608674989178715
2026-04-28 10:25:00,0.0001339769993755624,0.002064780120140918
2026-04-28 10:30:00,-0.0013479594715395393,-0.003081476740340524
2026-04-28 10:35:00,-0.000337040785126419,-0.001230147428403042
2026-04-28 10:40:00,0.0003197435165755991,-0.00046583116958181267
2026-04-28 10:45:00,-0.0007049456770182871,-0.00036810038642437904
2026-04-28 10:50:00,-6.915061438661496e-05,-4.824749607855753e-05
2026-04-28 10:55:00,-0.0009530509695938605,-0.0008609261493209234
2026-04-28 11:00:00,-0.00012547187175115937,-0.0012230096586971165
2026-04-28 11:05:00,-0.0024276215401073387,0.0014113377335495828
2026-04-28 11:10:00,-0.0013544186184883955,0.0010347359137789338
2026-04-28 11:15:00,-0.0021766282131689962,0.0009336916424196712
2026-04-28 11:20:00,-0.001281094068987798,-0.0001724143228730979
2026-04-28 11:25:00,-0.0011221376380845527,0.017717366794771358
2026-04-28 11:30:00,-0.0004879545800271501,0.0003750424878143446
2026-04-28 11:35:00,0.00029278036368651783,-0.001026940260352529
2026-04-28 11:40:00,-0.0018201920456988319,-8.604262598784461e-06
2026-04-28 11:45:00,-0.0004751712278849851,-0.2730782552461208
2026-04-28 11:50:00,-0.0003188094338213432,-0.00038154116626233755
2026-04-28 11:55:00,0.001635937166488688,-0.5320515380625874
2026-04-28 12:00:00,0.0014833483882004117,-3.053024923936674e-05
2026-04-28 12:05:00,0.0005659794468524382,0.07761577925084635
2026-04-28 12:10:00,-0.0002645192919370487,-0.0017245943544652136
2026-04-28 12:15:00,-0.0004660200993189534,-0.004559007856227324
2026-04-28 12:20:00,0.00044648566677452095,0.28513360023365664
2026-04-28 12:25:00,0.00045744415263726523,0.4007328643519997
2026-04-28 12:30:00,0.0002622984950217955,0.14415057352801386
2026-04-28 12:35:00,-0.0010384948612909284,-0.0020771620324717133
2026-04-28 12:40:00,-0.002000421579948508,-0.001540197231406499
2026-04-28 12:45:00,-0.0016833742605388835,-0.001516302998430085
2026-04-28 12:50:00,-0.0017737872828220702,-0.0007506035816462172
2026-04-28 12:55:00,-0.0012865483599924232,-0.0002061651862453862
2026-04-28 13:00:00,-0.0018776124205572842,0.000857947952733802
2026-04-28 13:05:00,-0.00012604338951760496,-0.0012703598179318685
2026-04-28 13:10:00,0.00016308336314097005,-0.0002080511757516241
2026-04-28 13:15:00,-0.0013909222270438448,-0.0005036286230422626
2026-04-28 13:20:00,-0.006725015968651604,-0.0001487881112245005
2026-04-28 13:25:00,-0.005892195844783288,-0.0013322273632204217
2026-04-28 13:30:00,-0.006806122472330145,0.0008508881179196811
2026-04-28 13:35:00,-0.0025566188584047467,-0.0018868044276268304
2026-04-28 13:40:00,-0.0018410587454038563,0.0014844741333322415
2026-04-28 13:45:00,0.0020769076450548596,-0.00034130037750436815
2026-04-28 13:50:00,0.0025259868992044687,0.0018489597166502503
2026-04-28 13:55:00,0.0039122987555266775,-0.00015863092316582492
2026-04-28 14:00:00,0.002197084774156366,-0.001272427037889128
2026-04-28 14:05:00,0.0016396779411635976,-0.0012078185170183889
2026-04-28 14:10:00,-0.00032744228576753187,-0.002593488595777201
2026-04-28 14:15:00,-2.1837565640225876e-06,-0.0026596271570237117
2026-04-28 14:20:00,0.0014167013752217628,-0.0021498279279816156
2026-04-28 14:25:00,0.0015445871628241292,-0.000796451340777543
2026-04-28 14:30:00,0.004231892773889356,-0.0004615819809238673
2026-04-28 14:35:00,0.002342209740861634,0.0008627887860760504
2026-04-28 14:40:00,0.0015596175564400738,0.0001347556055243627
2026-04-28 14:45:00,-0.0032038709050041803,-0.002731745570010513
2026-04-28 14:50:00,-0.005011382615593973,0.0007364155469401865
2026-04-28 14:55:00,-0.003951686460668569,0.00016273819412978294
2026-04-28 15:00:00,-0.0013971452487417935,-0.0006916345728844439
2026-04-28 15:05:00,0.001101733373948477,-0.0002173395507475643
2026-04-28 15:10:00,0.0009675563624682582,0.0008773569242935858
2026-04-28 15:15:00,5.8981520233203355e-05,0.002063257782732522
2026-04-28 15:20:00,0.00046524886738552595,-4.645369882449405e-05
2026-04-28 15:25:00,0.00016153219873871194,-0.003426799979687016
2026-04-28 15:30:00,0.0018463276212052904,-0.07638706141943921
2026-04-28 15:35:00,0.0004803116004641339,-0.007958280956581708
2026-04-28 15:40:00,-0.0003602089250680507,0.0015262077694538634
2026-04-28 15:45:00,-0.004484234050680769,0.0007843095498426022
2026-04-28 15:50:00,-0.0025592258054079053,-0.0009048406629170518
2026-04-28 15:55:00,-0.0023806386061586693,-0.0006718388245737796
2026-04-28 16:00:00,0.0013351341385305915,-0.0010209085737146217
2026-04-28 16:05:00,-0.00040491811905241093,0.0002373661012831181
2026-04-28 16:10:00,0.0005645205554447585,0.0002090851034531921
2026-04-28 16:15:00,-0.00035002669310912893,-0.0005111410206351582
2026-04-28 16:20:00,-0.0016761341106370509,-0.0007228232861175273
2026-04-28 16:25:00,-0.001637550171091462,-0.0006033750816173173
2026-04-28 16:30:00,-0.0016708770953322016,-0.0005127631481398132
2026-04-28 16:35:00,0.0006510680924929346,-0.0011502930183111934
2026-04-28 16:40:00,0.002503404097039308,-0.0006022757673963355
2026-04-28 16:45:00,0.002936956082780995,-0.00013789105701901756
2026-04-28 16:50:00,0.0019309801232996193,-0.0006522089330463386
2026-04-28 16:55:00,-0.0005793394599287183,-0.000364030189000439
2026-04-28 17:00:00,-0.0006732932380710821,-0.0010267732759897048
2026-04-28 17:05:00,-8.530472932477551e-05,-0.0018814776875628165
2026-04-28 17:10:00,0.0007891305874068166,-0.0008967577349414629
2026-04-28 17:15:00,-0.0003521292372532514,-0.0005165186664254882
2026-04-28 17:20:00,0.0015846045356937566,-0.000587736640695463
2026-04-28 17:25:00,0.0003102353662622903,-0.0005400719278671974
2026-04-28 17:30:00,0.002353191603656768,-0.0007401113428274076
2026-04-28 17:35:00,0.0009451951287235971,-0.0003698135426186621
2026-04-28 17:40:00,0.0019248023855045204,-0.0004281770275578851
2026-04-28 17:45:00,0.0003229403308537826,-0.0007301389682132166
2026-04-28 17:50:00,0.0005082459190699495,-0.0007862369129160946
2026-04-28 17:55:00,-0.00023767186349665792,-0.0008499816851867937
2026-04-28 18:00:00,-0.0006197882879472871,-0.0009904250964772497
2026-04-28 18:05:00,-0.0007766516235392373,-0.0005758804832989674
2026-04-28 18:10:00,-0.0006500702653813306,-0.0003245893613220913
2026-04-28 18:15:00,2.619601165854135e-05,-6.628219392355969e-05
2026-04-28 18:20:00,0.0006414354410093637,-0.0005821589175266598
2026-04-28 18:25:00,0.0005235796386049429,-0.00019000011429442273
2026-04-28 18:30:00,0.0013176468388227391,-0.0003675260140687815
2026-04-28 18:35:00,0.0018717722034153894,-0.0004937162542500025
2026-04-28 18:40:00,0.0016278893448760101,-0.00038686057306222283
2026-04-28 18:45:00,0.0006472795416510024,-0.0010261147136971284
2026-04-28 18:50:00,-0.0004790492271133928,-0.0009081044540710408
2026-04-28 18:55:00,0.00030044479117563583,-0.00011123064408898736
2026-04-28 19:00:00,-0.00028980738906625447,-0.000530051578067583
2026-04-28 19:05:00,0.0008294807947901717,-0.0003240153551555237
2026-04-28 19:10:00,1.5237547930979645e-05,-0.0006537209289741474
2026-04-28 19:15:00,0.001589638506965585,-0.0002512629094886924
2026-04-28 19:20:00,0.0008309677336129084,-0.0004744808863189115
2026-04-28 19:25:00,0.0010856217120149836,8.725530592516395e-05
2026-04-28 19:30:00,0.0005546896979726768,-0.00023559603056411398
2026-04-28 19:35:00,-0.00034361496324386565,0.00010029403936938157
2026-04-28 19:40:00,-0.0008113855450755381,2.607426184796568e-05
2026-04-28 19:45:00,-0.0010008399187082517,-0.00025717122125870314
2026-04-28 19:50:00,-0.0002153632304988662,7.269997788928676e-05
2026-04-28 19:55:00,0.00020453991646007808,-0.00017061924745912492
2026-04-28 20:00:00,0.0008790520729853313,0.0005083354408326932
2026-04-28 20:05:00,0.0006698666824362931,-0.0005209500011409197
2026-04-28 20:10:00,0.0006916441831776865,-1.4371109990272534e-05
2026-04-28 20:15:00,-0.0005808710836223696,-0.0005308600030130425
2026-04-28 20:20:00,-0.0006067756801702018,-0.0001494378140140687
2026-04-28 20:25:00,-0.00032618765212255596,-0.0011215021509037547
2026-04-28 20:30:00,0.0006330676908543609,-0.0007875166923831842
2026-04-28 20:35:00,-0.00038295835796020583,-0.00013786244267893853
2026-04-28 20:40:00,-0.000741929376687267,-0.0005645203149058902
2026-04-28 20:45:00,-0.0004916260521596882,-0.00029492313032552717
2026-04-28 20:50:00,0.0004199408880687372,-0.0007742032292357207
2026-04-28 20:55:00,0.0003177263010538667,-0.0002852887169473221
2026-04-28 21:00:00,-0.00021543446577787506,-0.0005551162663697106
2026-04-28 21:05:00,-0.00020233292101679012,-0.0005163624074960645
2026-04-28 21:10:00,0.00015882530229127667,-0.0005850636932652779
2026-04-28 21:15:00,0.0004090682657071909,-0.0003621406764624667
2026-04-28 21:20:00,0.0005873050914146916,-0.00025288953129591705
2026-04-28 21:25:00,0.0004371831986844654,-0.00047084207652860243
2026-04-28 21:30:00,0.00030234184652222496,-7.242514002541757e-05
2026-04-28 21:35:00,-0.00078967895932891,-0.000502754173108719
2026-04-28 21:40:00,-0.0006656385045733515,-0.0004854122515127045
2026-04-28 21:45:00,-0.00011309560070138502,-0.0005936373763891956
2026-04-28 21:50:00,0.000672245531985638,-0.0005984495733605587
2026-04-28 21:55:00,0.0004372830650787307,-0.0007902571360837482
2026-04-28 22:00:00,-0.0007027842948268415,-0.0004705621716856994
2026-04-28 22:05:00,-0.0012012222573716258,-0.001231909075899431
2026-04-28 22:10:00,-0.0009944977028961688,-0.0003114344088686453
2026-04-28 22:15:00,-3.482568655854834e-05,-0.00023568737369496044
2026-04-28 22:20:00,0.0004136270579770951,-0.0004866740466171935
2026-04-28 22:25:00,0.0001328019804684999,-9.905957455630084e-05
2026-04-28 22:30:00,-0.00021986514300920135,-0.0002051269624283739
2026-04-28 22:35:00,0.00037211812894888396,-0.0009618234634059912
2026-04-28 22:40:00,0.0006833247276887278,-0.0004409569299451037
2026-04-28 22:45:00,0.00112493905751343,-0.00045846157039214396
2026-04-28 22:50:00,-0.0001414320981414363,-0.00028489640081082917
2026-04-28 22:55:00,-4.133440513420794e-05,-4.367254792575926e-05
2026-04-29 00:00:00,-0.0003219035839574502,0.0005582570662281587
2026-04-29 00:05:00,0.00022410621422785937,-0.0051402045498409946
2026-04-29 00:10:00,-8.702538535843019e-05,-0.0007373134676257019
2026-04-29 00:15:00,3.915597129022785e-05,0.00012569899311018744
2026-04-29 00:20:00,-0.0004917940135076293,1.0478034427995574e-05
2026-04-29 00:25:00,-0.0004940125562260533,-0.00024950975381210277
2026-04-29 00:30:00,-0.0006353862469854477,-0.000974424340277333
2026-04-29 00:35:00,0.00019152376803255322,-0.0006532142194553329
2026-04-29 00:40:00,7.618525209629468e-05,-0.00026700385836083427
2026-04-29 00:45:00,-0.00011101642074784479,3.265045702835739e-05
2026-04-29 00:50:00,-0.000905708419468354,-0.0003469406189429698
2026-04-29 00:55:00,-0.0007446876031398375,-0.00045340769903307694
2026-04-29 01:00:00,-0.00033965616671949306,-0.000634139142024614
2026-04-29 01:05:00,0.0002569910285075139,-0.00034149550711015404
2026-04-29 01:10:00,0.0002330466724629332,-0.0003562260149995583
2026-04-29 01:15:00,-0.00013937950011388978,-5.350003581491023e-05
2026-04-29 01:20:00,-0.0008125786747648078,-0.0002614798480774362
2026-04-29 01:25:00,-0.0004095013071960807,-0.0005738353552092368
2026-04-29 01:30:00,-0.00045093864622103297,-0.0005074140198581916
2026-04-29 01:35:00,0.0008844372310274906,-0.00032672367010297735
2026-04-29 01:40:00,0.0012018892007397142,-0.00027464419565779
2026-04-29 01:45:00,0.003844962470639146,0.06917160923910572
2026-04-29 01:50:00,0.0034431523178195533,0.00355572036966848
2026-04-29 01:55:00,0.002636044029083351,0.004031753540964774
2026-04-29 02:00:00,-0.0013749199857926442,0.004022716450210421
2026-04-29 02:05:00,-0.0012333028018467473,0.004613552152164023
2026-04-29 02:10:00,-0.0015464480395639413,0.0010497653879529547
2026-04-29 02:15:00,0.00028686921568521484,0.0008380747351179737
2026-04-29 02:20:00,7.821224199489052e-05,0.0006341390025005967
2026-04-29 02:25:00,0.0007344266044775338,0.0011943207378652928
2026-04-29 02:30:00,-0.0004716391721810709,0.00042782453867630434
2026-04-29 02:35:00,-0.0010476826958232266,0.0003338588817338971
2026-04-29 02:40:00,-0.0007670320041519574,-0.0002970085216376338
2026-04-29 02:45:00,-0.0038313346853300345,0.00043915116933770405
2026-04-29 02:50:00,-0.0036777403331438308,-0.0001943530395470839
2026-04-29 02:55:00,-0.003907292912447957,8.764748719873768e-05
2026-04-29 03:00:00,0.0006174031522245826,0.0007819271525546061
2026-04-29 03:05:00,0.000901076880495566,-0.000147271183913447
2026-04-29 03:10:00,-0.0006570696893959393,0.000834410621616875
2026-04-29 03:15:00,0.0002725832513377213,-5.713936389378175e-05
2026-04-29 03:20:00,-9.377886296846327e-05,-0.000790078987115971
2026-04-29 03:25:00,0.00244272799563916,-0.0005193635417352445
2026-04-29 03:30:00,-0.0005474223849262216,-0.0008241372950941695
2026-04-29 03:35:00,-0.0006872530114172548,0.0009417048359642933
2026-04-29 03:40:00,-0.0011290200739413336,-0.0004017772219882393
2026-04-29 03:45:00,0.0019179347984206174,0.00135771644531338
2026-04-29 03:50:00,0.0037316605605202113,0.0004667085568844584
2026-04-29 03:55:00,0.0034506177311168784,0.000756717743844058
2026-04-29 04:00:00,0.0019077436880472476,0.0011789628043383585
2026-04-29 04:05:00,-7.610606579788737e-05,-0.00019101642493442577
2026-04-29 04:10:00,-0.00057826339986633,0.00030248372601261644
2026-04-29 04:15:00,-0.0004195219033480413,0.00038196333998065726
2026-04-29 04:20:00,-0.0005002697210603202,0.0012339518429997972
2026-04-29 04:25:00,-0.0003349369740828223,0.001030887960384308
2026-04-29 04:30:00,6.087419696854113e-05,0.0006786855454323764
2026-04-29 04:35:00,-0.0006790270152379208,0.0009671726861740816
2026-04-29 04:40:00,-0.0006941550899295379,0.0003137805258463123
2026-04-29 04:45:00,-0.0005675782502425619,5.4586838806626285e-05
2026-04-29 04:50:00,0.0014641211418044975,5.74597188215762e-05
2026-04-29 04:55:00,0.001761647443284886,0.0001654584984773352
2026-04-29 05:00:00,0.0006784467309906006,0.0003372581936957452
2026-04-29 05:05:00,-9.130891333519742e-05,6.472549811131073e-06
2026-04-29 05:10:00,-0.0007673488041888277,-3.972527732508651e-05
2026-04-29 05:15:00,-0.0007480570437863321,0.00017686014791540305
2026-04-29 05:20:00,-0.0010310647199531786,-1.3975612491510907e-05
2026-04-29 05:25:00,-0.0010117131122644452,0.00031852818139596444
2026-04-29 05:30:00,-0.0008444108342580137,0.00014410752772003182
2026-04-29 05:35:00,8.705076370674192e-05,0.0003070062599012397
2026-04-29 05:40:00,0.00036781629623128254,0.0002796794171754137
2026-04-29 05:45:00,0.0010836759868642076,0.0003550128174574811
2026-04-29 05:50:00,0.001078800374326505,0.00016018757517412795
2026-04-29 05:55:00,0.0011591506225379078,-0.000335333833520122
2026-04-29 06:00:00,0.0004196632970376868,-0.0007739653879080474
2026-04-29 06:05:00,-0.0002000121753198414,0.0002697104923138549
2026-04-29 06:10:00,0.0002477490705778962,-8.666273308202254e-05
2026-04-29 06:15:00,0.0005911437281636012,0.0001008896971921927
2026-04-29 06:20:00,0.0008606376203861288,0.0003746926015396647
2026-04-29 06:25:00,6.301409453612905e-05,0.00047103464959110525
2026-04-29 06:30:00,0.0003345367999951776,0.000567474500992083
2026-04-29 06:35:00,0.00027368398359328694,0.00027060671486710177
2026-04-29 06:40:00,0.0005908355498629447,0.00037307189906829723
2026-04-29 06:45:00,0.00014768193681291564,0.00020333650894672085
2026-04-29 06:50:00,-0.0004148994580024379,0.0006375276135301656
2026-04-29 06:55:00,-0.0008320489194701963,0.0005244749846391589
2026-04-29 07:00:00,-0.0008364283478510259,0.00029872457656621686
2026-04-29 07:05:00,-0.0005411484867430261,3.076037002535531e-05
2026-04-29 07:10:00,0.0,0.00011643684502463982
2026-04-29 07:15:00,-0.0011982886133914405,0.0004019111308720706
2026-04-29 07:20:00,-0.0009808986556940624,-7.654710241811798e-05
2026-04-29 07:25:00,-0.0003956289573725513,-4.490842312323759e-05
2026-04-29 07:30:00,0.0008722179575144651,0.00021470248183042256
2026-04-29 07:35:00,0.0004546824208713218,0.00032423060223222763
2026-04-29 07:40:00,-0.0019064288970067622,0.0008191781090002813
2026-04-29 07:45:00,-0.00047625417214902654,0.0008600832238474512
2026-04-29 07:50:00,-0.0010837467356861197,0.00021532585244569535
2026-04-29 07:55:00,-0.0004728168532892596,0.0007870443798854605
2026-04-29 08:00:00,-0.0024937044196349234,0.01256687655811382
2026-04-29 08:05:00,-0.0016997986127158526,-0.0005785011496922269
2026-04-29 08:10:00,-0.0006867450843337508,-0.0018586273802110405
2026-04-29 08:15:00,-0.0004907611585807103,-0.0013735544883754476
2026-04-29 08:20:00,0.00013739873680229664,-0.0007043464780722873
2026-04-29 08:25:00,-5.452378383274947e-05,-0.001019744130102666
2026-04-29 08:30:00,0.00032283889093065454,0.00026475804053097476
2026-04-29 08:35:00,-0.00038389139834826835,-0.0017115644879691031
2026-04-29 08:40:00,-2.1810345957717914e-05,-0.0005080402584643727
2026-04-29 08:45:00,0.0006366468983358686,-0.0009662953077738071
2026-04-29 08:50:00,-0.0008883137138901986,-0.0003341197247224686
2026-04-29 08:55:00,-0.0012985725167791173,-0.0003325708334984056
2026-04-29 09:00:00,-0.002509690901417727,-0.0025590756398660226
2026-04-29 09:05:00,-0.000875990597066334,-0.00066899763296347
2026-04-29 09:10:00,-0.000788696125258781,-0.0005713122481614289
2026-04-29 09:15:00,0.0003277084036295008,-0.003771033037125828
2026-04-29 09:20:00,-0.0008395737033222161,-0.0035975874554009203
2026-04-29 09:25:00,-0.0010343309096949582,-0.0030176259298910447
2026-04-29 09:30:00,-0.0016133619571974123,-0.0026062859246030515
2026-04-29 09:35:00,-0.00028001461509141734,-0.0022583474265253064
2026-04-29 09:40:00,-0.00025382599051937405,-0.0020952617525604065
2026-04-29 09:45:00,-0.0003391807395356494,-0.001832488926445196
2026-04-29 09:50:00,-0.0005887238759694213,-0.0020005846972291448
2026-04-29 09:55:00,-0.0006830242476425497,-0.001840256642271016
2026-04-29 10:00:00,0.00015100434330328483,-0.0005935225669594394
2026-04-29 10:05:00,0.00022327438544600398,-0.0010573707059104932
2026-04-29 10:10:00,-5.255965522188433e-05,-0.0018714499662349606
2026-04-29 10:15:00,-0.0015242202820875406,-0.0019251899963626368
2026-04-29 10:20:00,-0.001364503202994527,-0.002587309315687533
2026-04-29 10:25:00,0.0005167166712300997,-0.0029035250068327936
2026-04-29 10:30:00,0.0018130346355427207,-0.0006918228590392914
2026-04-29 10:35:00,0.002707475222116784,-0.0005146554518186751
2026-04-29 10:40:00,0.0010348196935350273,-0.0011224396418660384
2026-04-29 10:45:00,0.000728229417877202,-0.00028823501841285844
2026-04-29 10:50:00,-0.0005859614307688332,-0.0004967273614102528
2026-04-29 10:55:00,7.215677702809842e-05,-0.0004967981485250353
2026-04-29 11:00:00,0.0011033609928787769,-0.0010751271975205055
2026-04-29 11:05:00,-0.0001224830821779932,-0.0006621858493014242
2026-04-29 11:10:00,-0.0017266304694771861,-0.0008796920598900683
2026-04-29 11:15:00,-0.0026304095141522765,-0.0008922379882189295
2026-04-29 11:20:00,-0.001488492913354733,-0.00019206269991320596
2026-04-29 11:25:00,-0.0013676624532141801,-0.0008068515705842568
2026-04-29 11:30:00,-0.0017026278700758013,-0.0006874774514703725
2026-04-29 11:35:00,-0.0020283515584580414,-0.0004964486875888531
2026-04-29 11:40:00,-0.0008908627914525624,0.001868199913850484
2026-04-29 11:45:00,0.0005744404844705286,-0.0005422699705240745
2026-04-29 11:50:00,0.0021159713237803857,-0.00010901209824128503
2026-04-29 11:55:00,0.0028650456862475693,-0.0009447019576312723
2026-04-29 12:00:00,0.0018898153802968665,-0.0004553970022649573
2026-04-29 12:05:00,0.0013811869676221278,-0.0009149571358700105
2026-04-29 12:10:00,0.0008117673889938004,0.0008177478818071943
2026-04-29 12:15:00,0.0005314827070623807,0.0001926972364419818
2026-04-29 12:20:00,-0.00024064019157421512,0.0014913562839360714
2026-04-29 12:25:00,-0.001223372919076482,-0.0002373516048740196
2026-04-29 12:30:00,-0.0009888276417324704,-0.0008759683051965499
2026-04-29 12:35:00,-0.0009105814121976863,-8.970022782306408e-05
2026-04-29 12:40:00,0.0007311398006635272,-2.0077347706818488e-05
2026-04-29 12:45:00,-0.0001181996875647684,0.00023631245338840475
2026-04-29 12:50:00,0.0001642286022036643,-0.0010868506587850026
2026-04-29 12:55:00,-0.0003655030796565484,0.00015830158703334686
2026-04-29 13:00:00,2.845675722262797e-05,-0.000387661317486077
2026-04-29 13:05:00,-0.0002145974444864862,0.0003263203972752307
2026-04-29 13:10:00,-0.0008212275732635277,-7.404656531145772e-05
2026-04-29 13:15:00,-0.0001510489697071904,0.001051540804610944
2026-04-29 13:20:00,0.00024962938924488753,0.0005805713003818069
2026-04-29 13:25:00,0.0005431806866358357,0.0004282382235187643
2026-04-29 13:30:00,-0.0008782871994075236,0.0004333773055665564
2026-04-29 13:35:00,-0.001509675684607359,0.0011900679779634294
2026-04-29 13:40:00,-0.0011896873270806907,-0.0010099720734858698
2026-04-29 13:45:00,-7.45037285074801e-05,-0.0005179957740890418
2026-04-29 13:50:00,0.0005327002437631734,0.0002586957772936719
2026-04-29 13:55:00,0.0007275644226396594,-0.00016708500222173232
2026-04-29 14:00:00,0.0004622717341806748,0.0008594838142240002
2026-04-29 14:05:00,-0.00012712078025423068,-0.0010601959952902876
2026-04-29 14:10:00,-0.0011683050933637418,-0.0005209991915897526
2026-04-29 14:15:00,-0.002256419085458816,0.0008052045427802586
2026-04-29 14:20:00,-0.0013774469404346235,0.00024973336728665533
2026-04-29 14:25:00,-0.0006033182686770999,0.0011940094484719117
2026-04-29 14:30:00,0.00017999863952056216,0.0009248760645561589
2026-04-29 14:35:00,-0.002289703273142152,-4.584088643094352e-05
2026-04-29 14:40:00,-0.002309132421329352,-0.0017633873482415692
2026-04-29 14:45:00,-0.0017992471744143756,0.00020337298616990513
2026-04-29 14:50:00,0.00019577456950869987,-0.0008850688657599847
2026-04-29 14:55:00,0.000668460981493979,0.0002779479969259235
2026-04-29 15:00:00,-0.0009129437347841218,0.00035749441269914903
2026-04-29 15:05:00,-0.0018867493964496163,0.00037812316383650357
2026-04-29 15:10:00,-0.0024627599967406155,-0.00033545561398493334
2026-04-29 15:15:00,-0.002384180052962037,-0.0011207702285045149
2026-04-29 15:20:00,-0.0028158216480527187,-0.0007011125366349524
2026-04-29 15:25:00,-0.005072239319375171,0.0025170858982960995
2026-04-29 15:30:00,-0.004001075236981677,-0.004072304471715609
2026-04-29 15:35:00,-0.0008577960474855928,-0.0005064181271832104
2026-04-29 15:40:00,0.001619903027291869,-0.00012113221486387445
2026-04-29 15:45:00,0.002369420335332606,0.0005868586093441272
2026-04-29 15:50:00,-0.00032739451773977635,0.0007642949662224432
2026-04-29 15:55:00,0.0007890837202833012,-0.0008779201317117146
2026-04-29 16:00:00,0.0019470806573433919,5.582823960745926e-05
2026-04-29 16:05:00,0.0037806226517975716,4.178062307650049e-05
2026-04-29 16:10:00,0.0016270378812421882,0.002103684322091836
2026-04-29 16:15:00,0.0012210605787785767,0.00012549150856871116
2026-04-29 16:20:00,0.0007799607771108441,0.0012694818303252086
2026-04-29 16:25:00,0.0012124847720329512,0.0001622300551018998
2026-04-29 16:30:00,-0.001415156961476427,0.0012607641027266268
2026-04-29 16:35:00,-0.0003039801599271641,0.0008642685601301463
2026-04-29 16:40:00,5.507802905668768e-05,-0.00020193094858859863
2026-04-29 16:45:00,0.0021043755624283733,-0.0004528192540744435
2026-04-29 16:50:00,0.0002445130512764848,0.0009250613947238929
2026-04-29 16:55:00,-0.00027762415596477297,-0.000209618068285121
2026-04-29 17:00:00,-0.00016070180493876762,0.00042744940606479886
2026-04-29 17:05:00,0.0008520241592027133,-8.315820727721563e-05
2026-04-29 17:10:00,0.0012465012592421942,0.0004325641268917526
2026-04-29 17:15:00,0.0004204117675961072,-0.00020637310846683592
2026-04-29 17:20:00,0.0015700488972729687,0.0001296994584193481
2026-04-29 17:25:00,0.0021458009033832326,-0.0005465603539393242
2026-04-29 17:30:00,0.0022377521037846293,0.0007577293413039022
2026-04-29 17:35:00,-0.0009540496169933022,-0.0003042444262901817
2026-04-29 17:40:00,-0.0011932533167264836,-0.0008714903158916953
2026-04-29 17:45:00,0.0017484650543888591,-0.00040881020863426016
2026-04-29 17:50:00,0.003168593418658716,0.002215450039281362
2026-04-29 17:55:00,0.0025715225343905246,-0.0014705726125003719
2026-04-29 18:00:00,-0.00040338935292183464,0.0020946152416181185
2026-04-29 18:05:00,0.0001819495128003723,0.0011885065467033894
2026-04-29 18:10:00,-0.00019959970455296627,-0.0001859760385577254
2026-04-29 18:15:00,-0.002030377326885713,5.010964064067463e-06
2026-04-29 18:20:00,-0.002554705864566742,-0.0012075394700005902
2026-04-29 18:25:00,-0.0017476495713211193,-0.0015613271001852554
2026-04-29 18:30:00,-0.0011234165352007608,0.0008811121019723185
2026-04-29 18:35:00,-0.0012688026911096273,-0.0004502513151207889
2026-04-29 18:40:00,-0.001105933345575849,-0.0011573816347969063
2026-04-29 18:45:00,-9.899149671177554e-05,-0.0012193057295608596
2026-04-29 18:50:00,0.0013698858188835317,-0.000995076786386456
2026-04-29 18:55:00,0.0011235128654352167,0.00011806323803766538
2026-04-29 19:00:00,0.0009169460842723964,-0.000900172963858608
2026-04-29 19:05:00,0.0005118511218160648,-4.036788345765808e-05
2026-04-29 19:10:00,-0.0007276108855922558,-0.0015621867001827166
2026-04-29 19:15:00,-0.0011941744187833336,-0.0014755721060508331
2026-04-29 19:20:00,-0.00176072443995956,-0.0004419952953753454
2026-04-29 19:25:00,-0.0005411053197743598,-5.7937380168980156e-05
2026-04-29 19:30:00,-0.00013424133310735442,0.00030108171319836985
2026-04-29 19:35:00,-0.0003322694141374427,0.00039276516710806024
2026-04-29 19:40:00,0.0004905265780088541,0.00045214930912022963
2026-04-29 19:45:00,-0.0005261356340504619,-0.00017680825268352393
2026-04-29 19:50:00,-0.002364278261589803,-3.526520323213862e-05
2026-04-29 19:55:00,-0.004810054376452655,-0.0010157267812655251
2026-04-29 20:00:00,-0.002032292538354241,-0.0072538818621817
2026-04-29 20:05:00,0.0004896198486488146,7.366578746872878e-06
2026-04-29 20:10:00,0.0017243153653012655,0.00017899647321906144
2026-04-29 20:15:00,-0.0023725537277048403,-0.001993719725516399
2026-04-29 20:20:00,-0.001714719306658452,0.0006181943843320626
2026-04-29 20:25:00,-0.002889524178936398,0.00028322597641188474
2026-04-29 20:30:00,0.0017346824743995626,0.0015013054926012355
2026-04-29 20:35:00,0.0010331560079315238,0.0003393797730783161
2026-04-29 20:40:00,0.0040932359890355485,0.0016960191708461042
2026-04-29 20:45:00,0.0018528940218267564,0.0004656514309767704
2026-04-29 20:50:00,0.0015697655851170111,0.000867618846171622
2026-04-29 20:55:00,0.002275594253795532,-0.000269517611517946
2026-04-29 21:00:00,0.002214552667455294,0.0013718816004997109
2026-04-29 21:05:00,0.001292324062204031,0.00029365475019649517
2026-04-29 21:10:00,-0.0013330373002649054,0.0006940722543670825
2026-04-29 21:15:00,-0.001857603390122975,0.0015183471929258409
2026-04-29 21:20:00,-0.0008033781933054485,0.0010256465009369203
2026-04-29 21:25:00,-0.0007178482477652182,0.0007774957762294444
2026-04-29 21:30:00,0.0017234609504424014,-1.9472173974637193e-06
2026-04-29 21:35:00,0.0013290763776758752,0.00027693499155618433
2026-04-29 21:40:00,0.0014483791913928457,-0.0005758921949277
2026-04-29 21:45:00,7.916820609032982e-05,-0.0006676254966440371
2026-04-29 21:50:00,0.0010198139284014474,-0.00030429794407968924
2026-04-29 21:55:00,4.179135337523121e-05,-6.99426275915481e-05
2026-04-29 22:00:00,-0.0004971042679571269,-0.0002826844832656836
2026-04-29 22:05:00,-0.0017039356231531855,0.00038898340973511853
2026-04-29 22:10:00,-0.0006732732775613925,0.0007668580890634901
2026-04-29 22:15:00,-0.00024864483194342313,0.00044106588399217724
2026-04-29 22:20:00,0.0004641979194452972,-0.00023286816167256488
2026-04-29 22:25:00,0.000162859281138239,-8.008790233967559e-05
2026-04-29 22:30:00,-0.00042261799264764477,0.000674637467378076
2026-04-29 22:35:00,-0.0009132008763206301,-0.0003700766838101682
2026-04-29 22:40:00,0.0008314892935370466,0.0006586656840142039
2026-04-29 22:45:00,0.0016058782983847664,-0.0001281677538707113
2026-04-29 22:50:00,-0.0005857676255622835,0.0011131152804378566
2026-04-29 22:55:00,-0.0003958610579388733,0.0018062330033887454
2026-04-29 23:00:00,-0.0005958538861179363,0.00018019373106757447
2026-04-30 00:00:00,0.0022399185568335866,6.478717042565857e-05
2026-04-30 00:05:00,0.0006860596041473599,0.0011136255338978487
2026-04-30 00:10:00,0.0005057290411638604,-0.0012310182586415166
2026-04-30 00:15:00,1.0989192130494985e-05,0.0010255763384953275
2026-04-30 00:20:00,-0.00013629488959310265,-0.00028169538783022474
2026-04-30 00:25:00,-0.0001450960824396219,0.00040176443870142435
2026-04-30 00:30:00,0.00034499921783393006,-0.0001202157172704066
2026-04-30 00:35:00,0.0004681612010646319,-0.0002937072691771691
2026-04-30 00:40:00,0.0008504906216977304,4.93377044497559e-05
2026-04-30 00:45:00,0.0003931979011273512,0.0003365186271885798
2026-04-30 00:50:00,0.00025706573883788053,0.0008668235682005926
2026-04-30 00:55:00,0.00025698273854501963,6.128931524735032e-05
2026-04-30 01:00:00,-0.000369030442609386,0.0006873322543203386
2026-04-30 01:05:00,-0.00017356705609117284,0.0004915908995959339
2026-04-30 01:10:00,-0.0003668245664218972,0.0008290175579182494
2026-04-30 01:15:00,0.0003316942687945357,0.0002499211824016187
2026-04-30 01:20:00,0.0007972809409864112,1.928568805465206e-05
2026-04-30 01:25:00,0.0006413058260150706,0.00026294612272206993
2026-04-30 01:30:00,0.0010777956502519004,0.0003571253303374037
2026-04-30 01:35:00,0.0006935345739407239,0.0007756742188153366
2026-04-30 01:40:00,0.0017439397046441485,-0.0006289465874058065
2026-04-30 01:45:00,0.0003421930660323369,-0.0033089584247364876
2026-04-30 01:50:00,0.0008640503002528277,0.003359445863943539
2026-04-30 01:55:00,-0.0008946231119981718,-0.0012049200678757189
2026-04-30 02:00:00,0.0004714204203573047,-0.0011159265433309817
2026-04-30 02:05:00,-0.00014907213584436363,-0.002314822963863289
2026-04-30 02:10:00,0.0011488306870006681,-0.0006414707308149018
2026-04-30 02:15:00,0.0006859033977892892,-0.0011496369387045064
2026-04-30 02:20:00,0.0009028613866526314,-0.00027332944868846605
2026-04-30 02:25:00,0.0007490981603126556,-0.0004684195027410381
2026-04-30 02:30:00,0.001954324591162404,-0.0005067148033625895
2026-04-30 02:35:00,0.001748617582661538,-0.001254190152610567
2026-04-30 02:40:00,0.0006172555962393744,0.00018994279423931995
2026-04-30 02:45:00,-0.0012075975092891156,-0.0009881969121019324
2026-04-30 02:50:00,-0.0016150107566872407,4.451604940291522e-05
2026-04-30 02:55:00,-0.00020789816128718996,-0.0003944112619517191
2026-04-30 03:00:00,0.0005602265562600905,5.888614050026612e-05
2026-04-30 03:05:00,0.0007356128906330639,-0.0004296090174574852
2026-04-30 03:10:00,0.002500662535656062,4.5841982137785836e-05
2026-04-30 03:15:00,0.0013904559262023497,-0.0002003231884225847
2026-04-30 03:20:00,0.001395301254914827,-0.0005008018328543291
2026-04-30 03:25:00,-0.0009107936218839541,-0.0004512569378161158
2026-04-30 03:30:00,0.00032328810493886806,0.0001801772017814311
2026-04-30 03:35:00,0.001343160078359773,0.0006162944944236382
2026-04-30 03:40:00,0.0006596983539282064,-0.00045424457176217436
2026-04-30 03:45:00,-0.00029707166198456036,-0.00010831552756357507
2026-04-30 03:50:00,-0.001085308158229381,-1.5113067796735974e-05
2026-04-30 03:55:00,8.297758518160947e-05,-3.82408436052444e-05
2026-04-30 04:00:00,-0.00033649654971590337,0.0005769326218218989
2026-04-30 04:05:00,-0.0002818923517668992,0.00029904780228237463
2026-04-30 04:10:00,-0.0016018097533958553,-0.0011834395097608367
2026-04-30 04:15:00,-0.0017367229305822462,0.0012409113103951297
2026-04-30 04:20:00,-0.0025822447916041824,0.0003168438592368967
2026-04-30 04:25:00,-0.0021850418771904856,0.002773837453564408
2026-04-30 04:30:00,-0.0012223253301133497,0.00022619781660783748
2026-04-30 04:35:00,2.410258938567722e-05,0.00023228762361062762
2026-04-30 04:40:00,0.0005280878194700023,0.000558746636088794
2026-04-30 04:45:00,0.0010559316071514502,-2.5081982644701217e-05
2026-04-30 04:50:00,0.0007206181419157076,0.0007453071087945319
2026-04-30 04:55:00,0.0001248596699401361,0.0009942193691013174
2026-04-30 05:00:00,-0.0002912556533480881,0.0002793660460836308
2026-04-30 05:05:00,-0.0004226704733429898,-0.000887397694657393
2026-04-30 05:10:00,-0.0004162595416392634,-0.00032290212269822264
2026-04-30 05:15:00,-0.0010978982161340411,0.00029732597406745905
2026-04-30 05:20:00,-0.0013633984484240358,0.00011561024976148649
2026-04-30 05:25:00,-0.00039670320436258066,1.4553238849093438e-05
2026-04-30 05:30:00,-0.00043642600695115163,0.0012173970395679
2026-04-30 05:35:00,-0.0003575969087332709,-7.696545001529745e-05
2026-04-30 05:40:00,-0.001232756375284083,-0.0003721287127415008
2026-04-30 05:45:00,-0.001073233465429979,0.00011113016122361267
2026-04-30 05:50:00,-0.0008209820635318721,0.00029445828561952726
2026-04-30 05:55:00,-0.00013609115494261914,0.0005387544473633059
2026-04-30 06:00:00,-0.00021961707654938323,0.00037876544358724537
2026-04-30 06:05:00,-0.0007777006815707921,-3.287787977618794e-06
2026-04-30 06:10:00,-0.0018302488248576054,-0.001506076213883452
2026-04-30 06:15:00,-0.0026039390472067936,-0.0002778024256662731
2026-04-30 06:20:00,-0.0016672829356316754,-0.00043986980578677147
2026-04-30 06:25:00,-0.0005125424527037126,0.0004828510162101262
2026-04-30 06:30:00,0.001302817085683472,-0.0010715511179519744
2026-04-30 06:35:00,0.0010737145611141585,-0.0010279021817788936
2026-04-30 06:40:00,-0.0005128052871903321,-0.0007534425803210312
2026-04-30 06:45:00,-5.718269653165464e-05,-8.977323385586606e-05
2026-04-30 06:50:00,0.0011450512952713154,-0.0021758859757437304
2026-04-30 06:55:00,0.0024186626918023535,0.00032376115596522765
2026-04-30 07:00:00,0.0015910972255568367,4.788343234699978e-05
2026-04-30 07:05:00,0.000974787336454952,-0.001216376523417406
2026-04-30 07:10:00,0.00043693387294929664,-0.0003098241217322463
2026-04-30 07:15:00,0.001838473751375247,4.608217325501821e-05
2026-04-30 07:20:00,0.0019182565756441505,-0.0004518770617179563
2026-04-30 07:25:00,0.001853198722795213,3.7313967792727766e-06
2026-04-30 07:30:00,0.0010427849434435643,0.0006819278425496529
2026-04-30 07:35:00,-2.190215867869938e-05,-8.705029644927142e-05
2026-04-30 07:40:00,-0.00022351755363203551,-0.0030275562877782884
2026-04-30 07:45:00,-0.0009397724865163326,0.0023239088604808584
2026-04-30 07:50:00,-6.789974058207804e-05,-0.0001537842909047474
2026-04-30 07:55:00,0.0007404843719331922,0.0019202260675124222
2026-04-30 08:00:00,0.0010317307375355966,-0.0005738964352287096
2026-04-30 08:05:00,0.0011405417824139619,-0.000842389148021572
2026-04-30 08:10:00,0.0008230903565511483,0.0008765682695436391
2026-04-30 08:15:00,0.002108339654899538,0.0003954493251995859
2026-04-30 08:20:00,0.0010889769504576208,0.0007388803494194837
2026-04-30 08:25:00,0.0010869292914961193,-0.0006301507732613359
2026-04-30 08:30:00,0.0003058210883111201,0.00014879089767003335
2026-04-30 08:35:00,0.0018079673376885097,-0.0014654069137022441
2026-04-30 08:40:00,0.0032776826339500076,-0.0004182455217511042
2026-04-30 08:45:00,0.0017043307427595522,-0.0006437339248587459
2026-04-30 08:50:00,0.0023380813769779962,0.001451633935731838
2026-04-30 08:55:00,0.00030060709789836437,-0.00024590070414790666
2026-04-30 09:00:00,0.00039021243092740576,-5.682063788370648e-05
2026-04-30 09:05:00,-0.001472375800167569,0.0009665687147455333
2026-04-30 09:10:00,5.662600485401015e-05,-0.0004951237100805566
2026-04-30 09:15:00,0.00017216824148746923,0.0009701962667561326
2026-04-30 09:20:00,0.00047505628566923974,0.0001953256668025575
2026-04-30 09:25:00,0.0010665831824923089,-0.0011995014864005914
2026-04-30 09:30:00,0.0025246328209291846,-8.046872857916243e-05
2026-04-30 09:35:00,0.0022545274173566554,0.0021717733802243773
2026-04-30 09:40:00,0.0005915718584326157,-0.0003548312262310142
2026-04-30 09:45:00,0.005771774718898115,-0.0003535784637986037
2026-04-30 09:50:00,0.004296921010348953,0.0002683932542928161
2026-04-30 09:55:00,0.004239491710114507,0.0005621711012303176
2026-04-30 10:00:00,-0.0027289338933247365,-0.0008887059307182574
2026-04-30 10:05:00,-0.0009506290783338756,0.0009959104334370892
2026-04-30 10:10:00,-0.0002988222527893214,-0.0008082133615767405
2026-04-30 10:15:00,0.0005372861546248942,0.0002646651550003795
2026-04-30 10:20:00,0.0001148164076081315,0.0004416605136924514
2026-04-30 10:25:00,-0.0004744012938964204,0.0019403482905765977
2026-04-30 10:30:00,8.879773290004778e-05,-0.0009490664893374327
2026-04-30 10:35:00,0.00012563303905466228,0.0014568976368917266
2026-04-30 10:40:00,0.0002946318531353853,0.00019357755876766984
2026-04-30 10:45:00,-1.9491509823055253e-05,0.00043445092201516524
2026-04-30 10:50:00,0.0005932944906703597,0.00019186493991253618
2026-04-30 10:55:00,0.00044395021123655454,0.00013164848943855462
2026-04-30 11:00:00,-0.00027508737446702014,0.0007901618075337104
2026-04-30 11:05:00,-9.524984691466898e-05,-0.0027237830028142194
2026-04-30 11:10:00,0.0016614389976528088,-0.00017802952747386852
2026-04-30 11:15:00,0.001794285391753192,-0.0007013735988601993
2026-04-30 11:20:00,0.0011013133570401124,-0.0015005890097752512
2026-04-30 11:25:00,-0.0013367222019624592,0.0004648529710275366
2026-04-30 11:30:00,-0.00012110490943761931,-0.000778834430582349
2026-04-30 11:35:00,0.0003567471187260196,-0.0002478242828910181
2026-04-30 11:40:00,0.0011897269574259184,0.0007177524240471124
2026-04-30 11:45:00,-4.325446603559158e-06,-0.0004376113576227286
2026-04-30 11:50:00,-8.646909918752499e-06,-0.000605102767219737
2026-04-30 11:55:00,0.0003393534376971985,0.0006984961687120468
2026-04-30 12:00:00,0.001160711038727058,0.0015837655481378394
2026-04-30 12:05:00,0.0017667391204607696,0.0003217117831721707
2026-04-30 12:10:00,0.00370162271401675,-0.00042394795570097304
2026-04-30 12:15:00,0.0013772709334372024,-0.0007458651217372042
2026-04-30 12:20:00,0.0008326107788558801,0.0009431896127174186
2026-04-30 12:25:00,-0.00153205218257213,-0.0004527889540621782
2026-04-30 12:30:00,0.0002545226312395954,0.001000331104492859
2026-04-30 12:35:00,-0.0001811309042309972,0.0005171578710507982
2026-04-30 12:40:00,0.000715680767958915,0.0006478448939777675
2026-04-30 12:45:00,0.0010971566639526031,0.00044560976179343
2026-04-30 12:50:00,0.0016010087833677744,0.0010702844513677309
2026-04-30 12:55:00,-0.0009464461011283731,6.008765852893571e-05
2026-04-30 13:00:00,-0.0013020638686676023,0.002319369822673326
2026-04-30 13:05:00,-0.001611791419440678,0.0033600047000244574
2026-04-30 13:10:00,0.0002631113580076061,0.002713848386501281
2026-04-30 13:15:00,-0.0011352992926969563,0.0014183377214898143
2026-04-30 13:20:00,-0.0016727158114839824,0.0008949697864828667
2026-04-30 13:25:00,-0.0016682622975565664,0.0006701510746269607
2026-04-30 13:30:00,0.0009627132851104392,0.001941875967965359
2026-04-30 13:35:00,0.0002958966499946314,0.00020902518232525965
2026-04-30 13:40:00,0.00012311055018976447,-0.0073339762446486805
2026-04-30 13:45:00,0.00015748592097608594,0.001342427698255359
2026-04-30 13:50:00,0.00014251750722138468,0.002005795760313427
2026-04-30 13:55:00,0.0012777265116152847,0.0011912100747049233
2026-04-30 14:00:00,-0.0005653387111959063,0.001124146811450422
2026-04-30 14:05:00,0.0004339055125512914,0.0012661660462848037
2026-04-30 14:10:00,-0.0015736493664704199,-0.00110024534001038
2026-04-30 14:15:00,-0.0011273154891000559,0.0015612066092271996
2026-04-30 14:20:00,-0.00044470158234943824,0.0015939976588415072
2026-04-30 14:25:00,-0.000719652263979853,0.0028536918666762336
2026-04-30 14:30:00,-7.563176840363894e-05,0.001213712664967618
2026-04-30 14:35:00,0.0008201693030098767,0.001323309724947873
2026-04-30 14:40:00,0.0031104492702382913,-0.003175685444053445
2026-04-30 14:45:00,0.002760092863283603,-0.0011627961875390622
2026-04-30 14:50:00,0.0010867667820377847,-0.0001497335277990573
2026-04-30 14:55:00,0.0003189160329757357,0.002139516367948368
2026-04-30 15:00:00,-0.00037073440322465956,0.002489765986348456
2026-04-30 15:05:00,-0.0009940005022972542,0.00035383220115041094
2026-04-30 15:10:00,-0.0017725645362691722,0.0008002445378446162
2026-04-30 15:15:00,-0.0020803847149686305,0.008501214138926202
2026-04-30 15:20:00,-0.002349852487741444,0.0003813464991327498
2026-04-30 15:25:00,-0.0017757121013897148,0.006366170069090395
2026-04-30 15:30:00,-0.0022990628959398407,0.0008879254431333149
2026-04-30 15:35:00,-0.002398736834621218,0.00045260543943052427
2026-04-30 15:40:00,-0.0030294358950868627,0.002279934180117072
2026-04-30 15:45:00,0.00045893704925425993,0.0007019052075318623
2026-04-30 15:50:00,0.001578877592484318,-0.0011383607696728846
2026-04-30 15:55:00,0.0020581577444129806,0.0005875975916287944
2026-04-30 16:00:00,0.0004219496081674379,0.001116703300800203
2026-04-30 16:05:00,0.00046084794672651697,0.00040464736808286654
2026-04-30 16:10:00,0.00016014196402913683,0.002204744546875447
2026-04-30 16:15:00,-0.0011537509546037938,0.0003303079358707759
2026-04-30 16:20:00,-0.00219796727872712,0.00017391957641100337
2026-04-30 16:25:00,-0.0008356172580086252,0.0001447596531905064
2026-04-30 16:30:00,0.0004309182848558635,-0.0001953372101106362
2026-04-30 16:35:00,0.0018431548063766456,0.0007756813996511382
2026-04-30 16:40:00,0.0006083811728068156,-5.821189779808638e-05
2026-04-30 16:45:00,-0.000511059246353085,-9.497285955662013e-05
2026-04-30 16:50:00,0.0005364969474808134,-0.0006395638808543789
2026-04-30 16:55:00,0.00010388576038522501,0.0005688872658614599
2026-04-30 17:00:00,0.000673417467394799,0.0008224072126420553
2026-04-30 17:05:00,-0.000694472266872026,-0.00024318466320927704
2026-04-30 17:10:00,0.0004457205492531813,-0.0005160787081133774
2026-04-30 17:15:00,0.0006686379834217604,0.00046741772479144596
2026-04-30 17:20:00,-0.0011108597961992928,0.008185895697523642
2026-04-30 17:25:00,-0.0015305600788408924,-0.0006153246974557876
2026-04-30 17:30:00,-0.0017861961055452014,-0.000664722589612821
2026-04-30 17:35:00,-0.00017551177436381238,-0.0001310649963361651
2026-04-30 17:40:00,-2.3832040447757663e-05,0.0003901989856785629
2026-04-30 17:45:00,4.334032558617196e-06,0.0004922293542947722
2026-04-30 17:50:00,-0.00016470572974824904,-0.00011276738562531624
2026-04-30 17:55:00,-0.0007846078555502345,0.00015544477963536226
2026-04-30 18:00:00,-0.001372659998658321,-0.011185753512331762
2026-04-30 18:05:00,-0.0006504192181004953,0.00035009626612531736
2026-04-30 18:10:00,-0.0009045799038691626,0.001112337158740107
2026-04-30 18:15:00,0.0009586751064443177,-0.00023130546428754646
2026-04-30 18:20:00,-1.735030482485911e-05,-0.0018978425798544822
2026-04-30 18:25:00,0.0002885999774822068,-0.00029585538939199405
2026-04-30 18:30:00,0.0001213955284580237,8.81647038039748e-05
2026-04-30 18:35:00,0.0010989810063328775,0.0006237275564426174
2026-04-30 18:40:00,-0.0002864297420437367,0.0009364294538000309
2026-04-30 18:45:00,0.0008363614001911657,-0.00044569713423830005
2026-04-30 18:50:00,0.00027942974852201985,0.0011147345405391953
2026-04-30 18:55:00,0.0017541790919910483,-0.0005725796604786088
2026-04-30 19:00:00,0.00021006378869969922,-0.0003386746691053093
2026-04-30 19:05:00,0.0005023439212692438,0.0003203803650337273
2026-04-30 19:10:00,0.00043752302025623635,-0.0006180602887511648
2026-04-30 19:15:00,-7.146004790925531e-05,0.00020143072471114716
2026-04-30 19:20:00,-0.0004525313141208187,0.00028153873520074687
2026-04-30 19:25:00,2.598544382337309e-05,0.0010398478069946434
2026-04-30 19:30:00,-0.00032921525776785643,0.00015818186273531794
2026-04-30 19:35:00,-0.00029241381311351233,0.0005924264235778695
2026-04-30 19:40:00,-0.00024039112401119667,0.0004455245487210973
2026-04-30 19:45:00,0.0015519937139263362,0.00033610304185481397
2026-04-30 19:50:00,0.0013400692389922142,0.000714354732447474
2026-04-30 19:55:00,0.0008162284853554524,0.0005088857655256491
2026-04-30 20:00:00,9.299981731203388e-05,0.0019151383475109573
2026-04-30 20:05:00,-9.519606068586484e-05,0.0007505416650692053
2026-04-30 20:10:00,0.00011685883466050484,0.0011652620626045104
2026-04-30 20:15:00,-0.0008308164114101402,0.0009423263473303782
2026-04-30 20:20:00,-0.00018825525303967083,0.0001842345383362042
2026-04-30 20:25:00,-0.0001103663189070403,0.0005525049342008444
2026-04-30 20:30:00,0.00030298177579979324,0.0003570029366434988
2026-04-30 20:35:00,0.0006900960675562118,-0.00024155020257732621
2026-04-30 20:40:00,0.0003397161779759017,0.002029454131290188
2026-04-30 20:45:00,0.0006575873703305035,0.0009610382138505619
2026-04-30 20:50:00,0.0003394649675563244,0.0018470867819053165
2026-04-30 20:55:00,0.00041096720627464833,0.0006213278565042587
2026-04-30 21:00:00,-0.0006143117522405817,0.002469675198806166
2026-04-30 21:05:00,-0.0012589774095221884,-9.141699408858573e-05
2026-04-30 21:10:00,-0.0013654951716350894,3.259082872395045e-05
2026-04-30 21:15:00,-0.0007532630932587381,-0.00108653690608654
2026-04-30 21:20:00,0.00024456465989430853,-0.0017821972520996536
2026-04-30 21:25:00,0.001017265461959127,-0.0006595712093153494
2026-04-30 21:30:00,0.0004741024344880884,-0.0010650821654393508
2026-04-30 21:35:00,-0.0009742854387546629,-0.0035856082750553163
2026-04-30 21:40:00,-0.0012879890861974275,-5.866416274540661e-05
2026-04-30 21:45:00,-0.0006949940144362898,-4.082396824842355e-05
2026-04-30 21:50:00,0.00010613492357869347,-0.0003742402982217076
2026-04-30 21:55:00,-2.3827187904501557e-05,-0.00023933313342612675
2026-04-30 22:00:00,0.0003313190752081141,-0.0005462675124377287
2026-04-30 22:05:00,8.66324036046251e-05,-0.00028357804734662693
2026-04-30 22:10:00,-1.9495394214530393e-05,-0.0015215621638916244
2026-04-30 22:15:00,-5.196436112164804e-05,0.0009009044582689737
2026-04-30 22:20:00,3.681649899434092e-05,-0.00016817695945526076
2026-04-30 22:25:00,0.00024041663668938895,-0.00020931305376435504
2026-04-30 22:30:00,5.412948423533237e-05,-0.0002263494918749816
2026-04-30 22:35:00,0.0007685055975823474,-9.602519603044564e-05
2026-04-30 22:40:00,6.713306100003535e-05,0.0005189633340463387
2026-04-30 22:45:00,-0.0005609235677574986,-0.00033732819272097277
2026-04-30 22:50:00,0.001669193185813711,0.0004933046816746759
2026-04-30 22:55:00,0.002884625701748078,-0.0007149704782918714
2026-04-30 23:00:00,0.003337081541973319,-0.00014273178447553472
2026-05-01 00:00:00,0.0003650348497608036,0.0016251121204009075
2026-05-01 00:05:00,-0.00013172428183416685,0.0024146749146658083
2026-05-01 00:10:00,-1.5113942936295643e-05,-0.0018046010978789867
2026-05-01 00:15:00,-0.0005400396304313659,-0.0005283518164242602
2026-05-01 00:20:00,-6.26291050611627e-05,-0.00031778781367906205
2026-05-01 00:25:00,0.0001986221673178079,-0.00044723181303761637
2026-05-01 00:30:00,0.0007818828222134755,-0.0005213045055651571
2026-05-01 00:35:00,-0.00012095006288959098,0.00034759650088611284
2026-05-01 00:40:00,-0.0003778477620759446,-0.0003639168581125497
2026-05-01 00:45:00,-0.00044918391813020264,0.0020058821283217313
2026-05-01 00:50:00,-4.752009885145014e-05,0.011692970982525362
2026-05-01 00:55:00,-0.00010798273150669502,0.0005931377010395777
2026-05-01 01:00:00,0.00010583553383902711,0.00039519365184818476
2026-05-01 01:05:00,0.00019870539183486358,1.1764246039361266e-05
2026-05-01 01:10:00,0.00013173736771143751,0.0012869114813143846
2026-05-01 01:15:00,0.000606718180751642,1.9198103519714666e-05
2026-05-01 01:20:00,0.0006368870043136354,0.00040828101531491327
2026-05-01 01:25:00,2.5913505039554252e-05,0.0007762517032374669
2026-05-01 01:30:00,-0.00030007437320200836,-0.00019324166004747872
2026-05-01 01:35:00,-0.00031299546627927555,0.0012417601092248383
2026-05-01 01:40:00,-0.0008987269360982708,0.0004819297080109064
2026-05-01 01:45:00,-0.0007386960407433918,0.0010911789498392849
2026-05-01 01:50:00,-0.0010562730961769518,-0.0009072604261044397
2026-05-01 01:55:00,-0.0008779024319096607,-0.0002651562432086327
2026-05-01 02:00:00,-0.00040197617211568115,0.00012791856381680198
2026-05-01 02:05:00,-0.0007631979009570244,0.0005076427119853326
2026-05-01 02:10:00,0.00020548960132593663,-6.073659503424793e-05
2026-05-01 02:15:00,-0.0009645371186248752,-3.987703937688349e-05
2026-05-01 02:20:00,-0.0004910895471734733,0.00027820741548088075
2026-05-01 02:25:00,-0.00053868879261465,-0.0008580206702716414
2026-05-01 02:30:00,0.00014495622671972797,-0.0005046848406624129
2026-05-01 02:35:00,0.0006597783167947568,0.00033074066751786406
2026-05-01 02:40:00,-0.0003527928568995975,0.00010293122246823048
2026-05-01 02:45:00,-0.000989148666135975,-0.00017664757936907067
2026-05-01 02:50:00,-0.0012983389579197535,-0.00047367414291381315
2026-05-01 02:55:00,-0.00012772871304633782,0.0006750389840357756
2026-05-01 03:00:00,-0.0006498640929688548,0.00017425077052442338
2026-05-01 03:05:00,-0.000682303352535385,0.00017239321605748474
2026-05-01 03:10:00,-0.0005262411453603733,-0.00032794560637611106
2026-05-01 03:15:00,0.0010136035988725922,0.0004197746762120324
2026-05-01 03:20:00,0.001316536141551694,-0.0007286263289065448
2026-05-01 03:25:00,0.0007989979389115831,0.000288939085592982
2026-05-01 03:30:00,6.493956293773806e-05,-0.00018022908239821397
2026-05-01 03:35:00,-0.00039391296764357264,0.00020698587146158673
2026-05-01 03:40:00,9.739511365580711e-05,0.00014622130666192825
2026-05-01 03:45:00,0.0010773811596145322,-6.596648012774343e-05
2026-05-01 03:50:00,0.0014969091194956263,-0.0001289526174864165
2026-05-01 03:55:00,0.002250429795893183,-9.252644568458803e-05
2026-05-01 04:00:00,0.0019743470981019584,3.446332477465133e-05
2026-05-01 04:05:00,0.000805931526484116,0.0008673173358759624
2026-05-01 04:10:00,-0.0003174771178571234,0.0005574512276495826
2026-05-01 04:15:00,-0.0009996470761546306,0.00042353043402065804
2026-05-01 04:20:00,-0.0003477888978071775,0.0003727971988252496
2026-05-01 04:25:00,-0.0011995475578405745,-0.0001261638614963261
2026-05-01 04:30:00,-0.0018226618279513218,0.0009964316102004456
2026-05-01 04:35:00,-0.0018424893516879592,0.00012679567022854039
2026-05-01 04:40:00,-0.0010819069446981189,0.00032659048351427785
2026-05-01 04:45:00,-0.0004956983657962155,0.0002553208357892081
2026-05-01 04:50:00,-0.00015802387925134553,0.0013201540436449499
2026-05-01 04:55:00,0.0003961137612584764,0.00028516712537326365
2026-05-01 05:00:00,0.0005238310786239708,0.00039599346123253093
2026-05-01 05:05:00,0.0010169771126236071,0.000722557320826485
2026-05-01 05:10:00,0.001306279409421407,0.0002522952603769847
2026-05-01 05:15:00,0.0020364360339772958,0.0007005291356122879
2026-05-01 05:20:00,0.0013809992718023523,0.0012048866249976004
2026-05-01 05:25:00,-0.00011455558390061071,-3.193755614095057e-05
2026-05-01 05:30:00,-0.0007972182045374865,-0.0001464518760442091
2026-05-01 05:35:00,-0.0009053225586672653,-0.00011034843697211097
2026-05-01 05:40:00,0.00013400711554645284,-0.00028284789056703887
2026-05-01 05:45:00,-0.0003350645030515409,-0.00046460015264422703
2026-05-01 05:50:00,-0.0011095431572858416,-0.00014763985333132463
2026-05-01 05:55:00,-0.0011461244950936589,-8.561726034683043e-05
2026-05-01 06:00:00,-0.00047144208082805505,0.0005773383546355815
2026-05-01 06:05:00,0.00012767094670351753,0.00014945796993834468
2026-05-01 06:10:00,-0.0008442143680138514,-7.91097221180823e-05
2026-05-01 06:15:00,-0.0018814925413792594,-0.00032144125725817744
2026-05-01 06:20:00,-0.0011929519828139945,-0.000400739384416511
2026-05-01 06:25:00,-0.0009056166177785485,0.0003959939089402553
2026-05-01 06:30:00,-0.0007479504880301135,-0.00014409386634698946
2026-05-01 06:35:00,-0.0011531676535518898,-0.0003939178435955974
2026-05-01 06:40:00,-0.0009194545506936436,-0.00036109491041008175
2026-05-01 06:45:00,-0.00036225243316678757,-0.00014537268692762888
2026-05-01 06:50:00,0.0004965453340570747,7.928006085389109e-05
2026-05-01 06:55:00,0.001103677482634069,0.0002615378809428927
2026-05-01 07:00:00,0.0010495205478910918,-0.0004922619013079904
2026-05-01 07:05:00,0.0003706220315446984,0.0001351425072370218
2026-05-01 07:10:00,9.101527546029331e-05,-6.87448456652656e-05
2026-05-01 07:15:00,0.00017120152086036455,-0.00032505670166424494
2026-05-01 07:20:00,-0.0008649985092930024,-0.0013651902303833002
2026-05-01 07:25:00,-0.0011035769802507644,-0.00015732466307635112
2026-05-01 07:30:00,-0.0006394464995764793,-0.0006061221777268474
2026-05-01 07:35:00,-0.0005597209351595467,0.0004240922895946624
2026-05-01 07:40:00,-0.0009354162035926095,-0.00040937019905990153
2026-05-01 07:45:00,-0.0014451371272325986,-0.0003185195047004712
2026-05-01 07:50:00,-0.0010769335361366927,-0.0002352528702602171
2026-05-01 07:55:00,-0.0007972048293609646,-0.0011699432709961445
2026-05-01 08:00:00,-0.001723439524312198,7.095106244506418e-05
2026-05-01 08:05:00,-0.0009280480903761656,-0.0007039910986687279
2026-05-01 08:10:00,-0.0017290976571775474,-0.0007638678486944902
2026-05-01 08:15:00,-0.0004373087523816821,-0.00020928980768009098
2026-05-01 08:20:00,-0.001420907596122234,-0.0006780672363063552
2026-05-01 08:25:00,-3.700708468379332e-05,-0.0005811612456103274
2026-05-01 08:30:00,-0.0005594247431215393,0.0003115374086082682
2026-05-01 08:35:00,3.483963967276793e-05,-6.92364668959598e-05
2026-05-01 08:40:00,0.0001741390461145187,-0.00033006104427293686
2026-05-01 08:45:00,8.70939787489533e-06,-0.0002946496996483256
2026-05-01 08:50:00,0.00021118933420005703,-0.0010854132528516948
2026-05-01 08:55:00,0.00030902214324335375,-0.0002330105270266946
2026-05-01 09:00:00,0.0007095610378708983,-0.0011673564513344967
2026-05-01 09:05:00,-0.0005226116765868483,-0.00029711771754006736
2026-05-01 09:10:00,-0.0009382425947244144,-0.0006800838847017104
2026-05-01 09:15:00,-0.0021650829075881006,0.000834624537729325
2026-05-01 09:20:00,-0.0012662878213749451,-0.00029108686350375697
2026-05-01 09:25:00,-0.0013337752169064743,-0.004281931995511509
2026-05-01 09:30:00,-0.00043401595199199505,0.0023582019767231866
2026-05-01 09:35:00,-0.0011958356671151193,-0.0002352233471091214
2026-05-01 09:40:00,-0.001407622561893973,-0.0018333269445577043
2026-05-01 09:45:00,-0.0005171392496290395,0.0016707282346206192
2026-05-01 09:50:00,6.550440026842352e-06,0.0014714956069714054
2026-05-01 09:55:00,-0.001061937720795214,0.00045542322593567495
2026-05-01 10:00:00,-0.0020624870758929603,-0.0003774537608815877
2026-05-01 10:05:00,-0.002494451087983407,0.00041830817631883534
2026-05-01 10:10:00,-0.0015118186159579494,-0.000674638411531883
2026-05-01 10:15:00,-5.905324526622735e-05,-1.2415163305412103e-05
2026-05-01 10:20:00,0.00043768944444622093,-0.0002372564926440714
2026-05-01 10:25:00,0.0009038653440267552,6.150854246460497e-05
2026-05-01 10:30:00,-0.00020780766272565643,-0.00018913638645645138
2026-05-01 10:35:00,-0.00039391187825366103,-0.0002592174629941536
2026-05-01 10:40:00,-0.0004988851770466596,0.0005299175130741613
2026-05-01 10:45:00,-0.0011097674895825804,-0.0020094538447369722
2026-05-01 10:50:00,-0.00045538039279691134,0.0019967455171578134
2026-05-01 10:55:00,-0.0006984196077848281,0.00010475435928832498
2026-05-01 11:00:00,0.000512353421203926,-0.00032062242030407345
2026-05-01 11:05:00,0.0007967796515995218,5.132158015353118e-05
2026-05-01 11:10:00,0.000659023333792419,-0.00015396182470826206
2026-05-01 11:15:00,0.0006696047831518115,-0.0001217311455905988
2026-05-01 11:20:00,0.0003522193684872832,0.0012601338066430968
2026-05-01 11:25:00,0.00039170504892105384,0.0018935726915803254
2026-05-01 11:30:00,-0.0006608488866017836,-0.0003645922567510806
2026-05-01 11:35:00,-0.002224782709484785,-0.001998828533727022
2026-05-01 11:40:00,-0.001852651287720164,-0.00030783642623033426
2026-05-01 11:45:00,-0.0010731682706381918,-0.0003915207890182789
2026-05-01 11:50:00,0.0011108203136220851,0.0006855095666496488
2026-05-01 11:55:00,0.0010231054000815476,-0.00020277627466237986
2026-05-01 12:00:00,0.0012460815200530106,-0.0007010364971056918
2026-05-01 12:05:00,0.001017716005028646,-0.0014476800950035478
2026-05-01 12:10:00,0.0011817305848076387,-0.0011701744755071304
2026-05-01 12:15:00,0.000450747131932161,-0.001867801262878756
2026-05-01 12:20:00,-0.0006739842350267367,-0.0005660328258506821
2026-05-01 12:25:00,-0.00043532713114657895,-0.00011868660165305573
2026-05-01 12:30:00,-0.0004770105098419464,0.0002403676054885083
2026-05-01 12:35:00,-0.00020578699367490572,-0.00023983083541637942
2026-05-01 12:40:00,-0.0005756227225681698,-7.495783103004931e-05
2026-05-01 12:45:00,-0.00035243371163318216,-0.0008633889813983318
2026-05-01 12:50:00,-8.757832786088215e-06,-0.0008534918123944981
2026-05-01 12:55:00,-0.000427006526548368,0.00011098177176626072
2026-05-01 13:00:00,0.0009650662125686438,-0.0006935660030493911
2026-05-01 13:05:00,0.0013215648899400634,-0.0009090011912003351
2026-05-01 13:10:00,0.0011951590918375388,-0.000887695142744981
2026-05-01 13:15:00,0.0007368496187254436,0.0001319553217120858
2026-05-01 13:20:00,0.0005945719257418602,-0.00047184632326625247
2026-05-01 13:25:00,0.0009970613756316027,0.0004369474360260638
2026-05-01 13:30:00,-0.00019235939789652434,0.0003605421936368242
2026-05-01 13:35:00,0.0005374335710737199,-0.009198182605993971
2026-05-01 13:40:00,0.0005483971537767474,-2.485896230881705e-05
2026-05-01 13:45:00,0.0008478521224564162,7.432465798378287e-05
2026-05-01 13:50:00,-0.0005374335710737199,7.422369788708015e-05
2026-05-01 13:55:00,0.00142311804683537,-0.00031600102625019863
2026-05-01 14:00:00,0.0021077720413469336,0.000559905643318234
2026-05-01 14:05:00,0.0046916917692332305,-0.00040398158732166665
2026-05-01 14:10:00,0.004016135220338057,0.00014634822509254847
2026-05-01 14:15:00,0.002070711934486269,-0.001060311243917745
2026-05-01 14:20:00,8.482326859571288e-05,0.0002478681430424265
2026-05-01 14:25:00,-0.002425166355418895,-0.00012568395500757142
2026-05-01 14:30:00,-0.0010076028068652931,-2.6319674570421565e-05
2026-05-01 14:35:00,-0.00102270856935327,-0.0005981680759931615
2026-05-01 14:40:00,-0.00023303855151013408,-0.0007735203602444586
2026-05-01 14:45:00,1.524129694807641e-05,0.00041369327549664126
2026-05-01 14:50:00,0.0006659673530400312,0.0005998527958676284
2026-05-01 14:55:00,0.0001132591632231339,0.000975407973449613
2026-05-01 15:00:00,-0.00026348940696330203,0.0012552488994844566
2026-05-01 15:05:00,-0.0007966012104727582,0.0014005634239561437
2026-05-01 15:10:00,-0.0005271998187588167,-6.569004828474619e-05
2026-05-01 15:15:00,0.0015603258304999201,0.00012677340190310037
2026-05-01 15:20:00,0.0023379410461998873,0.00028595385210661815
2026-05-01 15:25:00,0.004107844703048258,-0.005494581540654549
2026-05-01 15:30:00,0.0005499946334808214,-0.0014984214293287067
2026-05-01 15:35:00,0.002878480103371217,-0.00010659696349759934
2026-05-01 15:40:00,0.003961353338114648,0.0001625277920501197
2026-05-01 15:45:00,0.007239056953682876,-0.00030481279457466844
2026-05-01 15:50:00,0.003930136063088341,-0.001976184516730112
2026-05-01 15:55:00,0.00644875086282326,0.0002263516552579061
2026-05-01 16:00:00,0.004312397756416786,0.0021534433945434757
2026-05-01 16:05:00,0.0031386175576439967,0.00023385569294258888
2026-05-01 16:10:00,-0.0026128400936897833,0.0010911647548694648
2026-05-01 16:15:00,-0.002499485056784323,0.00120051138347451
2026-05-01 16:20:00,-0.002325552397550723,-0.000644299401035701
2026-05-01 16:25:00,-0.0023800706284671236,-8.236816328498014e-05
2026-05-01 16:30:00,-0.002706565879227796,0.00025840831853665973
2026-05-01 16:35:00,-0.001685094864361858,0.0011757323191945144
2026-05-01 16:40:00,-6.90721026685992e-05,-5.7812791628017446e-05
2026-05-01 16:45:00,-0.0009290367853775905,0.00026954132497354383
2026-05-01 16:50:00,-0.0009311480474316625,-0.0005477733759093925
2026-05-01 16:55:00,0.000843647931695557,0.00018402170212575676
2026-05-01 17:00:00,0.002778058377423065,-0.0005988312473386211
2026-05-01 17:05:00,0.0020491080381752624,0.0016836232468418453
2026-05-01 17:10:00,0.00029327600285178335,0.0022757150305493055
2026-05-01 17:15:00,-0.00021989109012388042,0.0017746919324930922
2026-05-01 17:20:00,0.0011598028342039157,-0.0005348168777660712
2026-05-01 17:25:00,0.001264845128156722,0.00017262742684499713
2026-05-01 17:30:00,0.0013595316342964736,-0.0010437473214315583
2026-05-01 17:35:00,0.0009367762877410257,0.0009751095771768667
2026-05-01 17:40:00,-7.752538960303923e-05,-0.0006992443091497118
2026-05-01 17:45:00,-9.904763553514329e-05,-0.0003039058681635074
2026-05-01 17:50:00,-0.0014281270164424598,-0.002083359800885333
2026-05-01 17:55:00,7.752538960303923e-05,-0.0013529646447590442
2026-05-01 18:00:00,0.0006909756915884913,-0.00014357326928391779
2026-05-01 18:05:00,0.0008963180460490605,-0.0025593754147632606
2026-05-01 18:10:00,-0.0011484211550349954,-0.0010045757601496133
2026-05-01 18:15:00,-0.0022102170097735296,0.0005593586470216349
2026-05-01 18:20:00,-0.0005988927127020816,-0.00013787608636626624
2026-05-01 18:25:00,5.3895397668313194e-05,-0.0012725634362155886
2026-05-01 18:30:00,0.00042475800752228565,-0.00040723020307113366
2026-05-01 18:35:00,0.00016376169262777296,0.0006223166502401198
2026-05-01 18:40:00,-4.311524920197485e-06,0.0002789786236055247
2026-05-01 18:45:00,-5.820489634089654e-05,0.0005959165706104954
2026-05-01 18:50:00,-0.0004956768460928629,0.0003103841828920324
2026-05-01 18:55:00,0.0002823656222439297,-0.0002573945035632614
2026-05-01 19:00:00,-2.5869930304622812e-05,0.00016534862758473467
2026-05-01 19:05:00,-0.000793594355373628,0.0002972916586042216
2026-05-01 19:10:00,-0.0017947013685013502,-0.00022527602949454304
2026-05-01 19:15:00,-0.0017499289713658328,0.0004982130564673401
2026-05-01 19:20:00,-0.0009583279207543427,0.0007168462153602497
2026-05-01 19:25:00,-0.0007969995227341542,0.0005050816039061075
2026-05-01 19:30:00,-0.0006221673225859092,-0.0005129400949007697
2026-05-01 19:35:00,-0.00014037285212076256,-0.0004646144652423142
2026-05-01 19:40:00,0.0004774120469797083,0.0006557731255186173
2026-05-01 19:45:00,-0.0007133762670417099,0.00013120745952850958
2026-05-01 19:50:00,-0.001307493419179906,0.0005199237622288755
2026-05-01 19:55:00,-0.0031430071309657137,0.0006348163032347319
2026-05-01 20:00:00,-0.0011706068693158045,9.742282525607865e-05
2026-05-01 20:05:00,-0.0003763561844696284,0.0005977120918120231
2026-05-01 20:10:00,0.0014461882045289087,0.00011833101021492228
2026-05-01 20:15:00,-0.00027066793432339864,-6.172776271331365e-05
2026-05-01 20:20:00,-0.0010064750740585993,0.0007195964586458026
2026-05-01 20:25:00,-4.326784745600776e-06,-5.6086562022582016e-05
2026-05-01 20:30:00,0.001577504127535434,-0.00043613476248190153
2026-05-01 20:35:00,0.001454193179188934,-0.0002812973592664738
2026-05-01 20:40:00,0.0005125937028616079,-0.00017641372923623676
2026-05-01 20:45:00,-0.0008522789241585116,0.001215898103515448
2026-05-01 20:50:00,-0.00033739213504269117,1.8668591496796534e-05
2026-05-01 20:55:00,0.00036752148252361394,0.00029189626695156723
2026-05-01 21:00:00,0.0013754000234893482,-0.001134641961276574
2026-05-01 21:05:00,0.0008238150017518819,-0.0011287075842753929
2026-05-01 21:10:00,-0.0003977939782338069,-0.0006019325045293386
2026-05-01 21:15:00,-0.0018516080314832095,0.0002543264111963873
2026-05-01 21:20:00,-0.0020402364057847677,-0.00036419738388585705
2026-05-01 21:25:00,-0.002804176268005776,0.00033833000051652624
2026-05-01 21:30:00,-0.000771071849682059,0.00031550623861644064
2026-05-01 21:35:00,-0.0015128497556826659,-0.0010030510053908044
2026-05-01 21:40:00,-0.00021035944434366627,-0.00047580049884291225
2026-05-01 21:45:00,-0.0012857192637554249,-0.000954282092760107
2026-05-01 21:50:00,4.337999575554363e-05,-0.0005377969223048357
2026-05-01 21:55:00,0.00017349552316758832,7.81998820110595e-05
2026-05-01 22:00:00,0.00028634026964091674,-0.0005373426304801488
2026-05-01 22:05:00,0.00023855634488612054,-0.0004970799514025014
2026-05-01 22:10:00,0.00048562739025648227,-0.0003943346704523217
2026-05-01 22:15:00,0.0009062036543099339,-0.0002738919354912489
2026-05-01 22:20:00,0.00010624768948375163,0.000538352950206064
2026-05-01 22:25:00,6.502147878428843e-05,-0.0006637900517165627
2026-05-01 22:30:00,-0.00029258365663054064,0.00038650186887890614
2026-05-01 22:35:00,0.000808413613672343,-0.0002524590245371566
2026-05-01 22:40:00,4.3345303867070584e-05,-0.0003178268073823282
2026-05-01 22:45:00,0.0026323381300432658,-5.242007134372863e-05
2026-05-01 22:50:00,0.0013076821684823159,-0.0005664235344892661
2026-05-01 22:55:00,0.0017647248091225975,-0.0006098311843635664
2026-05-04 00:00:00,-0.0008478260907232027,-0.0006515642583918189
2026-05-04 00:05:00,-0.0010195854353050038,0.0002837690688958685
2026-05-04 00:10:00,-0.0003462034499133182,-0.004384361326075248
2026-05-04 00:15:00,0.00034397529774388147,0.0004618363802846425
2026-05-04 00:20:00,0.0018479094027359366,0.0002500499833789885
2026-05-04 00:25:00,0.001595865792964446,0.002531812504473911
2026-05-04 00:30:00,0.0006940803444166477,0.00042433958440525436
2026-05-04 00:35:00,-0.0012330031024401222,0.0017516828681620788
2026-05-04 00:40:00,-0.001978993046764188,-0.0011206967214048816
2026-05-04 00:45:00,-0.001505532466204329,-0.0014884993735309667
2026-05-04 00:50:00,-0.0009918315479175988,-0.0016458496428159695
2026-05-04 00:55:00,-0.0007580286421315918,-0.0017466016155908703
2026-05-04 01:00:00,-0.0006929602020093739,-0.0012417180013801498
2026-05-04 01:05:00,0.00010182714742157373,-0.0005982889584360499
2026-05-04 01:10:00,0.0003227738650508627,-0.0009422508570011328
2026-05-04 01:15:00,0.0003118915162634295,-0.0007458517921465704
2026-05-04 01:20:00,-0.00020583153303377344,-0.0009561275128756245
2026-05-04 01:25:00,-0.0007410184358640493,-0.0005708648174446736
2026-05-04 01:30:00,-0.0006932244093302842,-0.0005206803762869265
2026-05-04 01:35:00,0.0002686558772708736,-0.00021422061701971157
2026-05-04 01:40:00,-8.020158781896214e-05,3.81503989130155e-05
2026-05-04 01:45:00,-0.0012859032747432053,0.0004214832966650013
2026-05-04 01:50:00,-0.00012565263562080986,0.0006595526926211413
2026-05-04 01:55:00,-5.419390363137211e-05,-0.00015698746833963523
2026-05-04 02:00:00,-0.0001453915755735835,-0.0006118841416470836
2026-05-04 02:05:00,-0.002414294308673348,-0.00041280651453935453
2026-05-04 02:10:00,-0.0013753399842890701,0.00013822493701386033
2026-05-04 02:15:00,0.00016492017683766846,-0.0015770189431378802
2026-05-04 02:20:00,0.00047985218868085155,-0.001194463249559918
2026-05-04 02:25:00,-9.551969232468593e-05,-0.00222067073446468
2026-05-04 02:30:00,0.0001930956382665272,-0.0003028802850089412
2026-05-04 02:35:00,0.0006640308215413171,-0.0010628808731180952
2026-05-04 02:40:00,0.0015835796975434135,-0.00029187457676143344
2026-05-04 02:45:00,-0.0016827034043078726,0.0004826314787724199
2026-05-04 02:50:00,-0.0022782046142015844,0.0007475818982979966
2026-05-04 02:55:00,-0.0027500899118795274,0.001368827905117938
2026-05-04 03:00:00,-0.0004694907198814491,0.00039753157575271234
2026-05-04 03:05:00,-0.00018048009929749753,-0.0007589571870339027
2026-05-04 03:10:00,-0.001357209403424875,-0.0005703332607159977
2026-05-04 03:15:00,-0.0001326275808608557,-0.0005361513531322597
2026-05-04 03:20:00,0.0004609206754508932,-0.0009345965279140844
2026-05-04 03:25:00,0.001548462612390722,-0.0009908290926754913
2026-05-04 03:30:00,0.0005108456998446087,-0.0010337023724943002
2026-05-04 03:35:00,0.0012382153904209048,-0.0006697528938869508
2026-05-04 03:40:00,0.0025436635939968255,-0.00038933183151430655
2026-05-04 03:45:00,0.0024701124760611037,-0.0007458011599595751
2026-05-04 03:50:00,0.0005230653484282755,-0.0005941704257783761
2026-05-04 03:55:00,-0.0011733615765763261,0.0011915070825603905
2026-05-04 04:00:00,-0.001635930067605429,-0.0002502305242564652
2026-05-04 04:05:00,-0.002224376071927381,0.000728827884265054
2026-05-04 04:10:00,-0.003345448021974562,-0.0009520146851054693
2026-05-04 04:15:00,-0.0020432435546098304,-0.0011623129998832296
2026-05-04 04:20:00,0.0005478642129510547,-0.001279470292545984
2026-05-04 04:25:00,0.0024531190603180875,-0.0010695620771317494
2026-05-04 04:30:00,0.0019824412684261716,-0.0013823015568452507
2026-05-04 04:35:00,0.0018348967671784067,-0.00039911579903752773
2026-05-04 04:40:00,0.00034313065796531816,6.182487562526027e-07
2026-05-04 04:45:00,0.00011942956112953595,-4.633111655337122e-05
2026-05-04 04:50:00,-0.0002017824119846523,0.00012906670520488353
2026-05-04 04:55:00,0.0010330243136777995,-0.000242626172358379
2026-05-04 05:00:00,0.0007705205735799581,-0.0009070538608711037
2026-05-04 05:05:00,0.0003254353811694699,0.0001433888307447759
2026-05-04 05:10:00,-0.0002234421158640032,-9.031953597636756e-05
2026-05-04 05:15:00,-0.0001822667478901252,0.0001822672944956929
2026-05-04 05:20:00,-0.0018172842363135544,-0.0001173822256094783
2026-05-04 05:25:00,-0.0007010210669360362,0.00017990401588529036
2026-05-04 05:30:00,0.00043825203230341003,-0.000708104554674318
2026-05-04 05:35:00,0.0025740542739818295,-0.00042565112306972583
2026-05-04 05:40:00,0.002034425423635966,0.0003134326042061151
2026-05-04 05:45:00,8.676319071199146e-06,-0.011253745503927642
2026-05-04 05:50:00,-0.0006005986652990458,0.00015638107707615257
2026-05-04 05:55:00,-0.0008562099039224336,-0.0010838743760301253
2026-05-04 06:00:00,0.00023423216418372306,-0.0006935192508196062
2026-05-04 06:05:00,-0.000258129732229051,-0.0007857930976533046
2026-05-04 06:10:00,-0.0006963463790992108,0.0008057767797669488
2026-05-04 06:15:00,-5.638421070131017e-05,0.00013574290176328373
2026-05-04 06:20:00,0.00018872324443108823,0.0007948976149118437
2026-05-04 06:25:00,0.0002603731596018122,0.0006796321625199447
2026-05-04 06:30:00,-0.0007267733860931713,0.0002080588220481179
2026-05-04 06:35:00,-0.0007116943833533895,0.0004381294132326765
2026-05-04 06:40:00,-0.0007357290071272615,0.0004579805941539439
2026-05-04 06:45:00,-0.0007120992029268081,0.00021707785554284434
2026-05-04 06:50:00,-0.0001628061709304518,0.0007961066474766066
2026-05-04 06:55:00,-0.0004473447126134289,0.0004709781293197206
2026-05-04 07:00:00,0.0014301978128834492,2.07249152841381e-05
2026-05-04 07:05:00,-0.00041256096716324464,-0.00023885188112518464
2026-05-04 07:10:00,-0.0015651088336774421,0.0010439075655309777
2026-05-04 07:15:00,-0.0033845611311846824,-0.0010273773932454509
2026-05-04 07:20:00,-0.0016824042781014015,0.0006072934614810325
2026-05-04 07:25:00,0.0004958828774093149,-0.0024885202460540098
2026-05-04 07:30:00,0.00020235273196256287,0.00020516336003203371
2026-05-04 07:35:00,0.0003915094697433119,0.0016311547608941917
2026-05-04 07:40:00,-3.261631794693187e-05,-5.39423373593088e-05
2026-05-04 07:45:00,-0.0005244608890890845,0.0005910761307498584
2026-05-04 07:50:00,-0.00035670242044183453,0.0003453506398423209
2026-05-04 07:55:00,-0.0002674939422053768,0.00277218222900027
2026-05-04 08:00:00,0.000561445672030203,0.00015752603728583665
2026-05-04 08:05:00,-0.0009097320182736013,3.464103442686389e-06
2026-05-04 08:10:00,-0.0007071374393206042,0.0004152342572978462
2026-05-04 08:15:00,-0.0014630293843858055,6.479151007603848e-05
2026-05-04 08:20:00,-0.001322545449641055,0.00040611576576114115
2026-05-04 08:25:00,-0.0019128629486839799,-0.00012399715874815642
2026-05-04 08:30:00,0.00021784831308302444,-0.0005277838217314459
2026-05-04 08:35:00,0.0003967293856295129,-0.0002277120578493982
2026-05-04 08:40:00,0.0005777303642453546,-0.00017358260439935834
2026-05-04 08:45:00,-0.0005665043565361572,-0.000128399525240005
2026-05-04 08:50:00,0.0006579621277342795,-0.000760772245085844
2026-05-04 08:55:00,0.0007777735807454889,-0.0006812789658885705
2026-05-04 09:00:00,3.4871075101250426e-05,-0.0005208196955154491
2026-05-04 09:05:00,-0.0007429623184904699,0.0005220111624996987
2026-05-04 09:10:00,-0.0012224873798700742,0.000258791965961039
2026-05-04 09:15:00,-0.0004926666882578701,0.0011425020726304946
2026-05-04 09:20:00,-0.0005603102128510784,-0.0025646214548529036
2026-05-04 09:25:00,0.0004054823005841257,0.00021214509323743368
2026-05-04 09:30:00,0.0003357372734793529,0.0007296622952317385
2026-05-04 09:35:00,-0.0006981016283127417,0.0006142134332815974
2026-05-04 09:40:00,-0.0020399777113428996,-0.0007429631793976486
2026-05-04 09:45:00,-0.002798346393550588,-0.00029046521964653583
2026-05-04 09:50:00,-0.000790315403163433,0.00015472463282385415
2026-05-04 09:55:00,0.00033628272522356895,0.0024803612697790606
2026-05-04 10:00:00,0.000271009226899821,0.0003662095967077528
2026-05-04 10:05:00,-0.00022498293610162534,0.0007514666418963634
2026-05-04 10:10:00,-0.001133768393630774,-0.0008867282638445626
2026-05-04 10:15:00,0.0003539498214770731,0.0009819500827035288
2026-05-04 10:20:00,0.0003298120647183822,-0.0005968193788298455
2026-05-04 10:25:00,0.0007144894162944837,-0.0011436292286396775
2026-05-04 10:30:00,-0.0001398170583453151,-0.0007242776447086507
2026-05-04 10:35:00,-0.0003057823465102416,0.0003533914033464413
2026-05-04 10:40:00,-0.00042601022413357725,-0.0024624684958831594
2026-05-04 10:45:00,0.0008233284114815831,0.0013007292664230503
2026-05-04 10:50:00,0.0005503409195064535,7.893785522847111e-05
2026-05-04 10:55:00,0.0017007716518762095,-0.0013827361774942212
2026-05-04 11:00:00,0.0004168653748912732,-0.00039425442243134037
2026-05-04 11:05:00,0.00013535492483462974,-0.0005973425704320785
2026-05-04 11:10:00,-0.0005826088164919696,-0.00027123064407740373
2026-05-04 11:15:00,-3.9278326225300475e-05,-0.00028516784532030227
2026-05-04 11:20:00,0.0006721368968118924,-0.0003258854342659799
2026-05-04 11:25:00,-1.3096233304921157e-05,0.00012191858295842648
2026-05-04 11:30:00,-0.00013312135777177048,-0.002792965184716476
2026-05-04 11:35:00,-0.0010149260466345567,-0.000957252430719953
2026-05-04 11:40:00,-0.0012252561520700311,0.0009263069740519502
2026-05-04 11:45:00,-0.004942376467415244,9.082674685009144e-05
2026-05-04 11:50:00,-0.006775037254197258,-0.0005038639071954015
2026-05-04 11:55:00,-0.007383231609196628,-0.0007022856669936797
2026-05-04 12:00:00,-0.004594485037248575,0.001109102631012387
2026-05-04 12:05:00,-0.002602115741126454,0.0008862505055084978
2026-05-04 12:10:00,0.0006360574338781788,0.0022448692121406254
2026-05-04 12:15:00,0.004302736794167927,0.0006390151747513869
2026-05-04 12:20:00,0.0054518210633585085,0.003202084288271685
2026-05-04 12:25:00,0.0029592742709354525,-0.00026520872832230444
2026-05-04 12:30:00,0.0018214841469728071,0.003912785672828428
2026-05-04 12:35:00,0.00010522646718413853,0.0029309772660336066
2026-05-04 12:40:00,0.0011006262840851377,0.0016632000664601504
2026-05-04 12:45:00,-0.000889504346234915,0.0008743867202148405
2026-05-04 12:50:00,0.0011436234387840472,0.003276730965352162
2026-05-04 12:55:00,0.0005082469751496177,0.0006832128137057793
2026-05-04 13:00:00,0.0013821157328930411,0.0006673188482416567
2026-05-04 13:05:00,-0.0006308029147241712,-0.001597692955988253
2026-05-04 13:10:00,-0.0009137153240388329,0.0005663085628850226
2026-05-04 13:15:00,-0.0025313167918881163,0.0008905065690690325
2026-05-04 13:20:00,-0.0022965900153995022,-0.0020216357624819278
2026-05-04 13:25:00,-0.0017091564681575022,-0.0018651520828062325
2026-05-04 13:30:00,-0.00028970176284204285,-0.0007743021958574294
2026-05-04 13:35:00,0.001169792281304538,-3.5602137254535024e-05
2026-05-04 13:40:00,0.001421941584506925,0.00017790907045287657
2026-05-04 13:45:00,0.0016164287032758295,-0.0004271745294189668
2026-05-04 13:50:00,0.00039693548784569543,0.0003440907261325161
2026-05-04 13:55:00,0.0006926832325397925,0.00011198827342481961
2026-05-04 14:00:00,0.0022043919433105685,-0.0006206552281670177
2026-05-04 14:05:00,0.002527040001474745,-0.000575104606993419
2026-05-04 14:10:00,0.001029369985108275,3.61227698163942e-05
2026-05-04 14:15:00,-0.001512122982328279,0.00015422722041115097
2026-05-04 14:20:00,-0.0008226671506523786,-0.00025243435730306144
2026-05-04 14:25:00,0.00037644093057842554,-0.0014511259587289167
2026-05-04 14:30:00,0.0008690389567718171,-0.00017691826101646005
2026-05-04 14:35:00,0.0007592408394287986,0.00037213462057304227
2026-05-04 14:40:00,-0.0005099801918664326,0.00010817236760653302
2026-05-04 14:45:00,-0.0010245386641543064,0.0003701463029542433
2026-05-04 14:50:00,0.00034988814870295926,-0.0003807229164307629
2026-05-04 14:55:00,-0.00032626106210287276,-0.00017610511668706558
2026-05-04 15:00:00,-8.761611879393172e-05,0.002593304372489661
2026-05-04 15:05:00,-0.002500012247859118,-0.0011702980664997603
2026-05-04 15:10:00,-0.00114604151659492,-0.0011897169482237542
2026-05-04 15:15:00,0.0009458480823738569,-0.0013328832075784388
2026-05-04 15:20:00,0.0009223607390875799,0.0040538771518745
2026-05-04 15:25:00,0.0009072998809998012,-0.1267465338956723
2026-05-04 15:30:00,-0.0017150089351662956,0.0005259727654844432
2026-05-04 15:35:00,-0.0005081790651981777,-0.0037163163933136853
2026-05-04 15:40:00,-0.0002344165066237025,-0.00035270311227053293
2026-05-04 15:45:00,-0.0004604647266699402,-0.0009445223438499209
2026-05-04 15:50:00,-0.002070430441499127,-0.00190622178622968
2026-05-04 15:55:00,-0.0007255057213448879,-0.0001619405048744584
2026-05-04 16:00:00,0.002886459961001009,0.00260279958940951
2026-05-04 16:05:00,0.004864409782523893,0.00040256961325789865
2026-05-04 16:10:00,0.0021924429761757125,2.604959308177661e-05
2026-05-04 16:15:00,0.0006012092137677172,-0.0008164768797018053
2026-05-04 16:20:00,0.0006836307830191402,0.00029903164452326544
2026-05-04 16:25:00,0.0008682008341658332,0.0006348658063145196
2026-05-04 16:30:00,-0.0009730466857078568,-9.34523619902216e-05
2026-05-04 16:35:00,-0.0019954131802979447,-0.0012388147952840092
2026-05-04 16:40:00,-0.002961979181201002,-0.00023707981817246756
2026-05-04 16:45:00,-0.0023216400323224917,-0.0006038345249208535
2026-05-04 16:50:00,-0.002874440291554592,-0.0018815739752539402
2026-05-04 16:55:00,-0.0029861714250358773,-0.0002150666279459026
2026-05-04 17:00:00,-0.0044017937536402485,0.006031956040387669
2026-05-04 17:05:00,-0.008084706088391513,0.0007040562291346342
2026-05-04 17:10:00,-0.0020185151071654417,0.003655471048659863
2026-05-04 17:15:00,-0.0013443942994957325,7.151149721933365e-05
2026-05-04 17:20:00,0.002875685011655804,-0.0012808241232446726
2026-05-04 17:25:00,-0.0007494500710087948,0.006021580421071685
2026-05-04 17:30:00,-0.0025947168486002425,-0.007484862851783682
2026-05-04 17:35:00,-0.0013197563677067592,0.004151832928791295
2026-05-04 17:40:00,-0.003047665154944923,0.0010758652225009609
2026-05-04 17:45:00,1.5477839603761367e-05,-0.00028648556465114583
2026-05-04 17:50:00,-0.0040340525626110235,-0.0006165809763626398
2026-05-04 17:55:00,-0.0027220302897141835,0.004180667406239383
2026-05-04 18:00:00,0.0001017055580749826,-0.0010765373054926952
2026-05-04 18:05:00,0.0026395756576604867,-0.0017390305419818508
2026-05-04 18:10:00,0.0013098914175628806,0.000998318661492961
2026-05-04 18:15:00,-0.0011171171137203117,-0.00110195593831983
2026-05-04 18:20:00,-0.001795127961571552,-0.0007450770160030761
2026-05-04 18:25:00,-0.0004851911559988764,6.958215492551778e-05
2026-05-04 18:30:00,-0.0018409867214259634,-0.0005325241416513901
2026-05-04 18:35:00,-0.0009619733162544719,-0.0015070005747730047
2026-05-04 18:40:00,-4.875367869594527e-05,0.0005934992191345345
2026-05-04 18:45:00,0.002608724091194503,-0.0003113516504116885
2026-05-04 18:50:00,0.0033407640434468533,-0.0007421113889789536
2026-05-04 18:55:00,0.0022225232120316463,-0.0005452122199345374
2026-05-04 19:00:00,0.0018604779855433407,0.0002766530781664165
2026-05-04 19:05:00,0.0003601975158797899,-0.00030616919001440614
2026-05-04 19:10:00,0.00036699357509917263,-0.0016226107681455682
2026-05-04 19:15:00,-0.0009275967298147947,0.0003652038800558856
2026-05-04 19:20:00,-0.00020770543025605548,0.0005842641864460783
2026-05-04 19:25:00,0.0005590746466062058,-0.00010567474243627803
2026-05-04 19:30:00,-0.0007449086284125883,0.0006716497916615379
2026-05-04 19:35:00,-0.0005106083976702536,0.0001521738003169643
2026-05-04 19:40:00,-0.000873000580350336,0.000894310536256468
2026-05-04 19:45:00,0.00024099555601431177,-0.0009450893915983914
2026-05-04 19:50:00,-0.0007630827585138888,9.16338674754151e-06
2026-05-04 19:55:00,-0.0005396522912466395,-0.00021938990538853434
2026-05-04 20:00:00,-0.0012121991171820667,-6.029090639626599e-05
2026-05-04 20:05:00,-0.0012066373150343424,0.0025815849258855185
2026-05-04 20:10:00,-0.001667240881769061,0.0005051345803685919
2026-05-04 20:15:00,-0.0007904902447322115,-0.0014959047232095738
2026-05-04 20:20:00,0.00021708070835835258,-0.000479206290146705
2026-05-04 20:25:00,-0.00011302126917200894,-0.0014612062763825022
2026-05-04 20:30:00,0.00023034738259042342,-0.0002968357297577117
2026-05-04 20:35:00,-0.00041426627279683714,0.0014074569901539105
2026-05-04 20:40:00,0.0009635950146904548,-0.00044491155325602507
2026-05-04 20:45:00,-0.0007665534935625828,-0.0022692518104356282
2026-05-04 20:50:00,0.0010807196695310495,8.424347188194038e-05
2026-05-04 20:55:00,0.0005533703716196214,-0.00849337745051061
2026-05-04 21:00:00,0.0019772194523000053,0.0006515158237211015
2026-05-04 21:05:00,0.0016078436137281216,-0.004679022179288696
2026-05-04 21:10:00,0.000840536931359992,-0.0008855419533565136
2026-05-04 21:15:00,0.0005395687561389195,0.0005316909634867764
2026-05-04 21:20:00,-0.00017901284409660434,-0.002633648958655474
2026-05-04 21:25:00,-0.000367095022022923,-0.001795615108163647
2026-05-04 21:30:00,-0.0007010537101841408,0.000691151552988819
2026-05-04 21:35:00,-0.0009331535515606504,-6.483695357692378e-05
2026-05-04 21:40:00,-0.0008541278568845456,-0.0012202194363193498
2026-05-04 21:45:00,-0.0009406703356624746,-0.0013132854628208103
2026-05-04 21:50:00,-0.00139914966936594,-0.00035360937050622375
2026-05-04 21:55:00,-0.0005801607340778503,-0.0011671362510913231
2026-05-04 22:00:00,-0.0006534565312907858,-0.0004867192941426547
2026-05-04 22:05:00,-0.00019497366809417827,0.00030257462819020765
2026-05-04 22:10:00,0.00013510565393382024,0.0005793054643751254
2026-05-04 22:15:00,0.0009390711859289524,0.0005495687287727452
2026-05-04 22:20:00,0.0009213589809871081,0.0006746459982733153
2026-05-04 22:25:00,0.0008456566518315611,-0.000991713500107874
2026-05-04 22:30:00,0.000854142977036787,0.0005265507170430731
2026-05-04 22:35:00,0.0009448397960429844,0.0015648577192109289
2026-05-04 22:40:00,0.0006193991583955949,0.0004373791914924574
2026-05-04 22:45:00,0.0003273018415619333,-0.000171555888376682
2026-05-04 22:50:00,-0.00012607453676061198,-0.00037817848626094976
2026-05-04 22:55:00,0.00016363427334198377,-8.620617181306044e-05
2026-05-04 23:00:00,-0.00029191269364048367,0.0006912919912554895
2026-05-05 00:00:00,-5.5300864366003566e-05,-0.002730770918261961
2026-05-05 00:05:00,-0.0005883237808248509,0.0031930332138496117
2026-05-05 00:10:00,-0.00029642279841191055,-0.004749230151402142
2026-05-05 00:15:00,0.00016146995200827519,-0.00016950917326190459
2026-05-05 00:20:00,-3.0973999542993624e-05,0.00028994671484524866
2026-05-05 00:25:00,-0.00013718058517930842,0.0010049016516800822
2026-05-05 00:30:00,-0.0006571022030321672,-0.00027639651120753305
2026-05-05 00:35:00,-0.0006905267532566484,-7.7669504183321e-05
2026-05-05 00:40:00,-0.0003806640420247476,-0.0003457502747981956
2026-05-05 00:45:00,-4.6478120433235404e-05,-0.0008340661811560345
2026-05-05 00:50:00,0.0006440639550149285,-0.00036634998082444876
2026-05-05 00:55:00,0.0006373091607603243,-0.000442036820271355
2026-05-05 01:00:00,0.0003983138101588679,-0.00016942884004904953
2026-05-05 01:05:00,0.0004291456307399244,0.0006531549848026998
2026-05-05 01:10:00,0.00011723835123156334,0.0006655450011450205
2026-05-05 01:15:00,0.00028314888290026374,-0.0002266754266822971
2026-05-05 01:20:00,-0.0002123377062250853,0.000782978834013501
2026-05-05 01:25:00,-0.0005088698332293973,0.0007956115385160582
2026-05-05 01:30:00,-0.00030306080582853667,0.0006835533611865552
2026-05-05 01:35:00,-0.00030973999787420325,0.00014058818732038238
2026-05-05 01:40:00,0.0001748149234437335,0.0005884362675157698
2026-05-05 01:45:00,0.0006635171961679731,-0.010748442444889024
2026-05-05 01:50:00,0.0015875089839969547,0.0009129721698087396
2026-05-05 01:55:00,0.0017000847504622385,0.0017052484109422335
2026-05-05 02:00:00,0.00015033604556080604,0.0011933606751874212
2026-05-05 02:05:00,-0.0014790890713562987,1.6498395681711128e-05
2026-05-05 02:10:00,-0.0022268350453842345,-0.00033047847929245375
2026-05-05 02:15:00,-0.0012011083492069474,-0.000713408154439909
2026-05-05 02:20:00,0.00029201149670932125,-0.00016163575984415356
2026-05-05 02:25:00,0.0016501471401788592,-0.0011800072967275857
2026-05-05 02:30:00,0.001925941426256017,0.00023320985320586345
2026-05-05 02:35:00,0.0017259920725631872,-0.0007999298060137926
2026-05-05 02:40:00,0.001113305438975587,-0.000694390009914492
2026-05-05 02:45:00,0.0017259916042995371,0.0010225152373936133
2026-05-05 02:50:00,0.0013063243836590743,-0.0006426631485699625
2026-05-05 02:55:00,0.002046659235624304,-0.0006085823246897376
2026-05-05 03:00:00,0.0005158946366581318,-0.0022339639344315806
2026-05-05 03:05:00,0.0006899858639268786,0.0005172300186919262
2026-05-05 03:10:00,-0.00015864272370080812,0.0005673225097545501
2026-05-05 03:15:00,-0.00045855986553000605,-0.0008876720422187172
2026-05-05 03:20:00,-6.390839505066026e-05,7.757526303149717e-05
2026-05-05 03:25:00,-0.0002776853402188806,-0.0009662715548604337
2026-05-05 03:30:00,0.0009499554940646249,0.00038507129267050053
2026-05-05 03:35:00,0.00010357362055302133,0.00023751524577173347
2026-05-05 03:40:00,0.0010596383461436432,0.0008079689950640505
2026-05-05 03:45:00,9.913127963478985e-05,-0.00010403333508718794
2026-05-05 03:50:00,0.0001718644654609136,0.00020793408141985773
2026-05-05 03:55:00,-0.0006783917091119918,0.0016818556921641618
2026-05-05 04:00:00,-0.0008109621363754371,-7.037668832563849e-05
2026-05-05 04:05:00,-0.00010575925237965578,-0.0025438793504213722
2026-05-05 04:10:00,0.0007070150056147639,-0.0003964680280963797
2026-05-05 04:15:00,0.001240417494484447,0.0009535635065666582
2026-05-05 04:20:00,0.000903000224338868,0.0002961861919392781
2026-05-05 04:25:00,0.00060970176027908,0.0004061866590673103
2026-05-05 04:30:00,0.0005305080784765437,0.00046222083791545225
2026-05-05 04:35:00,-0.00016952566978467587,0.0004076131187792469
2026-05-05 04:40:00,-0.0011845264380667686,0.0002997939603777038
2026-05-05 04:45:00,-0.0006273947145825076,0.0006909923510452648
2026-05-05 04:50:00,-0.00018937433858035035,0.0005395380843326572
2026-05-05 04:55:00,0.0007157274243034806,0.0004096997000799191
2026-05-05 05:00:00,-0.0001189191571349113,0.0005518816652656561
2026-05-05 05:05:00,-0.0005374899350041318,-2.953742779954389e-05
2026-05-05 05:10:00,-0.0010131802389139466,0.0009180262698620379
2026-05-05 05:15:00,-0.0004934453378115933,0.00013216455176627605
2026-05-05 05:20:00,4.186409812589886e-05,-7.474481264352936e-05
2026-05-05 05:25:00,-0.0003614691556297345,-0.0003710715053230982
2026-05-05 05:30:00,-0.0003966950943379288,0.00018693976451010746
2026-05-05 05:35:00,-0.0006964939746101351,0.0006184394238753907
2026-05-05 05:40:00,-0.0003219056844141477,0.000694938492486423
2026-05-05 05:45:00,-0.00031526442237606034,0.004119470510876544
2026-05-05 05:50:00,-0.0003616628591807114,0.0005850334175708155
2026-05-05 05:55:00,-0.0003639222922711127,0.000618955336460817
2026-05-05 06:00:00,-0.0009287335588492596,0.0011342572221459866
2026-05-05 06:05:00,-0.0006552957283947336,-0.004128095200594116
2026-05-05 06:10:00,-0.0007547336722311115,0.001162563534171302
2026-05-05 06:15:00,0.0004920494399325293,0.0012070577738601085
2026-05-05 06:20:00,0.00024495876098384883,0.0009339369588279124
2026-05-05 06:25:00,0.00044805389756419345,0.000400217585288509
2026-05-05 06:30:00,0.00031099156934288885,0.0007307058162678118
2026-05-05 06:35:00,0.0006419044709229382,-0.00028552131132699213
2026-05-05 06:40:00,0.0004015328902760018,0.001053629734199237
2026-05-05 06:45:00,0.00047402090768500216,0.0011343803640988031
2026-05-05 06:50:00,0.001971663764113174,0.0013146046185075846
2026-05-05 06:55:00,0.00144154177330158,0.0005185645246286719
2026-05-05 07:00:00,1.5429462559168883e-05,0.00037973758703746237
2026-05-05 07:05:00,-0.0009445917325070496,-0.00013568166704674717
2026-05-05 07:10:00,5.0658617096743797e-05,0.00042736984961114785
2026-05-05 07:15:00,0.002298532725770741,-0.0009732586863816478
2026-05-05 07:20:00,0.0020246040233686813,-0.0007312088380985599
2026-05-05 07:25:00,0.0012436347870377062,-0.00048218785807629646
2026-05-05 07:30:00,0.00013193917622977835,-0.0002580320351768955
2026-05-05 07:35:00,-0.0006729460555643385,-4.8703357251390564e-05
2026-05-05 07:40:00,4.39950109587528e-06,-0.0017852363094548668
2026-05-05 07:45:00,-0.0008997306914633185,-0.0008823870336360084
2026-05-05 07:50:00,-0.0004026646331141137,0.0004103804320028387
2026-05-05 07:55:00,-0.00047965958291484867,-0.001131484025506755
2026-05-05 08:00:00,-0.0010877967465461325,0.0018302707367733053
2026-05-05 08:05:00,-0.0018724287119038507,0.002954547765208073
2026-05-05 08:10:00,-0.0015130945002699292,0.00037454065237312994
2026-05-05 08:15:00,0.0009689453788457314,0.001967587755836023
2026-05-05 08:20:00,0.002798534963538657,0.0013032970888853944
2026-05-05 08:25:00,0.002104934821868909,0.001430881958943028
2026-05-05 08:30:00,0.0012076645260670205,0.00224500072297324
2026-05-05 08:35:00,0.0004945984456128372,0.0019704722950297836
2026-05-05 08:40:00,0.0003298704298888566,0.0032377701486550744
2026-05-05 08:45:00,0.0009316982411373687,0.0009048599678946018
2026-05-05 08:50:00,0.0005031402428290477,0.0009443689400391126
2026-05-05 08:55:00,0.0012700841984365496,-0.00015240855062967872
2026-05-05 09:00:00,0.00047430518474733674,-0.00012905213356782298
2026-05-05 09:05:00,-0.00030976382404013236,-0.00030727551672328295
2026-05-05 09:10:00,-0.0010436361667434113,2.3079126079889435e-05
2026-05-05 09:15:00,-0.0005116443107748836,0.0034959744349739646
2026-05-05 09:20:00,0.0005557489958878392,0.0026309337927910123
2026-05-05 09:25:00,0.000516461393903711,-0.000645227040206954
2026-05-05 09:30:00,-0.0015541043454412318,0.00026383033967879535
2026-05-05 09:35:00,-0.0018353650219005146,-0.0005153810405563249
2026-05-05 09:40:00,-0.0012399557491100666,-0.00025762207551765994
2026-05-05 09:45:00,0.0010136291095577121,0.005395012185758706
2026-05-05 09:50:00,0.000571852134626738,-0.0013066890648291024
2026-05-05 09:55:00,0.0012113925128502956,-0.0008828040479005679
2026-05-05 10:00:00,0.0001450342261346549,-0.000302658822153354
2026-05-05 10:05:00,0.0008813313288129621,0.0011559271351600764
2026-05-05 10:10:00,1.538030551984093e-05,0.00044667951346470517
2026-05-05 10:15:00,0.00011205749659914943,-6.521093870919979e-05
2026-05-05 10:20:00,-0.00038232767705181914,0.00015755119404445034
2026-05-05 10:25:00,-0.00028347505444692445,-0.00013522140241505921
2026-05-05 10:30:00,0.00011643860458221411,0.00047184259183987744
2026-05-05 10:35:00,0.001497713083653096,0.00040403262501216065
2026-05-05 10:40:00,0.0019563183114819083,0.0005128755008092632
2026-05-05 10:45:00,0.0007115187271473644,0.0005028306458104456
2026-05-05 10:50:00,0.0005791582185175059,0.00011221085624550198
2026-05-05 10:55:00,-0.00026764246636545863,5.889023942830815e-05
2026-05-05 11:00:00,-0.00019320192735072794,0.0005115947123870352
2026-05-05 11:05:00,-0.0010400919027109268,0.0008548877641027236
2026-05-05 11:10:00,-0.0011459683807739651,-1.4969397373214288e-05
2026-05-05 11:15:00,-0.00016249415386226929,-6.0915356664519244e-05
2026-05-05 11:20:00,-0.00011416878550107867,0.00023417869983067847
2026-05-05 11:25:00,0.0006960799126041195,6.814396537656048e-05
2026-05-05 11:30:00,8.564210170902697e-05,-0.0006800032416426492
2026-05-05 11:35:00,-4.1718769390186594e-05,9.786413665603569e-05
2026-05-05 11:40:00,0.00023484508563065276,0.00020242056585910028
2026-05-05 11:45:00,0.00038200619578177,-0.0007565475957328504
2026-05-05 11:50:00,-0.00043046365552967814,0.00047561631401851485
2026-05-05 11:55:00,-0.0008254937513907379,0.0002785828154278887
2026-05-05 12:00:00,-0.0007202254089779814,0.0004935727607136304
2026-05-05 12:05:00,4.393335311192459e-05,-0.0002859959962835041
2026-05-05 12:10:00,-0.0010658065043003262,0.001459067737212214
2026-05-05 12:15:00,7.028873296555105e-05,0.0013331583681747711
2026-05-05 12:20:00,-0.00038008738073180837,0.003113781666894244
2026-05-05 12:25:00,-0.0006224287899403436,0.0011022054149032142
2026-05-05 12:30:00,-0.0018577211221018075,-0.0004642819730297002
2026-05-05 12:35:00,-0.002100774099162095,0.0005380349060617512
2026-05-05 12:40:00,-0.0003300664123582209,0.0008110699490121738
2026-05-05 12:45:00,-0.0002464897235068264,0.00016156954501638562
2026-05-05 12:50:00,0.0019689181384219268,-0.01619320961034612
2026-05-05 12:55:00,0.001963390985926239,0.0009143953114644165
2026-05-05 13:00:00,0.0015351695330139137,-0.0012948875221336367
2026-05-05 13:05:00,0.0009489750903277638,0.00021107252919383662
2026-05-05 13:10:00,0.0007926183716175927,-0.0013461304146277298
2026-05-05 13:15:00,0.0015064840946052982,-0.00012474062147090005
2026-05-05 13:20:00,0.0005597365213976246,0.0004958319765745983
2026-05-05 13:25:00,0.0015680154443931116,-0.0005083940907179465
2026-05-05 13:30:00,0.0011513904035442835,-3.2081591959215255e-05
2026-05-05 13:35:00,0.0009563144897608566,-0.0011669945484322388
2026-05-05 13:40:00,-7.889027681429184e-05,-0.0003023062984107162
2026-05-05 13:45:00,-0.0011053093249753232,-3.485538258978145e-05
2026-05-05 13:50:00,-0.0006864359005742671,-0.0013922758166997782
2026-05-05 13:55:00,0.0005039141086449206,-8.812065262335034e-05
2026-05-05 14:00:00,0.0011272277096789907,-0.00032090695017170394
2026-05-05 14:05:00,0.002957305270101074,-0.000752813569124632
2026-05-05 14:10:00,0.0018119911469565153,9.625263910811204e-05
2026-05-05 14:15:00,0.0015768625024144,-0.00024336772145768253
2026-05-05 14:20:00,-0.0003369102734804841,-0.00033962345199457995
2026-05-05 14:25:00,-0.0013849584374270307,1.7889779880874606e-05
2026-05-05 14:30:00,-0.0013533224154862467,-0.00012797629623575264
2026-05-05 14:35:00,-0.0015153110600429898,-0.0006302202349144745
2026-05-05 14:40:00,-0.0005299858210499053,-0.0005832728875846181
2026-05-05 14:45:00,0.0023682067423624886,-0.0010886009589362003
2026-05-05 14:50:00,0.002853530990185149,-0.00013746248958626615
2026-05-05 14:55:00,0.002963872481220875,1.6407647333006176e-05
2026-05-05 15:00:00,0.0014942036862706232,-0.00012721801109449334
2026-05-05 15:05:00,7.210805723367741e-05,-0.0007859267477832926
2026-05-05 15:10:00,-0.0003866642393575148,7.2014748600577705e-06
2026-05-05 15:15:00,-8.295276936109985e-05,-0.0006905069999148368
2026-05-05 15:20:00,-0.0003780788612637309,-0.0006611979238561067
2026-05-05 15:25:00,-0.0005682526166861379,0.00046705547719913813
2026-05-05 15:30:00,-0.000982859019204696,-0.02511568161987943
2026-05-05 15:35:00,0.001160008038228355,-0.00066555358120397
2026-05-05 15:40:00,0.0017190673216980201,0.0009974069946624246
2026-05-05 15:45:00,0.0006662654757239039,-0.0009099450315274551
2026-05-05 15:50:00,0.0007900446065924882,-0.0002870652012657423
2026-05-05 15:55:00,-0.001915845409126149,0.0004589228545366621
2026-05-05 16:00:00,-0.0019694964041772067,-1.3852613369031146e-05
2026-05-05 16:05:00,-0.0009581733018606542,-0.0013885751913209315
2026-05-05 16:10:00,0.0024569473502218386,0.0006130181967459512
2026-05-05 16:15:00,0.0025087370921461627,0.001343637435697803
2026-05-05 16:20:00,0.0003558753862389352,-0.00099830843317055
2026-05-05 16:25:00,-0.00048654210257836894,0.001456495484294137
2026-05-05 16:30:00,-0.0008843326321859024,0.0006973409891418849
2026-05-05 16:35:00,-0.0005524252810626962,0.00037680140024834826
2026-05-05 16:40:00,9.383595953593726e-05,0.0005635737329445798
2026-05-05 16:45:00,0.0013098436609784159,0.0012744792808961785
2026-05-05 16:50:00,0.0004432745175542152,0.0007613025145182045
2026-05-05 16:55:00,-0.0003317386628189922,0.0007073679515049359
2026-05-05 17:00:00,-0.0011132577031354174,0.0010362691987520455
2026-05-05 17:05:00,-0.0008233805586073117,-0.00022033459536106604
2026-05-05 17:10:00,-0.0003711539217903237,0.0007693228895861951
2026-05-05 17:15:00,-0.0001703722638080052,0.00188049008832813
2026-05-05 17:20:00,-0.00013984547098289113,0.000850521540640149
2026-05-05 17:25:00,-0.0013744685386019029,-5.2598255850534146e-05
2026-05-05 17:30:00,-0.0007714068504522942,0.0003872826498724783
2026-05-05 17:35:00,-0.0011916646120369023,-0.000316610604707319
2026-05-05 17:40:00,-0.0009976176145549687,0.00048549851214497
2026-05-05 17:45:00,-0.0015664965539645692,-7.647010696351067e-05
2026-05-05 17:50:00,-0.0013749107269944716,-0.00026018130995531213
2026-05-05 17:55:00,-0.0005254619259549287,-0.000502419384765275
2026-05-05 18:00:00,-0.0005804015008070706,-0.0006352989534535963
2026-05-05 18:05:00,-0.0005741685671161179,0.0001952212336882635
2026-05-05 18:10:00,-0.0013214427341949886,-0.0003680377611105243
2026-05-05 18:15:00,-0.0014075029673463746,-0.0002965136789971355
2026-05-05 18:20:00,-0.0012546750349020641,-0.0003411963497121583
2026-05-05 18:25:00,-0.000732695584614973,0.00041210632360586506
2026-05-05 18:30:00,1.3163408357996786e-05,-0.0003711830784546875
2026-05-05 18:35:00,0.0008929110698829845,-4.196471104047706e-05
2026-05-05 18:40:00,0.0010045777122318356,-0.0005575188583500758
2026-05-05 18:45:00,0.0002325249810315455,-0.00029701440932625926
2026-05-05 18:50:00,-0.0011629158459989242,-0.00026206953159714497
2026-05-05 18:55:00,-0.0011384513686198972,-0.00014817388585416756
2026-05-05 19:00:00,0.00044734880795083143,-0.0005105547965955717
2026-05-05 19:05:00,0.0010094006773027075,0.00013508661514436836
2026-05-05 19:10:00,0.0005902261790726726,0.0004460864081101075
2026-05-05 19:15:00,0.0,-9.676470677762384e-05
2026-05-05 19:20:00,0.000328932223192524,0.000834826316840718
2026-05-05 19:25:00,0.000355284198196415,0.00021177358841549174
2026-05-05 19:30:00,0.00018195230488338154,5.5995706120649455e-05
2026-05-05 19:35:00,-0.0004583418850110377,0.0008211972890762722
2026-05-05 19:40:00,-0.00019736452633978274,0.0004755077647558126
2026-05-05 19:45:00,-0.00045384635558676223,0.0002304975698461164
2026-05-05 19:50:00,0.00045395683365079265,5.2098791738024413e-05
2026-05-05 19:55:00,0.0010565426613844409,6.781645719403961e-05
2026-05-05 20:00:00,0.0005941243253815287,0.0002464539908688448
2026-05-05 20:05:00,0.00023018920558115497,0.0013239070043030677
2026-05-05 20:10:00,-0.0004952523806505127,-0.0004460069273628163
2026-05-05 20:15:00,-0.0008134475824217446,-0.0009382465309364543
2026-05-05 20:20:00,-0.0004999068260271855,4.310328882615494e-05
2026-05-05 20:25:00,-0.00011179442113551374,-0.0003963956409052072
2026-05-05 20:30:00,0.00087042988723951,-0.00011644089101965058
2026-05-05 20:35:00,0.00038810725842175486,-2.1181653864763846e-05
2026-05-05 20:40:00,-5.261346423601765e-05,-7.761704486129031e-05
2026-05-05 20:45:00,-0.0008945583824448988,-0.0001976184377749744
2026-05-05 20:50:00,-0.0007829471450104819,-0.00020441624288242968
2026-05-05 20:55:00,-0.000927766944831987,-0.0006066624867590464
2026-05-05 21:00:00,-0.00012723260330638198,0.0002181372145070089
2026-05-05 21:05:00,-0.00015139663423724414,0.0001511720760478337
2026-05-05 21:10:00,-0.000129473274373737,-0.0004115276749398311
2026-05-05 21:15:00,-0.0003576541873240302,-0.00042971626661426345
2026-05-05 21:20:00,-5.485951029449154e-05,-0.0005336059965050735
2026-05-05 21:25:00,-0.00019753389965515566,-0.0005755232573399335
2026-05-05 21:30:00,0.0003839795024056514,-0.0006235803698941479
2026-05-05 21:35:00,-0.000395077341527994,-0.0009096932017506444
2026-05-05 21:40:00,-1.3170314112187498e-05,-0.000709256863648757
2026-05-05 21:45:00,-0.0008383628275510091,-0.00027962113764350713
2026-05-05 21:50:00,0.00016902441126021017,-0.000361336544779865
2026-05-05 21:55:00,0.00018656327457300392,0.000589795211195833
2026-05-05 22:00:00,0.0004236585945864846,-0.00028724383083472227
2026-05-05 22:05:00,0.00010535141290368699,-0.00014875941008236134
2026-05-05 22:10:00,0.0006516008879078328,-0.0004929718706506072
2026-05-05 22:15:00,0.0002918468329564661,-0.0003005915172327664
2026-05-05 22:20:00,-7.242790408845678e-05,-0.00015344545970579914
2026-05-05 22:25:00,-0.0008206037822091616,0.00016030953106379128
2026-05-05 22:30:00,-0.00037085761796973316,-0.0005087980082218313
2026-05-05 22:35:00,-0.00024365963723127493,-0.0005807293898535729
2026-05-05 22:40:00,0.0002567853343595772,2.64946112654829e-05
2026-05-05 22:45:00,0.0008819329381246632,-0.00015618558180733352
2026-05-05 22:50:00,-0.0005248381412084058,-2.3148228892487852e-05
2026-05-05 22:55:00,-0.0010341273908149873,-0.0011625810701770252
2026-05-05 23:00:00,-0.0020832266143830935,-0.00027224166835645037
2026-05-06 00:00:00,-0.000760295892792584,-0.0004278559800290414
2026-05-06 00:05:00,-0.000522959700077763,0.0006410395819036272
2026-05-06 00:10:00,-0.0008639784213073654,-0.0006810523117977924
2026-05-06 00:15:00,2.4180155348219046e-05,-0.0006976639755278851
2026-05-06 00:20:00,8.79115083325388e-05,-0.0015090394719817855
2026-05-06 00:25:00,0.00041119732663474906,-0.0010783338810590507
2026-05-06 00:30:00,-0.0003077910738511491,-0.00024451951181750424
2026-05-06 00:35:00,0.0021229123254435933,-0.00038797155708220624
2026-05-06 00:40:00,0.005428635501035117,1.6580769592933577e-05
2026-05-06 00:45:00,0.006100741122027742,-0.00014740694242324723
2026-05-06 00:50:00,0.004308781007043905,0.0023748964084628816
2026-05-06 00:55:00,0.003466245806274415,0.002201913159010375
2026-05-06 01:00:00,0.0022441455363413354,0.003623731269985366
2026-05-06 01:05:00,0.0010999300558349745,0.001389447010731092
2026-05-06 01:10:00,-0.001530826159873655,0.0022834775205243705
2026-05-06 01:15:00,-0.00034022730128668854,0.0007771920848384576
2026-05-06 01:20:00,0.00047320865786204536,0.0003831832628392994
2026-05-06 01:25:00,0.0007090071470408077,0.0007984794154312097
2026-05-06 01:30:00,0.002013506861334946,0.0016304453294314313
2026-05-06 01:35:00,0.0011678884338177653,-0.0013870046309337567
2026-05-06 01:40:00,0.0021131294148517554,0.0015301396758534108
2026-05-06 01:45:00,0.0005114471781126895,-0.00247406011257357
2026-05-06 01:50:00,0.0001241168921417568,-0.00039634141955792446
2026-05-06 01:55:00,-0.0007554210525206884,-0.000595657416650761
2026-05-06 02:00:00,0.00014576894777285077,-0.004261678707342169
2026-05-06 02:05:00,0.002168469317213706,-0.0002455298260471135
2026-05-06 02:10:00,0.0023297382676634726,-0.0002080668844753633
2026-05-06 02:15:00,0.0026896454065923336,0.000470513216219789
2026-05-06 02:20:00,0.0012202776016962957,-0.0003698653280667112
2026-05-06 02:25:00,0.001725854481914979,-0.00044984015507691037
2026-05-06 02:30:00,0.00024297171885301339,8.193216761079238e-05
2026-05-06 02:35:00,0.0005813877976876825,0.00012093190890940679
2026-05-06 02:40:00,0.0020844174646974523,0.00022578249101695518
2026-05-06 02:45:00,0.001112143396841958,-0.0001384501249050039
2026-05-06 02:50:00,0.0004076375724810788,0.00035156265714835004
2026-05-06 02:55:00,-0.001804653808942902,0.0004869961734956079
2026-05-06 03:00:00,0.0005675184649955867,-3.633140619296936e-05
2026-05-06 03:05:00,0.002377463298065763,-4.704027083074865e-05
2026-05-06 03:10:00,0.002860371113239779,-9.947724361727972e-05
2026-05-06 03:15:00,0.0011102779756999581,0.0011714514199552286
2026-05-06 03:20:00,7.569146863417586e-05,-7.477854280879916e-05
2026-05-06 03:25:00,-0.00015352894969744568,0.0005122401900566458
2026-05-06 03:30:00,0.001221395980286033,0.001842268926984979
2026-05-06 03:35:00,0.00017298756046280062,0.00034531655780525167
2026-05-06 03:40:00,0.000432415610021053,0.0003179639571013616
2026-05-06 03:45:00,-0.0001058673181013603,0.000643297156722888
2026-05-06 03:50:00,0.0017778742565397465,0.0004902721446705451
2026-05-06 03:55:00,0.0015832066799390532,0.00046784257534944105
2026-05-06 04:00:00,0.0013516666853270465,-0.006187146071036884
2026-05-06 04:05:00,0.00013812273953917042,0.0005790428632855119
2026-05-06 04:10:00,-0.00072541525646308,-0.00111478119451074
2026-05-06 04:15:00,-0.0004920888190103057,0.0003592524577723628
2026-05-06 04:20:00,-0.0006886450479761663,0.000452991930663844
2026-05-06 04:25:00,0.0009282646436474806,0.0015320136534231923
2026-05-06 04:30:00,0.0007725574191539408,0.0004288045933915634
2026-05-06 04:35:00,0.0017821624542531112,-0.00025814422008411063
2026-05-06 04:40:00,0.0013024344855754322,0.00016419510311914968
2026-05-06 04:45:00,0.001127552608322091,0.0006892498024898588
2026-05-06 04:50:00,0.0012688785054955076,-3.554470324511604e-05
2026-05-06 04:55:00,0.001546054639495864,0.0010801564735884225
2026-05-06 05:00:00,0.0018900545303690564,0.001578890510996764
2026-05-06 05:05:00,0.0002561654627619703,0.0006067804988786924
2026-05-06 05:10:00,-0.00046916227418591916,0.0006549289610218519
2026-05-06 05:15:00,-0.0012739951796305604,0.00045858345192039275
2026-05-06 05:20:00,0.001082059115439904,0.00013255614641803306
2026-05-06 05:25:00,0.0004971328878298209,0.0009870579261257203
2026-05-06 05:30:00,0.00015503208333811358,0.0008147219990996173
2026-05-06 05:35:00,-0.0014717149423351117,0.0011521009202737436
2026-05-06 05:40:00,-0.0008566859693814877,0.0012256770243104596
2026-05-06 05:45:00,2.3683340815594534e-05,0.001129497358070491
2026-05-06 05:50:00,0.0003831986802858012,0.0008914986875479104
2026-05-06 05:55:00,0.0009298361833796065,0.0014090920234859615
2026-05-06 06:00:00,0.00026693704964841913,0.0011261732912452368
2026-05-06 06:05:00,0.00012483077912861518,0.0013113542694559912
2026-05-06 06:10:00,0.0009203747520842853,0.0002717723118335026
2026-05-06 06:15:00,0.000882107476368077,0.0007406728820323205
2026-05-06 06:20:00,0.000585205505583275,0.000916022295156242
2026-05-06 06:25:00,-0.000995676523970701,0.0017705384145990724
2026-05-06 06:30:00,7.741619163503799e-05,0.0006975944049426536
2026-05-06 06:35:00,-4.086720203133609e-05,0.0001865349881268343
2026-05-06 06:40:00,0.00024094571308452828,-0.00021969210399689932
2026-05-06 06:45:00,0.0003289519684539499,0.0005343878139489322
2026-05-06 06:50:00,0.0013906967438490625,0.001217845584571135
2026-05-06 06:55:00,0.00119956159449508,0.000399212732970454
2026-05-06 07:00:00,-8.598674083870606e-06,0.0002289227847304654
2026-05-06 07:05:00,-0.00034803008878014907,0.0003402684666060408
2026-05-06 07:10:00,-0.0005630558175742095,0.0001278999495545936
2026-05-06 07:15:00,-0.001058201156947547,0.00041816064613485617
2026-05-06 07:20:00,-0.0015310513914599255,5.942666875747172e-05
2026-05-06 07:25:00,-0.00038271504537235046,0.0003096452629334657
2026-05-06 07:30:00,0.0006066669004027858,2.1199732193868102e-05
2026-05-06 07:35:00,0.001380630535109617,0.0001946426646865433
2026-05-06 07:40:00,0.002746708738690984,0.0003546909539569685
2026-05-06 07:45:00,0.0019272734410193948,-0.00018219638734810262
2026-05-06 07:50:00,0.002208911458749796,0.00040186553676212217
2026-05-06 07:55:00,-0.0005341473665794183,0.004410772300217093
2026-05-06 08:00:00,-6.869060680081418e-05,0.0020471400319408534
2026-05-06 08:05:00,-0.00012008740662139417,0.0011563406014711063
2026-05-06 08:10:00,0.0012673308088970714,-0.00037653828803971707
2026-05-06 08:15:00,0.001179963922746552,0.0023720688370496784
2026-05-06 08:20:00,0.0007224512204118128,0.0015404374696024255
2026-05-06 08:25:00,-0.00040511387147290634,0.0018758319753751384
2026-05-06 08:30:00,0.0002336821782940035,0.0007751548714408161
2026-05-06 08:35:00,-0.00037080738910333366,0.001029435164112831
2026-05-06 08:40:00,0.0011548916510530916,0.0004089168137407102
2026-05-06 08:45:00,0.0006235997334815835,0.002201674058830944
2026-05-06 08:50:00,0.0005336619731775016,-0.0001641646361734433
2026-05-06 08:55:00,-0.0024184430847000726,0.00036497572026585534
2026-05-06 09:00:00,-0.001565093174505705,0.00044538927829456044
2026-05-06 09:05:00,-0.0003771773464009698,-0.00011907167218793042
2026-05-06 09:10:00,0.001960074312577831,-0.0006260363666852739
2026-05-06 09:15:00,0.0011344008782039339,-0.011599126889625808
2026-05-06 09:20:00,-8.359832936832845e-05,0.0016760656606364457
2026-05-06 09:25:00,0.0005889868205102289,3.401911910138911e-05
2026-05-06 09:30:00,0.002019006748225749,0.001980850622740637
2026-05-06 09:35:00,0.0020343839194829627,0.0010812610257513351
2026-05-06 09:40:00,0.002369573067376507,-0.027476263006567008
2026-05-06 09:45:00,0.0005281654499444954,0.00027610759040379453
2026-05-06 09:50:00,0.0006608191189396706,0.004268497193853799
2026-05-06 09:55:00,-0.0004208947600918833,-0.00032698707939836716
2026-05-06 10:00:00,0.000179555472435311,-9.347735535549873e-05
2026-05-06 10:05:00,0.00019025204177403054,0.0009514652801758753
2026-05-06 10:10:00,-0.0005450762119423302,0.001438450668448805
2026-05-06 10:15:00,-0.000560148646451708,0.0005833324715962657
2026-05-06 10:20:00,-0.0005366464430576201,0.0001774603924091083
2026-05-06 10:25:00,0.00012614209389205655,0.00039958255747040263
2026-05-06 10:30:00,0.0008144637228291174,0.0015007859363271325
2026-05-06 10:35:00,0.0046811310787351346,0.0009723398420924338
2026-05-06 10:40:00,0.004981627792490784,0.0007091010442032419
2026-05-06 10:45:00,0.0024991022859151,0.000327832561266855
2026-05-06 10:50:00,-0.00048331345308127993,0.0005835046043002681
2026-05-06 10:55:00,-0.0011195563810275644,0.001591298866645789
2026-05-06 11:00:00,0.0018228983160302192,-0.0004977865946154329
2026-05-06 11:05:00,0.00011286501462848264,0.0007683034202081577
2026-05-06 11:10:00,0.0009217031938284492,0.0011566520804805129
2026-05-06 11:15:00,0.0007635219787776037,0.0011524589623350243
2026-05-06 11:20:00,0.001536252230431856,0.0007192761197118883
2026-05-06 11:25:00,-0.0007066340887398326,0.001851371663641337
2026-05-06 11:30:00,-0.0005465288642678701,0.0005465210600248875
2026-05-06 11:35:00,-0.0006337904067432731,0.0005754701148452872
2026-05-06 11:40:00,0.00112356932304003,0.00016532977781352385
2026-05-06 11:45:00,-0.00024465248300664655,0.0011756697282318622
2026-05-06 11:50:00,-0.000800255443365927,0.0017224481574511508
2026-05-06 11:55:00,-0.0008276587412261449,0.0007503452292231593
2026-05-06 12:00:00,-0.00035964142648126085,-4.02023151344831e-05
2026-05-06 12:05:00,0.0010257437008505121,0.0001741131975573581
2026-05-06 12:10:00,0.0014336066163593841,0.003364343490366106
2026-05-06 12:15:00,0.002495670013376028,0.0001390057431706049
2026-05-06 12:20:00,0.001940075045329337,-0.0010358232439814478
2026-05-06 12:25:00,0.002078691619136208,0.0007847237145452902
2026-05-06 12:30:00,0.00020592272026576097,0.002090891530195175
2026-05-06 12:35:00,0.0023493949667177105,6.826388498255143e-05
2026-05-06 12:40:00,0.0006064435875270391,0.00017694748057236266
2026-05-06 12:45:00,0.0006069068732816874,-0.00032922938354619676
2026-05-06 12:50:00,-0.000290194909222663,0.0018102657471893726
2026-05-06 12:55:00,-0.00106894492175158,-0.0011808964533808748
2026-05-06 13:00:00,-0.00035858226717522257,-0.0016574904858142716
2026-05-06 13:05:00,-0.002127134695907529,-0.0012290074141171618
2026-05-06 13:10:00,-0.0013505394654096392,0.0003334110601271767
2026-05-06 13:15:00,0.0002737223390418819,7.50657251506377e-05
2026-05-06 13:20:00,2.9721972182983336e-05,0.00017123456395088678
2026-05-06 13:25:00,-0.0011885387158567795,0.0016801703781322676
2026-05-06 13:30:00,-0.0032555667658389353,0.0012164037102705275
2026-05-06 13:35:00,-0.0026167925336419984,0.0008012665681379708
2026-05-06 13:40:00,-0.0016714454012518587,0.0008080645523942055
2026-05-06 13:45:00,-0.0025894851593282198,0.0013271675762871523
2026-05-06 13:50:00,-0.0033260305101663334,0.00018367210228333367
2026-05-06 13:55:00,-0.0041320299195461985,0.0012448600488059165
2026-05-06 14:00:00,-0.003345339048259177,0.0007470415561679454
2026-05-06 14:05:00,0.0001793760281554313,0.0001658672460524468
2026-05-06 14:10:00,0.0022336299773701995,-8.706526581871529e-05
2026-05-06 14:15:00,0.002963275537826604,-0.0014240670724970132
2026-05-06 14:20:00,-0.0006770994345277614,-0.0008593411998778401
2026-05-06 14:25:00,-0.00018576743891784986,-0.00013427877925242798
2026-05-06 14:30:00,-0.0006983367270425589,-0.00011507805106311441
2026-05-06 14:35:00,-0.00055141638462608,-0.00025267584947282943
2026-05-06 14:40:00,-2.5625803477424824e-05,-0.01583661012501321
2026-05-06 14:45:00,0.0003737882629160083,-0.0007456747647137022
2026-05-06 14:50:00,-0.0009004452571996779,-0.0005168795991578998
2026-05-06 14:55:00,0.00021779840068347767,-0.0006857806966095493
2026-05-06 15:00:00,7.68762612892715e-05,-0.0002138831523575799
2026-05-06 15:05:00,0.0027245149323444906,0.0020320147020456477
2026-05-06 15:10:00,0.00021988555365837215,-0.0010901058703060196
2026-05-06 15:15:00,0.0031532349956790995,-0.00189335879804688
2026-05-06 15:20:00,0.0019400261059505652,-0.00068842442558469
2026-05-06 15:25:00,0.0024283318598552484,0.0171576189785395
2026-05-06 15:30:00,0.0006298810669385091,-0.0016726070270361377
2026-05-06 15:35:00,0.0016896568952500246,-0.0013380800716045185
2026-05-06 15:40:00,0.001036480146934693,-0.0002387848929194779
2026-05-06 15:45:00,0.0010567128287437555,-0.0010425349511743898
2026-05-06 15:50:00,0.0010710484334435222,-0.0004493680450951404
2026-05-06 15:55:00,0.002190734984582221,0.0006861190088258652
2026-05-06 16:00:00,0.0014418755796157257,-0.001224701280682822
2026-05-06 16:05:00,0.0002038792277492263,0.0010887355899411066
2026-05-06 16:10:00,-0.00133384328004027,0.0035271383639350236
2026-05-06 16:15:00,-0.0011784028804502356,-0.00033930149828770317
2026-05-06 16:20:00,-0.00012529585234055673,0.00158076435495766
2026-05-06 16:25:00,0.0018791869183925058,0.0020991567208948326
2026-05-06 16:30:00,-0.00020822267152631468,0.0015460726008778287
2026-05-06 16:35:00,-0.0012793405279047931,0.0012389929168223385
2026-05-06 16:40:00,-0.002287341512609231,0.00046279903563289536
2026-05-06 16:45:00,-3.3999655757455116e-05,0.0013824573309906053
2026-05-06 16:50:00,-0.0008062723743904598,0.0005450992167998006
2026-05-06 16:55:00,-0.0013489449850485613,-0.0006592860372291057
2026-05-06 17:00:00,-0.0008992854157536811,-0.0009582061659023937
2026-05-06 17:05:00,6.810090002140612e-05,0.0007057927192191596
2026-05-06 17:10:00,-0.00030450897099498775,-0.0008820540223605606
2026-05-06 17:15:00,-0.0014367069322851478,-0.0017602048086069006
2026-05-06 17:20:00,-0.001475848428022175,1.0962719556167682e-05
2026-05-06 17:25:00,-0.0005368429927123941,1.79448000061221e-05
2026-05-06 17:30:00,-0.0003408555934374391,-0.0003522279182286603
2026-05-06 17:35:00,3.196784461323432e-05,-0.0025943816028048306
2026-05-06 17:40:00,-0.0011385491765452116,0.0003026686682397952
2026-05-06 17:45:00,-0.001345382992056443,-0.002771016758405007
2026-05-06 17:50:00,-0.0019220170664162595,-5.09000072362036e-05
2026-05-06 17:55:00,-0.0009134818162959135,0.019843605238626296
2026-05-06 18:00:00,-0.00048657439786126133,0.002651053816086652
2026-05-06 18:05:00,7.259605635745459e-05,0.0008591775417672442
2026-05-06 18:10:00,0.0010883994774530947,-0.00402369213654392
2026-05-06 18:15:00,0.000618847554923363,3.053122125361296e-05
2026-05-06 18:20:00,0.0013186224228647347,0.00010290856775263123
2026-05-06 18:25:00,9.384564531167428e-05,-0.006839834394496551
2026-05-06 18:30:00,0.00011519139916948973,0.00025776761850375505
2026-05-06 18:35:00,-0.0011777157092804913,-0.00012745267132410103
2026-05-06 18:40:00,-0.0012121394676114505,0.0006487330266898879
2026-05-06 18:45:00,-0.00046297926914640186,0.00030614697648532964
2026-05-06 18:50:00,0.0004716794971955096,0.0011871930867220527
2026-05-06 18:55:00,0.0005742421602441539,0.0010143370654287721
2026-05-06 19:00:00,-0.0008881545118573086,0.00046672984420758566
2026-05-06 19:05:00,-0.0011059161228779146,0.0013771626197862943
2026-05-06 19:10:00,-0.0005592948761119487,0.00018339976255150528
2026-05-06 19:15:00,0.00015163990037869723,0.0014121458907593383
2026-05-06 19:20:00,-0.00043587043373349843,0.0010741246302156792
2026-05-06 19:25:00,-0.0003502522278964193,0.000320756241363315
2026-05-06 19:30:00,-0.00030330279890478096,0.00042846007671997215
2026-05-06 19:35:00,0.0005255848855103551,0.0015492826231960598
2026-05-06 19:40:00,0.000704650938690321,0.0005229300652497293
2026-05-06 19:45:00,0.00037164002606360214,0.00038113128330148714
2026-05-06 19:50:00,0.0007942625626000677,0.0005321294403837706
2026-05-06 19:55:00,0.0004886933738461607,0.00031344412096523486
2026-05-06 20:00:00,0.0012847245478404545,0.0006479967047967512
2026-05-06 20:05:00,0.0004907609026076898,-0.0003906865960713665
2026-05-06 20:10:00,0.000262387406911202,7.796423023593028e-05
2026-05-06 20:15:00,7.677510443038216e-05,2.188629707142002e-05
2026-05-06 20:20:00,0.00012371908105279772,0.001426495090391802
2026-05-06 20:25:00,-0.0004757612536341327,0.0005652345796833617
2026-05-06 20:30:00,-0.00045860552730125903,0.0023828915474557594
2026-05-06 20:35:00,-0.0002794562354520025,0.0004026346486505847
2026-05-06 20:40:00,3.414287513159309e-05,0.0012403131232139473
2026-05-06 20:45:00,0.0008679732304948118,9.150874848579519e-05
2026-05-06 20:50:00,0.0016031452360962817,0.0017761506428115152
2026-05-06 20:55:00,0.001914402515284408,-0.001402595830289652
2026-05-06 21:00:00,0.001188774530643144,-0.00034731127896484726
2026-05-06 21:05:00,0.0011368451857869388,-0.0003641337049232741
2026-05-06 21:10:00,0.0005344399845732539,-0.00011480797161286793
2026-05-06 21:15:00,0.00012561222670548489,-0.0007714647295786519
2026-05-06 21:20:00,-0.0004980090383028823,-9.445214149463472e-05
2026-05-06 21:25:00,-0.0005067528112938646,0.00020272469907825952
2026-05-06 21:30:00,-0.0001703254710943014,-0.00018256253866460434
2026-05-06 21:35:00,1.2772561133189697e-05,0.00010783719517245291
2026-05-06 21:40:00,-0.0003919513689645271,-0.0020616857676171636
2026-05-06 21:45:00,-0.0001511881582096919,-6.134331686837149e-05
2026-05-06 21:50:00,-0.00022780183042669933,6.534232426229483e-05
2026-05-06 21:55:00,0.001169009254168074,0.0004809471100937201
2026-05-06 22:00:00,0.0004790388655990796,-0.0005077082139499187
2026-05-06 22:05:00,-0.0004259370146151298,-0.0003536492560869306
2026-05-06 22:10:00,-0.001337339872947041,-0.00025844319117738807
2026-05-06 22:15:00,-0.0016509897437106957,-0.0006810911997943237
2026-05-06 22:20:00,-0.0008310993578124481,0.0011353605420196136
2026-05-06 22:25:00,-0.000974317122400592,1.6495638149175373e-05
2026-05-06 22:30:00,-0.0002537483874469615,-0.00022350234132052205
2026-05-06 22:35:00,0.0001449593583391362,-0.00018044010635230118
2026-05-06 22:40:00,0.0006780716584913193,-0.0013443537920725065
2026-05-06 22:45:00,0.0006076092044651205,-0.0006799163121023745
2026-05-06 22:50:00,-0.00012790422549002756,-0.0008654230527787921
2026-05-06 22:55:00,0.0006584407976788498,-0.0005559009487979677
2026-05-06 23:00:00,0.0011332170087587912,5.578141826117458e-05
2026-05-07 00:00:00,0.0018593957530441685,-0.0005539328697699174
2026-05-07 00:05:00,0.0007814687964575739,0.0019956413950079797
2026-05-07 00:10:00,-0.00043439007207446423,0.0007555410490978189
2026-05-07 00:15:00,-0.0002404830955171633,-0.0009968376187146292
2026-05-07 00:20:00,-0.00017668201859422084,-0.0009141374679747807
2026-05-07 00:25:00,0.0007196220804441822,-0.00147146928167645
2026-05-07 00:30:00,-0.00011068422016080603,0.0005441739902662323
2026-05-07 00:35:00,-0.00022781686603323692,-0.0005157023245077804
2026-05-07 00:40:00,-0.0008090787589782877,-0.0007013427489683949
2026-05-07 00:45:00,-0.0001937268691385441,-3.329053438233168e-05
2026-05-07 00:50:00,0.0002320746311337274,-0.0010594572568376204
2026-05-07 00:55:00,-6.816284105326531e-05,-0.000739361666065819
2026-05-07 01:00:00,2.7677564887085282e-05,-0.00043411307323618694
2026-05-07 01:05:00,-0.0007581679108703554,-0.0007422658780039152
2026-05-07 01:10:00,-0.0002151694467684706,-0.0009633236535150784
2026-05-07 01:15:00,-0.0008327911442957969,-0.0013867424920902213
2026-05-07 01:20:00,-0.00010439959059382886,0.00048303525658086765
2026-05-07 01:25:00,4.4742014356558e-05,-0.0006480428497510206
2026-05-07 01:30:00,0.0008476941311723607,-0.00047921367066716344
2026-05-07 01:35:00,0.0007476014801834907,-0.00022906847274526462
2026-05-07 01:40:00,0.0010370275081523772,-0.00024748006914837985
2026-05-07 01:45:00,-0.0006815064964289519,-0.0003204273733465535
2026-05-07 01:50:00,-0.00035349685415297927,-9.906553389818192e-06
2026-05-07 01:55:00,0.00032345174360770557,0.0007710198072217948
2026-05-07 02:00:00,0.0009156671274350714,0.0008582290157598486
2026-05-07 02:05:00,0.0007536918481161337,0.0009463074939209691
2026-05-07 02:10:00,-0.0015543757734164387,1.0872120547898365e-05
2026-05-07 02:15:00,-0.001256594623981755,0.0004598023889904719
2026-05-07 02:20:00,-0.0013054818240121335,0.00037756199199946505
2026-05-07 02:25:00,-0.0009487171178985676,-0.00017531357599948527
2026-05-07 02:30:00,-0.0005563875457301748,-0.0005548121449883212
2026-05-07 02:35:00,-0.0014288245339493244,-0.0002009114367790145
2026-05-07 02:40:00,-0.0001258525713438985,-0.0006055465081115459
2026-05-07 02:45:00,0.0007119501338799239,-7.607950067684238e-05
2026-05-07 02:50:00,0.002547000979408409,0.0006962682059250267
2026-05-07 02:55:00,0.004760682465981603,-0.0004780585140287364
2026-05-07 03:00:00,0.004218652930070732,-0.0001077026936113457
2026-05-07 03:05:00,0.0026997627003328972,9.589146431123575e-05
2026-05-07 03:10:00,-0.0012576640550978624,0.001672373085418509
2026-05-07 03:15:00,-0.0015607832565311952,9.633724641410637e-05
2026-05-07 03:20:00,0.0005772704184003885,0.0007619961406438927
2026-05-07 03:25:00,0.0018519546382247398,-0.00042427849989643246
2026-05-07 03:30:00,0.0029284461977265863,-0.00031511862415315204
2026-05-07 03:35:00,0.0009140371065274877,0.00044743974449160703
2026-05-07 03:40:00,0.00043700267776358714,3.712353016611388e-05
2026-05-07 03:45:00,-0.000922171939109262,0.0005103908242276634
2026-05-07 03:50:00,-0.0008885769675543997,0.0005166738258818477
2026-05-07 03:55:00,-0.0021762979054607,0.0008379551409019878
2026-05-07 04:00:00,-0.0018107774836906287,0.00022190223596492827
2026-05-07 04:05:00,-0.0019942176440270742,0.0005390753756379205
2026-05-07 04:10:00,-0.0005910718558244099,-0.0005543604051433796
2026-05-07 04:15:00,-0.001014023154318977,-0.0005131662619880536
2026-05-07 04:20:00,-0.0003487061760587551,-0.000123831568493268
2026-05-07 04:25:00,0.0005804441517369696,0.00013024139792962674
2026-05-07 04:30:00,0.0010543927271395859,-1.7996953394793338e-05
2026-05-07 04:35:00,0.0009692724414200882,-0.0004523451559466771
2026-05-07 04:40:00,0.000520624718909346,0.00039757350163494037
2026-05-07 04:45:00,0.0005713733612964234,0.0002723369966807722
2026-05-07 04:50:00,0.00043544154991614903,0.00021050135825400354
2026-05-07 04:55:00,-0.00024221615147723696,-2.3439890990385466e-05
2026-05-07 05:00:00,-0.00016564342953806488,0.00038998701838994663
2026-05-07 05:05:00,-0.000599046641585943,-0.000295857665399675
2026-05-07 05:10:00,-0.00028903638446742264,-5.1104097441283074e-05
2026-05-07 05:15:00,-0.0009157811392057624,0.000809681775363788
2026-05-07 05:20:00,-0.0002507714422730345,0.0006931103043048335
2026-05-07 05:25:00,-0.00012966846342976623,-0.00010558401938028138
2026-05-07 05:30:00,2.5508739934565483e-05,0.00036938321456183546
2026-05-07 05:35:00,-0.00014666668110052683,5.111841480557537e-05
2026-05-07 05:40:00,-0.001082643670347494,0.00040527089369411665
2026-05-07 05:45:00,-0.0011698196408911343,0.0002674819953922686
2026-05-07 05:50:00,-0.0009017286578067996,8.005291803552894e-07
2026-05-07 05:55:00,-0.0004193340738449791,-0.00021445225559446184
2026-05-07 06:00:00,-0.0006258834954042669,-0.00020459640799559025
2026-05-07 06:05:00,-0.00042349752120784956,-0.00022437978759774747
2026-05-07 06:10:00,2.129043453535928e-06,-0.00017992710398292427
2026-05-07 06:15:00,-0.00044090819280562243,0.00017458455293061962
2026-05-07 06:20:00,-0.0002831410795938183,2.5567684002580644e-05
2026-05-07 06:25:00,0.0002746086046379048,0.00047377483060872296
2026-05-07 06:30:00,0.0003408156603708079,-0.0003135727447802182
2026-05-07 06:35:00,-0.00018099682453254218,0.000211534877241515
2026-05-07 06:40:00,-0.0003874541543318344,0.0003735107509432807
2026-05-07 06:45:00,0.0009238780542144553,-0.0001598298495787315
2026-05-07 06:50:00,0.0007280468655803674,0.0011761800605848503
2026-05-07 06:55:00,0.0008832616124525572,-0.0003533548314731437
2026-05-07 07:00:00,-0.0007897137538570576,0.0002854918417958042
2026-05-07 07:05:00,-0.0008536992197569759,-0.0005358029415166168
2026-05-07 07:10:00,-0.001153716926685533,-0.00012498635528884286
2026-05-07 07:15:00,0.0015469124951401625,-0.0002423308824437299
2026-05-07 07:20:00,0.0021573237138863277,-0.000408372945233558
2026-05-07 07:25:00,0.00181937202071758,0.0002541714486388098
2026-05-07 07:30:00,0.0002976177844349337,-0.00011018056336016828
2026-05-07 07:35:00,-0.00010414242442280397,0.0007924139963270103
2026-05-07 07:40:00,-0.0005124939107332693,-0.0003436158841029338
2026-05-07 07:45:00,0.0002975292344409297,-5.940328514522854e-05
2026-05-07 07:50:00,0.0008200936131146364,8.106262957854584e-05
2026-05-07 07:55:00,0.0014814738802169103,-0.0002458282299354047
2026-05-07 08:00:00,0.0007859013949627069,-0.0005557597048566727
2026-05-07 08:05:00,0.00106554151047078,-0.00025885037265295453
2026-05-07 08:10:00,0.0019542259180092003,0.0009296933839265538
2026-05-07 08:15:00,0.00500252015891256,0.0011742406990683694
2026-05-07 08:20:00,0.006262002239004971,0.00012007060572477467
2026-05-07 08:25:00,0.005987377435650032,0.0011322280704611559
2026-05-07 08:30:00,0.000994553266819409,0.0008376251116712543
2026-05-07 08:35:00,-0.001419838950756258,0.0005538722223140595
2026-05-07 08:40:00,-0.001444424194831484,-0.00030863353110663886
2026-05-07 08:45:00,-0.0007938737017685327,7.73550194103547e-05
2026-05-07 08:50:00,0.0016559316182238604,0.00023909014971079947
2026-05-07 08:55:00,0.002135322896124947,0.001466030034831329
2026-05-07 09:00:00,0.0019518830256419761,-0.0006682780619874419
2026-05-07 09:05:00,-0.000839225178776104,-0.001158462417542698
2026-05-07 09:10:00,-0.0019306571493888924,-0.0038768230353469686
2026-05-07 09:15:00,-0.0003584388130626337,0.0005623136114444546
2026-05-07 09:20:00,-6.750599118277023e-05,-0.0006349979045877693
2026-05-07 09:25:00,0.0006748890907264382,0.0002868944072045375
2026-05-07 09:30:00,-0.00046194297407708973,0.003503936910332176
2026-05-07 09:35:00,0.00012024187617143411,-0.0016082152976797345
2026-05-07 09:40:00,-3.1625253399170106e-05,-0.0012005979633046087
2026-05-07 09:45:00,0.0021181201969291408,-0.001805765429845404
2026-05-07 09:50:00,0.0014860080871130776,-0.0012737082625293667
2026-05-07 09:55:00,-3.584316297455814e-05,-0.0012309635560064285
2026-05-07 10:00:00,-0.0028483830817975786,-0.0018003381502500735
2026-05-07 10:05:00,-0.0016906388611310774,-0.003238047405283732
2026-05-07 10:10:00,-0.0005504593099647792,0.002106590956794898
2026-05-07 10:15:00,0.00019633694438248028,0.0006542397085809847
2026-05-07 10:20:00,-0.0006436996276697471,-0.0011611673068645152
2026-05-07 10:25:00,-0.0010532548974353517,-0.0013265325474397759
2026-05-07 10:30:00,-0.00026179115971025624,-0.0018015650122483193
2026-05-07 10:35:00,-0.00046456529139327074,-0.0009938904857483388
2026-05-07 10:40:00,-0.0008450942783024828,0.00124046600342269
2026-05-07 10:45:00,-0.0020100509280247536,-0.0001254537445984167
2026-05-07 10:50:00,-0.000354904337994455,-0.0012382858900880306
2026-05-07 10:55:00,0.000627550766102658,-0.0009308311996240921
2026-05-07 11:00:00,0.0018326695830079842,-0.0008569990117199763
2026-05-07 11:05:00,0.0008828027234830671,-0.0010253852495582965
2026-05-07 11:10:00,0.0002977903345744437,0.0024528214850280563
2026-05-07 11:15:00,0.00019005023718499103,-0.003287320706988676
2026-05-07 11:20:00,-0.00027658399937280365,-0.0005705721186262047
2026-05-07 11:25:00,0.0005066733205563168,-0.00043920135581464507
2026-05-07 11:30:00,4.6451231494160083e-05,-0.0006806344419399402
2026-05-07 11:35:00,-0.0003484780520501829,-0.00019192450896380058
2026-05-07 11:40:00,-0.0020980291933216932,-4.143578475047417e-05
2026-05-07 11:45:00,-0.001379676301333177,0.0003088449238859196
2026-05-07 11:50:00,-0.0002323861846313946,0.001276413658179198
2026-05-07 11:55:00,0.0015237800294141124,0.00017255303427290807
2026-05-07 12:00:00,0.00039317981507203115,-0.00025573028084992634
2026-05-07 12:05:00,4.648155739417348e-05,0.0006018696916677781
2026-05-07 12:10:00,-0.0006126143826428176,0.0017819515841924086
2026-05-07 12:15:00,-0.0002282791356442715,9.87384428928756e-05
2026-05-07 12:20:00,0.0007054092933458378,0.00061965877417212
2026-05-07 12:25:00,0.0014633144671947207,0.0003459882439257997
2026-05-07 12:30:00,0.0011767702293585813,0.0010769102289596656
2026-05-07 12:35:00,9.500214817492747e-05,0.000375122346097537
2026-05-07 12:40:00,-0.0007134414351934737,-0.001752873755563824
2026-05-07 12:45:00,-9.924311297915267e-05,0.0009564672243322123
2026-05-07 12:50:00,-0.0006778795091229028,0.00024725541258865334
2026-05-07 12:55:00,-0.0011979528484289403,0.000835099013316227
2026-05-07 13:00:00,-0.0010923247846914563,0.0002422864257285326
2026-05-07 13:05:00,7.604675188943588e-05,0.0001367601048847659
2026-05-07 13:10:00,0.0005114711246569925,-8.993655944018487e-05
2026-05-07 13:15:00,0.0007691885440515023,0.0008127500737112479
2026-05-07 13:20:00,0.00031891089034274955,0.000556739900969912
2026-05-07 13:25:00,0.000903945317951127,0.0008734007856185789
2026-05-07 13:30:00,0.0004899434973530958,-0.0008094786302004867
2026-05-07 13:35:00,0.000854855154118539,0.00046829437394212635
2026-05-07 13:40:00,0.001238429441755784,0.0021535030161437653
2026-05-07 13:45:00,0.0009728397027419788,2.64250312020943e-05
2026-05-07 13:50:00,0.00021729109814394576,0.0008305753944897007
2026-05-07 13:55:00,0.0002677379009519143,-0.00034474850554735807
2026-05-07 14:00:00,0.000242534934127292,0.000277690156661547
2026-05-07 14:05:00,-0.0011354979364881501,1.1971889736946389e-06
2026-05-07 14:10:00,-0.0011726742954802916,-2.9882967293911808e-05
2026-05-07 14:15:00,0.0010285377966976483,-0.00014192157741532837
2026-05-07 14:20:00,0.002311847131588607,0.0007466669098051308
2026-05-07 14:25:00,0.0027754935780013312,0.0004518549122273138
2026-05-07 14:30:00,0.0011032369751688975,0.0019478403354522323
2026-05-07 14:35:00,0.00036653571500266935,-7.329629481272039e-05
2026-05-07 14:40:00,-0.0006610359557939205,0.0004596769311720235
2026-05-07 14:45:00,-0.002804690367447904,0.0009586570476771895
2026-05-07 14:50:00,-0.0014163293309419345,0.0005009530298503404
2026-05-07 14:55:00,-0.0032082238975554844,7.014427635944315e-05
2026-05-07 15:00:00,0.0003818666150454675,0.001013937157048654
2026-05-07 15:05:00,0.0006388611200414118,0.0030808337398532766
2026-05-07 15:10:00,0.0023865830979499236,0.005178063009670578
2026-05-07 15:15:00,0.0031464249619315154,-0.00039116949199884956
2026-05-07 15:20:00,0.0016953243656097072,0.001184483495890721
2026-05-07 15:25:00,0.0009500928161099154,-0.005176390420600027
2026-05-07 15:30:00,-0.002851158502899409,0.0006316831460503757
2026-05-07 15:35:00,-0.0017142945581678504,-0.0023985703575596998
2026-05-07 15:40:00,-0.00039172492145134186,0.00013893957956503033
2026-05-07 15:45:00,0.0008115335160798764,0.0007215052953025991
2026-05-07 15:50:00,0.0008153934935855034,0.002291738237619388
2026-05-07 15:55:00,0.0009727115203723713,0.0004056614368451387
2026-05-07 16:00:00,0.0011076810169221574,-0.0009905419585097709
2026-05-07 16:05:00,0.001967268247035747,0.002504740974796674
2026-05-07 16:10:00,0.0011546556087438375,0.0004830411145041241
2026-05-07 16:15:00,-0.0004736677656609345,-0.0007181514493270135
2026-05-07 16:20:00,-0.000771717741018918,-8.014138695061819e-05
2026-05-07 16:25:00,-0.001196744745124434,-0.00013248223071227866
2026-05-07 16:30:00,0.002008913517199673,-0.0015343894434515872
2026-05-07 16:35:00,0.0015365393479509493,-2.9133304129667394e-05
2026-05-07 16:40:00,0.0023269732219866057,-0.0006684058089355704
2026-05-07 16:45:00,0.0001870127037513214,0.00034065890620199347
2026-05-07 16:50:00,-0.0004411718435868295,-0.0005956020484475483
2026-05-07 16:55:00,-0.001664275006268312,-0.024040410898180094
2026-05-07 17:00:00,-0.0010552936986929495,-0.0009501660004403257
2026-05-07 17:05:00,-0.0025710687037960867,-0.0002107492431515636
2026-05-07 17:10:00,-0.002976114315860201,-0.00021394474057353542
2026-05-07 17:15:00,-0.0020949647465169363,0.0002511911021284405
2026-05-07 17:20:00,-0.0006722604324451709,-0.0006905800372064749
2026-05-07 17:25:00,-0.00035443786105027186,-0.0015549884888530114
2026-05-07 17:30:00,-0.0021141478493795773,0.001933614142544947
2026-05-07 17:35:00,-0.0023617596053604473,0.001988761285448581
2026-05-07 17:40:00,-0.00205103146229213,0.00012670729547321436
2026-05-07 17:45:00,-0.0022710366021705397,-0.00021483707349349488
2026-05-07 17:50:00,-0.0031555949058752475,-0.0013230353145853681
2026-05-07 17:55:00,-0.00298371461671465,-0.0010315171582868142
2026-05-07 18:00:00,-0.003649944828017837,-0.0012402013666317944
2026-05-07 18:05:00,0.00011870014872705781,-0.0005092708789389347
2026-05-07 18:10:00,0.0010174536558569258,-0.0016931389754892847
2026-05-07 18:15:00,0.0027752570283627875,0.0007150230186708822
2026-05-07 18:20:00,-0.001283132290938127,-0.0001060503304074687
2026-05-07 18:25:00,-0.0018767361336440302,0.0012845969598072465
2026-05-07 18:30:00,-0.001059968893761365,-0.001396285146158709
2026-05-07 18:35:00,0.0011707914359480043,-0.000151336697314515
2026-05-07 18:40:00,0.0009335068070726038,0.00046330768390828687
2026-05-07 18:45:00,0.0004856052082740092,0.0008201023484930502
2026-05-07 18:50:00,-0.00019291657054232303,-0.0003454683669579273
2026-05-07 18:55:00,-0.00018663165963417327,-0.0008853610106441633
2026-05-07 19:00:00,-0.0021711479422563684,-0.0005640829673907337
2026-05-07 19:05:00,-0.00013145898286559543,-0.00023142217119351705
2026-05-07 19:10:00,-0.003456854945453003,-0.00100204629900624
2026-05-07 19:15:00,-0.0014287782126647386,1.389362887772123e-05
2026-05-07 19:20:00,-0.002658328051275305,-0.0017822054239705254
2026-05-07 19:25:00,0.0002681370238803993,-0.000994123718121236
2026-05-07 19:30:00,-0.00013192471798895156,-0.0003373502794162946
2026-05-07 19:35:00,0.0004910062005816229,-0.0016483142591774641
2026-05-07 19:40:00,0.0027113762599952906,-0.000705129532765801
2026-05-07 19:45:00,0.00180500667152117,-0.0002283733763946879
2026-05-07 19:50:00,0.00028259121456919445,-0.001309745959599017
2026-05-07 19:55:00,-0.0008597896062045862,-0.0009978694139854225
2026-05-07 20:00:00,0.00017628649361967064,-0.0011478307571226724
2026-05-07 20:05:00,-0.0001168513450391373,2.5427735773855284e-05
2026-05-07 20:10:00,0.0009934682408445639,8.738339668435598e-05
2026-05-07 20:15:00,0.001093131739942521,-0.0005933422621864559
2026-05-07 20:20:00,0.0013843418732015778,0.0005399815161767942
2026-05-07 20:25:00,-0.0014990723848224974,-0.0020430350363975663
2026-05-07 20:30:00,-0.0028148476740810224,-0.0019134056800089304
2026-05-07 20:35:00,-0.0020814844670908883,-0.0003579488434296216
2026-05-07 20:40:00,0.0009600048312741194,-0.001308833428995195
2026-05-07 20:45:00,0.001141765011896112,-0.0010990610783864522
2026-05-07 20:50:00,0.0014107850893019247,-0.0025435088043659695
2026-05-07 20:55:00,-8.704208702603466e-05,-0.001641689831980922
2026-05-07 21:00:00,-0.0008141981289568889,0.0005116216379338426
2026-05-07 21:05:00,-0.002065861743933084,-1.5254492041502621e-05
2026-05-07 21:10:00,-0.0010195932706498212,-0.0010006929811643445
2026-05-07 21:15:00,0.0012221107903158668,9.871596102026931e-05
2026-05-07 21:20:00,0.002343959430190168,-0.000503746749113818
2026-05-07 21:25:00,0.0009389133512005543,-0.000313633587036824
2026-05-07 21:30:00,0.0003546637792730678,-0.001445605318440973
2026-05-07 21:35:00,-0.001134104815985637,-0.0015854986928206605
2026-05-07 21:40:00,-0.0014129532963469416,-0.0011399278192736194
2026-05-07 21:45:00,0.0014810071007307357,0.000593059993783757
2026-05-07 21:50:00,0.0011510853753673445,-0.026353816940963313
2026-05-07 21:55:00,0.0018842018377220882,-0.00034894873084132146
2026-05-07 22:00:00,-0.0009778976829277752,-0.0009898534604553758
