timestamp,y_true,y_pred
2026-04-01 13:05:00,9.915685039452171e-05,0.01090936290130418
2026-04-01 13:10:00,0.001771688882490352,0.0017810325703347665
2026-04-01 13:15:00,0.0003582673387025892,0.0004509712046014458
2026-04-01 13:20:00,0.003657704780346549,-0.0008634145693801163
2026-04-01 13:25:00,0.003000484095647238,0.0002610163822971759
2026-04-01 13:30:00,0.0025925558547292837,0.002477198899427175
2026-04-01 13:35:00,0.0005211386998276168,0.001054868549917673
2026-04-01 13:40:00,-0.0015938067803151768,-1.3506059110232919e-05
2026-04-01 13:45:00,-0.0021122575549785694,0.0022322502864428866
2026-04-01 13:50:00,-0.003630493788062239,-0.0006904482498251445
2026-04-01 13:55:00,-0.001762872104954738,0.0014842236685954403
2026-04-01 14:00:00,-0.0017284667958499256,0.002841428529589147
2026-04-01 14:05:00,-0.0021297014754253496,0.00239678469777297
2026-04-01 14:10:00,-0.0019180438041317416,0.00025588794192227943
2026-04-01 14:15:00,0.0010205782334509195,0.0032318826112654477
2026-04-01 14:20:00,0.0006210156974351122,0.0019348186559989772
2026-04-01 14:25:00,0.0027735407398559175,0.0015686645829131973
2026-04-01 14:30:00,-0.0025703049134495615,0.0019759183553905817
2026-04-01 14:35:00,-0.0008957374905183002,0.00011242601327981637
2026-04-01 14:40:00,-0.004906907584059539,0.0008111532262195945
2026-04-01 14:45:00,-0.0025324423028134646,-0.030514048056178227
2026-04-01 14:50:00,-0.0004650858061427954,-0.0003772478750834217
2026-04-01 14:55:00,0.0015058810450412352,0.0026389930679728826
2026-04-01 15:00:00,0.0039619083335331595,0.0009502316121104194
2026-04-01 15:05:00,0.001975122555705866,-0.002535909693491529
2026-04-01 15:10:00,0.0012398026774889104,-0.0008391087290697736
2026-04-01 15:15:00,-9.495283488725192e-05,-0.0029361260419886537
2026-04-01 15:20:00,0.0015456882495819002,0.0010290203934043396
2026-04-01 15:25:00,0.0011497200274543928,-0.0005019113667392432
2026-04-01 15:30:00,0.0009955013445175354,0.0008810936442425509
2026-04-01 15:35:00,-0.0011131609224097616,0.0010781175714681085
2026-04-01 15:40:00,-0.0016881166952220639,-0.0002093652159411528
2026-04-01 15:45:00,0.000345662674613223,0.0004268041202904721
2026-04-01 15:50:00,0.00037119133863150466,-0.0012845640137749104
2026-04-01 15:55:00,0.001983244350615365,0.00020348060627512193
2026-04-01 16:00:00,0.0005098450771345853,-1.0924585825263509e-05
2026-04-01 16:05:00,-0.0005842667881879038,0.0009047079270683375
2026-04-01 16:10:00,-0.0003857914939722207,0.00021456200840539667
2026-04-01 16:15:00,-0.0008238872983721279,0.0004765432459991025
2026-04-01 16:20:00,0.0020466003764934015,-0.00030982839330070434
2026-04-01 16:25:00,0.002390352962148512,0.0008410701549294105
2026-04-01 16:30:00,0.0031422971762378182,0.0008478177094743467
2026-04-01 16:35:00,0.003931780048182176,0.0023300360993418544
2026-04-01 16:40:00,0.0014902866146879745,-0.0008058454179216195
2026-04-01 16:45:00,0.0016692058562632894,0.0010167265958598202
2026-04-01 16:50:00,0.0010816250582870168,0.008712814073986759
2026-04-01 16:55:00,0.0009321386958234257,-0.0006288227232405271
2026-04-01 17:00:00,0.0006941568423020072,0.00011059690438459046
2026-04-01 17:05:00,-0.0006035534390864683,0.0010317841481562598
2026-04-01 17:10:00,0.001765321749019222,-0.004512555938801634
2026-04-01 17:15:00,0.002041926150925022,0.002921589866366513
2026-04-01 17:20:00,0.002370205215186161,0.0011081493183461599
2026-04-01 17:25:00,0.0025293297374933132,0.0012049781017022467
2026-04-01 17:30:00,0.001018356644539864,-0.0013373034045707861
2026-04-01 17:35:00,0.000844545208279257,-2.0181868009950784e-05
2026-04-01 17:40:00,0.00015878487816323172,0.0010554560369046215
2026-04-01 17:45:00,0.0003322575047111087,0.0006216306032715397
2026-04-01 17:50:00,-4.8061401583865404e-05,0.0009233417093343862
2026-04-01 17:55:00,-0.002503795172785317,-0.001500886780033656
2026-04-01 18:00:00,-0.0008799919466486728,0.002445980657149632
2026-04-01 18:05:00,-0.001149982981536013,-0.0007565650005589249
2026-04-01 18:10:00,0.00033922652490403493,-0.0011166468997463725
2026-04-01 18:15:00,2.0911599349915377e-06,-0.00020732435363468235
2026-04-01 18:20:00,0.00016735246350663147,-0.000547103076008061
2026-04-01 18:25:00,0.0016379745916577093,-0.0005030548418444863
2026-04-01 18:30:00,0.00044113696972658545,0.0006214357932124357
2026-04-01 18:35:00,0.000585513166724283,-0.005553147776151033
2026-04-01 18:40:00,0.0006686433684635062,0.00039757233289675216
2026-04-01 18:45:00,0.0010445719771947637,-0.0006462802199279092
2026-04-01 18:50:00,0.0015708264062332944,-0.0026753845269085526
2026-04-01 18:55:00,0.0002882145338549691,-0.001028405548658259
2026-04-01 19:00:00,-0.000651684900006444,-0.0019004030504317635
2026-04-01 19:05:00,-0.000764216339639745,-0.00028701085647295146
2026-04-01 19:10:00,-0.0007917450033865236,0.00038876878651580957
2026-04-01 19:15:00,-0.001273263625698462,-0.0013107631229370392
2026-04-01 19:20:00,-0.0009780462843771431,-0.0005414110068069009
2026-04-01 19:25:00,-0.0005916065215814115,0.00032148578147026463
2026-04-01 19:30:00,8.368270865588556e-06,-0.00041499727349511475
2026-04-01 19:35:00,-0.0006232719047591928,0.000634574541491652
2026-04-01 19:40:00,-0.0017057011164443026,-0.002080338209395103
2026-04-01 19:45:00,-0.003331918430882652,0.0007521412700296215
2026-04-01 19:50:00,-0.0026228314365326355,-0.00012492278240827746
2026-04-01 19:55:00,-0.0005363795348962697,-1.7459891434310534e-05
2026-04-01 20:00:00,-0.00041149672013141014,-8.187838503973433e-05
2026-04-01 20:05:00,-0.0024194322358734865,-0.0007477666599951129
2026-04-01 20:10:00,-0.0035166320277397745,-0.000678765299494979
2026-04-01 20:15:00,-0.0012523272647868566,0.0024445554506905267
2026-04-01 20:20:00,-0.0014793228957348248,0.0010476293308446555
2026-04-01 20:25:00,0.0005971241501772084,0.0005908502512890241
2026-04-01 20:30:00,0.0,0.0009433422701880917
2026-04-01 20:35:00,0.0013931066632668632,-0.001087498185630597
2026-04-01 20:40:00,-0.0007843244855809672,-7.653654599530722e-05
2026-04-01 20:45:00,0.00047506038995059896,0.0007651805075812414
2026-04-01 20:50:00,0.0006075608930302678,0.00044384726938079743
2026-04-01 20:55:00,0.0013222718511602949,0.001027551809182996
2026-04-01 21:00:00,0.0005630536142167131,-0.00031017661900890393
2026-04-01 21:05:00,0.0005483798245400351,0.0003655091160175083
2026-04-01 21:10:00,0.0012680738945540782,0.000589653524841412
2026-04-01 21:15:00,0.0013538121318621421,-0.0003680413303374481
2026-04-01 21:20:00,0.0030599374766779874,-0.00014446225966461353
2026-04-01 21:25:00,0.0007026264885592326,0.0002606601116459165
2026-04-01 21:30:00,-4.1950355953446206e-06,0.001989128856580422
2026-04-01 21:35:00,-0.002048010509390963,0.0005446201607737932
2026-04-01 21:40:00,-0.0005159103940339804,0.00015047140211321046
2026-04-01 21:45:00,-0.0004216908606977654,0.0008377922896071947
2026-04-01 21:50:00,0.0004594378365982976,-0.0010003981713044238
2026-04-01 21:55:00,0.0003817154169194481,0.0015983307402537847
2026-04-01 22:00:00,0.0011786098383659294,0.00043011902248346135
2026-04-01 22:05:00,-0.0009799694622518729,-0.0003693923484025016
2026-04-01 22:10:00,-0.0013870369893407286,-0.0007465269664046941
2026-04-01 22:15:00,-0.0022850821839419666,0.0009021019851504016
2026-04-01 22:20:00,-0.0010965212809193048,-0.001216187695831682
2026-04-01 22:25:00,-0.0005566145378086418,0.0014344006881782424
2026-04-01 22:30:00,0.0004956494263925748,0.00035305709140892854
2026-04-01 22:35:00,5.044114990049309e-05,4.190834197564811e-05
2026-04-01 22:40:00,-0.00021642815877775945,-0.0005787110050808207
2026-04-01 22:45:00,-0.0011765176857796433,0.001053798095226531
2026-04-01 22:50:00,0.00028368407031109655,0.00026155387632053814
2026-04-01 22:55:00,0.00034248122728719466,-0.0002695150940823215
2026-04-02 00:00:00,0.0011618197545146813,-0.0006190617840631761
2026-04-02 00:05:00,0.001964666040617402,-0.0016427628418393563
2026-04-02 00:10:00,0.002683258735819649,-0.003225688473808814
2026-04-02 00:15:00,0.003023221548943411,-0.00022269179202188656
2026-04-02 00:20:00,0.0012154871303149406,-0.0020321216169563875
2026-04-02 00:25:00,0.0006995262775149058,0.0010437646341887714
2026-04-02 00:30:00,0.0007345071128543879,-0.001577813899131079
2026-04-02 00:35:00,0.0009148317462877031,-0.0001587632502663256
2026-04-02 00:40:00,7.118182772813952e-05,-0.0008113538653140109
2026-04-02 00:45:00,-0.0002719767706764742,-0.014461276053478734
2026-04-02 00:50:00,0.0018250679013327442,-0.00010149512062033236
2026-04-02 00:55:00,0.003066470769880425,0.00011046195441824828
2026-04-02 01:00:00,0.003546621480765566,-0.0008505634336434661
2026-04-02 01:05:00,0.001120983911132356,0.0001332147751545563
2026-04-02 01:10:00,0.0008094666307538745,8.868764364755404e-05
2026-04-02 01:15:00,-0.0006569925620727446,0.0012252591992763608
2026-04-02 01:20:00,-0.0002691719847867091,0.0012262187757984893
2026-04-02 01:25:00,-0.0011330192834204666,-0.0011847531568889968
2026-04-02 01:30:00,-0.0018397885987493368,0.004946150173466191
2026-04-02 01:35:00,-0.0013114235626119353,0.00023353530638848608
2026-04-02 01:40:00,-0.001426967414579039,8.93142657390453e-05
2026-04-02 01:45:00,-0.0004725008764356886,-0.0010700888891022565
2026-04-02 01:50:00,0.000989991559411152,-0.00028583062470714777
2026-04-02 01:55:00,0.0020447577069528933,-0.00028312482317111455
2026-04-02 02:00:00,0.0029046447721849944,3.7990776904669185e-05
2026-04-02 02:05:00,0.0008138157135793023,-0.0020466728201142884
2026-04-02 02:10:00,-0.0005969127682803332,0.001189161619750855
2026-04-02 02:15:00,-0.0011433102995841438,-0.0005584984901307096
2026-04-02 02:20:00,-0.0004840362036730994,0.016161280857449556
2026-04-02 02:25:00,-0.00038630477003032127,-0.0016017766283950828
2026-04-02 02:30:00,-0.00048651183465153736,-0.0016396463470229705
2026-04-02 02:35:00,-0.0007432011014127937,0.0006151879539820655
2026-04-02 02:40:00,-0.00043659958558528444,0.0008881927215340542
2026-04-02 02:45:00,-0.009544087606229823,-0.0010148548587466332
2026-04-02 02:50:00,-0.008681544118104512,0.0011961569233887713
2026-04-02 02:55:00,-0.0074978198708191,-0.002942408968118416
2026-04-02 03:00:00,-0.0032820984185040203,0.0014614421906947047
2026-04-02 03:05:00,-0.006861605253291714,0.003368216464273901
2026-04-02 03:10:00,-0.011773810410655727,-0.0012857632372348356
2026-04-02 03:15:00,-0.010075957263786961,-0.0022727394066883967
2026-04-02 03:20:00,-0.0035826414267692286,-0.00752187776948756
2026-04-02 03:25:00,-0.0009973872692405905,-0.004361499350906978
2026-04-02 03:30:00,0.0034643594231784647,-0.00698841625525134
2026-04-02 03:35:00,0.0007703095024691464,-0.002592739328081714
2026-04-02 03:40:00,0.0011337048211874645,-0.005478593299148082
2026-04-02 03:45:00,0.0006492974510621252,0.0023653706292900306
2026-04-02 03:50:00,-0.002169874949704109,0.000745816885073706
2026-04-02 03:55:00,-0.001157159654109563,-0.0027694781863947817
2026-04-02 04:00:00,-0.0017018416581411344,0.003560183853694103
2026-04-02 04:05:00,0.0015613371026379497,-0.0030526351237359787
2026-04-02 04:10:00,-0.00018765847066504193,0.0008886533753240458
2026-04-02 04:15:00,-0.004403274633846266,0.0019250041791801446
2026-04-02 04:20:00,-0.008208793187151286,-0.00019611685418834747
2026-04-02 04:25:00,-0.0025988489582076113,-0.00027967595395421907
2026-04-02 04:30:00,0.0013565910140442838,-0.0013255385338115941
2026-04-02 04:35:00,0.004438680053699073,-0.003019023051491687
2026-04-02 04:40:00,0.0021764885974864256,-0.0006834413396169097
2026-04-02 04:45:00,0.0007438456735027188,-7.192290060688538e-05
2026-04-02 04:50:00,0.0004485521452988195,0.0009781171429473442
2026-04-02 04:55:00,0.0006761174057068331,0.0024258158597807934
2026-04-02 05:00:00,0.0021322811632700223,0.001446691104858682
2026-04-02 05:05:00,0.0031661755521401602,0.0015526027176862606
2026-04-02 05:10:00,0.0003773178713295522,-0.0011470705040563364
2026-04-02 05:15:00,0.00020466464915891436,-0.0007192667578878875
2026-04-02 05:20:00,-0.002335817265684881,0.000718241673339784
2026-04-02 05:25:00,-0.0012326723676441276,-0.00016817214743790137
2026-04-02 05:30:00,-0.0027558253158979085,0.0005662430949109388
2026-04-02 05:35:00,-0.001941426778465427,0.00014636757909630292
2026-04-02 05:40:00,-0.0018475864356481964,0.0002971783800678584
2026-04-02 05:45:00,-0.00022447193072849814,-0.0010173162694629306
2026-04-02 05:50:00,-0.0013948555206155788,0.0018199665637604922
2026-04-02 05:55:00,-0.0019752427056669575,-2.976901654314296e-05
2026-04-02 06:00:00,-0.001908977479390117,-0.003888780134587743
2026-04-02 06:05:00,-0.0009702718486011008,-0.0012870318843031803
2026-04-02 06:10:00,-0.0004092323736362147,0.0019016782571403207
2026-04-02 06:15:00,-0.00029994644038566776,-0.005583272670770143
2026-04-02 06:20:00,-0.00028719250239106486,0.00028467850588158707
2026-04-02 06:25:00,-0.0009669677312409419,-0.00013267656310270506
2026-04-02 06:30:00,-0.00025073855493751296,0.00019343465229120426
2026-04-02 06:35:00,0.0002936212414255124,-0.00019339028913607738
2026-04-02 06:40:00,0.002423158081329646,-0.0004416971229223997
2026-04-02 06:45:00,0.00150776936566821,6.454211156661348e-05
2026-04-02 06:50:00,0.0004391992932006872,-4.0881049753725435e-05
2026-04-02 06:55:00,-0.000511566442552791,-0.0014727069494888671
2026-04-02 07:00:00,-0.00010058994943662469,0.0008744837240954239
2026-04-02 07:05:00,0.0011474347745661362,-0.003665385317387218
2026-04-02 07:10:00,0.0014761950230877119,0.000512837797241377
2026-04-02 07:15:00,-0.004853159889568914,-4.103099600945553e-05
2026-04-02 07:20:00,-0.005838615065069774,-0.001056063534408203
2026-04-02 07:25:00,-0.009245991378856289,-0.0018007336658102586
2026-04-02 07:30:00,-0.012763980093454919,0.0009358157138596168
2026-04-02 07:35:00,-0.009175209323014855,-0.001852458107556917
2026-04-02 07:40:00,-0.008787945522868768,0.0001401148888450351
2026-04-02 07:45:00,-0.001163921194009987,-0.0027894855917662414
2026-04-02 07:50:00,-0.00794798011813036,-0.0012291070271400304
2026-04-02 07:55:00,-0.002766102749268029,-0.0035528419320794598
2026-04-02 08:00:00,0.0011857045541372457,-0.002251967972636746
2026-04-02 08:05:00,0.004220623060906092,-0.0034951589989661623
2026-04-02 08:10:00,0.001884135011312793,-0.00013462980865800236
2026-04-02 08:15:00,0.00033540383807384444,0.000501654844115258
2026-04-02 08:20:00,0.0016053588004059094,0.0004633186532487371
2026-04-02 08:25:00,-0.00043364709869031515,0.002831903303311149
2026-04-02 08:30:00,0.0015166238558155243,0.0007949552481653615
2026-04-02 08:35:00,0.0009115324709210171,-0.0014187643696742906
2026-04-02 08:40:00,0.002375124798229322,0.000697717811729275
2026-04-02 08:45:00,0.0008801966123250793,-0.00206299603997227
2026-04-02 08:50:00,0.002050627745589395,-0.012323620001931107
2026-04-02 08:55:00,0.0047636904925330015,-0.00322667441752654
2026-04-02 09:00:00,0.004428329860440172,-0.0007590384220254689
2026-04-02 09:05:00,0.0021893515261126595,-0.0005671793883318681
2026-04-02 09:10:00,8.656359826275661e-06,-0.004406638448749684
2026-04-02 09:15:00,0.0017416750842098594,-0.004058497686739123
2026-04-02 09:20:00,0.0035297040508037725,-8.071667514214249e-05
2026-04-02 09:25:00,0.0035600602715977203,-0.00533493649173228
2026-04-02 09:30:00,0.003627022353745346,-0.007326303027563047
2026-04-02 09:35:00,0.002331882531573015,-0.0021841640985219555
2026-04-02 09:40:00,0.001458811467639265,-0.00011473194154945068
2026-04-02 09:45:00,-0.0016103860440086493,-0.0008208173255624437
2026-04-02 09:50:00,-0.0027203393271140186,-0.0016474861468628002
2026-04-02 09:55:00,-0.0006698840015761931,-0.0009036267600722424
2026-04-02 10:00:00,0.00021544248738436522,-0.0020177334066090818
2026-04-02 10:05:00,0.0008198985511267409,-0.001414347412707739
2026-04-02 10:10:00,-0.0014878420198556341,-0.0003018342535950784
2026-04-02 10:15:00,-0.0008275523672836016,-0.002196757211100346
2026-04-02 10:20:00,0.0006899198673053775,-3.848042743187215e-05
2026-04-02 10:25:00,-0.0006907657844816839,-0.0003327315067144171
2026-04-02 10:30:00,-0.002251215322269573,-0.0015690089729343297
2026-04-02 10:35:00,-0.002764701232139899,-0.0024170922581103578
2026-04-02 10:40:00,-0.0023240414605663062,0.00039606967618282043
2026-04-02 10:45:00,-0.002091713836721354,-0.002080008813902562
2026-04-02 10:50:00,-0.002089923697489837,-0.0020080371001071403
2026-04-02 10:55:00,0.0006274829054522257,-0.0018506103984568634
2026-04-02 11:00:00,0.0015859505015622943,-0.0037243634596630312
2026-04-02 11:05:00,0.002038053002475948,-0.0020788462065381725
2026-04-02 11:10:00,-0.0007162277823873353,-0.0005797161294014032
2026-04-02 11:15:00,-0.0007396530023893177,-0.002033205878941448
2026-04-02 11:20:00,-0.0008930299931506624,0.0029465923914962014
2026-04-02 11:25:00,0.000374406607781097,-0.002468159326304588
2026-04-02 11:30:00,-0.0003851821764531138,-0.000181857211561275
2026-04-02 11:35:00,0.0006703877038134465,-0.0032748900074396
2026-04-02 11:40:00,0.00016227145453484582,-0.002161384413089868
2026-04-02 11:45:00,0.0017861665537264315,0.0007196120060432649
2026-04-02 11:50:00,0.0011148754914245274,-0.0014432741819849159
2026-04-02 11:55:00,0.0006596327706827054,-0.0010636158209027474
2026-04-02 12:00:00,-0.0029772745331211325,0.0021317363276642702
2026-04-02 12:05:00,-0.003224870831543214,-0.008436168359736247
2026-04-02 12:10:00,-0.001471253491867941,0.002412154836531749
2026-04-02 12:15:00,-6.717743187678593e-05,-0.0009111689958932281
2026-04-02 12:20:00,-0.0001798259159979665,-0.0032179865289127616
2026-04-02 12:25:00,0.0014907114577979996,-0.026504073616413645
2026-04-02 12:30:00,0.0030746984958316403,-0.0012489521820079142
2026-04-02 12:35:00,0.0011434017443896494,0.0002849069752900405
2026-04-02 12:40:00,-0.0009149339257863431,0.002280015209115403
2026-04-02 12:45:00,-0.000484054309971782,-0.002544062143015991
2026-04-02 12:50:00,0.001202625155221071,-0.0017957475133908531
2026-04-02 12:55:00,0.0015417102628063617,-0.00573852252774355
2026-04-02 13:00:00,-0.0004237398128044134,-0.004927448641025844
2026-04-02 13:05:00,-0.00011241444623877328,-0.0008668362425476763
2026-04-02 13:10:00,-0.003022951397692708,-0.0019513867351260454
2026-04-02 13:15:00,-0.0022080798684402936,-0.0009661155473275786
2026-04-02 13:20:00,-0.0036668754530850833,-0.0026655634493750304
2026-04-02 13:25:00,-0.003149506355811127,-0.000496601519158909
2026-04-02 13:30:00,-0.002067454394978796,0.0036611026157643937
2026-04-02 13:35:00,-0.001565708487921924,-0.002437718056499034
2026-04-02 13:40:00,0.00036733820415157936,-0.002684692824151168
2026-04-02 13:45:00,0.0005774950769463771,-0.0007367976858893117
2026-04-02 13:50:00,0.0004953851068609794,0.0001699199861940891
2026-04-02 13:55:00,0.002710649252760433,-0.0005035639625535173
2026-04-02 14:00:00,0.001201683368762474,-0.0016836797519924264
2026-04-02 14:05:00,0.0052127120731810805,-0.00018913069194126224
2026-04-02 14:10:00,0.0026017274378755673,0.001167895473788582
2026-04-02 14:15:00,0.0019815731073666853,0.0014157794749897021
2026-04-02 14:20:00,-0.0013904313333394924,0.0006512754121863027
2026-04-02 14:25:00,-0.0015792767600277813,8.639719531227763e-05
2026-04-02 14:30:00,-0.0005994717470159117,0.0012249846726564324
2026-04-02 14:35:00,-3.0295292546611563e-05,-0.010423857731398097
2026-04-02 14:40:00,-0.003998265443257765,0.02157168816608104
2026-04-02 14:45:00,-0.005603033906451671,-0.00014177102889954265
2026-04-02 14:50:00,-0.004454727114216794,0.005044335692539289
2026-04-02 14:55:00,-0.0025291232509232486,-0.0016402925712177923
2026-04-02 15:00:00,-0.0006489476605402444,-0.0008548595167113945
2026-04-02 15:05:00,-0.0037587643395191606,-0.0008917072598410326
2026-04-02 15:10:00,0.002020330253463598,-0.004090488815167521
2026-04-02 15:15:00,0.0019521033740694804,0.0046051610764865965
2026-04-02 15:20:00,0.0011796735569742367,-0.0023780410518832243
2026-04-02 15:25:00,0.0007565727616416495,0.001133029759275661
2026-04-02 15:30:00,0.00754398529462641,1.6172007804235184e-06
2026-04-02 15:35:00,0.010240022180328268,-8.206019922602512e-05
2026-04-02 15:40:00,0.009654576208443899,-0.0006443530816211576
2026-04-02 15:45:00,0.0018345998507918182,-0.0026196745164910416
2026-04-02 15:50:00,0.0026668750484564185,0.0016194099970327435
2026-04-02 15:55:00,0.0004110156555832134,-0.020929005881116045
2026-04-02 16:00:00,0.003706343501859166,0.0009514595637077714
2026-04-02 16:05:00,0.0057339815747106115,-0.0028563709051057655
2026-04-02 16:10:00,0.003803016715190566,-0.0020080626855339782
2026-04-02 16:15:00,0.0020600597006819044,-0.0035212479641185254
2026-04-02 16:20:00,0.0025635233412195646,0.0005369773615935102
2026-04-02 16:25:00,0.005729756148975085,-0.002274546551161209
2026-04-02 16:30:00,0.0023677863928099896,0.0021926144258279804
2026-04-02 16:35:00,-0.0005506032232016622,0.0002501078874122629
2026-04-02 16:40:00,-0.002152554829006448,0.003105490550797601
2026-04-02 16:45:00,-2.5637026704217192e-05,0.003198968325138947
2026-04-02 16:50:00,-0.002939540619831149,0.0008533731080845484
2026-04-02 16:55:00,-0.001996691372978532,0.0006623339045873481
2026-04-02 17:00:00,-0.001729880419626184,-0.00021833224228991546
2026-04-02 17:05:00,-0.001744288648382053,0.0008770268701459027
2026-04-02 17:10:00,0.00015192284060638883,-0.0029358411920165075
2026-04-02 17:15:00,0.0003851519686079996,-5.6145901614034583e-05
2026-04-02 17:20:00,0.001453071207539125,0.0006532408563805524
2026-04-02 17:25:00,-0.0016167009766512308,0.0002320956800177256
2026-04-02 17:30:00,-0.00322701888192789,0.0005923912968270556
2026-04-02 17:35:00,-0.0016353899376468917,0.0015123825193424647
2026-04-02 17:40:00,-0.0010613766084812681,0.0009634424524102857
2026-04-02 17:45:00,0.0005342699992869626,0.003188099248173691
2026-04-02 17:50:00,-0.000740340998383715,0.00026368983683640524
2026-04-02 17:55:00,-0.0013911432802320434,-0.0008096823434603358
2026-04-02 18:00:00,-0.0032249740851177933,-0.0005227240341125522
2026-04-02 18:05:00,-0.0013576422077896666,0.0010021095971193212
2026-04-02 18:10:00,-0.0008510968056008039,-0.0007900122975046469
2026-04-02 18:15:00,0.002626314934950358,-0.0008517483111569813
2026-04-02 18:20:00,0.0025290597568154993,-0.0004248681734797092
2026-04-02 18:25:00,0.0016177530944609941,-0.0006865578802096638
2026-04-02 18:30:00,0.0004163099122571623,-0.0006108048842817206
2026-04-02 18:35:00,0.0001264996372860594,0.001040625169735229
2026-04-02 18:40:00,0.0003519925173538496,0.0011446286360489255
2026-04-02 18:45:00,0.0003732439879193805,4.942440919039528e-05
2026-04-02 18:50:00,-0.0003066284298594013,0.0016270692125710065
2026-04-02 18:55:00,0.0009523340409138825,0.000524104584049642
2026-04-02 19:00:00,0.0,0.00050578049546283
2026-04-02 19:05:00,0.00026589300536450367,0.00023538903943696966
2026-04-02 19:10:00,-0.002795228894626689,-0.0015834575869214647
2026-04-02 19:15:00,-0.002327539871718187,0.0019932859125810355
2026-04-02 19:20:00,-0.002251602990783752,-0.00018415589847933398
2026-04-02 19:25:00,0.0014157659369242737,-0.0019053080326621088
2026-04-02 19:30:00,-0.000898969256867943,0.00032025809818586994
2026-04-02 19:35:00,-0.0006900176647448575,-0.0011988500758932236
2026-04-02 19:40:00,-0.0018049693113493248,-0.00016871188359581608
2026-04-02 19:45:00,0.0012063259381154268,2.641319074053348e-05
2026-04-02 19:50:00,0.0011733912349125575,0.0003007104927500257
2026-04-02 19:55:00,0.0010382553944427997,-0.00046160112361078335
2026-04-02 20:00:00,0.00016546063095468355,0.005229124063602006
2026-04-02 20:05:00,-0.0008422953043680792,-0.0030214820795205913
2026-04-02 20:10:00,-0.000498571988433838,0.003712964412350969
2026-04-02 20:15:00,0.0010737541190053435,0.0003538715515366722
2026-04-02 20:20:00,0.0007413432404028697,0.002049332237948775
2026-04-02 20:25:00,0.0022330400297185804,-0.0016531900116308073
2026-04-02 20:30:00,0.0020712331237344728,-0.0008279756143418646
2026-04-02 20:35:00,0.0027649777315641444,5.4036047884968054e-05
2026-04-02 20:40:00,0.0013888385071680887,-0.000562044825487897
2026-04-02 20:45:00,0.0007515295907172259,-0.0007681465742937097
2026-04-02 20:50:00,0.0023727646124616086,-0.0006957025455054291
2026-04-02 20:55:00,0.0012329058966766837,-0.0021091639904154014
2026-04-02 21:00:00,-0.0005480683938134945,-0.001019470062184584
2026-04-02 21:05:00,-0.001355787430346922,-0.00026703513195934937
2026-04-02 21:10:00,-0.002057831994729753,-0.001026641582578944
2026-04-02 21:15:00,-0.0012406856432356506,-0.0007104588388371792
2026-04-02 21:20:00,-0.0018055785057473628,-0.0006081682628102394
2026-04-02 21:25:00,0.0004371884566172213,-0.0018985146574128067
2026-04-02 21:30:00,0.001328482425861921,-0.001189922102239774
2026-04-02 21:35:00,0.00221849708642452,-0.0003942233426248603
2026-04-02 21:40:00,0.001177742938519799,-0.00027248832481382773
2026-04-02 21:45:00,0.0010829066612618732,-9.086279353645935e-05
2026-04-02 21:50:00,-0.00016471909548698704,-2.2265962370490635e-05
2026-04-02 21:55:00,0.0001326767973779397,-0.0011353173668760487
2026-04-02 22:00:00,-0.0015412479450596095,0.0007802213297020179
2026-04-02 22:05:00,-0.001631541783160273,0.0006720468173684892
2026-04-02 22:10:00,-0.001117603221636898,-0.0010495791855688803
2026-04-02 22:15:00,0.0008993499591198884,-0.0005348986449482125
2026-04-02 22:20:00,0.001070865704418722,-0.0002724773217630755
2026-04-02 22:25:00,0.00021633871444137753,0.0016969793504651954
2026-04-02 22:30:00,-0.000220480026580816,-0.0016923455562980684
2026-04-02 22:35:00,0.00014126863538699297,-0.0007201941221801342
2026-04-02 22:40:00,0.0016370871215922733,-0.002427685768878374
2026-04-02 22:45:00,-0.0073571611551752625,0.0002494064881559785
2026-04-02 22:50:00,-0.008164170261267145,-0.0011879395967700121
2026-04-02 22:55:00,-0.00948729692092698,0.012966739419091721
2026-04-06 00:00:00,0.000478656665700683,0.002477199408093799
2026-04-06 00:05:00,0.0016407602059125281,0.004877242928806797
2026-04-06 00:10:00,0.0005783415570128625,0.002749972423539036
2026-04-06 00:15:00,-0.0008647674670392291,0.0031373202611703747
2026-04-06 00:20:00,2.8005381343731983e-05,0.004390480837087206
2026-04-06 00:25:00,0.0014745513267406807,0.0032085038283557214
2026-04-06 00:30:00,0.0016770968175130463,0.0056307784739321656
2026-04-06 00:35:00,-0.0004503354428688766,0.0007820897737297323
2026-04-06 00:40:00,0.00106360313088949,0.0077815378641560295
2026-04-06 00:45:00,-0.0010343803045334,0.003036764236467045
2026-04-06 00:50:00,-0.0018703065786098705,0.0013996610313245553
2026-04-06 00:55:00,-0.0030819587705384066,0.002473292217366119
2026-04-06 01:00:00,-0.0027354836266546556,0.0038163353188100904
2026-04-06 01:05:00,-0.0026593920264073034,0.002985625570805545
2026-04-06 01:10:00,-0.004892408364629119,0.0017386223798128578
2026-04-06 01:15:00,-0.002140487285547721,-0.0004673595675662599
2026-04-06 01:20:00,-0.0009942221139880303,0.0011508367078137286
2026-04-06 01:25:00,-0.0004122190460176256,0.0002911078872644408
2026-04-06 01:30:00,-0.0004984450784224492,0.0007649107134379031
2026-04-06 01:35:00,0.0006369357971767187,0.0005302211917205119
2026-04-06 01:40:00,0.0007743976300425004,0.0015470274737948637
2026-04-06 01:45:00,0.0024313607564270256,0.001271524416765798
2026-04-06 01:50:00,0.0012034373002798304,0.0008436421175712762
2026-04-06 01:55:00,0.00320184547273783,0.006964536127876239
2026-04-06 02:00:00,-0.0021409321120522407,0.0014275982564023804
2026-04-06 02:05:00,-0.0012814076455978096,0.0028265524963126554
2026-04-06 02:10:00,-0.004996673508962601,0.0026692120299736223
2026-04-06 02:15:00,-0.0011123218423634285,-0.0032296860551984034
2026-04-06 02:20:00,-0.001391493044897274,0.003907367186357889
2026-04-06 02:25:00,0.0033439915270943033,0.002335644916005495
2026-04-06 02:30:00,0.0018207005621349026,-0.00127595661049716
2026-04-06 02:35:00,0.0024587255398351715,-0.0024316736709945916
2026-04-06 02:40:00,0.0008591298214746246,0.001066394852501712
2026-04-06 02:45:00,0.0029170394915105646,0.0010197612311159557
2026-04-06 02:50:00,0.003647688283390238,0.0005939627229035322
2026-04-06 02:55:00,0.004146754651543461,0.0009502308445155263
2026-04-06 03:00:00,-0.0013828571162868286,-0.000957556400053636
2026-04-06 03:05:00,-0.0012597448525877297,0.0003225138210318202
2026-04-06 03:10:00,-0.0001680397094716568,-0.0005103762713376854
2026-04-06 03:15:00,0.0008623494259669684,-0.0016024754795214416
2026-04-06 03:20:00,0.000388446735888337,0.0005480468430464414
2026-04-06 03:25:00,-0.0029020581812826407,0.00018029223043021202
2026-04-06 03:30:00,-0.0010829190587475779,-0.0038037873889646147
2026-04-06 03:35:00,-0.0018399825512105394,-0.001081769913736568
2026-04-06 03:40:00,-0.00038253439223545627,0.00015965866495568114
2026-04-06 03:45:00,0.001288130789371067,-0.0006333497720408108
2026-04-06 03:50:00,0.0013198612929645748,0.0018279779076240702
2026-04-06 03:55:00,0.002243409713083011,-7.433197424444355e-05
2026-04-06 04:00:00,0.0072610832697321825,0.02259950231952615
2026-04-06 04:05:00,0.007049289040466533,-0.00034443175677719204
2026-04-06 04:10:00,0.005340997928685809,-0.0011646519355565338
2026-04-06 04:15:00,-0.0019295640215428733,-0.0006924206742301797
2026-04-06 04:20:00,-0.0029281214838210445,0.000952898930802804
2026-04-06 04:25:00,-0.0021841455243798436,-0.0007614638096314749
2026-04-06 04:30:00,-0.00037819288717599875,-0.0010104903763830067
2026-04-06 04:35:00,-0.00022361071188470305,-0.0009462684030089876
2026-04-06 04:40:00,-0.000679625457916444,-0.0001800428613874046
2026-04-06 04:45:00,-0.0039020069880155717,0.01572796911811336
2026-04-06 04:50:00,-0.004379071964029535,0.0009197000102401016
2026-04-06 04:55:00,-0.003109363448510649,1.4156130673388429e-05
2026-04-06 05:00:00,-0.0017275972776804593,0.0017344841343504497
2026-04-06 05:05:00,0.0003476642289594878,0.0007574059136279458
2026-04-06 05:10:00,-0.0006174198953523558,0.0015815245948469724
2026-04-06 05:15:00,0.0010541893116311485,0.0007233565517791387
2026-04-06 05:20:00,-0.0005269420852780371,0.0019620870103166425
2026-04-06 05:25:00,0.00044475342826189035,0.0013018816430814327
2026-04-06 05:30:00,0.0007014567925853754,-0.002790321034487372
2026-04-06 05:35:00,0.0013535088053000521,-0.0003774647031485616
2026-04-06 05:40:00,0.0017339436672028086,-0.0007011153004656237
2026-04-06 05:45:00,0.002921395901440249,9.968092661192702e-05
2026-04-06 05:50:00,0.0023873764862063496,0.0007788996800872321
2026-04-06 05:55:00,0.0005923883655842843,0.00039078104650508585
2026-04-06 06:00:00,-0.0009943846074200735,-0.0013039210723667604
2026-04-06 06:05:00,-0.0009581442449331234,0.000947335416968524
2026-04-06 06:10:00,0.0006953392103774547,-0.000477424935164496
2026-04-06 06:15:00,0.0010331068591682424,-0.001156236120496245
2026-04-06 06:20:00,0.0013777160941597089,-0.0010234378406907422
2026-04-06 06:25:00,0.0004754799801709453,-0.001043834031222633
2026-04-06 06:30:00,0.000769831255750475,-0.0008669977612481939
2026-04-06 06:35:00,0.0016464624130367866,-0.0004764630694450521
2026-04-06 06:40:00,0.0022409610914913003,0.001127683048191143
2026-04-06 06:45:00,0.0023767132049190565,-0.0007556731020677474
2026-04-06 06:50:00,0.003149946585265795,0.0017826901299135011
2026-04-06 06:55:00,0.0030600395454012386,0.004234930365280003
2026-04-06 07:00:00,0.003034058916833615,0.0005804801820215146
2026-04-06 07:05:00,0.0005136854474585562,0.002687712375179946
2026-04-06 07:10:00,-0.0012867328079817497,-0.00017461621544093375
2026-04-06 07:15:00,-0.0021166610898291083,-0.0015599501099115422
2026-04-06 07:20:00,-0.0016061439516512621,0.0014173426116885221
2026-04-06 07:25:00,-0.0012733748507720577,-0.0025651848264279667
2026-04-06 07:30:00,-0.0016446261218483471,-0.0002753628767625683
2026-04-06 07:35:00,0.000304294628119095,0.003878970063670543
2026-04-06 07:40:00,-0.0019797352075752173,-0.004663884922903493
2026-04-06 07:45:00,-0.001333552568549834,-0.0007686970321068058
2026-04-06 07:50:00,-0.0019666912854816587,0.0012015903091896832
2026-04-06 07:55:00,0.0018102584077936967,-0.002820946172465312
2026-04-06 08:00:00,0.0011060510705647175,-0.001387568475754971
2026-04-06 08:05:00,-0.0005926956874500178,0.0009492865523769739
2026-04-06 08:10:00,-0.0008606988504098467,-0.0007245846545867661
2026-04-06 08:15:00,-0.00010303657378152309,-0.00120803597514788
2026-04-06 08:20:00,-8.163054877385889e-05,-0.0008075269324482777
2026-04-06 08:25:00,-0.00026844917076296326,0.0025631840686708846
2026-04-06 08:30:00,-0.00037359660160873887,0.00024465115710077144
2026-04-06 08:35:00,0.0017192774685774737,-0.0013370563522197803
2026-04-06 08:40:00,0.002192729259164139,-0.00014439737585273253
2026-04-06 08:45:00,0.0004959513511124669,-0.0022785811241011747
2026-04-06 08:50:00,-0.0012811284264628853,-0.002280907499943612
2026-04-06 08:55:00,-0.0028824370631213014,-0.0008353396699105401
2026-04-06 09:00:00,-0.0019401190567673865,0.0013989611379515781
2026-04-06 09:05:00,-0.0024875394047150223,0.0009665928081344863
2026-04-06 09:10:00,-0.00037405921320399216,0.001811210250459694
2026-04-06 09:15:00,0.0007932609782255184,-9.964523075789943e-05
2026-04-06 09:20:00,0.002506865088657051,0.0013659178717861087
2026-04-06 09:25:00,0.002898521637256124,0.00444612514293681
2026-04-06 09:30:00,0.004006121762554216,-0.0004813729866130046
2026-04-06 09:35:00,0.005159458491434066,-0.0003529290879582269
2026-04-06 09:40:00,0.004507118575991953,0.0009191863788954953
2026-04-06 09:45:00,0.004448366962675365,0.0011013704265440572
2026-04-06 09:50:00,0.0007388615888963557,0.000613089547988785
2026-04-06 09:55:00,0.0009535787120960038,0.00028482618345987507
2026-04-06 10:00:00,-0.0013411816134158983,-0.0018456663774397905
2026-04-06 10:05:00,0.001540030422413352,0.003093288236308161
2026-04-06 10:10:00,0.00026436639630667,-0.001104204204971297
2026-04-06 10:15:00,0.001635190857651736,-0.00195851112066302
2026-04-06 10:20:00,-0.0003005675633485083,0.0009189014342781209
2026-04-06 10:25:00,0.0004305117828522498,0.00014020985626253578
2026-04-06 10:30:00,0.0005132437221675445,-0.00021987767383057797
2026-04-06 10:35:00,0.0008140945353307671,0.0002794470392602688
2026-04-06 10:40:00,0.000813629834810925,1.2138475861869736e-05
2026-04-06 10:45:00,0.00043424120226376317,-0.0009181436799266037
2026-04-06 10:50:00,0.000998598000407469,-4.817161846379782e-05
2026-04-06 10:55:00,0.0010129169040027364,0.004799522848716148
2026-04-06 11:00:00,0.0003106647399224727,0.0018183959922244098
2026-04-06 11:05:00,0.0006658873407268118,-0.000810477537952427
2026-04-06 11:10:00,0.0002403107463422316,0.0017423785829511673
2026-04-06 11:15:00,0.0007464773952392534,-1.0291351280764622e-05
2026-04-06 11:20:00,0.00014673342709592418,0.0005638786174992038
2026-04-06 11:25:00,0.00017434863818444057,0.002701747470182539
2026-04-06 11:30:00,-0.0006677626160733752,-0.00030135611191344685
2026-04-06 11:35:00,-0.0017750048290547937,0.0012546865815692703
2026-04-06 11:40:00,-0.0020792793650166175,0.0016090718389585234
2026-04-06 11:45:00,-0.0007150427414988059,0.0007387637651518669
2026-04-06 11:50:00,-0.0003600674579455898,0.00028379583148153325
2026-04-06 11:55:00,-0.001494556660391666,0.0014728963278597936
2026-04-06 12:00:00,-0.001452940542311154,0.0013458593059240734
2026-04-06 12:05:00,-0.0006714778840475333,0.0008914052975281792
2026-04-06 12:10:00,0.0006633386224184079,0.00023340415267247166
2026-04-06 12:15:00,-0.0001172646632809915,0.0011373101377300343
2026-04-06 12:20:00,0.0005883669788886436,0.009097222582549502
2026-04-06 12:25:00,0.0011975870694040935,0.0020386077506115907
2026-04-06 12:30:00,0.0006224115236221905,0.0008511729031057656
2026-04-06 12:35:00,-0.0002365842362799242,0.000848126549957775
2026-04-06 12:40:00,-0.0011933226498026528,-0.0005259340611719261
2026-04-06 12:45:00,5.753218874282595e-05,0.0008952800551012049
2026-04-06 12:50:00,0.00034313542996855517,0.0003565069956154422
2026-04-06 12:55:00,-7.889470652600039e-05,0.0009859390205725414
2026-04-06 13:00:00,-0.00028556267762169796,0.0008070086546554719
2026-04-06 13:05:00,-0.0009700345389376253,0.0010993299697142156
2026-04-06 13:10:00,-0.00019833039990224677,0.000991385731727167
2026-04-06 13:15:00,-0.0005159243794885526,0.002219821230732646
2026-04-06 13:20:00,0.00034335057176804185,0.0009321143139142011
2026-04-06 13:25:00,-0.0008940412430558098,0.001206899916215178
2026-04-06 13:30:00,-0.0013849309374833751,0.000340070701467977
2026-04-06 13:35:00,-0.0013591640567565122,-0.002241555894160288
2026-04-06 13:40:00,-0.0011705026166861643,0.002852011872817535
2026-04-06 13:45:00,-0.0001751201285831172,-0.002348328346706095
2026-04-06 13:50:00,-0.0008779303623960288,0.0008134890579490665
2026-04-06 13:55:00,-0.0013494860207607928,0.020468803161863697
2026-04-06 14:00:00,-0.001883410833407595,0.0013178469571298516
2026-04-06 14:05:00,-0.0032385520546789337,0.0008378231454700558
2026-04-06 14:10:00,-0.00130630793901787,-0.007590081557116547
2026-04-06 14:15:00,8.772896462971858e-05,-0.0023414353818488488
2026-04-06 14:20:00,0.0026891866434013423,0.0006176598555882589
2026-04-06 14:25:00,0.0022453665323354244,-2.4732162235306847e-05
2026-04-06 14:30:00,0.0010906199223139623,0.00022087947435418315
2026-04-06 14:35:00,3.4210548825797105e-05,0.002053450122758415
2026-04-06 14:40:00,-2.13810444229523e-05,0.0002729705494281111
2026-04-06 14:45:00,-0.001465126514261783,0.002007499410135581
2026-04-06 14:50:00,-0.0014763940159721045,0.0013669261582908202
2026-04-06 14:55:00,-0.0017805060740503365,0.0028193561572905147
2026-04-06 15:00:00,-0.0017416923236357462,0.0009445952194452373
2026-04-06 15:05:00,0.0005458778332538827,-1.1455918103737734e-05
2026-04-06 15:10:00,0.0003405101045537151,0.0006273902652418916
2026-04-06 15:15:00,0.0016389459999377465,0.0006673974907023582
2026-04-06 15:20:00,0.00020115040982737753,-0.002487097645705013
2026-04-06 15:25:00,-0.0009018552908681698,-0.01906413842509818
2026-04-06 15:30:00,-0.0014760023802136146,0.006341360666299897
2026-04-06 15:35:00,0.0012359725126174226,0.0002637893262108545
2026-04-06 15:40:00,0.0034445167879297856,0.0009300704965486311
2026-04-06 15:45:00,0.0009556870531106654,0.00013648979705852622
2026-04-06 15:50:00,-0.0017389244228258605,-0.0008639913754795909
2026-04-06 15:55:00,-0.0021444760187190326,0.0014476222162965987
2026-04-06 16:00:00,0.003331326501461618,0.0012952019259830465
2026-04-06 16:05:00,0.003122768269337328,0.0004717570737336834
2026-04-06 16:10:00,0.0029621419164787,0.0037416794325904343
2026-04-06 16:15:00,0.0015315049279873705,0.00011292994820728429
2026-04-06 16:20:00,-0.00035645563945507774,0.0006198499889363352
2026-04-06 16:25:00,-0.0003735241836313463,0.0015287825719724263
2026-04-06 16:30:00,-0.0026677837375448377,0.0015888882186152146
2026-04-06 16:35:00,0.00015796608031592996,0.00026201335189573625
2026-04-06 16:40:00,-0.00016225967989313972,0.0006390683837710458
2026-04-06 16:45:00,-0.0015891096952902473,-0.0014223761752819282
2026-04-06 16:50:00,-0.0037616660678949643,0.002376877816654244
2026-04-06 16:55:00,-0.004588312581239151,-0.001954307022604399
2026-04-06 17:00:00,-0.0010108149484722162,0.0030589529433307492
2026-04-06 17:05:00,-0.0003857338527133436,0.0008845410877778904
2026-04-06 17:10:00,0.0011897604840243048,0.001628491797994118
2026-04-06 17:15:00,7.498958184015692e-05,0.0011269748322550455
2026-04-06 17:20:00,-0.0023261263978344715,0.0018796977836162785
2026-04-06 17:25:00,-0.0014965408692191318,0.00019301946659176078
2026-04-06 17:30:00,-0.0007437167532255984,0.000281238150678246
2026-04-06 17:35:00,0.0023668497735940264,0.0010863896283674459
2026-04-06 17:40:00,0.0016593528902486554,-0.0010546745070108424
2026-04-06 17:45:00,0.0005144452036418556,0.0014604217409741535
2026-04-06 17:50:00,-0.0004973673932440192,0.000788150276431946
2026-04-06 17:55:00,0.00045401979620862676,0.0011645143094096274
2026-04-06 18:00:00,0.00045420656038075435,0.0017944024359765173
2026-04-06 18:05:00,0.0012001201560458696,0.0009094492133900217
2026-04-06 18:10:00,-0.0010089748194559434,0.0008148157619661757
2026-04-06 18:15:00,-0.00034492104113859057,0.0005194162389363533
2026-04-06 18:20:00,-0.0008506508420040859,-0.00042730402599205274
2026-04-06 18:25:00,-0.00046948810581426415,-0.0008832036054333954
2026-04-06 18:30:00,-0.00042220815488924757,0.0008915130897616173
2026-04-06 18:35:00,-0.0004524038049069645,0.0009361659888815416
2026-04-06 18:40:00,-0.0006349097611870747,0.0002485936036126092
2026-04-06 18:45:00,-0.0013642859565390353,-0.001559167392415666
2026-04-06 18:50:00,-0.0009569399252775668,0.00241693221137879
2026-04-06 18:55:00,-0.0016255749191191882,-0.00012177136273748933
2026-04-06 19:00:00,0.0002081953867545394,-0.0006477549880260444
2026-04-06 19:05:00,0.00029404536881116883,0.0003148286761197959
2026-04-06 19:10:00,0.0007282922513880408,0.000733216091955757
2026-04-06 19:15:00,-9.872642914388052e-05,-0.000983943351652207
2026-04-06 19:20:00,-3.433660604557076e-05,-0.00010718705717358378
2026-04-06 19:25:00,-4.295237441276356e-05,0.0008886154728173693
2026-04-06 19:30:00,-0.0014025383298719163,0.0005319298680081898
2026-04-06 19:35:00,-0.0008459111224290439,0.000418258492518351
2026-04-06 19:40:00,-0.0004747466048655724,-0.00013261240021521562
2026-04-06 19:45:00,8.597343420291281e-06,-0.000780312281973953
2026-04-06 19:50:00,0.0005647358077691678,-0.0004972033849788041
2026-04-06 19:55:00,0.0011853711148166468,0.0009206856723620162
2026-04-06 20:00:00,0.002273550410789582,-0.0006654382645255143
2026-04-06 20:05:00,0.0008089703879523569,2.8541005384005182e-06
2026-04-06 20:10:00,0.00028754130922159504,-0.001327761751601222
2026-04-06 20:15:00,-0.0008581463279853097,-0.0004217502990756282
2026-04-06 20:20:00,-0.0026310124380106714,9.797594645621904e-05
2026-04-06 20:25:00,-0.0022467382357795884,0.00021011779479277257
2026-04-06 20:30:00,-0.0017873067345846039,0.0002494594790049587
2026-04-06 20:35:00,0.00027093802781053,-0.00030304267459855367
2026-04-06 20:40:00,0.0017316802911064855,0.0002343454163080032
2026-04-06 20:45:00,0.00164134859426035,6.347148049898728e-06
2026-04-06 20:50:00,8.600005159564716e-06,-0.002057534668810103
2026-04-06 20:55:00,-0.001632769173417259,0.00190689193165049
2026-04-06 21:00:00,-0.002247868051586721,-0.0004247935173377012
2026-04-06 21:05:00,-0.0008194826533642896,-0.0017377740429588109
2026-04-06 21:10:00,-0.00013331727811660699,0.0004583145559694829
2026-04-06 21:15:00,0.000866650878906583,4.196078975943603e-05
2026-04-06 21:20:00,0.0008667813597522667,-0.0024356405235501813
2026-04-06 21:25:00,0.00033755927764644866,0.0006343183331125084
2026-04-06 21:30:00,0.0007112536305697859,-8.082906654877743e-05
2026-04-06 21:35:00,0.0007650682272455356,0.00019801556550740534
2026-04-06 21:40:00,0.0008788394728362903,-0.00043696551961496205
2026-04-06 21:45:00,-3.436920691157752e-05,-0.0005091339991400082
2026-04-06 21:50:00,-0.0002492276105527935,-0.0003189896850340445
2026-04-06 21:55:00,0.0002834704533238863,-0.0013143154091454072
2026-04-06 22:00:00,0.0003307545959945202,-0.000165979925703077
2026-04-06 22:05:00,0.0005714126291582744,0.00023824703620629995
2026-04-06 22:10:00,-0.00017179068206552017,-0.00021218061297943557
2026-04-06 22:15:00,2.576849157698291e-05,-0.000514785951065804
2026-04-06 22:20:00,-0.000831449014226493,-0.00045477357255473974
2026-04-06 22:25:00,-0.0007196941932718914,0.005055997354938203
2026-04-06 22:30:00,-0.0014225548212962735,0.0038520916060736945
2026-04-06 22:35:00,-8.812684252568204e-05,-0.00043810280849128325
2026-04-06 22:40:00,-0.0006944049089447901,0.0033184985982764818
2026-04-06 22:45:00,0.002540697062025643,-0.0005331042491529788
2026-04-06 22:50:00,0.003257674396962784,0.0003126630589327644
2026-04-06 22:55:00,0.003038488033743292,-0.0009001061996352514
2026-04-07 00:00:00,0.0006004048624461689,1.743078437862447e-05
2026-04-07 00:05:00,-0.001256316585468653,0.010639919329635785
2026-04-07 00:10:00,-0.0003409672136225339,-0.0008368885459819192
2026-04-07 00:15:00,-0.0010037362131942729,-0.0006967085740541615
2026-04-07 00:20:00,-0.000156614215526929,-0.00019754470452420776
2026-04-07 00:25:00,-0.0005835595149576989,-0.0006247905111054274
2026-04-07 00:30:00,0.00024244738956724632,-6.150478622212515e-05
2026-04-07 00:35:00,-0.0006331430181063524,0.00022735233469396628
2026-04-07 00:40:00,-0.00023180193915806058,0.0002438826315152927
2026-04-07 00:45:00,-0.0003475977170790401,-0.00043635017923527745
2026-04-07 00:50:00,0.0004121250686175415,-0.0012041695426209878
2026-04-07 00:55:00,0.00034553694316130645,-0.0006229775539109585
2026-04-07 01:00:00,-0.0002747305833192826,-0.0011065936835354115
2026-04-07 01:05:00,-0.0012798599914010111,-0.00012247928776508844
2026-04-07 01:10:00,-0.0012517970717613736,-0.00102923955417627
2026-04-07 01:15:00,-0.0009514084460935379,-6.374030568419775e-05
2026-04-07 01:20:00,0.0003458955021873322,-0.0016480658525078325
2026-04-07 01:25:00,0.00017186597074569931,-0.00018343608343160644
2026-04-07 01:30:00,0.00042105082877341715,0.00010093290451424733
2026-04-07 01:35:00,0.0009404025959387496,0.0006097235204922523
2026-04-07 01:40:00,0.0007472734530988845,-0.0010478031399334842
2026-04-07 01:45:00,-0.00019976221918405201,0.00029709314144402024
2026-04-07 01:50:00,-0.0012841493095585577,-3.440846351314376e-05
2026-04-07 01:55:00,-0.00017388448318023109,-0.0012592117190910507
2026-04-07 02:00:00,0.000710800002009293,-0.0001388631521410475
2026-04-07 02:05:00,0.0011489403632420903,-0.0007411480151109908
2026-04-07 02:10:00,0.0003026683132603125,0.00020547633783928233
2026-04-07 02:15:00,0.0005365232990541813,-0.0015179968368412013
2026-04-07 02:20:00,0.00033906089042901044,-2.583674225858641e-06
2026-04-07 02:25:00,0.0003326148168714127,9.113845302506716e-05
2026-04-07 02:30:00,-0.00037982873828745767,-0.00032809514156964027
2026-04-07 02:35:00,-0.0006825308852622669,0.0004546548387352777
2026-04-07 02:40:00,-0.0018361257975794132,-9.342674836298396e-05
2026-04-07 02:45:00,0.0005042610161805072,-0.006792251088256058
2026-04-07 02:50:00,-0.002558266418619226,-0.0008003690239743027
2026-04-07 02:55:00,-0.0024448048263980837,-6.000357918825355e-05
2026-04-07 03:00:00,-0.0022400033419938126,-0.001533409589081264
2026-04-07 03:05:00,0.0009101168826628481,-0.00039195040618304983
2026-04-07 03:10:00,0.0028810557829146433,0.0033595100491407774
2026-04-07 03:15:00,0.0015447004709656653,0.0010423520487613676
2026-04-07 03:20:00,-0.0022585255987443986,-8.516089229263358e-05
2026-04-07 03:25:00,-0.0026203650371439124,-0.003309233822685068
2026-04-07 03:30:00,-0.005033880026850568,0.00035990748978202453
2026-04-07 03:35:00,-0.002730381542804139,-0.00041330082665836943
2026-04-07 03:40:00,-0.003245158848427465,0.001730272292285713
2026-04-07 03:45:00,-0.001476872322522027,-0.0003713236992895364
2026-04-07 03:50:00,0.0011340673944157942,-8.893705798897422e-05
2026-04-07 03:55:00,-3.890218047253313e-05,1.1200838832705175e-05
2026-04-07 04:00:00,0.0006674536675319587,-0.000739188301548791
2026-04-07 04:05:00,-0.00040595633503848205,0.000605496194111547
2026-04-07 04:10:00,0.001658482609768086,-0.0005853725226143327
2026-04-07 04:15:00,0.001547037688810704,-0.0011626555956172051
2026-04-07 04:20:00,0.002674548107680863,-0.000510153065502015
2026-04-07 04:25:00,0.0024890349904200804,-0.0011538131757761398
2026-04-07 04:30:00,0.002816060283437949,-9.66580017705821e-05
2026-04-07 04:35:00,0.0017518302923971163,0.00014672614619242792
2026-04-07 04:40:00,0.0009530274399391914,-0.0002703167568364495
2026-04-07 04:45:00,-0.0009076791998943179,-0.0003342509493423535
2026-04-07 04:50:00,-0.0009637725554547671,-0.0007150278386142845
2026-04-07 04:55:00,-0.0011252285799052686,-0.0013697832321467992
2026-04-07 05:00:00,-0.0011497619924618618,-0.0007293439698585866
2026-04-07 05:05:00,-0.0008074440314782549,-0.0004468060735761302
2026-04-07 05:10:00,-0.0005792439198692989,0.000516102157009581
2026-04-07 05:15:00,0.0009108753322841778,-0.0005024996531806473
2026-04-07 05:20:00,0.0006933648281020055,3.937002297813624e-05
2026-04-07 05:25:00,0.0011904237957836017,-0.00015116347676333075
2026-04-07 05:30:00,0.0003873550157109662,-0.00045373050541812365
2026-04-07 05:35:00,0.0005143296880536496,8.920763797736717e-05
2026-04-07 05:40:00,0.00034416225869193795,0.0019301355112205025
2026-04-07 05:45:00,0.0003721498580713245,0.00020756064243769877
2026-04-07 05:50:00,0.0001333812360382325,-0.001081275756996546
2026-04-07 05:55:00,-0.0007121166623189623,0.0005149258605125064
2026-04-07 06:00:00,-4.086518039869702e-05,0.0022917544974335735
2026-04-07 06:05:00,0.000217244246838888,0.001132790992056917
2026-04-07 06:10:00,0.0008648007302483052,-1.7282629637881738e-05
2026-04-07 06:15:00,0.0021292169370372704,0.0003806309345532448
2026-04-07 06:20:00,0.0019359051887875012,-3.524056750384152e-06
2026-04-07 06:25:00,0.002544883100906503,-0.00047391761730169833
2026-04-07 06:30:00,0.00043345221760660024,9.90425077277628e-05
2026-04-07 06:35:00,0.0007231224612880283,-0.002660153681537927
2026-04-07 06:40:00,-0.00040331318029274144,-0.0007274822725025072
2026-04-07 06:45:00,-0.000980900424968567,-0.0007838609766839686
2026-04-07 06:50:00,-0.0014166953448402353,-0.0009235952674776986
2026-04-07 06:55:00,-0.0009918122638481464,-0.0013150481700849458
2026-04-07 07:00:00,-0.00042528422729226634,-0.0012999274529553384
2026-04-07 07:05:00,-0.0018942066822251746,0.00029716523310693827
2026-04-07 07:10:00,-0.004971712020553909,-0.0006485830420283024
2026-04-07 07:15:00,-0.00492324325510296,-0.00111508885004528
2026-04-07 07:20:00,-0.001505451892889198,-0.0010640169486875366
2026-04-07 07:25:00,-0.0002547413202034221,-0.0012042694205315408
2026-04-07 07:30:00,0.0009451776148470259,0.00040140406036067984
2026-04-07 07:35:00,-0.00011855096250279473,0.00010140104866157137
2026-04-07 07:40:00,0.002484194734108769,-0.0001495531259971299
2026-04-07 07:45:00,0.001988858312202524,0.00020538463901595714
2026-04-07 07:50:00,0.0009996984501299266,-0.0007965357134542474
2026-04-07 07:55:00,0.0008783411972785871,0.0004340540092596224
2026-04-07 08:00:00,-0.0006115352092468385,-0.00016606632767112296
2026-04-07 08:05:00,-0.00029721970570051326,-0.0002305595155885065
2026-04-07 08:10:00,-0.001154058278837411,-0.0014219496913020243
2026-04-07 08:15:00,0.00023690660390940366,-0.0011895439742690595
2026-04-07 08:20:00,0.0007622558835596038,-0.0005195482538866182
2026-04-07 08:25:00,0.0023089356127794503,-9.224818553345493e-05
2026-04-07 08:30:00,0.0015643276313674903,-0.0005098710215650309
2026-04-07 08:35:00,0.0016817967786071364,-0.0005204514887444928
2026-04-07 08:40:00,0.0004534138811589372,-0.0003193342314210679
2026-04-07 08:45:00,0.0001375953494946458,-0.007579751978050257
2026-04-07 08:50:00,0.0002234531251925631,-0.0001356650255794198
2026-04-07 08:55:00,-0.0006232283860896359,0.0003573301879551762
2026-04-07 09:00:00,9.028666020682863e-05,-0.0001515555289285773
2026-04-07 09:05:00,-0.0014253698861121933,0.00037244890040797403
2026-04-07 09:10:00,-0.0024041396337644017,-0.00037362123669703207
2026-04-07 09:15:00,-0.0019020411789814062,0.0014133967549655347
2026-04-07 09:20:00,-0.0004884898337387256,-0.0038499874821412545
2026-04-07 09:25:00,0.000525659294407177,-0.00014590341644902377
2026-04-07 09:30:00,6.46101263335197e-06,0.0018423036244305194
2026-04-07 09:35:00,-0.0013397291960419722,0.00031147711805856986
2026-04-07 09:40:00,0.00077075443016561,0.0009651288680817276
2026-04-07 09:45:00,0.0015064295096092195,0.0009956507668866003
2026-04-07 09:50:00,0.002559431735567941,0.0015388485328412778
2026-04-07 09:55:00,0.00361117858724036,0.001056631022659632
2026-04-07 10:00:00,0.0023304901890046636,0.002789715988884773
2026-04-07 10:05:00,0.006808956331497029,0.000322312163647133
2026-04-07 10:10:00,0.002978362519028721,-0.002014227451281563
2026-04-07 10:15:00,0.005099502492807773,-0.0005875603522763543
2026-04-07 10:20:00,-0.0004207329571777052,0.001669249605681221
2026-04-07 10:25:00,0.0012435314472369896,-0.0016732097291690569
2026-04-07 10:30:00,-0.0006127902538182184,-0.0006314475272091752
2026-04-07 10:35:00,0.0007281618506560505,-0.0013262776163200712
2026-04-07 10:40:00,2.5623560009790936e-05,-0.0016019859469444625
2026-04-07 10:45:00,0.0002114230379959281,-0.0044573733281959745
2026-04-07 10:50:00,0.0002923967268131378,-0.0014842789508507513
2026-04-07 10:55:00,0.00048245446437711337,0.0004514920958523308
2026-04-07 11:00:00,0.0015405430366026707,-0.000699643527086766
2026-04-07 11:05:00,0.0017121119549408093,-0.0010395340107435152
2026-04-07 11:10:00,0.0002902144406320417,-6.310819661468556e-05
2026-04-07 11:15:00,-0.0015704385304999846,0.0023780256737652933
2026-04-07 11:20:00,-0.003775655272855616,0.0006952430462495213
2026-04-07 11:25:00,-0.00409639487668656,-0.0001893223678103794
2026-04-07 11:30:00,-0.0034075300167053513,0.0008752126962441858
2026-04-07 11:35:00,-0.0012324653431452504,-0.0007326786934364581
2026-04-07 11:40:00,0.0009721669809223954,-0.0015959068001211
2026-04-07 11:45:00,0.0016506688312958318,-0.0004188694202858805
2026-04-07 11:50:00,0.0007148437386383932,0.0013256672809631377
2026-04-07 11:55:00,0.0008814135705019766,0.00013169714159879254
2026-04-07 12:00:00,0.0005154093608510379,-0.003415135247274461
2026-04-07 12:05:00,-0.00036163850453263535,0.0003508104964517574
2026-04-07 12:10:00,-0.0016993412188028856,0.0005896927008065408
2026-04-07 12:15:00,-0.0020310963662790726,-4.775822194709402e-05
2026-04-07 12:20:00,-0.001805868598131255,0.00027837443207482217
2026-04-07 12:25:00,-0.001273186524459291,-0.00031551048962319644
2026-04-07 12:30:00,-0.0036423188390575234,0.006558168289763769
2026-04-07 12:35:00,-0.0017038886680644794,0.0013241081261219025
2026-04-07 12:40:00,-0.00232764482693959,-0.0003840077742711148
2026-04-07 12:45:00,0.0008360943919587527,0.0013040472557804086
2026-04-07 12:50:00,-0.0010314684726466794,-0.00030566599322677334
2026-04-07 12:55:00,-0.0036915193070843344,-0.002290663091427104
2026-04-07 13:00:00,-0.003046834490779915,0.0001627899130361289
2026-04-07 13:05:00,-0.0013618777512363067,0.0005510210217022978
2026-04-07 13:10:00,0.002773143885107743,-1.8723216385085472e-05
2026-04-07 13:15:00,0.0019849392305726354,0.0026649749418230645
2026-04-07 13:20:00,0.001983035165830316,-7.358653462073467e-06
2026-04-07 13:25:00,0.0034626192381814747,0.002491076540351326
2026-04-07 13:30:00,0.002311508944409013,0.0013201195700227725
2026-04-07 13:35:00,0.0009964844683629792,0.00012550730480406005
2026-04-07 13:40:00,-0.0006885612238853867,0.0025412699386639518
2026-04-07 13:45:00,-0.0004850597405390289,0.001656386206246066
2026-04-07 13:50:00,-0.0004251025248134255,0.0019029153624596147
2026-04-07 13:55:00,-0.0011379154618840204,0.0010210024770732843
2026-04-07 14:00:00,-8.372880887819178e-05,0.0012740555149311139
2026-04-07 14:05:00,0.002359397174915401,0.0009349452175017373
2026-04-07 14:10:00,0.0023838425036633026,0.0024248499715416047
2026-04-07 14:15:00,0.0007018169189851875,0.0010891544295269808
2026-04-07 14:20:00,-0.0009452353664496371,0.000282705637678014
2026-04-07 14:25:00,-0.0020165622313985665,0.0016226550635140816
2026-04-07 14:30:00,-0.0025456266049435072,-0.003026519041640043
2026-04-07 14:35:00,-0.0019060462620537066,0.0004336088746996857
2026-04-07 14:40:00,-0.0009861626506477705,-0.00392670224952579
2026-04-07 14:45:00,0.001328401105881838,-0.0017887199652637069
2026-04-07 14:50:00,0.00022986258829860162,0.0003279570143292635
2026-04-07 14:55:00,0.001007636854760463,-0.0012323378813650073
2026-04-07 15:00:00,-0.0009585070376036953,0.0009976171275522846
2026-04-07 15:05:00,0.0007515181018646899,-0.00104366088814015
2026-04-07 15:10:00,0.0007448693978773235,0.000749038032140033
2026-04-07 15:15:00,-0.0009249918378291255,0.0009421095057657759
2026-04-07 15:20:00,-0.0025962038674851584,0.0016343514013181244
2026-04-07 15:25:00,-0.004561626865354995,0.00040339444853191696
2026-04-07 15:30:00,0.00024316214192943164,0.0016499946987043824
2026-04-07 15:35:00,0.001217272513924783,0.00014274257065531124
2026-04-07 15:40:00,0.0009027925774027779,0.001556930493712734
2026-04-07 15:45:00,-0.005034523144688663,0.0002799482639564336
2026-04-07 15:50:00,-0.008530511645060912,-0.0015182900427806417
2026-04-07 15:55:00,-0.004502664736151019,0.0009058699764786769
2026-04-07 16:00:00,-0.0017466421628125062,0.0006187976046234034
2026-04-07 16:05:00,0.006296994197565908,-0.0005953150143458935
2026-04-07 16:10:00,0.004941915691157206,0.0016582720624763745
2026-04-07 16:15:00,0.008039069031944734,1.8756791032996682e-06
2026-04-07 16:20:00,0.002697669250656176,0.0036620213265545092
2026-04-07 16:25:00,0.00033576765194176517,0.0012038273890449677
2026-04-07 16:30:00,-0.00096747777510231,-0.00273658915653929
2026-04-07 16:35:00,-0.003395859372044896,0.00016389063436142074
2026-04-07 16:40:00,-0.0029957564593061647,0.0033474111428971384
2026-04-07 16:45:00,-0.004702350025542756,-0.00044228043058036143
2026-04-07 16:50:00,-0.0009230484544087147,0.00100597271757427
2026-04-07 16:55:00,0.002072123999335318,-0.00037584014790087645
2026-04-07 17:00:00,0.0049496833966991005,0.0011331677865702378
2026-04-07 17:05:00,0.002458854241025321,-0.0013839959900998628
2026-04-07 17:10:00,0.002293514836370747,-0.00042705293191896325
2026-04-07 17:15:00,-0.0008777724078221638,0.0015745972794728009
2026-04-07 17:20:00,-0.0003444356456050457,-0.0021387475778041646
2026-04-07 17:25:00,-0.0015377521098827174,-0.0005119001908898654
2026-04-07 17:30:00,0.0012927248931173807,-0.002526158574369999
2026-04-07 17:35:00,0.0018843334907963083,4.924064237480166e-05
2026-04-07 17:40:00,0.002261719655342276,-0.00036739343658290214
2026-04-07 17:45:00,0.0020721835659891497,-0.0007742360265691917
2026-04-07 17:50:00,6.017131635083217e-05,-0.0006004971869947917
2026-04-07 17:55:00,0.0005453148147314124,-2.6699377437546098e-05
2026-04-07 18:00:00,-0.0008627091316970592,-0.003636980909983175
2026-04-07 18:05:00,0.0009643958292571142,-0.001614215167385608
2026-04-07 18:10:00,0.0008838945136826482,0.00048396607603374046
2026-04-07 18:15:00,0.0004293015544405421,-0.0002968140701592072
2026-04-07 18:20:00,1.5027763792474502e-05,-0.002799676088865419
2026-04-07 18:25:00,-0.00041396011345540273,-0.00011587600867087795
2026-04-07 18:30:00,-0.00027473176265147004,-0.00014207676119172517
2026-04-07 18:35:00,0.00045287377078828683,-0.0010228231748117406
2026-04-07 18:40:00,-0.00095726855256828,-0.0022304496631531533
2026-04-07 18:45:00,0.0015915373059343096,-0.0005455325181870892
2026-04-07 18:50:00,0.0014773886149370696,-0.0009278478133341354
2026-04-07 18:55:00,0.0024085931675923433,0.0002694182849620362
2026-04-07 19:00:00,-0.0019586795798343104,0.0009198795424712442
2026-04-07 19:05:00,-0.0018272209458007893,-0.0002861172470596105
2026-04-07 19:10:00,-0.0013955479789835579,0.0015877034317848544
2026-04-07 19:15:00,0.0033700670750178574,-0.00018891842718509136
2026-04-07 19:20:00,0.004416493394931109,-0.0006016528385214724
2026-04-07 19:25:00,0.002320552059714487,-0.0006864626430696691
2026-04-07 19:30:00,0.001208482624614149,0.0005814798460887926
2026-04-07 19:35:00,-0.00045531160238709845,0.004199282423593295
2026-04-07 19:40:00,0.0007509362987700996,-0.0003432403395205033
2026-04-07 19:45:00,5.771395044007477e-05,0.0002995405080789676
2026-04-07 19:50:00,0.0004061564827111397,-0.00035620269363256427
2026-04-07 19:55:00,0.0017243759821745641,0.0005091240273486259
2026-04-07 20:00:00,0.0013948091020719033,-5.749264437899366e-05
2026-04-07 20:05:00,-0.00010259238132270809,-0.004787867616964939
2026-04-07 20:10:00,-0.000493290933128776,0.001233040840934685
2026-04-07 20:15:00,-0.0003992335622697851,0.00019300576285539452
2026-04-07 20:20:00,0.00034620711224242484,-0.0023521515800258995
2026-04-07 20:25:00,-0.00041874079275316944,-0.00022707512819379518
2026-04-07 20:30:00,-0.0019429331140798922,-0.0005170582277029504
2026-04-07 20:35:00,-0.003268092168001502,-0.0015256909861736724
2026-04-07 20:40:00,-0.003557816062260244,-1.589607070911223e-05
2026-04-07 20:45:00,-0.0018030987338129023,0.0004357893335109576
2026-04-07 20:50:00,-0.0005532290058827272,-0.0005200833043413349
2026-04-07 20:55:00,0.0010652470097483047,0.0005862966143428822
2026-04-07 21:00:00,0.005292974385024962,-0.0012537456856432448
2026-04-07 21:05:00,0.00570412672528775,5.618636522029927e-05
2026-04-07 21:10:00,0.004047008913182992,0.0014217604309228488
2026-04-07 21:15:00,-0.0009513530834475148,0.00023987521281865968
2026-04-07 21:20:00,-0.0006677554385916551,-0.001455103835385654
2026-04-07 21:25:00,-0.00017496730076338451,4.904831676313579e-05
2026-04-07 21:30:00,0.00462454168985893,0.0003513841934107058
2026-04-07 21:35:00,0.0031067109007008042,-0.0008847719166286636
2026-04-07 21:40:00,0.0035700934275624263,-0.0023711455718578092
2026-04-07 21:45:00,-0.0003633122645094744,0.0007431876510018425
2026-04-07 21:50:00,0.0015263770648097363,-0.0018486422707280562
2026-04-07 21:55:00,0.0013132089867955443,-0.0007048750377674788
2026-04-07 22:00:00,0.00030595594473048493,-9.719991500720072e-05
2026-04-07 22:05:00,-0.0002081983415376243,0.0005060947218054027
2026-04-07 22:10:00,0.0006559583648595435,-0.0002133422135904622
2026-04-07 22:15:00,0.0007390073005382192,-0.0016994410965112598
2026-04-07 22:20:00,0.0003144052879964221,0.000762218437595062
2026-04-07 22:25:00,-0.0008938230209913911,0.0005186355673335817
2026-04-07 22:30:00,0.00018891133004039773,0.0019632358889323347
2026-04-07 22:35:00,0.0003015662353629267,8.690598837131727e-05
2026-04-07 22:40:00,-0.000316532674020209,0.0013280809973359878
2026-04-07 22:45:00,0.0067497435062744415,0.0004221708178131281
2026-04-07 22:50:00,0.007505535318566459,0.002786436582486759
2026-04-07 22:55:00,0.005449893451846322,0.00048023022327934055
2026-04-08 00:00:00,-0.0027274087541027114,0.0053278293011974785
2026-04-08 00:05:00,-0.003485563577735107,-0.00046845365644408374
2026-04-08 00:10:00,0.0007097727124207864,-0.000353775323787196
2026-04-08 00:15:00,0.006359422409660809,0.006327028714187962
2026-04-08 00:20:00,0.010087620261517216,0.000933605454406385
2026-04-08 00:25:00,0.007317547137891012,0.004046076288637932
2026-04-08 00:30:00,0.0026954787891639853,0.0019406607878723644
2026-04-08 00:35:00,0.0036968078020596096,0.0001187876855889931
2026-04-08 00:40:00,0.010248393117599619,-0.0031494397584467945
2026-04-08 00:45:00,0.007492281928643152,0.0014167376577555865
2026-04-08 00:50:00,0.004032276118971723,0.002399356700482711
2026-04-08 00:55:00,-0.0002199635616406681,0.002512347150804138
2026-04-08 01:00:00,0.003024797530525092,0.0009242219638296238
2026-04-08 01:05:00,0.0011917863670038997,0.003824029593760288
2026-04-08 01:10:00,-0.0007868694939752174,0.0030334307667175503
2026-04-08 01:15:00,-0.003397041448167215,0.0034257689049743143
2026-04-08 01:20:00,-0.001802764033371318,0.001212309300359815
2026-04-08 01:25:00,-0.00027835537852105574,0.003016494853189254
2026-04-08 01:30:00,0.000906452506576727,0.006594099678857353
2026-04-08 01:35:00,0.001732209976484711,0.002089044345891499
2026-04-08 01:40:00,0.0045002589333567045,0.0028238843976952184
2026-04-08 01:45:00,0.00673311169020252,0.0017344677011769689
2026-04-08 01:50:00,0.00434017134996445,0.004208634375705331
2026-04-08 01:55:00,-7.445939380978928e-05,0.002060679387798756
2026-04-08 02:00:00,-0.0022607145548150243,0.0030468938403066343
2026-04-08 02:05:00,-0.002339613014333608,0.0004946724873514379
2026-04-08 02:10:00,-0.0023980727517525224,0.0025342405396916795
2026-04-08 02:15:00,-0.0036249007301414338,0.00102470395647779
2026-04-08 02:20:00,-0.0015254521280105848,0.0006952524774773696
2026-04-08 02:25:00,-0.0019674791283463833,0.007869681137034078
2026-04-08 02:30:00,-0.00011835707929463979,0.0016749256279928323
2026-04-08 02:35:00,0.00021154671839340722,-0.0007283390195447616
2026-04-08 02:40:00,0.0016502047818782728,0.005454960843797717
2026-04-08 02:45:00,-0.0016709518127306922,0.0013695203443176486
2026-04-08 02:50:00,-0.0006160988691270575,-0.02625544603475524
2026-04-08 02:55:00,-0.0002509876168410585,0.0008859625613560555
2026-04-08 03:00:00,-0.0008240335240294883,0.001190176464423133
2026-04-08 03:05:00,-0.003629609592524119,0.0003981002836619743
2026-04-08 03:10:00,-0.005629516283987002,0.007343313979400603
2026-04-08 03:15:00,-0.0008101289464370609,-4.1075705855591e-06
2026-04-08 03:20:00,-0.0006958275628452526,0.00047554668941447557
2026-04-08 03:25:00,0.0015322191089506276,-0.0034658752445134613
2026-04-08 03:30:00,0.001939880968505392,0.000779228667023762
2026-04-08 03:35:00,0.002466544208420629,0.01218029943169596
2026-04-08 03:40:00,0.0021453274545102374,0.0013471720309140484
2026-04-08 03:45:00,0.001687048771879418,-0.0043026159763839495
2026-04-08 03:50:00,0.0013213115314130164,0.0011379370621084418
2026-04-08 03:55:00,0.0005236679316968917,-0.009982965523903702
2026-04-08 04:00:00,-0.0009657572338674925,0.0009593771571499534
2026-04-08 04:05:00,-0.001348337687536727,0.0007923627548865513
2026-04-08 04:10:00,-0.0003968818850577094,0.00091474626746305
2026-04-08 04:15:00,0.000492341196155266,4.333780038331741e-05
2026-04-08 04:20:00,0.0008208534634910336,0.0005246233100923219
2026-04-08 04:25:00,-0.0010563483770891224,-0.0016020060889237095
2026-04-08 04:30:00,-0.0017939536325428662,0.0006752255697786742
2026-04-08 04:35:00,-0.0020544391830199515,0.0025820921270770427
2026-04-08 04:40:00,-0.0005827166413947538,6.316559497350266e-05
2026-04-08 04:45:00,-0.0005390224261851984,0.0017480573965476271
2026-04-08 04:50:00,-0.0003206069074526141,0.001557590316062658
2026-04-08 04:55:00,-0.0010539142639487409,0.00033103462777600773
2026-04-08 05:00:00,-0.0011706164152425202,-0.0020248456402678612
2026-04-08 05:05:00,-0.0004456894201716466,0.0003666180062920736
2026-04-08 05:10:00,0.0008061568317803136,-0.0011873743415644657
2026-04-08 05:15:00,0.0004438290643360432,0.00022162053323301922
2026-04-08 05:20:00,-0.000591782574687727,0.0009156212693906257
2026-04-08 05:25:00,-0.0003977894621574052,5.063795188435093e-05
2026-04-08 05:30:00,-0.0002521040807330621,-0.0017796903613040015
2026-04-08 05:35:00,0.0005959488160502957,-0.0002719242484390751
2026-04-08 05:40:00,-0.0005750958651589144,0.0002859663709806078
2026-04-08 05:45:00,-0.00024174624264894362,-0.0008961974406385523
2026-04-08 05:50:00,-0.0012068523154269428,9.018243093350553e-05
2026-04-08 05:55:00,-3.54333868006762e-05,-0.004102475023187156
2026-04-08 06:00:00,-0.0006108780258244906,-6.557140015531746e-05
2026-04-08 06:05:00,-0.0006780601897364846,-0.0010917676976153557
2026-04-08 06:10:00,0.0009500139258200591,-8.679146756752844e-05
2026-04-08 06:15:00,0.0013401070131138226,-0.0013868923945813804
2026-04-08 06:20:00,0.0026969980478206423,0.0004525308320380858
2026-04-08 06:25:00,0.00018947813406100522,-0.0012839264923649404
2026-04-08 06:30:00,-0.0005499977222083174,-0.00014514241608429128
2026-04-08 06:35:00,-0.0007954207507783195,-0.0010555162586724936
2026-04-08 06:40:00,0.00013740124307304313,6.042339808373957e-05
2026-04-08 06:45:00,0.0015700257469237755,-0.0015348734729470643
2026-04-08 06:50:00,0.0015881295363229242,0.0011927661569486987
2026-04-08 06:55:00,0.00121081257810296,0.00019487414811659109
2026-04-08 07:00:00,0.0007632992784412096,0.0018468604514508906
2026-04-08 07:05:00,0.0006507581145616115,0.0006731658523249811
2026-04-08 07:10:00,0.0014647451002147704,-0.0006077123239254416
2026-04-08 07:15:00,0.0025663986312540743,0.0006012187113014725
2026-04-08 07:20:00,0.0018148938368405254,-0.002011856936271743
2026-04-08 07:25:00,0.0012055056335302794,0.0011357086128640768
2026-04-08 07:30:00,0.0018977185429456256,-0.0014464345465826003
2026-04-08 07:35:00,0.0033883874631150945,-0.00014895795828034225
2026-04-08 07:40:00,0.0010404210705630135,0.0004213551284296985
2026-04-08 07:45:00,-0.0001117743979843766,0.00020232595854577655
2026-04-08 07:50:00,-0.002426210879262314,-0.00037986050350403673
2026-04-08 07:55:00,-0.00028176017423398036,0.00015172966280818114
2026-04-08 08:00:00,-0.00021323396297390218,0.00460416748052711
2026-04-08 08:05:00,0.0018615867374389694,0.0011308634846545315
2026-04-08 08:10:00,0.0020616430063142843,0.002193156903474074
2026-04-08 08:15:00,0.0006126664843684182,0.0026157655172867316
2026-04-08 08:20:00,-0.0004076375186432557,0.0020836268733102955
2026-04-08 08:25:00,-1.6542460359758593e-05,0.002851019926457722
2026-04-08 08:30:00,-3.3107512511065806e-05,0.0013774457636546913
2026-04-08 08:35:00,-0.0017897763829068936,0.001442490720654343
2026-04-08 08:40:00,-0.003179159010340271,0.0010274481177213854
2026-04-08 08:45:00,-0.004032819509413699,0.0015018370576823077
2026-04-08 08:50:00,-0.0016351400982159703,0.0010670487511240743
2026-04-08 08:55:00,-0.001768960200845271,0.0018944330481181287
2026-04-08 09:00:00,-0.00014544366576885182,0.0010516846479609364
2026-04-08 09:05:00,0.00010383202479680165,0.005548549228263962
2026-04-08 09:10:00,0.0012958830534746113,0.000511469590991029
2026-04-08 09:15:00,-0.0004863510053603193,0.0015834492315242338
2026-04-08 09:20:00,-0.0010512779395828176,0.0009005913795610159
2026-04-08 09:25:00,-0.0019486137358661892,9.508864901015574e-05
2026-04-08 09:30:00,0.0010555384537322965,0.0026299289813479718
2026-04-08 09:35:00,0.001773650341498012,0.0005038798565865139
2026-04-08 09:40:00,0.0008916815438038128,0.00011920006083582062
2026-04-08 09:45:00,0.0003841222594171967,-0.0007744922260021934
2026-04-08 09:50:00,-0.0007431379444060582,-0.0003197564185077336
2026-04-08 09:55:00,0.0004071238418941192,0.0009944436687888102
2026-04-08 10:00:00,0.00044207702199727805,0.0006449800615665308
2026-04-08 10:05:00,-0.001550326689550019,-0.001544688443893909
2026-04-08 10:10:00,-0.0015026111470355374,8.027108579599252e-05
2026-04-08 10:15:00,-0.0034359044935872163,0.0012379442719417369
2026-04-08 10:20:00,-0.0010987365636143664,0.0002478310054532362
2026-04-08 10:25:00,-0.0030996344004119436,0.004275421169736811
2026-04-08 10:30:00,-0.0014877699326767413,0.00028051212882620905
2026-04-08 10:35:00,-0.0012416926947977913,0.0018553270049286065
2026-04-08 10:40:00,0.00018775111767155295,0.0008825611600611255
2026-04-08 10:45:00,0.0002210133680389248,0.0030927588133594633
2026-04-08 10:50:00,8.755234906487885e-05,0.0010905837311933936
2026-04-08 10:55:00,0.001361183960595369,0.0015977117865641573
2026-04-08 11:00:00,0.00015634788060481242,0.0007530162078697697
2026-04-08 11:05:00,0.001047948419342859,-0.005815281151900349
2026-04-08 11:10:00,-5.6245019987244405e-05,0.0003708302868059571
2026-04-08 11:15:00,0.00013548172632837918,0.0006337003994484297
2026-04-08 11:20:00,-0.0016380327267739858,-0.0037729160983012346
2026-04-08 11:25:00,-0.003629275656207298,-6.18958552084239e-05
2026-04-08 11:30:00,-0.0025167010710482884,0.0011530405529930762
2026-04-08 11:35:00,-0.0021171585378656488,-0.0002866423066093653
2026-04-08 11:40:00,6.272148526598187e-05,-9.560150226657507e-05
2026-04-08 11:45:00,0.0006516944285195336,0.0004579449303814992
2026-04-08 11:50:00,0.0007500786471670295,0.00022517951552180167
2026-04-08 11:55:00,-0.00011499239494838775,0.0007963225695006722
2026-04-08 12:00:00,-0.0025590861474693583,-0.0011828526817659415
2026-04-08 12:05:00,-0.001931705225478808,0.00019496493362053217
2026-04-08 12:10:00,-9.200343764703689e-05,-0.0019677225633345304
2026-04-08 12:15:00,0.0013660789910492355,-0.0004973452526196444
2026-04-08 12:20:00,0.0018878442480616542,0.00034350751813166344
2026-04-08 12:25:00,0.0019845587007107923,-0.00022343679245319782
2026-04-08 12:30:00,0.0020696179848496143,1.5405256479503155e-05
2026-04-08 12:35:00,0.000768333026632817,0.00010074327537363699
2026-04-08 12:40:00,-0.0018444659256111606,8.032957872928248e-05
2026-04-08 12:45:00,-0.0022766064600947544,-0.00138438612571647
2026-04-08 12:50:00,-0.0002463033634949596,-0.0003260334957219328
2026-04-08 12:55:00,0.0009550350609348612,-0.0004982436900730166
2026-04-08 13:00:00,0.0005184358405454503,-0.0002035535412713815
2026-04-08 13:05:00,-0.000900149285053331,-0.0019205826125529095
2026-04-08 13:10:00,0.0005450268524089807,-0.00016880465823368776
2026-04-08 13:15:00,0.0006288697370955276,0.00020310527332824133
2026-04-08 13:20:00,-0.0006291234177666638,-0.0003943211648572671
2026-04-08 13:25:00,8.350591222949788e-06,-0.0005867630227532647
2026-04-08 13:30:00,0.001754981330330807,-0.0003227976705511967
2026-04-08 13:35:00,0.0028998689388970433,0.000258468104971212
2026-04-08 13:40:00,0.0018208501703558255,-0.0006183800534636526
2026-04-08 13:45:00,0.0015895522081414981,-0.00023384489736716179
2026-04-08 13:50:00,0.0008085422507839723,0.0006077133483239562
2026-04-08 13:55:00,0.001266173555778849,-0.0008019595193738836
2026-04-08 14:00:00,-0.002192284124358679,0.0018481035022788583
2026-04-08 14:05:00,-0.00594175337021241,-4.171975075073736e-05
2026-04-08 14:10:00,-0.004271416205519074,-0.0006865553245145638
2026-04-08 14:15:00,6.258422796001639e-05,-0.000605547775280432
2026-04-08 14:20:00,0.005101939913638276,-0.008912464525615314
2026-04-08 14:25:00,0.0022818881713941863,-0.0004419517783534133
2026-04-08 14:30:00,0.0007840569927299867,-0.002042227692018994
2026-04-08 14:35:00,0.00102518590471945,-0.0011340334525902188
2026-04-08 14:40:00,0.000829624736214285,-0.0010121652968282024
2026-04-08 14:45:00,0.0010187723737580257,-0.0020003590068456037
2026-04-08 14:50:00,-0.0007896335489920858,-0.002026691176042498
2026-04-08 14:55:00,-0.0012968520841880604,-0.0019266467518580797
2026-04-08 15:00:00,-0.001967642924132207,5.567648143136369e-05
2026-04-08 15:05:00,5.419003613305051e-05,-0.0026768721377284565
2026-04-08 15:10:00,-0.00027960646615632356,-0.00024128071805891004
2026-04-08 15:15:00,-0.002134597357157375,-0.0018793334791368597
2026-04-08 15:20:00,-0.004350788928212168,-0.0007946074590454704
2026-04-08 15:25:00,-0.003614787963734045,-0.00092722236547114
2026-04-08 15:30:00,0.001115905953406937,6.973586558551691e-05
2026-04-08 15:35:00,-0.0015711810969953888,-0.0005702158495864379
2026-04-08 15:40:00,0.0004920780765438337,-0.0013558939842905245
2026-04-08 15:45:00,-0.00030915259015351637,-0.0007265720818054738
2026-04-08 15:50:00,0.0035933207573908277,-0.004884843076617572
2026-04-08 15:55:00,0.0008181979386279181,0.00016110643620008457
2026-04-08 16:00:00,-0.0028285839545603153,-0.0035408800858883083
2026-04-08 16:05:00,-0.0025874805131618217,-0.002158451423664812
2026-04-08 16:10:00,-0.0026663135758226986,-0.001603169812384044
2026-04-08 16:15:00,-0.0038435225474735546,-0.00045201067032773785
2026-04-08 16:20:00,-0.002755897347396896,-0.002276686525966067
2026-04-08 16:25:00,-0.0015091015945341013,-0.002104054774218529
2026-04-08 16:30:00,0.00018926807987185157,0.003873590402477822
2026-04-08 16:35:00,-0.001906722560999441,-0.0002780313838970181
2026-04-08 16:40:00,-0.005157337245162097,5.64916743970266e-06
2026-04-08 16:45:00,-0.001831093737418854,0.0028348411065049726
2026-04-08 16:50:00,-0.0021233219416458837,-0.0015373269207484665
2026-04-08 16:55:00,0.0014178114913825368,0.00041313040933573485
2026-04-08 17:00:00,0.0016355161045691347,-0.0007658593879012817
2026-04-08 17:05:00,0.0026955102408603437,-0.0006488897890935348
2026-04-08 17:10:00,0.0017189301367164234,-0.001056061781532842
2026-04-08 17:15:00,0.00047941260259420915,-0.0017571063970907587
2026-04-08 17:20:00,0.0010887775030248292,-0.001261149524631751
2026-04-08 17:25:00,0.0010139620485727363,-7.623487046060876e-05
2026-04-08 17:30:00,0.0005191044199452932,-0.001594275521775852
2026-04-08 17:35:00,-0.0005169164160410133,-0.0008150833283398053
2026-04-08 17:40:00,8.410004546455241e-05,-0.001019992371966046
2026-04-08 17:45:00,-0.0003299258537339256,0.0005481834283951824
2026-04-08 17:50:00,0.00011349234884505677,-0.00038233004146061576
2026-04-08 17:55:00,-0.0005825379681905218,-0.0011727125559752734
2026-04-08 18:00:00,-0.0020787228814480585,-0.0007619791117897839
2026-04-08 18:05:00,-0.0012364996023794816,-0.0013097631891831416
2026-04-08 18:10:00,-0.000542885893670686,-0.0022242486695529455
2026-04-08 18:15:00,0.0017549955579276855,-0.0003478906706504369
2026-04-08 18:20:00,0.0014550411744789216,0.0002645069273259419
2026-04-08 18:25:00,0.0015163961897837197,-0.0009485823065584573
2026-04-08 18:30:00,0.0009645664454609459,0.00016473416649657115
2026-04-08 18:35:00,0.0003718311677278763,-0.00023686060684734926
2026-04-08 18:40:00,0.00042653197587938507,-0.0006994041289248331
2026-04-08 18:45:00,-0.00013023568476100422,-0.00045072379762666794
2026-04-08 18:50:00,-0.0006261004234264789,-0.0007505292809060774
2026-04-08 18:55:00,0.00017014179574204036,-0.00016742108711129749
2026-04-08 19:00:00,-0.0010424965371065298,-0.0004996371778741915
2026-04-08 19:05:00,-0.0019796258641058273,-0.0007368792440101956
2026-04-08 19:10:00,-0.0021404324779172867,-0.00045378415556988536
2026-04-08 19:15:00,-0.002256857317016525,-0.001962405429788463
2026-04-08 19:20:00,-0.002403533084009979,-7.405131258901034e-06
2026-04-08 19:25:00,-0.0022462780457637166,0.0002988712791436276
2026-04-08 19:30:00,-0.0012295182913373282,-0.0004092716057769558
2026-04-08 19:35:00,-0.00014144017790052033,0.0002968784706730926
2026-04-08 19:40:00,-0.0012285247218404294,-0.00029093706706258737
2026-04-08 19:45:00,0.0003017199112669289,9.73736052071035e-05
2026-04-08 19:50:00,0.0014008529770972444,-0.00022273034885531793
2026-04-08 19:55:00,0.001972926193142044,0.00022829619361118124
2026-04-08 20:00:00,-0.00251147881449576,-0.0005901073413026372
2026-04-08 20:05:00,-0.004204225623318791,-0.0010162448600026478
2026-04-08 20:10:00,-0.00417834378498938,-0.00030862252414026444
2026-04-08 20:15:00,-0.0010347291107546397,-0.0013740973844702559
2026-04-08 20:20:00,-0.0016908933129879955,-0.03975035703269989
2026-04-08 20:25:00,-0.0031930348636954875,-0.0009376952932678645
2026-04-08 20:30:00,-0.0027878763534392448,-0.0019886446819532277
2026-04-08 20:35:00,-0.0016682659849855952,-0.00017352206962189132
2026-04-08 20:40:00,-0.001053859539034363,0.0015507225250007844
2026-04-08 20:45:00,-0.001704110036362394,-0.00043197555407519374
2026-04-08 20:50:00,3.1863200661064184e-05,-0.0006918269312218999
2026-04-08 20:55:00,0.0024290048568893496,3.6748175646532334e-05
2026-04-08 21:00:00,0.001946104582053465,-9.346115075759606e-05
2026-04-08 21:05:00,0.0007346961640024574,0.0006513744328847449
2026-04-08 21:10:00,-0.0014600928309622674,-0.00015988085378261475
2026-04-08 21:15:00,0.0012196947184754947,-0.0018705193364077187
2026-04-08 21:20:00,0.0026772812880082597,-0.0002663512937573166
2026-04-08 21:25:00,0.002795229149601397,0.0020374559437186255
2026-04-08 21:30:00,0.0018891786635020225,-0.003082427941035367
2026-04-08 21:35:00,0.0013877520436125224,-0.000584186490239291
2026-04-08 21:40:00,0.0020437530915291546,-0.0032826365018916673
2026-04-08 21:45:00,0.0011651895173976357,0.0005097054352332891
2026-04-08 21:50:00,-0.0005117209583165305,-0.00373303497503056
2026-04-08 21:55:00,-0.0007167420891711629,-0.00025463588497436226
2026-04-08 22:00:00,-0.0014805104119233192,0.00033851105837139073
2026-04-08 22:05:00,-0.0006368449942026899,0.00032884622526201774
2026-04-08 22:10:00,-0.0010496111477493741,0.0010628953028228379
2026-04-08 22:15:00,-0.0001587561984415231,-0.0004449037582129493
2026-04-08 22:20:00,-0.0004826643163458044,-2.5064934158322517e-05
2026-04-08 22:25:00,-0.00013127888948538669,-0.0005613587026747503
2026-04-08 22:30:00,-0.000868312986064268,0.001335786702975117
2026-04-08 22:35:00,-0.0007435046949222368,-0.000253200347324114
2026-04-08 22:40:00,-0.0007011516331640877,-0.0024357048693611524
2026-04-08 22:45:00,0.001814127615556771,-0.00044980830160974136
2026-04-08 22:50:00,0.0007138598193545675,0.00019978515774098213
2026-04-08 22:55:00,-0.0014440986914010523,-0.0006310458075746379
2026-04-09 00:00:00,-0.003285626604649039,-0.0006647286644407322
2026-04-09 00:05:00,-0.0021940409346221657,-0.00029803627924076875
2026-04-09 00:10:00,0.0003055339866673279,0.00016726074415344548
2026-04-09 00:15:00,0.0009077509398611738,-0.00043991955790227536
2026-04-09 00:20:00,0.0002885739586275804,-0.0008959358682662332
2026-04-09 00:25:00,-0.00014639005337535593,-0.0006876427927215913
2026-04-09 00:30:00,-0.00035197381338925027,0.0002769344921499582
2026-04-09 00:35:00,0.0006871496920535236,-0.0005109484101596542
2026-04-09 00:40:00,0.0009670503810674802,-0.00048101884948948537
2026-04-09 00:45:00,-0.0002714861123962464,-0.0012178881048566892
2026-04-09 00:50:00,-0.0019715186756457115,-7.677819131386406e-05
2026-04-09 00:55:00,-0.0019010565497250553,-0.0010290564432744464
2026-04-09 01:00:00,-0.00023548904925618785,0.0007827143712456591
2026-04-09 01:05:00,0.0012461801525471827,-0.001349793850046968
2026-04-09 01:10:00,0.0003333704955519323,-0.0011559752340032283
2026-04-09 01:15:00,-0.00048600404828036403,-0.0009923033761324166
2026-04-09 01:20:00,-0.00013579432273225223,-0.0003291019655731689
2026-04-09 01:25:00,0.0006706509810268102,-0.004075860766955263
2026-04-09 01:30:00,0.001467902626858475,-0.0005413574511317083
2026-04-09 01:35:00,0.0004985293487766995,-0.001822216361085855
2026-04-09 01:40:00,0.0004348337995896401,-0.0003484486599969153
2026-04-09 01:45:00,-0.002644628237261415,-0.002801277053262265
2026-04-09 01:50:00,-0.0031076606586335487,-0.0003323633678179638
2026-04-09 01:55:00,-0.0027117811264023572,0.001386990210620312
2026-04-09 02:00:00,-0.00026144652345294617,-0.000520683373663269
2026-04-09 02:05:00,0.0022101288107982953,1.815283298091673e-05
2026-04-09 02:10:00,0.000839590456733319,-0.0008824897242676135
2026-04-09 02:15:00,0.0017798852234118812,-0.0004789585412234199
2026-04-09 02:20:00,0.0005751072117998746,-0.00010878226440565978
2026-04-09 02:25:00,0.0026395820854094865,-0.0011074303298259892
2026-04-09 02:30:00,0.000797583534000168,-0.0007294944829497442
2026-04-09 02:35:00,-0.0008383662325961438,-0.0008015283911696825
2026-04-09 02:40:00,-0.0026183357769546944,-0.0007752811247980294
2026-04-09 02:45:00,-0.0006617797024262018,-0.0010615450206154366
2026-04-09 02:50:00,0.0013452897796568664,-0.0012530126502479364
2026-04-09 02:55:00,0.002959445063414279,-0.000963864101310493
2026-04-09 03:00:00,0.0016854025899828429,-0.0024995349970626767
2026-04-09 03:05:00,-0.0008931214337142279,-0.0007981721102383529
2026-04-09 03:10:00,-0.0033972101733006355,-0.0011484192198303613
2026-04-09 03:15:00,-0.0006526239740374251,-0.001204582979370504
2026-04-09 03:20:00,0.0016710354975462138,-0.0007730545870300919
2026-04-09 03:25:00,0.002818738825933309,-0.0005459409956730253
2026-04-09 03:30:00,0.0009173661431880475,0.00019493744705578498
2026-04-09 03:35:00,0.0008598762392839632,-0.003614028761342375
2026-04-09 03:40:00,0.0020813556859131666,-0.0002068524303959888
2026-04-09 03:45:00,3.599952142074869e-05,-0.0015710606222361706
2026-04-09 03:50:00,-0.0002540736488487738,-0.0005000012758113215
2026-04-09 03:55:00,-0.00098191091123212,0.00020346385360511224
2026-04-09 04:00:00,0.0009841905933285489,-0.0004267006200601401
2026-04-09 04:05:00,0.0008720500076400128,0.0006337476272642524
2026-04-09 04:10:00,0.0005926477983049239,-0.00046454676892793617
2026-04-09 04:15:00,-0.0002179200072944809,-0.000877992089161575
2026-04-09 04:20:00,0.0009220215763345863,-0.0005309048453376426
2026-04-09 04:25:00,0.0014040194470972267,-0.0022340887932210812
2026-04-09 04:30:00,5.501341482450073e-05,-0.00010124625718076089
2026-04-09 04:35:00,-0.0016056274438707163,-0.00045984560094872867
2026-04-09 04:40:00,-0.0028396786675077834,-0.0004939105453577881
2026-04-09 04:45:00,-0.0014885445188159707,-0.0004702410752177004
2026-04-09 04:50:00,-0.001097285705153439,0.00020657717524985098
2026-04-09 04:55:00,-0.001374063499440581,-0.0007038926739090848
2026-04-09 05:00:00,-0.0023081274115934747,0.00037149453138757716
2026-04-09 05:05:00,-0.0019794277580906794,-0.0012079622198382268
2026-04-09 05:10:00,5.7290357094785804e-05,-0.0010373187103421774
2026-04-09 05:15:00,0.0011801865894618402,-0.0005483769535223277
2026-04-09 05:20:00,0.0012543045401862685,-0.0010561142583292572
2026-04-09 05:25:00,0.0004115453373145783,-0.0006868251327903606
2026-04-09 05:30:00,-0.0005602027061701875,-0.0017547674397180807
2026-04-09 05:35:00,-0.0006810768065950157,-9.498866157263463e-05
2026-04-09 05:40:00,-0.0006216260281703967,-0.0012383617276527001
2026-04-09 05:45:00,0.0008444279926802523,-0.00046745463197020627
2026-04-09 05:50:00,0.00196558488526577,-0.00025664953620267413
2026-04-09 05:55:00,0.002117883544881849,-0.0003227638306131614
2026-04-09 06:00:00,0.0010746592382933073,-0.00039914589315506873
2026-04-09 06:05:00,-0.00047249016965800195,-0.0017196785507528091
2026-04-09 06:10:00,-0.0010403612326399525,-0.00047108154292068555
2026-04-09 06:15:00,-0.0009071314288160437,-0.00010165516035179204
2026-04-09 06:20:00,-4.874487252592985e-05,-0.0003024268579724526
2026-04-09 06:25:00,0.0008433901390993981,-0.0002927624575263163
2026-04-09 06:30:00,0.001146493836293061,-0.000384257468383132
2026-04-09 06:35:00,0.0012877619928577388,-0.007492978549988028
2026-04-09 06:40:00,-6.35455224262671e-06,-0.0006718549214585364
2026-04-09 06:45:00,-0.0003580057213223853,-0.0022076518338004455
2026-04-09 06:50:00,-0.0016841672174550126,0.0008424461768505773
2026-04-09 06:55:00,-0.0015432330821667506,-0.0005620705481212768
2026-04-09 07:00:00,0.00015677567551541927,0.002366452093333635
2026-04-09 07:05:00,0.0009494141048413951,-0.0005695904903010778
2026-04-09 07:10:00,0.0026927497449555915,-0.00023981036195301034
2026-04-09 07:15:00,-0.00013346962791338512,-0.00014252722534506123
2026-04-09 07:20:00,-0.00019277680213392046,-0.001454382728136335
2026-04-09 07:25:00,-0.0005460144258062627,-2.3206447810327022e-08
2026-04-09 07:30:00,-0.0013229478220342372,-0.000751103812043022
2026-04-09 07:35:00,-0.0023162249965640314,0.000537635093562991
2026-04-09 07:40:00,-0.002581729665775967,-0.0007839529080654894
2026-04-09 07:45:00,0.0017762483447363309,-0.00020741004705932605
2026-04-09 07:50:00,0.002441216390328904,0.003461624646294538
2026-04-09 07:55:00,0.0016074753168204836,0.0004341653682135132
2026-04-09 08:00:00,-0.0011484779693020641,0.0001271752675439181
2026-04-09 08:05:00,-0.001146693103374119,-0.000661611101197809
2026-04-09 08:10:00,-0.0002755048644029756,0.00031432195825638744
2026-04-09 08:15:00,0.0005426189125614655,0.00035383761200023474
2026-04-09 08:20:00,-8.907741257146995e-05,0.0017383235384526392
2026-04-09 08:25:00,-0.0010094199237791202,0.0003306719658398925
2026-04-09 08:30:00,-0.0015396004746204284,0.00025623862480971145
2026-04-09 08:35:00,-0.001392335166384484,0.00023185471780036839
2026-04-09 08:40:00,-4.880030808784852e-05,0.0005152401115221138
2026-04-09 08:45:00,0.0007870616807093,-0.0045635781990710144
2026-04-09 08:50:00,0.0036761473696316216,-0.00011004305594442031
2026-04-09 08:55:00,0.0023524336272586766,0.0011051331477192811
2026-04-09 09:00:00,7.421913521099555e-05,-0.0006404714744295729
2026-04-09 09:05:00,-0.0025001761027141356,-0.00021642998580198906
2026-04-09 09:10:00,-0.0031824034372576193,-0.0007621126090425682
2026-04-09 09:15:00,0.0007503640889545693,-0.0003714656643291162
2026-04-09 09:20:00,0.003238438765242435,0.0006353086226538195
2026-04-09 09:25:00,0.0028923572077843573,0.0004728243674389672
2026-04-09 09:30:00,-0.00032212125600672437,-0.00013404843330425668
2026-04-09 09:35:00,-0.002415656995607307,-0.0004069158753222232
2026-04-09 09:40:00,0.0004424455668310401,-0.00037896087876339546
2026-04-09 09:45:00,0.0007330990287410799,0.00044756134035146334
2026-04-09 09:50:00,0.0011058713994529512,0.00046079862851968194
2026-04-09 09:55:00,-0.0001651003305749299,0.000771127611388706
2026-04-09 10:00:00,0.00042774589158511844,-0.0024538297116037454
2026-04-09 10:05:00,0.0007408003522115791,0.0009737899702469331
2026-04-09 10:10:00,-0.0005335874352425662,0.00011260340445064763
2026-04-09 10:15:00,0.00046776992076402735,0.0001141334286176559
2026-04-09 10:20:00,0.0005224632887443903,0.00024358193000476643
2026-04-09 10:25:00,0.0018663117205388602,0.0009729096532804724
2026-04-09 10:30:00,0.0010786346801054947,0.000669573868668361
2026-04-09 10:35:00,3.594897360770233e-05,-0.0012672206230544933
2026-04-09 10:40:00,-0.000917908586616889,-0.00019760617104181864
2026-04-09 10:45:00,-0.0010299653112202378,0.00023129888168795236
2026-04-09 10:50:00,0.0005263986946779653,-0.0002583700287623785
2026-04-09 10:55:00,0.001087016395361573,0.00040521130899630895
2026-04-09 11:00:00,0.001015168393628585,0.00025635307327208747
2026-04-09 11:05:00,2.1134924299559543e-06,0.0005537053405709489
2026-04-09 11:10:00,-0.00032555799659306217,-0.001156263618048197
2026-04-09 11:15:00,-0.00011838322354407183,-0.0002099418254167656
2026-04-09 11:20:00,0.00016906492344759272,0.00015199389615201567
2026-04-09 11:25:00,-0.0005562305898916264,-0.00014319668569582895
2026-04-09 11:30:00,-0.00024526698279636605,-0.0007742385164039987
2026-04-09 11:35:00,-0.0008583001956008474,-0.00012780242740292316
2026-04-09 11:40:00,0.00047588179148583265,-0.0010437914904389942
2026-04-09 11:45:00,0.0,0.0002584813996885598
2026-04-09 11:50:00,0.00020301434070013613,0.00023395156871068253
2026-04-09 11:55:00,-0.000372226021626787,-0.00010180783064466512
2026-04-09 12:00:00,3.5948061398727305e-05,0.0008234813466361594
2026-04-09 12:05:00,0.0020363207100722036,-9.346078929217032e-05
2026-04-09 12:10:00,0.0023009280415280386,7.620414664175236e-05
2026-04-09 12:15:00,0.001975155934752948,-1.755146860627681e-05
2026-04-09 12:20:00,0.00027007125403422094,-0.00015865652370266315
2026-04-09 12:25:00,0.0005000522310627531,-0.0005480936760205039
2026-04-09 12:30:00,0.0012443504936907601,-6.852809088525298e-06
2026-04-09 12:35:00,0.0009826124785323742,-0.0002829064098677908
2026-04-09 12:40:00,0.00018560976023174192,0.00028851031803252
2026-04-09 12:45:00,-0.0008075969370704428,-0.00036677816737097955
2026-04-09 12:50:00,-0.0008897923280546394,8.055682078371749e-05
2026-04-09 12:55:00,-0.00046197902930522616,0.0002696429275311949
2026-04-09 13:00:00,0.0005820415058686024,0.0002103070297243916
2026-04-09 13:05:00,0.0006600402800902572,-0.0005721870263645499
2026-04-09 13:10:00,0.0013852973066157404,0.0001022553461231776
2026-04-09 13:15:00,0.0004089134762335078,0.00071311946082466
2026-04-09 13:20:00,0.0010955903588349969,0.0002625875935515483
2026-04-09 13:25:00,0.0011161185507706506,-1.9937281635633335e-05
2026-04-09 13:30:00,0.0022376295104606925,-0.00032184517890471317
2026-04-09 13:35:00,0.0015612477159265836,0.00045634074523434695
2026-04-09 13:40:00,0.0011989652474326817,3.0062451669723078e-05
2026-04-09 13:45:00,-0.0010560929333465197,0.0004384752247284237
2026-04-09 13:50:00,-0.0022584942524108698,0.0015457017780135095
2026-04-09 13:55:00,-0.002905234619939634,0.00046693434733572974
2026-04-09 14:00:00,-0.0023665807015920137,-0.0011661854563587795
2026-04-09 14:05:00,-0.001119560051874302,0.0007375754690834321
2026-04-09 14:10:00,-0.001029381765793147,-0.00026234641793212695
2026-04-09 14:15:00,0.0005610678153331605,0.0004921703463221149
2026-04-09 14:20:00,0.00031638694809110746,-0.0009699850800722219
2026-04-09 14:25:00,0.0011874920322227922,0.0005164775789424925
2026-04-09 14:30:00,0.00011807943807795596,0.00010781032469648651
2026-04-09 14:35:00,-3.374317228299617e-05,-0.000902717708928566
2026-04-09 14:40:00,0.0001517623404652113,0.00017172316686673103
2026-04-09 14:45:00,8.433392020812391e-05,5.227928273207952e-05
2026-04-09 14:50:00,0.0016647108407248368,0.00027364521683535
2026-04-09 14:55:00,0.0021916605700074143,-0.0005611654395573445
2026-04-09 15:00:00,0.0022280541759762684,7.244116765757683e-05
2026-04-09 15:05:00,0.0010164281320825808,0.0026567920341299565
2026-04-09 15:10:00,-0.00014722336755923493,3.2150222695587416e-05
2026-04-09 15:15:00,0.0006855278201616244,0.0001554330985689891
2026-04-09 15:20:00,0.003370170385865734,0.00010209860563549204
2026-04-09 15:25:00,0.004537125265617448,-0.000731021395364305
2026-04-09 15:30:00,0.0029973386446506822,0.0004305851718089693
2026-04-09 15:35:00,-0.0014012832003515996,0.0004368916710860709
2026-04-09 15:40:00,-0.0022219203590605474,-0.00041864801576762845
2026-04-09 15:45:00,0.00028708805942301296,-0.0006281258057379785
2026-04-09 15:50:00,0.0007218641194484121,0.0005724040090618059
2026-04-09 15:55:00,0.0011472112179031768,0.0008712811142506831
2026-04-09 16:00:00,-0.0023431176688113453,0.005072940711100263
2026-04-09 16:05:00,0.0007653620588392585,6.974401813413891e-05
2026-04-09 16:10:00,-0.0012332526710494562,0.0013068834806178543
2026-04-09 16:15:00,-0.0010884686448395797,5.2808059423532934e-05
2026-04-09 16:20:00,-0.0024743371109874346,0.002084092355519018
2026-04-09 16:25:00,-0.001968382581472028,-0.00027637838949638705
2026-04-09 16:30:00,0.0011346708255910443,-0.0005805482803276387
2026-04-09 16:35:00,0.0009577217038501118,0.0024762772180410633
2026-04-09 16:40:00,0.0028494325142780497,0.0002387484931886086
2026-04-09 16:45:00,0.0004451116526880128,0.0014737023944162366
2026-04-09 16:50:00,-0.00023514493014076265,-0.0005263691613522646
2026-04-09 16:55:00,0.00016353812676328516,-0.0002708383445357277
2026-04-09 17:00:00,0.004099555461410276,-8.312804838031491e-05
2026-04-09 17:05:00,0.004623454997780385,0.0001980442682239595
2026-04-09 17:10:00,0.001855750529951905,0.0010940261651516204
2026-04-09 17:15:00,0.0019047465679733477,-0.0019845934093251543
2026-04-09 17:20:00,0.0015016319229470554,0.0011275493055085653
2026-04-09 17:25:00,0.002453681228534066,0.0007724775261840866
2026-04-09 17:30:00,-0.0014595631628271377,0.0008107450673979686
2026-04-09 17:35:00,-0.000751578349838411,-0.0010748963037839356
2026-04-09 17:40:00,0.000728256921153303,0.0009539009570632376
2026-04-09 17:45:00,0.0022980047118803526,0.0002423204296735981
2026-04-09 17:50:00,0.0009185190779206209,0.0011538654622657418
2026-04-09 17:55:00,-0.0010330719571562952,0.000820932786988452
2026-04-09 18:00:00,-0.00015220208296184978,-0.002224448766256036
2026-04-09 18:05:00,0.0004839705706860542,-0.0001232653585317851
2026-04-09 18:10:00,0.0008536653336506106,0.001995153998435403
2026-04-09 18:15:00,-0.00024190302726090351,0.001360717115971779
2026-04-09 18:20:00,-0.0005194431436095215,0.00039014337378775706
2026-04-09 18:25:00,-0.0010102845310999697,0.0005937394452497674
2026-04-09 18:30:00,-0.0018516610217833573,0.0014249634704872718
2026-04-09 18:35:00,-0.0008099515933110979,0.0003428647138886683
2026-04-09 18:40:00,0.0002505789430742311,0.00044748074552030634
2026-04-09 18:45:00,0.000714349898892408,0.0007563353583592267
2026-04-09 18:50:00,0.0009351432932653836,8.942401030348441e-05
2026-04-09 18:55:00,0.0007075464609478388,-0.000448381845044361
2026-04-09 19:00:00,0.0017732239554621998,0.0005913301090078084
2026-04-09 19:05:00,-0.00010015210609459757,0.005846952742539999
2026-04-09 19:10:00,0.0002628543072127343,0.00012983765759543763
2026-04-09 19:15:00,-0.0010385191401542926,-0.0006520821325267981
2026-04-09 19:20:00,0.0012970278614847786,0.0006415576049549202
2026-04-09 19:25:00,0.0002544439058773662,0.0015874381673124244
2026-04-09 19:30:00,0.0016261183144195002,0.0002965922602199061
2026-04-09 19:35:00,-0.00012087362468804486,0.0005709082212353486
2026-04-09 19:40:00,0.0005420415920305288,0.00014655699783838196
2026-04-09 19:45:00,-0.003014579694493591,0.00011514259165023698
2026-04-09 19:50:00,-0.0024665093260747284,0.0004339534618936633
2026-04-09 19:55:00,-0.003016228330412929,0.0004229650762413785
2026-04-09 20:00:00,-2.089383840875314e-05,-0.002867147384476487
2026-04-09 20:05:00,-0.0012397235729313394,0.00048090403840468307
2026-04-09 20:10:00,-0.00037636196428358915,0.0011503245271301606
2026-04-09 20:15:00,-0.001890608799424598,0.0006416646200913604
2026-04-09 20:20:00,-0.0008182647176546709,0.0003691304236761989
2026-04-09 20:25:00,-0.002334514910828034,0.0005877146695408026
2026-04-09 20:30:00,-0.0009948405253510373,0.001084514057670847
2026-04-09 20:35:00,-0.001265337672464284,0.0012816963117568765
2026-04-09 20:40:00,0.00041076713434584633,0.0037542638992482656
2026-04-09 20:45:00,0.000869231057581743,0.0008245579909884038
2026-04-09 20:50:00,0.0024475254850564454,0.00016688417000337592
2026-04-09 20:55:00,0.001568164700161745,-0.00022453582639657912
2026-04-09 21:00:00,-0.0004921223871559022,0.0008539439365151217
2026-04-09 21:05:00,-0.0012408104731971292,0.0012576025894145157
2026-04-09 21:10:00,-0.0012811470109888035,0.0008081250387628431
2026-04-09 21:15:00,-0.000452547472828968,0.0005346072143677339
2026-04-09 21:20:00,-0.0009635788900670406,0.000226637129447816
2026-04-09 21:25:00,-0.0004316052429498285,0.00098208102944404
2026-04-09 21:30:00,-0.0002850424019875675,0.0008606426784715161
2026-04-09 21:35:00,-8.383336447082002e-05,0.0024492963133579677
2026-04-09 21:40:00,-0.0005009794357366815,-0.000987221401990663
2026-04-09 21:45:00,-1.4673498927919582e-05,0.0001726503877349903
2026-04-09 21:50:00,-7.755211977844567e-05,-0.0004111446385994034
2026-04-09 21:55:00,7.7573907532269e-05,-0.00040637927163033504
2026-04-09 22:00:00,6.917318137666939e-05,0.0004953434173590501
2026-04-09 22:05:00,0.00035627089538792234,0.0003165693245855122
2026-04-09 22:10:00,5.660418893427277e-05,-0.0005090741905100106
2026-04-09 22:15:00,-0.0002809147777558252,-0.00032779497264628183
2026-04-09 22:20:00,-0.0016734791082235745,-0.00032882919314946267
2026-04-09 22:25:00,-0.0012523299270625898,-0.0003749645110181242
2026-04-09 22:30:00,-0.0009880211120059101,-0.004751751243462462
2026-04-09 22:35:00,0.000686087659397927,-0.00047831459312080093
2026-04-09 22:40:00,0.0005791615330057454,-0.0015621135542984777
2026-04-09 22:45:00,0.001656636359333774,-0.0006848069746316818
2026-04-09 22:50:00,0.0006059672229259405,0.00019290445505368116
2026-04-09 22:55:00,0.0006983247829417394,-0.00016621279842100506
2026-04-10 00:00:00,-0.0013397759190159064,6.401130123973199e-05
2026-04-10 00:05:00,-0.0005933828552286968,0.0014324019801631907
2026-04-10 00:10:00,-0.001130565770314007,0.0004702838926661465
2026-04-10 00:15:00,-0.00020143607200751035,0.00045481134829380434
2026-04-10 00:20:00,-0.0017129294645208404,-0.0010984289617926644
2026-04-10 00:25:00,-0.0006991150076949282,4.482274263224311e-05
2026-04-10 00:30:00,-0.0010077894573168322,0.00307520449029415
2026-04-10 00:35:00,0.00038650509554472023,-0.0004824146713846488
2026-04-10 00:40:00,0.0006151630533501873,-0.0015545417842310258
2026-04-10 00:45:00,0.00048302585127402153,-0.00023909742537227944
2026-04-10 00:50:00,0.00013860130307463692,-0.002747335645683569
2026-04-10 00:55:00,-0.000991165687697304,9.92817959158019e-06
2026-04-10 01:00:00,-0.0004788246207336755,0.003160346261081884
2026-04-10 01:05:00,-0.0008676243290004493,0.00012867667583708704
2026-04-10 01:10:00,-0.0002689601135763553,0.001172464980107636
2026-04-10 01:15:00,0.00024994145409173996,-0.0031279594593615506
2026-04-10 01:20:00,0.0005988043002886911,0.00020015219702681467
2026-04-10 01:25:00,0.0003677007503650742,0.0005763181840456399
2026-04-10 01:30:00,0.00011969773187026078,-0.0015250782080827004
2026-04-10 01:35:00,0.00030451725325519874,0.0009733851030022252
2026-04-10 01:40:00,0.0005838410606102684,-5.562410985579225e-05
2026-04-10 01:45:00,-0.001096714798128673,-0.000933979945234123
2026-04-10 01:50:00,-0.0017254228780974046,-0.0018337312895393807
2026-04-10 01:55:00,-0.0019103005442584475,0.0007800377125206224
2026-04-10 02:00:00,-0.0003237817739147886,0.0002025751549390583
2026-04-10 02:05:00,-7.151902198643256e-05,-0.0001236463026921405
2026-04-10 02:10:00,1.262121626410817e-05,-0.00037647369005337013
2026-04-10 02:15:00,0.000765133494258663,0.00025772271658780325
2026-04-10 02:20:00,0.0011878146345694063,-0.0013645486352585634
2026-04-10 02:25:00,0.00030286141167223946,-0.00031701272027019546
2026-04-10 02:30:00,-0.0006116394544672943,-0.0006447736106743939
2026-04-10 02:35:00,-0.0005968844491253122,-0.0001754572006533884
2026-04-10 02:40:00,0.0014982346541252411,-0.0006282855305467037
2026-04-10 02:45:00,0.0010170909975339981,0.0002671878460445712
2026-04-10 02:50:00,0.000617895015340153,0.0005294691102856377
2026-04-10 02:55:00,-0.0003738231440042483,-5.6497724614398945e-05
2026-04-10 03:00:00,0.0005774320811617883,0.00039845104499694787
2026-04-10 03:05:00,-9.455102453159725e-05,-0.0003188937463964564
2026-04-10 03:10:00,0.000365424158601968,-0.0020509799207942595
2026-04-10 03:15:00,0.001612942479878754,-0.00010978920347558523
2026-04-10 03:20:00,0.003021207381230795,0.0003799918318208542
2026-04-10 03:25:00,0.0019823025736354083,0.0005043551623056834
2026-04-10 03:30:00,-0.0010715091794164522,0.0007243527215001897
2026-04-10 03:35:00,-0.0016458458696124723,-0.002641740900180483
2026-04-10 03:40:00,-0.0014700935139693172,0.00010610042673802597
2026-04-10 03:45:00,-0.0023924938813006946,-0.0008716996389078283
2026-04-10 03:50:00,-0.0013228320609695032,-0.0005238556806752378
2026-04-10 03:55:00,-0.002567881061132482,0.0018095980291465896
2026-04-10 04:00:00,-0.0013994978824207749,-0.0004633520209652898
2026-04-10 04:05:00,-0.0029121903235491686,-0.0014217414364176835
2026-04-10 04:10:00,-0.001695217262112081,3.899393268105248e-05
2026-04-10 04:15:00,-0.0009481409774103611,-0.0013436515915154477
2026-04-10 04:20:00,0.00047401902651778016,-0.0006406438015761377
2026-04-10 04:25:00,0.0011143235956190267,-0.0005084155573641808
2026-04-10 04:30:00,0.0011776666079015286,-0.0010381800247003948
2026-04-10 04:35:00,0.00032641577867842386,-0.00028666628741593375
2026-04-10 04:40:00,0.0006818842155471572,0.0005547983094758082
2026-04-10 04:45:00,0.0011888993981887808,-0.0006491864206415007
2026-04-10 04:50:00,0.0017902320406921746,-0.0014798031812674186
2026-04-10 04:55:00,0.0014863263887150424,-0.00037893113443451234
2026-04-10 05:00:00,0.0013576136669666283,-0.00020841451249826532
2026-04-10 05:05:00,0.00011138911697727849,-0.00013952835845290493
2026-04-10 05:10:00,-0.0009163418427906578,0.0003730688237723411
2026-04-10 05:15:00,0.00021209197311478079,-0.0002568243306185589
2026-04-10 05:20:00,0.0014763094950662747,0.0010899408975046261
2026-04-10 05:25:00,0.0019724555896996065,-0.0003950636849989587
2026-04-10 05:30:00,0.0009507110586159939,0.0001656056981259506
2026-04-10 05:35:00,-0.0001469032791447944,-0.0003744972371393965
2026-04-10 05:40:00,0.00024969286858045336,-0.0004592586356063965
2026-04-10 05:45:00,2.3074462339067736e-05,0.0008280160289845504
2026-04-10 05:50:00,0.0002853923219454657,-0.00024564676475028515
2026-04-10 05:55:00,0.00016992335658372326,-0.001231313708180282
2026-04-10 06:00:00,0.0007255250938946745,-0.00010896498724952998
2026-04-10 06:05:00,0.00019720886580643082,-0.0011889679407967538
2026-04-10 06:10:00,-0.00034617067398912127,-0.00026351466979311784
2026-04-10 06:15:00,-0.001449477781108044,-0.0003079518517229897
2026-04-10 06:20:00,-0.0007974666168699684,-0.00112956402821235
2026-04-10 06:25:00,-0.0006402069031459234,-0.000503132031144966
2026-04-10 06:30:00,-6.087788004016659e-05,0.002205615290471476
2026-04-10 06:35:00,-7.558245734884395e-05,-0.0002090027126569568
2026-04-10 06:40:00,-0.0008213242266066345,0.002640271882972316
2026-04-10 06:45:00,-0.00026454693342969904,-9.55782257623496e-05
2026-04-10 06:50:00,-0.00019528112669853215,-0.00848011477135571
2026-04-10 06:55:00,0.00030046025273477994,-0.00022886883859390245
2026-04-10 07:00:00,-0.00038644827219691535,0.00027958432715658593
2026-04-10 07:05:00,-0.00016381358051198447,-1.7776513868259414e-06
2026-04-10 07:10:00,1.470552707338868e-05,-0.0008165980386152841
2026-04-10 07:15:00,0.0008021334659336077,-0.00013913880825913683
2026-04-10 07:20:00,0.0008565742594122128,0.00013729647982766753
2026-04-10 07:25:00,0.000993172806554199,-0.00017944044820846118
2026-04-10 07:30:00,0.0004595718508149105,0.0006850694287959451
2026-04-10 07:35:00,0.0003818627816212228,-6.63871976301891e-05
2026-04-10 07:40:00,0.00010283046099068827,0.0003004360494175946
2026-04-10 07:45:00,-0.0009571548046931611,0.00038181567279259917
2026-04-10 07:50:00,-0.0016901134509321736,0.0007345163975214608
2026-04-10 07:55:00,-0.001898821159279862,-0.0012496463032153626
2026-04-10 08:00:00,-0.0018707742261376836,-9.526896117775078e-05
2026-04-10 08:05:00,-0.001017544316281871,-0.0035921498988410287
2026-04-10 08:10:00,-0.00015138867599695516,0.00013601775376293629
2026-04-10 08:15:00,0.0010997665944643131,-0.000260749659327689
2026-04-10 08:20:00,-0.0004207753689691174,-0.0014496731020285215
2026-04-10 08:25:00,-0.0009424892932017315,-0.00042990574394301793
2026-04-10 08:30:00,-0.00302674626669841,0.0003295152275688402
2026-04-10 08:35:00,-0.0014319620534237743,0.00046848199145786397
2026-04-10 08:40:00,-0.0011161467564821947,0.0001543125270211156
2026-04-10 08:45:00,0.0014534763809574969,-0.0003027800238967505
2026-04-10 08:50:00,0.0013835615327941753,0.0006588452492780464
2026-04-10 08:55:00,0.00023596881107579293,0.0022021061927117312
2026-04-10 09:00:00,0.00043983934998337304,0.0006398863887267991
2026-04-10 09:05:00,0.0005007269060168795,0.002126204566282105
2026-04-10 09:10:00,0.001427266501124791,0.00023022604131627434
2026-04-10 09:15:00,0.0006415238619741359,0.0011308603144899966
2026-04-10 09:20:00,0.00031545542561062234,-0.0007708509169617326
2026-04-10 09:25:00,7.783058809174292e-05,-0.0002833257507046875
2026-04-10 09:30:00,-0.00045428256735746686,-0.00015308326145027813
2026-04-10 09:35:00,-0.001066639838823491,-3.763904553125109e-05
2026-04-10 09:40:00,-0.0010354320696794872,-0.0002400925140675392
2026-04-10 09:45:00,-0.0012482359502339335,0.07438605172518087
2026-04-10 09:50:00,-0.0001641994648249323,-0.0007444952125706376
2026-04-10 09:55:00,0.00016422539340510411,-0.0007493283059182422
2026-04-10 10:00:00,-0.00044662796633510027,0.0015902997968571832
2026-04-10 10:05:00,-0.0007919040862027771,-0.0014155474390510044
2026-04-10 10:10:00,-0.0006928773957959322,6.495088982875466e-05
2026-04-10 10:15:00,0.0009225306637450359,0.0018044748134813972
2026-04-10 10:20:00,0.0006929503638293255,0.00034891874021774586
2026-04-10 10:25:00,-0.0008788967356334609,0.0005637271863300307
2026-04-10 10:30:00,-0.003082641196751723,0.0005395088778690783
2026-04-10 10:35:00,-0.0027577965240670466,-0.0004862435992001921
2026-04-10 10:40:00,-0.0001919003305097533,0.00020949774413911903
2026-04-10 10:45:00,0.0019514753540406105,0.0019798873472862168
2026-04-10 10:50:00,0.0012512279172867125,0.0006206024292319123
2026-04-10 10:55:00,0.0010960776277091355,0.0005676214670040152
2026-04-10 11:00:00,0.0029946915574718957,0.003471270790128274
2026-04-10 11:05:00,0.002382074288249214,0.0013605248687801128
2026-04-10 11:10:00,0.0004022962534335761,-0.002897767426046998
2026-04-10 11:15:00,-0.002343640951638193,0.0015470055521221901
2026-04-10 11:20:00,-0.0010144785040822057,-0.0003431038577391091
2026-04-10 11:25:00,0.0003979244817120531,-0.00022966961064031788
2026-04-10 11:30:00,0.0004506411183093917,0.0018133715466147906
2026-04-10 11:35:00,0.000623121183545905,0.0018220670105763268
2026-04-10 11:40:00,0.00029886557585712126,-0.0003535528316623675
2026-04-10 11:45:00,-0.0004885547720725469,1.5407672412131668e-05
2026-04-10 11:50:00,-0.0012150247605688946,-0.0011076745081605953
2026-04-10 11:55:00,-0.0009979704553177982,-0.0010315930305963557
2026-04-10 12:00:00,0.0010210602438895933,-0.0012735182562085474
2026-04-10 12:05:00,0.0027375111651259942,-0.00016416485677872952
2026-04-10 12:10:00,0.002324948788546166,0.0010217017770028395
2026-04-10 12:15:00,0.0015243857313187448,-0.00039067438005149573
2026-04-10 12:20:00,-0.0009607471440933324,0.0017318197180902417
2026-04-10 12:25:00,-0.0006306734539958114,-0.0010993602455344137
2026-04-10 12:30:00,-0.0002500501689315371,-0.00014924752028504652
2026-04-10 12:35:00,0.0005509132261778404,-0.0009944059151607376
2026-04-10 12:40:00,0.00038055391026325935,0.0008297010953317156
2026-04-10 12:45:00,0.00025845413055769484,0.000353829859315093
2026-04-10 12:50:00,-0.0002628024213979785,-0.0008536540496975969
2026-04-10 12:55:00,-0.0002964411318000515,0.0003177149860074293
2026-04-10 13:00:00,-0.0002458450621158903,-0.00028143210125851153
2026-04-10 13:05:00,0.0011117078257338875,-0.0007346288143229992
2026-04-10 13:10:00,0.0012755438813289999,0.0001936219607800093
2026-04-10 13:15:00,0.00021222879183824261,0.00031757226299266683
2026-04-10 13:20:00,0.00010711259118778571,0.0003430041977331986
2026-04-10 13:25:00,0.0011270917715968665,0.00030586174334365046
2026-04-10 13:30:00,0.0008484650433189245,0.000393320050391336
2026-04-10 13:35:00,0.0006445335070868197,0.00040084881875162865
2026-04-10 13:40:00,0.0003984807450194694,0.0006269074516133963
2026-04-10 13:45:00,0.0007512565012799399,0.0006464215229159574
2026-04-10 13:50:00,0.00015319929474344463,0.0003748735340054841
2026-04-10 13:55:00,-0.0004530220422349629,0.0009219852413236075
2026-04-10 14:00:00,0.0001447303979364989,0.00016322013831622582
2026-04-10 14:05:00,-0.0010161706361309086,0.0008492129456424359
2026-04-10 14:10:00,-0.0009948516203994728,-3.494412777284295e-05
2026-04-10 14:15:00,0.0026894292798527175,-0.00236854434952838
2026-04-10 14:20:00,0.0032234109841962066,-0.0004793974913875553
2026-04-10 14:25:00,0.0022485494589776778,0.0001685625629462028
2026-04-10 14:30:00,-0.0026747476561066463,-0.0007658119453276521
2026-04-10 14:35:00,-0.002268097532011737,-0.0004474057724612615
2026-04-10 14:40:00,-0.00033947532529055024,0.0005250015683034967
2026-04-10 14:45:00,0.0006478741463791238,-2.0268025355172758e-05
2026-04-10 14:50:00,0.001933028117154123,0.0021650547457133583
2026-04-10 14:55:00,0.0002996662829755081,0.0010765818038816102
2026-04-10 15:00:00,0.00027872928965244625,0.001155455912386439
2026-04-10 15:05:00,0.0003978824330861386,-0.0001676652715321068
2026-04-10 15:10:00,0.0009235805841765199,-0.0011004929682912872
2026-04-10 15:15:00,-0.0005512465542594214,0.0005094416638614612
2026-04-10 15:20:00,-0.00012353601980663598,0.0008511808789683007
2026-04-10 15:25:00,-0.001472687984096055,0.00028730198789514905
2026-04-10 15:30:00,0.000959769393748644,0.0006023034550530312
2026-04-10 15:35:00,0.0003077647822049556,0.002311983395390688
2026-04-10 15:40:00,0.0005491073999195351,6.143013510029089e-05
2026-04-10 15:45:00,0.00035601199926915683,0.0005852496817712325
2026-04-10 15:50:00,-0.0002805436703461339,-8.369781953563823e-05
2026-04-10 15:55:00,0.0014865252389828498,0.0004917682987495921
2026-04-10 16:00:00,0.0026034084833224114,0.0004455843786226883
2026-04-10 16:05:00,0.0030712227380771395,-7.705180087968903e-05
2026-04-10 16:10:00,0.0024030737459401763,0.0006554432852360285
2026-04-10 16:15:00,-7.727273205659912e-05,0.0006365789106378388
2026-04-10 16:20:00,-0.0007037290620406367,0.00015404577722646657
2026-04-10 16:25:00,-0.002126949111566745,-0.0002979960879949477
2026-04-10 16:30:00,-0.002919850560237691,-0.0016055864083300698
2026-04-10 16:35:00,-0.0025036066458241635,0.0011109890969433817
2026-04-10 16:40:00,-0.0013646307464245666,7.944940773088344e-05
2026-04-10 16:45:00,0.00011310416486765007,0.001129307100407744
2026-04-10 16:50:00,0.0009879686328204684,0.0033974115825999105
2026-04-10 16:55:00,0.0016385881676264091,0.0007496514734370958
2026-04-10 17:00:00,0.0016929383003017051,-0.000623339921149981
2026-04-10 17:05:00,0.0013234359830089915,0.0009166627179608908
2026-04-10 17:10:00,-0.0011883890778001671,0.0016371633895028597
2026-04-10 17:15:00,-0.001563093736626442,0.0011997125617709441
2026-04-10 17:20:00,-0.005365200740518716,0.0003927607105198218
2026-04-10 17:25:00,-0.002240435862381318,-0.002698815829607136
2026-04-10 17:30:00,-0.0018361436092657613,0.00042787755792982334
2026-04-10 17:35:00,0.0012805416130952096,0.001326059979726128
2026-04-10 17:40:00,-0.0007682265260644527,0.0013138507595154374
2026-04-10 17:45:00,-0.0027437222566977226,0.001836295486947158
2026-04-10 17:50:00,-0.0021379511122585626,0.00042730179653729846
2026-04-10 17:55:00,0.00017636647319108079,-0.00047340226762467155
2026-04-10 18:00:00,0.001864282103214876,-0.0001977069866814219
2026-04-10 18:05:00,0.0009246262227087243,-0.0007283735856390158
2026-04-10 18:10:00,-0.0010439543498712567,-0.0007387162061292471
2026-04-10 18:15:00,-0.00020790435634587823,-0.0009580449390504223
2026-04-10 18:20:00,0.0003696112403890339,-0.0008594168086610997
2026-04-10 18:25:00,-0.00027114426196739316,-0.0005568184603236911
2026-04-10 18:30:00,8.820712719348478e-05,-0.0003367650874683778
2026-04-10 18:35:00,0.0005982286314303309,-0.0006004970516918119
2026-04-10 18:40:00,0.0014872358854418621,6.19532798012063e-05
2026-04-10 18:45:00,-0.0003633793478776681,0.00013726068640293877
2026-04-10 18:50:00,-0.0006675203337760394,-0.0004835301754248566
2026-04-10 18:55:00,0.0001280341202178903,-0.00039927352524781856
2026-04-10 19:00:00,0.001471605732561443,-0.0004967409349570845
2026-04-10 19:05:00,0.0005332124285057915,0.0005401726080803117
2026-04-10 19:10:00,-0.0005773326761637776,0.0006628511147773649
2026-04-10 19:15:00,-0.0012300382736754045,-0.00012777106753296598
2026-04-10 19:20:00,-0.000644509150932393,-0.0006691507538143937
2026-04-10 19:25:00,-0.0005629578119386025,0.00028054837434754866
2026-04-10 19:30:00,0.0005501358680355395,0.0013690524513693008
2026-04-10 19:35:00,-0.00013651289385485654,-0.00011734989876929742
2026-04-10 19:40:00,0.00032983089637994567,-0.001282947627790158
2026-04-10 19:45:00,-0.0022549582363620146,0.0014086543306785848
2026-04-10 19:50:00,-0.0010233899052245476,-0.0003059694160153822
2026-04-10 19:55:00,0.0006089558695183683,5.4280914790624086e-05
2026-04-10 20:00:00,0.003165586632839279,-0.00021904922823600016
2026-04-10 20:05:00,0.0017456465686809253,0.0008789955032308032
2026-04-10 20:10:00,0.0006127811220135726,-0.00022528183494343424
2026-04-10 20:15:00,0.0006499415281435716,-0.002776052775302124
2026-04-10 20:20:00,0.001510013562453949,-0.0003407767797103276
2026-04-10 20:25:00,0.0003356112981478532,-0.000839685238122539
2026-04-10 20:30:00,-0.001480804351400522,3.493835583089132e-05
2026-04-10 20:35:00,-0.0007903754904496907,0.00038321478067779725
2026-04-10 20:40:00,-0.0006020829734705302,0.00013458393045012685
2026-04-10 20:45:00,0.0006316026023842625,0.0006826963534614207
2026-04-10 20:50:00,-0.0005055808045728583,0.0002637226972899676
2026-04-10 20:55:00,0.00030423356979980554,0.00011079403361254395
2026-04-10 21:00:00,0.00053057352466368,0.00063565302943686
2026-04-10 21:05:00,0.00044265936197263045,0.0007318589799469716
2026-04-10 21:10:00,-0.0007282167511561966,-0.0006249635377628983
2026-04-10 21:15:00,-0.00103624343790365,0.0004989797881139741
2026-04-10 21:20:00,-0.001038775807041148,0.0006844277023794526
2026-04-10 21:25:00,0.00015534143659223787,0.0004777327480719871
2026-04-10 21:30:00,-0.0010499239769661273,0.0013444886006817544
2026-04-10 21:35:00,-0.0006405914663343282,-0.001005487230885293
2026-04-10 21:40:00,-0.0008798870784350044,0.0002518881065262362
2026-04-10 21:45:00,-0.001295023800453876,0.0015939351166019142
2026-04-10 21:50:00,-0.0012403428299574415,0.0004248615458486982
2026-04-10 21:55:00,-0.0013202321153080732,-0.0006811211404946565
2026-04-10 22:00:00,-0.0005407902191958414,-0.0001126842780694847
2026-04-10 22:05:00,-0.001081825232898126,0.0005116764364191443
2026-04-10 22:10:00,-0.0017918265101570796,-0.000144092736786866
2026-04-10 22:15:00,-0.0007959352975301925,-0.0005315787371729325
2026-04-10 22:20:00,0.0003747723512397272,-0.0004354560407407325
2026-04-10 22:25:00,0.0012826090317314964,-0.0011950158753134264
2026-04-10 22:30:00,0.0007580479786213346,-0.00015031381738774474
2026-04-10 22:35:00,-0.0001936850266464063,0.0009214374251853385
2026-04-10 22:40:00,-0.0003010231652691431,-0.0004669671771447363
2026-04-10 22:45:00,-0.016948262997120267,-0.0005116828168915725
2026-04-10 22:50:00,-0.0176213767657476,-0.0007475990828042227
2026-04-10 22:55:00,-0.01551849660203608,0.0013619076031031814
2026-04-13 00:00:00,-0.0002355233446635907,-0.002523417275368858
2026-04-13 00:05:00,-0.001913301456667682,0.011404477680852104
2026-04-13 00:10:00,-0.006216076230252554,0.005139035552568972
2026-04-13 00:15:00,-0.0033482832468312296,0.004020718093200994
2026-04-13 00:20:00,-0.00012238706319678272,-0.0008475523432497955
2026-04-13 00:25:00,0.0022437870079805577,0.0010435660119781024
2026-04-13 00:30:00,0.0010243361233239767,-0.00565655290179082
2026-04-13 00:35:00,-0.0002555581220722303,-0.008961937132316933
2026-04-13 00:40:00,5.79622408380942e-05,-0.0008172331580439513
2026-04-13 00:45:00,5.365745297858382e-05,0.00013253074083500842
2026-04-13 00:50:00,0.00022979051581728527,-0.0013093087290317533
2026-04-13 00:55:00,0.0002747382491552486,-0.0006953002003851037
2026-04-13 01:00:00,-0.0015228434790355294,0.0017866206145396466
2026-04-13 01:05:00,-0.0020678662783115698,0.0011129941652515377
2026-04-13 01:10:00,-0.0013228708221824093,-0.000708503317739093
2026-04-13 01:15:00,0.0006274604390075211,-0.0013254142017160237
2026-04-13 01:20:00,0.0022868697703604113,0.0015884141338819908
2026-04-13 01:25:00,0.0005005773931632262,-0.001324028102907473
2026-04-13 01:30:00,0.001092817678001623,6.764385044768237e-06
2026-04-13 01:35:00,0.001913166035897973,8.300638570133355e-05
2026-04-13 01:40:00,0.0034520944090239425,0.0009252121179897767
2026-04-13 01:45:00,0.0018479855362265596,0.00016098378141338968
2026-04-13 01:50:00,0.0010729442423755842,-0.0037287911779260025
2026-04-13 01:55:00,0.0001219988550733575,0.0014065682504343408
2026-04-13 02:00:00,0.0009933272352586897,0.0015035489264562008
2026-04-13 02:05:00,0.00025682183126640723,0.000606671185192443
2026-04-13 02:10:00,0.00015622241395440994,0.0009915410118395804
2026-04-13 02:15:00,0.001362079037955155,0.0006777169202800159
2026-04-13 02:20:00,0.0008791152945093472,0.0010511375539124027
2026-04-13 02:25:00,0.0011676847808317348,0.0011023159643031816
2026-04-13 02:30:00,0.001573594685392976,0.0011860856036326303
2026-04-13 02:35:00,0.0026966884246188982,0.004074621145863712
2026-04-13 02:40:00,0.0038803353902352455,0.0013236771766704587
2026-04-13 02:45:00,0.003592679236183116,0.002181302033326302
2026-04-13 02:50:00,0.003677789301567813,0.0013862740208650055
2026-04-13 02:55:00,0.0038992700299331773,0.0001309964860678552
2026-04-13 03:00:00,0.0027618550631718364,0.0021379481441693524
2026-04-13 03:05:00,0.0017786989625747651,0.0012551390623506532
2026-04-13 03:10:00,0.00043255072013437257,0.0005042674830383488
2026-04-13 03:15:00,0.0009111598635147544,0.0008174717284170276
2026-04-13 03:20:00,0.00031804930032208745,0.0011541648009361757
2026-04-13 03:25:00,-0.0006255626291444827,0.0007114647589189977
2026-04-13 03:30:00,-0.0013479633173894001,-0.0029826274940429687
2026-04-13 03:35:00,0.0012309571344406578,0.0002817346924492085
2026-04-13 03:40:00,0.0014964573218296806,0.0013044160517743163
2026-04-13 03:45:00,0.0017333671067412126,8.720685198282461e-05
2026-04-13 03:50:00,8.045733648209819e-05,-4.111275702462468e-05
2026-04-13 03:55:00,0.00028589490062991274,0.00012100383810445276
2026-04-13 04:00:00,-0.00022021254834747594,0.0002728797229134784
2026-04-13 04:05:00,-0.0005103785912723424,0.00031023840326737393
2026-04-13 04:10:00,-0.0006396706126388096,-0.0006548853052836486
2026-04-13 04:15:00,0.0005631393685856523,-0.001797873163595648
2026-04-13 04:20:00,-0.0009642885516853994,-0.00124087569778311
2026-04-13 04:25:00,-0.0009433073051141605,-0.0015033804997902377
2026-04-13 04:30:00,-0.0025960417019081916,-0.0007637966395769788
2026-04-13 04:35:00,0.0005765655928868796,-0.00038845094331690965
2026-04-13 04:40:00,0.0011805838796146162,-0.0003893381628354341
2026-04-13 04:45:00,0.0005791303236861722,-0.0019009192901888927
2026-04-13 04:50:00,-0.0009031509130235094,-0.0006748165698652363
2026-04-13 04:55:00,-0.0014563248291050712,-1.537185114617516e-05
2026-04-13 05:00:00,5.089652102263642e-05,-0.0003385720484635627
2026-04-13 05:05:00,0.00046439777033135954,0.0011709039456516183
2026-04-13 05:10:00,0.0010707218005219232,-0.001309750841639203
2026-04-13 05:15:00,0.0012800435775766061,-0.0008682615703660464
2026-04-13 05:20:00,0.0004429913646735173,-0.002011919198467155
2026-04-13 05:25:00,0.0006884725608475861,-0.0004462129238540513
2026-04-13 05:30:00,-0.00016521153468218586,-0.0006289135487666023
2026-04-13 05:35:00,-4.6621429760307365e-05,-0.0002740161692339773
2026-04-13 05:40:00,-0.0008622543930307813,0.00560253490140902
2026-04-13 05:45:00,-0.0012632874704863184,-0.0005297413616517784
2026-04-13 05:50:00,-0.0012914295627908245,0.0013561913623817206
2026-04-13 05:55:00,-0.000714518212978632,-0.000849864460073132
2026-04-13 06:00:00,-0.0005006693374607352,-0.0014653621376102544
2026-04-13 06:05:00,2.334111016644158e-05,-0.0010408084028756
2026-04-13 06:10:00,-0.0004136785522117492,-0.002360150505726499
2026-04-13 06:15:00,0.0001315560536774285,-0.0007484694634635237
2026-04-13 06:20:00,-9.124561947793097e-05,-0.0011096020783653018
2026-04-13 06:25:00,0.0011663465837727927,-0.001130363218886201
2026-04-13 06:30:00,0.001215014160301564,-0.0011463173791921885
2026-04-13 06:35:00,0.0023548648569136077,-0.0010474833344104807
2026-04-13 06:40:00,0.0010972438676564167,-0.0013000076350516798
2026-04-13 06:45:00,0.0006058949953278159,-0.00021528131224927863
2026-04-13 06:50:00,-0.0005527149349386917,-0.0006694432674433646
2026-04-13 06:55:00,-0.0008493055161515883,-0.00025025367505894947
2026-04-13 07:00:00,-0.0009280585809108288,-0.0007801522495461258
2026-04-13 07:05:00,-0.0008052656328203511,0.0006693682879693153
2026-04-13 07:10:00,0.00024152184301051705,-0.0014738844331052452
2026-04-13 07:15:00,0.0010911214525979318,-0.0020227301222420484
2026-04-13 07:20:00,0.001241533474305001,-0.0007760918738956091
2026-04-13 07:25:00,0.00012073905022802478,-0.0012170611560732235
2026-04-13 07:30:00,0.00011222263288246381,-0.0009462582588012982
2026-04-13 07:35:00,-0.00044474094573310197,-0.0006502442846511691
2026-04-13 07:40:00,0.0017818526665962509,-0.0008846199946947826
2026-04-13 07:45:00,0.0006307532630476231,-0.0008217490814644349
2026-04-13 07:50:00,0.0015895680294359948,0.001869916106499354
2026-04-13 07:55:00,-0.0006620044593947938,-0.0011595932610166202
2026-04-13 08:00:00,0.0006049798912357573,-0.001558528796999619
2026-04-13 08:05:00,-0.00023689916032765268,-0.0008788757062831521
2026-04-13 08:10:00,0.001124935625147927,-0.00204591534835774
2026-04-13 08:15:00,0.00020298815549324445,-0.0005327430269542149
2026-04-13 08:20:00,-4.0193818831468775e-05,-0.000984103885454584
2026-04-13 08:25:00,-0.0011376300884577972,0.003335701994476855
2026-04-13 08:30:00,-0.0016462371971339707,-0.0005264195876048923
2026-04-13 08:35:00,-0.00041472529276020964,0.00028163113077622065
2026-04-13 08:40:00,-6.98224288981919e-05,-0.0008306893521616543
2026-04-13 08:45:00,0.0032538849594772046,-0.0009667492846794328
2026-04-13 08:50:00,0.0004358801356332265,-0.0007241223366956803
2026-04-13 08:55:00,0.00041674644332623245,-0.002530086147416665
2026-04-13 09:00:00,-0.001235609793269532,-0.0005482102737859773
2026-04-13 09:05:00,0.0006746047526817733,0.0011463980809011684
2026-04-13 09:10:00,0.0006934871686805621,0.00016843081546908138
2026-04-13 09:15:00,4.438165263209726e-05,-0.003240319593459064
2026-04-13 09:20:00,-0.00017548032498382327,-0.00019650035166574346
2026-04-13 09:25:00,0.00019231521156370945,-0.008933087807429069
2026-04-13 09:30:00,0.0015246866998932518,0.0001943108240940643
2026-04-13 09:35:00,0.0010925510036940977,3.386253071136934e-05
2026-04-13 09:40:00,0.00025777116824343693,-0.001903514577308972
2026-04-13 09:45:00,-0.0005530109687761353,-0.0004452619615572821
2026-04-13 09:50:00,-0.0001647571736462794,1.3052370816825322e-05
2026-04-13 09:55:00,-0.00015211921104807402,0.0006049821494759613
2026-04-13 10:00:00,-0.0007709261950719082,-0.00031211317365694455
2026-04-13 10:05:00,-4.436233891702557e-05,8.978509376962208e-06
2026-04-13 10:10:00,-0.00012889688583861414,0.0006936086287247037
2026-04-13 10:15:00,1.0564648782462882e-05,3.4837596141209116e-05
2026-04-13 10:20:00,-0.0007333199114309963,-2.17232386220579e-05
2026-04-13 10:25:00,-0.002240386478050027,0.0001971314775591872
2026-04-13 10:30:00,-0.0009047383112150698,0.01596141338674653
2026-04-13 10:35:00,-0.001038556774537014,0.0016022949177745625
2026-04-13 10:40:00,0.00041926413407367136,0.00024074028032873985
2026-04-13 10:45:00,-0.00030669753623691065,-0.0012721767727641904
2026-04-13 10:50:00,-0.0015863555597572798,-0.00041797761726159713
2026-04-13 10:55:00,-0.0009213418353173353,0.000878328626912525
2026-04-13 11:00:00,-0.0014713403598776154,-0.00020189181346611591
2026-04-13 11:05:00,0.0006611108173473212,0.0007831185338605994
2026-04-13 11:10:00,-0.0007716147905405535,0.0006617087531407102
2026-04-13 11:15:00,-0.0012401465598141925,-0.0038743435853385894
2026-04-13 11:20:00,-0.0010469607307612705,0.0002376133206746251
2026-04-13 11:25:00,-0.000250266705018376,-0.0011152657540269876
2026-04-13 11:30:00,-0.00013576753225130744,-0.00015073909553944972
2026-04-13 11:35:00,-0.00019085993059597683,0.00020480796972309316
2026-04-13 11:40:00,0.00013150387425220345,0.00011622610588197578
2026-04-13 11:45:00,0.00044541824448351974,0.00014429090948133415
2026-04-13 11:50:00,0.0006508946851120356,-0.004106603469850826
2026-04-13 11:55:00,0.0005894338849170566,9.660625154102271e-05
2026-04-13 12:00:00,-0.0005133089235442867,0.022185191840758022
2026-04-13 12:05:00,-0.0013425368748514188,0.0009897585231750483
2026-04-13 12:10:00,-0.001013702028744845,8.62057809657432e-05
2026-04-13 12:15:00,0.0006278129832626433,0.00015437077175217034
2026-04-13 12:20:00,0.001100886016770275,0.00020271904773531377
2026-04-13 12:25:00,0.0010582134994656656,-6.22704417800481e-05
2026-04-13 12:30:00,0.0010214743601704157,0.0004869573080755168
2026-04-13 12:35:00,0.0006951185160222195,9.552285634250332e-05
2026-04-13 12:40:00,0.0011502520489390378,-0.004583327969383213
2026-04-13 12:45:00,0.0008659521515053115,0.0002993183704385495
2026-04-13 12:50:00,0.0005739561727065023,0.00047311081687688526
2026-04-13 12:55:00,-0.000381152440178667,-0.006707351094136799
2026-04-13 13:00:00,-0.0010438933720582355,0.00017367669555340957
2026-04-13 13:05:00,-0.0005972602453070408,-0.00019199636523275262
2026-04-13 13:10:00,-0.00016732945407937905,0.00018876375094959666
2026-04-13 13:15:00,-0.00012500145674820828,0.0015130734519663521
2026-04-13 13:20:00,-0.001675077784488721,0.0002563103963194584
2026-04-13 13:25:00,-0.0028000349207015773,-0.00025959411295730674
2026-04-13 13:30:00,-0.0023227828672531814,-9.028203781555512e-05
2026-04-13 13:35:00,-0.0009171799907949918,0.0005895752734263235
2026-04-13 13:40:00,-0.00021456834137012493,0.00025256518452612686
2026-04-13 13:45:00,0.0002081037298431454,0.0023347461166533874
2026-04-13 13:50:00,0.0014624183445288708,0.0005583123303594803
2026-04-13 13:55:00,0.0023471250018474166,0.00020712174374582458
2026-04-13 14:00:00,0.0008447111611502578,-0.00010533498172153057
2026-04-13 14:05:00,-0.0014539220775748873,0.0006227370192705358
2026-04-13 14:10:00,-0.0014381807586349993,-0.00015309313632444824
2026-04-13 14:15:00,-8.486010811381561e-06,0.0003702640859986827
2026-04-13 14:20:00,0.0007877150832218405,0.0011950128659958257
2026-04-13 14:25:00,0.001005671306650413,0.0006541502804143935
2026-04-13 14:30:00,0.0016830631475617253,0.0012141886687387477
2026-04-13 14:35:00,0.002558443353152029,0.00018422104443805668
2026-04-13 14:40:00,0.001781838646207845,0.0013249480374876994
2026-04-13 14:45:00,0.0011430362824942364,-0.00017905020498760267
2026-04-13 14:50:00,0.0010684948464607658,4.959973260291626e-05
2026-04-13 14:55:00,0.0022265390125593143,1.8819987099759784e-05
2026-04-13 15:00:00,0.0018198097921278134,-0.00013466838174147752
2026-04-13 15:05:00,0.0004080541056001863,0.001147336125651247
2026-04-13 15:10:00,1.0560543065807337e-05,0.00011664475804222399
2026-04-13 15:15:00,-0.0004097495093873249,-0.0008079325685421024
2026-04-13 15:20:00,-0.0006639657180880221,-0.0001439592607943819
2026-04-13 15:25:00,-0.0016107147698392055,0.0003977268236964814
2026-04-13 15:30:00,0.0012287451878929545,-0.00037101532361556657
2026-04-13 15:35:00,-1.9037365060370348e-05,0.0007628571527795492
2026-04-13 15:40:00,0.0009071388639600997,6.566924126669995e-05
2026-04-13 15:45:00,-0.003191109874222775,0.0010539026079093104
2026-04-13 15:50:00,-0.0005649400880010091,0.0008197857300512022
2026-04-13 15:55:00,-0.0008077152037966329,-0.003099205215086228
2026-04-13 16:00:00,-0.0011987666424797538,-0.0013725607581300868
2026-04-13 16:05:00,-0.0016098185441091317,2.526399158905455e-06
2026-04-13 16:10:00,-0.002564905010466134,-0.0007633760399211298
2026-04-13 16:15:00,0.0001568108906244703,0.00014768143914803476
2026-04-13 16:20:00,0.0003921024264155193,0.0017893361067093752
2026-04-13 16:25:00,0.0013690503558247968,-0.0007016542098957968
2026-04-13 16:30:00,-0.0008882134246270823,-0.0014734776420908622
2026-04-13 16:35:00,-0.0010834248731530494,-0.00010617616514168953
2026-04-13 16:40:00,-0.0005529046168568641,-0.0009272770617110926
2026-04-13 16:45:00,-0.0016492074490503938,-0.00046213869150008393
2026-04-13 16:50:00,-0.0018812883239434086,0.0021530229611664157
2026-04-13 16:55:00,-0.002318746921970316,-0.0007461886865960516
2026-04-13 17:00:00,-0.0001253405706762578,-0.0006803408933403114
2026-04-13 17:05:00,-6.163701538497435e-05,-0.0002514706831505092
2026-04-13 17:10:00,-0.0011156766460374001,-0.0005655700979820021
2026-04-13 17:15:00,0.0005692172567037801,0.0016560084153962758
2026-04-13 17:20:00,0.0024222364977912747,-0.000817325376568987
2026-04-13 17:25:00,0.002013688660770896,7.142873205358833e-05
2026-04-13 17:30:00,0.001169276805089936,-0.0011708121811260705
2026-04-13 17:35:00,-0.0008251516869943742,-0.00029516453169364375
2026-04-13 17:40:00,0.0005452071232614486,-0.00025140508861211787
2026-04-13 17:45:00,-0.000698006255234418,-0.001051075872161229
2026-04-13 17:50:00,0.000920562329168817,-0.0005343264139884196
2026-04-13 17:55:00,0.0010916418421889063,0.0004322847804242536
2026-04-13 18:00:00,0.0029986110195530102,0.0001464293421866731
2026-04-13 18:05:00,0.002073461399525911,0.0008911504159699141
2026-04-13 18:10:00,0.0021226375647280804,-0.00019820564495008175
2026-04-13 18:15:00,0.0016153077141929373,0.0005424415773669163
2026-04-13 18:20:00,0.0019973818753520334,-0.001320800530353629
2026-04-13 18:25:00,0.0019240421368031946,0.0010326680217152215
2026-04-13 18:30:00,0.0008193415739938814,0.001788634195153462
2026-04-13 18:35:00,0.00032089987355021776,0.0005450367875610298
2026-04-13 18:40:00,-0.0012963680290969393,0.0006663751370468286
2026-04-13 18:45:00,0.00015196894796964955,0.0001027445304520667
2026-04-13 18:50:00,-0.0017789125439602316,0.004020063270604588
2026-04-13 18:55:00,-0.00048604317442801914,-0.00014673546866568932
2026-04-13 19:00:00,0.0013139899618721529,0.0009977216089864527
2026-04-13 19:05:00,0.003293351678976819,-0.00040390706934878166
2026-04-13 19:10:00,0.0025923157043798994,7.891655201357613e-05
2026-04-13 19:15:00,-0.000206580648342225,-0.0008534084511122889
2026-04-13 19:20:00,0.00033927414624557173,0.00032433231978207504
2026-04-13 19:25:00,0.00018761864562755193,0.0003484028320952256
2026-04-13 19:30:00,-0.0009955580376228568,-0.0003176080737666448
2026-04-13 19:35:00,-0.003383133793930071,-0.0006857092525108096
2026-04-13 19:40:00,-0.0029109951180004145,-0.0006809992567305282
2026-04-13 19:45:00,-0.0014254567834210974,0.0006316074865196579
2026-04-13 19:50:00,-0.00010359506600643442,-0.0009742832937029741
2026-04-13 19:55:00,-2.325451111140353e-05,-0.001207624442000063
2026-04-13 20:00:00,-0.0014804008244624356,-0.000522304647466796
2026-04-13 20:05:00,-0.00013320942761829713,-0.0007226845747838806
2026-04-13 20:10:00,-0.0006280762991366373,-0.0004910667355551787
2026-04-13 20:15:00,0.0017550912711872257,-0.001201006146242714
2026-04-13 20:20:00,0.0005644325224913871,-0.0013772752995491837
2026-04-13 20:25:00,0.001348714803331319,-0.0013017226808496195
2026-04-13 20:30:00,0.0005681584322125843,-0.0009124051697516926
2026-04-13 20:35:00,0.00162598228238231,0.0003201847119522057
2026-04-13 20:40:00,0.001034613178665822,-0.001437027460325806
2026-04-13 20:45:00,-1.9003799703654067e-05,-0.0005648089083671905
2026-04-13 20:50:00,-0.0010090647797547092,0.0001539738676390478
2026-04-13 20:55:00,-0.000747347899881845,-0.00012166327430918616
2026-04-13 21:00:00,0.00033990231830216544,-0.0034228420705001606
2026-04-13 21:05:00,0.001416202135168021,-0.0018101621939305087
2026-04-13 21:10:00,0.001736618925843203,0.0008891490608986794
2026-04-13 21:15:00,0.0013120786935605366,-0.0002542576502476456
2026-04-13 21:20:00,5.905279321360979e-05,0.000588533459587675
2026-04-13 21:25:00,-0.0003289452905086421,-0.0004198566945943401
2026-04-13 21:30:00,-0.0003963953378463003,-3.629559194718302e-05
2026-04-13 21:35:00,0.0007568323450648506,0.000292344916715043
2026-04-13 21:40:00,-4.639842752318657e-05,0.00022190535733638365
2026-04-13 21:45:00,0.00011598298226367376,-0.0002371440559146884
2026-04-13 21:50:00,-0.0004742708175200505,0.0004898012231879968
2026-04-13 21:55:00,0.0002783582784218197,0.0009722344759038868
2026-04-13 22:00:00,-6.958817509783444e-05,0.0005218438557384397
2026-04-13 22:05:00,-0.00046394905828073263,-0.00029574898607743593
2026-04-13 22:10:00,-0.0006854913395581974,0.00021990206381884114
2026-04-13 22:15:00,-0.0005737597875867806,0.0005288688652906112
2026-04-13 22:20:00,-0.00045150251941805664,0.00027774128248041175
2026-04-13 22:25:00,4.852714831216076e-05,0.0004753556960835375
2026-04-13 22:30:00,-5.908220023798094e-05,-0.004517708605648661
2026-04-13 22:35:00,0.000470486476919163,0.0002013370691429367
2026-04-13 22:40:00,0.00012236235305351784,0.0005978215844518565
2026-04-13 22:45:00,0.0016719432693310665,0.0002362786087935584
2026-04-13 22:50:00,0.0015680954861476692,-0.000544099768805086
2026-04-13 22:55:00,0.0019283929611582096,3.702688961427879e-05
2026-04-14 00:00:00,0.0003980711504691925,0.0001674498117686378
2026-04-14 00:05:00,-0.0002253677769417095,0.0005824914812931792
2026-04-14 00:10:00,-0.00015581932570185586,0.0002037763161461058
2026-04-14 00:15:00,-0.000256937849833605,-0.0005937977403318809
2026-04-14 00:20:00,0.00014112408516453456,-0.00015123245242935026
2026-04-14 00:25:00,0.0006168181013794793,0.0002609903619473267
2026-04-14 00:30:00,0.0008253361818351124,0.00019870052416241216
2026-04-14 00:35:00,0.0016225485141880824,0.0006142554456961659
2026-04-14 00:40:00,0.0013607060945268756,0.000504636840082001
2026-04-14 00:45:00,0.0026965382762664802,0.00037507296034527406
2026-04-14 00:50:00,0.0019683536366255083,0.0015457621933379854
2026-04-14 00:55:00,0.0010040941835232076,0.0005685898949286045
2026-04-14 01:00:00,-0.0007684975202586486,0.00113374234946383
2026-04-14 01:05:00,-0.0013125056353153752,0.00018020555315013693
2026-04-14 01:10:00,-0.0015149305472590413,0.0015788281120500969
2026-04-14 01:15:00,-0.0011160023478318237,-0.00030002276033678685
2026-04-14 01:20:00,0.0002458321483089776,0.0019309711690625219
2026-04-14 01:25:00,0.0008176331762967948,-0.00013095876099942757
2026-04-14 01:30:00,0.000599139149590755,0.0002128077179668666
2026-04-14 01:35:00,-0.00022481849153344058,0.0005849470825894144
2026-04-14 01:40:00,-0.00042029345507366145,0.000613066694717027
2026-04-14 01:45:00,-0.0006180651814027271,0.00040815931236469396
2026-04-14 01:50:00,-0.0005107569086852948,0.0007031641725509325
2026-04-14 01:55:00,0.0004791204449130504,-7.588984381993698e-05
2026-04-14 02:00:00,0.001918118185717077,-0.0003744473359390166
2026-04-14 02:05:00,0.0014244238535017217,0.00035879470363679104
2026-04-14 02:10:00,0.0005670827525694477,0.0003874166807589131
2026-04-14 02:15:00,0.0003693351170550585,6.433403224447801e-05
2026-04-14 02:20:00,0.0017640591769172431,0.000420892820736809
2026-04-14 02:25:00,0.0015672553899914732,0.0011405595362569817
2026-04-14 02:30:00,0.000945799076681908,0.0006365760213194816
2026-04-14 02:35:00,-0.000282962811141374,-0.001464653530458034
2026-04-14 02:40:00,-7.337749264024751e-05,0.0005153615891147814
2026-04-14 02:45:00,-0.00039624594182896544,0.00015688218997048737
2026-04-14 02:50:00,0.0011334650986452033,-0.00015617426072060691
2026-04-14 02:55:00,0.0013660345644161964,-5.446821971546187e-05
2026-04-14 03:00:00,0.000593262194211519,-0.0013382997415838662
2026-04-14 03:05:00,-0.001022366448170331,0.0004940201993774496
2026-04-14 03:10:00,-0.0012004187194243343,0.001536523681506171
2026-04-14 03:15:00,-0.0011155403034397438,0.0002816479907311953
2026-04-14 03:20:00,-0.0005325472447044177,-0.0008888626060492327
2026-04-14 03:25:00,0.0005406810197605694,0.000124509861677399
2026-04-14 03:30:00,0.00026431940006688137,-0.00028371988871878865
2026-04-14 03:35:00,-0.0006188657751824422,-0.00011144236016712747
2026-04-14 03:40:00,-0.001664891726296247,0.0010223832079723672
2026-04-14 03:45:00,-0.00032936107396785985,0.0006781716711754188
2026-04-14 03:50:00,0.0008306606536852001,-0.0006713674934406548
2026-04-14 03:55:00,0.0006188917420253404,0.000552285709313609
2026-04-14 04:00:00,0.0011198045077396301,0.0006355028429369322
2026-04-14 04:05:00,4.6127588918309925e-05,0.0009103222716243651
2026-04-14 04:10:00,0.00011115014193485706,0.000763199234931128
2026-04-14 04:15:00,-0.0008344918156826253,0.0005485221595232989
2026-04-14 04:20:00,-0.0001572618822454075,0.0006994783843143946
2026-04-14 04:25:00,0.0008154222148135659,-0.0006751031045394628
2026-04-14 04:30:00,0.001814863513702747,0.0006059087394706801
2026-04-14 04:35:00,0.0012553087685258646,0.0008338454574693766
2026-04-14 04:40:00,0.0005718660899969308,0.000371661033412277
2026-04-14 04:45:00,-0.0007100450726600371,0.00031047287350128867
2026-04-14 04:50:00,-0.0011630454657698408,0.0007708129823124591
2026-04-14 04:55:00,-0.0012090544342413523,-0.0005291631259847205
2026-04-14 05:00:00,-0.0005931378527712639,0.00023995600485660377
2026-04-14 05:05:00,-0.0001446894264969245,0.00019662468996409102
2026-04-14 05:10:00,-0.00018242799125012255,0.000373637155917717
2026-04-14 05:15:00,-0.00045504731075318716,0.00044679422239096093
2026-04-14 05:20:00,-0.0003481791941464252,0.000991803132585869
2026-04-14 05:25:00,-0.00019504604092190903,0.0006848337687886895
2026-04-14 05:30:00,0.0008051040675418619,0.0023647959399469287
2026-04-14 05:35:00,0.0009959732057343018,0.0006227266436876447
2026-04-14 05:40:00,9.647914065524787e-05,0.0004214373312805469
2026-04-14 05:45:00,-0.0006708750348582981,0.00045265040732869104
2026-04-14 05:50:00,-0.0007337788049142091,-4.47946330226726e-05
2026-04-14 05:55:00,0.00015728298911987793,0.0003348300450411644
2026-04-14 06:00:00,0.0011485990661288525,-0.0006144452837512629
2026-04-14 06:05:00,0.0013497371738715458,0.0009644496761724465
2026-04-14 06:10:00,0.0015233157162004574,0.0004993367401825829
2026-04-14 06:15:00,0.00010473353703055466,0.0001103697364504498
2026-04-14 06:20:00,-0.00027231575389308205,0.00046351726988722573
2026-04-14 06:25:00,-0.0005466180501194629,0.00025093469962126605
2026-04-14 06:30:00,0.00025550380462568967,0.00018106552835146718
2026-04-14 06:35:00,0.0002890712245537941,-0.0007293983063771717
2026-04-14 06:40:00,0.00015082103227825883,0.0003316514127453959
2026-04-14 06:45:00,-0.0006116425935793757,0.0020772478934846265
2026-04-14 06:50:00,-0.001488142297876749,0.000465586105436631
2026-04-14 06:55:00,-0.0017505043720085212,0.0006094490354084415
2026-04-14 07:00:00,-0.001241191787171303,0.0003942296992934665
2026-04-14 07:05:00,-0.0005685937110619932,0.0011478540043566522
2026-04-14 07:10:00,-0.0003021934228772949,0.0011762866964751954
2026-04-14 07:15:00,-0.0009991038282795017,0.0004996613646229738
2026-04-14 07:20:00,-0.0011465627476656692,1.129885819332703e-05
2026-04-14 07:25:00,-0.0007621847564589501,0.00025702173812841274
2026-04-14 07:30:00,0.00043460689231622496,-0.0004249746836193031
2026-04-14 07:35:00,0.0005041455574978926,0.0006303613320447792
2026-04-14 07:40:00,-0.0001281376662412015,-0.0003956122879782946
2026-04-14 07:45:00,0.00014272820795291352,0.00045274006254294026
2026-04-14 07:50:00,0.001638816600086912,0.00042454253160927464
2026-04-14 07:55:00,0.0012009088038862359,0.0002605667380543922
2026-04-14 08:00:00,-0.000119638440182257,0.0008810190332395984
2026-04-14 08:05:00,-0.0009859058230752282,0.0013183073361639473
2026-04-14 08:10:00,0.0003587331095626922,0.0003551279919564086
2026-04-14 08:15:00,0.00026444477246023723,-4.485160663940694e-05
2026-04-14 08:20:00,0.0005916601274105204,0.000339916711805329
2026-04-14 08:25:00,0.00042150427318610184,0.0014416495794566297
2026-04-14 08:30:00,0.0015914872438891337,0.00027281186099338
2026-04-14 08:35:00,0.002367331113491744,-0.0014603025246398755
2026-04-14 08:40:00,0.0025943121881706332,-0.0001248136074200815
2026-04-14 08:45:00,0.002924743345701586,-0.0007710455951073983
2026-04-14 08:50:00,0.002914793008391925,0.00043078089642380576
2026-04-14 08:55:00,0.0017863471453676283,0.0004910686619762169
2026-04-14 09:00:00,-0.0003949055151082348,0.00016861923510852478
2026-04-14 09:05:00,-0.004181560836899578,-4.815782970541259e-05
2026-04-14 09:10:00,-0.003720450117560503,0.000672430896731537
2026-04-14 09:15:00,-0.0025780275219897675,-0.0011373572609025733
2026-04-14 09:20:00,0.0011035390797946576,0.0016908234258420434
2026-04-14 09:25:00,0.0010889164055338796,0.0007983307122652323
2026-04-14 09:30:00,0.0010659162286099644,0.0009039079173557759
2026-04-14 09:35:00,-0.0005505703147221652,0.00046896308209466183
2026-04-14 09:40:00,-0.00033283129842409664,0.0012394687688373892
2026-04-14 09:45:00,4.395250200417422e-05,0.00010989746966220807
2026-04-14 09:50:00,0.0010527275088421106,0.0007001275584749867
2026-04-14 09:55:00,0.0008496515056712894,0.0005539101094636214
2026-04-14 10:00:00,0.00025739729623808216,-0.0008237309734942923
2026-04-14 10:05:00,-0.0006382015071011438,0.0002595066982223889
2026-04-14 10:10:00,0.0012104476266028286,-0.00017595845778002682
2026-04-14 10:15:00,0.0019711812667608797,0.0005513697180154307
2026-04-14 10:20:00,0.0021452505373140696,0.0005062813800983848
2026-04-14 10:25:00,-0.0002820977644173439,1.4468479366359173e-05
2026-04-14 10:30:00,-0.0008398375972049621,-0.0003018291513489422
2026-04-14 10:35:00,-0.0006894909323023057,-0.0011950271147099698
2026-04-14 10:40:00,0.0004763854968032888,-0.00020991064590008973
2026-04-14 10:45:00,0.00024659263439907875,0.005956407408440409
2026-04-14 10:50:00,0.00028212193497090254,0.000344866087417077
2026-04-14 10:55:00,-0.00026323761525048894,0.0005105425666868646
2026-04-14 11:00:00,-0.00010448098037763032,-0.0003309378071132593
2026-04-14 11:05:00,9.193365739434967e-05,-0.001468659339786012
2026-04-14 11:10:00,-0.0014469543304809207,0.00020564909265394931
2026-04-14 11:15:00,-0.002336955595481527,-0.0004511345688040524
2026-04-14 11:20:00,-0.0015117097636725418,7.467386520603766e-05
2026-04-14 11:25:00,-0.00010672258103028298,-0.0005393979878860915
2026-04-14 11:30:00,0.00041046089470242464,0.0008090094687543249
2026-04-14 11:35:00,-0.00032019856770126864,0.0006962018686797297
2026-04-14 11:40:00,7.324221307669632e-05,0.0015940380476981298
2026-04-14 11:45:00,0.0008434288917076316,-0.0009363103707356729
2026-04-14 11:50:00,0.0015372728883598086,0.0001019794736495955
2026-04-14 11:55:00,0.0007530372858290946,0.0003973463387514549
2026-04-14 12:00:00,0.0013985650788317372,-0.0003048489056746303
2026-04-14 12:05:00,-0.00012958349375224998,0.0003245341233729669
2026-04-14 12:10:00,0.0003261401344332171,0.0020774611387206834
2026-04-14 12:15:00,-0.0005077728003488602,0.0005566887342482576
2026-04-14 12:20:00,-0.0043927662380625065,0.0011556329301711254
2026-04-14 12:25:00,-0.0034675434474635836,0.0005640954549206048
2026-04-14 12:30:00,-0.0030478702125904533,0.0008008974991745624
2026-04-14 12:35:00,0.001529288046439703,0.00041983466678469533
2026-04-14 12:40:00,0.00026635487225057375,0.0015696348963073405
2026-04-14 12:45:00,0.00030394786584864164,0.0009581337489873599
2026-04-14 12:50:00,0.0012527339725618702,-0.00013952359741522513
2026-04-14 12:55:00,0.0016657294244666332,-0.010120613020373958
2026-04-14 13:00:00,0.0012441746381615104,0.0007848946503596249
2026-04-14 13:05:00,0.00042280997624111194,0.0024349715463303084
2026-04-14 13:10:00,0.0003453700045952246,7.091304412939028e-05
2026-04-14 13:15:00,-0.0006784488073297013,0.0037324569945521705
2026-04-14 13:20:00,-0.00015487003505043617,0.0001895421450710228
2026-04-14 13:25:00,4.185571498283025e-06,-0.000707024370182397
2026-04-14 13:30:00,0.0002911192928980455,-2.298375892534918e-05
2026-04-14 13:35:00,-0.0009192495467384987,0.0002029337639549452
2026-04-14 13:40:00,-0.0006950449023399585,0.0007020868582689264
2026-04-14 13:45:00,-0.00014240748249605417,0.00019607029772620611
2026-04-14 13:50:00,0.0003707330398068365,0.0004438137147847396
2026-04-14 13:55:00,-0.0010812103064203882,0.00031344482646242174
2026-04-14 14:00:00,-0.0008695443193076358,-1.9154185738738775e-05
2026-04-14 14:05:00,-0.0017837104429414552,0.0004313988144046752
2026-04-14 14:10:00,-0.00032920499388922053,2.423280723529511e-05
2026-04-14 14:15:00,0.00109571143682885,0.00016936939552148175
2026-04-14 14:20:00,0.0014234519745404128,0.0007026288287418769
2026-04-14 14:25:00,0.00016776130960316493,0.0003649867705541517
2026-04-14 14:30:00,-0.0006199874944368133,-0.000276311707364451
2026-04-14 14:35:00,-0.0017927483432664815,-8.686400257474833e-06
2026-04-14 14:40:00,0.0005576040778301206,-0.00011202489608789546
2026-04-14 14:45:00,0.0010240291727487971,-0.0003583310460688185
2026-04-14 14:50:00,0.0025382559616602407,-5.143216827833237e-06
2026-04-14 14:55:00,0.002087204856771052,0.0014728912181560059
2026-04-14 15:00:00,0.002120111106778566,-0.0002169468545368218
2026-04-14 15:05:00,0.0029472649414685748,-0.001814587963973654
2026-04-14 15:10:00,0.0004432577846547048,0.0001802303234552242
2026-04-14 15:15:00,0.0013629425802292872,-0.0009619420202380629
2026-04-14 15:20:00,-0.00035697175605164944,-1.8781991655390557e-05
2026-04-14 15:25:00,0.0018837431484133305,-0.0010351895666936696
2026-04-14 15:30:00,4.171550857634543e-06,-0.00021252033412415565
2026-04-14 15:35:00,0.0006449613403329835,4.144325831553688e-05
2026-04-14 15:40:00,0.000644502613356579,-0.0007954516127555941
2026-04-14 15:45:00,0.00031907206607151295,-0.0004227355156574379
2026-04-14 15:50:00,0.0020302670916905186,-0.0012190741767750413
2026-04-14 15:55:00,-3.5447276870215205e-05,7.064232807919109e-05
2026-04-14 16:00:00,0.0019164596368366205,0.0004025792245042482
2026-04-14 16:05:00,-0.0001832634646508069,0.0010675461590123718
2026-04-14 16:10:00,0.002831819023652926,-0.0007416283326670146
2026-04-14 16:15:00,0.0017673837139966508,1.1865504736701228e-05
2026-04-14 16:20:00,0.0006308682142357469,-0.001001131810008006
2026-04-14 16:25:00,-0.002379439279632578,-5.35978871766446e-05
2026-04-14 16:30:00,-0.002877232853053968,0.0008343267521183195
2026-04-14 16:35:00,-0.0004267814808311954,-0.0005732706423029364
2026-04-14 16:40:00,0.001245592160929121,0.0016300806969068594
2026-04-14 16:45:00,-0.0007211248191847375,-0.0008908806836169958
2026-04-14 16:50:00,-0.0019697170289436627,4.024164939569623e-05
2026-04-14 16:55:00,-0.0019085963446272558,0.00016240988951204236
2026-04-14 17:00:00,0.0008648707765779307,5.0298240528787045e-06
2026-04-14 17:05:00,0.002265360659768234,0.0009956543956094578
2026-04-14 17:10:00,0.0016566869848624322,0.00047396151416338544
2026-04-14 17:15:00,0.0014924863279208722,-0.0001864699565886316
2026-04-14 17:20:00,0.0017096865580139564,-0.000689129506422804
2026-04-14 17:25:00,0.0014543701802356424,0.00017658281871486497
2026-04-14 17:30:00,0.0002454120438901697,5.0037798418317174e-05
2026-04-14 17:35:00,-0.0003242414130415483,0.006366462182742888
2026-04-14 17:40:00,-0.00030775885257661173,-0.0006259937612576512
2026-04-14 17:45:00,0.0006922364814805348,6.672052726021789e-05
2026-04-14 17:50:00,0.00011640644988020199,-0.0002454817882863097
2026-04-14 17:55:00,0.00031607534501176815,-0.0006542917515587651
2026-04-14 18:00:00,0.0007976602390495913,0.0018098532911095522
2026-04-14 18:05:00,0.0012214503123324505,-6.220332762889975e-05
2026-04-14 18:10:00,0.001412799364047146,-0.0004947767752214291
2026-04-14 18:15:00,-5.814122505221064e-05,0.00024133190595383648
2026-04-14 18:20:00,-0.00012249317219570344,0.0007563182716870656
2026-04-14 18:25:00,-0.0002159459479074144,-2.5913799159526932e-05
2026-04-14 18:30:00,-9.344833715374534e-05,0.0009033805502649595
2026-04-14 18:35:00,-0.0005212827827865141,-6.602158679847725e-05
2026-04-14 18:40:00,-0.0011220080964307044,-0.0003475175512658347
2026-04-14 18:45:00,4.15344486626168e-06,-0.0001254010838582046
2026-04-14 18:50:00,0.0032230260439209957,6.6422114232907e-05
2026-04-14 18:55:00,0.003546643903863611,-5.8988827069083195e-05
2026-04-14 19:00:00,0.00255732070914938,0.0010886459530451906
2026-04-14 19:05:00,0.00027536260563465476,-0.0004842017043430709
2026-04-14 19:10:00,-0.000331510718083905,-6.094661208290767e-05
2026-04-14 19:15:00,0.0008820332887182758,-0.00018024011568291563
2026-04-14 19:20:00,0.0015265757409395064,-2.830013564358836e-05
2026-04-14 19:25:00,0.002386495190746629,-8.383881272380767e-05
2026-04-14 19:30:00,0.0012781880428196501,-0.0001448085860091008
2026-04-14 19:35:00,-0.0002852801656594295,-0.0013132253640417003
2026-04-14 19:40:00,-0.0003680552868861042,-8.13189182178578e-05
2026-04-14 19:45:00,-0.00020464841370682052,0.00010894438491736809
2026-04-14 19:50:00,0.0012975744619883045,0.0001369403700008313
2026-04-14 19:55:00,0.0007442414662737207,-0.000689496621150435
2026-04-14 20:00:00,-0.00022950409641531166,0.0001863514953406723
2026-04-14 20:05:00,-0.0016449819372255092,-0.0019198205689414626
2026-04-14 20:10:00,-0.0002748913628050076,0.0019029045478165807
2026-04-14 20:15:00,0.00015714362546148664,0.00019136948976520977
2026-04-14 20:20:00,0.0005065955749188333,-0.0001007414280492292
2026-04-14 20:25:00,-0.0006348123432946551,0.001589765500224508
2026-04-14 20:30:00,-0.0007011339421989504,-0.0007154032590399663
2026-04-14 20:35:00,-0.0006886190978239171,0.00026616285561920756
2026-04-14 20:40:00,0.00045288778773233673,-0.00010709783409354229
2026-04-14 20:45:00,0.0016186903308916811,-0.000224881975559386
2026-04-14 20:50:00,0.0015482103077086862,-0.00013287957642213813
2026-04-14 20:55:00,0.0009919139170797564,-0.0003598715594949415
2026-04-14 21:00:00,-0.0002003852775160908,0.00010380213920095139
2026-04-14 21:05:00,-0.0003367229452724274,1.3633575251889617e-05
2026-04-14 21:10:00,-0.00026234818298753737,-0.0009653297202238135
2026-04-14 21:15:00,-8.471100638729467e-05,-0.000296545970415149
2026-04-14 21:20:00,0.0004296632993181504,-0.00017084875977890974
2026-04-14 21:25:00,0.0002706099999674194,-0.00022365556342030662
2026-04-14 21:30:00,0.0006754223970304452,0.0001557891469276733
2026-04-14 21:35:00,-6.195754874482873e-06,0.0007624674860486637
2026-04-14 21:40:00,0.000780433861715224,0.0001911789628356301
2026-04-14 21:45:00,8.258917054071446e-05,0.005319623854569968
2026-04-14 21:50:00,0.0003530967759299841,0.00019592295439376818
2026-04-14 21:55:00,-0.0005098970717085649,-0.005420580079950462
2026-04-14 22:00:00,-0.0005100971463587456,9.8459356582349e-05
2026-04-14 22:05:00,-0.0004212526132469918,0.000631982259876156
2026-04-14 22:10:00,-0.0004956957190760392,-0.0002227745627926261
2026-04-14 22:15:00,-0.0001342793487602023,-0.0008312559530030488
2026-04-14 22:20:00,-0.0003077917823226528,3.6167899657971636e-05
2026-04-14 22:25:00,0.00044200721563036893,0.0001606864561554525
2026-04-14 22:30:00,0.00021070723340876896,-0.0005999356863730297
2026-04-14 22:35:00,0.00035942541896361035,0.0003984910192549742
2026-04-14 22:40:00,-0.00017967095481452589,0.00030610434969457865
2026-04-14 22:45:00,0.001490208657269676,0.0002468539371065778
2026-04-14 22:50:00,0.001238408143528602,0.001005777221150912
2026-04-14 22:55:00,0.0006772116483197976,0.0004384595626580578
2026-04-15 00:00:00,-0.002337438679225201,0.00037569202277450316
2026-04-15 00:05:00,-0.0011206934198622065,0.0008609948992511019
2026-04-15 00:10:00,-0.0009932630330560244,0.0002955746388505232
2026-04-15 00:15:00,0.00037204303726845467,0.001340820126624825
2026-04-15 00:20:00,-0.0005143294569052159,0.0004407759640952915
2026-04-15 00:25:00,4.75173722573885e-05,0.0022489108405924566
2026-04-15 00:30:00,-0.00022320921202734212,0.00012365615020124604
2026-04-15 00:35:00,-0.0007585505228675515,0.0005538890887067521
2026-04-15 00:40:00,-0.0010810621919432606,-0.0015670027916477825
2026-04-15 00:45:00,-0.00010542167127880475,0.00012918933619879527
2026-04-15 00:50:00,0.000626310647806605,0.00025698669686429235
2026-04-15 00:55:00,0.0004238825846698546,0.000359550406470809
2026-04-15 01:00:00,0.00013229208457943287,0.00026553702329669014
2026-04-15 01:05:00,-0.00021079345212982048,0.00022702127553282433
2026-04-15 01:10:00,-0.00031427620588253546,8.228978102828906e-05
2026-04-15 01:15:00,0.0006797879075630675,0.0005016980057171376
2026-04-15 01:20:00,0.000830516786161084,0.0007195414226704976
2026-04-15 01:25:00,0.001386620268648997,0.0007045558273430278
2026-04-15 01:30:00,1.0327559195388858e-05,0.00043555912222663796
2026-04-15 01:35:00,-0.0007602473649050978,-0.00019177891462411237
2026-04-15 01:40:00,-0.0010454697611095298,6.323568062524017e-05
2026-04-15 01:45:00,-0.0006074418003425563,0.0005561554961771894
2026-04-15 01:50:00,-0.0008021915972644678,0.0003151690803697957
2026-04-15 01:55:00,-0.0008065433850852344,0.0002217805079830167
2026-04-15 02:00:00,-0.001141500700903464,0.000258142325702973
2026-04-15 02:05:00,0.0002233550838077747,-0.001227357321893361
2026-04-15 02:10:00,6.206489921645186e-05,0.0002593390043455222
2026-04-15 02:15:00,-0.00042218893167600413,-0.00014215420289583676
2026-04-15 02:20:00,-0.0013160319816272192,2.5531449441716262e-05
2026-04-15 02:25:00,-0.0007450331470462146,0.00040812195644252187
2026-04-15 02:30:00,-0.000169753629926106,-0.00013008538725476363
2026-04-15 02:35:00,0.00031468090167408036,-0.00022473809067467056
2026-04-15 02:40:00,0.0012124649487770256,0.00014212799736140356
2026-04-15 02:45:00,0.0009870657945061367,-1.250126841240856e-07
2026-04-15 02:50:00,0.0019810422042674247,0.00017454602639140803
2026-04-15 02:55:00,0.0028701178692305263,0.00032776771711393623
2026-04-15 03:00:00,0.006074721441050812,0.0005276614234289191
2026-04-15 03:05:00,0.0007372354830579297,0.00028856072975655736
2026-04-15 03:10:00,0.00016699774179507187,-0.003127754330254125
2026-04-15 03:15:00,-0.003251345664688543,-0.00034032903597930184
2026-04-15 03:20:00,0.0003054733415712718,-0.001377847848006444
2026-04-15 03:25:00,-0.0015081138750563383,-0.00011231230587082521
2026-04-15 03:30:00,-0.0008335844197997488,0.001014911808915125
2026-04-15 03:35:00,-0.00017955748416120798,-0.0020426305961270238
2026-04-15 03:40:00,0.000716173476675408,0.00017450865350655684
2026-04-15 03:45:00,0.0008067719759381475,-4.453631440927579e-05
2026-04-15 03:50:00,0.001270656064559006,-0.0001918731234344911
2026-04-15 03:55:00,-0.0002992031931832173,-0.0006365058015268728
2026-04-15 04:00:00,-0.0011949146356240448,0.0007161744847300122
2026-04-15 04:05:00,-0.0028385094082867823,0.0003404637090712803
2026-04-15 04:10:00,-0.0021569097625881994,-0.0007288908352898838
2026-04-15 04:15:00,-0.0031520061173750946,3.349910845186366e-05
2026-04-15 04:20:00,-0.0015392575709061163,0.0016494386439358504
2026-04-15 04:25:00,-0.0013473283651492807,0.0010375020600102785
2026-04-15 04:30:00,6.007194134660665e-05,0.00035328403322352987
2026-04-15 04:35:00,-0.001174656154557141,-2.1779540877490998e-05
2026-04-15 04:40:00,-0.0008909369515937016,0.00032737777656783814
2026-04-15 04:45:00,-0.0021046680580401045,-0.0005053934439829916
2026-04-15 04:50:00,-0.001016247603876863,7.996382928644047e-05
2026-04-15 04:55:00,-0.0006614641407249877,-0.0009343730552410752
2026-04-15 05:00:00,0.0017586870794001896,-0.0013242601847158518
2026-04-15 05:05:00,0.000723922988788317,-0.0011311681723248559
2026-04-15 05:10:00,0.001121535356258363,-0.00045095104728771953
2026-04-15 05:15:00,4.972918316603625e-05,-0.00032854894087261963
2026-04-15 05:20:00,0.0010859384486288093,0.01395379829543493
2026-04-15 05:25:00,0.00040808421601568057,-0.00031522558327188796
2026-04-15 05:30:00,0.00014710102241011214,6.635037515306753e-05
2026-04-15 05:35:00,-0.00022579465832528456,-0.0004715976463081328
2026-04-15 05:40:00,-0.0009427815237668113,-0.0007576865927500604
2026-04-15 05:45:00,-0.0011338586503431003,-5.922347654912526e-05
2026-04-15 05:50:00,-0.000688055834274337,0.0004977875875382689
2026-04-15 05:55:00,0.0003378458936698081,0.00040422013754413933
2026-04-15 06:00:00,0.0003276451673670522,-0.00014885350389529344
2026-04-15 06:05:00,0.00010158019402339846,-0.0008645947776071649
2026-04-15 06:10:00,-0.00013678274569173254,-0.0003117320589139946
2026-04-15 06:15:00,0.0008269301984658028,-0.0007154213008887676
2026-04-15 06:20:00,0.0002404344413182713,-2.6220532908620094e-05
2026-04-15 06:25:00,-0.00028606075876780324,0.004663929024402283
2026-04-15 06:30:00,-0.0002465567533302959,9.31724001559819e-05
2026-04-15 06:35:00,4.559311461882487e-05,8.15356512210313e-05
2026-04-15 06:40:00,0.00032336699948487535,-5.432142642640956e-05
2026-04-15 06:45:00,-0.0001761491926028924,-0.0014225252488521754
2026-04-15 06:50:00,8.289433873542862e-06,0.0001199997714849357
2026-04-15 06:55:00,0.00041027681827721096,-0.0001277688642214726
2026-04-15 07:00:00,0.0010667816626259707,0.0001600209811141981
2026-04-15 07:05:00,-7.667988534976189e-05,0.00011402839219659162
2026-04-15 07:10:00,-0.00017196423600651656,-0.00031479774093670014
2026-04-15 07:15:00,-0.0006254310396958118,0.00023482742988465414
2026-04-15 07:20:00,-0.0010409410050442602,-1.2307285639846983e-05
2026-04-15 07:25:00,-0.0019122447526420672,-6.19843141390942e-05
2026-04-15 07:30:00,-0.0020031817047474476,-6.428082690562752e-05
2026-04-15 07:35:00,0.0002945593662140311,4.898624378000345e-05
2026-04-15 07:40:00,0.0005728125876540702,-0.0011326179267693098
2026-04-15 07:45:00,0.0007884799346129512,0.0002968962808727674
2026-04-15 07:50:00,-0.000798830637485537,0.0006007276254206047
2026-04-15 07:55:00,-6.017140552927458e-05,4.082352076433091e-05
2026-04-15 08:00:00,-0.0009504027476072707,-0.000773731505342942
2026-04-15 08:05:00,-0.0005003721752139256,0.0006222665778796849
2026-04-15 08:10:00,-0.0009881587836790828,-0.00026259028887239155
2026-04-15 08:15:00,-0.0006001734245177914,-0.0013450176397463865
2026-04-15 08:20:00,0.00016612641012159202,0.0002012677200144465
2026-04-15 08:25:00,0.00030942361273744723,-0.00014087258945484269
2026-04-15 08:30:00,0.0013721851343504454,7.836382106537061e-05
2026-04-15 08:35:00,-0.0002928163449826826,0.0006284213787797555
2026-04-15 08:40:00,-0.0009036192119804554,-0.002272628732682452
2026-04-15 08:45:00,-0.002251289626704178,-4.868352277005521e-06
2026-04-15 08:50:00,-0.001026572522736302,-0.00011007939335152769
2026-04-15 08:55:00,0.0008662442623279532,-2.6978391522736254e-05
2026-04-15 09:00:00,0.0007939295981209682,0.0001826052632918963
2026-04-15 09:05:00,0.00010187311400500221,0.0008064937525917462
2026-04-15 09:10:00,-0.0006335102181047603,0.0005718104682898382
2026-04-15 09:15:00,-0.00033661568572895817,9.12787011847204e-05
2026-04-15 09:20:00,0.0007086664379354346,-0.0011321934070268856
2026-04-15 09:25:00,-0.0005195701401472519,0.0001198928072994781
2026-04-15 09:30:00,-0.0007629993519806533,-0.00029480952051059067
2026-04-15 09:35:00,-0.0006982718057226833,-0.00032052014244700767
2026-04-15 09:40:00,0.00024319243188664075,-0.001984626003638534
2026-04-15 09:45:00,0.0006777885226725289,-0.0002809553507073477
2026-04-15 09:50:00,-0.0002973291341028528,0.000939583755059012
2026-04-15 09:55:00,1.2469812661564106e-05,-0.00017112060971855657
2026-04-15 10:00:00,5.403697793227025e-05,-8.3831679607215e-05
2026-04-15 10:05:00,0.0003077236582686993,1.945017444306344e-05
2026-04-15 10:10:00,-0.00040119027246454664,-0.0004095087074997078
2026-04-15 10:15:00,-0.0004136650889279281,-0.000966077006903661
2026-04-15 10:20:00,-6.652682176877533e-05,-2.075913169414163e-05
2026-04-15 10:25:00,0.00011226634578598294,-0.0005656540767562886
2026-04-15 10:30:00,0.0004074302020331544,6.785053728919946e-05
2026-04-15 10:35:00,0.0009912070158630826,-0.0008104594392421447
2026-04-15 10:40:00,0.0017198409024850037,7.395056370063907e-05
2026-04-15 10:45:00,0.0007479090060318327,-0.0009652378659264415
2026-04-15 10:50:00,-0.0017545031192440774,-8.346556883044156e-05
2026-04-15 10:55:00,-0.0027764749145813283,-0.0018575910928689892
2026-04-15 11:00:00,-0.001850016221602857,-0.000358825852768629
2026-04-15 11:05:00,-0.00037250032426250357,-0.002334040287187976
2026-04-15 11:10:00,-0.0015286860652992118,-0.004135427706553205
2026-04-15 11:15:00,-0.001611677721868432,-0.00017823913892572892
2026-04-15 11:20:00,-0.0016394009756499628,0.0006020045320280825
2026-04-15 11:25:00,-0.0004211114485705991,-5.276947188818113e-05
2026-04-15 11:30:00,-0.0006545744353498861,0.0009057094217149874
2026-04-15 11:35:00,0.0004189590492345019,9.689943687631129e-05
2026-04-15 11:40:00,0.0005857553232004875,-0.0003983838671690143
2026-04-15 11:45:00,6.464265645966805e-05,0.00010852371975684789
2026-04-15 11:50:00,0.0006437292351400004,0.00032453336654663116
2026-04-15 11:55:00,0.0005645851126594437,-0.00012648827815050346
2026-04-15 12:00:00,-0.00012094772987403246,0.0021485130499404185
2026-04-15 12:05:00,-0.0014630519533831432,-2.7180310673526883e-05
2026-04-15 12:10:00,-0.0012546033285829594,0.0010183447781180292
2026-04-15 12:15:00,-0.00017310582127194607,-0.0004093961243991182
2026-04-15 12:20:00,0.00033990234912018025,0.00039499495386573636
2026-04-15 12:25:00,0.001012974918571885,0.0015933630871214554
2026-04-15 12:30:00,0.0013881740656405128,4.507832021839828e-06
2026-04-15 12:35:00,0.0014396540650380985,-0.0026898579495712805
2026-04-15 12:40:00,-3.541596572986805e-05,1.4439644137481759e-05
2026-04-15 12:45:00,-0.0004750138635039036,0.002918341866986535
2026-04-15 12:50:00,-0.0008643771971872383,-0.00040193273884773855
2026-04-15 12:55:00,0.0005248611425425764,-0.0007795422585919121
2026-04-15 13:00:00,0.0012224953127741855,-0.00026757150354523776
2026-04-15 13:05:00,0.0015074887971291417,-0.0006204330567992966
2026-04-15 13:10:00,0.0005786940826606468,-0.000261989118185384
2026-04-15 13:15:00,-0.00029767635722421915,-5.246742385762895e-05
2026-04-15 13:20:00,-0.0004890601506168935,-0.00036274813101787263
2026-04-15 13:25:00,0.000141500109483772,-0.001836856869061669
2026-04-15 13:30:00,0.001267112163302997,-0.0011481888888268152
2026-04-15 13:35:00,0.002125151816537496,-0.0001074751246230507
2026-04-15 13:40:00,0.0013494871814163645,-0.0009287317676315166
2026-04-15 13:45:00,4.7823361306598144e-05,-0.00016482551539062694
2026-04-15 13:50:00,-0.00015164687496316276,-0.0012464064891141873
2026-04-15 13:55:00,0.0003012545717382409,0.0025758456948897666
2026-04-15 14:00:00,0.0009019775532799201,-8.485208274659905e-05
2026-04-15 14:05:00,-7.894857128043498e-05,0.000833387876760998
2026-04-15 14:10:00,-0.0004342509810317807,0.0007718361381712885
2026-04-15 14:15:00,-0.00021606797915119103,-0.0004481280626967969
2026-04-15 14:20:00,3.947506474943907e-05,-0.001604647411445512
2026-04-15 14:25:00,-2.0782286842546682e-05,-0.0003613724737213936
2026-04-15 14:30:00,-0.0003325034631771473,-0.0004512623549421678
2026-04-15 14:35:00,-6.440748749625413e-05,2.817507792559487e-05
2026-04-15 14:40:00,1.662586402595423e-05,-0.0005164088609918893
2026-04-15 14:45:00,0.00016626555140675237,0.0003569935948163918
2026-04-15 14:50:00,0.00021606034815846442,-0.00023969146082992773
2026-04-15 14:55:00,0.00047579819159437875,0.0005518270805566024
2026-04-15 15:00:00,0.00030751841197229624,-0.0001806005244885768
2026-04-15 15:05:00,0.000749616661224195,0.00916404000468257
2026-04-15 15:10:00,0.0016127043892790738,-0.00017218174346443003
2026-04-15 15:15:00,0.0012830762366906612,-0.001426417546821934
2026-04-15 15:20:00,0.0011741692442956975,0.0001945688794208865
2026-04-15 15:25:00,-0.00021155812638440352,-0.0006060683574974036
2026-04-15 15:30:00,0.0012130475623131076,-6.929949101115479e-05
2026-04-15 15:35:00,0.000623864602239621,0.0007034252473169197
2026-04-15 15:40:00,0.0017367700037169698,0.0006889926344629449
2026-04-15 15:45:00,0.00021342704864935058,0.000253836980865781
2026-04-15 15:50:00,-0.0002652503419255936,0.00018121204994227047
2026-04-15 15:55:00,-0.00010768319614129496,6.871785289471588e-05
2026-04-15 16:00:00,-0.00035850055972375117,-0.0003976291715390847
2026-04-15 16:05:00,0.00011398337720258667,0.0004716842544092496
2026-04-15 16:10:00,-0.0006442705206008981,-0.0003221666410314202
2026-04-15 16:15:00,-0.0011696465641612974,7.299839908440269e-05
2026-04-15 16:20:00,-0.0017214956785878144,4.3450013035126796e-05
2026-04-15 16:25:00,-0.001256588962215588,-7.625638279535382e-05
2026-04-15 16:30:00,-0.0004836046698812879,-0.0008292392986478949
2026-04-15 16:35:00,-0.0005170271263725823,0.0011311394402969224
2026-04-15 16:40:00,-0.0007285490883806034,0.00010383806928005758
2026-04-15 16:45:00,-0.0013357973818184377,0.00012913875216060723
2026-04-15 16:50:00,-0.001565168367228864,0.00013753813080668318
2026-04-15 16:55:00,-0.001227902840396311,-0.000404269284615368
2026-04-15 17:00:00,-0.00022869783710000036,8.571446269775899e-05
2026-04-15 17:05:00,-0.00042028958987216924,0.0005113550381693644
2026-04-15 17:10:00,-0.002533283203725034,1.131617286769253e-05
2026-04-15 17:15:00,-0.002886083013464713,0.0005145454854184849
2026-04-15 17:20:00,-0.0008015364946043491,-0.00033260822952977276
2026-04-15 17:25:00,0.0012060353211698072,-0.0008447710207664957
2026-04-15 17:30:00,0.0015606852261704773,-0.0002382493546357516
2026-04-15 17:35:00,0.0008202660286880104,0.00020574998707110223
2026-04-15 17:40:00,-0.0004164280940930354,-0.0005632783289190744
2026-04-15 17:45:00,0.000295609780589956,-0.00082094903670118
2026-04-15 17:50:00,0.00042860234681185716,-0.0003220407541753926
2026-04-15 17:55:00,0.0013839536451367707,0.00015536149696226682
2026-04-15 18:00:00,0.0005763958771449751,0.0027687475600582535
2026-04-15 18:05:00,0.00015599893952433774,0.0002118029336075232
2026-04-15 18:10:00,0.0006756721895726514,0.0003920452084954693
2026-04-15 18:15:00,0.0005261652966694896,0.00032555359134539574
2026-04-15 18:20:00,-0.00018304123054768695,-1.276219637019716e-05
2026-04-15 18:25:00,-0.0014683496394596318,0.0003296734363788772
2026-04-15 18:30:00,-0.0007966346250150025,0.0002559657635462522
2026-04-15 18:35:00,-0.0009989969237551577,0.0002682159450826502
2026-04-15 18:40:00,-4.9953480830922103e-05,0.00030523690568119103
2026-04-15 18:45:00,-0.0010326170470786877,0.0002488485844656101
2026-04-15 18:50:00,0.00013117525761963122,-0.0008164078683592971
2026-04-15 18:55:00,-0.0012704894133932498,-0.0010151732685013935
2026-04-15 19:00:00,9.78945385003982e-05,-0.00010729626372196505
2026-04-15 19:05:00,0.0007076331009674419,0.0014904613822911733
2026-04-15 19:10:00,0.0007374969605233872,0.00022449944241455136
2026-04-15 19:15:00,-0.00016038542526608524,0.001566613153855917
2026-04-15 19:20:00,-0.0019367743152773897,0.00012930766696964027
2026-04-15 19:25:00,-0.001700811838789562,7.78314605135084e-06
2026-04-15 19:30:00,-0.0012005829271011237,0.0003341735742333194
2026-04-15 19:35:00,-0.0007695027077687655,0.00010551576033479061
2026-04-15 19:40:00,-0.00014186498232682254,-0.00013354252651943
2026-04-15 19:45:00,0.00021896371858609598,0.00200521823290595
2026-04-15 19:50:00,0.00012516271168827586,-0.0006272943864309502
2026-04-15 19:55:00,0.0008613112274566959,0.0031472583917628305
2026-04-15 20:00:00,-9.17503889610316e-05,5.4785192711007645e-05
2026-04-15 20:05:00,0.00012931834648988172,-0.000191437388804205
2026-04-15 20:10:00,-0.00041283629542476774,-0.00031968136546424355
2026-04-15 20:15:00,0.0005128600817485562,1.8879762478860506e-05
2026-04-15 20:20:00,0.00044414372219847564,-0.00039633782593602625
2026-04-15 20:25:00,0.00043159753262500544,0.0004588153418078917
2026-04-15 20:30:00,0.00018131440488389217,-0.000626604237239356
2026-04-15 20:35:00,0.0001209063810865274,0.0003044297089875661
2026-04-15 20:40:00,0.0005730904003744541,3.183774168174082e-05
2026-04-15 20:45:00,0.0005645733506778328,-8.737219207421293e-08
2026-04-15 20:50:00,0.0009521478736065347,-0.0004897930437137033
2026-04-15 20:55:00,-0.0001833531971104918,4.899261853204577e-05
2026-04-15 21:00:00,-1.8744552365390632e-05,0.0004174149373571105
2026-04-15 21:05:00,-0.00010829497896658324,0.0014422132285929134
2026-04-15 21:10:00,0.0008060863073762192,0.0004753620793306149
2026-04-15 21:15:00,2.0827258717659447e-05,0.00047912329610778133
2026-04-15 21:20:00,-0.0006395960138085854,0.00030333174278573234
2026-04-15 21:25:00,-0.0011979080751700621,-0.00021208753275409297
2026-04-15 21:30:00,-0.0003187045209074313,0.000695963556263376
2026-04-15 21:35:00,0.00027297211582322234,0.00022492435349609464
2026-04-15 21:40:00,-0.00020222341586695336,-3.7607211015340666e-06
2026-04-15 21:45:00,-0.0012007406008827104,-0.0005153172368568558
2026-04-15 21:50:00,-0.0011507385174525098,-0.0002256772298669643
2026-04-15 21:55:00,-0.0004713184072429044,-0.0005608582675477364
2026-04-15 22:00:00,3.963076641255725e-05,-0.00025683514593787004
2026-04-15 22:05:00,0.0001022024631698315,-0.00017111917884587828
2026-04-15 22:10:00,-2.294594665208649e-05,0.00040025330404083086
2026-04-15 22:15:00,-0.0004297647625666201,-0.00024058495123133856
2026-04-15 22:20:00,-0.0006509371011542697,-0.0005041588234287674
2026-04-15 22:25:00,-0.0005696454267845041,-0.00022847885065100846
2026-04-15 22:30:00,-0.0006345535481777631,-9.394195773664059e-05
2026-04-15 22:35:00,-0.0006805987861628893,-0.0004470092623793196
2026-04-15 22:40:00,-1.0436093019094983e-05,-0.0006599103747386872
2026-04-15 22:45:00,0.0018649405036406108,-0.00039596297270038164
2026-04-15 22:50:00,0.001556761583183075,7.970355792924434e-05
2026-04-15 22:55:00,0.0002212218551154166,-0.0008205608241274827
2026-04-16 00:00:00,-0.0001917573525016536,-0.00013855403152039175
2026-04-16 00:05:00,0.001060797990385609,-0.0009584916074249042
2026-04-16 00:10:00,0.001924234157748117,-7.100805354364397e-06
2026-04-16 00:15:00,0.0007751405330260752,2.1302108596232654e-05
2026-04-16 00:20:00,0.00029157433685966794,-0.0008168297302476691
2026-04-16 00:25:00,3.1240855543401835e-05,1.6877661306892975e-05
2026-04-16 00:30:00,0.000620512754995417,-0.0007392099007052411
2026-04-16 00:35:00,0.0016915355494990791,-0.0003570773579360568
2026-04-16 00:40:00,0.0012862755360139033,-6.887844972667102e-05
2026-04-16 00:45:00,0.0011941318375647825,-0.00022918823342371174
2026-04-16 00:50:00,-3.53410882816263e-05,-7.860208611864107e-05
2026-04-16 00:55:00,0.0010810227526985017,-6.928682365592764e-05
2026-04-16 01:00:00,0.0006360106964429235,-2.5248900987842344e-06
2026-04-16 01:05:00,0.0010949933721882132,0.0001475180135687166
2026-04-16 01:10:00,0.00045908103586533855,0.0002876190731329742
2026-04-16 01:15:00,0.001561290291471451,0.0003231383517329412
2026-04-16 01:20:00,0.0012887682841693504,0.021127966554990774
2026-04-16 01:25:00,0.0017056847830776434,7.177969299808969e-05
2026-04-16 01:30:00,0.0009745700222278941,0.00017651674259258642
2026-04-16 01:35:00,0.0004064164082286936,0.00036973303522868425
2026-04-16 01:40:00,0.00012024264150234387,0.00027399694938442577
2026-04-16 01:45:00,0.0009156447441185378,-0.00023197352075070353
2026-04-16 01:50:00,0.0014439298940054357,0.0004166877294276085
2026-04-16 01:55:00,0.001220266517544033,0.0006321727958207542
2026-04-16 02:00:00,6.418797554452738e-05,0.00011984264212279785
2026-04-16 02:05:00,-0.000480387963925466,0.0005339642734761875
2026-04-16 02:10:00,-0.0009611720409221647,0.0002388552383681779
2026-04-16 02:15:00,-0.001477366826559745,-0.0005384756510796145
2026-04-16 02:20:00,-4.5566012733644357e-05,-0.00017534689599049637
2026-04-16 02:25:00,0.0015552279803738855,-0.0008199398777988132
2026-04-16 02:30:00,0.002772668951653401,-0.0006887585384481209
2026-04-16 02:35:00,0.0011261145893701752,-0.000786409030823464
2026-04-16 02:40:00,-6.001053290205505e-05,-0.0013427865423650712
2026-04-16 02:45:00,-0.001280808636293429,-0.0001907836145947651
2026-04-16 02:50:00,-0.0005794594219779015,6.9005446204420656e-06
2026-04-16 02:55:00,-0.0004843547309949514,0.00023556606566610774
2026-04-16 03:00:00,-0.0006607024190294908,-0.0001290150446816023
2026-04-16 03:05:00,-0.0010791028959875604,5.5789759527542305e-05
2026-04-16 03:10:00,-0.001298979955238977,-0.0006499490688920147
2026-04-16 03:15:00,-0.0010095012118327418,0.003245399478677545
2026-04-16 03:20:00,-0.002579232910168372,0.0017980724918987077
2026-04-16 03:25:00,-0.0016619209277752844,-0.0004909795505581805
2026-04-16 03:30:00,-0.0003152892493805126,-0.0011609379196285607
2026-04-16 03:35:00,0.0015549761842059695,-9.221984309208588e-05
2026-04-16 03:40:00,0.0005688081546910695,-0.0003963475252547992
2026-04-16 03:45:00,0.00014106274203662394,-0.0018189245082633624
2026-04-16 03:50:00,0.0004148052341541586,-0.0009999013127168495
2026-04-16 03:55:00,0.0006058192022493358,-0.0014563282885370309
2026-04-16 04:00:00,0.0003629376419649333,-8.209813203025919e-05
2026-04-16 04:05:00,-7.879975534663686e-05,0.0004159988406536607
2026-04-16 04:10:00,-0.00047300550232165506,-0.0007217794046595813
2026-04-16 04:15:00,-0.0016685278908212808,0.0003786300610966638
2026-04-16 04:20:00,-0.0010187346372116934,0.00012842850751727006
2026-04-16 04:25:00,-0.0002760232333613999,0.0010222983060423694
2026-04-16 04:30:00,0.0005938501388182971,0.00010072951199029069
2026-04-16 04:35:00,0.00025945048533060344,0.000348725144441524
2026-04-16 04:40:00,0.0003714721858809611,-0.0005360883766786322
2026-04-16 04:45:00,0.0010891925181866213,0.00021544611791567234
2026-04-16 04:50:00,0.0015407860225877812,-0.0003886487673442928
2026-04-16 04:55:00,0.0014803667543556998,-0.00029346294600365516
2026-04-16 05:00:00,0.00023842671653184766,-7.924162640069528e-05
2026-04-16 05:05:00,-0.0003647630634944221,9.910207591040025e-05
2026-04-16 05:10:00,-0.0005782018085334073,-0.0002530334406276552
2026-04-16 05:15:00,-0.00016170930921077797,0.0001031341562989542
2026-04-16 05:20:00,-0.0009726608430948858,-0.00017604750441935126
2026-04-16 05:25:00,-0.000682252038744835,-0.00030307667565788684
2026-04-16 05:30:00,0.00035240976083628084,-8.628715453605821e-05
2026-04-16 05:35:00,0.001457600773930423,0.00012427265649825802
2026-04-16 05:40:00,0.0007237113226246095,0.0007163161426040843
2026-04-16 05:45:00,4.559689444505466e-05,0.00011164300193147183
2026-04-16 05:50:00,-0.00045384698261052847,0.00033181190250970347
2026-04-16 05:55:00,0.0006092532070631762,-1.6867670619303524e-05
2026-04-16 06:00:00,0.00047242724877527564,0.000526941248356659
2026-04-16 06:05:00,0.0004911403153951,0.0004606802123417775
2026-04-16 06:10:00,-0.00010358829875833919,0.00026354189753704745
2026-04-16 06:15:00,7.043055860478376e-05,-0.00025678416242061334
2026-04-16 06:20:00,0.0006337739586079749,-0.0004018879963809894
2026-04-16 06:25:00,0.0008242657667398845,0.0001340778115225817
2026-04-16 06:30:00,0.0006025998950232037,0.0005570104611546633
2026-04-16 06:35:00,0.00021530887590515135,-0.0001240356972157199
2026-04-16 06:40:00,0.0005774096405719575,0.0005092598246824019
2026-04-16 06:45:00,0.0012206527662428357,0.0003524366148021274
2026-04-16 06:50:00,0.0009538402099522614,0.00430729452880458
2026-04-16 06:55:00,0.00020480717682858085,-5.7770953871562965e-05
2026-04-16 07:00:00,-0.00021092160411662064,-0.00014089401067879332
2026-04-16 07:05:00,-0.0005295689928743741,-9.746885731104276e-06
2026-04-16 07:10:00,-0.0003372301027422253,-0.00038270508814177806
2026-04-16 07:15:00,-0.0016765469551618395,0.0001842348079966671
2026-04-16 07:20:00,-0.0009978408547333117,-0.0006179256759890778
2026-04-16 07:25:00,-0.0015158358013902529,0.00015240384666830462
2026-04-16 07:30:00,6.21444817969774e-05,0.0005338958612598939
2026-04-16 07:35:00,-0.00041847852593690504,0.0005748086005491963
2026-04-16 07:40:00,-0.0007567064765083842,0.0003226913535321247
2026-04-16 07:45:00,-0.0007190406194741428,0.0001657910469551778
2026-04-16 07:50:00,-0.0004932836833493326,0.001790021945394305
2026-04-16 07:55:00,0.0002426230675922625,0.0006863561364051452
2026-04-16 08:00:00,8.498563022385497e-05,0.0003730813733470095
2026-04-16 08:05:00,-0.0007403820668017147,-3.411612177138155e-05
2026-04-16 08:10:00,-0.0013029750336084334,-0.00011101804649539857
2026-04-16 08:15:00,-0.0015931266606692418,-0.0002954578863982619
2026-04-16 08:20:00,-1.8672179800560684e-05,-0.00022634220559406438
2026-04-16 08:25:00,0.0015579768542117733,0.00037795053202058747
2026-04-16 08:30:00,0.0024860754293190013,-0.000329117403624596
2026-04-16 08:35:00,0.0017681601132490954,-0.00020794786251827636
2026-04-16 08:40:00,0.0004994492691352548,-0.001130244222315983
2026-04-16 08:45:00,5.591225504808506e-05,0.0005157277397042268
2026-04-16 08:50:00,0.00039549058429955153,0.00026386431906253425
2026-04-16 08:55:00,-0.0003025411406500922,0.0005939445060564198
2026-04-16 09:00:00,-0.00159161451876777,0.0008182367988154805
2026-04-16 09:05:00,-0.0012346140913894743,0.00023700671954258798
2026-04-16 09:10:00,0.0006567709276215083,0.0003578970228951593
2026-04-16 09:15:00,0.0012850941234425761,0.0007543936978583443
2026-04-16 09:20:00,0.0009820151157651225,-0.00029782179068385474
2026-04-16 09:25:00,-0.00013256253760829395,0.0004894047126303795
2026-04-16 09:30:00,-0.0007273262585965057,-0.0004790950045632001
2026-04-16 09:35:00,-0.0010462733426539472,0.0010187760934531119
2026-04-16 09:40:00,-0.001191780380930041,0.0003484701538715458
2026-04-16 09:45:00,-0.002114527628776841,0.0006431907977364527
2026-04-16 09:50:00,-0.0026734820363394363,0.0054769217663897295
2026-04-16 09:55:00,-0.0020698160022263323,0.00019797057588558396
2026-04-16 10:00:00,-0.0005049104202967669,0.0019508109618667116
2026-04-16 10:05:00,3.325483806193574e-05,0.0023327243749942986
2026-04-16 10:10:00,-6.858275811261194e-05,0.00032909960542385245
2026-04-16 10:15:00,-0.0006673714855960355,-0.00021210612956358332
2026-04-16 10:20:00,-0.00020578206089538753,0.0008584072939217494
2026-04-16 10:25:00,0.00012469242551205184,-0.00040835995944368895
2026-04-16 10:30:00,0.0005551345408179031,0.00013343497645880502
2026-04-16 10:35:00,0.0002182523400637848,0.0005085862333265631
2026-04-16 10:40:00,0.0003594428051965082,-0.00010642795178090412
2026-04-16 10:45:00,0.0008767756826362216,0.0010183556522481668
2026-04-16 10:50:00,0.001320968486769658,-1.5133883056949252e-05
2026-04-16 10:55:00,0.0005025877142106339,0.0006566724411747783
2026-04-16 11:00:00,0.0002450272968506084,-0.0002562374914949132
2026-04-16 11:05:00,-0.0004671243185772056,-0.0003677720971565215
2026-04-16 11:10:00,-0.0006417785585863811,-0.00029404004676941806
2026-04-16 11:15:00,-0.0010199578152256805,0.00020838321954991235
2026-04-16 11:20:00,-0.0006501849517004388,-0.0034957884842947533
2026-04-16 11:25:00,0.00030951745645069195,-1.9058613960614736e-05
2026-04-16 11:30:00,0.0005132249024644153,-0.000227660464604085
2026-04-16 11:35:00,6.233811570055536e-06,0.0003236828550630729
2026-04-16 11:40:00,-0.00034691531355690586,9.669353633056125e-07
2026-04-16 11:45:00,-0.00026177412366834574,0.0002637786016060058
2026-04-16 11:50:00,-8.727689848342379e-05,0.0001020498538868666
2026-04-16 11:55:00,-0.0012515568129405352,8.31999618299481e-05
2026-04-16 12:00:00,-0.001002022839319494,0.0006485618096315562
2026-04-16 12:05:00,-0.0007026486817167665,0.00010536414828530248
2026-04-16 12:10:00,3.744469107580528e-05,8.816905818857172e-05
2026-04-16 12:15:00,6.0316077060917905e-05,-0.00016488065538062494
2026-04-16 12:20:00,0.0002661498938643092,-1.6202868389650002e-05
2026-04-16 12:25:00,0.00024959544867364514,0.0004610981642285449
2026-04-16 12:30:00,0.00025786219903878305,7.895238299125099e-05
2026-04-16 12:35:00,0.0002681575410434789,0.0017994394403138565
2026-04-16 12:40:00,0.0019198011298442452,-0.0002716145952235456
2026-04-16 12:45:00,0.0022161191691854043,-8.950865068622449e-05
2026-04-16 12:50:00,0.0014663185576431204,-6.483496421189273e-05
2026-04-16 12:55:00,-2.0757158871731463e-06,0.00012351920926114915
2026-04-16 13:00:00,-0.0004669081531236685,-0.0003138880150675976
2026-04-16 13:05:00,-0.00015981983979429515,-0.0006788058355706372
2026-04-16 13:10:00,-0.0002802612052761333,-0.0006379401319632993
2026-04-16 13:15:00,0.00023866918178150343,-0.0006074035158872623
2026-04-16 13:20:00,0.00017019686837294046,-0.004010369052744413
2026-04-16 13:25:00,0.00033215280995158025,-0.00030435603658538396
2026-04-16 13:30:00,-0.0004753192148552188,0.00038703489921172203
2026-04-16 13:35:00,-1.8678728974208525e-05,-0.00015556943417142832
2026-04-16 13:40:00,0.0009792084961155467,0.000353230121115951
2026-04-16 13:45:00,0.0006309423457473429,-4.2905389147938696e-05
2026-04-16 13:50:00,-0.00040894404783031746,-0.00025087257792611134
2026-04-16 13:55:00,-0.0011265876895532045,-0.00027482420651104406
2026-04-16 14:00:00,-0.000251083968155541,0.000496169910215621
2026-04-16 14:05:00,8.720006815288173e-05,-0.00024168981209554176
2026-04-16 14:10:00,-0.00035504470095126806,0.00026246909245301365
2026-04-16 14:15:00,0.00017223794195331266,-0.00023537578741372075
2026-04-16 14:20:00,-0.00029900332448562494,-0.00018509443857636984
2026-04-16 14:25:00,0.00032182948921111176,0.0008701034943860747
2026-04-16 14:30:00,-0.000892638490885389,1.9310292949031925e-05
2026-04-16 14:35:00,0.0003259922808140914,-0.0006402859164667829
2026-04-16 14:40:00,4.56706317155664e-05,-0.00011071910719772225
2026-04-16 14:45:00,0.0009901576654112176,-0.00022450050556502873
2026-04-16 14:50:00,-0.0002221615497326468,-0.0003749409736940893
2026-04-16 14:55:00,0.0001349237734622477,0.000442138113013191
2026-04-16 15:00:00,-0.0003050384278679985,2.1186614725216446e-05
2026-04-16 15:05:00,0.00032803426798899693,-0.000504578375762263
2026-04-16 15:10:00,-0.0005065772098760135,-0.0002196197577021302
2026-04-16 15:15:00,0.0009169097880441512,0.000268960284632372
2026-04-16 15:20:00,0.0008631708784196945,-0.00034246258218575585
2026-04-16 15:25:00,8.513951984312484e-05,-0.0008683539380766935
2026-04-16 15:30:00,-0.0018201199828418169,0.0022803782219224375
2026-04-16 15:35:00,-0.00564691820431662,-0.00014598976462402654
2026-04-16 15:40:00,-0.0045995943545342755,-0.003047764765102241
2026-04-16 15:45:00,-0.004532501911674203,0.00552201417654069
2026-04-16 15:50:00,0.0011236038217266042,-0.003303522511745498
2026-04-16 15:55:00,0.0016466295761699001,-0.001743598478453393
2026-04-16 16:00:00,0.0005090300792307545,-0.0034184663510661325
2026-04-16 16:05:00,-0.0008837679100501816,0.00017287755653587673
2026-04-16 16:10:00,-0.00041869548847550675,-0.0023626569541976596
2026-04-16 16:15:00,0.0003816025895186925,-0.0003073172491139136
2026-04-16 16:20:00,-0.0011266854526645886,0.0016470845675978737
2026-04-16 16:25:00,-0.0024970625047036066,0.000424448556217075
2026-04-16 16:30:00,-0.001193252839962966,-0.0009878564515396478
2026-04-16 16:35:00,0.00022335150505625734,0.002160006135790886
2026-04-16 16:40:00,0.00018796599959358673,-0.000434531008151981
2026-04-16 16:45:00,0.0020893419920184897,-0.0010289091510977976
2026-04-16 16:50:00,0.003658360278222972,-0.00048742792718201966
2026-04-16 16:55:00,0.003833055428323462,-0.0012427729865313228
2026-04-16 17:00:00,0.0005872320922417629,0.00016839053223293246
2026-04-16 17:05:00,-0.000819675587523605,-0.0034559107454543345
2026-04-16 17:10:00,-0.001107346063013992,-0.0010223431488569986
2026-04-16 17:15:00,-0.0004935017169707123,-0.0013217752649685177
2026-04-16 17:20:00,0.0003579105553139783,-0.0005968834292836573
2026-04-16 17:25:00,0.00024363807996152786,-0.0013488388343809606
2026-04-16 17:30:00,0.0004955834868081155,0.0005105017611507483
2026-04-16 17:35:00,-0.0002788262680724074,0.0029386038365403185
2026-04-16 17:40:00,0.0011008369760947545,-0.0005001792669002435
2026-04-16 17:45:00,0.0010528200317487801,-0.00010896322488635737
2026-04-16 17:50:00,0.0002767457629264669,-0.00016140513311104968
2026-04-16 17:55:00,-0.0006345501304654277,0.0003144536421449036
2026-04-16 18:00:00,-0.000919595775577875,-0.003241222686504193
2026-04-16 18:05:00,-0.0016616245678964248,0.00019823006217310106
2026-04-16 18:10:00,-0.001116120348667593,-0.0006060268011758882
2026-04-16 18:15:00,-0.002482132948220084,4.021980211216228e-05
2026-04-16 18:20:00,-0.0004418986706564709,-0.0006272352365160002
2026-04-16 18:25:00,-0.001956213162777942,0.001575020636194925
2026-04-16 18:30:00,-0.0009457055135086989,-0.0002966943132430338
2026-04-16 18:35:00,-0.0013268688680536656,0.00021325632560954512
2026-04-16 18:40:00,0.0004236841591946927,0.000623592812650239
2026-04-16 18:45:00,0.0009269253674624167,-0.0012062724244721098
2026-04-16 18:50:00,0.000980717504702966,-0.0004882496257726642
2026-04-16 18:55:00,-0.00020242767192790723,-0.00027399180820869123
2026-04-16 19:00:00,-7.721097276203182e-05,-0.0010481262338445183
2026-04-16 19:05:00,-0.00031914927174270247,-0.00032122347353175866
2026-04-16 19:10:00,-0.0012467722851816632,-0.002429030274164592
2026-04-16 19:15:00,-0.0017482321099766551,-0.000165783143515952
2026-04-16 19:20:00,-0.002270357162146297,-0.0005384404388132183
2026-04-16 19:25:00,0.00036563033509295906,0.0003732131908735707
2026-04-16 19:30:00,0.0011010950425536237,-0.0009847403932139586
2026-04-16 19:35:00,0.0009948294771664479,0.0006865314793602598
2026-04-16 19:40:00,0.0004093473264763503,-0.00013565190138645002
2026-04-16 19:45:00,0.00041546837348960253,-0.0007862783224096427
2026-04-16 19:50:00,0.0006515365633887882,0.013653423594154895
2026-04-16 19:55:00,0.00015659369084630725,-0.0005587064998882662
2026-04-16 20:00:00,-9.602257790497504e-05,-0.0006395519776537428
2026-04-16 20:05:00,0.00010228609429319135,-0.000442636445571869
2026-04-16 20:10:00,-0.00044896753883705287,0.0003636024442616827
2026-04-16 20:15:00,-0.0002943875351277825,3.828617675951605e-05
2026-04-16 20:20:00,-0.00021084604663457185,-0.00014989000053767046
2026-04-16 20:25:00,0.0005429119843363139,0.0003672946232982729
2026-04-16 20:30:00,0.00029021243127225205,0.0008663327896516689
2026-04-16 20:35:00,0.00011691022977800003,0.00016226834940277565
2026-04-16 20:40:00,-1.0437835902266102e-05,-0.0002754303107014197
2026-04-16 20:45:00,0.0005655677898168676,-0.0001457015708122853
2026-04-16 20:50:00,0.0006406758409944757,-0.004381972849754887
2026-04-16 20:55:00,-2.087599865596701e-05,-0.00021037893583458457
2026-04-16 21:00:00,7.510671415822401e-05,-3.5902412979012678e-06
2026-04-16 21:05:00,-0.00013561373057591197,-0.002532452562257793
2026-04-16 21:10:00,0.0002233505726110252,0.00020801441843430838
2026-04-16 21:15:00,-0.00031924250077430827,-4.18078958846172e-05
2026-04-16 21:20:00,0.00021905919379960892,3.843848545198891e-05
2026-04-16 21:25:00,0.0013869960415515692,3.071029277229913e-05
2026-04-16 21:30:00,0.0006467252978179516,-5.4555851938190494e-05
2026-04-16 21:35:00,0.0003003460259041191,9.351771960500005e-05
2026-04-16 21:40:00,-0.0008507409048039705,-0.00010842106640824134
2026-04-16 21:45:00,-0.0005090003468470883,-0.00036814341714546886
2026-04-16 21:50:00,-0.0008866978182968666,-0.0005913646169691734
2026-04-16 21:55:00,-0.0006844541536867865,-2.4525404413235498e-05
2026-04-16 22:00:00,-0.00019407244388602862,-5.127640893105185e-05
2026-04-16 22:05:00,-0.00045095264508887567,-0.0003566511184520518
2026-04-16 22:10:00,-0.00030272820979604376,-0.00035813264791709594
2026-04-16 22:15:00,-0.00096883855537655,-0.0002136939925314347
2026-04-16 22:20:00,0.00011902114518669293,0.0005820807948698089
2026-04-16 22:25:00,0.0,-0.0007712473035240786
2026-04-16 22:30:00,0.0007225418751701795,0.0006515227544997427
2026-04-16 22:35:00,5.42856427134808e-05,-0.00039539831406201797
2026-04-16 22:40:00,0.00021087554141097087,-0.0014311832286749422
2026-04-16 22:45:00,0.00010228310511273264,-0.0009678127085664506
2026-04-16 22:50:00,0.001191453808317533,4.2400278218751234e-05
2026-04-16 22:55:00,0.0013268688680536656,-0.00036340991064433606
2026-04-16 23:00:00,0.0009763812500995783,-4.799296823375233e-05
2026-04-17 00:00:00,-0.0005214775872381949,-0.00010478095262932266
2026-04-17 00:05:00,-0.0005568201750296708,-0.0002815102170758004
2026-04-17 00:10:00,-0.000306581173937559,-0.000300958503723391
2026-04-17 00:15:00,0.0004359739027073317,-0.0003987578396221962
2026-04-17 00:20:00,3.963415588614794e-05,0.000207815848987126
2026-04-17 00:25:00,0.0002753016865018054,-0.00027026034878580756
2026-04-17 00:30:00,0.00012303957823434075,0.00015036813975176648
2026-04-17 00:35:00,0.00048174228970943034,-0.0003135592505969736
2026-04-17 00:40:00,-0.00012304214417468984,-0.00016697044889193318
2026-04-17 00:45:00,-0.00028989708856563823,-0.00020262622905115567
2026-04-17 00:50:00,-0.0004650546940165867,-2.3538231479870405e-05
2026-04-17 00:55:00,-0.00033374982840150835,-0.00039029251531042794
2026-04-17 01:00:00,0.00044002657552866253,-0.0011318239177215365
2026-04-17 01:05:00,0.0005025833095899657,-0.00021645418260649333
2026-04-17 01:10:00,0.00026075157094140877,0.0007751395059228746
2026-04-17 01:15:00,-0.0002502283346590417,0.0007755147444938174
2026-04-17 01:20:00,-0.00023979040348542924,-0.00023971659749883096
2026-04-17 01:25:00,0.0002836205009906223,0.00021825045000212266
2026-04-17 01:30:00,-0.0001960559391420702,-0.00032506383466318416
2026-04-17 01:35:00,-0.0002836524442333399,-0.0005514007051025621
2026-04-17 01:40:00,-0.0008782333264694131,-9.933389542616383e-05
2026-04-17 01:45:00,-0.0011813202521722133,0.0003805326684253661
2026-04-17 01:50:00,-0.0006614729804130803,-0.00011255052954210913
2026-04-17 01:55:00,-0.0002713443668866944,-7.191369293210167e-06
2026-04-17 02:00:00,0.0006221411458930959,0.0009543208467277585
2026-04-17 02:05:00,-0.00022963550683385847,0.0006326961971269401
2026-04-17 02:10:00,0.0005593063078190852,-0.000122156155431441
2026-04-17 02:15:00,0.0010826044889284958,2.257019686185109e-05
2026-04-17 02:20:00,0.0014041268608018243,-0.000581567545743132
2026-04-17 02:25:00,0.0010989183954848158,-0.00018205748339993603
2026-04-17 02:30:00,0.0005794105181298193,-0.000673065115286624
2026-04-17 02:35:00,-0.00021685370383472957,-0.0008452872433361574
2026-04-17 02:40:00,-0.0005983124432535902,-3.745918717014114e-05
2026-04-17 02:45:00,-0.0021630379393382526,-5.845985293087742e-05
2026-04-17 02:50:00,-0.0024930222939723024,-0.0007510831228447392
2026-04-17 02:55:00,-0.003419535188383449,0.0001821289431967201
2026-04-17 03:00:00,-0.0011553968025364014,0.00030865003074077483
2026-04-17 03:05:00,-0.0019314538882557741,-8.086845518644252e-05
2026-04-17 03:10:00,-0.0020946715045955244,0.0006845084926410024
2026-04-17 03:15:00,-0.001797381831080358,0.00018454400266054526
2026-04-17 03:20:00,8.37838460476803e-06,0.0007112154331258478
2026-04-17 03:25:00,0.00183517041490866,-0.0006853388503605672
2026-04-17 03:30:00,0.0007976076381890351,0.00045800941530890803
2026-04-17 03:35:00,0.0026001886868325386,0.0004718448408211308
2026-04-17 03:40:00,0.002489687692161624,0.0008411845017594284
2026-04-17 03:45:00,0.00280019157390754,-0.0012496115154083233
2026-04-17 03:50:00,0.0006996198321633784,0.0009845153270807527
2026-04-17 03:55:00,0.000400780692745073,0.0009114844291797759
2026-04-17 04:00:00,-0.0005072142462694273,6.47121081668663e-05
2026-04-17 04:05:00,-1.043848963533378e-05,0.00019494870899490257
2026-04-17 04:10:00,-0.0005448504979472801,-0.0007720229654469882
2026-04-17 04:15:00,0.00042791375999051695,-0.0015511114325532788
2026-04-17 04:20:00,0.000682447864619462,-0.0005504644758807351
2026-04-17 04:25:00,0.0005511114219540758,-0.00044204356543721916
2026-04-17 04:30:00,-0.00044044082366845316,-0.0005348292297981665
2026-04-17 04:35:00,-0.0010081834871069617,-4.267829436915611e-05
2026-04-17 04:40:00,-0.0014138764806368442,-0.0003095215514637497
2026-04-17 04:45:00,0.0005030469933178239,-0.0005682232601600635
2026-04-17 04:50:00,0.0015108517064295057,0.000611770702070703
2026-04-17 04:55:00,0.002310870359867323,-0.0005368780213458882
2026-04-17 05:00:00,0.0010908049156252986,-0.0002736966732461937
2026-04-17 05:05:00,3.961870128499356e-05,-2.5247534160532508e-05
2026-04-17 05:10:00,-0.0004233642925211001,-0.00019628176360995573
2026-04-17 05:15:00,-0.0005775821155982186,-0.00015006153896045173
2026-04-17 05:20:00,-0.0005652363140669081,-0.00019055865140682886
2026-04-17 05:25:00,7.926409549163793e-05,-0.0008280239515010648
2026-04-17 05:30:00,0.0003691071922915512,-0.0012934206768782882
2026-04-17 05:35:00,0.0002503285575379266,-0.00035717293301302204
2026-04-17 05:40:00,-0.0002211207912612423,-0.00016497533075593155
2026-04-17 05:45:00,-0.00039413634082308135,-0.0008145012043634478
2026-04-17 05:50:00,-8.134990789976371e-05,-5.06181175307927e-05
2026-04-17 05:55:00,0.00045887538792754867,0.0002590109348616185
2026-04-17 06:00:00,0.0002961381109685135,0.00012815014952781458
2026-04-17 06:05:00,0.0002586280630030302,-0.0005087624649988432
2026-04-17 06:10:00,0.0001146859534948419,0.00010281996566178725
2026-04-17 06:15:00,0.00032940274160786487,0.0006858935078850844
2026-04-17 06:20:00,0.0009067553893160607,0.00015461936567309087
2026-04-17 06:25:00,0.0011148958518933938,0.0002683746239975025
2026-04-17 06:30:00,0.0003126237494459616,-1.328222494217002e-05
2026-04-17 06:35:00,1.666826404189692e-05,0.0008893311008844084
2026-04-17 06:40:00,0.0003748258665385862,-0.0002188366483846014
2026-04-17 06:45:00,0.00042709446207567225,5.334340044080532e-05
2026-04-17 06:50:00,0.001045378253460072,0.0008254411811666004
2026-04-17 06:55:00,0.0003892536890344189,-0.00036082940819663015
2026-04-17 07:00:00,0.0005497457564409558,-7.13342863155174e-05
2026-04-17 07:05:00,2.9138317515275958e-05,-0.0003798475967152074
2026-04-17 07:10:00,-0.0003163871939531049,-0.0007466645266313664
2026-04-17 07:15:00,-0.0010247695165599424,-0.0003283866846817234
2026-04-17 07:20:00,-0.0010870177429609384,-0.0007988031995204427
2026-04-17 07:25:00,-0.0014103889865175745,-0.0004363259763957517
2026-04-17 07:30:00,-0.00023759652470545234,-0.0013533637688015654
2026-04-17 07:35:00,-0.0004668222825685575,-0.0003069063815922536
2026-04-17 07:40:00,-0.00046083863018608895,0.0001292946269617867
2026-04-17 07:45:00,-0.0008069990397387983,0.003611284612707621
2026-04-17 07:50:00,-0.00134750388032856,-1.4633870357823255e-05
2026-04-17 07:55:00,-0.0013963232429272665,0.00038948776300708253
2026-04-17 08:00:00,-0.0016013281707358828,5.600365015177318e-05
2026-04-17 08:05:00,-0.0006660785655174806,0.0014661610010146902
2026-04-17 08:10:00,-0.00086088915101179,0.0004105785325011668
2026-04-17 08:15:00,-0.0006291234177666638,0.0020519704473309654
2026-04-17 08:20:00,-0.00035723425859401914,0.0004764813704044873
2026-04-17 08:25:00,0.00041799991830693273,0.0003879597635778198
2026-04-17 08:30:00,0.0004870304720245855,0.0004542093714886772
2026-04-17 08:35:00,-0.0001922490215857664,0.0009359915657595069
2026-04-17 08:40:00,-0.00010657338371267144,0.0006503666317763991
2026-04-17 08:45:00,0.0007666445265339661,-0.0014016530959632496
2026-04-17 08:50:00,0.0009441727284063006,0.001251405277313991
2026-04-17 08:55:00,0.00045755833883553976,0.0003898712166838771
2026-04-17 09:00:00,7.725853319229259e-05,0.0009755425201842629
2026-04-17 09:05:00,-0.00011692878215363578,0.0003167354029739907
2026-04-17 09:10:00,0.000916575995386637,-0.0005042715174246211
2026-04-17 09:15:00,0.0010643072052367586,-0.00011671391343792003
2026-04-17 09:20:00,-0.0004636736822938303,-0.00014977429245038485
2026-04-17 09:25:00,-0.0011568202518326132,-0.0001208502578435682
2026-04-17 09:30:00,-0.0030184839642277694,0.0009118281400047608
2026-04-17 09:35:00,-0.0003071455235748033,1.1067892541062022e-05
2026-04-17 09:40:00,-0.0001734295488589055,0.0010941469796511157
2026-04-17 09:45:00,0.002242277571214757,-0.00039704313968084667
2026-04-17 09:50:00,-0.0002048161051142472,0.0006599449362403258
2026-04-17 09:55:00,-0.00042011669829378206,0.002115013851009844
2026-04-17 10:00:00,-0.0010651340882912308,-1.1489476832914894e-05
2026-04-17 10:05:00,1.6721254596063773e-05,-0.000402603086944351
2026-04-17 10:10:00,0.0002571072935442231,-0.00028808338155890607
2026-04-17 10:15:00,0.00019013651231958306,0.0004801265421860506
2026-04-17 10:20:00,0.0011050728979000723,0.00014187586518370101
2026-04-17 10:25:00,0.002607051783920511,0.0002011851653203118
2026-04-17 10:30:00,0.0015302221807687033,0.0003310049370335407
2026-04-17 10:35:00,0.0008014058422318726,0.0002392898833956771
2026-04-17 10:40:00,-0.0001938859227177403,8.504358187127602e-05
2026-04-17 10:45:00,0.0011112305257849897,-0.003008195414483876
2026-04-17 10:50:00,0.0005526792046524065,-0.0002601807090183917
2026-04-17 10:55:00,-0.0006507307393306405,-0.0001290616017862121
2026-04-17 11:00:00,-0.0007024543459053234,0.0006628810582983469
2026-04-17 11:05:00,-0.0002940290234079157,-0.00038015335338902523
2026-04-17 11:10:00,0.0006194552954514876,0.0013715582872351607
2026-04-17 11:15:00,0.0002981343690748872,-0.00046463743839317165
2026-04-17 11:20:00,0.00015432388443059608,0.0023667377304104724
2026-04-17 11:25:00,-0.00024815318894688687,-0.0003399780848125748
2026-04-17 11:30:00,-0.0010720305366547223,-0.0010503456837077114
2026-04-17 11:35:00,-0.0007280336009714006,-0.0002346551954136043
2026-04-17 11:40:00,-0.0009076389388837924,0.0013665212278721173
2026-04-17 11:45:00,-0.00016695640598207717,-0.001243558560794925
2026-04-17 11:50:00,-0.0005886552528977518,0.003768741594555246
2026-04-17 11:55:00,0.00021081259986033274,0.00040708556451605625
2026-04-17 12:00:00,6.887289509904804e-05,-0.013644439405501651
2026-04-17 12:05:00,0.0007409811973264624,0.0008497391652647602
2026-04-17 12:10:00,-0.0003673853684187378,0.0003437076459681873
2026-04-17 12:15:00,-0.0006972962309124142,0.000677635395450188
2026-04-17 12:20:00,-0.0014657952474212976,0.00040814475840131575
2026-04-17 12:25:00,-0.0009733885549429999,0.00016845151085908292
2026-04-17 12:30:00,-7.10095257492327e-05,-0.00011503438633541675
2026-04-17 12:35:00,0.00010865113801727944,0.000562133936724666
2026-04-17 12:40:00,0.0005536526065430536,0.00015533616507912122
2026-04-17 12:45:00,-0.0005619884929828345,-0.0005196565379751742
2026-04-17 12:50:00,0.00021100021491804455,0.00012718519556721535
2026-04-17 12:55:00,-0.00030081470876552885,0.000847610415519978
2026-04-17 13:00:00,8.776622427042469e-05,8.36294785324797e-05
2026-04-17 13:05:00,0.0007475433735315562,-0.0004774241931670933
2026-04-17 13:10:00,0.0013675594122677381,-0.0002843126026653406
2026-04-17 13:15:00,0.0016202010839343473,3.2146060875524064e-05
2026-04-17 13:20:00,0.0003860814554599301,-0.0014469854162804125
2026-04-17 13:25:00,0.0014198639441325156,-6.609574921519906e-05
2026-04-17 13:30:00,0.0024794985366121125,-0.001645359816336722
2026-04-17 13:35:00,0.0018282093336008387,-0.0002953805986174327
2026-04-17 13:40:00,5.4169262291736686e-05,-0.0017044679345627018
2026-04-17 13:45:00,-0.00023102114570505705,0.0013835325858995119
2026-04-17 13:50:00,0.0005455219447600967,-0.0010230675472672444
2026-04-17 13:55:00,0.0008454934249062518,8.729329199178351e-06
2026-04-17 14:00:00,0.0004120544719388164,0.00043469380758797056
2026-04-17 14:05:00,0.00174284189665741,-0.001081911936682262
2026-04-17 14:10:00,0.003013797147756847,-0.0002991004549329605
2026-04-17 14:15:00,0.002377440384972118,-0.0004749863807528962
2026-04-17 14:20:00,0.0022769195262615227,-0.00037000953406717734
2026-04-17 14:25:00,0.0010371379244347168,-0.0007506829258804686
2026-04-17 14:30:00,0.004082885438121409,0.00012111411709106944
2026-04-17 14:35:00,0.004100715198115168,-0.0008466956027507578
2026-04-17 14:40:00,0.004917957940829609,0.0031251571829885123
2026-04-17 14:45:00,0.0015306647125576944,0.0010693854411613427
2026-04-17 14:50:00,0.004098362169905556,0.0011513479747424012
2026-04-17 14:55:00,0.00743427552900755,0.0019305657127031968
2026-04-17 15:00:00,0.0040477420385034435,0.0021189786732175595
2026-04-17 15:05:00,-0.0003825444600327188,2.644158707023562e-05
2026-04-17 15:10:00,-0.006572300728610259,0.00457639381198912
2026-04-17 15:15:00,-0.0017859903308110603,0.004122195906580483
2026-04-17 15:20:00,0.0013279941431321163,0.005148504318688157
2026-04-17 15:25:00,0.0028261020377122748,0.0008959504609356126
2026-04-17 15:30:00,0.002057313340461775,-0.004306091988973646
2026-04-17 15:35:00,0.002101449007742673,0.001377422061118018
2026-04-17 15:40:00,0.003314030191713613,0.0010318750909510028
2026-04-17 15:45:00,0.002077700987838327,-0.00031320707238274435
2026-04-17 15:50:00,-0.00119383650005922,0.0015362939534461165
2026-04-17 15:55:00,-0.002740728172227591,0.00042617465806630184
2026-04-17 16:00:00,-0.0010259925838411732,-5.177309549601384e-05
2026-04-17 16:05:00,0.0013434783336343514,0.0023299148446190576
2026-04-17 16:10:00,0.0008254705342487512,-0.0007216788503099993
2026-04-17 16:15:00,0.001356138271313867,-0.0035930401067543003
2026-04-17 16:20:00,-0.0005925488692994918,0.00011395088089601144
2026-04-17 16:25:00,0.0011487746301064305,-0.002031425053377027
2026-04-17 16:30:00,0.00041816475480516146,-0.0007962243069246603
2026-04-17 16:35:00,0.00015586002980683134,-0.000727185591968069
2026-04-17 16:40:00,-0.0009148099330786863,0.0011110451307180286
2026-04-17 16:45:00,-0.0021582948828164916,-0.001142401839523054
2026-04-17 16:50:00,-0.0008103270984953781,-0.00029559303848042303
2026-04-17 16:55:00,-0.0011046299073509402,-0.001511330449680035
2026-04-17 17:00:00,-0.000725263761722772,3.773161342275546e-05
2026-04-17 17:05:00,-0.0004988314515035341,0.00469669064506108
2026-04-17 17:10:00,-0.00028970529366922904,-0.0007634695251023502
2026-04-17 17:15:00,0.0016305913991985221,-0.0009773359415488389
2026-04-17 17:20:00,-7.186865698116662e-05,-0.00029315698811949626
2026-04-17 17:25:00,-0.0015238748436186,0.0005763111081291222
2026-04-17 17:30:00,-0.0019409924048403582,0.003478061732581698
2026-04-17 17:35:00,-0.00013143033184448427,-1.1773942565600519e-05
2026-04-17 17:40:00,0.0018012539620375634,-0.0005018296286534475
2026-04-17 17:45:00,0.0006967259302541606,0.004643168911180009
2026-04-17 17:50:00,0.0004866165157562108,-0.0013922409720292814
2026-04-17 17:55:00,0.000864518156873828,-0.0011998617306457325
2026-04-17 18:00:00,0.0007578317339653751,-0.0006066851467553445
2026-04-17 18:05:00,-0.0002730509975616968,8.756892104557759e-05
2026-04-17 18:10:00,-0.0006960735778225313,-0.0005888662890530115
2026-04-17 18:15:00,0.00011290678530428977,0.0029291053367385697
2026-04-17 18:20:00,0.0003017888712086858,0.0007068014477992383
2026-04-17 18:25:00,9.037320029925411e-05,0.0007316619650162815
2026-04-17 18:30:00,-0.0010823767748053825,-0.0013980952698485628
2026-04-17 18:35:00,-0.001074126092294847,0.0008622591907988128
2026-04-17 18:40:00,-0.00036154181542791264,0.0003715610249804565
2026-04-17 18:45:00,5.548232119068075e-05,0.00014404343148360802
2026-04-17 18:50:00,-0.0009950576885380258,0.00014676755348684372
2026-04-17 18:55:00,-0.0007851601040531619,-0.0021766478492761423
2026-04-17 19:00:00,-0.0006721597649939071,0.00016084056209020303
2026-04-17 19:05:00,-0.0013317184529846315,0.0004962657017374352
2026-04-17 19:10:00,-0.0011068479625677696,0.0024212292918590122
2026-04-17 19:15:00,-0.0003599042076700698,0.00010515846867731294
2026-04-17 19:20:00,0.00046125936978747006,-0.0001925575010996649
2026-04-17 19:25:00,-0.0005950769400033806,0.0003533288660244728
2026-04-17 19:30:00,-0.00024069394030235003,-0.0017779889559417293
2026-04-17 19:35:00,0.0009506760392525848,-0.00037885158701506366
2026-04-17 19:40:00,0.0016834189307974867,0.0007952425012403101
2026-04-17 19:45:00,0.00041757733758274185,0.0004507288307635264
2026-04-17 19:50:00,0.00035781265804679663,-0.0004664441439134767
2026-04-17 19:55:00,-0.00037019137259974855,4.411774965048555e-05
2026-04-17 20:00:00,-0.0001254605793192809,0.004912242710454978
2026-04-17 20:05:00,0.00025285931597629485,5.592703713910136e-05
2026-04-17 20:10:00,-6.376901630211762e-05,0.0011137833776988723
2026-04-17 20:15:00,0.0009128290107547343,0.0004759492773260068
2026-04-17 20:20:00,-0.0004358624388487442,0.0015040498585490352
2026-04-17 20:25:00,0.00023859868637110537,-0.0001887749755448611
2026-04-17 20:30:00,-0.0011082497883077025,0.0004183877432020729
2026-04-17 20:35:00,-0.0012654882511782262,0.00035038934806390365
2026-04-17 20:40:00,-0.0008271111866111625,0.0014992380665927191
2026-04-17 20:45:00,-0.0005412062858525246,0.0013956753902473434
2026-04-17 20:50:00,-0.0002862429398362565,0.0003932262721224115
2026-04-17 20:55:00,-0.00033144792608119644,-0.0012507321479008936
2026-04-17 21:00:00,-0.0003994046042272714,0.0003928970795377859
2026-04-17 21:05:00,-6.178808540369118e-06,0.0003699620723188545
2026-04-17 21:10:00,1.029506691274662e-05,0.0012175009277945853
2026-04-17 21:15:00,0.0003026562743464467,0.00019971636908683126
2026-04-17 21:20:00,0.0009778361370091915,2.9629433384356597e-05
2026-04-17 21:25:00,0.0006298564506064253,-0.0004142208253668623
2026-04-17 21:30:00,0.00020789443154534126,8.85167989490822e-05
2026-04-17 21:35:00,-0.0010808219003486386,-0.000641330612471343
2026-04-17 21:40:00,-0.0010520411286911724,0.00019426336371612262
2026-04-17 21:45:00,-0.0016148902953769806,0.0016987786147133607
2026-04-17 21:50:00,-0.0015048012173473069,-4.2417836662108624e-05
2026-04-17 21:55:00,-0.0017648069993771998,0.0004182103619279798
2026-04-17 22:00:00,0.00018139318258647563,0.00026243395465699426
2026-04-17 22:05:00,0.00024339532471095993,0.0003688282736054833
2026-04-17 22:10:00,-4.1271066304915394e-05,0.0019222224814573743
2026-04-17 22:15:00,-0.0010702830466211566,0.00011228019461544938
2026-04-17 22:20:00,-0.0013022353437595058,0.0007265449395563851
2026-04-17 22:25:00,-0.002183603191721062,9.427943244175272e-05
2026-04-17 22:30:00,-0.0026838332299679024,-0.00027512822608970785
2026-04-17 22:35:00,-0.0015976045535097683,-0.00012988686782473054
2026-04-17 22:40:00,-0.0010345884502669378,-0.0002712847818529562
2026-04-17 22:45:00,-0.012436329676830837,5.657261999718398e-05
2026-04-17 22:50:00,-0.008593836159619173,0.00030900795326676373
2026-04-17 22:55:00,-0.008275806078220427,-0.0021184708965170103
2026-04-20 00:00:00,0.0037613561795009076,-0.002443902419690755
2026-04-20 00:05:00,-0.001845959044411316,-0.008324651194443932
2026-04-20 00:10:00,-0.0010463605468036263,-0.002461379285768156
2026-04-20 00:15:00,-0.0013594803909384723,-0.0048852952904066115
2026-04-20 00:20:00,-1.6721079848736053e-05,-0.00219211682381422
2026-04-20 00:25:00,-0.0009345042842525686,-0.0014357389004863315
2026-04-20 00:30:00,1.4627902725550257e-05,4.6369829846647876e-05
2026-04-20 00:35:00,-0.0004494837806809926,-0.0010872305601189146
2026-04-20 00:40:00,-0.0003681877464369876,-0.00662777534949259
2026-04-20 00:45:00,-0.001941110514383837,0.0007679812671590686
2026-04-20 00:50:00,-0.0012135695284918313,-0.0002870136228361815
2026-04-20 00:55:00,-0.0013840079177604991,0.004418098731287581
2026-04-20 01:00:00,-0.0006681279158424758,0.001756897575536749
2026-04-20 01:05:00,-0.0011752175033397094,0.01697844884440556
2026-04-20 01:10:00,-0.0006602244374054322,0.006276762260940896
2026-04-20 01:15:00,-0.0003394710570656656,-0.0002069747682170815
2026-04-20 01:20:00,-0.001428459300553797,-0.0002638720861214758
2026-04-20 01:25:00,-0.00367797674514847,-0.0008599894712441094
2026-04-20 01:30:00,-0.00573811863929663,-0.0009330541624960681
2026-04-20 01:35:00,-0.002381101117538975,-0.000838980858431663
2026-04-20 01:40:00,0.0005364699773853232,-0.001234873200214398
2026-04-20 01:45:00,0.0012597405084093793,7.79922097344294e-05
2026-04-20 01:50:00,4.208098907731994e-05,0.0011074082602654232
2026-04-20 01:55:00,-0.00047123668944770714,-0.0015309503816185875
2026-04-20 02:00:00,0.0017269290519212888,-0.0021280415459067874
2026-04-20 02:05:00,0.0020661012382596766,-0.0003120046059682468
2026-04-20 02:10:00,0.0027275686088561457,-0.0005613883685479551
2026-04-20 02:15:00,0.001661009607731856,-0.0005021472112823875
2026-04-20 02:20:00,0.0005121864806589826,0.00010203268382814618
2026-04-20 02:25:00,-5.456247194501884e-05,6.026151832670061e-05
2026-04-20 02:30:00,-0.0003987265984566335,-0.0006464074891908973
2026-04-20 02:35:00,-0.0003064407145156878,0.000262070262955004
2026-04-20 02:40:00,0.0016753882315949653,-0.0005790444689639644
2026-04-20 02:45:00,0.004874524399019364,8.448544421790316e-05
2026-04-20 02:50:00,0.0051779685059010205,0.0025044510846792345
2026-04-20 02:55:00,0.004398404936891254,-0.0027738753289931594
2026-04-20 03:00:00,0.0010897454372820192,0.0011626988784267983
2026-04-20 03:05:00,0.0019257276196622541,0.001992850212842339
2026-04-20 03:10:00,0.0018547352108591042,0.0023590126800919365
2026-04-20 03:15:00,0.003247571083923262,0.002344397278202352
2026-04-20 03:20:00,0.00217371926776444,0.0011700468945586124
2026-04-20 03:25:00,0.0006556278599862964,0.0008274005698603927
2026-04-20 03:30:00,0.0004345697152512429,0.0010826974781171764
2026-04-20 03:35:00,0.0010248383866375832,0.0004986408485191094
2026-04-20 03:40:00,0.0004056495597115628,0.0013435194768920005
2026-04-20 03:45:00,-0.0012876239088708274,0.0026527688129433773
2026-04-20 03:50:00,-0.0019653706057329856,0.0010909683321030698
2026-04-20 03:55:00,-0.0014027904088393939,-0.012894584982791514
2026-04-20 04:00:00,-0.000703797202202594,0.0013127155449721253
2026-04-20 04:05:00,-4.16361334920623e-06,-6.014764200910818e-05
2026-04-20 04:10:00,8.330972891101851e-06,0.0005699021492561135
2026-04-20 04:15:00,0.00014371482005692826,-0.00045258210026743
2026-04-20 04:20:00,-0.001379109422366298,0.0005344214038313839
2026-04-20 04:25:00,-0.0010356551756665056,-0.00037409892746998233
2026-04-20 04:30:00,-0.001267068074355393,-0.003668108763466748
2026-04-20 04:35:00,-0.0002585342374192834,-0.0004997604491315049
2026-04-20 04:40:00,0.0002584932774869486,-0.0028061309333182825
2026-04-20 04:45:00,-5.6305073414364415e-05,-0.000955981157530652
2026-04-20 04:50:00,-0.00044633732996857134,0.005615790460515732
2026-04-20 04:55:00,-0.0012785258442633562,-0.0007983821123556045
2026-04-20 05:00:00,-0.0005527921882091391,-0.0036784590520032804
2026-04-20 05:05:00,0.00031495964709549185,0.0002923783263912513
2026-04-20 05:10:00,0.0007698141456415897,-0.0006898296632278141
2026-04-20 05:15:00,-3.964589952332176e-05,-0.0008619310186496535
2026-04-20 05:20:00,-0.00018354058175518162,-0.0007209307037119182
2026-04-20 05:25:00,-0.000419256170614446,-0.00028529261688248664
2026-04-20 05:30:00,2.086665476852545e-06,-0.0015364657204591057
2026-04-20 05:35:00,-0.0004965626699426906,-0.0008154440505493631
2026-04-20 05:40:00,-0.00039021214889523037,-0.00040855750879293664
2026-04-20 05:45:00,0.00029834834163366963,0.0013152050842168438
2026-04-20 05:50:00,0.0005987655594523744,-0.00059058891889478
2026-04-20 05:55:00,0.00026085387009722183,-0.002338323791178775
2026-04-20 06:00:00,8.343815256139919e-05,-0.00010594091267114212
2026-04-20 06:05:00,-0.0001209759843288083,6.636790540892113e-05
2026-04-20 06:10:00,0.00046936556198495794,0.0002059921779850012
2026-04-20 06:15:00,-0.0010163334197734741,-0.0006639760972923226
2026-04-20 06:20:00,-0.0006635423387297834,-0.001815806875696514
2026-04-20 06:25:00,-0.0015152782996175063,-0.000800971377519673
2026-04-20 06:30:00,0.0007931207628963932,0.0014264322614500095
2026-04-20 06:35:00,-0.0004008426099257889,-0.0011590218487547836
2026-04-20 06:40:00,0.00037381499516975225,-0.004016073449457691
2026-04-20 06:45:00,-0.0005885188902858829,-0.0012298071055945646
2026-04-20 06:50:00,-0.00039264747236522624,-0.0029448964091978265
2026-04-20 06:55:00,-0.0005994246121101554,-0.000971182225845722
2026-04-20 07:00:00,-0.0005074059450294044,-0.001415571284974658
2026-04-20 07:05:00,8.355492801470632e-05,-0.0010577853039695274
2026-04-20 07:10:00,0.0003154215028740026,-0.009963506239768846
2026-04-20 07:15:00,0.0014234253936376007,-0.0014132040082540224
2026-04-20 07:20:00,0.001110617153781135,-0.0009057523849900456
2026-04-20 07:25:00,-0.001450508454707844,-0.00024158238296695996
2026-04-20 07:30:00,-0.0018391472044427815,0.0014425382847339263
2026-04-20 07:35:00,-0.00036728570023036866,-0.0002072634953387976
2026-04-20 07:40:00,0.002160365051732782,-0.0005227016912290658
2026-04-20 07:45:00,0.0010128888348663878,0.0015976362561195335
2026-04-20 07:50:00,0.00018783340484596067,-0.0010108564470987583
2026-04-20 07:55:00,-0.00014819313976488502,-0.002758780692220155
2026-04-20 08:00:00,-0.0006786265277671788,-0.0006453845593538246
2026-04-20 08:05:00,-0.0009416088426092983,0.0008170423494039616
2026-04-20 08:10:00,-0.0008206777838726254,2.4712712307822294e-05
2026-04-20 08:15:00,-4.3865558337685684e-05,-0.0008433887952947526
2026-04-20 08:20:00,0.0006556706346199093,0.005092149214151026
2026-04-20 08:25:00,0.0007309163300952548,-0.000863661231831118
2026-04-20 08:30:00,3.133273801481096e-05,0.0026950075808535473
2026-04-20 08:35:00,-0.0006849143707192695,-0.0008434968218814721
2026-04-20 08:40:00,0.0014852458600582708,-0.0013504974119564438
2026-04-20 08:45:00,0.0022137820569287925,-0.00025664885019348045
2026-04-20 08:50:00,0.0018114963986359811,-0.0003504809509923104
2026-04-20 08:55:00,-0.00011882191215129012,-0.000706859758271474
2026-04-20 09:00:00,0.000987421909332653,-0.0002819521927764253
2026-04-20 09:05:00,0.0012419410882547055,-0.00012176637008538783
2026-04-20 09:10:00,0.00026680841021686774,-0.00361056532098155
2026-04-20 09:15:00,-0.0017067286537724158,-9.092529884592278e-05
2026-04-20 09:20:00,-0.0011356072394832495,0.00031224507496673774
2026-04-20 09:25:00,-7.294835364035634e-05,-0.00019708504315855643
2026-04-20 09:30:00,-0.0004172264515336366,-0.00017487983404865714
2026-04-20 09:35:00,-0.0016776391794799395,-0.0019411775095403473
2026-04-20 09:40:00,-0.0017669747301294336,-0.00035777479208624115
2026-04-20 09:45:00,-0.000745182181422166,0.0016824449859050242
2026-04-20 09:50:00,8.353433782914976e-06,-0.00027808439296458096
2026-04-20 09:55:00,-1.4616113013232734e-05,-0.0004032320520105986
2026-04-20 10:00:00,-4.5939760452640144e-05,-0.0003091745718169581
2026-04-20 10:05:00,8.97950064135955e-05,0.02026970656597652
2026-04-20 10:10:00,0.0006116061322050115,-0.0003927243400217252
2026-04-20 10:15:00,0.0003027459076729855,-0.00011339953729733228
2026-04-20 10:20:00,0.00017747803755874259,-0.000184968404230952
2026-04-20 10:25:00,6.886053553145643e-05,-0.001135988390737457
2026-04-20 10:30:00,0.0008993453747887514,-0.0014529053425382447
2026-04-20 10:35:00,0.0008431123028280751,7.117810990817029e-07
2026-04-20 10:40:00,0.000769663211279692,0.0009995224017773732
2026-04-20 10:45:00,0.0001918669283611507,-0.0002113882908725386
2026-04-20 10:50:00,0.00031494125354569746,-0.002205963184939119
2026-04-20 10:55:00,-4.795628056086798e-05,0.00012289774181859016
2026-04-20 11:00:00,-0.0001918669283611507,0.00024077038742723484
2026-04-20 11:05:00,-0.0003462322251657213,0.0003304812377912606
2026-04-20 11:10:00,-0.0006027771732046716,-0.002030892572063687
2026-04-20 11:15:00,-0.0017284609523287031,0.00020177231812884528
2026-04-20 11:20:00,-0.0009934757019038898,0.0003116610231809181
2026-04-20 11:25:00,-0.0001877902930456088,-4.1181307149707114e-05
2026-04-20 11:30:00,0.0018911331140589738,0.0005108917597859695
2026-04-20 11:35:00,0.0006512971898793296,0.0006548083385016648
2026-04-20 11:40:00,-4.173518194150461e-06,-0.00019804763179429404
2026-04-20 11:45:00,-0.0007927550948103601,0.00022520340314750143
2026-04-20 11:50:00,0.001192944252460748,-1.9701161519918324e-05
2026-04-20 11:55:00,0.0007926558765980474,0.00592290323191271
2026-04-20 12:00:00,0.001786982613008803,-1.3257872357304095e-05
2026-04-20 12:05:00,8.545360760159326e-05,0.00017998185385990613
2026-04-20 12:10:00,0.0005565694620397466,-0.0006782507751346182
2026-04-20 12:15:00,-0.0005897473739100434,-4.7275594109004936e-05
2026-04-20 12:20:00,-0.00031892507928255043,-0.001469881816202515
2026-04-20 12:25:00,-0.0006900254082218282,-0.0007041280489806271
2026-04-20 12:30:00,-0.0001667761138772761,-0.00012152516586994472
2026-04-20 12:35:00,-0.00011467112854113282,-0.0004509280530275804
2026-04-20 12:40:00,0.00016264706040836074,-7.516136487682599e-05
2026-04-20 12:45:00,-0.0011640376309678402,-0.0004035486104738687
2026-04-20 12:50:00,-0.0007049950650337422,-0.00011559600171769037
2026-04-20 12:55:00,-0.001258075685933946,-0.00041815328425467236
2026-04-20 13:00:00,-0.0005887929080667931,-0.00030797326623210474
2026-04-20 13:05:00,-0.0006679092810077947,-0.0005245915003831957
2026-04-20 13:10:00,-0.00029022879210671704,0.0003038202391574525
2026-04-20 13:15:00,0.0004844222837103729,-0.00036281759898609085
2026-04-20 13:20:00,0.00043836577942002464,-0.0006409660737972071
2026-04-20 13:25:00,0.00136480331708988,-0.00013292276453129195
2026-04-20 13:30:00,0.002360286581872373,0.00016379744356875814
2026-04-20 13:35:00,0.0031068835843761633,0.0001180833779215995
2026-04-20 13:40:00,0.0031897887265976976,4.8745893919454946e-05
2026-04-20 13:45:00,0.0016938011773621753,-0.0004238716127439521
2026-04-20 13:50:00,0.0002870711893852018,0.00043387917457438465
2026-04-20 13:55:00,0.00024318889349395079,0.00047929114579646606
2026-04-20 14:00:00,0.0011615284025818795,2.6467490428966964e-05
2026-04-20 14:05:00,0.0011744690515911316,-0.0006727126262553885
2026-04-20 14:10:00,-0.0011832438269863133,-0.0004513354507568142
2026-04-20 14:15:00,-0.001914437119893364,-0.0004651841554617857
2026-04-20 14:20:00,-0.001979725107213781,-0.0005784204143102588
2026-04-20 14:25:00,6.65816363927263e-05,-0.002300647822086781
2026-04-20 14:30:00,5.409521591559496e-05,-0.0009577863578664263
2026-04-20 14:35:00,-0.00011657656283148299,-0.0007304944495871368
2026-04-20 14:40:00,-0.0005015520121940398,-0.0009289318210074677
2026-04-20 14:45:00,-0.0006139444666768412,0.0005365506256202412
2026-04-20 14:50:00,0.0016225226292299055,0.0006449172067448638
2026-04-20 14:55:00,0.002453335894477604,0.0005177631190666169
2026-04-20 15:00:00,0.0026466344685545096,-4.244368338428956e-05
2026-04-20 15:05:00,0.001080221051772412,0.00030183086118321675
2026-04-20 15:10:00,0.001831914613589447,0.0016368865168124276
2026-04-20 15:15:00,0.0011682765516454197,0.0011249753977458528
2026-04-20 15:20:00,0.00026572169545602264,0.0012716330558450297
2026-04-20 15:25:00,-0.0005203954708274949,0.00013781689482297296
2026-04-20 15:30:00,-0.00024059900972694948,0.00010132460197192215
2026-04-20 15:35:00,0.0007199999481066754,-0.0003132278794316278
2026-04-20 15:40:00,-0.0007344048228201672,-4.704741985602661e-05
2026-04-20 15:45:00,-0.0006142047486843438,-0.0005449579492114754
2026-04-20 15:50:00,-0.0016960433536112873,-0.00024343483022644938
2026-04-20 15:55:00,-0.0006684866914916654,-0.00029663229588449574
2026-04-20 16:00:00,-0.00018890230174584133,-0.00019994638136842528
2026-04-20 16:05:00,0.0025668201414799086,0.00010352225063570565
2026-04-20 16:10:00,0.0016890388738595163,6.298157441091059e-05
2026-04-20 16:15:00,0.00031550914511768724,0.0007135926144893124
2026-04-20 16:20:00,-0.0023029868078268123,0.0002693215310580309
2026-04-20 16:25:00,-0.0018967344095681682,0.0014143642908352187
2026-04-20 16:30:00,-0.0010320014786682208,0.000696193320309063
2026-04-20 16:35:00,-0.001076544935413537,-0.0053495948345685575
2026-04-20 16:40:00,-0.0017088939385043744,0.0005002599053497985
2026-04-20 16:45:00,-0.0031961939264117945,0.0012148683681703274
2026-04-20 16:50:00,-0.002437936395061513,-0.001019672393170389
2026-04-20 16:55:00,-0.001545090066269239,0.00022385367531816813
2026-04-20 17:00:00,-9.796146370710801e-05,0.0023423513724418078
2026-04-20 17:05:00,0.0013373330327084432,-0.000203934767300583
2026-04-20 17:10:00,0.0018883505658688904,-0.0004915583071123598
2026-04-20 17:15:00,0.0014101363420060409,0.0005952870013560564
2026-04-20 17:20:00,-0.0003477011678842956,0.001960661307765101
2026-04-20 17:25:00,-0.0015341433092519452,0.0038534272862793236
2026-04-20 17:30:00,-0.0009183415938807116,0.001423411465236256
2026-04-20 17:35:00,-0.0012710744789696804,-3.626969803046461e-05
2026-04-20 17:40:00,-2.0832248321056568e-05,0.0033030188109146735
2026-04-20 17:45:00,-0.0010359681965077527,0.0033439122977810716
2026-04-20 17:50:00,0.00040858700344514887,-0.00029223325826048486
2026-04-20 17:55:00,-0.00028961320171916327,-0.00012770379237529196
2026-04-20 18:00:00,0.0004357793690950018,-0.00034517438060026697
2026-04-20 18:05:00,6.25258570430276e-06,0.00017101686496454743
2026-04-20 18:10:00,0.0006020513675402128,0.00036541695562938175
2026-04-20 18:15:00,0.0007022684391824185,-0.00041394682581766826
2026-04-20 18:20:00,0.00043758387722370173,-0.0002395481315948557
2026-04-20 18:25:00,8.538278042813374e-05,0.0006592738193848068
2026-04-20 18:30:00,0.0007059389749688449,0.00025493862420999914
2026-04-20 18:35:00,0.0010223661689856556,0.005018929127125859
2026-04-20 18:40:00,0.0007785211822071147,0.00047932263614234054
2026-04-20 18:45:00,0.0007803258412248937,0.0002508888768756343
2026-04-20 18:50:00,0.0009423159826980054,-0.00725228915083457
2026-04-20 18:55:00,0.0006240444522163102,0.0007547201917213264
2026-04-20 19:00:00,0.0003369125119991878,5.2258637567262345e-05
2026-04-20 19:05:00,-0.0002516133942300769,-0.0014641175264806432
2026-04-20 19:10:00,0.00017258354489868566,-0.002429523934240083
2026-04-20 19:15:00,-0.0007925488347204634,0.00027630868195086217
2026-04-20 19:20:00,0.00032438232483933405,0.00039656490638934907
2026-04-20 19:25:00,-1.4554088711093982e-05,0.00023505831344746244
2026-04-20 19:30:00,0.0007592785762504661,0.0003899985420991333
2026-04-20 19:35:00,-0.00010395723624512243,0.00020729507966726294
2026-04-20 19:40:00,-0.0004263208472039537,0.00017031863030997937
2026-04-20 19:45:00,0.0005072512083206249,-0.00024056069607344575
2026-04-20 19:50:00,0.0010390863625904245,0.0006614710115931579
2026-04-20 19:55:00,0.00161282312199873,-0.0012450845615717644
2026-04-20 20:00:00,0.0004924527048846272,0.0007665360063675874
2026-04-20 20:05:00,-0.00018072345517694544,-0.0014549978181903579
2026-04-20 20:10:00,-0.0003177863816858917,-0.00016321699927541512
2026-04-20 20:15:00,0.00021602085516114755,0.0005312219356046078
2026-04-20 20:20:00,-0.00025971732512353185,0.0002934779585847655
2026-04-20 20:25:00,0.0001744834567105613,0.0005098252453572738
2026-04-20 20:30:00,2.0768777051927145e-05,-0.0007415704232003994
2026-04-20 20:35:00,0.0006003641835619078,0.0011414933088595147
2026-04-20 20:40:00,-0.00012878246582204156,-0.00019577943823848704
2026-04-20 20:45:00,0.0005813507016405595,-8.205503888111419e-06
2026-04-20 20:50:00,0.001046140274041818,0.00016401925450631105
2026-04-20 20:55:00,0.0013472404889594003,0.00011490630453701769
2026-04-20 21:00:00,0.00021169380023700057,0.0006238525003192884
2026-04-20 21:05:00,-0.0003319894706841353,0.0010313805050410753
2026-04-20 21:10:00,-0.0006723554274135068,0.0010902810922981537
2026-04-20 21:15:00,-0.0008865073956201286,0.0007378831548747159
2026-04-20 21:20:00,-0.0014724561001511205,0.00024921786126111856
2026-04-20 21:25:00,-0.0011569279352947603,0.0003354370584421789
2026-04-20 21:30:00,-0.00044043163010876185,0.0007251980374378094
2026-04-20 21:35:00,-3.325393955577738e-05,-3.0285466349347064e-05
2026-04-20 21:40:00,0.0005505904442308918,-0.00211906134580735
2026-04-20 21:45:00,0.0005816610741913308,0.00025863345959760767
2026-04-20 21:50:00,0.0006337129243298989,0.003069019048915207
2026-04-20 21:55:00,2.077106341680235e-05,0.0005161028853555101
2026-04-20 22:00:00,-0.00039673926546157645,0.0019096513698694873
2026-04-20 22:05:00,0.00024506648069966275,0.0004721753519800903
2026-04-20 22:10:00,0.0003115141899137086,0.0014859205037738483
2026-04-20 22:15:00,0.00014542009814455525,1.4889048225974239e-05
2026-04-20 22:20:00,-2.0765822767998543e-06,-0.00011198142828084073
2026-04-20 22:25:00,0.00012873085924880456,0.00024464786924922204
2026-04-20 22:30:00,0.000716404552086658,-0.0006717508449704614
2026-04-20 22:35:00,0.0008987570567402514,0.0013854235986252204
2026-04-20 22:40:00,0.0008508678327068253,0.0007593063826762958
2026-04-20 22:45:00,0.0015079627215168756,0.0002472012024944351
2026-04-20 22:50:00,0.0018158042097038418,-0.0009537982213861243
2026-04-20 22:55:00,0.0017492667490497382,0.0004537462630135648
2026-04-21 00:00:00,0.0014436039162575298,0.00013897347909603338
2026-04-21 00:05:00,0.0004803461897591177,0.0020908895294841526
2026-04-21 00:10:00,-1.863718677874715e-05,0.0004907510278097543
2026-04-21 00:15:00,-0.0007681438110953565,-3.9016716636470876e-05
2026-04-21 00:20:00,-0.0004037237880236688,-8.120056214450306e-05
2026-04-21 00:25:00,0.00036853765505462377,0.00027146278894772213
2026-04-21 00:30:00,0.0003644760179923878,-0.0007337772504092232
2026-04-21 00:35:00,-0.00027959659571408224,0.0011900334111945717
2026-04-21 00:40:00,-0.0006626370296256567,0.0004453228081925984
2026-04-21 00:45:00,-0.0006420639053423827,0.00017905546551286828
2026-04-21 00:50:00,-0.000594661531838625,0.00039397825909457003
2026-04-21 00:55:00,-0.00034806029252720805,0.0009108886680506373
2026-04-21 01:00:00,-0.0003895815984407136,0.006381434540491405
2026-04-21 01:05:00,0.0002383214719241522,0.0005416126707873332
2026-04-21 01:10:00,-0.0002155266214813878,-0.00017317071809023446
2026-04-21 01:15:00,-0.0001637524605389018,0.00043338549078106086
2026-04-21 01:20:00,-0.00020723284134405162,0.00014065066541209834
2026-04-21 01:25:00,-3.7307400548414194e-05,0.00169330865357209
2026-04-21 01:30:00,-0.0005577886830590018,-0.0002588282887910387
2026-04-21 01:35:00,-0.0008915909059492577,-0.00018094135842204432
2026-04-21 01:40:00,-0.0005825905123746367,-0.00032384556160599317
2026-04-21 01:45:00,0.0007837185980736905,-6.32977179714924e-05
2026-04-21 01:50:00,0.001635357236020596,0.0006264022343314684
2026-04-21 01:55:00,0.0013574695539979587,-0.0007161190601835423
2026-04-21 02:00:00,0.0006049920313149215,-0.0002475916035281858
2026-04-21 02:05:00,-0.0006132046348223952,0.0004219828982908138
2026-04-21 02:10:00,-0.0016499293817471283,0.0009492855978414189
2026-04-21 02:15:00,-0.0020485054944749947,-0.00031466243391431426
2026-04-21 02:20:00,-0.0012047157467716119,0.0010762632252422077
2026-04-21 02:25:00,0.0005184871904635457,0.0001246647733922486
2026-04-21 02:30:00,0.0014725282855909683,0.000288797900868843
2026-04-21 02:35:00,0.0009124826172701717,0.0007226018035168416
2026-04-21 02:40:00,0.0001181774549898762,-0.000567187282841594
2026-04-21 02:45:00,-0.0014393206569653927,-0.0005730582269555262
2026-04-21 02:50:00,-0.0011345077153173122,-0.0005095050160066502
2026-04-21 02:55:00,-0.0018052831207757691,-0.0001937553497312703
2026-04-21 03:00:00,-0.00014321577556586362,0.0015128139947815874
2026-04-21 03:05:00,-0.0003051055387874868,0.0004215017990040799
2026-04-21 03:10:00,0.0007038254969486957,0.0001731213816369416
2026-04-21 03:15:00,0.00012453662015410316,0.0004548719306848464
2026-04-21 03:20:00,-0.0007434357872710962,0.001080305382498819
2026-04-21 03:25:00,-0.0009634732291381454,0.00039663657304957477
2026-04-21 03:30:00,-0.001131777416111035,-0.0007085230388215126
2026-04-21 03:35:00,-0.0007980431740914895,0.0004205833987266843
2026-04-21 03:40:00,-0.0007128198769148497,-0.0010933674435523893
2026-04-21 03:45:00,-0.0011933870318419082,0.0010732728880843674
2026-04-21 03:50:00,-0.00028487273970867477,0.0001401945385479243
2026-04-21 03:55:00,-0.000519868339459606,-1.2410585089169955e-05
2026-04-21 04:00:00,5.6166861359230325e-05,-7.14509194269797e-05
2026-04-21 04:05:00,-0.0005325345441224982,0.000850092056811995
2026-04-21 04:10:00,3.535961246292629e-05,0.000342490550072782
2026-04-21 04:15:00,-0.0006575579865959469,5.494308100073383e-06
2026-04-21 04:20:00,9.987183123350007e-05,-0.00033705268772463306
2026-04-21 04:25:00,-0.0002641873290745167,0.0005314501956838698
2026-04-21 04:30:00,-2.0815661692097365e-06,0.000497179092573484
2026-04-21 04:35:00,7.697772954884385e-05,0.000614630221785063
2026-04-21 04:40:00,0.00023922773242013307,-0.001287139122494964
2026-04-21 04:45:00,0.0007241235404773505,0.0007210594329730387
2026-04-21 04:50:00,-0.0006659494082974504,-0.00014243459580480923
2026-04-21 04:55:00,-0.0013924839351293627,-0.00022524098747831193
2026-04-21 05:00:00,-0.0020467937771222466,0.0005150060974867787
2026-04-21 05:05:00,-0.001900392527778294,-0.00012343360449101838
2026-04-21 05:10:00,-0.0004791796536185444,-0.0010211790857404496
2026-04-21 05:15:00,0.000229249292937439,-0.0002562103316704142
2026-04-21 05:20:00,0.00010011074759930239,0.00015007111387968833
2026-04-21 05:25:00,-0.0007671653617524754,0.0001421983915313804
2026-04-21 05:30:00,-0.0006941614631426063,-0.00016775391924840047
2026-04-21 05:35:00,0.0001146979118935576,0.0001183460656987054
2026-04-21 05:40:00,0.0004712093278218532,-0.0006428538821847886
2026-04-21 05:45:00,0.0004774180323288135,0.0004996050063458552
2026-04-21 05:50:00,-0.00021898015814514338,-0.0015393132779316647
2026-04-21 05:55:00,-0.0007653064257855391,-0.0010645120922948277
2026-04-21 06:00:00,-0.0009133391938185298,0.00043829533428446546
2026-04-21 06:05:00,-0.0004193243931940316,-0.0009463373096032917
2026-04-21 06:10:00,-0.0002649700255119569,-0.0012065635364530865
2026-04-21 06:15:00,-0.0002649827411573824,0.00045463502379298895
2026-04-21 06:20:00,9.80667292704851e-05,-6.083548206982527e-05
2026-04-21 06:25:00,-5.634126111964122e-05,-0.0007553043527659233
2026-04-21 06:30:00,-0.00046336689050008317,0.0008613154914792367
2026-04-21 06:35:00,-0.0006574395783740528,0.00027827586467030446
2026-04-21 06:40:00,-0.0006178754050463198,0.0015366619283658973
2026-04-21 06:45:00,0.00027554132563523126,-0.0062942105428479365
2026-04-21 06:50:00,0.00011899729138598047,0.0003393485125562585
2026-04-21 06:55:00,0.00011692463176871115,0.001238460896167815
2026-04-21 07:00:00,-0.00040081248566359307,-0.0006487236860239646
2026-04-21 07:05:00,-0.00018163313288788174,-8.226313464910172e-05
2026-04-21 07:10:00,-0.00048657990633316217,-5.797756176992438e-05
2026-04-21 07:15:00,0.0006616717994560872,0.0007374559766736363
2026-04-21 07:20:00,0.001362487574381177,-3.2287651921022954e-05
2026-04-21 07:25:00,0.001886525263799399,0.01025541192449662
2026-04-21 07:30:00,-0.00036730946234797557,0.0006458696197181752
2026-04-21 07:35:00,-0.0015984511368554166,-0.003512421302489712
2026-04-21 07:40:00,-0.0025781684244101655,-0.0006662409941544696
2026-04-21 07:45:00,-0.0016754726892074245,-0.0007806333225347518
2026-04-21 07:50:00,-0.0001441113293836338,-3.617179146641827e-05
2026-04-21 07:55:00,0.0001797478518703599,3.632914268283851e-07
2026-04-21 08:00:00,-0.0004287200680508363,0.00033702875422864673
2026-04-21 08:05:00,-0.0014046061678989474,-0.0001683851449695011
2026-04-21 08:10:00,-0.0010894329230985988,-0.00088708915554441
2026-04-21 08:15:00,-0.00034310844027807264,-0.0006992599909307752
2026-04-21 08:20:00,-0.0005356074460323157,-0.0008347749267286749
2026-04-21 08:25:00,8.368375912404247e-05,5.0709749834529014e-05
2026-04-21 08:30:00,-0.00023438562821098685,0.0011312073371318799
2026-04-21 08:35:00,-0.0003893323000312421,-0.0007421370474089608
2026-04-21 08:40:00,-0.0005796537515969646,-0.001437666670645198
2026-04-21 08:45:00,-0.0006029582822506541,0.00019136166584222502
2026-04-21 08:50:00,0.0009542225066763166,-0.00044057764906042655
2026-04-21 08:55:00,0.0012614153998438127,0.0001271902073618392
2026-04-21 09:00:00,0.0019603767606106715,0.00018986645284562234
2026-04-21 09:05:00,0.0005980173603248318,-0.0007464982981351201
2026-04-21 09:10:00,2.717717953260035e-05,0.001590133940766154
2026-04-21 09:15:00,-0.000545674083046066,-0.0023961887195373234
2026-04-21 09:20:00,-0.0003512395866387408,-0.0011425594864790528
2026-04-21 09:25:00,0.000664565716149923,-0.000982311287742755
2026-04-21 09:30:00,0.0018323690841253182,-0.000297603286791156
2026-04-21 09:35:00,0.0014083950179824,2.0220401779007463e-05
2026-04-21 09:40:00,-0.00018386078447463206,-0.0007423544861505189
2026-04-21 09:45:00,-0.0009293457761838653,-0.002043929217793913
2026-04-21 09:50:00,-0.0017409318693708542,-0.0009996604927077618
2026-04-21 09:55:00,-0.0020414530684735865,-0.0003512145186214831
2026-04-21 10:00:00,-0.0005893811250974323,0.0006766051673060523
2026-04-21 10:05:00,0.001383796840340068,0.0001578903524479191
2026-04-21 10:10:00,0.002359009557546088,0.0005193620058507266
2026-04-21 10:15:00,0.0010468524862830009,-9.762926826499692e-05
2026-04-21 10:20:00,0.0002715177860839191,0.0007750976388378047
2026-04-21 10:25:00,0.0009687596667973253,-0.0005529729606169361
2026-04-21 10:30:00,0.00031321583123578023,1.4770208084823348e-05
2026-04-21 10:35:00,1.4618096994212237e-05,-0.0004215040601490863
2026-04-21 10:40:00,-0.0011713992041357812,0.0002872122912451608
2026-04-21 10:45:00,-0.0008709828557620369,0.0007686925712301813
2026-04-21 10:50:00,-0.0005263861623490129,6.425898976063736e-05
2026-04-21 10:55:00,-0.00042839395762861443,0.0007109853206698129
2026-04-21 11:00:00,0.00031130160885162184,0.00012715686637158581
2026-04-21 11:05:00,-0.00011283309281218123,0.0002559301100369172
2026-04-21 11:10:00,-0.0004662175313239203,-0.00021348529433368874
2026-04-21 11:15:00,-0.0004805733541441981,-0.0003775507281197142
2026-04-21 11:20:00,-0.00046609377688966447,0.0009946844642965999
2026-04-21 11:25:00,0.0011703583049893496,0.0011675895847152685
2026-04-21 11:30:00,0.00011076129593590167,0.0006006724587690915
2026-04-21 11:35:00,0.0009779195750994063,0.0010507003579684241
2026-04-21 11:40:00,-0.0009445397116323306,0.00023000865694995285
2026-04-21 11:45:00,-0.00039085402100091926,-0.0005442132086758118
2026-04-21 11:50:00,-0.0005348118780492683,0.0012174069617742543
2026-04-21 11:55:00,-0.00010035752376325036,0.00019844056848021703
2026-04-21 12:00:00,-0.00010662306977771152,-1.0200842525167177e-05
2026-04-21 12:05:00,-0.0005894599714171278,0.000311060963805745
2026-04-21 12:10:00,8.990408494646829e-05,-0.00018783687408480587
2026-04-21 12:15:00,0.00033655570053170436,-0.0006775302095990683
2026-04-21 12:20:00,0.0009613516507620545,-0.00020961762257502224
2026-04-21 12:25:00,0.0006792463344122979,5.158843836915628e-05
2026-04-21 12:30:00,0.0004931316886871429,-0.0005052241491435231
2026-04-21 12:35:00,0.0006035072515278017,-0.00031820211273412397
2026-04-21 12:40:00,0.000749770039520925,0.00038831988992819107
2026-04-21 12:45:00,9.609057588733094e-05,-9.488450589471452e-05
2026-04-21 12:50:00,-0.0019873098770730735,4.396306224494352e-05
2026-04-21 12:55:00,-0.0016422903816568635,-0.002618808317082488
2026-04-21 13:00:00,-0.0011118729096111224,-0.0005087205685493809
2026-04-21 13:05:00,0.00026980364105888555,6.9391747783207995e-06
2026-04-21 13:10:00,0.00031571299651034224,0.01296135182779079
2026-04-21 13:15:00,0.0011640921762339218,5.873158902828732e-05
2026-04-21 13:20:00,0.0017300319398039221,-0.00030495627832186317
2026-04-21 13:25:00,0.0019860772326953935,0.00014472000901915422
2026-04-21 13:30:00,0.0017946844608136558,-0.00012032915382431859
2026-04-21 13:35:00,0.0007241364155312624,-0.0009179673823819848
2026-04-21 13:40:00,0.0004192657904038555,-0.0005015246213546028
2026-04-21 13:45:00,-0.0006402910101446224,-0.004506036256904712
2026-04-21 13:50:00,0.00041296114580724463,0.0005222718196649877
2026-04-21 13:55:00,-0.0007239173631763407,0.001197224136123498
2026-04-21 14:00:00,-0.0020613073727293596,-0.00018811136365174015
2026-04-21 14:05:00,-0.0026726650462283175,0.00014613895680506
2026-04-21 14:10:00,-0.002710473337906194,0.0006310206946556395
2026-04-21 14:15:00,0.0008191839964908354,0.0008223388798242156
2026-04-21 14:20:00,-0.00046845167125475484,8.177772244275579e-05
2026-04-21 14:25:00,0.00011927318700521994,0.00030712277727468977
2026-04-21 14:30:00,-0.001961309729360039,0.0005718293308982854
2026-04-21 14:35:00,-6.484765510172963e-05,-0.0009327391153742005
2026-04-21 14:40:00,8.787640398644214e-05,0.0005323958254902822
2026-04-21 14:45:00,0.00032017779557946824,0.0005391155078837936
2026-04-21 14:50:00,-0.002588971094834136,0.0011258359545125416
2026-04-21 14:55:00,-0.003021517498531523,5.854461284001452e-05
2026-04-21 15:00:00,-0.0022622737949404836,-0.0007358761927048622
2026-04-21 15:05:00,0.0004424430898506415,-7.795031426927328e-05
2026-04-21 15:10:00,0.0020712057499014946,-0.0006877568164511292
2026-04-21 15:15:00,0.0014982814479385098,-8.959433804094238e-05
2026-04-21 15:20:00,0.003102082262529393,-0.0003464603285821715
2026-04-21 15:25:00,0.002963076655701613,0.001468266470378694
2026-04-21 15:30:00,0.0026996157264722598,0.0012019171692872039
2026-04-21 15:35:00,0.0009295865054230745,0.0005063626978445155
2026-04-21 15:40:00,-0.002155044859856403,-0.0005230586500645457
2026-04-21 15:45:00,-0.001709677229007056,0.002176667648452594
2026-04-21 15:50:00,-0.0018642217050786059,-0.00035323429906934764
2026-04-21 15:55:00,8.369969386023968e-06,-0.0019116330898857694
2026-04-21 16:00:00,-0.0005524029668926289,-3.4073510577349413e-06
2026-04-21 16:05:00,-0.001578525683621379,-0.0011841035745703465
2026-04-21 16:10:00,-0.0010384108224368305,-0.0016195880935764386
2026-04-21 16:15:00,-0.0019735649354064577,-0.00034497110010483167
2026-04-21 16:20:00,-0.002395572485204056,-0.00034900216920708037
2026-04-21 16:25:00,-0.006029810063159502,-0.0002899975530461391
2026-04-21 16:30:00,-0.008542416260825192,0.002347572574242905
2026-04-21 16:35:00,-0.004776775765485297,-0.00148271976709696
2026-04-21 16:40:00,-0.0012145571206723105,-0.002681082218722975
2026-04-21 16:45:00,0.0015132944511986324,-9.752731183726784e-05
2026-04-21 16:50:00,0.000350243486098023,-0.0044048980082907144
2026-04-21 16:55:00,0.0018718268208193223,0.0016150545038264713
2026-04-21 17:00:00,0.00435588210312865,-0.00023445897013050923
2026-04-21 17:05:00,0.001966258137354515,0.00589286946137442
2026-04-21 17:10:00,-0.0012243011581816177,-6.276749953683597e-05
2026-04-21 17:15:00,-0.002381056262889203,-0.0006225949432839312
2026-04-21 17:20:00,-0.0014769666511771362,0.0013979433774211278
2026-04-21 17:25:00,0.0007503520261682439,-0.0004837501736851646
2026-04-21 17:30:00,0.000432000495617757,0.002241700986067568
2026-04-21 17:35:00,-0.00037749258907382455,0.00014603106562117757
2026-04-21 17:40:00,-0.0007102909224379061,-7.412580049272297e-05
2026-04-21 17:45:00,-0.0013408642992605024,-0.0018471525999904743
2026-04-21 17:50:00,-0.0012346996447210046,-0.0007218190801021717
2026-04-21 17:55:00,-0.002658051561232,0.00018697366441535883
2026-04-21 18:00:00,-0.0015983129275483066,-0.0022819668517588647
2026-04-21 18:05:00,-0.0009275546712608218,-0.003558684686592422
2026-04-21 18:10:00,-0.002029430604487459,-0.000834001619134234
2026-04-21 18:15:00,-0.001651667745321106,-5.3357441412286684e-05
2026-04-21 18:20:00,-0.0014342257746413622,-0.000637550657601575
2026-04-21 18:25:00,0.0001842788928563266,0.0007485748154504414
2026-04-21 18:30:00,-0.0007601334728377651,-0.00022045423435190607
2026-04-21 18:35:00,-0.0030742182311040978,0.007334313721382022
2026-04-21 18:40:00,-0.002219959120512982,0.00021563690059335267
2026-04-21 18:45:00,-0.0017999438799591871,0.0001707130792803339
2026-04-21 18:50:00,0.0002590228060697086,-0.0001643578363292094
2026-04-21 18:55:00,-0.0007134682289056116,-0.000511874304440117
2026-04-21 19:00:00,-0.0023454191183258644,-0.0002581650263544752
2026-04-21 19:05:00,-0.0015530180210010514,0.001270614968326754
2026-04-21 19:10:00,-0.0016816356005069366,-0.0006572918298086467
2026-04-21 19:15:00,0.0007526630593659434,-0.0008956532184537568
2026-04-21 19:20:00,0.0010837552539104678,-0.00042397993821898764
2026-04-21 19:25:00,0.003881982560047348,-0.001907987120818585
2026-04-21 19:30:00,0.0014463284157049117,-0.0016315141757001247
2026-04-21 19:35:00,-0.0002952600168217856,-0.0006075985454555644
2026-04-21 19:40:00,-0.0013001020916032502,-0.0008231998061981759
2026-04-21 19:45:00,-0.0002674449472035434,-0.00134761640474381
2026-04-21 19:50:00,0.00029313615534398707,0.0003503731028045259
2026-04-21 19:55:00,-0.0015610816047590959,-0.0015906188160608394
2026-04-21 20:00:00,-0.0030466988808637296,-0.0015006678369458427
2026-04-21 20:05:00,-0.0029309753387494197,-0.0010591085810127579
2026-04-21 20:10:00,-0.0016018434193298958,0.0007548272344134091
2026-04-21 20:15:00,0.001274662169036489,-0.00011147785107628
2026-04-21 20:20:00,0.0014686884700108038,-7.793521049267722e-05
2026-04-21 20:25:00,0.0012872082022497011,-0.00013808808685026935
2026-04-21 20:30:00,-7.656153637114471e-05,-0.001992019535269258
2026-04-21 20:35:00,0.001613069825454616,0.0010343376603614476
2026-04-21 20:40:00,0.0015403429404994284,0.00025847690773519983
2026-04-21 20:45:00,0.001714848947264258,-0.0002635243984344224
2026-04-21 20:50:00,0.00012528121933996772,-8.888228578753771e-05
2026-04-21 20:55:00,-0.0002654071520513668,-0.0005765989972903228
2026-04-21 21:00:00,-0.0006456449983964774,0.00011242632597852705
2026-04-21 21:05:00,0.0010271386181859299,-0.0010503749826544673
2026-04-21 21:10:00,0.0010654487883989816,-0.0014787195812056594
2026-04-21 21:15:00,0.0007008452905470364,-0.0005628566704429256
2026-04-21 21:20:00,-0.002831427959648636,-0.001092559686797437
2026-04-21 21:25:00,-0.009086283591688726,-5.772309376152955e-05
2026-04-21 21:30:00,-0.005714508091553938,-0.0006522968157132067
2026-04-21 21:35:00,-0.004325250584196638,-0.0013681530038061294
2026-04-21 21:40:00,0.0015422116570711353,-0.0016946042469294204
2026-04-21 21:45:00,-0.0016090967636905873,0.0005570288489291696
2026-04-21 21:50:00,3.4180730617450195e-05,-0.002921169865976149
2026-04-21 21:55:00,0.004171924941735128,0.0030613249682955946
2026-04-21 22:00:00,0.005866144996076628,-0.00011799520095191534
2026-04-21 22:05:00,0.006097482470279303,0.0021333910198701083
2026-04-21 22:10:00,0.0015546827038672717,0.0006596296213388993
2026-04-21 22:15:00,0.0015041654188365783,0.0011730120617372006
2026-04-21 22:20:00,0.00032268542484992224,-0.0013943883841785604
2026-04-21 22:25:00,0.001267902386345554,-0.0020016354827582486
2026-04-21 22:30:00,0.0007342642832330881,-0.002286356048267018
2026-04-21 22:35:00,0.0012939411428884995,-0.001669469813229601
2026-04-21 22:40:00,0.0018003331979343784,-0.001479009522610937
2026-04-21 22:45:00,0.0025508758628074446,-0.00430427425889618
2026-04-21 22:50:00,0.0007586160495360872,-0.0024463499756931448
2026-04-21 22:55:00,0.0003431585447319918,-0.0016205073384199559
2026-04-22 00:00:00,-0.001128447255808851,0.00041184582889241194
2026-04-22 00:05:00,-0.0005360572798558394,-0.0031397385390963036
2026-04-22 00:10:00,-0.0005232579812961546,-0.00017388094495699737
2026-04-22 00:15:00,-0.00060391401676263,-0.0010543296784432418
2026-04-22 00:20:00,7.841367029826074e-05,-0.000932059148279035
2026-04-22 00:25:00,-0.0004175316732997203,-0.004701337950322871
2026-04-22 00:30:00,-0.000271350287324168,-0.0005603410232257013
2026-04-22 00:35:00,1.9072665796926458e-05,-0.0004677176569372098
2026-04-22 00:40:00,0.0004789810088716706,9.142625935942774e-05
2026-04-22 00:45:00,0.0011717902925258983,0.0010144594697779866
2026-04-22 00:50:00,0.0013489977215304094,-0.0002274645744731788
2026-04-22 00:55:00,0.001746547837333523,-0.0003321486129293843
2026-04-22 01:00:00,0.0020140482394168657,0.000318341704052288
2026-04-22 01:05:00,0.0015669559542050848,0.0008341815572817874
2026-04-22 01:10:00,0.0005117426004161985,0.0008078872960140474
2026-04-22 01:15:00,0.00021132445567495495,-0.0001090278618973864
2026-04-22 01:20:00,-0.00041000497229859434,-0.0007252323044762716
2026-04-22 01:25:00,0.000302270305935437,-0.0009933582041950322
2026-04-22 01:30:00,0.001191034440049421,0.0010238910605233791
2026-04-22 01:35:00,0.0017825090782750408,-0.0009292136787984147
2026-04-22 01:40:00,0.0016007200321244142,0.0012615028418274624
2026-04-22 01:45:00,0.0010842121645886493,-0.0011313250068073276
2026-04-22 01:50:00,0.0012526124085958656,-0.004634017456473275
2026-04-22 01:55:00,0.0008795158800722902,-0.000700526758424794
2026-04-22 02:00:00,-3.5840367010209206e-05,0.004432716960280204
2026-04-22 02:05:00,-0.0007146825395665246,0.002426778538076798
2026-04-22 02:10:00,-0.00020030129598680446,-0.0009270776235671906
2026-04-22 02:15:00,0.00039417340556546776,0.0009214173451970809
2026-04-22 02:20:00,0.0006893927608508932,-0.000540351699703881
2026-04-22 02:25:00,-8.645821806574361e-05,-0.0006894890882975399
2026-04-22 02:30:00,-0.0002929803818947363,-0.0024810456292079183
2026-04-22 02:35:00,-0.0010585291651619144,-0.0005055196831845734
2026-04-22 02:40:00,-0.0006096371371331344,-0.00022744275269929006
2026-04-22 02:45:00,-0.0007528683690125604,-0.0012898116068929242
2026-04-22 02:50:00,-0.0001687934647183198,-0.001105217815690579
2026-04-22 02:55:00,-0.0001371668298997264,-0.0006987831435584855
2026-04-22 03:00:00,0.0001139156392646612,0.001648390475106919
2026-04-22 03:05:00,0.0014717637039396436,-0.0025740562484307585
2026-04-22 03:10:00,0.0017648495972153455,0.00014466559696422955
2026-04-22 03:15:00,0.0016039881822482727,-0.0005676192174706969
2026-04-22 03:20:00,0.0011076646888330544,-0.00015378876108965611
2026-04-22 03:25:00,0.0006128567423360209,0.00024148133932320342
2026-04-22 03:30:00,0.0010188080407207423,-0.00012788797984945497
2026-04-22 03:35:00,0.000580717665508601,-0.00040131921193106354
2026-04-22 03:40:00,0.0007071615127411945,0.0009456552466542661
2026-04-22 03:45:00,-8.415967620223341e-05,0.0005625701713572038
2026-04-22 03:50:00,-9.255558600607117e-05,0.00043786579647372243
2026-04-22 03:55:00,0.0005931248175770065,-0.001149639427500003
2026-04-22 04:00:00,0.0010683020272779231,-0.0004236476840749066
2026-04-22 04:05:00,0.00040381606727102337,-0.001860770418749852
2026-04-22 04:10:00,-2.1026580743210843e-06,0.0001627098468213261
2026-04-22 04:15:00,-0.0002186146148375201,0.002640112656239704
2026-04-22 04:20:00,-0.0004416821853041597,6.020584263773706e-05
2026-04-22 04:25:00,-0.0009192849578596451,0.002418627290475337
2026-04-22 04:30:00,-0.0010495950347433336,-0.0009749068533819681
2026-04-22 04:35:00,0.000405934216889392,-0.0019976883102680717
2026-04-22 04:40:00,0.0008898472805736191,6.015266685994742e-06
2026-04-22 04:45:00,0.0015645243169082335,-0.0003813382720897
2026-04-22 04:50:00,0.0008702049944826484,0.0002371347793565184
2026-04-22 04:55:00,0.0004099467862399564,-0.00011392154383728392
2026-04-22 05:00:00,-0.00015760325409708287,0.0015139138038346852
2026-04-22 05:05:00,6.092801776702572e-05,0.001988775339209657
2026-04-22 05:10:00,0.0011490571959118512,-0.001238228736527054
2026-04-22 05:15:00,0.0005924593960457969,0.00016009239986586213
2026-04-22 05:20:00,-0.0003214896977628001,-0.0002965192369303203
2026-04-22 05:25:00,-0.0007812992647444617,0.006383752383248887
2026-04-22 05:30:00,-0.00047267865769562434,7.833015118322468e-05
2026-04-22 05:35:00,0.0,2.27368509502433e-05
2026-04-22 05:40:00,-0.0002353494950853019,-0.0005328300352966403
2026-04-22 05:45:00,2.521516944575808e-05,-0.0017847639410659244
2026-04-22 05:50:00,1.8914020017746225e-05,-0.0022097847736998522
2026-04-22 05:55:00,-0.0001744465268025408,0.0009989358556254991
2026-04-22 06:00:00,-0.0005464710716509558,0.0002838015729344284
2026-04-22 06:05:00,-0.00047085532579060896,0.00012083622323592566
2026-04-22 06:10:00,-0.0003132394131242222,0.0012526270901931998
2026-04-22 06:15:00,-0.0002943773939421135,0.0012615203803120493
2026-04-22 06:20:00,-0.0004879054233271063,0.009914985971187257
2026-04-22 06:25:00,9.461284954603855e-05,3.5367053206368905e-05
2026-04-22 06:30:00,0.0005739556740032015,-0.00040890150599650856
2026-04-22 06:35:00,0.00020192077202452197,0.0009621738016736032
2026-04-22 06:40:00,-0.0003616796272911671,-0.00034938798105263566
2026-04-22 06:45:00,-0.0009715026670846783,-0.00011888349307790486
2026-04-22 06:50:00,0.00018505823078207584,0.00021171257121734867
2026-04-22 06:55:00,0.00042685216108573343,-0.0003155068658938784
2026-04-22 07:00:00,0.0034045249384302423,0.0009974359788454102
2026-04-22 07:05:00,0.0027570931725513503,-0.0009926479304479998
2026-04-22 07:10:00,0.0019783812714333493,0.00030929095024211556
2026-04-22 07:15:00,-0.0007760767405002866,0.00027098770481212976
2026-04-22 07:20:00,-0.0005516500874573893,-0.0010115308593943426
2026-04-22 07:25:00,0.00026432771755757756,-1.1914678116417072e-05
2026-04-22 07:30:00,0.0007299484745590945,0.00010813178446568371
2026-04-22 07:35:00,0.0003985609903516263,-0.0008625746508948695
2026-04-22 07:40:00,8.809371498941232e-05,-0.0006981636172362351
2026-04-22 07:45:00,-0.0021389125312918367,0.0010018468213358323
2026-04-22 07:50:00,-0.0015447843522675697,0.00013626407853587364
2026-04-22 07:55:00,-0.0010639359284514427,-0.0004386907221907744
2026-04-22 08:00:00,0.00099760897174761,-0.0009112476176185381
2026-04-22 08:05:00,0.0005795738194880329,-0.00010447709753323448
2026-04-22 08:10:00,0.0008919362216861515,-0.001912744163902813
2026-04-22 08:15:00,0.0004386328576941878,0.0013260445910940346
2026-04-22 08:20:00,0.0002749700646287323,0.0005678720706744048
2026-04-22 08:25:00,-0.000707187636692197,-0.00016563738098009513
2026-04-22 08:30:00,4.406252262789678e-05,0.00010953295067699881
2026-04-22 08:35:00,0.00039448146134013484,-0.0009155274947749124
2026-04-22 08:40:00,0.000830946508420638,0.0007247304481259507
2026-04-22 08:45:00,0.0006271558687860335,-0.00044793520447228107
2026-04-22 08:50:00,0.0006291695798523733,-0.0008224604618807293
2026-04-22 08:55:00,-0.0004384690577179384,0.0010866625623416604
2026-04-22 09:00:00,-0.0010783640124572003,0.0006070923910550723
2026-04-22 09:05:00,-0.0007676400271243722,0.0005244472742175108
2026-04-22 09:10:00,0.0001426808902351695,0.00033356057494160116
2026-04-22 09:15:00,0.00013013672770689766,0.00029654814809439243
2026-04-22 09:20:00,-0.0003084803798412139,0.0004884817521966228
2026-04-22 09:25:00,-0.0004952739217802815,0.0014366681500767686
2026-04-22 09:30:00,-0.0006802564241077391,0.0015813635739378284
2026-04-22 09:35:00,-0.0008713938758031503,0.00024201022460585474
2026-04-22 09:40:00,-0.0004976195203134637,0.0012923771418351794
2026-04-22 09:45:00,-0.00035290781699970353,-0.00025380858193231045
2026-04-22 09:50:00,-8.823158696458222e-05,0.00044822227411543713
2026-04-22 09:55:00,-0.0007290291524846282,0.0008359889018575397
2026-04-22 10:00:00,-0.00014077774474152704,0.0006435020129582178
2026-04-22 10:05:00,-0.001124584048742605,0.0007260428742603435
2026-04-22 10:10:00,-0.0008031774297396765,0.0011949476378472074
2026-04-22 10:15:00,-0.0012573725097730915,0.00023283372333040317
2026-04-22 10:20:00,-0.0003197388265885337,0.0007328240501173596
2026-04-22 10:25:00,0.0004142846236643294,0.0003023717284182999
2026-04-22 10:30:00,0.0005468779715034344,-0.0006635623285014586
2026-04-22 10:35:00,0.0008958520130182279,0.0015490859070788946
2026-04-22 10:40:00,0.00021023110783069399,0.0002522445115384198
2026-04-22 10:45:00,0.0009290067232949895,-0.00012622863889914115
2026-04-22 10:50:00,0.0007606336739094388,-0.0010846833208360863
2026-04-22 10:55:00,0.0007459636883009324,0.0006263668190528511
2026-04-22 11:00:00,8.1929761030608e-05,0.0007888315797481319
2026-04-22 11:05:00,-1.0502050525218465e-05,-0.0002844260598910109
2026-04-22 11:10:00,-0.0008720970492710478,0.0005515024598939288
2026-04-22 11:15:00,-0.000895289074225758,-0.00018735737731249047
2026-04-22 11:20:00,-0.0004537939139250824,-9.97941329036587e-05
2026-04-22 11:25:00,0.00040567227071797163,5.632055897977328e-05
2026-04-22 11:30:00,0.00039520291450934053,7.105483648515629e-05
2026-04-22 11:35:00,-0.0008472127105125793,-0.0009124980112809361
2026-04-22 11:40:00,-0.0006264439421936885,0.0006080830747959439
2026-04-22 11:45:00,-0.0018154380285224647,-0.0011439819149588527
2026-04-22 11:50:00,-0.001279536847608398,0.0012825330738052657
2026-04-22 11:55:00,-0.0014541049454415145,0.0003194144218456025
2026-04-22 12:00:00,0.0009659792970904135,-0.00020434523844535575
2026-04-22 12:05:00,0.00038319097485661757,-0.00015202924310000449
2026-04-22 12:10:00,0.0012984841970951067,0.003092233963976145
2026-04-22 12:15:00,0.0009335243110406566,7.390497128172249e-05
2026-04-22 12:20:00,0.0014304047538722386,0.0002391093442038191
2026-04-22 12:25:00,0.0003805971215200543,0.0001919316189642308
2026-04-22 12:30:00,-0.00026903473442807524,0.0007024282370860364
2026-04-22 12:35:00,4.203976962813272e-05,0.000748574842536045
2026-04-22 12:40:00,0.000584281581486934,-0.005298806496504389
2026-04-22 12:45:00,0.00018496915481946985,0.00023619191808476516
2026-04-22 12:50:00,-0.00015555597629202111,0.0010948915404428278
2026-04-22 12:55:00,-0.00042872004607552583,0.0002637045266586486
2026-04-22 13:00:00,0.0004433662708720476,-0.0005692832177951444
2026-04-22 13:05:00,0.00012192430197721649,-0.0001675799290922272
2026-04-22 13:10:00,6.516047872118236e-05,-0.0005841979302803174
2026-04-22 13:15:00,-0.0005736818870705207,-0.00026682558881210275
2026-04-22 13:20:00,-0.00047096224342091375,0.0007173428711271
2026-04-22 13:25:00,-0.001851369279386006,-0.0007542673013805733
2026-04-22 13:30:00,-0.0011357256298420992,0.00036660595771681286
2026-04-22 13:35:00,-0.0008689185456987047,0.0008488115040072398
2026-04-22 13:40:00,0.0004905258092815501,2.936856891214078e-05
2026-04-22 13:45:00,0.0010159043525934663,-6.031266957493837e-05
2026-04-22 13:50:00,0.000349341305797779,-0.0002561977356247337
2026-04-22 13:55:00,0.00024201635517329123,6.326701582395599e-05
2026-04-22 14:00:00,-0.0019338397362940185,-0.0002564614221071594
2026-04-22 14:05:00,-0.00010100181180661139,-0.0003574499912766805
2026-04-22 14:10:00,2.1042331912468626e-06,4.6325091227971305e-05
2026-04-22 14:15:00,0.0011346641064697849,-3.594504533495466e-05
2026-04-22 14:20:00,-0.00034095644927489843,0.0013583699702610762
2026-04-22 14:25:00,-0.0011495706167448105,6.59913773492611e-05
2026-04-22 14:30:00,-0.0018468548182539735,-0.0017109724971953626
2026-04-22 14:35:00,-0.0008823960466699532,0.000531753148984841
2026-04-22 14:40:00,-0.00045935547756670303,-0.0006149755703474716
2026-04-22 14:45:00,-0.0005671653586603043,0.0005215075102669096
2026-04-22 14:50:00,-0.0005015647661057443,0.0003985859444388324
2026-04-22 14:55:00,-0.00044902369723409663,-0.00041461142450916464
2026-04-22 15:00:00,0.0004723087975193607,-0.00046283088266308646
2026-04-22 15:05:00,0.0007712098894803177,-0.0005806609872670003
2026-04-22 15:10:00,0.0016580659629905625,0.0037782878994206902
2026-04-22 15:15:00,0.00015387388063459184,7.437869260515015e-05
2026-04-22 15:20:00,0.0002653609240024224,1.0423398718978913e-05
2026-04-22 15:25:00,0.0010772167614714334,-0.0031465399325560266
2026-04-22 15:30:00,0.002597524341419799,-0.00016799257114225434
2026-04-22 15:35:00,0.0013068224928698413,0.00016186314921402053
2026-04-22 15:40:00,-0.000447998055651766,-0.0006130201057098331
2026-04-22 15:45:00,-0.0024668555276647908,-0.00043416611131831615
2026-04-22 15:50:00,-0.0017891577631399258,-0.0003374489332332907
2026-04-22 15:55:00,-0.0016507004485131205,-0.0004497271825571533
2026-04-22 16:00:00,0.00038979742616263025,0.0004308349900068396
2026-04-22 16:05:00,-0.0002528450347334399,4.400665775916395e-05
2026-04-22 16:10:00,-0.0003266730695532516,0.0007687484392649145
2026-04-22 16:15:00,-0.002256608917317493,-0.001008799572556168
2026-04-22 16:20:00,-0.0016724933640208661,2.1420123448099584e-05
2026-04-22 16:25:00,-0.0022728025914897643,-0.006139386282552025
2026-04-22 16:30:00,0.0002828824473404268,-0.0014924144784064929
2026-04-22 16:35:00,8.44330741145427e-06,-0.0005926998916270488
2026-04-22 16:40:00,0.0006800609360126941,-0.0027205407311790826
2026-04-22 16:45:00,-0.0003504483029619365,0.0004245613078207157
2026-04-22 16:50:00,-0.00023221693387931452,0.00024315476332927304
2026-04-22 16:55:00,0.00026809566742791446,0.00023832854019166148
2026-04-22 17:00:00,-0.0004857639578403905,-0.00024075338322139886
2026-04-22 17:05:00,-0.0004645957045106286,-0.0005712997681068263
2026-04-22 17:10:00,-0.0005552699588573518,0.0002801827803414463
2026-04-22 17:15:00,-9.506838064510248e-05,-0.0020368797057209167
2026-04-22 17:20:00,-0.001280867275646358,0.0006272793368197095
2026-04-22 17:25:00,-0.0016951628519539241,-0.00027581694049493206
2026-04-22 17:30:00,-0.001020970137060928,-0.002308364471588449
2026-04-22 17:35:00,-0.00012902311540941014,-0.0008186702480330666
2026-04-22 17:40:00,0.0002961208194580678,-0.0012335781219079407
2026-04-22 17:45:00,0.00048207852893078496,-0.00022582882437807803
2026-04-22 17:50:00,0.001312720362440345,-0.0007087013462447023
2026-04-22 17:55:00,0.00037848393322370555,-0.0007047556406942211
2026-04-22 18:00:00,-0.0011167466611254895,-0.00047935028849339044
2026-04-22 18:05:00,-0.001839561223199837,-0.00033444173098712694
2026-04-22 18:10:00,-0.0006492195319545147,-0.00026798557980414143
2026-04-22 18:15:00,0.0007065717813343753,0.00012035704873088497
2026-04-22 18:20:00,0.0012795934119989028,7.66122381463749e-05
2026-04-22 18:25:00,0.00021786331172712892,0.000595601867494591
2026-04-22 18:30:00,0.0002791063540197314,-0.0007995734732311589
2026-04-22 18:35:00,-0.0001902491000613793,-0.0009368821660496757
2026-04-22 18:40:00,0.00013323280972876717,-0.0009410885790034328
2026-04-22 18:45:00,0.001229677206261215,0.000218752583565371
2026-04-22 18:50:00,0.0013795422235176602,0.0003408444248197885
2026-04-22 18:55:00,0.0014031530978027007,0.00024212960853114724
2026-04-22 19:00:00,-0.0004329612398379368,0.00022740648268777038
2026-04-22 19:05:00,-0.00018791138661100604,-0.0006882453653298596
2026-04-22 19:10:00,-5.4905720556774895e-05,-7.79031379266504e-05
2026-04-22 19:15:00,0.000669426757088587,-0.00044437856045549413
2026-04-22 19:20:00,-3.167393583680678e-05,-0.00034969028462181645
2026-04-22 19:25:00,0.0003019441637395204,-8.057444245779222e-05
2026-04-22 19:30:00,-2.955513193469983e-05,-0.0006701831267183011
2026-04-22 19:35:00,0.0002786962102678814,-0.0008964839623209725
2026-04-22 19:40:00,0.00011610809888118467,-0.0004959616640418964
2026-04-22 19:45:00,6.333316093787289e-06,-0.0002033121423746779
2026-04-22 19:50:00,5.066369440775986e-05,-0.0008574834105396088
2026-04-22 19:55:00,-0.00036736995200215006,-0.000264275008989429
2026-04-22 20:00:00,-0.0008300061406973924,-0.0007796880127806174
2026-04-22 20:05:00,-0.0009820662828641247,-0.0008341001315360945
2026-04-22 20:10:00,-0.0010183622995878494,-7.142764456077996e-07
2026-04-22 20:15:00,7.6059766110248e-05,-0.00049885999124178
2026-04-22 20:20:00,0.0011741428101199602,-0.00035936975862287156
2026-04-22 20:25:00,0.0018605795970945138,-0.0001380243613080714
2026-04-22 20:30:00,0.002913378169933978,0.0001881803659748776
2026-04-22 20:35:00,0.0007932439662123869,-2.157102521145593e-05
2026-04-22 20:40:00,0.0005146908488100621,-0.0004067312675719402
2026-04-22 20:45:00,-0.001102330285856823,-0.0004388590570224766
2026-04-22 20:50:00,-0.00035435039296594084,-0.001063004911255841
2026-04-22 20:55:00,-0.0006792790621332756,-0.00037561517363001644
2026-04-22 21:00:00,-0.0001497408536970113,0.000675508195486446
2026-04-22 21:05:00,0.00035435039296594084,-0.0003727618609141104
2026-04-22 21:10:00,0.0012801196245071367,-0.0011800648711920328
2026-04-22 21:15:00,0.00011178050538518391,-0.0006492937539326597
2026-04-22 21:20:00,-0.0003775562872654348,-0.0009865537790956064
2026-04-22 21:25:00,-0.0011429608989406148,-0.001295855610647174
2026-04-22 21:30:00,-0.0005484769355295072,-0.0010500582740427403
2026-04-22 21:35:00,0.00011813349098233061,-0.0011733323613939846
2026-04-22 21:40:00,0.00022152436278410903,-0.0010409980651477353
2026-04-22 21:45:00,6.963105041357665e-05,0.0002481444925035828
2026-04-22 21:50:00,-0.0005971390255847808,6.294934001489761e-05
2026-04-22 21:55:00,-0.0009075061932257711,-0.00014603360229449385
2026-04-22 22:00:00,-0.0005550730760077727,-0.00011451052683764183
2026-04-22 22:05:00,-0.00044333728137146977,-0.0004304173420206351
2026-04-22 22:10:00,0.00019001131680163041,-0.0001798144122346166
2026-04-22 22:15:00,0.00044534922129813026,9.457828393858326e-06
2026-04-22 22:20:00,0.0004412266171343049,0.0010286690019447107
2026-04-22 22:25:00,0.00013087568517278214,-0.00020414838726093808
2026-04-22 22:30:00,-6.330589725322966e-06,8.289922930617018e-05
2026-04-22 22:35:00,0.00017728026790386764,-0.00021016920753213152
2026-04-22 22:40:00,0.00047902777272312846,0.00026357418934309495
2026-04-22 22:45:00,0.0006412961151340824,0.0007505177883943227
2026-04-22 22:50:00,3.1653883777238434e-05,0.00038872232935712034
2026-04-22 22:55:00,-0.0007154608432102805,0.0003534966668297026
2026-04-23 00:00:00,-0.0011584296030306973,0.00011438166849175868
2026-04-23 00:05:00,-0.0007388518157238622,0.0031789449799557116
2026-04-23 00:10:00,-0.0007011838043506913,6.754130785944883e-06
2026-04-23 00:15:00,-0.00044769469659478034,0.001237880279126546
2026-04-23 00:20:00,-0.0009148213303316055,0.0009693241011799036
2026-04-23 00:25:00,-0.000657278110413273,-6.191182186283581e-05
2026-04-23 00:30:00,-0.0008685077744861047,-0.0007187491880262448
2026-04-23 00:35:00,-4.227444994953089e-06,0.0007134867954019029
2026-04-23 00:40:00,-0.0007909970570256775,-4.082718991036717e-06
2026-04-23 00:45:00,-0.0011718842233534588,0.0010679658215281065
2026-04-23 00:50:00,-0.0009770189857842837,0.0007535326434143275
2026-04-23 00:55:00,-4.2316936937680794e-05,0.0004243702322230802
2026-04-23 01:00:00,0.0009435379987436932,-0.0004261228497034416
2026-04-23 01:05:00,0.00015444097159189596,0.0007688658466053008
2026-04-23 01:10:00,0.00045058338617387506,2.1234986625398317e-05
2026-04-23 01:15:00,-0.0003299255159632253,0.00043040785181825574
2026-04-23 01:20:00,-0.0003681589133925911,-0.0007036689348647239
2026-04-23 01:25:00,-0.0007849501557721794,0.00015171782639937693
2026-04-23 01:30:00,0.0001163323171429198,0.0010495102397087746
2026-04-23 01:35:00,0.0005162305972810088,-0.0003910507541302042
2026-04-23 01:40:00,0.0007066943714146845,-0.0012663295452244587
2026-04-23 01:45:00,-0.001430769833028478,8.780894616648596e-05
2026-04-23 01:50:00,-0.002560495453547418,-0.0005204332848915598
2026-04-23 01:55:00,-0.006248462197703475,-0.00032424742687762163
2026-04-23 02:00:00,0.0003345940642898171,-0.0008630430931528601
2026-04-23 02:05:00,0.002539343698162,0.0017122097987960277
2026-04-23 02:10:00,0.009144073391810892,0.004533595483378205
2026-04-23 02:15:00,0.00506240369505484,3.9251627876987294e-05
2026-04-23 02:20:00,0.0037874834684821224,-0.006702799864747227
2026-04-23 02:25:00,0.0006008810994977409,-0.0031866772349059716
2026-04-23 02:30:00,0.00015166643524366918,-0.0025802691044652945
2026-04-23 02:35:00,0.0005013883083524462,0.000705947231836806
2026-04-23 02:40:00,0.0005794554755791381,-0.00023042031664198196
2026-04-23 02:45:00,-0.0006215570942256221,0.0007687598807206712
2026-04-23 02:50:00,-0.0008744325964080701,-0.0007633209415426774
2026-04-23 02:55:00,-0.0021382759394548145,-0.0007907173432677314
2026-04-23 03:00:00,-0.002160543507994106,-0.0004487087461391385
2026-04-23 03:05:00,-0.0021250001401948992,-0.00035293185099626257
2026-04-23 03:10:00,-0.0017282984580848648,-0.001601141729960429
2026-04-23 03:15:00,-0.0009868779851256448,-0.000952882705964844
2026-04-23 03:20:00,-0.00025141579974352624,-0.005993318335666739
2026-04-23 03:25:00,0.001124367397672188,0.0005257158085346246
2026-04-23 03:30:00,0.0009277350090766134,0.0005867395476967323
2026-04-23 03:35:00,-0.0015627299562890329,6.988854051209479e-05
2026-04-23 03:40:00,-0.0023240996648805634,0.0007294103109241734
2026-04-23 03:45:00,-0.002821801224270004,-0.0005609070663039461
2026-04-23 03:50:00,-0.0022161119921886296,-0.00033735874862093196
2026-04-23 03:55:00,-0.0034166387966401146,-0.00010811657548186529
2026-04-23 04:00:00,-0.002101422466735059,-0.0003505740232980451
2026-04-23 04:05:00,0.00022692159744153173,-0.00181428775766578
2026-04-23 04:10:00,0.0015135837987543255,-0.00029507996165078197
2026-04-23 04:15:00,0.0003226039258308333,0.0015709217139702322
2026-04-23 04:20:00,-0.0009016281893323708,-0.00037902556551702113
2026-04-23 04:25:00,-0.002684839078151313,-0.0011939704583957165
2026-04-23 04:30:00,-0.0013059142776796762,-0.0001472604351138303
2026-04-23 04:35:00,-0.001801446317397648,-0.0012528334336805583
2026-04-23 04:40:00,-0.0004978268048514423,0.00016032342542604138
2026-04-23 04:45:00,0.0005098280078215112,-0.00037052674234284896
2026-04-23 04:50:00,0.0001381974588738899,-0.0010204075126640686
2026-04-23 04:55:00,0.0005786470882345185,-0.00028719699507857063
2026-04-23 05:00:00,-0.0017046932067685816,-3.3038226647283506e-05
2026-04-23 05:05:00,0.0001828165228729972,-0.0009079852196367872
2026-04-23 05:10:00,0.0002785672306000464,-0.0008248851292865009
2026-04-23 05:15:00,0.0005720976039675918,-0.0015977747256780781
2026-04-23 05:20:00,-0.00040181518955684226,0.0008771088640699188
2026-04-23 05:25:00,0.00045914756661247225,-0.00020621128001861814
2026-04-23 05:30:00,0.0007332523896224075,0.0006538387626455506
2026-04-23 05:35:00,0.0006547271318542158,0.000650160925406968
2026-04-23 05:40:00,-0.00029969743536639726,0.0020252836223404853
2026-04-23 05:45:00,-0.0008331863694923669,5.108090177396497e-05
2026-04-23 05:50:00,-0.00029755010219290057,-0.00010170625797769218
2026-04-23 05:55:00,0.0005015706065769621,-0.0005190294092017029
2026-04-23 06:00:00,0.0003996760126430132,-0.000521784608834133
2026-04-23 06:05:00,-5.739484787170568e-05,0.001855022896406048
2026-04-23 06:10:00,-0.00016787062526724128,-0.0010546731565611689
2026-04-23 06:15:00,0.0002869028853424993,0.0036162336947612884
2026-04-23 06:20:00,-0.00015306903443423892,-0.00036284358694009235
2026-04-23 06:25:00,-0.0008185072373976254,0.000492523512538181
2026-04-23 06:30:00,-0.0008056622117891266,-0.001506002980487059
2026-04-23 06:35:00,-0.0001509660233622867,-0.001489125481978185
2026-04-23 06:40:00,0.000565585619435538,-0.0001250016485259472
2026-04-23 06:45:00,0.001020254259321618,-0.0011031074913115185
2026-04-23 06:50:00,0.0015532226110952507,0.0008215992514148543
2026-04-23 06:55:00,0.0007288359028869706,-3.274457055764266e-05
2026-04-23 07:00:00,-2.124468351993869e-05,0.00011029973300222284
2026-04-23 07:05:00,-0.0007391265899574506,-0.0024580376950329033
2026-04-23 07:10:00,-0.00042278762138359127,-0.00035817318585969985
2026-04-23 07:15:00,-0.00020822178669988034,7.54458658637127e-05
2026-04-23 07:20:00,-0.0007609363710017192,-0.00378855039785263
2026-04-23 07:25:00,-0.0008609996418229571,-0.0010527763097677814
2026-04-23 07:30:00,0.0010449210782361718,-0.0009552337444516401
2026-04-23 07:35:00,0.0019437012692922195,-0.013956641725042693
2026-04-23 07:40:00,0.0024747045906359233,-0.003544159665434439
2026-04-23 07:45:00,0.0007554008333361395,0.0008719276180614184
2026-04-23 07:50:00,0.00018461440575201493,0.0007880488973060521
2026-04-23 07:55:00,-0.0003119214492492972,0.0005026081025005559
2026-04-23 08:00:00,-0.0008148385945876413,-0.00043183752412941296
2026-04-23 08:05:00,-9.760796828217622e-05,-0.00040890297467860003
2026-04-23 08:10:00,4.8810457331072143e-05,0.0003661309398372761
2026-04-23 08:15:00,0.0003395967745465356,-0.0005653917460305793
2026-04-23 08:20:00,0.00017399016787145172,-2.6469706749424087e-05
2026-04-23 08:25:00,0.0006343192365800832,-0.000576729228833217
2026-04-23 08:30:00,0.0008463674057743731,0.002999770737324166
2026-04-23 08:35:00,0.0002566863084680904,-0.004935538312575455
2026-04-23 08:40:00,-0.0004730494488516257,0.0005063041386716282
2026-04-23 08:45:00,-0.0006490297657375521,-2.477343572885606e-05
2026-04-23 08:50:00,-0.0007638884839682447,-0.0016369454903846661
2026-04-23 08:55:00,5.51652730500507e-05,-0.0005297836228432505
2026-04-23 09:00:00,-9.335919106767676e-05,-0.0003504142310354233
2026-04-23 09:05:00,-0.0011830563097916524,-0.0012054068797164308
2026-04-23 09:10:00,-0.0015670290176732493,-0.0008039993493621733
2026-04-23 09:15:00,-0.0003607878797424746,-0.0005346994246415327
2026-04-23 09:20:00,0.0008582269219772343,-0.0003485608721442399
2026-04-23 09:25:00,0.001683714760822852,-0.00012794503217921705
2026-04-23 09:30:00,0.0019848429033153536,-0.00032124499390654874
2026-04-23 09:35:00,0.0014534809176964814,-0.00024922758076698087
2026-04-23 09:40:00,0.0012190818538364567,3.25859067537718e-05
2026-04-23 09:45:00,0.00022241309829595934,-0.0003227075219137595
2026-04-23 09:50:00,0.000582920447866897,-0.0005278673172212417
2026-04-23 09:55:00,-0.0002013110654779382,-0.000383570764669888
2026-04-23 10:00:00,2.329755746366402e-05,-1.1069154613598561e-05
2026-04-23 10:05:00,-0.00012291494936711445,-0.0012851559032317967
2026-04-23 10:10:00,-0.0005978148139327288,-0.0005573651152892508
2026-04-23 10:15:00,-0.002474689779807804,-0.00023022267391216558
2026-04-23 10:20:00,-0.0022362972518514823,0.0005222900058892638
2026-04-23 10:25:00,-0.002530889008832915,-0.0020948852503954803
2026-04-23 10:30:00,-0.0008007604465660734,-0.0009234172425070669
2026-04-23 10:35:00,-0.000611927505687504,-0.0008473322139078781
2026-04-23 10:40:00,-0.00018709829731378136,-0.0004201698597177172
2026-04-23 10:45:00,-0.001924871090952962,-0.00023554812773362693
2026-04-23 10:50:00,-0.002008391664567455,0.00879870495405393
2026-04-23 10:55:00,-0.001340477070050028,0.001055309772966347
2026-04-23 11:00:00,0.0006235959981211181,-0.0002431127613606325
2026-04-23 11:05:00,0.0014173562511441418,0.0005848327644386303
2026-04-23 11:10:00,0.0009512855307978185,-0.00040461893751582857
2026-04-23 11:15:00,0.00035100072794236326,-0.0002768178071695406
2026-04-23 11:20:00,-0.0004105286837461364,0.0008421139025168342
2026-04-23 11:25:00,-4.467101394389772e-05,0.0007682584347522833
2026-04-23 11:30:00,-0.0005914541433789111,0.0009973850972549304
2026-04-23 11:35:00,-0.0006193024639102873,-0.0013997389022486562
2026-04-23 11:40:00,-0.000781001487849764,0.0005388752282637874
2026-04-23 11:45:00,0.000446814222081926,0.0006856951740225262
2026-04-23 11:50:00,-0.0012440197068794845,-3.06555360903546e-05
2026-04-23 11:55:00,-0.0016171424851538774,-0.0005405977195393571
2026-04-23 12:00:00,-0.002611367957083388,-0.0009666891158585105
2026-04-23 12:05:00,-0.0008678954933358796,0.0011612060277461224
2026-04-23 12:10:00,-0.0005310952096984067,0.0003142008375889915
2026-04-23 12:15:00,0.0008058636607888303,-0.0011470209783380517
2026-04-23 12:20:00,0.0014027579920892208,0.0007296029730618161
2026-04-23 12:25:00,0.0007080642842804963,0.0009286837818008107
2026-04-23 12:30:00,-0.0004966592838293593,-0.00028166141193032297
2026-04-23 12:35:00,-0.0005647038917508951,0.0004983900149277273
2026-04-23 12:40:00,0.0014039814441186849,-0.00015033326203609378
2026-04-23 12:45:00,0.0018212981833780617,0.0010122469503206178
2026-04-23 12:50:00,0.0014292548050427456,0.0003413564430928312
2026-04-23 12:55:00,0.00016178921880616315,-0.00037519502121489024
2026-04-23 13:00:00,0.0007403515305828279,-0.0011564916509052205
2026-04-23 13:05:00,0.0006808931026860421,-0.0004666874885598869
2026-04-23 13:10:00,0.0004107418630301396,-0.00013797450367514696
2026-04-23 13:15:00,-0.0009446829312818039,-0.0001545506756087888
2026-04-23 13:20:00,0.00033602007929900424,0.0011585312889345306
2026-04-23 13:25:00,0.0012333394437238354,-0.0007154488288918905
2026-04-23 13:30:00,0.001814108644309087,-0.0009134605447420103
2026-04-23 13:35:00,0.002478379173437517,-0.001857269480939408
2026-04-23 13:40:00,0.0031508585893256225,-0.0004537761984819247
2026-04-23 13:45:00,0.005188057091491061,-0.00019397285443207375
2026-04-23 13:50:00,0.003144866457454043,-0.0014502170857951656
2026-04-23 13:55:00,0.0016848668686790802,-0.0010448604701869951
2026-04-23 14:00:00,0.00032758786780640037,-6.382451972996602e-05
2026-04-23 14:05:00,0.0007989347961583348,-0.001423915141059501
2026-04-23 14:10:00,0.0010082915387261693,-0.000835921837126325
2026-04-23 14:15:00,0.0013346033753816045,0.001221523670140438
2026-04-23 14:20:00,0.0008574047771219284,0.0004679076275100789
2026-04-23 14:25:00,0.0014989309730495393,0.0004361936385713443
2026-04-23 14:30:00,-0.0006903081644988873,0.0020015851397037214
2026-04-23 14:35:00,0.00012664774003567913,0.0004037206775477316
2026-04-23 14:40:00,-1.687685381845938e-05,2.8709287639530845e-05
2026-04-23 14:45:00,-0.00032948929457887743,0.00022409842732546226
2026-04-23 14:50:00,-0.002216539156515651,4.9636552679250656e-05
2026-04-23 14:55:00,-0.0029176436603890465,-0.001036915592141277
2026-04-23 15:00:00,-0.001490393581160987,0.002542437255545675
2026-04-23 15:05:00,0.00042509409283475463,-0.0003645263765527471
2026-04-23 15:10:00,6.347164512199299e-05,0.00015711435070272551
2026-04-23 15:15:00,-0.0002517892389271026,-0.0016454292419989139
2026-04-23 15:20:00,0.0003023201508831619,-0.00230227218066707
2026-04-23 15:25:00,0.0009917499488594217,-0.001811299283709896
2026-04-23 15:30:00,0.002515044028619684,-0.0006466000118851002
2026-04-23 15:35:00,0.0010035547805973266,0.00017420025082056365
2026-04-23 15:40:00,-0.0013641744578514192,0.0006021238396933672
2026-04-23 15:45:00,-0.002874852952800211,-0.0022352648347725122
2026-04-23 15:50:00,-0.0029416793002621233,0.001965970139923313
2026-04-23 15:55:00,-0.00019261481013366222,0.0008385522459661903
2026-04-23 16:00:00,-8.46765145467998e-06,-0.00011302242363423154
2026-04-23 16:05:00,0.0017795763973360579,-0.0007440721605713714
2026-04-23 16:10:00,0.0015356534726134186,-0.00011271493327762785
2026-04-23 16:15:00,0.0011572863247710785,0.00032906362798174835
2026-04-23 16:20:00,-0.00036792848223754504,0.0006910137521398132
2026-04-23 16:25:00,1.4795103666642717e-05,-3.9098638205532744e-05
2026-04-23 16:30:00,0.00022622305901442985,-0.0008423699102648968
2026-04-23 16:35:00,0.001468790583142976,0.0004209577477059485
2026-04-23 16:40:00,0.0005261406438226146,-0.0007913581392190017
2026-04-23 16:45:00,0.0006889250295198934,0.0004523341297403507
2026-04-23 16:50:00,-0.0012234898876695155,4.670821275336279e-06
2026-04-23 16:55:00,-0.0005980046264717487,-0.00026479684928751366
2026-04-23 17:00:00,0.0009902903795673268,-0.0006818866349642377
2026-04-23 17:05:00,0.0015739899873299379,0.00027195513644110564
2026-04-23 17:10:00,0.0005071647696830439,0.0014220990145517372
2026-04-23 17:15:00,-0.0011233892056417005,0.001023851835401287
2026-04-23 17:20:00,-0.0011638801397921839,-0.001237499240985899
2026-04-23 17:25:00,-0.0010357350628087403,0.0012662603559234322
2026-04-23 17:30:00,-0.001791162037632077,-0.0001329940322491403
2026-04-23 17:35:00,-0.0031265736383616627,0.0002595842339648887
2026-04-23 17:40:00,-0.0016255175920054654,0.00010425262163705515
2026-04-23 17:45:00,-0.0014106555532205078,-0.0016630101669798073
2026-04-23 17:50:00,0.0007841492065452371,-1.8757643209853835e-05
2026-04-23 17:55:00,-0.00031567362152351564,0.0020397427204319305
2026-04-23 18:00:00,0.0010380631099966564,-0.0015964708053792331
2026-04-23 18:05:00,0.0005760637217981923,0.00024791876994883914
2026-04-23 18:10:00,0.000802759502274597,7.938794255667528e-05
2026-04-23 18:15:00,0.0012548287683973314,6.530150424461086e-05
2026-04-23 18:20:00,0.0010707658691213595,0.00046585933819014803
2026-04-23 18:25:00,0.00238118511916241,-0.0010463513703516652
2026-04-23 18:30:00,0.0012617044826370716,-0.000595298552464355
2026-04-23 18:35:00,0.0011414512888485717,0.00494185790338021
2026-04-23 18:40:00,-0.00019222989910083754,0.0002907308264754477
2026-04-23 18:45:00,-0.0019323023870274625,0.00189263987666994
2026-04-23 18:50:00,-0.005070379703473904,0.0034195473848369733
2026-04-23 18:55:00,-0.0036806104920987792,0.0004567696615115171
2026-04-23 19:00:00,-0.0037122786196093216,-0.0006177985987227604
2026-04-23 19:05:00,-0.00017200465092059858,-0.0011920875331917736
2026-04-23 19:10:00,-0.001925063233324309,0.00017355927258307593
2026-04-23 19:15:00,0.0008577404162792845,0.004627806743675188
2026-04-23 19:20:00,-0.0022089589779756835,0.00018060782356583603
2026-04-23 19:25:00,-0.0063767788397193215,-0.00220281985048965
2026-04-23 19:30:00,-0.006115771328371267,0.0009103066300908235
2026-04-23 19:35:00,-0.0005109448759075264,-0.0006673994608681187
2026-04-23 19:40:00,0.0071073383448503336,-0.001478577552640278
2026-04-23 19:45:00,0.0065252739157628525,-0.006535667883944621
2026-04-23 19:50:00,0.003127570541058944,0.0023031504442973007
2026-04-23 19:55:00,0.0007597252621778239,-0.003580798623876955
2026-04-23 20:00:00,3.8183403376024216e-05,0.00396301134603182
2026-04-23 20:05:00,0.0004923756161314685,0.0019816521865467637
2026-04-23 20:10:00,0.0005959166105178326,0.002804397720228312
2026-04-23 20:15:00,0.0008990098775676358,0.0004761605302599606
2026-04-23 20:20:00,0.0002524606975597976,0.0008359005969043149
2026-04-23 20:25:00,-0.0011773304810969165,0.001876920992447545
2026-04-23 20:30:00,-0.0025167175442213363,0.0011076630388452031
2026-04-23 20:35:00,-0.0011631215414755758,-0.0007494406973956858
2026-04-23 20:40:00,-0.002137583815260413,-0.0005019417021700965
2026-04-23 20:45:00,-0.002190832988356206,6.544001342284611e-05
2026-04-23 20:50:00,-0.002639014910606363,-0.000922983088717045
2026-04-23 20:55:00,-0.0009640442078815425,-0.0014600873674238994
2026-04-23 21:00:00,0.0006428582293320773,-0.0017612677589733175
2026-04-23 21:05:00,0.0012129828945770527,0.003331207497462173
2026-04-23 21:10:00,0.000721524555155284,-0.0023594676131026364
2026-04-23 21:15:00,-0.001143381659485243,0.0001863555567170533
2026-04-23 21:20:00,-0.0018967319533693683,0.0005589671195922363
2026-04-23 21:25:00,-0.0016587936348848586,-0.000553349278367637
2026-04-23 21:30:00,0.0004238637479971885,-0.001024431972315545
2026-04-23 21:35:00,0.0013223445111307797,0.0007648043597598137
2026-04-23 21:40:00,0.0007711808822570276,-0.003983439575858196
2026-04-23 21:45:00,0.00033214952143723053,-0.0003996095698916741
2026-04-23 21:50:00,-0.0005300054508161622,0.0007195503027995638
2026-04-23 21:55:00,-0.0011079601671202255,-6.132522200679477e-05
2026-04-23 22:00:00,-0.0013058127556462296,-0.0016783574877067657
2026-04-23 22:05:00,-0.0009138013384362154,-0.0018177227788730413
2026-04-23 22:10:00,-0.0002537251232404003,0.0012990388662325332
2026-04-23 22:15:00,-0.00034111284130311503,-0.0006303648592663246
2026-04-23 22:20:00,-0.0005222427566913268,-0.0012901565368414662
2026-04-23 22:25:00,0.00040081357162691233,0.0005017111126130395
2026-04-23 22:30:00,0.0002963484140927619,-0.0004044657890508504
2026-04-23 22:35:00,0.00023877338813349525,0.00253459637930535
2026-04-23 22:40:00,0.0005838769165844582,-0.0021754335707190008
2026-04-23 22:45:00,0.0008970378113790645,0.0001679194861249067
2026-04-23 22:50:00,0.0013335238314464704,0.0024204649032621033
2026-04-23 22:55:00,0.000685726481643556,0.0008384068497961465
2026-04-24 00:00:00,-0.00025773607755397165,0.0011164097213730464
2026-04-24 00:05:00,-0.0006644094028356307,0.0012936695057367245
2026-04-24 00:10:00,-0.0009413970429985596,-0.0038238454278070617
2026-04-24 00:15:00,-5.752042242868072e-05,0.0014554287941649854
2026-04-24 00:20:00,-0.0004666281090663915,-0.0004201793276138173
2026-04-24 00:25:00,0.0001470185597600704,0.0022835388436071094
2026-04-24 00:30:00,-0.0002812585914284682,0.0004017584000525808
2026-04-24 00:35:00,-0.00019609138774079327,0.0024198815759424322
2026-04-24 00:40:00,5.965354077552831e-05,0.0008193629671991811
2026-04-24 00:45:00,0.00031534516707232285,8.285979399984245e-05
2026-04-24 00:50:00,-0.00016841351312990582,-8.648756551983127e-05
2026-04-24 00:55:00,-0.0008695893656689435,0.0013563032429329599
2026-04-24 01:00:00,-0.0011489317159298906,-0.0003012304902899516
2026-04-24 01:05:00,-0.00028786090759780336,0.0009159875327344716
2026-04-24 01:10:00,0.0010826086809352375,2.6596450270679914e-05
2026-04-24 01:15:00,0.0022688814139684155,-0.0005992322250387642
2026-04-24 01:20:00,0.0017323105742530487,0.0023630864233335873
2026-04-24 01:25:00,0.0005408651418647992,-0.00045758018967801924
2026-04-24 01:30:00,-0.0005151062467287915,-6.509263795213398e-05
2026-04-24 01:35:00,0.00011069765076676674,-0.010484032472470955
2026-04-24 01:40:00,-9.580124442543081e-05,0.0004988545287635459
2026-04-24 01:45:00,-0.0010246153529998026,-0.0008165474765910334
2026-04-24 01:50:00,-0.00024482853077145705,-0.0002563724442843936
2026-04-24 01:55:00,0.00030653168159844313,-0.0002543792236088145
2026-04-24 02:00:00,0.0010459059915071123,-9.732915957416205e-06
2026-04-24 02:05:00,0.0008683382722978195,-0.0006060573098350848
2026-04-24 02:10:00,0.0015206249613726186,0.0021804538931193577
2026-04-24 02:15:00,0.0015529935470297573,-0.0009487821440725186
2026-04-24 02:20:00,0.0007761837457032073,-0.0009548899183858771
2026-04-24 02:25:00,-0.0007844813418333985,-0.0008545917884283728
2026-04-24 02:30:00,-0.0009761897688314036,-0.0007851129106482327
2026-04-24 02:35:00,-4.038922458704519e-05,-0.0005014272148857598
2026-04-24 02:40:00,0.0008184828761557128,-0.000365454150449567
2026-04-24 02:45:00,-0.0003766939299971739,1.8166897362613567e-05
2026-04-24 02:50:00,-0.00013393383900961453,0.00025014071422469755
2026-04-24 02:55:00,0.0007498648789017182,-0.0004318318412465385
2026-04-24 03:00:00,0.0015973136203939475,-0.0017036481084470386
2026-04-24 03:05:00,0.00013393383900961453,-0.00013817582548952682
2026-04-24 03:10:00,-0.0022746946943712487,-0.0010059723414528544
2026-04-24 03:15:00,-0.0024959929205348175,-0.0007139411695100995
2026-04-24 03:20:00,-0.001710598679714792,-0.0005047748125097618
2026-04-24 03:25:00,-0.0017467327765583462,-0.001265146068494583
2026-04-24 03:30:00,0.0007262466043442828,0.0020286311001152905
2026-04-24 03:35:00,-8.518087098430271e-05,0.0010646463149316136
2026-04-24 03:40:00,0.0019786908549015436,-0.00019374835469957114
2026-04-24 03:45:00,2.55474607975259e-05,0.002843451752792662
2026-04-24 03:50:00,-0.00036849084248480324,-0.0010165523350464725
2026-04-24 03:55:00,-0.001315851298542725,0.0002598237937697924
2026-04-24 04:00:00,-0.001124706161299116,-0.0009649126722386269
2026-04-24 04:05:00,-0.001870106044991715,-0.0004804659127787493
2026-04-24 04:10:00,-0.0018702934902190549,0.002791275624474258
2026-04-24 04:15:00,-0.0005926835733642832,0.0010196630632031748
2026-04-24 04:20:00,-0.00037358717771063255,-0.0010283557437659806
2026-04-24 04:25:00,-0.00027540122823666024,0.0009880743264044532
2026-04-24 04:30:00,-0.002774074979070562,-0.00027506556636391904
2026-04-24 04:35:00,-0.0010531994842324366,-0.00018097174224548582
2026-04-24 04:40:00,-0.0013631781677805321,0.0006742589541352589
2026-04-24 04:45:00,-0.0006610184416686593,5.483093113040611e-05
2026-04-24 04:50:00,-0.0017285386389946922,0.0009499971113579627
2026-04-24 04:55:00,-0.001375744118941924,-0.001298760644644779
2026-04-24 05:00:00,0.00016903982211857738,0.0010552157070736617
2026-04-24 05:05:00,0.0009437930262805594,0.0014707982462762743
2026-04-24 05:10:00,0.0009458936724762168,0.001002217086959641
2026-04-24 05:15:00,0.0006117280867012909,0.0008100027463007105
2026-04-24 05:20:00,0.0004619411877033741,0.0006782115899648532
2026-04-24 05:25:00,7.486286730440384e-05,-0.0044563403882932
2026-04-24 05:30:00,-0.0003079561785597207,0.0009091603277506225
2026-04-24 05:35:00,-0.0008363556346342449,0.00038900874798969675
2026-04-24 05:40:00,-0.0007767073776481226,-0.0008673253356026296
2026-04-24 05:45:00,-0.000924437966931535,-0.00028637438982534127
2026-04-24 05:50:00,0.000250338332492106,2.7561030195934135e-05
2026-04-24 05:55:00,-0.0003040001736085429,-0.00022236118621702923
2026-04-24 06:00:00,-0.00044112105419458203,0.0024024790171928417
2026-04-24 06:05:00,-0.002684237563098435,-0.0020628781287603823
2026-04-24 06:10:00,-0.0022636374471431964,0.0008092796342651966
2026-04-24 06:15:00,-0.0014660904957430887,-0.0008450597609349342
2026-04-24 06:20:00,0.0009519828332891223,-0.0004258070267070713
2026-04-24 06:25:00,0.0018310271943864365,0.00067734243923566
2026-04-24 06:30:00,0.0030070250776645935,-0.004636421044832893
2026-04-24 06:35:00,0.0017386728374315652,-0.0008054183089001348
2026-04-24 06:40:00,0.0013828388927485946,-4.824278533779812e-05
2026-04-24 06:45:00,-0.0005155207140639106,-0.0021300131431655125
2026-04-24 06:50:00,-0.0007554802099285496,-0.00034097057388947133
2026-04-24 06:55:00,-0.00022035550063392861,0.0010732009004558126
2026-04-24 07:00:00,0.00021180208351090357,-0.0005430115692211383
2026-04-24 07:05:00,0.0012153373628756015,-0.00016872849204001197
2026-04-24 07:10:00,0.0007763767977433389,0.00011091085189491212
2026-04-24 07:15:00,0.0021518458718468025,0.00048745596468773077
2026-04-24 07:20:00,0.0017348578221518807,-0.002461420384234767
2026-04-24 07:25:00,0.0011303359625713938,-0.0007424021412863522
2026-04-24 07:30:00,-0.0008777016314027719,-0.0007938311745002361
2026-04-24 07:35:00,4.269335285300713e-06,-0.0016443407485475597
2026-04-24 07:40:00,0.0009498612742824264,0.0005098655873653075
2026-04-24 07:45:00,0.0006065719262018376,-0.0008879558425127971
2026-04-24 07:50:00,-0.0002946269041288474,0.00040947303976295794
2026-04-24 07:55:00,-0.0011121750142830678,-0.0005058338397523447
2026-04-24 08:00:00,-0.0011130422556231423,-2.2580351892363275e-05
2026-04-24 08:05:00,-0.002043425628000861,5.372560338290114e-05
2026-04-24 08:10:00,-0.002151007483371714,-0.0007695919353793098
2026-04-24 08:15:00,-0.0012041635994641808,-0.0006119680236124058
2026-04-24 08:20:00,0.0003829257930192398,-7.846978805705953e-05
2026-04-24 08:25:00,0.00034883733726509547,-0.00021816153824968218
2026-04-24 08:30:00,-0.0006336769530097541,-0.0007102606018531814
2026-04-24 08:35:00,-7.272322825890853e-05,-0.0004524332021610857
2026-04-24 08:40:00,-0.0004002101691824578,-0.0030303339713610824
2026-04-24 08:45:00,0.0009717591315965279,0.001655841941569675
2026-04-24 08:50:00,0.0004854343074978118,-0.00019860085935672402
2026-04-24 08:55:00,0.0019118583777704146,0.0038068216149588015
2026-04-24 09:00:00,0.0014836417354366915,0.0003402649316987111
2026-04-24 09:05:00,0.001002200008880294,-0.0011830221774640133
2026-04-24 09:10:00,0.0007859234684470806,-0.00017480857521155746
2026-04-24 09:15:00,0.0006278536581181271,-0.001130606622421239
2026-04-24 09:20:00,0.0002626709378255043,-0.000210689144936768
2026-04-24 09:25:00,0.0002988305076954134,0.0009646902051223883
2026-04-24 09:30:00,0.00147411944873177,-0.00046893699671816144
2026-04-24 09:35:00,0.001612951752059999,-0.001573267581947927
2026-04-24 09:40:00,0.001757023747499531,-0.0012712573581203069
2026-04-24 09:45:00,-0.0005373432345159301,-0.000876413071554063
2026-04-24 09:50:00,-0.0006098848445006411,0.0003975665383701834
2026-04-24 09:55:00,-0.0012726811264425208,0.0003747678329745871
2026-04-24 10:00:00,0.001029654346714537,9.972024110227527e-05
2026-04-24 10:05:00,0.0008805886226852522,-0.0013263903255147237
2026-04-24 10:10:00,-5.119694184685386e-05,0.00024507451372486545
2026-04-24 10:15:00,-0.0015054013905348995,-0.000625584872610946
2026-04-24 10:20:00,-0.0007910018098034044,-0.0006244165359313804
2026-04-24 10:25:00,0.0001066573378061264,0.00011190440956930134
2026-04-24 10:30:00,0.0011239346997786726,-0.0013487577518198112
2026-04-24 10:35:00,0.00035613485305141523,-0.0013171268999907903
2026-04-24 10:40:00,0.0006055979611812035,-0.00035383784784538447
2026-04-24 10:45:00,-4.263019796724166e-06,0.00043297684185764773
2026-04-24 10:50:00,0.0002835376564469527,-0.00039804970184415987
2026-04-24 10:55:00,0.0009204886057645467,-0.00017130004772916198
2026-04-24 11:00:00,0.0007180624980271944,-0.0005474828962404034
2026-04-24 11:05:00,-0.0010450101719836624,0.00036703526408524763
2026-04-24 11:10:00,-0.002439441673740106,0.0082436301162167
2026-04-24 11:15:00,-0.0025464408394153537,-0.0004531883808989593
2026-04-24 11:20:00,-0.0007855426411378374,0.00018422060014625964
2026-04-24 11:25:00,0.0004909253614595599,0.0013230062027070081
2026-04-24 11:30:00,0.0005059653852566015,-0.000384172588344325
2026-04-24 11:35:00,-0.0001366791246120158,-0.00032763536731263967
2026-04-24 11:40:00,-0.0008710244053240501,0.000705888149693961
2026-04-24 11:45:00,-0.00032233653707613996,-0.00010181883899195647
2026-04-24 11:50:00,0.0003139070455198123,-0.0005930699103213976
2026-04-24 11:55:00,6.407176039324725e-05,0.0009771307997604986
2026-04-24 12:00:00,-0.00013238019611527818,0.0007542154996159527
2026-04-24 12:05:00,-8.327185811118909e-05,0.0015693237042595926
2026-04-24 12:10:00,0.0,0.0024014040463809045
2026-04-24 12:15:00,-0.001664788198851852,-0.0004315757440850683
2026-04-24 12:20:00,-0.0012841182426708286,0.00014656451976258374
2026-04-24 12:25:00,-0.0006986037822862556,-0.00027005820011046953
2026-04-24 12:30:00,0.0009406574178179028,0.0010827288437068683
2026-04-24 12:35:00,6.414004765531445e-06,-0.0003941094566208066
2026-04-24 12:40:00,-9.190164820260804e-05,-0.0013689165675316462
2026-04-24 12:45:00,0.0019170548986728875,0.00015681821979563008
2026-04-24 12:50:00,0.004102935307191302,2.8000386021218926e-05
2026-04-24 12:55:00,0.0037738349167479868,-0.0016393512987554146
2026-04-24 13:00:00,0.0013938532061477105,-0.0019700146005185055
2026-04-24 13:05:00,0.002893705715433015,-0.0004546691187233546
2026-04-24 13:10:00,0.004251668239247053,6.943083970714409e-05
2026-04-24 13:15:00,0.0036268357275890395,-0.005025732323449595
2026-04-24 13:20:00,-0.0006286316425700988,-0.003187935410107214
2026-04-24 13:25:00,-0.0023711407120483585,0.000717803234282108
2026-04-24 13:30:00,-0.0016438394778202081,0.0005486771964011551
2026-04-24 13:35:00,-0.0001763426746403951,-0.0011727068125802725
2026-04-24 13:40:00,0.00042709300121046567,0.00034094262021538307
2026-04-24 13:45:00,0.0005992312170519654,-0.000973284931691835
2026-04-24 13:50:00,-0.0001593725400237389,0.0007916874907470137
2026-04-24 13:55:00,0.00032073101457186226,-0.002205058659063249
2026-04-24 14:00:00,-0.0001572103243692169,-0.0010536515792766157
2026-04-24 14:05:00,0.0005417630376047811,0.0007142433484090844
2026-04-24 14:10:00,0.0004267737983205677,-0.00011175860001019669
2026-04-24 14:15:00,-0.00025923856254905786,-0.00021775396286478942
2026-04-24 14:20:00,-0.00043763676847241584,0.0005606123996791475
2026-04-24 14:25:00,-0.0025101743201894067,-0.0006762328604280675
2026-04-24 14:30:00,-0.0028368873726485333,-0.00098181739035419
2026-04-24 14:35:00,-0.0025936322711164195,-0.0009517849688503446
2026-04-24 14:40:00,0.0004340453305076153,-0.0007752710361332152
2026-04-24 14:45:00,0.0011331663196738617,0.00506775057536587
2026-04-24 14:50:00,0.0014604105795132938,-0.0018415672817324567
2026-04-24 14:55:00,0.00044448840436395187,-0.006586398640211925
2026-04-24 15:00:00,0.0010425710318138215,-0.0009611158815185212
2026-04-24 15:05:00,-0.0010833948990764952,-0.000899474090551687
2026-04-24 15:10:00,-0.0009359950309804077,-0.0002757081936411445
2026-04-24 15:15:00,-0.0021586877435222362,0.0002921099282257397
2026-04-24 15:20:00,0.0018085496110238353,-0.0004928173348808015
2026-04-24 15:25:00,0.0021939530552810282,6.136980811934382e-05
2026-04-24 15:30:00,0.004268162357561778,-0.001005297309039063
2026-04-24 15:35:00,0.0004271910342108498,0.0007931081395429525
2026-04-24 15:40:00,0.0005180225243321956,0.0012698819086067535
2026-04-24 15:45:00,0.00015914528406568706,-0.0008678262690294869
2026-04-24 15:50:00,0.004621530953889064,4.5811312628299536e-05
2026-04-24 15:55:00,0.004200071621619728,0.0007472736174867873
2026-04-24 16:00:00,0.003835158726348098,0.0004780116830140962
2026-04-24 16:05:00,9.517394102331878e-05,-0.0011280389916658539
2026-04-24 16:10:00,-0.001169502967703906,-1.5635088155545752e-05
2026-04-24 16:15:00,-0.00040378800198936915,-0.002011913744380847
2026-04-24 16:20:00,0.00036792070243762964,0.0012022103921471017
2026-04-24 16:25:00,0.0009348661305459416,0.001134031561547839
2026-04-24 16:30:00,-0.00021358732683651738,-5.610465133011611e-06
2026-04-24 16:35:00,-0.0008100274646700711,0.002387032663362374
2026-04-24 16:40:00,-0.0007761734196041203,0.0026120158734250524
2026-04-24 16:45:00,-0.001297306630915429,0.0006953758689318737
2026-04-24 16:50:00,-0.0003597525787562006,0.0021632325729071464
2026-04-24 16:55:00,-0.0009398278097592083,0.0017827673641669318
2026-04-24 17:00:00,-0.0001101263277156761,0.0007923638471510122
2026-04-24 17:05:00,-0.0006415271529895961,-0.0002666136660788304
2026-04-24 17:10:00,-2.1177265363547804e-06,0.0006163300916870547
2026-04-24 17:15:00,-0.0006716094832857067,0.0003127638399869812
2026-04-24 17:20:00,-0.0005529327289561792,0.0005872262995870736
2026-04-24 17:25:00,0.0012550252916891935,-0.0003814521544278003
2026-04-24 17:30:00,0.0012327036527821633,0.0004187611727207608
2026-04-24 17:35:00,0.002169724005110396,-0.00038523058820369167
2026-04-24 17:40:00,-0.00022210729142635444,3.549974624023544e-05
2026-04-24 17:45:00,0.00039575254342949506,-0.0006396110138870328
2026-04-24 17:50:00,-0.0016358528333348943,0.0010973305968150306
2026-04-24 17:55:00,-0.0014268931510343918,0.0012434132014807542
2026-04-24 18:00:00,-0.0011580703652214197,0.0005344863158244131
2026-04-24 18:05:00,0.000641539377689071,0.0014287761120072417
2026-04-24 18:10:00,0.0007581581779394497,0.00041272774390197625
2026-04-24 18:15:00,0.0011094033649303725,0.00048137213573910126
2026-04-24 18:20:00,-0.00011430361592879024,-0.000614108470048356
2026-04-24 18:25:00,-0.00017148827517310394,0.00019005269380728182
2026-04-24 18:30:00,-0.0008107596499549174,0.00043018787008116093
2026-04-24 18:35:00,0.0001291197947743683,-0.000111575200148197
2026-04-24 18:40:00,0.0008613784491693366,0.0002916105798386067
2026-04-24 18:45:00,0.0012909781480185956,-0.007200938291494639
2026-04-24 18:50:00,0.0006939977935189745,0.00043327344047242543
2026-04-24 18:55:00,0.0001649952091682394,0.0006935267019012185
2026-04-24 19:00:00,0.00016284113402953437,-2.326722621190933e-05
2026-04-24 19:05:00,-0.0002496144738586281,-0.0006180894331447671
2026-04-24 19:10:00,-0.0010666035616537783,-4.746857650902113e-05
2026-04-24 19:15:00,-0.0017122150271564607,0.0010203130883163006
2026-04-24 19:20:00,-0.0009630802376339176,0.00044417738900523257
2026-04-24 19:25:00,-2.3291736411579222e-05,-0.0006330429157815063
2026-04-24 19:30:00,0.00028380811373374115,0.003579028647729521
2026-04-24 19:35:00,0.0006689628996241481,-3.0155314171256093e-05
2026-04-24 19:40:00,0.0002731144271148622,0.0010574158750811943
2026-04-24 19:45:00,4.235251267381557e-05,0.00045150742397093396
2026-04-24 19:50:00,-0.0005546147474930763,0.00031776273733129484
2026-04-24 19:55:00,-8.467543903378782e-06,-0.00025278685305452336
2026-04-24 20:00:00,-0.0002880324649439103,-0.0004636702433328051
2026-04-24 20:05:00,-0.0003049574671507571,0.0007091242938735494
2026-04-24 20:10:00,-0.0013896481936015448,2.314135090128325e-05
2026-04-24 20:15:00,-0.0002669276641871221,-0.00027821772168034947
2026-04-24 20:20:00,-0.0002584395350613278,-0.00020590670680085727
2026-04-24 20:25:00,0.00030732938427213696,0.00047479597676175446
2026-04-24 20:30:00,-0.00021189807781851755,3.8474717564303696e-05
2026-04-24 20:35:00,2.330466506705875e-05,-0.0009074429861634691
2026-04-24 20:40:00,0.000910835616908301,-0.0007345966087485272
2026-04-24 20:45:00,0.0010209356214705423,0.0012906011782302918
2026-04-24 20:50:00,0.00047868476980816865,-0.0008060446457097547
2026-04-24 20:55:00,-0.00013974879118983097,0.0005040864224843591
2026-04-24 21:00:00,-0.0005209281956890521,-0.000971779943277495
2026-04-24 21:05:00,-0.0009427617259110121,0.001137066425983734
2026-04-24 21:10:00,-0.0007117513407486342,6.096884697267711e-05
2026-04-24 21:15:00,-0.0006144510602972275,-0.0007847108605082
2026-04-24 21:20:00,-0.00011234323626041487,-0.0005158909475019811
2026-04-24 21:25:00,-0.0005998743199473466,-0.0004430206911763871
2026-04-24 21:30:00,-0.000275566184262388,-0.0009974633895234331
2026-04-24 21:35:00,-0.00011235585868085707,-0.0006637942085507319
2026-04-24 21:40:00,0.0002226102009199593,0.003685245446735462
2026-04-24 21:45:00,-0.0011773105015127072,-0.0011062440345063927
2026-04-24 21:50:00,-0.001608283642157815,0.0001417275485348802
2026-04-24 21:55:00,-0.002190093254005987,-0.0017110388316170899
2026-04-24 22:00:00,-0.001097950214093757,0.002152530434313265
2026-04-24 22:05:00,-0.000429029592631025,0.0006448160107731717
2026-04-24 22:10:00,0.0002485366620295082,0.001853000693357656
2026-04-24 22:15:00,-0.00011049888131076102,0.0003583341041218384
2026-04-24 22:20:00,3.823783081635668e-05,0.00048329125480346896
2026-04-24 22:25:00,-0.00011682577997085275,0.00012668796976577149
2026-04-24 22:30:00,0.0003484550092736072,-6.0542562271359915e-06
2026-04-24 22:35:00,0.00017205214709292704,0.00019989755207843254
2026-04-24 22:40:00,0.00040564548627841646,-0.00012438398867362218
2026-04-24 22:45:00,-0.0021968706100281565,0.00019420656536348144
2026-04-24 22:50:00,-0.005691273146934961,0.0008677941765432955
2026-04-24 22:55:00,-0.005066427731085454,5.894284477619017e-05
2026-04-27 00:00:00,-0.0017771872705445446,-0.0013880141734297256
2026-04-27 00:05:00,0.0006918376251245917,0.00014921765496581736
2026-04-27 00:10:00,0.0002155262102085942,0.0017780798393077805
2026-04-27 00:15:00,-0.0010691114270517943,0.0015333124385653184
2026-04-27 00:20:00,0.00029666022697583116,-0.0001311658391617357
2026-04-27 00:25:00,-0.00042469506359488207,-0.00039211328546162995
2026-04-27 00:30:00,0.0002903309152380018,0.001611477387072422
2026-04-27 00:35:00,-0.0003350830962727258,0.0015779796813143192
2026-04-27 00:40:00,-0.0001494331150819761,-0.00036513475377476833
2026-04-27 00:45:00,-0.0007516180426154762,0.004955907426984702
2026-04-27 00:50:00,-0.00023697365540265025,0.0003715989916112496
2026-04-27 00:55:00,-5.123935183348749e-05,0.00020434333665573265
2026-04-27 01:00:00,0.00047623268817353903,0.00030324776813678094
2026-04-27 01:05:00,-0.00017723321909457468,-0.0011724318575939067
2026-04-27 01:10:00,-0.0014293545661896445,-0.0007260520652177773
2026-04-27 01:15:00,-0.000980474957350097,0.00019102033753848227
2026-04-27 01:20:00,-0.0013120753397934948,0.00012658734230177682
2026-04-27 01:25:00,0.0,0.00016695697972535575
2026-04-27 01:30:00,0.0003547054059254151,0.00041709203004116463
2026-04-27 01:35:00,0.00103655411704473,-0.0010264075439501423
2026-04-27 01:40:00,0.0007095912667498538,3.27479809758076e-05
2026-04-27 01:45:00,-0.00033974540789039054,-0.0008831931631715199
2026-04-27 01:50:00,-0.0011798326946834692,-0.0017750903460501104
2026-04-27 01:55:00,-9.401327730884645e-05,0.001595575885311625
2026-04-27 02:00:00,-5.770408279381911e-05,-0.0001746364791010203
2026-04-27 02:05:00,0.0007610659565884248,5.2570340087969335e-05
2026-04-27 02:10:00,0.0002542428118008644,0.0007268352573774181
2026-04-27 02:15:00,-0.0001945086578523103,-0.00014921035619538232
2026-04-27 02:20:00,-1.495919878635732e-05,0.0010342408567934362
2026-04-27 02:25:00,-9.186179292974828e-05,-0.0001217659606308351
2026-04-27 02:30:00,0.0009743007599389841,-0.0005286973189325976
2026-04-27 02:35:00,0.002032399527976736,3.11437471643835e-05
2026-04-27 02:40:00,0.0038530762961244136,0.0008702174203138516
2026-04-27 02:45:00,0.0055902532562068785,-0.0013681138957223808
2026-04-27 02:50:00,0.0020069931890080994,-0.0005583044969777274
2026-04-27 02:55:00,-0.0012692140669958718,-9.682516247892141e-05
2026-04-27 03:00:00,-0.0026261887426990427,-0.0016304373493078801
2026-04-27 03:05:00,-0.0002639600839557943,-0.0006960325882382317
2026-04-27 03:10:00,0.0011032004577558041,0.0012934659732987636
2026-04-27 03:15:00,0.000283151929933112,-0.00023580645819472768
2026-04-27 03:20:00,0.0005853012925580714,-0.0011472114085113259
2026-04-27 03:25:00,8.514188895247798e-06,-0.0012438528626349831
2026-04-27 03:30:00,0.0008766237781721031,-0.00012317202399731212
2026-04-27 03:35:00,0.0007423076323167521,0.0001716672318216473
2026-04-27 03:40:00,0.0012189091954120101,0.00034434592013332806
2026-04-27 03:45:00,-3.828304784647685e-05,-0.0003352311630329813
2026-04-27 03:50:00,-0.0010061828974556875,-0.00048761258086793254
2026-04-27 03:55:00,-0.0008762732576368393,-1.1286823479642874e-05
2026-04-27 04:00:00,0.0007590068643104075,-0.0007531336953504856
2026-04-27 04:05:00,0.0014547034779326395,-0.0015749716756668216
2026-04-27 04:10:00,0.0012503696385781637,0.0002457319768811152
2026-04-27 04:15:00,0.00018488078960565701,-0.0006587151672280868
2026-04-27 04:20:00,0.0015013981535361154,0.0014669776732150978
2026-04-27 04:25:00,0.0018365673040907637,-0.0007426327122642005
2026-04-27 04:30:00,0.0025911065952914925,-0.00015739780839508903
2026-04-27 04:35:00,0.0019122369876942713,0.00020631809460549882
2026-04-27 04:40:00,0.0009307957278714696,-0.0006698075279080945
2026-04-27 04:45:00,0.00038353267967217164,0.0003388541811050233
2026-04-27 04:50:00,-0.00018428045419049965,0.00015310030451832894
2026-04-27 04:55:00,-0.00013776250401953405,-0.00035979982222217907
2026-04-27 05:00:00,-0.0007014889442871208,0.00015108440268887737
2026-04-27 05:05:00,-0.0008646651339070388,0.00030162405536078856
2026-04-27 05:10:00,-0.0003900767907136782,0.0005164488959222111
2026-04-27 05:15:00,0.0011166402792639474,0.00022455012848395135
2026-04-27 05:20:00,0.0015444280266052601,0.0002016040199572368
2026-04-27 05:25:00,0.0025920026709567168,0.0013995986347933424
2026-04-27 05:30:00,0.0005292797684628425,0.0007019954843385078
2026-04-27 05:35:00,0.00029209254884854374,0.00018152979040919918
2026-04-27 05:40:00,-0.0008738383320494592,0.0013280542292939735
2026-04-27 05:45:00,0.0004041810574531013,-1.1712656524694078e-05
2026-04-27 05:50:00,0.00042105575590589694,3.600061734066232e-05
2026-04-27 05:55:00,0.0007109772215478927,-0.001247517464100011
2026-04-27 06:00:00,1.0578462040555792e-05,0.0006648333782852062
2026-04-27 06:05:00,-0.00013962698462144374,2.4185120185427067e-06
2026-04-27 06:10:00,-0.00011634560581086362,0.0006316220357530265
2026-04-27 06:15:00,2.1156588372761576e-05,-0.0010585458965701264
2026-04-27 06:20:00,0.0003173058643586302,0.0006406907936505333
2026-04-27 06:25:00,-0.00014386419245049353,-0.000981142944154788
2026-04-27 06:30:00,-0.00045919852678366624,-0.00023135356359989668
2026-04-27 06:35:00,-0.0007045554134386123,0.00028651321357470194
2026-04-27 06:40:00,-0.0002539284866394098,-0.0011370237671850618
2026-04-27 06:45:00,-0.0006330661892608447,4.345470866562841e-05
2026-04-27 06:50:00,-0.0010482303339305332,-0.000688951820312768
2026-04-27 06:55:00,-0.0014359085434278995,0.0010007962534254776
2026-04-27 07:00:00,-0.0007457959280294801,-1.9451257178618002e-05
2026-04-27 07:05:00,-0.00017163326040403604,-0.0007837675827228881
2026-04-27 07:10:00,-8.05397008178943e-05,0.0003506280610755053
2026-04-27 07:15:00,-0.0011091283664637075,5.092194317237613e-05
2026-04-27 07:20:00,-0.0017306913509571586,-0.0004025328488889259
2026-04-27 07:25:00,-0.0013319648022971364,-0.00042102875973736953
2026-04-27 07:30:00,-0.0002461684738523928,0.000743391708427658
2026-04-27 07:35:00,0.00011462364188830065,0.0001338622048385077
2026-04-27 07:40:00,-0.00039908635229757294,-0.0003768680198354452
2026-04-27 07:45:00,-0.00010612579312407888,-0.00223539251087432
2026-04-27 07:50:00,0.0004668494537760637,-0.0005445449154522595
2026-04-27 07:55:00,0.0010059017993064856,-0.0005989117880648071
2026-04-27 08:00:00,0.0001846516297572265,-0.0005098925019629875
2026-04-27 08:05:00,0.0002651583063659757,9.924375189562492e-05
2026-04-27 08:10:00,-5.302862380318629e-05,-0.002043275916405401
2026-04-27 08:15:00,-0.00040755246210011364,-0.0003142400466297035
2026-04-27 08:20:00,-0.0005728300506273598,-0.0036991056434114667
2026-04-27 08:25:00,-0.000740573373418485,-0.00029677616831367474
2026-04-27 08:30:00,0.0008382737146668262,0.00015751224322209509
2026-04-27 08:35:00,0.000297063949442844,-0.0010320055026216623
2026-04-27 08:40:00,0.00029926616340247847,-0.0005452176651550367
2026-04-27 08:45:00,0.0005916739561442341,0.00034226040528449395
2026-04-27 08:50:00,0.000746514005294685,-0.0030320351262732278
2026-04-27 08:55:00,0.001071105599931954,0.0012464892731324896
2026-04-27 09:00:00,-0.0002968535664358285,-0.0005017024199343604
2026-04-27 09:05:00,0.00011447274713205502,-0.0009467392478022714
2026-04-27 09:10:00,-0.00029894574145572506,-0.0007453788097679824
2026-04-27 09:15:00,0.00026081176218006874,-0.000945851344582548
2026-04-27 09:20:00,-0.00034981899873898215,-0.0002122664037726708
2026-04-27 09:25:00,-0.00020146774622453734,-0.001134797942592779
2026-04-27 09:30:00,-0.0004453294557240639,1.565951864684965e-05
2026-04-27 09:35:00,-0.0007551780966945643,0.0008027643181221496
2026-04-27 09:40:00,-0.0004709566234186724,0.000496723318537444
2026-04-27 09:45:00,-0.0004603822102211552,-0.00024006177985672582
2026-04-27 09:50:00,-4.456484025716634e-05,0.0005119574528506464
2026-04-27 09:55:00,-0.0002695209017034017,-0.0004633623664351611
2026-04-27 10:00:00,-0.000360816212628734,4.911064303246115e-05
2026-04-27 10:05:00,-0.00016766647569355086,-0.0018595329753034644
2026-04-27 10:10:00,-0.00016132284769732053,-0.00012813296265647226
2026-04-27 10:15:00,-0.00022292212785401944,-0.00022093714230160425
2026-04-27 10:20:00,-0.0007898961654841941,-0.001791710614867333
2026-04-27 10:25:00,0.0002822979068195508,0.0002344909334383229
2026-04-27 10:30:00,0.0005837383404827534,-0.00019309192993776394
2026-04-27 10:35:00,-0.00014020806049330758,1.881249142377439e-05
2026-04-27 10:40:00,-0.0010723064638593627,-0.0001243366251501741
2026-04-27 10:45:00,-0.0012251819929627317,0.0005841173602857958
2026-04-27 10:50:00,-0.0005057620858508471,-0.00023269717183310913
2026-04-27 10:55:00,-0.00033998066687601636,0.00038183241521409696
2026-04-27 11:00:00,-0.00023586584654999854,-0.0006120995681351859
2026-04-27 11:05:00,0.0002592881492216037,2.676532730875366e-05
2026-04-27 11:10:00,-0.000614383175447486,-0.0004871165752812738
2026-04-27 11:15:00,-0.0005420647698173298,-0.0009032976860151301
2026-04-27 11:20:00,-0.0003251835562281258,7.579082902148921e-05
2026-04-27 11:25:00,0.0004613541570215318,-0.0007522988025293912
2026-04-27 11:30:00,-0.0005402312916800156,0.006185214965296355
2026-04-27 11:35:00,-0.0007804467656189473,-0.000756649480246138
2026-04-27 11:40:00,-0.00021045314465872877,0.004073358040683727
2026-04-27 11:45:00,0.0010950469891266579,-0.0010981246666078753
2026-04-27 11:50:00,0.0006656508471252209,0.00031709818517820397
2026-04-27 11:55:00,-0.00039764348914950176,-0.00022970125088221205
2026-04-27 12:00:00,-0.0006909094662628235,-0.00022371008720584987
2026-04-27 12:05:00,0.00017006332774194277,-0.00035256363826393093
2026-04-27 12:10:00,0.0007292465378334612,-0.0007182574411530322
2026-04-27 12:15:00,0.0010754860383919151,-0.00012023998634310253
2026-04-27 12:20:00,0.0008222732386293785,0.0006251945070587143
2026-04-27 12:25:00,0.0008688734615063254,0.0013194299368059082
2026-04-27 12:30:00,0.0002421436093342777,-0.0012178551869059895
2026-04-27 12:35:00,0.00022510421783294987,-0.00010172360195927817
2026-04-27 12:40:00,-7.007671279346539e-05,-0.00021729158957668531
2026-04-27 12:45:00,-0.0005502180298027071,0.00016426288168160813
2026-04-27 12:50:00,-0.0005097424636630876,-0.0006400142090467026
2026-04-27 12:55:00,-0.001060243827891938,-0.0001596175132987425
2026-04-27 13:00:00,-0.0004059532784399522,0.0003634306052082057
2026-04-27 13:05:00,-0.0006226630414793988,-4.889729915159456e-05
2026-04-27 13:10:00,0.0002444444692777381,-0.00020908609804915087
2026-04-27 13:15:00,0.00036345280561533855,-5.549436013842159e-05
2026-04-27 13:20:00,-0.0004082353022880625,0.0003569195233124878
2026-04-27 13:25:00,-0.0004676850948968081,3.322375001658332e-05
2026-04-27 13:30:00,-0.0005888173762826909,-1.8162864415989912e-05
2026-04-27 13:35:00,0.0002466620890757554,-0.005368761353003288
2026-04-27 13:40:00,0.0004868130107098523,0.00046429119628139536
2026-04-27 13:45:00,0.0005101867394081694,-0.0007656658316219803
2026-04-27 13:50:00,0.0005165174088723745,0.0011653717706518315
2026-04-27 13:55:00,0.0008179073289014127,-0.0004011768610193108
2026-04-27 14:00:00,0.001257348859025953,-0.0008914308500070347
2026-04-27 14:05:00,0.0007137577095708281,-0.0003468689640458522
2026-04-27 14:10:00,-0.0004417993198480019,-0.0008688076825301269
2026-04-27 14:15:00,-0.0013997498029372224,-0.0007279223225578274
2026-04-27 14:20:00,-0.001576895203976747,-0.0006037619812847147
2026-04-27 14:25:00,-0.0017542539831065795,0.0001101392597634308
2026-04-27 14:30:00,-0.000265727622249301,-0.0011533503668013465
2026-04-27 14:35:00,0.00022754943184288834,-0.0004936954874678926
2026-04-27 14:40:00,8.512576272678984e-05,0.00030586548601782516
2026-04-27 14:45:00,-0.001604368310399451,0.0004282211927533635
2026-04-27 14:50:00,-0.0013703325200200567,0.0003913585785029071
2026-04-27 14:55:00,-0.0006769500890779767,0.0005108707626870221
2026-04-27 15:00:00,0.0010407921175286106,0.00024419697257155814
2026-04-27 15:05:00,0.000581131135927393,-0.00043810790671223077
2026-04-27 15:10:00,0.0008918603967682515,-0.00024282654359580685
2026-04-27 15:15:00,-0.0014774384675515506,0.0007562775840030472
2026-04-27 15:20:00,-0.001465183005331383,0.0018616384157741563
2026-04-27 15:25:00,-0.0013881557644630504,-7.953385103410789e-05
2026-04-27 15:30:00,-0.000878129725489174,-0.00013292923751022498
2026-04-27 15:35:00,0.0006561903698791838,8.195399475390561e-05
2026-04-27 15:40:00,0.00042601957778209965,0.00023719078315908822
2026-04-27 15:45:00,0.0009100859241950587,-0.0004417054543722667
2026-04-27 15:50:00,-0.0013618623171502975,0.0004246106568205195
2026-04-27 15:55:00,-0.0006156566577253386,-0.0004877807573099906
2026-04-27 16:00:00,0.00029607887416638334,5.003695031280866e-05
2026-04-27 16:05:00,0.0009805573335164297,-5.960579463473628e-06
2026-04-27 16:10:00,-0.000801560527690981,-0.00030231572034917505
2026-04-27 16:15:00,-0.0020167744424988143,-1.707091739663099e-05
2026-04-27 16:20:00,3.195851359194535e-05,-0.0009946071819149204
2026-04-27 16:25:00,0.0010785464117031296,-0.0016776711040133517
2026-04-27 16:30:00,0.0010621916270778797,-0.00013517234934276823
2026-04-27 16:35:00,-0.0026581745939147083,-0.0008163151721352791
2026-04-27 16:40:00,-0.0032540963610756535,-0.0006118814545852983
2026-04-27 16:45:00,-0.004805908817653304,-0.0010783852322854652
2026-04-27 16:50:00,-0.0021855875460552454,-0.0001792175698062616
2026-04-27 16:55:00,-0.0008916553840450092,-0.0016629992174442294
2026-04-27 17:00:00,0.002052121155447395,-0.0007031690649946835
2026-04-27 17:05:00,0.0006484758370390864,0.004937888192085123
2026-04-27 17:10:00,0.001368161810406221,-0.0011995907879776152
2026-04-27 17:15:00,0.00017527284897411732,-0.0011056839448213486
2026-04-27 17:20:00,0.0010884081342954488,-5.010169110228877e-05
2026-04-27 17:25:00,-0.0007415679050755131,-0.0009968192203498956
2026-04-27 17:30:00,-0.0009879141703112992,-0.0022754282477742333
2026-04-27 17:35:00,-0.001522819048908275,-0.0006763326582437921
2026-04-27 17:40:00,-0.0016025524446341421,-0.0005716029810098691
2026-04-27 17:45:00,-0.0007512111224325935,-0.00099208916911388
2026-04-27 17:50:00,0.0002204389740754209,0.00014215616567149806
2026-04-27 17:55:00,0.0009887937522830015,-0.0012397337415281646
2026-04-27 18:00:00,0.0013799966887813042,0.00015863632202195443
2026-04-27 18:05:00,0.0006032834203022475,-0.0013814989582663514
2026-04-27 18:10:00,0.00041705476533593355,-0.0013515457451295123
2026-04-27 18:15:00,0.00021164496315861925,-0.0007611542303316191
2026-04-27 18:20:00,0.0003720572241263653,-0.00046956494881212956
2026-04-27 18:25:00,-0.00032293490362178545,-0.0007200958697722488
2026-04-27 18:30:00,-0.0004575514237199485,0.00012429563042484776
2026-04-27 18:35:00,-0.0002929300185474659,-0.00030199189730188453
2026-04-27 18:40:00,0.0004362581947798816,-6.858018013690588e-05
2026-04-27 18:45:00,-0.00040641277123221187,0.0018173583851009579
2026-04-27 18:50:00,-0.000594676592616139,0.0004813513930310697
2026-04-27 18:55:00,-0.0006373431987949374,-0.0006839766688579047
2026-04-27 19:00:00,-0.0005499896881833166,0.00031185635274510987
2026-04-27 19:05:00,0.0002952433746798988,-0.00039862402898287706
2026-04-27 19:10:00,0.0012571867615793764,-7.013335633396678e-05
2026-04-27 19:15:00,0.0029646497641415692,-0.0001932463905998101
2026-04-27 19:20:00,0.0012356527977335219,0.0006452781008816456
2026-04-27 19:25:00,0.0007176834512510055,0.00046264561531564476
2026-04-27 19:30:00,-0.000700292101655009,-0.0012519964421386655
2026-04-27 19:35:00,0.0003225575638339251,-0.0021716779651038505
2026-04-27 19:40:00,-0.0002541206531549989,-0.0006619470030744828
2026-04-27 19:45:00,-0.00039733487093407405,1.111104125259293e-05
2026-04-27 19:50:00,-4.271687894075171e-05,-0.0009309543742294453
2026-04-27 19:55:00,-0.00014951290858356003,-0.001330069048967456
2026-04-27 20:00:00,0.0003781126243875832,-0.0014785916187482608
2026-04-27 20:05:00,0.00047618997676401875,-0.0010190935348859396
2026-04-27 20:10:00,0.0005210624666780461,-0.0005642581188918084
2026-04-27 20:15:00,0.0002861596961452051,-0.0006002428997518569
2026-04-27 20:20:00,-0.00016866916863556014,-0.0015818680385149232
2026-04-27 20:25:00,-0.0002562263004701748,-0.0006663079989628266
2026-04-27 20:30:00,8.967499226741893e-05,-0.0005393277198448323
2026-04-27 20:35:00,9.821588713876395e-05,-0.0006410481187290013
2026-04-27 20:40:00,-0.0005276058671679351,-0.0006938880500580148
2026-04-27 20:45:00,-0.0009890046144427345,6.04084149410118e-05
2026-04-27 20:50:00,-0.0009077967543316134,-0.0005261277930710734
2026-04-27 20:55:00,1.709281183082112e-05,0.00011215357368759424
2026-04-27 21:00:00,0.0005661806566621408,0.0009587923572520012
2026-04-27 21:05:00,0.0006771876677387212,-0.001185293816461381
2026-04-27 21:10:00,0.0004037327173413985,0.0004780514003442198
2026-04-27 21:15:00,-0.00059182661421886,-0.00035248774977677226
2026-04-27 21:20:00,-0.0010448127285194175,-0.0010345732334743718
2026-04-27 21:25:00,-0.00044432862250154415,-0.00012037717079713603
2026-04-27 21:30:00,0.00043589185444226075,0.0008192961184693658
2026-04-27 21:35:00,0.000461646976503971,0.001238791884425677
2026-04-27 21:40:00,0.00020296304753486538,-1.3059783543090922e-05
2026-04-27 21:45:00,-0.00040383451026215766,-0.0008440786200800071
2026-04-27 21:50:00,-0.00011111775929606438,-0.0008805536423268234
2026-04-27 21:55:00,-0.0004123786292460352,-0.00042717222386476144
2026-04-27 22:00:00,5.9837626345427e-05,0.0019230215333090222
2026-04-27 22:05:00,-5.556351017510508e-05,0.000808109260837772
2026-04-27 22:10:00,0.0001453134284989943,-0.0011555761337320454
2026-04-27 22:15:00,-1.4959070915310235e-05,-3.0872163694671084e-06
2026-04-27 22:20:00,0.00011539768405377515,-0.0005700805130484238
2026-04-27 22:25:00,6.837548399651894e-05,0.00024069209448377522
2026-04-27 22:30:00,0.0001559907391683879,0.00023390073949087163
2026-04-27 22:35:00,-9.402673785530169e-05,-0.0002693789002017697
2026-04-27 22:40:00,0.0004016115786473762,-0.000270054078699984
2026-04-27 22:45:00,0.00056392785781334,0.00015343561511532995
2026-04-27 22:50:00,0.002117731233411746,-0.00013512169186680125
2026-04-27 22:55:00,0.00150460854681711,-2.573222376604301e-05
2026-04-28 00:00:00,0.0011055715094734353,-0.0011005045071965517
2026-04-28 00:05:00,-0.0003306000207139448,0.0003497785676064862
2026-04-28 00:10:00,9.809440954988702e-05,-0.0008330869467557083
2026-04-28 00:15:00,0.0002175554455021711,-0.0007830419573000512
2026-04-28 00:20:00,8.10604412695426e-05,-0.000406839633855781
2026-04-28 00:25:00,-0.0004543006674033734,0.000819311926006798
2026-04-28 00:30:00,-0.00040102132989616734,-0.0003508735716780902
2026-04-28 00:35:00,-0.00012159312608517325,-0.0006242229151645824
2026-04-28 00:40:00,0.00011092812722068857,0.0001526749876652451
2026-04-28 00:45:00,0.00030931254999622126,-3.5327944535014366e-05
2026-04-28 00:50:00,0.0001706528328249135,-0.0004542866771507332
2026-04-28 00:55:00,0.0004158709196619981,0.0004466522415383722
2026-04-28 01:00:00,0.0005522582491330752,3.0479159246589904e-05
2026-04-28 01:05:00,0.0005544206659440221,-0.0003562218780285426
2026-04-28 01:10:00,0.00017695926465322032,0.000272161391820799
2026-04-28 01:15:00,0.00022167041536746979,0.00020604795771740568
2026-04-28 01:20:00,0.0005775499469500289,0.00014551459638546653
2026-04-28 01:25:00,0.0007906040008069937,0.00011530932479221397
2026-04-28 01:30:00,0.0005326606310784854,-0.00011294301720593644
2026-04-28 01:35:00,0.00025563515889537314,-0.0002816446579714378
2026-04-28 01:40:00,-0.00041333760043116285,-0.000500079208049008
2026-04-28 01:45:00,0.0005174743534439585,-0.0006546250915946061
2026-04-28 01:50:00,0.0012644325788038202,2.178673298515498e-06
2026-04-28 01:55:00,0.0011479749302605313,0.0003415716810885618
2026-04-28 02:00:00,6.386899192634132e-06,0.005261033691243505
2026-04-28 02:05:00,-0.000804453908591185,0.0006170793895565591
2026-04-28 02:10:00,-0.0005727578232086472,0.002197081110531891
2026-04-28 02:15:00,-0.0007880254620538096,-0.0015918411559856706
2026-04-28 02:20:00,-0.0010842695716863915,-4.2464690502716724e-05
2026-04-28 02:25:00,-0.0003024803410838217,-0.0001253848937273137
2026-04-28 02:30:00,7.4569547322767e-05,-0.0004102740343127801
2026-04-28 02:35:00,0.0002749064749263397,4.216201760301854e-05
2026-04-28 02:40:00,-0.0007821866457344839,0.000774187010541775
2026-04-28 02:45:00,-0.0008227032445020654,-5.865122495227453e-05
2026-04-28 02:50:00,-0.0008014887655747316,0.0016944861353263157
2026-04-28 02:55:00,-0.0004585135922976491,-0.00043492786125756894
2026-04-28 03:00:00,-0.00014073725018448613,0.00612175444788367
2026-04-28 03:05:00,5.33104169750942e-05,-0.00018753230814030192
2026-04-28 03:10:00,-1.4931883944413471e-05,-0.001300610973608076
2026-04-28 03:15:00,-0.0009622350195872542,0.0002876607610600889
2026-04-28 03:20:00,0.00015778217989570464,0.0006560227795077551
2026-04-28 03:25:00,-9.812935590325367e-05,0.00022115966077888632
2026-04-28 03:30:00,3.41527867639968e-05,0.0006336981450692592
2026-04-28 03:35:00,-0.002003976610135183,0.00022994416614029514
2026-04-28 03:40:00,-0.003783179429541761,0.000416334059027602
2026-04-28 03:45:00,-0.002639603903773491,-0.00033192569022730517
2026-04-28 03:50:00,-0.0011735171266238353,-0.000266877833463263
2026-04-28 03:55:00,0.0016347214985881209,-0.0009422079270357135
2026-04-28 04:00:00,0.0011635668053582293,-8.35967822295793e-05
2026-04-28 04:05:00,0.0001646747090102707,-0.0005186591549192889
2026-04-28 04:10:00,-0.00040629110246825917,0.0007455442470020155
2026-04-28 04:15:00,-0.0009174793275086301,-0.00034556735066065976
2026-04-28 04:20:00,-0.001024845640769101,-0.0005035554385678261
2026-04-28 04:25:00,-0.0009329556538482109,-0.00047935051102778066
2026-04-28 04:30:00,-0.0007277382004868826,-0.000596985227402941
2026-04-28 04:35:00,-0.00021837006104696854,-4.7059083113541505e-05
2026-04-28 04:40:00,-0.0004261109730236967,9.922626453078183e-05
2026-04-28 04:45:00,0.00016057601863828097,-0.0004650338620586718
2026-04-28 04:50:00,0.000537275938359727,8.871760946128042e-05
2026-04-28 04:55:00,0.0008071016818860244,-0.0009039398158958409
2026-04-28 05:00:00,0.0005586036338911526,0.0006915335457207184
2026-04-28 05:05:00,4.065853995882662e-05,0.0005980028205255915
2026-04-28 05:10:00,0.00044501879227176744,0.0003389410083424302
2026-04-28 05:15:00,-0.00026749154083738347,0.0006964163352999096
2026-04-28 05:20:00,3.4237488341304356e-05,-0.00020383856738092628
2026-04-28 05:25:00,-0.0006376364019686775,0.0003515496844075537
2026-04-28 05:30:00,-0.00014554545324507728,0.0008316950186851248
2026-04-28 05:35:00,-0.0007642028099432707,0.0008304684714933175
2026-04-28 05:40:00,-0.0002119222317560343,0.0012287333732037688
2026-04-28 05:45:00,-0.0008437246874546389,0.0004558978911452054
2026-04-28 05:50:00,-0.00041124146236093395,0.0014199606144898185
2026-04-28 05:55:00,-0.00025479425501906405,0.00166779330998824
2026-04-28 06:00:00,0.00015852036270125325,0.0005786550087320809
2026-04-28 06:05:00,-0.00014354594941146104,0.0018115065653945943
2026-04-28 06:10:00,-0.0004969284782294636,0.0002971777291895562
2026-04-28 06:15:00,5.140661347269315e-05,0.00022236049157222
2026-04-28 06:20:00,0.0003855991615999699,-0.001135170842844613
2026-04-28 06:25:00,0.0005140595394141911,-0.00033937798507892015
2026-04-28 06:30:00,-0.00020564231163078261,6.330530204154763e-05
2026-04-28 06:35:00,-0.00020134990182540946,-0.0002467183241071191
2026-04-28 06:40:00,-0.00047335352573796285,-0.0007363550463829561
2026-04-28 06:45:00,-0.0009537905320442519,0.0002007738306145059
2026-04-28 06:50:00,-0.002958515392409211,-0.00015398320775026958
2026-04-28 06:55:00,-0.003242384263545617,5.75909514336434e-05
2026-04-28 07:00:00,-0.001729859166728076,0.0008726403804519666
2026-04-28 07:05:00,0.0009599557482484755,0.0004092812992100151
2026-04-28 07:10:00,0.0011062957945195961,-0.0011701013114493422
2026-04-28 07:15:00,-0.0023807614838897706,0.000392136302024793
2026-04-28 07:20:00,-0.004584731285428134,0.0001152710574437265
2026-04-28 07:25:00,-0.006999913317795148,-0.0017087514065717044
2026-04-28 07:30:00,-0.0034964504946817243,-0.0005495212526206153
2026-04-28 07:35:00,-0.0011176319451102756,0.00020617444656786092
2026-04-28 07:40:00,0.0013762723777563934,0.0023560434736124665
2026-04-28 07:45:00,0.0013581868460850188,0.0019425054053711609
2026-04-28 07:50:00,0.0017557183972911616,-0.004555033899804129
2026-04-28 07:55:00,0.0020339304454033424,-0.002677195899561556
2026-04-28 08:00:00,-0.00018990565198961917,-0.0006497301979500893
2026-04-28 08:05:00,-0.0031707309418393947,-0.0012235546658237461
2026-04-28 08:10:00,-0.002040407667710298,-0.0014839592236719438
2026-04-28 08:15:00,-0.0008247814904684958,-0.0009325414707726349
2026-04-28 08:20:00,0.001410694941681001,-0.0011896466164692226
2026-04-28 08:25:00,-0.0002634425915530869,-0.0034473582045573365
2026-04-28 08:30:00,-0.0007779041063713521,-0.0012636446567726909
2026-04-28 08:35:00,-0.001259376634687115,0.003710889165246687
2026-04-28 08:40:00,-0.000397454567966804,-0.0002942521522080417
2026-04-28 08:45:00,0.002875227552150861,-0.0008176431418364378
2026-04-28 08:50:00,0.0017083075176635987,0.00048062577296227225
2026-04-28 08:55:00,0.0012199428679711133,0.0004891819294932987
2026-04-28 09:00:00,-0.0012941244251667428,0.0008301483114179658
2026-04-28 09:05:00,-0.00093694011733092,-0.00040068502649415845
2026-04-28 09:10:00,-0.0008527238565889661,0.0007088730637657133
2026-04-28 09:15:00,-0.0013865703616477987,-3.7574013592978376e-05
2026-04-28 09:20:00,-0.0005833322696293664,7.32045349061323e-05
2026-04-28 09:25:00,-0.0002656802672440506,0.0007814762502173225
2026-04-28 09:30:00,0.00027444298511092313,0.00040734593999452984
2026-04-28 09:35:00,-0.0002139737857866919,0.00042820407280440395
2026-04-28 09:40:00,0.0007795604408347145,-0.0017376902833191898
2026-04-28 09:45:00,-0.001706224889492347,-0.0001173421819117104
2026-04-28 09:50:00,-0.0009147677225360695,-0.0025302620990196615
2026-04-28 09:55:00,-0.0026283155446940043,-0.001202697132259479
2026-04-28 10:00:00,0.000463066155324654,0.0004357118189727081
2026-04-28 10:05:00,-0.00012765823959348666,0.0011322428063115539
2026-04-28 10:10:00,0.0014900827925412585,-6.58046771417354e-05
2026-04-28 10:15:00,0.002139435789112909,0.0002283539209535447
2026-04-28 10:20:00,0.001703651587321886,0.00043319310875492836
2026-04-28 10:25:00,0.0001339769993755624,0.0008544499828290865
2026-04-28 10:30:00,-0.0013479594715395393,-0.002638058683929601
2026-04-28 10:35:00,-0.000337040785126419,-0.0005672106341321472
2026-04-28 10:40:00,0.0003197435165755991,0.00041647063845482173
2026-04-28 10:45:00,-0.0007049456770182871,0.0007305459360384733
2026-04-28 10:50:00,-6.915061438661496e-05,-8.234163791285675e-05
2026-04-28 10:55:00,-0.0009530509695938605,0.00022539523672354483
2026-04-28 11:00:00,-0.00012547187175115937,0.0017921269524265534
2026-04-28 11:05:00,-0.0024276215401073387,0.001723236984323666
2026-04-28 11:10:00,-0.0013544186184883955,0.003013906372523397
2026-04-28 11:15:00,-0.0021766282131689962,0.00041167932583767745
2026-04-28 11:20:00,-0.001281094068987798,0.00023130666132061667
2026-04-28 11:25:00,-0.0011221376380845527,-0.0005974545195065423
2026-04-28 11:30:00,-0.0004879545800271501,0.00017113728110844948
2026-04-28 11:35:00,0.00029278036368651783,-0.0006319639790616279
2026-04-28 11:40:00,-0.0018201920456988319,0.00040297287935717164
2026-04-28 11:45:00,-0.0004751712278849851,-0.4691909117378458
2026-04-28 11:50:00,-0.0003188094338213432,-0.00021076046292181118
2026-04-28 11:55:00,0.001635937166488688,0.2824021049531929
2026-04-28 12:00:00,0.0014833483882004117,9.42579461209582e-05
2026-04-28 12:05:00,0.0005659794468524382,0.4154421675812995
2026-04-28 12:10:00,-0.0002645192919370487,-0.000938752576016401
2026-04-28 12:15:00,-0.0004660200993189534,-0.006052183944181907
2026-04-28 12:20:00,0.00044648566677452095,0.3739173558217668
2026-04-28 12:25:00,0.00045744415263726523,0.602861715016062
2026-04-28 12:30:00,0.0002622984950217955,-0.050059127313523674
2026-04-28 12:35:00,-0.0010384948612909284,-0.0012478002151448619
2026-04-28 12:40:00,-0.002000421579948508,-0.004997642813048052
2026-04-28 12:45:00,-0.0016833742605388835,-0.0014601969177384946
2026-04-28 12:50:00,-0.0017737872828220702,-0.0005986368897955344
2026-04-28 12:55:00,-0.0012865483599924232,-0.0003351199612563274
2026-04-28 13:00:00,-0.0018776124205572842,0.0006151198916461759
2026-04-28 13:05:00,-0.00012604338951760496,-0.0003344769881422195
2026-04-28 13:10:00,0.00016308336314097005,0.00018032219715703236
2026-04-28 13:15:00,-0.0013909222270438448,9.887154708067844e-05
2026-04-28 13:20:00,-0.006725015968651604,0.0001837467718156763
2026-04-28 13:25:00,-0.005892195844783288,-0.0018525208672193134
2026-04-28 13:30:00,-0.006806122472330145,0.0023527010673605256
2026-04-28 13:35:00,-0.0025566188584047467,0.0003136073819367119
2026-04-28 13:40:00,-0.0018410587454038563,0.0023543082330664293
2026-04-28 13:45:00,0.0020769076450548596,0.0006925143339410111
2026-04-28 13:50:00,0.0025259868992044687,0.002615622101637092
2026-04-28 13:55:00,0.0039122987555266775,-0.00019445431378703124
2026-04-28 14:00:00,0.002197084774156366,-0.0006114153682461512
2026-04-28 14:05:00,0.0016396779411635976,3.607977115148778e-05
2026-04-28 14:10:00,-0.00032744228576753187,0.001379211737745226
2026-04-28 14:15:00,-2.1837565640225876e-06,-0.0005976621853650602
2026-04-28 14:20:00,0.0014167013752217628,-0.000313411406163238
2026-04-28 14:25:00,0.0015445871628241292,0.0002562777081375955
2026-04-28 14:30:00,0.004231892773889356,0.0003312958213728015
2026-04-28 14:35:00,0.002342209740861634,0.0008247757869423037
2026-04-28 14:40:00,0.0015596175564400738,0.00032587468314147425
2026-04-28 14:45:00,-0.0032038709050041803,-0.0032413347754060608
2026-04-28 14:50:00,-0.005011382615593973,-0.000501567709914841
2026-04-28 14:55:00,-0.003951686460668569,-0.0001365837605545768
2026-04-28 15:00:00,-0.0013971452487417935,-0.0007277706963081556
2026-04-28 15:05:00,0.001101733373948477,-0.00013270896999150513
2026-04-28 15:10:00,0.0009675563624682582,0.0006106932456605828
2026-04-28 15:15:00,5.8981520233203355e-05,0.0015786254399557521
2026-04-28 15:20:00,0.00046524886738552595,-0.0002470631085903113
2026-04-28 15:25:00,0.00016153219873871194,0.00025820642368546386
2026-04-28 15:30:00,0.0018463276212052904,1.7332858452278124e-05
2026-04-28 15:35:00,0.0004803116004641339,-0.00044281107655437697
2026-04-28 15:40:00,-0.0003602089250680507,0.000603158112176786
2026-04-28 15:45:00,-0.004484234050680769,0.0008757300912254195
2026-04-28 15:50:00,-0.0025592258054079053,1.802253561323337e-05
2026-04-28 15:55:00,-0.0023806386061586693,0.00013190823082052635
2026-04-28 16:00:00,0.0013351341385305915,0.00024345442732187942
2026-04-28 16:05:00,-0.00040491811905241093,0.001023234350417286
2026-04-28 16:10:00,0.0005645205554447585,0.0013105199970785911
2026-04-28 16:15:00,-0.00035002669310912893,0.00040510805672390156
2026-04-28 16:20:00,-0.0016761341106370509,0.0001894305248896543
2026-04-28 16:25:00,-0.001637550171091462,6.724270454440406e-05
2026-04-28 16:30:00,-0.0016708770953322016,0.0002996964286107965
2026-04-28 16:35:00,0.0006510680924929346,-0.0003438770223629442
2026-04-28 16:40:00,0.002503404097039308,0.00032803840071016785
2026-04-28 16:45:00,0.002936956082780995,0.0010332598285834917
2026-04-28 16:50:00,0.0019309801232996193,0.0005038389892088216
2026-04-28 16:55:00,-0.0005793394599287183,0.0007247345629272884
2026-04-28 17:00:00,-0.0006732932380710821,0.0008051430384517586
2026-04-28 17:05:00,-8.530472932477551e-05,-0.0007828278342761072
2026-04-28 17:10:00,0.0007891305874068166,-0.00019920576528649134
2026-04-28 17:15:00,-0.0003521292372532514,0.0003858350181377068
2026-04-28 17:20:00,0.0015846045356937566,-9.998367047755682e-06
2026-04-28 17:25:00,0.0003102353662622903,3.1183308658206364e-05
2026-04-28 17:30:00,0.002353191603656768,-0.00030258884163278984
2026-04-28 17:35:00,0.0009451951287235971,0.0005082443081048248
2026-04-28 17:40:00,0.0019248023855045204,0.0002677272499876718
2026-04-28 17:45:00,0.0003229403308537826,-0.0003190230589761819
2026-04-28 17:50:00,0.0005082459190699495,-0.0003239397734243325
2026-04-28 17:55:00,-0.00023767186349665792,-4.482012229128831e-06
2026-04-28 18:00:00,-0.0006197882879472871,-0.001072253326609574
2026-04-28 18:05:00,-0.0007766516235392373,-0.0007926027617148803
2026-04-28 18:10:00,-0.0006500702653813306,-0.00011564027720740652
2026-04-28 18:15:00,2.619601165854135e-05,-0.0004817518375302772
2026-04-28 18:20:00,0.0006414354410093637,-0.0005489252252178717
2026-04-28 18:25:00,0.0005235796386049429,0.00029950358604499856
2026-04-28 18:30:00,0.0013176468388227391,-0.00029776019218708287
2026-04-28 18:35:00,0.0018717722034153894,-0.0004924135863261566
2026-04-28 18:40:00,0.0016278893448760101,-0.0004397673560589386
2026-04-28 18:45:00,0.0006472795416510024,-0.0010919375496076305
2026-04-28 18:50:00,-0.0004790492271133928,-0.0010738934796011368
2026-04-28 18:55:00,0.00030044479117563583,-0.0002448054376321144
2026-04-28 19:00:00,-0.00028980738906625447,-0.000825954115261005
2026-04-28 19:05:00,0.0008294807947901717,-1.2093212445930118e-05
2026-04-28 19:10:00,1.5237547930979645e-05,9.59088799688478e-05
2026-04-28 19:15:00,0.001589638506965585,0.00011715490953827581
2026-04-28 19:20:00,0.0008309677336129084,-1.8876710597506754e-05
2026-04-28 19:25:00,0.0010856217120149836,0.0010896248010921479
2026-04-28 19:30:00,0.0005546896979726768,0.0005032520907897403
2026-04-28 19:35:00,-0.00034361496324386565,0.0005852133140173219
2026-04-28 19:40:00,-0.0008113855450755381,0.0010384022256700026
2026-04-28 19:45:00,-0.0010008399187082517,0.00044996716807927436
2026-04-28 19:50:00,-0.0002153632304988662,0.0004824146612718238
2026-04-28 19:55:00,0.00020453991646007808,0.0002831187510181489
2026-04-28 20:00:00,0.0008790520729853313,0.000406658600723947
2026-04-28 20:05:00,0.0006698666824362931,-9.531271229506512e-05
2026-04-28 20:10:00,0.0006916441831776865,0.0007491592935294357
2026-04-28 20:15:00,-0.0005808710836223696,8.677836760459263e-05
2026-04-28 20:20:00,-0.0006067756801702018,-8.771181781556947e-05
2026-04-28 20:25:00,-0.00032618765212255596,-0.000812613918532613
2026-04-28 20:30:00,0.0006330676908543609,-0.0009694702495696458
2026-04-28 20:35:00,-0.00038295835796020583,-0.00022166119815292653
2026-04-28 20:40:00,-0.000741929376687267,-0.0006241946612816872
2026-04-28 20:45:00,-0.0004916260521596882,-0.0006026428021749237
2026-04-28 20:50:00,0.0004199408880687372,-0.000923060158458396
2026-04-28 20:55:00,0.0003177263010538667,-0.0006985761116818645
2026-04-28 21:00:00,-0.00021543446577787506,-0.0007357942692865905
2026-04-28 21:05:00,-0.00020233292101679012,-0.0005935171876473744
2026-04-28 21:10:00,0.00015882530229127667,-0.0008776126934913581
2026-04-28 21:15:00,0.0004090682657071909,-0.0008481314829937091
2026-04-28 21:20:00,0.0005873050914146916,-0.0005994816917835389
2026-04-28 21:25:00,0.0004371831986844654,-0.00048123691409033154
2026-04-28 21:30:00,0.00030234184652222496,-0.0005942701236434037
2026-04-28 21:35:00,-0.00078967895932891,-0.000759189557983651
2026-04-28 21:40:00,-0.0006656385045733515,-0.0008141530323436338
2026-04-28 21:45:00,-0.00011309560070138502,-0.0009664594566633209
2026-04-28 21:50:00,0.000672245531985638,-0.0009973697761822694
2026-04-28 21:55:00,0.0004372830650787307,-0.0010381883288777826
2026-04-28 22:00:00,-0.0007027842948268415,-0.00023339739033682405
2026-04-28 22:05:00,-0.0012012222573716258,-0.0011168495924567898
2026-04-28 22:10:00,-0.0009944977028961688,-0.0007845805271320947
2026-04-28 22:15:00,-3.482568655854834e-05,-0.001015044514646752
2026-04-28 22:20:00,0.0004136270579770951,-0.0007393485315904584
2026-04-28 22:25:00,0.0001328019804684999,-0.00040814971146367813
2026-04-28 22:30:00,-0.00021986514300920135,-0.00024023808333134794
2026-04-28 22:35:00,0.00037211812894888396,-0.000678645165200383
2026-04-28 22:40:00,0.0006833247276887278,-0.00041417092610444427
2026-04-28 22:45:00,0.00112493905751343,-0.0006257338243512485
2026-04-28 22:50:00,-0.0001414320981414363,-0.00023513359543820536
2026-04-28 22:55:00,-4.133440513420794e-05,-0.0003211373157551914
2026-04-29 00:00:00,-0.0003219035839574502,-0.0005103990948540133
2026-04-29 00:05:00,0.00022410621422785937,-0.0002296462237459003
2026-04-29 00:10:00,-8.702538535843019e-05,0.0003427639531958478
2026-04-29 00:15:00,3.915597129022785e-05,-0.0001909926731687269
2026-04-29 00:20:00,-0.0004917940135076293,-0.00024039401243198567
2026-04-29 00:25:00,-0.0004940125562260533,-0.00023898389609175138
2026-04-29 00:30:00,-0.0006353862469854477,0.0012812385425537926
2026-04-29 00:35:00,0.00019152376803255322,6.407925090419513e-05
2026-04-29 00:40:00,7.618525209629468e-05,4.246518191388326e-05
2026-04-29 00:45:00,-0.00011101642074784479,-6.353655005426545e-05
2026-04-29 00:50:00,-0.000905708419468354,-0.0001451320074484173
2026-04-29 00:55:00,-0.0007446876031398375,0.0004856079769581473
2026-04-29 01:00:00,-0.00033965616671949306,-0.00033094385761522975
2026-04-29 01:05:00,0.0002569910285075139,-0.0012901337209502927
2026-04-29 01:10:00,0.0002330466724629332,0.00016060414089182767
2026-04-29 01:15:00,-0.00013937950011388978,2.4167587392812302e-05
2026-04-29 01:20:00,-0.0008125786747648078,-0.00026223564960332235
2026-04-29 01:25:00,-0.0004095013071960807,-0.0004279388704290985
2026-04-29 01:30:00,-0.00045093864622103297,-0.0004818568431356391
2026-04-29 01:35:00,0.0008844372310274906,-3.317194327363983e-05
2026-04-29 01:40:00,0.0012018892007397142,-0.00031491057305557706
2026-04-29 01:45:00,0.003844962470639146,-0.0005187367779490603
2026-04-29 01:50:00,0.0034431523178195533,0.0010264513559938451
2026-04-29 01:55:00,0.002636044029083351,-0.000130647384551478
2026-04-29 02:00:00,-0.0013749199857926442,0.0001337965934912133
2026-04-29 02:05:00,-0.0012333028018467473,7.0429129879523e-05
2026-04-29 02:10:00,-0.0015464480395639413,-0.00017804808806302946
2026-04-29 02:15:00,0.00028686921568521484,0.0003112390378320419
2026-04-29 02:20:00,7.821224199489052e-05,0.0004367686311719469
2026-04-29 02:25:00,0.0007344266044775338,0.0010565223017656633
2026-04-29 02:30:00,-0.0004716391721810709,0.00030309077745124113
2026-04-29 02:35:00,-0.0010476826958232266,2.563552213649472e-05
2026-04-29 02:40:00,-0.0007670320041519574,-7.309899997415842e-05
2026-04-29 02:45:00,-0.0038313346853300345,-0.00032355066940961127
2026-04-29 02:50:00,-0.0036777403331438308,-0.0005976666341361251
2026-04-29 02:55:00,-0.003907292912447957,0.0005277043834535681
2026-04-29 03:00:00,0.0006174031522245826,-0.0006201865078999712
2026-04-29 03:05:00,0.000901076880495566,-0.014952070573199593
2026-04-29 03:10:00,-0.0006570696893959393,0.00026085647237810875
2026-04-29 03:15:00,0.0002725832513377213,-0.0001669612409512535
2026-04-29 03:20:00,-9.377886296846327e-05,-0.006887128810524991
2026-04-29 03:25:00,0.00244272799563916,-0.001153944393708903
2026-04-29 03:30:00,-0.0005474223849262216,-0.0020536570619281206
2026-04-29 03:35:00,-0.0006872530114172548,-0.00010740207795998974
2026-04-29 03:40:00,-0.0011290200739413336,0.0030398875140371408
2026-04-29 03:45:00,0.0019179347984206174,-0.0008320779185633273
2026-04-29 03:50:00,0.0037316605605202113,-0.00013913990011222253
2026-04-29 03:55:00,0.0034506177311168784,0.0006422254259486142
2026-04-29 04:00:00,0.0019077436880472476,-0.00017235401656024883
2026-04-29 04:05:00,-7.610606579788737e-05,-0.0014708763769162615
2026-04-29 04:10:00,-0.00057826339986633,-0.0003324375522708748
2026-04-29 04:15:00,-0.0004195219033480413,-0.003995542260106602
2026-04-29 04:20:00,-0.0005002697210603202,6.32255926084455e-05
2026-04-29 04:25:00,-0.0003349369740828223,-0.0007037297683721331
2026-04-29 04:30:00,6.087419696854113e-05,0.0004997754669164233
2026-04-29 04:35:00,-0.0006790270152379208,0.00016371736095505102
2026-04-29 04:40:00,-0.0006941550899295379,0.0003286015844274163
2026-04-29 04:45:00,-0.0005675782502425619,-0.0005842057523795751
2026-04-29 04:50:00,0.0014641211418044975,-0.0006910660083386518
2026-04-29 04:55:00,0.001761647443284886,-0.00027430352531759665
2026-04-29 05:00:00,0.0006784467309906006,-0.0005615568367661942
2026-04-29 05:05:00,-9.130891333519742e-05,0.0006995443744710651
2026-04-29 05:10:00,-0.0007673488041888277,0.00123304900026486
2026-04-29 05:15:00,-0.0007480570437863321,0.001518751369155169
2026-04-29 05:20:00,-0.0010310647199531786,0.0009022625550644172
2026-04-29 05:25:00,-0.0010117131122644452,0.0012372176521565368
2026-04-29 05:30:00,-0.0008444108342580137,0.0012000169569335777
2026-04-29 05:35:00,8.705076370674192e-05,0.001463423550607706
2026-04-29 05:40:00,0.00036781629623128254,-0.0004862424263020342
2026-04-29 05:45:00,0.0010836759868642076,-0.001086483391549576
2026-04-29 05:50:00,0.001078800374326505,0.0005094611247952723
2026-04-29 05:55:00,0.0011591506225379078,0.0009346303125507532
2026-04-29 06:00:00,0.0004196632970376868,0.0017886613102287396
2026-04-29 06:05:00,-0.0002000121753198414,0.00030430306790721817
2026-04-29 06:10:00,0.0002477490705778962,-0.0011488113052363043
2026-04-29 06:15:00,0.0005911437281636012,-0.0008125189647955532
2026-04-29 06:20:00,0.0008606376203861288,0.00035880955925256816
2026-04-29 06:25:00,6.301409453612905e-05,0.00016623415415767121
2026-04-29 06:30:00,0.0003345367999951776,0.0001293167059418745
2026-04-29 06:35:00,0.00027368398359328694,0.0005916143440644663
2026-04-29 06:40:00,0.0005908355498629447,-0.0001657866663218118
2026-04-29 06:45:00,0.00014768193681291564,7.518116429360431e-05
2026-04-29 06:50:00,-0.0004148994580024379,-0.00038886415683630896
2026-04-29 06:55:00,-0.0008320489194701963,-0.0003102317461813915
2026-04-29 07:00:00,-0.0008364283478510259,-0.00042678070468561637
2026-04-29 07:05:00,-0.0005411484867430261,-0.0003238431632187175
2026-04-29 07:10:00,0.0,0.0001759134104789163
2026-04-29 07:15:00,-0.0011982886133914405,0.00014434506137362123
2026-04-29 07:20:00,-0.0009808986556940624,-5.442378716242284e-05
2026-04-29 07:25:00,-0.0003956289573725513,0.0009608303226376402
2026-04-29 07:30:00,0.0008722179575144651,0.00031767706383102146
2026-04-29 07:35:00,0.0004546824208713218,0.00013545542738755719
2026-04-29 07:40:00,-0.0019064288970067622,0.000509942079584227
2026-04-29 07:45:00,-0.00047625417214902654,-0.00045889847977135796
2026-04-29 07:50:00,-0.0010837467356861197,-0.0007343886525859901
2026-04-29 07:55:00,-0.0004728168532892596,-0.000948536435975004
2026-04-29 08:00:00,-0.0024937044196349234,0.0010445225353582761
2026-04-29 08:05:00,-0.0016997986127158526,-0.0015905270850048612
2026-04-29 08:10:00,-0.0006867450843337508,0.001571164735361596
2026-04-29 08:15:00,-0.0004907611585807103,-0.000765568511627681
2026-04-29 08:20:00,0.00013739873680229664,-0.00044564116171896915
2026-04-29 08:25:00,-5.452378383274947e-05,-0.0004032173911693546
2026-04-29 08:30:00,0.00032283889093065454,9.97757558334095e-05
2026-04-29 08:35:00,-0.00038389139834826835,-0.00010135168086325433
2026-04-29 08:40:00,-2.1810345957717914e-05,-0.00038987757249560415
2026-04-29 08:45:00,0.0006366468983358686,9.889356796459692e-05
2026-04-29 08:50:00,-0.0008883137138901986,0.00023398581354674563
2026-04-29 08:55:00,-0.0012985725167791173,0.0005279200810607286
2026-04-29 09:00:00,-0.002509690901417727,-0.001349617656169298
2026-04-29 09:05:00,-0.000875990597066334,0.0014423245264158697
2026-04-29 09:10:00,-0.000788696125258781,0.00015409457761848176
2026-04-29 09:15:00,0.0003277084036295008,0.0008272711672444781
2026-04-29 09:20:00,-0.0008395737033222161,0.0010572551466485835
2026-04-29 09:25:00,-0.0010343309096949582,0.00035546326692451665
2026-04-29 09:30:00,-0.0016133619571974123,0.00018528552814192265
2026-04-29 09:35:00,-0.00028001461509141734,-0.0009929153006307636
2026-04-29 09:40:00,-0.00025382599051937405,0.0007295193272925301
2026-04-29 09:45:00,-0.0003391807395356494,-2.1527314167995573e-05
2026-04-29 09:50:00,-0.0005887238759694213,-7.023247006520425e-05
2026-04-29 09:55:00,-0.0006830242476425497,-0.0004138960729649197
2026-04-29 10:00:00,0.00015100434330328483,0.003515146994229102
2026-04-29 10:05:00,0.00022327438544600398,0.0009708416214844679
2026-04-29 10:10:00,-5.255965522188433e-05,0.0015355481453410787
2026-04-29 10:15:00,-0.0015242202820875406,0.0006468020408252472
2026-04-29 10:20:00,-0.001364503202994527,0.002515273889351115
2026-04-29 10:25:00,0.0005167166712300997,-0.0005992433118119202
2026-04-29 10:30:00,0.0018130346355427207,0.0006770556768923878
2026-04-29 10:35:00,0.002707475222116784,0.0032547646655670145
2026-04-29 10:40:00,0.0010348196935350273,-0.00025375075393794025
2026-04-29 10:45:00,0.000728229417877202,0.0011520631583867094
2026-04-29 10:50:00,-0.0005859614307688332,0.0008926186189765065
2026-04-29 10:55:00,7.215677702809842e-05,0.0003706980509582019
2026-04-29 11:00:00,0.0011033609928787769,-0.004738965015191517
2026-04-29 11:05:00,-0.0001224830821779932,-0.0009855595157779924
2026-04-29 11:10:00,-0.0017266304694771861,0.0010254882717491659
2026-04-29 11:15:00,-0.0026304095141522765,-0.00041457787967774835
2026-04-29 11:20:00,-0.001488492913354733,0.004830728729300038
2026-04-29 11:25:00,-0.0013676624532141801,-0.0002682911176278593
2026-04-29 11:30:00,-0.0017026278700758013,-0.00039116104846672353
2026-04-29 11:35:00,-0.0020283515584580414,-0.00030425711403110243
2026-04-29 11:40:00,-0.0008908627914525624,0.007815761186574972
2026-04-29 11:45:00,0.0005744404844705286,-0.00026968031856195167
2026-04-29 11:50:00,0.0021159713237803857,-0.00043885943843074965
2026-04-29 11:55:00,0.0028650456862475693,-0.0010262246145810632
2026-04-29 12:00:00,0.0018898153802968665,5.2059433353294896e-05
2026-04-29 12:05:00,0.0013811869676221278,-0.0009979524655527436
2026-04-29 12:10:00,0.0008117673889938004,0.0007247507764969488
2026-04-29 12:15:00,0.0005314827070623807,-0.0012902788017381003
2026-04-29 12:20:00,-0.00024064019157421512,0.000730784107568319
2026-04-29 12:25:00,-0.001223372919076482,-0.0011169350497143363
2026-04-29 12:30:00,-0.0009888276417324704,-0.0012876864627719212
2026-04-29 12:35:00,-0.0009105814121976863,-0.0003655731764585082
2026-04-29 12:40:00,0.0007311398006635272,-0.0007834020681519327
2026-04-29 12:45:00,-0.0001181996875647684,-0.0007482696870133533
2026-04-29 12:50:00,0.0001642286022036643,-0.002177284011182722
2026-04-29 12:55:00,-0.0003655030796565484,0.00048041437274125797
2026-04-29 13:00:00,2.845675722262797e-05,-0.000326978327748065
2026-04-29 13:05:00,-0.0002145974444864862,-0.0010069434588352534
2026-04-29 13:10:00,-0.0008212275732635277,-0.000934195981011663
2026-04-29 13:15:00,-0.0001510489697071904,0.00033972265819069095
2026-04-29 13:20:00,0.00024962938924488753,-0.00015730593240049378
2026-04-29 13:25:00,0.0005431806866358357,0.0007512673370893184
2026-04-29 13:30:00,-0.0008782871994075236,0.0009380813727695114
2026-04-29 13:35:00,-0.001509675684607359,0.0073805613633686745
2026-04-29 13:40:00,-0.0011896873270806907,-0.00166497457340147
2026-04-29 13:45:00,-7.45037285074801e-05,0.019344256142488997
2026-04-29 13:50:00,0.0005327002437631734,0.00025007278267757927
2026-04-29 13:55:00,0.0007275644226396594,-0.0010526283858715239
2026-04-29 14:00:00,0.0004622717341806748,0.0010074536093674555
2026-04-29 14:05:00,-0.00012712078025423068,0.004572461430633292
2026-04-29 14:10:00,-0.0011683050933637418,0.00048493829164209044
2026-04-29 14:15:00,-0.002256419085458816,0.0010506604330040741
2026-04-29 14:20:00,-0.0013774469404346235,-0.001144951512235758
2026-04-29 14:25:00,-0.0006033182686770999,-0.00010564052517957273
2026-04-29 14:30:00,0.00017999863952056216,-0.0005982010614632356
2026-04-29 14:35:00,-0.002289703273142152,-0.0004598281095329255
2026-04-29 14:40:00,-0.002309132421329352,-0.0026030519968766085
2026-04-29 14:45:00,-0.0017992471744143756,-0.00016522503734615326
2026-04-29 14:50:00,0.00019577456950869987,-0.0018126003032017377
2026-04-29 14:55:00,0.000668460981493979,0.0002661179122076371
2026-04-29 15:00:00,-0.0009129437347841218,9.609458219130256e-05
2026-04-29 15:05:00,-0.0018867493964496163,-1.1851645312837026e-05
2026-04-29 15:10:00,-0.0024627599967406155,-0.00018721954310388356
2026-04-29 15:15:00,-0.002384180052962037,-0.0014855563807142855
2026-04-29 15:20:00,-0.0028158216480527187,-0.0013648019074520021
2026-04-29 15:25:00,-0.005072239319375171,-0.013482966158499868
2026-04-29 15:30:00,-0.004001075236981677,-0.005369808231327156
2026-04-29 15:35:00,-0.0008577960474855928,0.0006840318611326809
2026-04-29 15:40:00,0.001619903027291869,0.0004474021697041654
2026-04-29 15:45:00,0.002369420335332606,0.0006612703895901393
2026-04-29 15:50:00,-0.00032739451773977635,0.0012552379006362192
2026-04-29 15:55:00,0.0007890837202833012,-0.00045327746384524843
2026-04-29 16:00:00,0.0019470806573433919,0.0005438428225479264
2026-04-29 16:05:00,0.0037806226517975716,0.000343556165624247
2026-04-29 16:10:00,0.0016270378812421882,0.0029081409645257362
2026-04-29 16:15:00,0.0012210605787785767,0.00017920755295453852
2026-04-29 16:20:00,0.0007799607771108441,0.0010832182522958586
2026-04-29 16:25:00,0.0012124847720329512,0.00014242973630537075
2026-04-29 16:30:00,-0.001415156961476427,0.0012484853143311598
2026-04-29 16:35:00,-0.0003039801599271641,-0.0022952429190332747
2026-04-29 16:40:00,5.507802905668768e-05,-0.0010018155161255178
2026-04-29 16:45:00,0.0021043755624283733,0.0005495368361075402
2026-04-29 16:50:00,0.0002445130512764848,0.002385766772274693
2026-04-29 16:55:00,-0.00027762415596477297,-0.0009538214795302166
2026-04-29 17:00:00,-0.00016070180493876762,-0.0005611330317318848
2026-04-29 17:05:00,0.0008520241592027133,-2.956249701855404e-05
2026-04-29 17:10:00,0.0012465012592421942,0.0003046329434413489
2026-04-29 17:15:00,0.0004204117675961072,0.0006533086580183681
2026-04-29 17:20:00,0.0015700488972729687,0.0004196415947958199
2026-04-29 17:25:00,0.0021458009033832326,0.0003053614193975706
2026-04-29 17:30:00,0.0022377521037846293,0.0021412637304119423
2026-04-29 17:35:00,-0.0009540496169933022,-0.00045329034869459345
2026-04-29 17:40:00,-0.0011932533167264836,-0.0008285228945254647
2026-04-29 17:45:00,0.0017484650543888591,0.0017928318607579722
2026-04-29 17:50:00,0.003168593418658716,0.0021141954153411717
2026-04-29 17:55:00,0.0025715225343905246,-0.001008409680604479
2026-04-29 18:00:00,-0.00040338935292183464,0.0015236960041056444
2026-04-29 18:05:00,0.0001819495128003723,0.0004971245636584505
2026-04-29 18:10:00,-0.00019959970455296627,-0.0005142510748865682
2026-04-29 18:15:00,-0.002030377326885713,0.0003597954342470567
2026-04-29 18:20:00,-0.002554705864566742,-0.0011514868372340264
2026-04-29 18:25:00,-0.0017476495713211193,-0.0023901301511698473
2026-04-29 18:30:00,-0.0011234165352007608,-2.5002525979638413e-05
2026-04-29 18:35:00,-0.0012688026911096273,-8.313241525383878e-05
2026-04-29 18:40:00,-0.001105933345575849,-0.0009177894283027414
2026-04-29 18:45:00,-9.899149671177554e-05,-0.0012593614258571914
2026-04-29 18:50:00,0.0013698858188835317,-0.0005149973885138683
2026-04-29 18:55:00,0.0011235128654352167,0.0005014799018579542
2026-04-29 19:00:00,0.0009169460842723964,-0.000418697303094111
2026-04-29 19:05:00,0.0005118511218160648,2.0732899438406435e-05
2026-04-29 19:10:00,-0.0007276108855922558,-0.0009941352373459026
2026-04-29 19:15:00,-0.0011941744187833336,-0.0006430345916653086
2026-04-29 19:20:00,-0.00176072443995956,-0.0005347753440956933
2026-04-29 19:25:00,-0.0005411053197743598,-0.0005975172957823371
2026-04-29 19:30:00,-0.00013424133310735442,3.6709562411406296e-05
2026-04-29 19:35:00,-0.0003322694141374427,0.00028527052691775055
2026-04-29 19:40:00,0.0004905265780088541,0.00042232285920822815
2026-04-29 19:45:00,-0.0005261356340504619,0.00026338342866386597
2026-04-29 19:50:00,-0.002364278261589803,0.0010679640358894115
2026-04-29 19:55:00,-0.004810054376452655,0.0006357142952858777
2026-04-29 20:00:00,-0.002032292538354241,-0.007515308999041033
2026-04-29 20:05:00,0.0004896198486488146,-0.00015817573275235162
2026-04-29 20:10:00,0.0017243153653012655,0.0005341298177338437
2026-04-29 20:15:00,-0.0023725537277048403,3.783833518166031e-05
2026-04-29 20:20:00,-0.001714719306658452,0.0007470555074049218
2026-04-29 20:25:00,-0.002889524178936398,0.0005508251157189579
2026-04-29 20:30:00,0.0017346824743995626,0.0010527563264462144
2026-04-29 20:35:00,0.0010331560079315238,0.00044971037694738897
2026-04-29 20:40:00,0.0040932359890355485,-0.0002274559383039429
2026-04-29 20:45:00,0.0018528940218267564,0.0009356059393100073
2026-04-29 20:50:00,0.0015697655851170111,0.0009831478026237185
2026-04-29 20:55:00,0.002275594253795532,-0.0002909431086229404
2026-04-29 21:00:00,0.002214552667455294,0.0014073828033871333
2026-04-29 21:05:00,0.001292324062204031,0.0003203726558501526
2026-04-29 21:10:00,-0.0013330373002649054,0.0010455584227303484
2026-04-29 21:15:00,-0.001857603390122975,0.0025888992301063805
2026-04-29 21:20:00,-0.0008033781933054485,0.0005044574490397622
2026-04-29 21:25:00,-0.0007178482477652182,0.0009201749004007979
2026-04-29 21:30:00,0.0017234609504424014,6.472942256609965e-06
2026-04-29 21:35:00,0.0013290763776758752,0.00024796224782078474
2026-04-29 21:40:00,0.0014483791913928457,-0.0005948301218943702
2026-04-29 21:45:00,7.916820609032982e-05,1.5958901663384525e-05
2026-04-29 21:50:00,0.0010198139284014474,0.0007481610613133682
2026-04-29 21:55:00,4.179135337523121e-05,4.043224736791258e-06
2026-04-29 22:00:00,-0.0004971042679571269,0.0002465290971492766
2026-04-29 22:05:00,-0.0017039356231531855,-0.00030626169539635156
2026-04-29 22:10:00,-0.0006732732775613925,-0.000639326351124623
2026-04-29 22:15:00,-0.00024864483194342313,0.0008184331547244224
2026-04-29 22:20:00,0.0004641979194452972,0.0005363947440485484
2026-04-29 22:25:00,0.000162859281138239,-2.2558331104895885e-05
2026-04-29 22:30:00,-0.00042261799264764477,-0.00041463925787857186
2026-04-29 22:35:00,-0.0009132008763206301,0.001037187951430544
2026-04-29 22:40:00,0.0008314892935370466,0.0012653238281101521
2026-04-29 22:45:00,0.0016058782983847664,-0.0002905207599940658
2026-04-29 22:50:00,-0.0005857676255622835,0.0005406127093200998
2026-04-29 22:55:00,-0.0003958610579388733,0.0007027461673780543
2026-04-29 23:00:00,-0.0005958538861179363,0.0006940384640517464
2026-04-30 00:00:00,0.0022399185568335866,0.0001478694884222546
2026-04-30 00:05:00,0.0006860596041473599,0.001652512027362941
2026-04-30 00:10:00,0.0005057290411638604,-0.0005231643535860975
2026-04-30 00:15:00,1.0989192130494985e-05,0.0003767975791416347
2026-04-30 00:20:00,-0.00013629488959310265,-0.0003116658792878177
2026-04-30 00:25:00,-0.0001450960824396219,-0.00012401456267545092
2026-04-30 00:30:00,0.00034499921783393006,-0.0001119002109909199
2026-04-30 00:35:00,0.0004681612010646319,-0.0009766619068785325
2026-04-30 00:40:00,0.0008504906216977304,-0.0005763527734394158
2026-04-30 00:45:00,0.0003931979011273512,-0.00030841088438881615
2026-04-30 00:50:00,0.00025706573883788053,-0.0001859580559961649
2026-04-30 00:55:00,0.00025698273854501963,-0.001137518116239636
2026-04-30 01:00:00,-0.000369030442609386,-0.0004858830434714878
2026-04-30 01:05:00,-0.00017356705609117284,7.727352038871703e-05
2026-04-30 01:10:00,-0.0003668245664218972,-0.0003868399756199127
2026-04-30 01:15:00,0.0003316942687945357,-0.000685096340865763
2026-04-30 01:20:00,0.0007972809409864112,-0.000819366302209646
2026-04-30 01:25:00,0.0006413058260150706,0.0026481807406295845
2026-04-30 01:30:00,0.0010777956502519004,-0.0012224002833958016
2026-04-30 01:35:00,0.0006935345739407239,-0.0003477412349262454
2026-04-30 01:40:00,0.0017439397046441485,-0.0017933360017674343
2026-04-30 01:45:00,0.0003421930660323369,-0.0007140899931377764
2026-04-30 01:50:00,0.0008640503002528277,-0.0006008470561683109
2026-04-30 01:55:00,-0.0008946231119981718,4.2144362884166924e-05
2026-04-30 02:00:00,0.0004714204203573047,0.00018759514860797373
2026-04-30 02:05:00,-0.00014907213584436363,-0.0015876186833735009
2026-04-30 02:10:00,0.0011488306870006681,-0.0006721317390563131
2026-04-30 02:15:00,0.0006859033977892892,-0.0011663698549072732
2026-04-30 02:20:00,0.0009028613866526314,0.0004468780951575094
2026-04-30 02:25:00,0.0007490981603126556,-0.0003843936621988513
2026-04-30 02:30:00,0.001954324591162404,0.0007312027644852884
2026-04-30 02:35:00,0.001748617582661538,-0.0012135105560129346
2026-04-30 02:40:00,0.0006172555962393744,0.002341453223010756
2026-04-30 02:45:00,-0.0012075975092891156,0.0005548731760326951
2026-04-30 02:50:00,-0.0016150107566872407,3.960129542711658e-05
2026-04-30 02:55:00,-0.00020789816128718996,0.0003428773496294932
2026-04-30 03:00:00,0.0005602265562600905,0.0006068745410635338
2026-04-30 03:05:00,0.0007356128906330639,0.0007617990802782384
2026-04-30 03:10:00,0.002500662535656062,0.0010153550899182308
2026-04-30 03:15:00,0.0013904559262023497,0.0005975503914788713
2026-04-30 03:20:00,0.001395301254914827,3.689915044036932e-05
2026-04-30 03:25:00,-0.0009107936218839541,0.0009119864401423935
2026-04-30 03:30:00,0.00032328810493886806,-0.00020707115740604932
2026-04-30 03:35:00,0.001343160078359773,0.0014511272699763962
2026-04-30 03:40:00,0.0006596983539282064,6.398114481069779e-05
2026-04-30 03:45:00,-0.00029707166198456036,0.0002673053568646214
2026-04-30 03:50:00,-0.001085308158229381,3.297832164657409e-05
2026-04-30 03:55:00,8.297758518160947e-05,-1.8771410260985557e-05
2026-04-30 04:00:00,-0.00033649654971590337,0.0005441181041638772
2026-04-30 04:05:00,-0.0002818923517668992,0.0003947101589590031
2026-04-30 04:10:00,-0.0016018097533958553,-0.000263547082491719
2026-04-30 04:15:00,-0.0017367229305822462,0.0019176498162851775
2026-04-30 04:20:00,-0.0025822447916041824,0.0007340618789709134
2026-04-30 04:25:00,-0.0021850418771904856,0.003635156878455254
2026-04-30 04:30:00,-0.0012223253301133497,0.0006098025056538997
2026-04-30 04:35:00,2.410258938567722e-05,-0.0002567634652936104
2026-04-30 04:40:00,0.0005280878194700023,0.0011107220667758546
2026-04-30 04:45:00,0.0010559316071514502,0.0005046966165609319
2026-04-30 04:50:00,0.0007206181419157076,0.001701446213862594
2026-04-30 04:55:00,0.0001248596699401361,-3.0320424378477043e-06
2026-04-30 05:00:00,-0.0002912556533480881,3.014746453693009e-05
2026-04-30 05:05:00,-0.0004226704733429898,3.7219968937740166e-05
2026-04-30 05:10:00,-0.0004162595416392634,-0.0002208314866948099
2026-04-30 05:15:00,-0.0010978982161340411,0.0008004942577590872
2026-04-30 05:20:00,-0.0013633984484240358,0.00048364097078868774
2026-04-30 05:25:00,-0.00039670320436258066,0.0003123648497915975
2026-04-30 05:30:00,-0.00043642600695115163,0.0022029110795386514
2026-04-30 05:35:00,-0.0003575969087332709,-0.0003799164903204632
2026-04-30 05:40:00,-0.001232756375284083,8.859821539023353e-05
2026-04-30 05:45:00,-0.001073233465429979,0.0007183819135510967
2026-04-30 05:50:00,-0.0008209820635318721,-0.00045781909315062777
2026-04-30 05:55:00,-0.00013609115494261914,0.0013716356202198854
2026-04-30 06:00:00,-0.00021961707654938323,0.00047852857961786286
2026-04-30 06:05:00,-0.0007777006815707921,-5.789398458671901e-05
2026-04-30 06:10:00,-0.0018302488248576054,-0.0006061842896720247
2026-04-30 06:15:00,-0.0026039390472067936,0.0012911562678978284
2026-04-30 06:20:00,-0.0016672829356316754,-0.00045937989910633647
2026-04-30 06:25:00,-0.0005125424527037126,0.0003935536413507048
2026-04-30 06:30:00,0.001302817085683472,-0.00031383310323863315
2026-04-30 06:35:00,0.0010737145611141585,-0.0005431244841599299
2026-04-30 06:40:00,-0.0005128052871903321,0.0007276924179031083
2026-04-30 06:45:00,-5.718269653165464e-05,-0.00039551120791383196
2026-04-30 06:50:00,0.0011450512952713154,0.0010326287081752058
2026-04-30 06:55:00,0.0024186626918023535,9.35670894867274e-05
2026-04-30 07:00:00,0.0015910972255568367,0.0008999350046405227
2026-04-30 07:05:00,0.000974787336454952,0.0016107821458382046
2026-04-30 07:10:00,0.00043693387294929664,0.0013281769479224605
2026-04-30 07:15:00,0.001838473751375247,0.00030225883255137833
2026-04-30 07:20:00,0.0019182565756441505,-0.0003042582573411027
2026-04-30 07:25:00,0.001853198722795213,0.00042702382553904577
2026-04-30 07:30:00,0.0010427849434435643,0.001078716169271329
2026-04-30 07:35:00,-2.190215867869938e-05,0.0016201495096569282
2026-04-30 07:40:00,-0.00022351755363203551,2.5958217597092062e-05
2026-04-30 07:45:00,-0.0009397724865163326,0.0007125840854757163
2026-04-30 07:50:00,-6.789974058207804e-05,0.0009647927489863375
2026-04-30 07:55:00,0.0007404843719331922,0.0013429149363536265
2026-04-30 08:00:00,0.0010317307375355966,-0.000817487081555809
2026-04-30 08:05:00,0.0011405417824139619,0.0004845716399165388
2026-04-30 08:10:00,0.0008230903565511483,0.00106111570433434
2026-04-30 08:15:00,0.002108339654899538,0.0017093884288908105
2026-04-30 08:20:00,0.0010889769504576208,0.000486920575910406
2026-04-30 08:25:00,0.0010869292914961193,8.087173091922821e-05
2026-04-30 08:30:00,0.0003058210883111201,-0.00041030840826556
2026-04-30 08:35:00,0.0018079673376885097,-0.0034947234502342023
2026-04-30 08:40:00,0.0032776826339500076,-0.0001968002846555757
2026-04-30 08:45:00,0.0017043307427595522,-0.0028586640600858438
2026-04-30 08:50:00,0.0023380813769779962,-0.0002675073884866183
2026-04-30 08:55:00,0.00030060709789836437,-0.00022438977991411676
2026-04-30 09:00:00,0.00039021243092740576,0.00031219938565234435
2026-04-30 09:05:00,-0.001472375800167569,0.0010410319343123714
2026-04-30 09:10:00,5.662600485401015e-05,0.0019053646933540514
2026-04-30 09:15:00,0.00017216824148746923,0.0021520310254851266
2026-04-30 09:20:00,0.00047505628566923974,0.00033244749505773996
2026-04-30 09:25:00,0.0010665831824923089,-0.0015600501052287867
2026-04-30 09:30:00,0.0025246328209291846,0.00013348933394188232
2026-04-30 09:35:00,0.0022545274173566554,0.0011277719542956259
2026-04-30 09:40:00,0.0005915718584326157,0.00022056761000351766
2026-04-30 09:45:00,0.005771774718898115,0.0001425994899144779
2026-04-30 09:50:00,0.004296921010348953,0.0006920674007320257
2026-04-30 09:55:00,0.004239491710114507,-0.0006656694340634551
2026-04-30 10:00:00,-0.0027289338933247365,-7.102170935237051e-05
2026-04-30 10:05:00,-0.0009506290783338756,0.0031546085058313665
2026-04-30 10:10:00,-0.0002988222527893214,0.0014342280687857476
2026-04-30 10:15:00,0.0005372861546248942,0.0001379916824444489
2026-04-30 10:20:00,0.0001148164076081315,-0.0011459771826570731
2026-04-30 10:25:00,-0.0004744012938964204,-0.0009100226096489092
2026-04-30 10:30:00,8.879773290004778e-05,-0.002136878521585479
2026-04-30 10:35:00,0.00012563303905466228,0.00033485956491712877
2026-04-30 10:40:00,0.0002946318531353853,0.0015085920960323201
2026-04-30 10:45:00,-1.9491509823055253e-05,3.7756115576137103e-07
2026-04-30 10:50:00,0.0005932944906703597,-0.00012106081346572608
2026-04-30 10:55:00,0.00044395021123655454,0.0002220623350846821
2026-04-30 11:00:00,-0.00027508737446702014,0.0010225115098596897
2026-04-30 11:05:00,-9.524984691466898e-05,-0.0014324262637886282
2026-04-30 11:10:00,0.0016614389976528088,-9.998204515318954e-06
2026-04-30 11:15:00,0.001794285391753192,-0.0014420726231333875
2026-04-30 11:20:00,0.0011013133570401124,-0.0015966289773881887
2026-04-30 11:25:00,-0.0013367222019624592,-1.2199147428066997e-05
2026-04-30 11:30:00,-0.00012110490943761931,-0.00023489331697422564
2026-04-30 11:35:00,0.0003567471187260196,0.0006062602769456787
2026-04-30 11:40:00,0.0011897269574259184,-0.0002285849558868408
2026-04-30 11:45:00,-4.325446603559158e-06,-0.0012641506601268973
2026-04-30 11:50:00,-8.646909918752499e-06,-0.0004919088374896267
2026-04-30 11:55:00,0.0003393534376971985,0.0002051676915790297
2026-04-30 12:00:00,0.001160711038727058,0.0020720273961426067
2026-04-30 12:05:00,0.0017667391204607696,-0.00028296223499229753
2026-04-30 12:10:00,0.00370162271401675,-0.0012928165034839499
2026-04-30 12:15:00,0.0013772709334372024,0.00046688049534660177
2026-04-30 12:20:00,0.0008326107788558801,0.000521978945464103
2026-04-30 12:25:00,-0.00153205218257213,0.0011048513137532226
2026-04-30 12:30:00,0.0002545226312395954,0.0006865982076235422
2026-04-30 12:35:00,-0.0001811309042309972,5.543578805374666e-05
2026-04-30 12:40:00,0.000715680767958915,0.0014935647349557915
2026-04-30 12:45:00,0.0010971566639526031,0.0006107708897359124
2026-04-30 12:50:00,0.0016010087833677744,-0.0012760385049640625
2026-04-30 12:55:00,-0.0009464461011283731,2.560487238954302e-05
2026-04-30 13:00:00,-0.0013020638686676023,-0.0005395882830992966
2026-04-30 13:05:00,-0.001611791419440678,-0.00037705029998458386
2026-04-30 13:10:00,0.0002631113580076061,0.00028497161564794546
2026-04-30 13:15:00,-0.0011352992926969563,0.0005405283152083157
2026-04-30 13:20:00,-0.0016727158114839824,-0.0005243130868202951
2026-04-30 13:25:00,-0.0016682622975565664,0.000249093661984458
2026-04-30 13:30:00,0.0009627132851104392,0.0005250957484240536
2026-04-30 13:35:00,0.0002958966499946314,-0.009045689899326546
2026-04-30 13:40:00,0.00012311055018976447,-0.00779841766760145
2026-04-30 13:45:00,0.00015748592097608594,-0.000959152347887504
2026-04-30 13:50:00,0.00014251750722138468,0.0005778627526109032
2026-04-30 13:55:00,0.0012777265116152847,0.00038201565718948917
2026-04-30 14:00:00,-0.0005653387111959063,-0.00047874165906620355
2026-04-30 14:05:00,0.0004339055125512914,-0.0017119401983912688
2026-04-30 14:10:00,-0.0015736493664704199,0.0007926787629939377
2026-04-30 14:15:00,-0.0011273154891000559,0.0002825523778538132
2026-04-30 14:20:00,-0.00044470158234943824,0.003923277526430878
2026-04-30 14:25:00,-0.000719652263979853,0.002133992595527205
2026-04-30 14:30:00,-7.563176840363894e-05,-0.000781283667612111
2026-04-30 14:35:00,0.0008201693030098767,0.0006911188400668237
2026-04-30 14:40:00,0.0031104492702382913,0.0023922367811941687
2026-04-30 14:45:00,0.002760092863283603,-0.0008944050912631887
2026-04-30 14:50:00,0.0010867667820377847,0.0002559040456682701
2026-04-30 14:55:00,0.0003189160329757357,0.001654476703323263
2026-04-30 15:00:00,-0.00037073440322465956,0.0010210472342380187
2026-04-30 15:05:00,-0.0009940005022972542,0.00015400030716601504
2026-04-30 15:10:00,-0.0017725645362691722,0.00040066334793149817
2026-04-30 15:15:00,-0.0020803847149686305,0.003760036175821036
2026-04-30 15:20:00,-0.002349852487741444,-3.524856218640473e-05
2026-04-30 15:25:00,-0.0017757121013897148,0.002705692191211014
2026-04-30 15:30:00,-0.0022990628959398407,-0.004335586892164687
2026-04-30 15:35:00,-0.002398736834621218,0.0004066433160927588
2026-04-30 15:40:00,-0.0030294358950868627,0.00013017077568765412
2026-04-30 15:45:00,0.00045893704925425993,0.0006820029455148172
2026-04-30 15:50:00,0.001578877592484318,-0.0013977712484317013
2026-04-30 15:55:00,0.0020581577444129806,-5.904690364517875e-05
2026-04-30 16:00:00,0.0004219496081674379,0.0010782748613804097
2026-04-30 16:05:00,0.00046084794672651697,0.0013434083694762542
2026-04-30 16:10:00,0.00016014196402913683,0.0005329188872234291
2026-04-30 16:15:00,-0.0011537509546037938,0.0008107588839822129
2026-04-30 16:20:00,-0.00219796727872712,0.0005418873538608914
2026-04-30 16:25:00,-0.0008356172580086252,-0.0010312981898249563
2026-04-30 16:30:00,0.0004309182848558635,-0.00037295350048855954
2026-04-30 16:35:00,0.0018431548063766456,0.0010737333860017567
2026-04-30 16:40:00,0.0006083811728068156,0.0005443354313425085
2026-04-30 16:45:00,-0.000511059246353085,0.00042152028596269573
2026-04-30 16:50:00,0.0005364969474808134,6.763886881841995e-05
2026-04-30 16:55:00,0.00010388576038522501,0.0016803714114897084
2026-04-30 17:00:00,0.000673417467394799,0.0002515437133833822
2026-04-30 17:05:00,-0.000694472266872026,0.00020762814449600095
2026-04-30 17:10:00,0.0004457205492531813,-0.0001875939369300843
2026-04-30 17:15:00,0.0006686379834217604,0.00035828630267421325
2026-04-30 17:20:00,-0.0011108597961992928,0.004479790834597907
2026-04-30 17:25:00,-0.0015305600788408924,-0.0004164844915104585
2026-04-30 17:30:00,-0.0017861961055452014,0.000639669962550884
2026-04-30 17:35:00,-0.00017551177436381238,0.00010575301794550499
2026-04-30 17:40:00,-2.3832040447757663e-05,-2.321610460451391e-05
2026-04-30 17:45:00,4.334032558617196e-06,0.000498037593771038
2026-04-30 17:50:00,-0.00016470572974824904,-3.9050247586855965e-05
2026-04-30 17:55:00,-0.0007846078555502345,0.0004146729889167925
2026-04-30 18:00:00,-0.001372659998658321,-0.011221311056812861
2026-04-30 18:05:00,-0.0006504192181004953,0.0005051524485612205
2026-04-30 18:10:00,-0.0009045799038691626,1.4279078697001569e-05
2026-04-30 18:15:00,0.0009586751064443177,-1.680844121841824e-05
2026-04-30 18:20:00,-1.735030482485911e-05,0.00030287210705826973
2026-04-30 18:25:00,0.0002885999774822068,-0.00013273933314025127
2026-04-30 18:30:00,0.0001213955284580237,0.0005742351641951887
2026-04-30 18:35:00,0.0010989810063328775,0.00030768906957510174
2026-04-30 18:40:00,-0.0002864297420437367,-0.0008645620316517978
2026-04-30 18:45:00,0.0008363614001911657,0.0003342838373853181
2026-04-30 18:50:00,0.00027942974852201985,0.0020197946924747348
2026-04-30 18:55:00,0.0017541790919910483,0.0023601714466116525
2026-04-30 19:00:00,0.00021006378869969922,-0.0005950627392819674
2026-04-30 19:05:00,0.0005023439212692438,0.0007423340833340268
2026-04-30 19:10:00,0.00043752302025623635,-0.0017825763763297427
2026-04-30 19:15:00,-7.146004790925531e-05,-0.0003213404486314156
2026-04-30 19:20:00,-0.0004525313141208187,0.00012663137303544183
2026-04-30 19:25:00,2.598544382337309e-05,0.0006583512068219463
2026-04-30 19:30:00,-0.00032921525776785643,-0.0001270543771542895
2026-04-30 19:35:00,-0.00029241381311351233,0.00023458202842087134
2026-04-30 19:40:00,-0.00024039112401119667,0.00022683027164932296
2026-04-30 19:45:00,0.0015519937139263362,-0.00018441023898770742
2026-04-30 19:50:00,0.0013400692389922142,-8.369190747967332e-05
2026-04-30 19:55:00,0.0008162284853554524,-6.605664096184967e-06
2026-04-30 20:00:00,9.299981731203388e-05,-0.00027716455711240405
2026-04-30 20:05:00,-9.519606068586484e-05,0.0004588973120508823
2026-04-30 20:10:00,0.00011685883466050484,0.0001457438779218646
2026-04-30 20:15:00,-0.0008308164114101402,-3.095255173210152e-05
2026-04-30 20:20:00,-0.00018825525303967083,0.0004257447722289479
2026-04-30 20:25:00,-0.0001103663189070403,-0.0004963664663517328
2026-04-30 20:30:00,0.00030298177579979324,-0.00032710157032707224
2026-04-30 20:35:00,0.0006900960675562118,-0.0017070651582548587
2026-04-30 20:40:00,0.0003397161779759017,3.3420686610481296e-07
2026-04-30 20:45:00,0.0006575873703305035,-0.00012154070654383218
2026-04-30 20:50:00,0.0003394649675563244,0.0004458976213732688
2026-04-30 20:55:00,0.00041096720627464833,7.08566811996517e-05
2026-04-30 21:00:00,-0.0006143117522405817,0.0006694977214025641
2026-04-30 21:05:00,-0.0012589774095221884,0.00025191061659947975
2026-04-30 21:10:00,-0.0013654951716350894,0.0002518463718212063
2026-04-30 21:15:00,-0.0007532630932587381,-0.0010650404129002324
2026-04-30 21:20:00,0.00024456465989430853,0.0017061320431297905
2026-04-30 21:25:00,0.001017265461959127,0.00010023198118552161
2026-04-30 21:30:00,0.0004741024344880884,0.00016567778218460694
2026-04-30 21:35:00,-0.0009742854387546629,-0.0006082912802460455
2026-04-30 21:40:00,-0.0012879890861974275,0.00023877841846771126
2026-04-30 21:45:00,-0.0006949940144362898,0.00029346013426036037
2026-04-30 21:50:00,0.00010613492357869347,-2.7252100977981798e-06
2026-04-30 21:55:00,-2.3827187904501557e-05,-0.00010713084908841914
2026-04-30 22:00:00,0.0003313190752081141,-0.00026983978717902684
2026-04-30 22:05:00,8.66324036046251e-05,-0.0012160786263946104
2026-04-30 22:10:00,-1.9495394214530393e-05,-0.0009206049101667294
2026-04-30 22:15:00,-5.196436112164804e-05,0.0015703862653929895
2026-04-30 22:20:00,3.681649899434092e-05,0.001109698839682974
2026-04-30 22:25:00,0.00024041663668938895,-0.0008507782543909393
2026-04-30 22:30:00,5.412948423533237e-05,-0.00024404528965596244
2026-04-30 22:35:00,0.0007685055975823474,-0.0004382562489895226
2026-04-30 22:40:00,6.713306100003535e-05,0.000783604862643692
2026-04-30 22:45:00,-0.0005609235677574986,-0.000165298048761722
2026-04-30 22:50:00,0.001669193185813711,0.00029605301324520697
2026-04-30 22:55:00,0.002884625701748078,-0.0007737064852418847
2026-04-30 23:00:00,0.003337081541973319,-0.0009225485555890529
2026-05-01 00:00:00,0.0003650348497608036,0.0001387036165180766
2026-05-01 00:05:00,-0.00013172428183416685,0.00116205275603444
2026-05-01 00:10:00,-1.5113942936295643e-05,-0.00038874010239170617
2026-05-01 00:15:00,-0.0005400396304313659,-0.00027072283714176334
2026-05-01 00:20:00,-6.26291050611627e-05,0.00014719472170753224
2026-05-01 00:25:00,0.0001986221673178079,0.0006690948846571186
2026-05-01 00:30:00,0.0007818828222134755,-4.333287219149387e-05
2026-05-01 00:35:00,-0.00012095006288959098,0.0002503009207543126
2026-05-01 00:40:00,-0.0003778477620759446,0.00030559162294977957
2026-05-01 00:45:00,-0.00044918391813020264,0.001982792631521291
2026-05-01 00:50:00,-4.752009885145014e-05,0.012606958310673317
2026-05-01 00:55:00,-0.00010798273150669502,0.0005432265735436382
2026-05-01 01:00:00,0.00010583553383902711,0.000567988395698239
2026-05-01 01:05:00,0.00019870539183486358,7.58540028012423e-05
2026-05-01 01:10:00,0.00013173736771143751,0.0008128771593689688
2026-05-01 01:15:00,0.000606718180751642,-2.4642137580032503e-08
2026-05-01 01:20:00,0.0006368870043136354,-4.816320869873033e-06
2026-05-01 01:25:00,2.5913505039554252e-05,0.0002082241987116151
2026-05-01 01:30:00,-0.00030007437320200836,-0.0004789128255388292
2026-05-01 01:35:00,-0.00031299546627927555,-0.00047771056542350403
2026-05-01 01:40:00,-0.0008987269360982708,0.00039932185057818027
2026-05-01 01:45:00,-0.0007386960407433918,-2.6813604292281893e-05
2026-05-01 01:50:00,-0.0010562730961769518,-0.0009102952215410196
2026-05-01 01:55:00,-0.0008779024319096607,0.00031285587343567135
2026-05-01 02:00:00,-0.00040197617211568115,0.00012075600480173092
2026-05-01 02:05:00,-0.0007631979009570244,0.00020313648992408722
2026-05-01 02:10:00,0.00020548960132593663,-0.000248292777588419
2026-05-01 02:15:00,-0.0009645371186248752,3.874918004988215e-05
2026-05-01 02:20:00,-0.0004910895471734733,0.00034951009178227257
2026-05-01 02:25:00,-0.00053868879261465,-0.00028433333099215806
2026-05-01 02:30:00,0.00014495622671972797,-0.0004833969049754755
2026-05-01 02:35:00,0.0006597783167947568,-9.190724122601801e-05
2026-05-01 02:40:00,-0.0003527928568995975,-6.590642782291307e-05
2026-05-01 02:45:00,-0.000989148666135975,0.00010117553829461017
2026-05-01 02:50:00,-0.0012983389579197535,-5.224751259582045e-05
2026-05-01 02:55:00,-0.00012772871304633782,0.00027065139681841944
2026-05-01 03:00:00,-0.0006498640929688548,-0.0003153533356967243
2026-05-01 03:05:00,-0.000682303352535385,0.0007360233751148998
2026-05-01 03:10:00,-0.0005262411453603733,-0.00025295714686492067
2026-05-01 03:15:00,0.0010136035988725922,0.00022333985747937057
2026-05-01 03:20:00,0.001316536141551694,4.166810262273905e-05
2026-05-01 03:25:00,0.0007989979389115831,1.9325425366443615e-06
2026-05-01 03:30:00,6.493956293773806e-05,0.00034439329758155187
2026-05-01 03:35:00,-0.00039391296764357264,0.0005172813365389589
2026-05-01 03:40:00,9.739511365580711e-05,0.00038403916329616085
2026-05-01 03:45:00,0.0010773811596145322,0.00030471147038613504
2026-05-01 03:50:00,0.0014969091194956263,0.00036478385933569986
2026-05-01 03:55:00,0.002250429795893183,0.000596142172544753
2026-05-01 04:00:00,0.0019743470981019584,0.0007612404410021495
2026-05-01 04:05:00,0.000805931526484116,0.0018282107361175162
2026-05-01 04:10:00,-0.0003174771178571234,0.0006332454002280932
2026-05-01 04:15:00,-0.0009996470761546306,0.0007556111228083782
2026-05-01 04:20:00,-0.0003477888978071775,0.00041700245893669364
2026-05-01 04:25:00,-0.0011995475578405745,0.0005771493699331536
2026-05-01 04:30:00,-0.0018226618279513218,0.0011103650933657482
2026-05-01 04:35:00,-0.0018424893516879592,0.00047556398204386986
2026-05-01 04:40:00,-0.0010819069446981189,0.0002574454284474067
2026-05-01 04:45:00,-0.0004956983657962155,0.00016076909435240063
2026-05-01 04:50:00,-0.00015802387925134553,0.012074913681709461
2026-05-01 04:55:00,0.0003961137612584764,0.0001734854012905143
2026-05-01 05:00:00,0.0005238310786239708,-0.00040295459464658823
2026-05-01 05:05:00,0.0010169771126236071,0.0014331712800148212
2026-05-01 05:10:00,0.001306279409421407,0.0007020868550263969
2026-05-01 05:15:00,0.0020364360339772958,-0.0013833673061169698
2026-05-01 05:20:00,0.0013809992718023523,-4.194784619660451e-05
2026-05-01 05:25:00,-0.00011455558390061071,0.00035419852383207755
2026-05-01 05:30:00,-0.0007972182045374865,1.5253915487588093e-05
2026-05-01 05:35:00,-0.0009053225586672653,0.00014095710051664377
2026-05-01 05:40:00,0.00013400711554645284,9.500523347378035e-06
2026-05-01 05:45:00,-0.0003350645030515409,8.393934097161552e-05
2026-05-01 05:50:00,-0.0011095431572858416,-2.1200507932510695e-05
2026-05-01 05:55:00,-0.0011461244950936589,0.00044882669594309497
2026-05-01 06:00:00,-0.00047144208082805505,0.0005821977546570064
2026-05-01 06:05:00,0.00012767094670351753,-0.000211792836077234
2026-05-01 06:10:00,-0.0008442143680138514,-0.00015057032209289743
2026-05-01 06:15:00,-0.0018814925413792594,-0.00011177529882093197
2026-05-01 06:20:00,-0.0011929519828139945,-0.00016949260799758566
2026-05-01 06:25:00,-0.0009056166177785485,0.0014926530067644146
2026-05-01 06:30:00,-0.0007479504880301135,0.00023907487134476228
2026-05-01 06:35:00,-0.0011531676535518898,0.00014730062173211344
2026-05-01 06:40:00,-0.0009194545506936436,2.587067137963363e-05
2026-05-01 06:45:00,-0.00036225243316678757,0.00039356904369318413
2026-05-01 06:50:00,0.0004965453340570747,-0.00024639811769145326
2026-05-01 06:55:00,0.001103677482634069,-5.2842248571538725e-05
2026-05-01 07:00:00,0.0010495205478910918,0.0003072641547886068
2026-05-01 07:05:00,0.0003706220315446984,0.0004287539103313222
2026-05-01 07:10:00,9.101527546029331e-05,0.0006227636291321777
2026-05-01 07:15:00,0.00017120152086036455,0.0005809553051216322
2026-05-01 07:20:00,-0.0008649985092930024,-0.0005713534680295732
2026-05-01 07:25:00,-0.0011035769802507644,0.0008905578215096864
2026-05-01 07:30:00,-0.0006394464995764793,0.0009185592645401781
2026-05-01 07:35:00,-0.0005597209351595467,0.0008751899785307485
2026-05-01 07:40:00,-0.0009354162035926095,9.382129783197524e-05
2026-05-01 07:45:00,-0.0014451371272325986,1.317607698313357e-06
2026-05-01 07:50:00,-0.0010769335361366927,-0.0004596795139360945
2026-05-01 07:55:00,-0.0007972048293609646,-0.0020833023077487236
2026-05-01 08:00:00,-0.001723439524312198,0.0010030113391232688
2026-05-01 08:05:00,-0.0009280480903761656,-0.0006747290437468059
2026-05-01 08:10:00,-0.0017290976571775474,-0.0007748211835950534
2026-05-01 08:15:00,-0.0004373087523816821,0.0012574606393263082
2026-05-01 08:20:00,-0.001420907596122234,-8.78078398932091e-05
2026-05-01 08:25:00,-3.700708468379332e-05,-0.00011356803524287338
2026-05-01 08:30:00,-0.0005594247431215393,0.0006585108661898036
2026-05-01 08:35:00,3.483963967276793e-05,-7.183592001883663e-05
2026-05-01 08:40:00,0.0001741390461145187,5.878205690991022e-05
2026-05-01 08:45:00,8.70939787489533e-06,-0.00011856388535242649
2026-05-01 08:50:00,0.00021118933420005703,-0.0011616677070132445
2026-05-01 08:55:00,0.00030902214324335375,-6.295541602961241e-05
2026-05-01 09:00:00,0.0007095610378708983,-0.00024582826240312377
2026-05-01 09:05:00,-0.0005226116765868483,-0.00027321472536665837
2026-05-01 09:10:00,-0.0009382425947244144,-0.00044586612001454133
2026-05-01 09:15:00,-0.0021650829075881006,0.0006946825936385889
2026-05-01 09:20:00,-0.0012662878213749451,8.252729983098729e-05
2026-05-01 09:25:00,-0.0013337752169064743,-0.0026940598381566647
2026-05-01 09:30:00,-0.00043401595199199505,0.0005544705716234841
2026-05-01 09:35:00,-0.0011958356671151193,-0.0015636157078882911
2026-05-01 09:40:00,-0.001407622561893973,-0.0013614713155021196
2026-05-01 09:45:00,-0.0005171392496290395,0.0008679369239660878
2026-05-01 09:50:00,6.550440026842352e-06,5.294565196955299e-06
2026-05-01 09:55:00,-0.001061937720795214,0.0008040024045904864
2026-05-01 10:00:00,-0.0020624870758929603,-0.0005473098668936179
2026-05-01 10:05:00,-0.002494451087983407,0.00045621583671850475
2026-05-01 10:10:00,-0.0015118186159579494,-0.00042532837879786915
2026-05-01 10:15:00,-5.905324526622735e-05,0.0002945894894396232
2026-05-01 10:20:00,0.00043768944444622093,-0.000697588850053396
2026-05-01 10:25:00,0.0009038653440267552,-0.00040000231951215046
2026-05-01 10:30:00,-0.00020780766272565643,-0.00015268570760271173
2026-05-01 10:35:00,-0.00039391187825366103,-0.0006408450416349456
2026-05-01 10:40:00,-0.0004988851770466596,-0.00019440982084680718
2026-05-01 10:45:00,-0.0011097674895825804,-0.001913001855781258
2026-05-01 10:50:00,-0.00045538039279691134,6.326331013731755e-05
2026-05-01 10:55:00,-0.0006984196077848281,-0.00028731117315751
2026-05-01 11:00:00,0.000512353421203926,-0.0006154459213006185
2026-05-01 11:05:00,0.0007967796515995218,-0.0003067377292343453
2026-05-01 11:10:00,0.000659023333792419,-0.0010314552317110838
2026-05-01 11:15:00,0.0006696047831518115,-0.0002996218908054201
2026-05-01 11:20:00,0.0003522193684872832,-0.0008319720473778793
2026-05-01 11:25:00,0.00039170504892105384,0.001645183767684106
2026-05-01 11:30:00,-0.0006608488866017836,-0.0004985545165692537
2026-05-01 11:35:00,-0.002224782709484785,-0.002159964144690386
2026-05-01 11:40:00,-0.001852651287720164,-0.000791844621044448
2026-05-01 11:45:00,-0.0010731682706381918,-1.4981735254084461e-05
2026-05-01 11:50:00,0.0011108203136220851,0.00015342105654721954
2026-05-01 11:55:00,0.0010231054000815476,-0.0005603593636210155
2026-05-01 12:00:00,0.0012460815200530106,-0.0007429791761990659
2026-05-01 12:05:00,0.001017716005028646,-0.0019333439182159266
2026-05-01 12:10:00,0.0011817305848076387,-0.00036244047982358495
2026-05-01 12:15:00,0.000450747131932161,-0.0003800362610659768
2026-05-01 12:20:00,-0.0006739842350267367,-0.0004900781763466479
2026-05-01 12:25:00,-0.00043532713114657895,-0.0004479785039524824
2026-05-01 12:30:00,-0.0004770105098419464,0.0004043377247599524
2026-05-01 12:35:00,-0.00020578699367490572,-0.0003035518027348182
2026-05-01 12:40:00,-0.0005756227225681698,-0.004060919274798971
2026-05-01 12:45:00,-0.00035243371163318216,-0.0003226287775977977
2026-05-01 12:50:00,-8.757832786088215e-06,0.0013593727514164939
2026-05-01 12:55:00,-0.000427006526548368,-0.00011266552956474922
2026-05-01 13:00:00,0.0009650662125686438,0.00013512613067628496
2026-05-01 13:05:00,0.0013215648899400634,-0.0020448583062118632
2026-05-01 13:10:00,0.0011951590918375388,-0.00038240689718008463
2026-05-01 13:15:00,0.0007368496187254436,-0.0005039890043152611
2026-05-01 13:20:00,0.0005945719257418602,-0.0010844651019863184
2026-05-01 13:25:00,0.0009970613756316027,-0.0017088100801437346
2026-05-01 13:30:00,-0.00019235939789652434,-0.0011307613626917517
2026-05-01 13:35:00,0.0005374335710737199,-0.00961041741631627
2026-05-01 13:40:00,0.0005483971537767474,-0.00044296219019850243
2026-05-01 13:45:00,0.0008478521224564162,-0.0020633401858481766
2026-05-01 13:50:00,-0.0005374335710737199,-0.0004432027097479623
2026-05-01 13:55:00,0.00142311804683537,-0.0007842928320762894
2026-05-01 14:00:00,0.0021077720413469336,-0.00022458491071702296
2026-05-01 14:05:00,0.0046916917692332305,-0.0013134697972350638
2026-05-01 14:10:00,0.004016135220338057,-0.0007468426294536482
2026-05-01 14:15:00,0.002070711934486269,-0.003226847710150261
2026-05-01 14:20:00,8.482326859571288e-05,0.0006844350163261437
2026-05-01 14:25:00,-0.002425166355418895,0.0005561155935808366
2026-05-01 14:30:00,-0.0010076028068652931,-0.0006730339258523943
2026-05-01 14:35:00,-0.00102270856935327,8.961598294025808e-05
2026-05-01 14:40:00,-0.00023303855151013408,2.3028699443249654e-05
2026-05-01 14:45:00,1.524129694807641e-05,0.0006645704277505616
2026-05-01 14:50:00,0.0006659673530400312,0.0007821784964245049
2026-05-01 14:55:00,0.0001132591632231339,0.0007329431401640067
2026-05-01 15:00:00,-0.00026348940696330203,0.0009894660828816244
2026-05-01 15:05:00,-0.0007966012104727582,-5.819908448106699e-05
2026-05-01 15:10:00,-0.0005271998187588167,0.00029816260532317
2026-05-01 15:15:00,0.0015603258304999201,-0.0010053194673644646
2026-05-01 15:20:00,0.0023379410461998873,-2.0548998677899716e-05
2026-05-01 15:25:00,0.004107844703048258,-0.0007646449255345765
2026-05-01 15:30:00,0.0005499946334808214,0.00017218332122133394
2026-05-01 15:35:00,0.002878480103371217,0.001653228585646026
2026-05-01 15:40:00,0.003961353338114648,0.0007303269349658013
2026-05-01 15:45:00,0.007239056953682876,1.613692819800775e-05
2026-05-01 15:50:00,0.003930136063088341,0.000967714066764058
2026-05-01 15:55:00,0.00644875086282326,0.0008364427565637858
2026-05-01 16:00:00,0.004312397756416786,0.0028594044319735497
2026-05-01 16:05:00,0.0031386175576439967,0.0006578562315331274
2026-05-01 16:10:00,-0.0026128400936897833,0.002161686037234837
2026-05-01 16:15:00,-0.002499485056784323,0.0028686120437515124
2026-05-01 16:20:00,-0.002325552397550723,-0.0018784056052323003
2026-05-01 16:25:00,-0.0023800706284671236,0.0014816357811569957
2026-05-01 16:30:00,-0.002706565879227796,-3.160843761968509e-05
2026-05-01 16:35:00,-0.001685094864361858,0.0018015696779402793
2026-05-01 16:40:00,-6.90721026685992e-05,-0.0012917130983869083
2026-05-01 16:45:00,-0.0009290367853775905,1.340418194483681e-05
2026-05-01 16:50:00,-0.0009311480474316625,0.0002465411219227202
2026-05-01 16:55:00,0.000843647931695557,0.0017649315013053776
2026-05-01 17:00:00,0.002778058377423065,0.0018776092294508439
2026-05-01 17:05:00,0.0020491080381752624,0.002782366245801097
2026-05-01 17:10:00,0.00029327600285178335,0.00396597942712557
2026-05-01 17:15:00,-0.00021989109012388042,0.006458333372077682
2026-05-01 17:20:00,0.0011598028342039157,0.00044357854636564156
2026-05-01 17:25:00,0.001264845128156722,0.000950418727662525
2026-05-01 17:30:00,0.0013595316342964736,-0.0004449622865965305
2026-05-01 17:35:00,0.0009367762877410257,0.00014305271872730712
2026-05-01 17:40:00,-7.752538960303923e-05,-0.00026888594139591474
2026-05-01 17:45:00,-9.904763553514329e-05,0.0004523391560522802
2026-05-01 17:50:00,-0.0014281270164424598,0.00022885462552550543
2026-05-01 17:55:00,7.752538960303923e-05,6.0499944822742496e-05
2026-05-01 18:00:00,0.0006909756915884913,-0.0010426035368314426
2026-05-01 18:05:00,0.0008963180460490605,-0.0006002269148259942
2026-05-01 18:10:00,-0.0011484211550349954,-0.0008460110709532296
2026-05-01 18:15:00,-0.0022102170097735296,0.001347105916186529
2026-05-01 18:20:00,-0.0005988927127020816,0.0010424441999607845
2026-05-01 18:25:00,5.3895397668313194e-05,-0.000392563536644202
2026-05-01 18:30:00,0.00042475800752228565,0.0003375201247918288
2026-05-01 18:35:00,0.00016376169262777296,0.0017925142297589502
2026-05-01 18:40:00,-4.311524920197485e-06,0.0003900435668300669
2026-05-01 18:45:00,-5.820489634089654e-05,0.0003396435934602264
2026-05-01 18:50:00,-0.0004956768460928629,-0.015005169966560119
2026-05-01 18:55:00,0.0002823656222439297,-0.0009595983246483996
2026-05-01 19:00:00,-2.5869930304622812e-05,0.0002568508638963263
2026-05-01 19:05:00,-0.000793594355373628,-0.0005139814690596823
2026-05-01 19:10:00,-0.0017947013685013502,-0.0004421330302001223
2026-05-01 19:15:00,-0.0017499289713658328,-0.00012159256668934325
2026-05-01 19:20:00,-0.0009583279207543427,0.0002929114007105618
2026-05-01 19:25:00,-0.0007969995227341542,-8.628815305953197e-05
2026-05-01 19:30:00,-0.0006221673225859092,0.00029255164938525027
2026-05-01 19:35:00,-0.00014037285212076256,-0.00016109998939321498
2026-05-01 19:40:00,0.0004774120469797083,0.0006823903529114012
2026-05-01 19:45:00,-0.0007133762670417099,0.0005058527547548491
2026-05-01 19:50:00,-0.001307493419179906,0.0009442955177419797
2026-05-01 19:55:00,-0.0031430071309657137,0.0010911950629727306
2026-05-01 20:00:00,-0.0011706068693158045,0.0005909140611612788
2026-05-01 20:05:00,-0.0003763561844696284,7.791489596843757e-05
2026-05-01 20:10:00,0.0014461882045289087,0.0013368607843503803
2026-05-01 20:15:00,-0.00027066793432339864,0.0018434638691400607
2026-05-01 20:20:00,-0.0010064750740585993,0.001110246499966627
2026-05-01 20:25:00,-4.326784745600776e-06,0.00021656107611858376
2026-05-01 20:30:00,0.001577504127535434,0.0001295604434240873
2026-05-01 20:35:00,0.001454193179188934,-0.0016587896095359815
2026-05-01 20:40:00,0.0005125937028616079,0.0001645030732335892
2026-05-01 20:45:00,-0.0008522789241585116,0.001346982123902999
2026-05-01 20:50:00,-0.00033739213504269117,0.00017996745380935647
2026-05-01 20:55:00,0.00036752148252361394,0.0003043685960613968
2026-05-01 21:00:00,0.0013754000234893482,-0.001820904922076956
2026-05-01 21:05:00,0.0008238150017518819,-0.0013561349479257255
2026-05-01 21:10:00,-0.0003977939782338069,-6.56115750456072e-05
2026-05-01 21:15:00,-0.0018516080314832095,0.00031064054096404097
2026-05-01 21:20:00,-0.0020402364057847677,-0.0005676023282841975
2026-05-01 21:25:00,-0.002804176268005776,3.1170303915363e-05
2026-05-01 21:30:00,-0.000771071849682059,-8.821559226262999e-05
2026-05-01 21:35:00,-0.0015128497556826659,-0.0005401430592490474
2026-05-01 21:40:00,-0.00021035944434366627,-0.0010613161354792473
2026-05-01 21:45:00,-0.0012857192637554249,-1.5416062566505663e-05
2026-05-01 21:50:00,4.337999575554363e-05,0.0002950725346835847
2026-05-01 21:55:00,0.00017349552316758832,0.0002541683669474875
2026-05-01 22:00:00,0.00028634026964091674,-0.0002591945998779966
2026-05-01 22:05:00,0.00023855634488612054,-0.0003868717175314947
2026-05-01 22:10:00,0.00048562739025648227,-0.0007717317759241733
2026-05-01 22:15:00,0.0009062036543099339,0.00031093386297647457
2026-05-01 22:20:00,0.00010624768948375163,0.0009707404632465135
2026-05-01 22:25:00,6.502147878428843e-05,-0.0008187391189100595
2026-05-01 22:30:00,-0.00029258365663054064,0.0005536903412699285
2026-05-01 22:35:00,0.000808413613672343,0.0004332337262558884
2026-05-01 22:40:00,4.3345303867070584e-05,6.166461418642038e-05
2026-05-01 22:45:00,0.0026323381300432658,-0.0004758979258527511
2026-05-01 22:50:00,0.0013076821684823159,-0.00020891362992131652
2026-05-01 22:55:00,0.0017647248091225975,-0.00020689832857514936
2026-05-04 00:00:00,-0.0008478260907232027,0.0001278704408981398
2026-05-04 00:05:00,-0.0010195854353050038,-0.0007714691514156798
2026-05-04 00:10:00,-0.0003462034499133182,6.712286446362587e-06
2026-05-04 00:15:00,0.00034397529774388147,0.0012308201665312893
2026-05-04 00:20:00,0.0018479094027359366,-0.001083470094639023
2026-05-04 00:25:00,0.001595865792964446,0.0015323128487898837
2026-05-04 00:30:00,0.0006940803444166477,0.0008380785334367003
2026-05-04 00:35:00,-0.0012330031024401222,0.0005207641415920505
2026-05-04 00:40:00,-0.001978993046764188,0.00029429802856089184
2026-05-04 00:45:00,-0.001505532466204329,-0.0006746084846628556
2026-05-04 00:50:00,-0.0009918315479175988,-0.001307704739869878
2026-05-04 00:55:00,-0.0007580286421315918,-0.0008374270486888589
2026-05-04 01:00:00,-0.0006929602020093739,-0.0018389745520229366
2026-05-04 01:05:00,0.00010182714742157373,0.0009600866015551991
2026-05-04 01:10:00,0.0003227738650508627,-0.00017967404977133278
2026-05-04 01:15:00,0.0003118915162634295,-0.0003767300721173464
2026-05-04 01:20:00,-0.00020583153303377344,-0.00011937676135366786
2026-05-04 01:25:00,-0.0007410184358640493,-0.0005530013863907493
2026-05-04 01:30:00,-0.0006932244093302842,7.782111031155638e-05
2026-05-04 01:35:00,0.0002686558772708736,0.0004298753801232106
2026-05-04 01:40:00,-8.020158781896214e-05,0.0013277384361705445
2026-05-04 01:45:00,-0.0012859032747432053,0.0005079184135062889
2026-05-04 01:50:00,-0.00012565263562080986,0.002037009237748163
2026-05-04 01:55:00,-5.419390363137211e-05,0.000732707831799639
2026-05-04 02:00:00,-0.0001453915755735835,-0.0007381576556993977
2026-05-04 02:05:00,-0.002414294308673348,4.312565674839718e-05
2026-05-04 02:10:00,-0.0013753399842890701,0.0023936590187029864
2026-05-04 02:15:00,0.00016492017683766846,-0.00017499990447247045
2026-05-04 02:20:00,0.00047985218868085155,-0.00032868030139202487
2026-05-04 02:25:00,-9.551969232468593e-05,-0.0023344638052828024
2026-05-04 02:30:00,0.0001930956382665272,0.00010082464927085885
2026-05-04 02:35:00,0.0006640308215413171,-0.002194126387085956
2026-05-04 02:40:00,0.0015835796975434135,7.186668429434327e-05
2026-05-04 02:45:00,-0.0016827034043078726,0.00033841886387043054
2026-05-04 02:50:00,-0.0022782046142015844,-0.00039848444031694865
2026-05-04 02:55:00,-0.0027500899118795274,0.0023014814947181165
2026-05-04 03:00:00,-0.0004694907198814491,0.001688593975331919
2026-05-04 03:05:00,-0.00018048009929749753,0.0016185066626828028
2026-05-04 03:10:00,-0.001357209403424875,0.0006219822335853267
2026-05-04 03:15:00,-0.0001326275808608557,-0.00018118506857470228
2026-05-04 03:20:00,0.0004609206754508932,1.1383212591882476e-05
2026-05-04 03:25:00,0.001548462612390722,-0.00010957793263574513
2026-05-04 03:30:00,0.0005108456998446087,-0.00042016527933258344
2026-05-04 03:35:00,0.0012382153904209048,-7.780028067251631e-05
2026-05-04 03:40:00,0.0025436635939968255,7.738305003309105e-05
2026-05-04 03:45:00,0.0024701124760611037,0.00022677662719491052
2026-05-04 03:50:00,0.0005230653484282755,0.001346595602790213
2026-05-04 03:55:00,-0.0011733615765763261,0.0013418929300145562
2026-05-04 04:00:00,-0.001635930067605429,-0.0002970230347203928
2026-05-04 04:05:00,-0.002224376071927381,0.0021693955586495435
2026-05-04 04:10:00,-0.003345448021974562,0.0003676215586566082
2026-05-04 04:15:00,-0.0020432435546098304,4.0011174980131466e-05
2026-05-04 04:20:00,0.0005478642129510547,-0.0001596423409489442
2026-05-04 04:25:00,0.0024531190603180875,0.0007713148127437498
2026-05-04 04:30:00,0.0019824412684261716,0.0005655392715499747
2026-05-04 04:35:00,0.0018348967671784067,6.316277705450415e-05
2026-05-04 04:40:00,0.00034313065796531816,0.00018234375072542688
2026-05-04 04:45:00,0.00011942956112953595,0.0005298808902990215
2026-05-04 04:50:00,-0.0002017824119846523,0.00016910440851347023
2026-05-04 04:55:00,0.0010330243136777995,-0.0007943798999175216
2026-05-04 05:00:00,0.0007705205735799581,-0.0005591158525644047
2026-05-04 05:05:00,0.0003254353811694699,-0.0004405704004632263
2026-05-04 05:10:00,-0.0002234421158640032,0.0007287066526678052
2026-05-04 05:15:00,-0.0001822667478901252,-0.0008187108299877689
2026-05-04 05:20:00,-0.0018172842363135544,-0.004400887066690922
2026-05-04 05:25:00,-0.0007010210669360362,0.0007333220235521136
2026-05-04 05:30:00,0.00043825203230341003,0.0002724228192511565
2026-05-04 05:35:00,0.0025740542739818295,-0.0003572300157588253
2026-05-04 05:40:00,0.002034425423635966,0.0002623627520810844
2026-05-04 05:45:00,8.676319071199146e-06,-0.017793015114040914
2026-05-04 05:50:00,-0.0006005986652990458,1.1282855361624024e-05
2026-05-04 05:55:00,-0.0008562099039224336,-0.0012103191076760422
2026-05-04 06:00:00,0.00023423216418372306,-5.035960221031095e-05
2026-05-04 06:05:00,-0.000258129732229051,-0.0012976060295622751
2026-05-04 06:10:00,-0.0006963463790992108,-0.0010995771806858409
2026-05-04 06:15:00,-5.638421070131017e-05,-0.0004948940310245966
2026-05-04 06:20:00,0.00018872324443108823,-0.0005661520185511028
2026-05-04 06:25:00,0.0002603731596018122,-0.0004145425361011955
2026-05-04 06:30:00,-0.0007267733860931713,-0.0006089242495353725
2026-05-04 06:35:00,-0.0007116943833533895,-0.0005859096568843966
2026-05-04 06:40:00,-0.0007357290071272615,-0.0009158736773795012
2026-05-04 06:45:00,-0.0007120992029268081,-0.0006766058170201703
2026-05-04 06:50:00,-0.0001628061709304518,0.0008720902952524669
2026-05-04 06:55:00,-0.0004473447126134289,-0.0006866046969703438
2026-05-04 07:00:00,0.0014301978128834492,0.00017534278702196386
2026-05-04 07:05:00,-0.00041256096716324464,-0.0003808557945515446
2026-05-04 07:10:00,-0.0015651088336774421,0.0002528816528511225
2026-05-04 07:15:00,-0.0033845611311846824,-0.0006471396273975993
2026-05-04 07:20:00,-0.0016824042781014015,-0.0011332128688291035
2026-05-04 07:25:00,0.0004958828774093149,-0.0024800966378900244
2026-05-04 07:30:00,0.00020235273196256287,-0.00015603513426107113
2026-05-04 07:35:00,0.0003915094697433119,0.001659538181018847
2026-05-04 07:40:00,-3.261631794693187e-05,0.0010490357111319296
2026-05-04 07:45:00,-0.0005244608890890845,-0.0008166631115215975
2026-05-04 07:50:00,-0.00035670242044183453,-0.0005562590284570986
2026-05-04 07:55:00,-0.0002674939422053768,-0.0008938025387642884
2026-05-04 08:00:00,0.000561445672030203,-2.829476980180422e-05
2026-05-04 08:05:00,-0.0009097320182736013,0.0001413996066109229
2026-05-04 08:10:00,-0.0007071374393206042,0.0002874115954459859
2026-05-04 08:15:00,-0.0014630293843858055,0.00014541928577304318
2026-05-04 08:20:00,-0.001322545449641055,-0.0004215601811477965
2026-05-04 08:25:00,-0.0019128629486839799,-0.00021386136120415435
2026-05-04 08:30:00,0.00021784831308302444,0.00046477598524889956
2026-05-04 08:35:00,0.0003967293856295129,0.000269906639306346
2026-05-04 08:40:00,0.0005777303642453546,6.0620119402330416e-05
2026-05-04 08:45:00,-0.0005665043565361572,0.00039670278779610664
2026-05-04 08:50:00,0.0006579621277342795,-0.00045772784976686083
2026-05-04 08:55:00,0.0007777735807454889,-0.0002044130501269656
2026-05-04 09:00:00,3.4871075101250426e-05,-0.001296513257187095
2026-05-04 09:05:00,-0.0007429623184904699,0.000498449957104029
2026-05-04 09:10:00,-0.0012224873798700742,0.001385955551835986
2026-05-04 09:15:00,-0.0004926666882578701,-0.0010003345740008732
2026-05-04 09:20:00,-0.0005603102128510784,0.001006123277765343
2026-05-04 09:25:00,0.0004054823005841257,8.44036361431896e-05
2026-05-04 09:30:00,0.0003357372734793529,-0.0005483718586948962
2026-05-04 09:35:00,-0.0006981016283127417,0.001021488669067812
2026-05-04 09:40:00,-0.0020399777113428996,-0.00014595053104002591
2026-05-04 09:45:00,-0.002798346393550588,0.0007699713800611622
2026-05-04 09:50:00,-0.000790315403163433,-0.00023181306967028775
2026-05-04 09:55:00,0.00033628272522356895,2.2790832884058126e-05
2026-05-04 10:00:00,0.000271009226899821,0.0017655456571811813
2026-05-04 10:05:00,-0.00022498293610162534,0.0013694876694037967
2026-05-04 10:10:00,-0.001133768393630774,-0.0004423076950599305
2026-05-04 10:15:00,0.0003539498214770731,0.0009087529966920853
2026-05-04 10:20:00,0.0003298120647183822,-0.0007930587122595601
2026-05-04 10:25:00,0.0007144894162944837,0.009011790639725962
2026-05-04 10:30:00,-0.0001398170583453151,-0.0013177125692715838
2026-05-04 10:35:00,-0.0003057823465102416,-0.0005256485521205655
2026-05-04 10:40:00,-0.00042601022413357725,-0.003944519147725019
2026-05-04 10:45:00,0.0008233284114815831,0.0007102336770501839
2026-05-04 10:50:00,0.0005503409195064535,-0.0011654192556265143
2026-05-04 10:55:00,0.0017007716518762095,-0.0019149188721848717
2026-05-04 11:00:00,0.0004168653748912732,-0.0004538101343426165
2026-05-04 11:05:00,0.00013535492483462974,-0.0013979799514231936
2026-05-04 11:10:00,-0.0005826088164919696,1.0903424598894713e-05
2026-05-04 11:15:00,-3.9278326225300475e-05,-0.0010384436534541586
2026-05-04 11:20:00,0.0006721368968118924,-0.00041743917918535376
2026-05-04 11:25:00,-1.3096233304921157e-05,-0.000989825731870568
2026-05-04 11:30:00,-0.00013312135777177048,-0.003166984149446987
2026-05-04 11:35:00,-0.0010149260466345567,-0.0003842079814587063
2026-05-04 11:40:00,-0.0012252561520700311,0.0003976652599263751
2026-05-04 11:45:00,-0.004942376467415244,-3.4816832892416725e-05
2026-05-04 11:50:00,-0.006775037254197258,-0.0008636994487491415
2026-05-04 11:55:00,-0.007383231609196628,-0.0008413546177953326
2026-05-04 12:00:00,-0.004594485037248575,0.0016850473464895682
2026-05-04 12:05:00,-0.002602115741126454,0.001330874507580757
2026-05-04 12:10:00,0.0006360574338781788,0.004538019269891863
2026-05-04 12:15:00,0.004302736794167927,0.0010561910215323498
2026-05-04 12:20:00,0.0054518210633585085,0.0033929658988244827
2026-05-04 12:25:00,0.0029592742709354525,-0.000924654898503431
2026-05-04 12:30:00,0.0018214841469728071,0.0035034024587334792
2026-05-04 12:35:00,0.00010522646718413853,0.0021645836025874915
2026-05-04 12:40:00,0.0011006262840851377,-0.001435202816611753
2026-05-04 12:45:00,-0.000889504346234915,0.0016792560799907905
2026-05-04 12:50:00,0.0011436234387840472,0.001019643456466456
2026-05-04 12:55:00,0.0005082469751496177,0.0012653674058463104
2026-05-04 13:00:00,0.0013821157328930411,0.0002966835190902333
2026-05-04 13:05:00,-0.0006308029147241712,-0.0011484585011723694
2026-05-04 13:10:00,-0.0009137153240388329,0.0023265609628234135
2026-05-04 13:15:00,-0.0025313167918881163,0.0035402036270970163
2026-05-04 13:20:00,-0.0022965900153995022,-0.0022434148770949986
2026-05-04 13:25:00,-0.0017091564681575022,-0.0005584636257446409
2026-05-04 13:30:00,-0.00028970176284204285,-0.0005297242088416307
2026-05-04 13:35:00,0.001169792281304538,0.0027532268211640284
2026-05-04 13:40:00,0.001421941584506925,-0.0014285641850425605
2026-05-04 13:45:00,0.0016164287032758295,0.0006635979106411239
2026-05-04 13:50:00,0.00039693548784569543,0.001622262457995773
2026-05-04 13:55:00,0.0006926832325397925,0.0005501034097289653
2026-05-04 14:00:00,0.0022043919433105685,0.00023823554101897165
2026-05-04 14:05:00,0.002527040001474745,-0.0013189000724577304
2026-05-04 14:10:00,0.001029369985108275,0.00013343188569559222
2026-05-04 14:15:00,-0.001512122982328279,0.0006169128754852584
2026-05-04 14:20:00,-0.0008226671506523786,0.00037100179058244557
2026-05-04 14:25:00,0.00037644093057842554,-0.0012346963319976932
2026-05-04 14:30:00,0.0008690389567718171,0.00025463681026705
2026-05-04 14:35:00,0.0007592408394287986,0.000615614657616094
2026-05-04 14:40:00,-0.0005099801918664326,0.0005498574163455318
2026-05-04 14:45:00,-0.0010245386641543064,0.0008380359468402369
2026-05-04 14:50:00,0.00034988814870295926,0.00021526256409847488
2026-05-04 14:55:00,-0.00032626106210287276,-0.0002951383738651844
2026-05-04 15:00:00,-8.761611879393172e-05,0.0049635709445013075
2026-05-04 15:05:00,-0.002500012247859118,-0.00122239000452301
2026-05-04 15:10:00,-0.00114604151659492,-0.0004890552068368477
2026-05-04 15:15:00,0.0009458480823738569,0.0006718017589000189
2026-05-04 15:20:00,0.0009223607390875799,0.003530124727459334
2026-05-04 15:25:00,0.0009072998809998012,-0.0008820722941598256
2026-05-04 15:30:00,-0.0017150089351662956,0.0012103833997288375
2026-05-04 15:35:00,-0.0005081790651981777,-0.002671334004426553
2026-05-04 15:40:00,-0.0002344165066237025,-0.0008080988142559402
2026-05-04 15:45:00,-0.0004604647266699402,-0.00198327329770999
2026-05-04 15:50:00,-0.002070430441499127,-0.001251807189577381
2026-05-04 15:55:00,-0.0007255057213448879,-0.0009260394480293697
2026-05-04 16:00:00,0.002886459961001009,0.001240187294833963
2026-05-04 16:05:00,0.004864409782523893,-5.0699176222542604e-05
2026-05-04 16:10:00,0.0021924429761757125,-0.0007674714337882189
2026-05-04 16:15:00,0.0006012092137677172,-0.0008981944139868601
2026-05-04 16:20:00,0.0006836307830191402,0.000632821892431456
2026-05-04 16:25:00,0.0008682008341658332,-0.00029651453942635504
2026-05-04 16:30:00,-0.0009730466857078568,-0.0020333065560012593
2026-05-04 16:35:00,-0.0019954131802979447,-0.0009205970134094884
2026-05-04 16:40:00,-0.002961979181201002,-0.0007943212459691046
2026-05-04 16:45:00,-0.0023216400323224917,-0.001475507468437774
2026-05-04 16:50:00,-0.002874440291554592,-0.002817424518421138
2026-05-04 16:55:00,-0.0029861714250358773,-0.0006589310802060768
2026-05-04 17:00:00,-0.0044017937536402485,0.0018819835120286814
2026-05-04 17:05:00,-0.008084706088391513,0.0005546652214934241
2026-05-04 17:10:00,-0.0020185151071654417,0.005186961175176335
2026-05-04 17:15:00,-0.0013443942994957325,0.0003226936284852289
2026-05-04 17:20:00,0.002875685011655804,0.001813199132056447
2026-05-04 17:25:00,-0.0007494500710087948,0.0042589973633347915
2026-05-04 17:30:00,-0.0025947168486002425,-0.00616931124770298
2026-05-04 17:35:00,-0.0013197563677067592,0.005280430854915353
2026-05-04 17:40:00,-0.003047665154944923,0.0017053143695571493
2026-05-04 17:45:00,1.5477839603761367e-05,0.0009607167463263225
2026-05-04 17:50:00,-0.0040340525626110235,0.0005765213663052478
2026-05-04 17:55:00,-0.0027220302897141835,0.005171060010280553
2026-05-04 18:00:00,0.0001017055580749826,0.0005307362377776658
2026-05-04 18:05:00,0.0026395756576604867,0.0004349962143623564
2026-05-04 18:10:00,0.0013098914175628806,0.0022445965720586025
2026-05-04 18:15:00,-0.0011171171137203117,-0.000678854205189223
2026-05-04 18:20:00,-0.001795127961571552,0.00043542698565618215
2026-05-04 18:25:00,-0.0004851911559988764,0.0003121631458405283
2026-05-04 18:30:00,-0.0018409867214259634,0.0007390526408494527
2026-05-04 18:35:00,-0.0009619733162544719,-2.6966556861052183e-05
2026-05-04 18:40:00,-4.875367869594527e-05,0.001819159995376927
2026-05-04 18:45:00,0.002608724091194503,0.0006649586092022743
2026-05-04 18:50:00,0.0033407640434468533,-0.000522570107241488
2026-05-04 18:55:00,0.0022225232120316463,0.0004244287981794053
2026-05-04 19:00:00,0.0018604779855433407,0.0005365622710273277
2026-05-04 19:05:00,0.0003601975158797899,0.0005110525800074372
2026-05-04 19:10:00,0.00036699357509917263,-0.0016239120347513259
2026-05-04 19:15:00,-0.0009275967298147947,-4.8877258063462973e-05
2026-05-04 19:20:00,-0.00020770543025605548,0.0007903028289481854
2026-05-04 19:25:00,0.0005590746466062058,-0.00029671508146012697
2026-05-04 19:30:00,-0.0007449086284125883,0.0010011552325187181
2026-05-04 19:35:00,-0.0005106083976702536,0.0013250299898200498
2026-05-04 19:40:00,-0.000873000580350336,0.0006302000571426462
2026-05-04 19:45:00,0.00024099555601431177,0.00034364253322533966
2026-05-04 19:50:00,-0.0007630827585138888,0.0001727940657436495
2026-05-04 19:55:00,-0.0005396522912466395,-0.0003843870516929847
2026-05-04 20:00:00,-0.0012121991171820667,0.0002200921094940715
2026-05-04 20:05:00,-0.0012066373150343424,0.003325895109977764
2026-05-04 20:10:00,-0.001667240881769061,0.0032461048003050185
2026-05-04 20:15:00,-0.0007904902447322115,0.0002802860873955904
2026-05-04 20:20:00,0.00021708070835835258,0.0037415918097055004
2026-05-04 20:25:00,-0.00011302126917200894,-0.0016460806274427864
2026-05-04 20:30:00,0.00023034738259042342,-0.00026881995987064646
2026-05-04 20:35:00,-0.00041426627279683714,0.003788659390311301
2026-05-04 20:40:00,0.0009635950146904548,-0.00014173275800122645
2026-05-04 20:45:00,-0.0007665534935625828,-0.001632110215851385
2026-05-04 20:50:00,0.0010807196695310495,0.0006574917049728085
2026-05-04 20:55:00,0.0005533703716196214,0.0013954794773703093
2026-05-04 21:00:00,0.0019772194523000053,0.000286089979167096
2026-05-04 21:05:00,0.0016078436137281216,-0.007742386689945407
2026-05-04 21:10:00,0.000840536931359992,-0.002773556032583463
2026-05-04 21:15:00,0.0005395687561389195,0.0009202577855776804
2026-05-04 21:20:00,-0.00017901284409660434,-0.0031413205974478485
2026-05-04 21:25:00,-0.000367095022022923,-0.0026388655826940733
2026-05-04 21:30:00,-0.0007010537101841408,0.0003896822832932809
2026-05-04 21:35:00,-0.0009331535515606504,-0.0006031820453475954
2026-05-04 21:40:00,-0.0008541278568845456,-0.0009332372970010204
2026-05-04 21:45:00,-0.0009406703356624746,-0.0012697729917238347
2026-05-04 21:50:00,-0.00139914966936594,-0.0005955179541740543
2026-05-04 21:55:00,-0.0005801607340778503,-0.0003524388678307433
2026-05-04 22:00:00,-0.0006534565312907858,7.373869796816618e-05
2026-05-04 22:05:00,-0.00019497366809417827,0.0007030502717507133
2026-05-04 22:10:00,0.00013510565393382024,0.001326790668386119
2026-05-04 22:15:00,0.0009390711859289524,0.001449031468988754
2026-05-04 22:20:00,0.0009213589809871081,0.003066931309752897
2026-05-04 22:25:00,0.0008456566518315611,0.0004649764312249544
2026-05-04 22:30:00,0.000854142977036787,0.0010465103965932284
2026-05-04 22:35:00,0.0009448397960429844,0.0012096101813096382
2026-05-04 22:40:00,0.0006193991583955949,0.0011055057304307039
2026-05-04 22:45:00,0.0003273018415619333,0.0012305746539009643
2026-05-04 22:50:00,-0.00012607453676061198,0.0006348795514817338
2026-05-04 22:55:00,0.00016363427334198377,0.0006689343424262735
2026-05-04 23:00:00,-0.00029191269364048367,0.0007393366077699975
2026-05-05 00:00:00,-5.5300864366003566e-05,-1.273928980965143e-05
2026-05-05 00:05:00,-0.0005883237808248509,-0.0002805894541129527
2026-05-05 00:10:00,-0.00029642279841191055,-0.0006163612607403593
2026-05-05 00:15:00,0.00016146995200827519,-0.00021962348216193045
2026-05-05 00:20:00,-3.0973999542993624e-05,-0.001155334993537589
2026-05-05 00:25:00,-0.00013718058517930842,0.0011028818026082184
2026-05-05 00:30:00,-0.0006571022030321672,0.0005142508631614405
2026-05-05 00:35:00,-0.0006905267532566484,0.0006755146670409228
2026-05-05 00:40:00,-0.0003806640420247476,0.000150043480142537
2026-05-05 00:45:00,-4.6478120433235404e-05,-0.00013458819364055454
2026-05-05 00:50:00,0.0006440639550149285,-0.00018506034342571183
2026-05-05 00:55:00,0.0006373091607603243,0.0005662120029793257
2026-05-05 01:00:00,0.0003983138101588679,-0.0002249901283671304
2026-05-05 01:05:00,0.0004291456307399244,4.854948714293314e-06
2026-05-05 01:10:00,0.00011723835123156334,0.0008352315364743405
2026-05-05 01:15:00,0.00028314888290026374,-0.0004004756946980417
2026-05-05 01:20:00,-0.0002123377062250853,0.0006018319722519085
2026-05-05 01:25:00,-0.0005088698332293973,0.0003923057427221553
2026-05-05 01:30:00,-0.00030306080582853667,0.0006348523257035798
2026-05-05 01:35:00,-0.00030973999787420325,0.00014766242283164829
2026-05-05 01:40:00,0.0001748149234437335,0.001132493277234199
2026-05-05 01:45:00,0.0006635171961679731,-0.0001335337928679929
2026-05-05 01:50:00,0.0015875089839969547,0.00040425151746901534
2026-05-05 01:55:00,0.0017000847504622385,0.0011151144900924676
2026-05-05 02:00:00,0.00015033604556080604,-3.8052577668722164e-05
2026-05-05 02:05:00,-0.0014790890713562987,-7.653021373885507e-06
2026-05-05 02:10:00,-0.0022268350453842345,-9.930623075387842e-05
2026-05-05 02:15:00,-0.0012011083492069474,-0.00035687311689662775
2026-05-05 02:20:00,0.00029201149670932125,-0.00028873882669305583
2026-05-05 02:25:00,0.0016501471401788592,-0.0014570013867905697
2026-05-05 02:30:00,0.001925941426256017,0.00018034360311053798
2026-05-05 02:35:00,0.0017259920725631872,-0.0003570323833230562
2026-05-05 02:40:00,0.001113305438975587,-0.0008488062144220097
2026-05-05 02:45:00,0.0017259916042995371,-5.515659055246923e-05
2026-05-05 02:50:00,0.0013063243836590743,-0.000877800016352601
2026-05-05 02:55:00,0.002046659235624304,0.0003313420704783987
2026-05-05 03:00:00,0.0005158946366581318,0.00014630737065900808
2026-05-05 03:05:00,0.0006899858639268786,0.0009355378320059295
2026-05-05 03:10:00,-0.00015864272370080812,-0.0006302975288338135
2026-05-05 03:15:00,-0.00045855986553000605,-0.0029227204153525633
2026-05-05 03:20:00,-6.390839505066026e-05,-0.0007168226163764228
2026-05-05 03:25:00,-0.0002776853402188806,-0.0016048836408189724
2026-05-05 03:30:00,0.0009499554940646249,-0.0008318739657335488
2026-05-05 03:35:00,0.00010357362055302133,-0.0004076458788275206
2026-05-05 03:40:00,0.0010596383461436432,-0.0002145051038022032
2026-05-05 03:45:00,9.913127963478985e-05,-0.000534092594399974
2026-05-05 03:50:00,0.0001718644654609136,-0.0009530670530828204
2026-05-05 03:55:00,-0.0006783917091119918,0.0015107367304394962
2026-05-05 04:00:00,-0.0008109621363754371,-0.0009742954118252684
2026-05-05 04:05:00,-0.00010575925237965578,-0.0034309702494804686
2026-05-05 04:10:00,0.0007070150056147639,-0.0008269158907844743
2026-05-05 04:15:00,0.001240417494484447,0.00034984540007959727
2026-05-05 04:20:00,0.000903000224338868,-0.0002462560660756762
2026-05-05 04:25:00,0.00060970176027908,0.0006445363284551581
2026-05-05 04:30:00,0.0005305080784765437,8.074532886165537e-05
2026-05-05 04:35:00,-0.00016952566978467587,-0.0009483860570785506
2026-05-05 04:40:00,-0.0011845264380667686,2.0719212694020263e-05
2026-05-05 04:45:00,-0.0006273947145825076,0.0017122201545937792
2026-05-05 04:50:00,-0.00018937433858035035,0.00044105519260875787
2026-05-05 04:55:00,0.0007157274243034806,-2.0128531984964226e-05
2026-05-05 05:00:00,-0.0001189191571349113,0.001276880270183881
2026-05-05 05:05:00,-0.0005374899350041318,-0.0002747859816818951
2026-05-05 05:10:00,-0.0010131802389139466,0.0012702147379834634
2026-05-05 05:15:00,-0.0004934453378115933,-0.0004273618298001018
2026-05-05 05:20:00,4.186409812589886e-05,-4.3399713577059484e-05
2026-05-05 05:25:00,-0.0003614691556297345,0.0002137952527950989
2026-05-05 05:30:00,-0.0003966950943379288,-0.0008384313487722199
2026-05-05 05:35:00,-0.0006964939746101351,0.0012817247191898135
2026-05-05 05:40:00,-0.0003219056844141477,-0.00016393299379592336
2026-05-05 05:45:00,-0.00031526442237606034,0.0028281574605482232
2026-05-05 05:50:00,-0.0003616628591807114,-0.00048357755264080455
2026-05-05 05:55:00,-0.0003639222922711127,0.00026742031004460266
2026-05-05 06:00:00,-0.0009287335588492596,0.0008202522551979486
2026-05-05 06:05:00,-0.0006552957283947336,0.00021419538052915043
2026-05-05 06:10:00,-0.0007547336722311115,0.00011365427437243317
2026-05-05 06:15:00,0.0004920494399325293,0.0012074926155113063
2026-05-05 06:20:00,0.00024495876098384883,0.0005832823564377087
2026-05-05 06:25:00,0.00044805389756419345,-0.00010221803670933832
2026-05-05 06:30:00,0.00031099156934288885,0.00026848881100099303
2026-05-05 06:35:00,0.0006419044709229382,-8.920941851927591e-05
2026-05-05 06:40:00,0.0004015328902760018,0.0002543070702409184
2026-05-05 06:45:00,0.00047402090768500216,0.0006254491769296111
2026-05-05 06:50:00,0.001971663764113174,0.0011178644789307448
2026-05-05 06:55:00,0.00144154177330158,0.00024894899800392573
2026-05-05 07:00:00,1.5429462559168883e-05,0.0004398917215652508
2026-05-05 07:05:00,-0.0009445917325070496,0.0014042918497892262
2026-05-05 07:10:00,5.0658617096743797e-05,0.00039194503193586497
2026-05-05 07:15:00,0.002298532725770741,-0.0015507038649652703
2026-05-05 07:20:00,0.0020246040233686813,0.0006348690936294906
2026-05-05 07:25:00,0.0012436347870377062,0.001655103686040829
2026-05-05 07:30:00,0.00013193917622977835,0.0003417712555284686
2026-05-05 07:35:00,-0.0006729460555643385,0.00036682504185287884
2026-05-05 07:40:00,4.39950109587528e-06,-0.00015929618466990823
2026-05-05 07:45:00,-0.0008997306914633185,0.0002877359323426162
2026-05-05 07:50:00,-0.0004026646331141137,0.0006930076218622664
2026-05-05 07:55:00,-0.00047965958291484867,0.0007051740486713016
2026-05-05 08:00:00,-0.0010877967465461325,-0.0001238854652320611
2026-05-05 08:05:00,-0.0018724287119038507,-0.0008172109295890289
2026-05-05 08:10:00,-0.0015130945002699292,-9.85705885747101e-05
2026-05-05 08:15:00,0.0009689453788457314,0.00031890023913303553
2026-05-05 08:20:00,0.002798534963538657,0.0003984787299751337
2026-05-05 08:25:00,0.002104934821868909,0.0005885267335784818
2026-05-05 08:30:00,0.0012076645260670205,0.0011949159636710808
2026-05-05 08:35:00,0.0004945984456128372,-0.0005184493453578361
2026-05-05 08:40:00,0.0003298704298888566,-0.00035237182727996174
2026-05-05 08:45:00,0.0009316982411373687,8.379940663421487e-05
2026-05-05 08:50:00,0.0005031402428290477,0.00021699312762763357
2026-05-05 08:55:00,0.0012700841984365496,-5.1163396244581375e-05
2026-05-05 09:00:00,0.00047430518474733674,5.770830860802627e-05
2026-05-05 09:05:00,-0.00030976382404013236,0.00011677212790639027
2026-05-05 09:10:00,-0.0010436361667434113,2.2724599774854546e-05
2026-05-05 09:15:00,-0.0005116443107748836,0.00016784736721267001
2026-05-05 09:20:00,0.0005557489958878392,0.0016315775380781068
2026-05-05 09:25:00,0.000516461393903711,0.0001815091583823161
2026-05-05 09:30:00,-0.0015541043454412318,2.2860032378463796e-05
2026-05-05 09:35:00,-0.0018353650219005146,-1.5086158022866667e-05
2026-05-05 09:40:00,-0.0012399557491100666,-0.00014505438765626157
2026-05-05 09:45:00,0.0010136291095577121,0.0011414058545001376
2026-05-05 09:50:00,0.000571852134626738,0.00041982809655711443
2026-05-05 09:55:00,0.0012113925128502956,0.0007098955167662066
2026-05-05 10:00:00,0.0001450342261346549,0.0001723771644202628
2026-05-05 10:05:00,0.0008813313288129621,0.001360703543576897
2026-05-05 10:10:00,1.538030551984093e-05,0.0004995133051965636
2026-05-05 10:15:00,0.00011205749659914943,0.0002776647829247994
2026-05-05 10:20:00,-0.00038232767705181914,0.00011417050608328793
2026-05-05 10:25:00,-0.00028347505444692445,-0.00024598414352412334
2026-05-05 10:30:00,0.00011643860458221411,-0.0009020417836818266
2026-05-05 10:35:00,0.001497713083653096,0.00011030215093858157
2026-05-05 10:40:00,0.0019563183114819083,0.00033960140974484925
2026-05-05 10:45:00,0.0007115187271473644,0.0004723318089019851
2026-05-05 10:50:00,0.0005791582185175059,-0.00040017582190033263
2026-05-05 10:55:00,-0.00026764246636545863,-0.0007215456328580045
2026-05-05 11:00:00,-0.00019320192735072794,-0.0012403470436131944
2026-05-05 11:05:00,-0.0010400919027109268,0.0014620829504344906
2026-05-05 11:10:00,-0.0011459683807739651,-0.000558949387541263
2026-05-05 11:15:00,-0.00016249415386226929,-0.0003779622334082513
2026-05-05 11:20:00,-0.00011416878550107867,-0.0003337838733292937
2026-05-05 11:25:00,0.0006960799126041195,0.00020340314530717526
2026-05-05 11:30:00,8.564210170902697e-05,-0.00016176140220907395
2026-05-05 11:35:00,-4.1718769390186594e-05,0.00033264704838887986
2026-05-05 11:40:00,0.00023484508563065276,0.0008264754171288711
2026-05-05 11:45:00,0.00038200619578177,-0.0007078598655129893
2026-05-05 11:50:00,-0.00043046365552967814,-5.060863671217425e-06
2026-05-05 11:55:00,-0.0008254937513907379,-0.00031631943320432573
2026-05-05 12:00:00,-0.0007202254089779814,3.477164147036425e-06
2026-05-05 12:05:00,4.393335311192459e-05,-0.002467193348944024
2026-05-05 12:10:00,-0.0010658065043003262,0.002756787153610829
2026-05-05 12:15:00,7.028873296555105e-05,-0.004138710277463827
2026-05-05 12:20:00,-0.00038008738073180837,-0.004713850526789316
2026-05-05 12:25:00,-0.0006224287899403436,7.848784644580843e-05
2026-05-05 12:30:00,-0.0018577211221018075,0.0013889116307037263
2026-05-05 12:35:00,-0.002100774099162095,0.00036843878402783263
2026-05-05 12:40:00,-0.0003300664123582209,0.0003989065713687973
2026-05-05 12:45:00,-0.0002464897235068264,0.0007418908285899841
2026-05-05 12:50:00,0.0019689181384219268,0.008869045020903582
2026-05-05 12:55:00,0.001963390985926239,0.001350762081867718
2026-05-05 13:00:00,0.0015351695330139137,0.0015930039780186892
2026-05-05 13:05:00,0.0009489750903277638,0.00035441194793928914
2026-05-05 13:10:00,0.0007926183716175927,0.0019456701619158133
2026-05-05 13:15:00,0.0015064840946052982,-0.00017866922310848354
2026-05-05 13:20:00,0.0005597365213976246,-0.0003292460480546275
2026-05-05 13:25:00,0.0015680154443931116,-0.00012385840591448564
2026-05-05 13:30:00,0.0011513904035442835,0.0004633202869081457
2026-05-05 13:35:00,0.0009563144897608566,-0.00039469934530743747
2026-05-05 13:40:00,-7.889027681429184e-05,0.00012636009655950454
2026-05-05 13:45:00,-0.0011053093249753232,-0.0008683389626683141
2026-05-05 13:50:00,-0.0006864359005742671,-0.0013227886431967269
2026-05-05 13:55:00,0.0005039141086449206,-0.0003476030232435058
2026-05-05 14:00:00,0.0011272277096789907,-0.00013051316685854642
2026-05-05 14:05:00,0.002957305270101074,-0.0010788080375364972
2026-05-05 14:10:00,0.0018119911469565153,-0.0009790908094956395
2026-05-05 14:15:00,0.0015768625024144,-0.0002061122453374505
2026-05-05 14:20:00,-0.0003369102734804841,-0.0003580012001991264
2026-05-05 14:25:00,-0.0013849584374270307,8.160636381443714e-05
2026-05-05 14:30:00,-0.0013533224154862467,0.0003406914410513625
2026-05-05 14:35:00,-0.0015153110600429898,0.0004928668295340432
2026-05-05 14:40:00,-0.0005299858210499053,0.00022118426765400392
2026-05-05 14:45:00,0.0023682067423624886,0.0006572526408789774
2026-05-05 14:50:00,0.002853530990185149,0.0005579219716073507
2026-05-05 14:55:00,0.002963872481220875,0.0006550682984802234
2026-05-05 15:00:00,0.0014942036862706232,0.0014888391900530224
2026-05-05 15:05:00,7.210805723367741e-05,-0.0001518695947590326
2026-05-05 15:10:00,-0.0003866642393575148,0.0002504221966361387
2026-05-05 15:15:00,-8.295276936109985e-05,-0.0006941911169998682
2026-05-05 15:20:00,-0.0003780788612637309,-8.21933616371878e-05
2026-05-05 15:25:00,-0.0005682526166861379,0.001281489504448201
2026-05-05 15:30:00,-0.000982859019204696,0.0004897987173652888
2026-05-05 15:35:00,0.001160008038228355,0.0004226457734149546
2026-05-05 15:40:00,0.0017190673216980201,0.0005947592534280405
2026-05-05 15:45:00,0.0006662654757239039,-0.0011709197800028955
2026-05-05 15:50:00,0.0007900446065924882,-0.0003430021819602004
2026-05-05 15:55:00,-0.001915845409126149,-0.0008032415105395478
2026-05-05 16:00:00,-0.0019694964041772067,-0.0008562415046387689
2026-05-05 16:05:00,-0.0009581733018606542,-0.0012483492284218886
2026-05-05 16:10:00,0.0024569473502218386,-0.00030605906055402123
2026-05-05 16:15:00,0.0025087370921461627,0.0009283064039776875
2026-05-05 16:20:00,0.0003558753862389352,0.00043280496324573075
2026-05-05 16:25:00,-0.00048654210257836894,0.0017512627861143689
2026-05-05 16:30:00,-0.0008843326321859024,0.000557660142680202
2026-05-05 16:35:00,-0.0005524252810626962,0.00265749448353698
2026-05-05 16:40:00,9.383595953593726e-05,0.002458234022977729
2026-05-05 16:45:00,0.0013098436609784159,0.0014040172287274142
2026-05-05 16:50:00,0.0004432745175542152,0.0014244946361437688
2026-05-05 16:55:00,-0.0003317386628189922,6.569966688038382e-05
2026-05-05 17:00:00,-0.0011132577031354174,0.0012965755952127009
2026-05-05 17:05:00,-0.0008233805586073117,-0.005168518905205402
2026-05-05 17:10:00,-0.0003711539217903237,0.0009061369011946767
2026-05-05 17:15:00,-0.0001703722638080052,0.0013229613361776245
2026-05-05 17:20:00,-0.00013984547098289113,0.0010635603799057335
2026-05-05 17:25:00,-0.0013744685386019029,0.0007181372343944679
2026-05-05 17:30:00,-0.0007714068504522942,0.00020317371707271887
2026-05-05 17:35:00,-0.0011916646120369023,-0.00045051550234415625
2026-05-05 17:40:00,-0.0009976176145549687,-0.0002767697770273048
2026-05-05 17:45:00,-0.0015664965539645692,-0.0002069797920262229
2026-05-05 17:50:00,-0.0013749107269944716,-0.0005941316787468623
2026-05-05 17:55:00,-0.0005254619259549287,-0.0012320659231787902
2026-05-05 18:00:00,-0.0005804015008070706,0.0020688901318682085
2026-05-05 18:05:00,-0.0005741685671161179,-0.0001650212829384498
2026-05-05 18:10:00,-0.0013214427341949886,-0.0003046048135932028
2026-05-05 18:15:00,-0.0014075029673463746,-0.0004744579626165818
2026-05-05 18:20:00,-0.0012546750349020641,-0.0005077083219274614
2026-05-05 18:25:00,-0.000732695584614973,-0.0003418632575523629
2026-05-05 18:30:00,1.3163408357996786e-05,-0.0009732253168824069
2026-05-05 18:35:00,0.0008929110698829845,0.00031093230971499013
2026-05-05 18:40:00,0.0010045777122318356,-8.357511534545255e-05
2026-05-05 18:45:00,0.0002325249810315455,-0.0006747740872794681
2026-05-05 18:50:00,-0.0011629158459989242,7.973194604470122e-05
2026-05-05 18:55:00,-0.0011384513686198972,-0.0013061602805432716
2026-05-05 19:00:00,0.00044734880795083143,-9.377387415782036e-05
2026-05-05 19:05:00,0.0010094006773027075,-0.0001636243244062138
2026-05-05 19:10:00,0.0005902261790726726,0.0011075672930757864
2026-05-05 19:15:00,0.0,0.0005510860064095426
2026-05-05 19:20:00,0.000328932223192524,0.0014140410119368807
2026-05-05 19:25:00,0.000355284198196415,0.0006472330026070516
2026-05-05 19:30:00,0.00018195230488338154,0.00099093176511915
2026-05-05 19:35:00,-0.0004583418850110377,0.0004384069315822711
2026-05-05 19:40:00,-0.00019736452633978274,0.001149122401947608
2026-05-05 19:45:00,-0.00045384635558676223,0.0008537654116560454
2026-05-05 19:50:00,0.00045395683365079265,0.0006567540218123908
2026-05-05 19:55:00,0.0010565426613844409,0.0008572216084566641
2026-05-05 20:00:00,0.0005941243253815287,0.0005119380707572888
2026-05-05 20:05:00,0.00023018920558115497,0.0016065654794436546
2026-05-05 20:10:00,-0.0004952523806505127,0.0005330177480521929
2026-05-05 20:15:00,-0.0008134475824217446,-9.822267368404392e-05
2026-05-05 20:20:00,-0.0004999068260271855,0.00022883079929492416
2026-05-05 20:25:00,-0.00011179442113551374,9.530207670451087e-05
2026-05-05 20:30:00,0.00087042988723951,0.0004374503713981696
2026-05-05 20:35:00,0.00038810725842175486,0.0001997667124652084
2026-05-05 20:40:00,-5.261346423601765e-05,0.0006438750382054972
2026-05-05 20:45:00,-0.0008945583824448988,0.00034977958401700667
2026-05-05 20:50:00,-0.0007829471450104819,-3.34314758314953e-08
2026-05-05 20:55:00,-0.000927766944831987,-0.0002290322868086672
2026-05-05 21:00:00,-0.00012723260330638198,9.888877639944061e-05
2026-05-05 21:05:00,-0.00015139663423724414,0.00043888283367381415
2026-05-05 21:10:00,-0.000129473274373737,0.00014564335731045747
2026-05-05 21:15:00,-0.0003576541873240302,-0.00013516709554151334
2026-05-05 21:20:00,-5.485951029449154e-05,-0.0009979897630131517
2026-05-05 21:25:00,-0.00019753389965515566,-0.0002108673113036723
2026-05-05 21:30:00,0.0003839795024056514,0.0002959786653144803
2026-05-05 21:35:00,-0.000395077341527994,-0.00028275916874230945
2026-05-05 21:40:00,-1.3170314112187498e-05,-0.00013110491575853145
2026-05-05 21:45:00,-0.0008383628275510091,2.649926032963169e-06
2026-05-05 21:50:00,0.00016902441126021017,-0.0005424394329076928
2026-05-05 21:55:00,0.00018656327457300392,0.0017080225256085658
2026-05-05 22:00:00,0.0004236585945864846,-0.00011621236978521203
2026-05-05 22:05:00,0.00010535141290368699,-0.00011303532729353504
2026-05-05 22:10:00,0.0006516008879078328,-0.00023210813501134815
2026-05-05 22:15:00,0.0002918468329564661,-4.886998269017261e-05
2026-05-05 22:20:00,-7.242790408845678e-05,5.654043140495012e-05
2026-05-05 22:25:00,-0.0008206037822091616,0.0006888772328706679
2026-05-05 22:30:00,-0.00037085761796973316,-0.0001651295621189482
2026-05-05 22:35:00,-0.00024365963723127493,7.598539949295099e-05
2026-05-05 22:40:00,0.0002567853343595772,0.00046090457346807006
2026-05-05 22:45:00,0.0008819329381246632,-1.4274807503430868e-05
2026-05-05 22:50:00,-0.0005248381412084058,0.000334870325103511
2026-05-05 22:55:00,-0.0010341273908149873,-0.000773252545946061
2026-05-05 23:00:00,-0.0020832266143830935,0.0006629676912445575
2026-05-06 00:00:00,-0.000760295892792584,-0.0006255625364891043
2026-05-06 00:05:00,-0.000522959700077763,0.0011634637482447559
2026-05-06 00:10:00,-0.0008639784213073654,0.0006783109043337493
2026-05-06 00:15:00,2.4180155348219046e-05,0.0010001121023469962
2026-05-06 00:20:00,8.79115083325388e-05,0.000249683924406595
2026-05-06 00:25:00,0.00041119732663474906,-0.00011069650560093988
2026-05-06 00:30:00,-0.0003077910738511491,-0.0028818569963857373
2026-05-06 00:35:00,0.0021229123254435933,0.0004273777725773721
2026-05-06 00:40:00,0.005428635501035117,0.00014196734323054534
2026-05-06 00:45:00,0.006100741122027742,-0.00016277833320294774
2026-05-06 00:50:00,0.004308781007043905,0.0006065142672674211
2026-05-06 00:55:00,0.003466245806274415,0.0013248017404097862
2026-05-06 01:00:00,0.0022441455363413354,0.0016993098252647515
2026-05-06 01:05:00,0.0010999300558349745,-0.0007922699902359621
2026-05-06 01:10:00,-0.001530826159873655,9.57044068092521e-05
2026-05-06 01:15:00,-0.00034022730128668854,-0.0012054264135778975
2026-05-06 01:20:00,0.00047320865786204536,-0.013170166337056779
2026-05-06 01:25:00,0.0007090071470408077,-0.0007278724158329573
2026-05-06 01:30:00,0.002013506861334946,0.0004143150279248704
2026-05-06 01:35:00,0.0011678884338177653,-0.0021384261183648792
2026-05-06 01:40:00,0.0021131294148517554,-5.366552700337938e-05
2026-05-06 01:45:00,0.0005114471781126895,-0.0012183762400540066
2026-05-06 01:50:00,0.0001241168921417568,0.0007279677776161587
2026-05-06 01:55:00,-0.0007554210525206884,0.0005261719268127812
2026-05-06 02:00:00,0.00014576894777285077,-0.003967259930865584
2026-05-06 02:05:00,0.002168469317213706,-0.0004530464232451166
2026-05-06 02:10:00,0.0023297382676634726,0.00013176256371359612
2026-05-06 02:15:00,0.0026896454065923336,-0.00023764739675705024
2026-05-06 02:20:00,0.0012202776016962957,-0.0008318249919968553
2026-05-06 02:25:00,0.001725854481914979,-0.0005421043285831104
2026-05-06 02:30:00,0.00024297171885301339,-0.0003094190021223455
2026-05-06 02:35:00,0.0005813877976876825,-0.00019890930150164542
2026-05-06 02:40:00,0.0020844174646974523,-7.329160003445727e-05
2026-05-06 02:45:00,0.001112143396841958,4.197296882193168e-05
2026-05-06 02:50:00,0.0004076375724810788,0.0008444770570818251
2026-05-06 02:55:00,-0.001804653808942902,8.825537332721059e-05
2026-05-06 03:00:00,0.0005675184649955867,-7.884575543033224e-05
2026-05-06 03:05:00,0.002377463298065763,0.00022492502828712173
2026-05-06 03:10:00,0.002860371113239779,-0.00019373335323402024
2026-05-06 03:15:00,0.0011102779756999581,0.0005489430588333659
2026-05-06 03:20:00,7.569146863417586e-05,-0.00021145098525770264
2026-05-06 03:25:00,-0.00015352894969744568,0.001374209311792877
2026-05-06 03:30:00,0.001221395980286033,0.002518648764003543
2026-05-06 03:35:00,0.00017298756046280062,0.00040104272437230145
2026-05-06 03:40:00,0.000432415610021053,-0.00024296558397040414
2026-05-06 03:45:00,-0.0001058673181013603,0.0011417597377429648
2026-05-06 03:50:00,0.0017778742565397465,0.0015857616669464425
2026-05-06 03:55:00,0.0015832066799390532,0.00034150447033388725
2026-05-06 04:00:00,0.0013516666853270465,-0.004373369744362771
2026-05-06 04:05:00,0.00013812273953917042,0.0006582752782246872
2026-05-06 04:10:00,-0.00072541525646308,-0.0019284789030964752
2026-05-06 04:15:00,-0.0004920888190103057,0.0002235801181573046
2026-05-06 04:20:00,-0.0006886450479761663,-0.0001300272806536099
2026-05-06 04:25:00,0.0009282646436474806,0.0008865780606819375
2026-05-06 04:30:00,0.0007725574191539408,0.0008997383068479708
2026-05-06 04:35:00,0.0017821624542531112,-0.00030056646480965116
2026-05-06 04:40:00,0.0013024344855754322,0.00022926379873521057
2026-05-06 04:45:00,0.001127552608322091,0.0005745671303338787
2026-05-06 04:50:00,0.0012688785054955076,0.00043317145992019155
2026-05-06 04:55:00,0.001546054639495864,-0.002449624924871087
2026-05-06 05:00:00,0.0018900545303690564,0.0009925343337415292
2026-05-06 05:05:00,0.0002561654627619703,-1.4162734098484872e-05
2026-05-06 05:10:00,-0.00046916227418591916,0.0002886433282377472
2026-05-06 05:15:00,-0.0012739951796305604,0.00014733417889044244
2026-05-06 05:20:00,0.001082059115439904,-0.0005718934775776378
2026-05-06 05:25:00,0.0004971328878298209,0.000517264602749404
2026-05-06 05:30:00,0.00015503208333811358,-0.0003992956482888845
2026-05-06 05:35:00,-0.0014717149423351117,0.000492144318210357
2026-05-06 05:40:00,-0.0008566859693814877,0.0006310083068958266
2026-05-06 05:45:00,2.3683340815594534e-05,0.0008848102394216665
2026-05-06 05:50:00,0.0003831986802858012,0.0002580726797119723
2026-05-06 05:55:00,0.0009298361833796065,-0.00029925631954638623
2026-05-06 06:00:00,0.00026693704964841913,0.0018439413210565988
2026-05-06 06:05:00,0.00012483077912861518,0.0014176372877528296
2026-05-06 06:10:00,0.0009203747520842853,0.0015907195746577482
2026-05-06 06:15:00,0.000882107476368077,0.0010984523651243927
2026-05-06 06:20:00,0.000585205505583275,0.0011652585637398865
2026-05-06 06:25:00,-0.000995676523970701,-0.0021756521257620906
2026-05-06 06:30:00,7.741619163503799e-05,0.0008029337213733407
2026-05-06 06:35:00,-4.086720203133609e-05,0.0006072391337310498
2026-05-06 06:40:00,0.00024094571308452828,0.0007795665073049877
2026-05-06 06:45:00,0.0003289519684539499,0.0016399363404668976
2026-05-06 06:50:00,0.0013906967438490625,0.0015340665039043503
2026-05-06 06:55:00,0.00119956159449508,0.00026228797945351714
2026-05-06 07:00:00,-8.598674083870606e-06,0.00027691258106403763
2026-05-06 07:05:00,-0.00034803008878014907,0.0002574930475677589
2026-05-06 07:10:00,-0.0005630558175742095,0.0003576023807618841
2026-05-06 07:15:00,-0.001058201156947547,2.6873082239827753e-05
2026-05-06 07:20:00,-0.0015310513914599255,0.0011869110266165663
2026-05-06 07:25:00,-0.00038271504537235046,0.000569175590228445
2026-05-06 07:30:00,0.0006066669004027858,0.001095940103211441
2026-05-06 07:35:00,0.001380630535109617,0.0007228867223534974
2026-05-06 07:40:00,0.002746708738690984,0.00017892473815025317
2026-05-06 07:45:00,0.0019272734410193948,0.0015651589191226325
2026-05-06 07:50:00,0.002208911458749796,0.0015960907150294724
2026-05-06 07:55:00,-0.0005341473665794183,-0.0013284353135032067
2026-05-06 08:00:00,-6.869060680081418e-05,0.0004171618103745963
2026-05-06 08:05:00,-0.00012008740662139417,0.001751581185490657
2026-05-06 08:10:00,0.0012673308088970714,0.000653847846221691
2026-05-06 08:15:00,0.001179963922746552,0.003071362489537774
2026-05-06 08:20:00,0.0007224512204118128,0.0010604367186177262
2026-05-06 08:25:00,-0.00040511387147290634,0.0019731771411920646
2026-05-06 08:30:00,0.0002336821782940035,0.001322573809686191
2026-05-06 08:35:00,-0.00037080738910333366,0.0014776314640478176
2026-05-06 08:40:00,0.0011548916510530916,0.0008684075728297427
2026-05-06 08:45:00,0.0006235997334815835,-0.0008004852956168673
2026-05-06 08:50:00,0.0005336619731775016,0.00010782672806265779
2026-05-06 08:55:00,-0.0024184430847000726,0.0010738475616005854
2026-05-06 09:00:00,-0.001565093174505705,0.001504907078983556
2026-05-06 09:05:00,-0.0003771773464009698,0.0011474738327611944
2026-05-06 09:10:00,0.001960074312577831,0.0009521948062499966
2026-05-06 09:15:00,0.0011344008782039339,-0.01662899641179735
2026-05-06 09:20:00,-8.359832936832845e-05,0.0014806312788781524
2026-05-06 09:25:00,0.0005889868205102289,-0.00011101081268383769
2026-05-06 09:30:00,0.002019006748225749,0.00340053378306103
2026-05-06 09:35:00,0.0020343839194829627,0.0012750735743604692
2026-05-06 09:40:00,0.002369573067376507,-0.02485314782254668
2026-05-06 09:45:00,0.0005281654499444954,-0.000452335077617495
2026-05-06 09:50:00,0.0006608191189396706,0.006798111063804669
2026-05-06 09:55:00,-0.0004208947600918833,0.0005756425829822598
2026-05-06 10:00:00,0.000179555472435311,-0.0002837650355440618
2026-05-06 10:05:00,0.00019025204177403054,0.0007109479803597061
2026-05-06 10:10:00,-0.0005450762119423302,0.0014222180214076004
2026-05-06 10:15:00,-0.000560148646451708,0.0005588265101557431
2026-05-06 10:20:00,-0.0005366464430576201,0.0020742239253047573
2026-05-06 10:25:00,0.00012614209389205655,0.00027226730097007273
2026-05-06 10:30:00,0.0008144637228291174,0.0014633090367423647
2026-05-06 10:35:00,0.0046811310787351346,0.003943652079193076
2026-05-06 10:40:00,0.004981627792490784,0.0006974014456941225
2026-05-06 10:45:00,0.0024991022859151,0.001092899912223588
2026-05-06 10:50:00,-0.00048331345308127993,-0.0013570342688033407
2026-05-06 10:55:00,-0.0011195563810275644,0.004145693245637982
2026-05-06 11:00:00,0.0018228983160302192,0.0014927236902943647
2026-05-06 11:05:00,0.00011286501462848264,0.0005142652201642733
2026-05-06 11:10:00,0.0009217031938284492,-0.0003854243987394286
2026-05-06 11:15:00,0.0007635219787776037,0.0011908777156691996
2026-05-06 11:20:00,0.001536252230431856,0.0006104223179627002
2026-05-06 11:25:00,-0.0007066340887398326,0.00040883050592967045
2026-05-06 11:30:00,-0.0005465288642678701,0.00024279236818700002
2026-05-06 11:35:00,-0.0006337904067432731,0.0024170248666864048
2026-05-06 11:40:00,0.00112356932304003,-0.000847369851655904
2026-05-06 11:45:00,-0.00024465248300664655,0.0010257061157205112
2026-05-06 11:50:00,-0.000800255443365927,0.0007519636240041209
2026-05-06 11:55:00,-0.0008276587412261449,0.002368518240901624
2026-05-06 12:00:00,-0.00035964142648126085,0.0004982949071908328
2026-05-06 12:05:00,0.0010257437008505121,0.0017341696291893484
2026-05-06 12:10:00,0.0014336066163593841,0.0030015240100042966
2026-05-06 12:15:00,0.002495670013376028,0.0027302825732665303
2026-05-06 12:20:00,0.001940075045329337,-0.0007272135760709029
2026-05-06 12:25:00,0.002078691619136208,0.0006122232252805864
2026-05-06 12:30:00,0.00020592272026576097,0.00297009778970816
2026-05-06 12:35:00,0.0023493949667177105,0.00028017417019324416
2026-05-06 12:40:00,0.0006064435875270391,0.0005889899709121509
2026-05-06 12:45:00,0.0006069068732816874,0.0005055530966988835
2026-05-06 12:50:00,-0.000290194909222663,0.0007248892269511424
2026-05-06 12:55:00,-0.00106894492175158,-0.00010309312049372785
2026-05-06 13:00:00,-0.00035858226717522257,-0.002043359434674347
2026-05-06 13:05:00,-0.002127134695907529,0.0014752127696176585
2026-05-06 13:10:00,-0.0013505394654096392,-0.00013862155707095134
2026-05-06 13:15:00,0.0002737223390418819,0.0009664120154444868
2026-05-06 13:20:00,2.9721972182983336e-05,0.0010135200724179986
2026-05-06 13:25:00,-0.0011885387158567795,0.0015275749696643504
2026-05-06 13:30:00,-0.0032555667658389353,0.0010554218305525494
2026-05-06 13:35:00,-0.0026167925336419984,0.0012794367301676574
2026-05-06 13:40:00,-0.0016714454012518587,0.0012111120240171488
2026-05-06 13:45:00,-0.0025894851593282198,0.0011354928656371341
2026-05-06 13:50:00,-0.0033260305101663334,0.0006524875540760882
2026-05-06 13:55:00,-0.0041320299195461985,0.0008392465130636305
2026-05-06 14:00:00,-0.003345339048259177,5.755213575623849e-06
2026-05-06 14:05:00,0.0001793760281554313,-0.00038513645490742673
2026-05-06 14:10:00,0.0022336299773701995,-0.0026589077697244776
2026-05-06 14:15:00,0.002963275537826604,-0.013018229642802468
2026-05-06 14:20:00,-0.0006770994345277614,-7.631262451247931e-05
2026-05-06 14:25:00,-0.00018576743891784986,-0.0006464272013174083
2026-05-06 14:30:00,-0.0006983367270425589,0.00028059658511459906
2026-05-06 14:35:00,-0.00055141638462608,0.0012871248066580183
2026-05-06 14:40:00,-2.5625803477424824e-05,-0.016940956639049327
2026-05-06 14:45:00,0.0003737882629160083,0.0004509968986346935
2026-05-06 14:50:00,-0.0009004452571996779,-0.0014634296689153168
2026-05-06 14:55:00,0.00021779840068347767,0.000575916976415912
2026-05-06 15:00:00,7.68762612892715e-05,-0.00012868142130433914
2026-05-06 15:05:00,0.0027245149323444906,0.003991733075812602
2026-05-06 15:10:00,0.00021988555365837215,-0.0010175845397700656
2026-05-06 15:15:00,0.0031532349956790995,-0.001122139154252672
2026-05-06 15:20:00,0.0019400261059505652,0.0006976342361455423
2026-05-06 15:25:00,0.0024283318598552484,0.00041337333737445745
2026-05-06 15:30:00,0.0006298810669385091,9.02474487340355e-05
2026-05-06 15:35:00,0.0016896568952500246,-2.9034189603927008e-05
2026-05-06 15:40:00,0.001036480146934693,0.0006191744164733067
2026-05-06 15:45:00,0.0010567128287437555,0.0014426618804233241
2026-05-06 15:50:00,0.0010710484334435222,0.0006674843087414895
2026-05-06 15:55:00,0.002190734984582221,0.0018255827055354491
2026-05-06 16:00:00,0.0014418755796157257,-0.0006600269786936849
2026-05-06 16:05:00,0.0002038792277492263,0.0013327755194610614
2026-05-06 16:10:00,-0.00133384328004027,0.004762644110623211
2026-05-06 16:15:00,-0.0011784028804502356,0.0007699734599939075
2026-05-06 16:20:00,-0.00012529585234055673,0.000581140311076265
2026-05-06 16:25:00,0.0018791869183925058,0.0014283509871006283
2026-05-06 16:30:00,-0.00020822267152631468,7.764791179183596e-05
2026-05-06 16:35:00,-0.0012793405279047931,0.0010901773486855872
2026-05-06 16:40:00,-0.002287341512609231,0.0018385011149402138
2026-05-06 16:45:00,-3.3999655757455116e-05,0.0006736191107504347
2026-05-06 16:50:00,-0.0008062723743904598,0.00024720550420862094
2026-05-06 16:55:00,-0.0013489449850485613,0.0006400067862042608
2026-05-06 17:00:00,-0.0008992854157536811,-0.0008299177178802603
2026-05-06 17:05:00,6.810090002140612e-05,-0.0005527831721274857
2026-05-06 17:10:00,-0.00030450897099498775,-0.0007878463360519363
2026-05-06 17:15:00,-0.0014367069322851478,-0.0003472647835780292
2026-05-06 17:20:00,-0.001475848428022175,-0.0005796286891853264
2026-05-06 17:25:00,-0.0005368429927123941,-0.0009828994085275006
2026-05-06 17:30:00,-0.0003408555934374391,-0.000207762722402801
2026-05-06 17:35:00,3.196784461323432e-05,-0.0002654105697257694
2026-05-06 17:40:00,-0.0011385491765452116,0.0013578369089426363
2026-05-06 17:45:00,-0.001345382992056443,-0.008634434366676862
2026-05-06 17:50:00,-0.0019220170664162595,-2.0904496910003137e-06
2026-05-06 17:55:00,-0.0009134818162959135,0.040501620721706814
2026-05-06 18:00:00,-0.00048657439786126133,-0.0018134532531198766
2026-05-06 18:05:00,7.259605635745459e-05,0.00027923219229320905
2026-05-06 18:10:00,0.0010883994774530947,-7.462318308489426e-05
2026-05-06 18:15:00,0.000618847554923363,0.0005153823069015012
2026-05-06 18:20:00,0.0013186224228647347,-0.000366669810917293
2026-05-06 18:25:00,9.384564531167428e-05,-0.003194475731791823
2026-05-06 18:30:00,0.00011519139916948973,4.1463675779030654e-05
2026-05-06 18:35:00,-0.0011777157092804913,-0.0017089302830091443
2026-05-06 18:40:00,-0.0012121394676114505,0.0010633214666658812
2026-05-06 18:45:00,-0.00046297926914640186,0.0007857977743855622
2026-05-06 18:50:00,0.0004716794971955096,0.0006918816402478245
2026-05-06 18:55:00,0.0005742421602441539,0.0010430081614249357
2026-05-06 19:00:00,-0.0008881545118573086,0.000735665925708814
2026-05-06 19:05:00,-0.0011059161228779146,0.0024488660415608403
2026-05-06 19:10:00,-0.0005592948761119487,0.000687039547173203
2026-05-06 19:15:00,0.00015163990037869723,0.0014161592529890667
2026-05-06 19:20:00,-0.00043587043373349843,0.001373688075267497
2026-05-06 19:25:00,-0.0003502522278964193,0.0012548163619290017
2026-05-06 19:30:00,-0.00030330279890478096,1.827164517215446e-05
2026-05-06 19:35:00,0.0005255848855103551,0.0006544226680671018
2026-05-06 19:40:00,0.000704650938690321,0.000570297763098124
2026-05-06 19:45:00,0.00037164002606360214,0.00035555565996740323
2026-05-06 19:50:00,0.0007942625626000677,0.0006296401337807199
2026-05-06 19:55:00,0.0004886933738461607,0.0010212173846632483
2026-05-06 20:00:00,0.0012847245478404545,0.000672691651275273
2026-05-06 20:05:00,0.0004907609026076898,-0.00013959986309856974
2026-05-06 20:10:00,0.000262387406911202,0.0007805593660403412
2026-05-06 20:15:00,7.677510443038216e-05,-0.00012524858418988148
2026-05-06 20:20:00,0.00012371908105279772,0.0015008830862852413
2026-05-06 20:25:00,-0.0004757612536341327,0.0003306724151597074
2026-05-06 20:30:00,-0.00045860552730125903,0.0020836902020043937
2026-05-06 20:35:00,-0.0002794562354520025,0.00044073447021386716
2026-05-06 20:40:00,3.414287513159309e-05,-0.0007203804154511454
2026-05-06 20:45:00,0.0008679732304948118,-6.794829181067425e-06
2026-05-06 20:50:00,0.0016031452360962817,0.00020691082997697043
2026-05-06 20:55:00,0.001914402515284408,-0.0014610984475863984
2026-05-06 21:00:00,0.001188774530643144,0.0006815795127037578
2026-05-06 21:05:00,0.0011368451857869388,-7.333140612370226e-05
2026-05-06 21:10:00,0.0005344399845732539,0.0002275226535018484
2026-05-06 21:15:00,0.00012561222670548489,0.0002764080958049429
2026-05-06 21:20:00,-0.0004980090383028823,6.715782397550959e-05
2026-05-06 21:25:00,-0.0005067528112938646,0.0001747782732577402
2026-05-06 21:30:00,-0.0001703254710943014,-0.00016872032063410105
2026-05-06 21:35:00,1.2772561133189697e-05,-0.00011994261822540376
2026-05-06 21:40:00,-0.0003919513689645271,-0.001896099836524355
2026-05-06 21:45:00,-0.0001511881582096919,-0.00044178009910483866
2026-05-06 21:50:00,-0.00022780183042669933,-0.00010011144497618846
2026-05-06 21:55:00,0.001169009254168074,3.270086906482044e-05
2026-05-06 22:00:00,0.0004790388655990796,-0.000294030868908128
2026-05-06 22:05:00,-0.0004259370146151298,9.242929827410987e-07
2026-05-06 22:10:00,-0.001337339872947041,-0.00012470237045115388
2026-05-06 22:15:00,-0.0016509897437106957,-0.0004238914392603675
2026-05-06 22:20:00,-0.0008310993578124481,0.00040091463292503876
2026-05-06 22:25:00,-0.000974317122400592,-0.0002844955782086462
2026-05-06 22:30:00,-0.0002537483874469615,-0.000562853593997428
2026-05-06 22:35:00,0.0001449593583391362,-0.00018767918323837646
2026-05-06 22:40:00,0.0006780716584913193,-0.0007213767679200523
2026-05-06 22:45:00,0.0006076092044651205,-0.0012185505244916017
2026-05-06 22:50:00,-0.00012790422549002756,-0.0003896463517905334
2026-05-06 22:55:00,0.0006584407976788498,-0.0002812624865423825
2026-05-06 23:00:00,0.0011332170087587912,-9.111338543250149e-05
2026-05-07 00:00:00,0.0018593957530441685,-0.00105739044689141
2026-05-07 00:05:00,0.0007814687964575739,-0.0006871396518061973
2026-05-07 00:10:00,-0.00043439007207446423,0.0014091965096125147
2026-05-07 00:15:00,-0.0002404830955171633,-0.00025353192619822747
2026-05-07 00:20:00,-0.00017668201859422084,-0.00032095783787220854
2026-05-07 00:25:00,0.0007196220804441822,-0.0002175046927245416
2026-05-07 00:30:00,-0.00011068422016080603,-0.00040655325065071875
2026-05-07 00:35:00,-0.00022781686603323692,-0.00026848243792483405
2026-05-07 00:40:00,-0.0008090787589782877,0.0008200760691802038
2026-05-07 00:45:00,-0.0001937268691385441,-2.7229879780393942e-05
2026-05-07 00:50:00,0.0002320746311337274,4.8179587357289596e-05
2026-05-07 00:55:00,-6.816284105326531e-05,0.0004462257767596736
2026-05-07 01:00:00,2.7677564887085282e-05,0.0007895290563778493
2026-05-07 01:05:00,-0.0007581679108703554,-0.00028018273828524026
2026-05-07 01:10:00,-0.0002151694467684706,1.5138663947314665e-05
2026-05-07 01:15:00,-0.0008327911442957969,-9.578265345852983e-05
2026-05-07 01:20:00,-0.00010439959059382886,0.0013043168344132796
2026-05-07 01:25:00,4.4742014356558e-05,6.498928226490524e-05
2026-05-07 01:30:00,0.0008476941311723607,0.00018092787859239892
2026-05-07 01:35:00,0.0007476014801834907,-0.0002562528497547051
2026-05-07 01:40:00,0.0010370275081523772,-8.98972653870748e-05
2026-05-07 01:45:00,-0.0006815064964289519,0.0002283514233002856
2026-05-07 01:50:00,-0.00035349685415297927,5.751150438252698e-05
2026-05-07 01:55:00,0.00032345174360770557,0.0002261060588743155
2026-05-07 02:00:00,0.0009156671274350714,0.0005298948965834046
2026-05-07 02:05:00,0.0007536918481161337,3.894100473662435e-05
2026-05-07 02:10:00,-0.0015543757734164387,-0.0001148456688047907
2026-05-07 02:15:00,-0.001256594623981755,0.0008392164100340156
2026-05-07 02:20:00,-0.0013054818240121335,0.0004769451084696419
2026-05-07 02:25:00,-0.0009487171178985676,0.0003058255168818971
2026-05-07 02:30:00,-0.0005563875457301748,-0.00018881990662814702
2026-05-07 02:35:00,-0.0014288245339493244,-0.00023425884028521995
2026-05-07 02:40:00,-0.0001258525713438985,-0.0002322719579808269
2026-05-07 02:45:00,0.0007119501338799239,0.0014420655766545236
2026-05-07 02:50:00,0.002547000979408409,0.0013601867120545197
2026-05-07 02:55:00,0.004760682465981603,0.00029335611268149916
2026-05-07 03:00:00,0.004218652930070732,-0.0003715785170387992
2026-05-07 03:05:00,0.0026997627003328972,0.00034376294600413116
2026-05-07 03:10:00,-0.0012576640550978624,0.0015308889368286771
2026-05-07 03:15:00,-0.0015607832565311952,0.00044542019116877534
2026-05-07 03:20:00,0.0005772704184003885,-0.0022683707531917586
2026-05-07 03:25:00,0.0018519546382247398,-0.0007827574001131128
2026-05-07 03:30:00,0.0029284461977265863,-0.0005881078178380627
2026-05-07 03:35:00,0.0009140371065274877,0.00038688089898553557
2026-05-07 03:40:00,0.00043700267776358714,-0.0005480376957240255
2026-05-07 03:45:00,-0.000922171939109262,0.000827911428846468
2026-05-07 03:50:00,-0.0008885769675543997,-0.0003484225398356671
2026-05-07 03:55:00,-0.0021762979054607,-0.0001224701510666586
2026-05-07 04:00:00,-0.0018107774836906287,-8.271236275733099e-05
2026-05-07 04:05:00,-0.0019942176440270742,0.0003592786440303414
2026-05-07 04:10:00,-0.0005910718558244099,-0.0005069984147753871
2026-05-07 04:15:00,-0.001014023154318977,-0.0004056108881514103
2026-05-07 04:20:00,-0.0003487061760587551,-1.6062562180221927e-06
2026-05-07 04:25:00,0.0005804441517369696,0.0011008758024874934
2026-05-07 04:30:00,0.0010543927271395859,0.00012987776479591445
2026-05-07 04:35:00,0.0009692724414200882,-0.00021082082797008205
2026-05-07 04:40:00,0.000520624718909346,0.0006025443687236281
2026-05-07 04:45:00,0.0005713733612964234,0.003928371396494987
2026-05-07 04:50:00,0.00043544154991614903,0.00037557733479916245
2026-05-07 04:55:00,-0.00024221615147723696,-0.000518874516203477
2026-05-07 05:00:00,-0.00016564342953806488,0.0004794517800207114
2026-05-07 05:05:00,-0.000599046641585943,-0.0009845165617299865
2026-05-07 05:10:00,-0.00028903638446742264,-0.001958297262061225
2026-05-07 05:15:00,-0.0009157811392057624,-0.00013183796816236185
2026-05-07 05:20:00,-0.0002507714422730345,-0.0002907439623012583
2026-05-07 05:25:00,-0.00012966846342976623,-0.0010922159145547654
2026-05-07 05:30:00,2.5508739934565483e-05,-0.0011128660588650048
2026-05-07 05:35:00,-0.00014666668110052683,-0.000461056683359438
2026-05-07 05:40:00,-0.001082643670347494,-0.00015847247926447841
2026-05-07 05:45:00,-0.0011698196408911343,-0.00030981988784356676
2026-05-07 05:50:00,-0.0009017286578067996,-0.00037000205851132006
2026-05-07 05:55:00,-0.0004193340738449791,3.979102183996339e-05
2026-05-07 06:00:00,-0.0006258834954042669,0.00035657066297305564
2026-05-07 06:05:00,-0.00042349752120784956,-0.0004159662373917399
2026-05-07 06:10:00,2.129043453535928e-06,-8.199434638146523e-05
2026-05-07 06:15:00,-0.00044090819280562243,0.0009524934818073941
2026-05-07 06:20:00,-0.0002831410795938183,0.0006065627773351292
2026-05-07 06:25:00,0.0002746086046379048,0.00026352684529964027
2026-05-07 06:30:00,0.0003408156603708079,0.00012490119898834112
2026-05-07 06:35:00,-0.00018099682453254218,0.0014292309013724817
2026-05-07 06:40:00,-0.0003874541543318344,0.0006591782996633357
2026-05-07 06:45:00,0.0009238780542144553,0.0024129996722905144
2026-05-07 06:50:00,0.0007280468655803674,0.0020077614071842146
2026-05-07 06:55:00,0.0008832616124525572,0.0004500404736438585
2026-05-07 07:00:00,-0.0007897137538570576,-0.0004326840916784247
2026-05-07 07:05:00,-0.0008536992197569759,-0.00022120257373427953
2026-05-07 07:10:00,-0.001153716926685533,0.0018090585234766428
2026-05-07 07:15:00,0.0015469124951401625,0.0004989028638176007
2026-05-07 07:20:00,0.0021573237138863277,7.294645068589865e-05
2026-05-07 07:25:00,0.00181937202071758,0.00037858726064685615
2026-05-07 07:30:00,0.0002976177844349337,-1.738550317323829e-05
2026-05-07 07:35:00,-0.00010414242442280397,0.0011779328424097173
2026-05-07 07:40:00,-0.0005124939107332693,-0.0007876150495243887
2026-05-07 07:45:00,0.0002975292344409297,-0.0010181759340865501
2026-05-07 07:50:00,0.0008200936131146364,-0.000245719144550153
2026-05-07 07:55:00,0.0014814738802169103,-0.0035130117408266673
2026-05-07 08:00:00,0.0007859013949627069,-0.00016840996498823497
2026-05-07 08:05:00,0.00106554151047078,-0.0008509721977231577
2026-05-07 08:10:00,0.0019542259180092003,-0.000579631808962441
2026-05-07 08:15:00,0.00500252015891256,0.0030324610285780255
2026-05-07 08:20:00,0.006262002239004971,-0.00013995806290226313
2026-05-07 08:25:00,0.005987377435650032,-0.0013138786240432295
2026-05-07 08:30:00,0.000994553266819409,-0.000841431459269137
2026-05-07 08:35:00,-0.001419838950756258,-0.0019527734949328734
2026-05-07 08:40:00,-0.001444424194831484,-0.0008625267950733474
2026-05-07 08:45:00,-0.0007938737017685327,-0.0023170471267316742
2026-05-07 08:50:00,0.0016559316182238604,0.0005469260133457109
2026-05-07 08:55:00,0.002135322896124947,0.0035410732408990026
2026-05-07 09:00:00,0.0019518830256419761,0.003947658159968558
2026-05-07 09:05:00,-0.000839225178776104,-0.001590533542701964
2026-05-07 09:10:00,-0.0019306571493888924,-0.008687486295592232
2026-05-07 09:15:00,-0.0003584388130626337,0.0005720360626511614
2026-05-07 09:20:00,-6.750599118277023e-05,4.554198195445434e-05
2026-05-07 09:25:00,0.0006748890907264382,0.0009470204369725599
2026-05-07 09:30:00,-0.00046194297407708973,-0.002222031864063136
2026-05-07 09:35:00,0.00012024187617143411,-0.003110961606119941
2026-05-07 09:40:00,-3.1625253399170106e-05,-1.2155900293608132e-06
2026-05-07 09:45:00,0.0021181201969291408,-0.0006257686465796481
2026-05-07 09:50:00,0.0014860080871130776,5.784711142415243e-05
2026-05-07 09:55:00,-3.584316297455814e-05,6.381410745559708e-07
2026-05-07 10:00:00,-0.0028483830817975786,-0.013132870147194472
2026-05-07 10:05:00,-0.0016906388611310774,-0.0038611047108432998
2026-05-07 10:10:00,-0.0005504593099647792,0.0034866377477373854
2026-05-07 10:15:00,0.00019633694438248028,0.0018880306931206195
2026-05-07 10:20:00,-0.0006436996276697471,0.0012271733067744117
2026-05-07 10:25:00,-0.0010532548974353517,-0.0007469038079732014
2026-05-07 10:30:00,-0.00026179115971025624,-0.0008983002528689225
2026-05-07 10:35:00,-0.00046456529139327074,-0.0001363812402981944
2026-05-07 10:40:00,-0.0008450942783024828,-7.733652776944534e-05
2026-05-07 10:45:00,-0.0020100509280247536,0.0007087918506847829
2026-05-07 10:50:00,-0.000354904337994455,-0.0002871560223191206
2026-05-07 10:55:00,0.000627550766102658,-0.00019483155368409436
2026-05-07 11:00:00,0.0018326695830079842,-0.0007421636796895784
2026-05-07 11:05:00,0.0008828027234830671,-0.0010226390875708042
2026-05-07 11:10:00,0.0002977903345744437,0.0004507470196983114
2026-05-07 11:15:00,0.00019005023718499103,-0.0017879025854305602
2026-05-07 11:20:00,-0.00027658399937280365,-0.0008735560725089209
2026-05-07 11:25:00,0.0005066733205563168,0.00011740145839410007
2026-05-07 11:30:00,4.6451231494160083e-05,2.7007584130411474e-06
2026-05-07 11:35:00,-0.0003484780520501829,-0.00031258726344333076
2026-05-07 11:40:00,-0.0020980291933216932,-0.0014489526914096176
2026-05-07 11:45:00,-0.001379676301333177,-0.0014123300719296218
2026-05-07 11:50:00,-0.0002323861846313946,0.0016018032648706813
2026-05-07 11:55:00,0.0015237800294141124,-0.00019539030617379848
2026-05-07 12:00:00,0.00039317981507203115,-0.000699914471265928
2026-05-07 12:05:00,4.648155739417348e-05,0.0011826448847076956
2026-05-07 12:10:00,-0.0006126143826428176,0.0032644586024425863
2026-05-07 12:15:00,-0.0002282791356442715,0.0007587425653194672
2026-05-07 12:20:00,0.0007054092933458378,0.00018486660279240898
2026-05-07 12:25:00,0.0014633144671947207,-0.0004593565874496707
2026-05-07 12:30:00,0.0011767702293585813,0.0010760873332926835
2026-05-07 12:35:00,9.500214817492747e-05,-3.305685687708909e-05
2026-05-07 12:40:00,-0.0007134414351934737,0.0006812224226164501
2026-05-07 12:45:00,-9.924311297915267e-05,0.0003478526868769252
2026-05-07 12:50:00,-0.0006778795091229028,-0.00033557643422026757
2026-05-07 12:55:00,-0.0011979528484289403,0.0010889087786737461
2026-05-07 13:00:00,-0.0010923247846914563,-4.4947764745601956e-05
2026-05-07 13:05:00,7.604675188943588e-05,0.0007828637982998071
2026-05-07 13:10:00,0.0005114711246569925,-0.0005919682601040488
2026-05-07 13:15:00,0.0007691885440515023,0.001004365262536048
2026-05-07 13:20:00,0.00031891089034274955,0.00028793035181153004
2026-05-07 13:25:00,0.000903945317951127,0.0008074166292376386
2026-05-07 13:30:00,0.0004899434973530958,-0.0006501078242900507
2026-05-07 13:35:00,0.000854855154118539,0.0004734439188092037
2026-05-07 13:40:00,0.001238429441755784,0.0035420552575318037
2026-05-07 13:45:00,0.0009728397027419788,-0.0006088483156326959
2026-05-07 13:50:00,0.00021729109814394576,0.000654267826145697
2026-05-07 13:55:00,0.0002677379009519143,-0.00042801094313820397
2026-05-07 14:00:00,0.000242534934127292,0.00038076686642503723
2026-05-07 14:05:00,-0.0011354979364881501,0.0004069993592101448
2026-05-07 14:10:00,-0.0011726742954802916,-0.005580760394536832
2026-05-07 14:15:00,0.0010285377966976483,0.00028125529083587405
2026-05-07 14:20:00,0.002311847131588607,0.001556926661688884
2026-05-07 14:25:00,0.0027754935780013312,0.0002801866642071259
2026-05-07 14:30:00,0.0011032369751688975,0.0026564203498328047
2026-05-07 14:35:00,0.00036653571500266935,1.0365297692765214e-05
2026-05-07 14:40:00,-0.0006610359557939205,0.0013796789417041431
2026-05-07 14:45:00,-0.002804690367447904,0.0017363739926733004
2026-05-07 14:50:00,-0.0014163293309419345,0.00010848233460267437
2026-05-07 14:55:00,-0.0032082238975554844,0.0017941512695950033
2026-05-07 15:00:00,0.0003818666150454675,0.000981815174249799
2026-05-07 15:05:00,0.0006388611200414118,0.003026839435476795
2026-05-07 15:10:00,0.0023865830979499236,0.0028491441621241037
2026-05-07 15:15:00,0.0031464249619315154,-0.0011202585301535238
2026-05-07 15:20:00,0.0016953243656097072,0.00030877819034749493
2026-05-07 15:25:00,0.0009500928161099154,0.00018419647322001978
2026-05-07 15:30:00,-0.002851158502899409,-0.0002822727988595294
2026-05-07 15:35:00,-0.0017142945581678504,-0.0010125149292056182
2026-05-07 15:40:00,-0.00039172492145134186,-0.0005304198737784347
2026-05-07 15:45:00,0.0008115335160798764,0.003701838746845793
2026-05-07 15:50:00,0.0008153934935855034,0.001599184769547824
2026-05-07 15:55:00,0.0009727115203723713,6.0138944218450984e-05
2026-05-07 16:00:00,0.0011076810169221574,-0.0003000425089379321
2026-05-07 16:05:00,0.001967268247035747,0.003166697785982502
2026-05-07 16:10:00,0.0011546556087438375,0.0007672851920572068
2026-05-07 16:15:00,-0.0004736677656609345,-0.0014259659393073814
2026-05-07 16:20:00,-0.000771717741018918,7.590748019040854e-05
2026-05-07 16:25:00,-0.001196744745124434,-0.0002193552575647877
2026-05-07 16:30:00,0.002008913517199673,-0.0007766620143121791
2026-05-07 16:35:00,0.0015365393479509493,-0.00037589810208469394
2026-05-07 16:40:00,0.0023269732219866057,-0.0002872260306797396
2026-05-07 16:45:00,0.0001870127037513214,0.0011075454529656064
2026-05-07 16:50:00,-0.0004411718435868295,9.863505735571102e-05
2026-05-07 16:55:00,-0.001664275006268312,-0.0180766285402569
2026-05-07 17:00:00,-0.0010552936986929495,-0.00036685699411677657
2026-05-07 17:05:00,-0.0025710687037960867,0.00025991142094734733
2026-05-07 17:10:00,-0.002976114315860201,0.0005742774811401024
2026-05-07 17:15:00,-0.0020949647465169363,0.00011653273649849709
2026-05-07 17:20:00,-0.0006722604324451709,0.0007268949604569374
2026-05-07 17:25:00,-0.00035443786105027186,-0.0008267702814859206
2026-05-07 17:30:00,-0.0021141478493795773,0.0019133533868217558
2026-05-07 17:35:00,-0.0023617596053604473,0.002052539247016101
2026-05-07 17:40:00,-0.00205103146229213,-0.00033059041709979564
2026-05-07 17:45:00,-0.0022710366021705397,0.0006389819789174626
2026-05-07 17:50:00,-0.0031555949058752475,-0.0035845799821511448
2026-05-07 17:55:00,-0.00298371461671465,-0.00042375723815684437
2026-05-07 18:00:00,-0.003649944828017837,-8.560183565294987e-05
2026-05-07 18:05:00,0.00011870014872705781,-0.0005265862773305386
2026-05-07 18:10:00,0.0010174536558569258,-0.0006464067616939588
2026-05-07 18:15:00,0.0027752570283627875,0.00041994810554830736
2026-05-07 18:20:00,-0.001283132290938127,-0.0009682596782013479
2026-05-07 18:25:00,-0.0018767361336440302,0.0009550437009496608
2026-05-07 18:30:00,-0.001059968893761365,-0.0022940934498958815
2026-05-07 18:35:00,0.0011707914359480043,-0.00035984161981669326
2026-05-07 18:40:00,0.0009335068070726038,-0.00028976693110263976
2026-05-07 18:45:00,0.0004856052082740092,0.0005444069889893573
2026-05-07 18:50:00,-0.00019291657054232303,0.00011570801229302788
2026-05-07 18:55:00,-0.00018663165963417327,-0.0015642621625067453
2026-05-07 19:00:00,-0.0021711479422563684,-0.0007940650298373681
2026-05-07 19:05:00,-0.00013145898286559543,-0.0003345197345687484
2026-05-07 19:10:00,-0.003456854945453003,-0.0013647704604572053
2026-05-07 19:15:00,-0.0014287782126647386,-0.0002182755734733144
2026-05-07 19:20:00,-0.002658328051275305,-0.0017184513041638354
2026-05-07 19:25:00,0.0002681370238803993,-0.002023141348918495
2026-05-07 19:30:00,-0.00013192471798895156,-0.000966671919501734
2026-05-07 19:35:00,0.0004910062005816229,-0.0014387621674301436
2026-05-07 19:40:00,0.0027113762599952906,-0.0013169818615997304
2026-05-07 19:45:00,0.00180500667152117,-8.117815491118165e-05
2026-05-07 19:50:00,0.00028259121456919445,-0.000522576120240774
2026-05-07 19:55:00,-0.0008597896062045862,-0.0017883477873790168
2026-05-07 20:00:00,0.00017628649361967064,-0.00034876234337412196
2026-05-07 20:05:00,-0.0001168513450391373,-0.000580822973193898
2026-05-07 20:10:00,0.0009934682408445639,-0.00012313389484522666
2026-05-07 20:15:00,0.001093131739942521,0.0002814828785167136
2026-05-07 20:20:00,0.0013843418732015778,-0.0002907809151494699
2026-05-07 20:25:00,-0.0014990723848224974,-0.002188016509364456
2026-05-07 20:30:00,-0.0028148476740810224,-0.002277105203642313
2026-05-07 20:35:00,-0.0020814844670908883,0.00028695565209034763
2026-05-07 20:40:00,0.0009600048312741194,-0.00022018433845061931
2026-05-07 20:45:00,0.001141765011896112,-0.0008160342153581116
2026-05-07 20:50:00,0.0014107850893019247,-0.00293562882929889
2026-05-07 20:55:00,-8.704208702603466e-05,-0.0003117946573947952
2026-05-07 21:00:00,-0.0008141981289568889,0.0016393216990764614
2026-05-07 21:05:00,-0.002065861743933084,-0.00048173105541263986
2026-05-07 21:10:00,-0.0010195932706498212,-0.0012771508894332444
2026-05-07 21:15:00,0.0012221107903158668,-0.00027180553278034097
2026-05-07 21:20:00,0.002343959430190168,-0.00017164356730712768
2026-05-07 21:25:00,0.0009389133512005543,0.0006129800148974516
2026-05-07 21:30:00,0.0003546637792730678,-0.0019048114403306033
2026-05-07 21:35:00,-0.001134104815985637,-0.0010418330919872907
2026-05-07 21:40:00,-0.0014129532963469416,0.0004384552684180481
2026-05-07 21:45:00,0.0014810071007307357,0.0006269881685874981
2026-05-07 21:50:00,0.0011510853753673445,-0.01775679711912398
2026-05-07 21:55:00,0.0018842018377220882,0.0001971508478168691
2026-05-07 22:00:00,-0.0009778976829277752,-0.0009462635881071329
