timestamp,y_true,y_pred
2026-04-02 05:05:00,0.0031661755521401602,-0.00012073467543572799
2026-04-02 05:10:00,0.0003773178713295522,-0.000327135220558966
2026-04-02 05:15:00,0.00020466464915891436,0.002080925283183606
2026-04-02 05:20:00,-0.002335817265684881,0.00042173845835008375
2026-04-02 05:25:00,-0.0012326723676441276,0.00020597662394719656
2026-04-02 05:30:00,-0.0027558253158979085,0.0006113181237951297
2026-04-02 05:35:00,-0.001941426778465427,0.0019757707427116183
2026-04-02 05:40:00,-0.0018475864356481964,-0.00030952208690384356
2026-04-02 05:45:00,-0.00022447193072849814,9.432325781171273e-05
2026-04-02 05:50:00,-0.0013948555206155788,0.0014147706721861436
2026-04-02 05:55:00,-0.0019752427056669575,-0.0011098559001385924
2026-04-02 06:00:00,-0.001908977479390117,0.000498436113521342
2026-04-02 06:05:00,-0.0009702718486011008,-0.001487333119016368
2026-04-02 06:10:00,-0.0004092323736362147,-0.00039011915863057495
2026-04-02 06:15:00,-0.00029994644038566776,-0.002768330965817977
2026-04-02 06:20:00,-0.00028719250239106486,-0.00035257221326026134
2026-04-02 06:25:00,-0.0009669677312409419,-0.00027837862305730586
2026-04-02 06:30:00,-0.00025073855493751296,1.565507196266718e-05
2026-04-02 06:35:00,0.0002936212414255124,-0.00010128371653497396
2026-04-02 06:40:00,0.002423158081329646,-0.0015776549469461944
2026-04-02 06:45:00,0.00150776936566821,0.00012821630648863258
2026-04-02 06:50:00,0.0004391992932006872,0.00035125599122367874
2026-04-02 06:55:00,-0.000511566442552791,-0.0005516184563036223
2026-04-02 07:00:00,-0.00010058994943662469,9.706738050588525e-05
2026-04-02 07:05:00,0.0011474347745661362,0.000834388188658194
2026-04-02 07:10:00,0.0014761950230877119,-0.0009260487415074087
2026-04-02 07:15:00,-0.004853159889568914,0.0006846066364913642
2026-04-02 07:20:00,-0.005838615065069774,-4.0852094248002755e-05
2026-04-02 07:25:00,-0.009245991378856289,-0.0013326411788384639
2026-04-02 07:30:00,-0.012763980093454919,0.00016241936995712195
2026-04-02 07:35:00,-0.009175209323014855,-9.409356346559637e-05
2026-04-02 07:40:00,-0.008787945522868768,0.0020994176068179623
2026-04-02 07:45:00,-0.001163921194009987,-0.0008712331582597133
2026-04-02 07:50:00,-0.00794798011813036,-0.00034946476871546255
2026-04-02 07:55:00,-0.002766102749268029,-0.000343499592113809
2026-04-02 08:00:00,0.0011857045541372457,0.0002414153238922465
2026-04-02 08:05:00,0.004220623060906092,-0.0026607335664318487
2026-04-02 08:10:00,0.001884135011312793,-0.003880085678159733
2026-04-02 08:15:00,0.00033540383807384444,-0.0037946418411690325
2026-04-02 08:20:00,0.0016053588004059094,0.0002470527683154748
2026-04-02 08:25:00,-0.00043364709869031515,0.000385183015784287
2026-04-02 08:30:00,0.0015166238558155243,0.0005747722300626836
2026-04-02 08:35:00,0.0009115324709210171,-0.00125267096877219
2026-04-02 08:40:00,0.002375124798229322,-0.0005809397458501077
2026-04-02 08:45:00,0.0008801966123250793,-0.0002018218708977165
2026-04-02 08:50:00,0.002050627745589395,0.001675216741182078
2026-04-02 08:55:00,0.0047636904925330015,-0.0009889520358464124
2026-04-02 09:00:00,0.004428329860440172,0.0023162831691877273
2026-04-02 09:05:00,0.0021893515261126595,-0.0011295697789206463
2026-04-02 09:10:00,8.656359826275661e-06,-2.6119086733029896e-06
2026-04-02 09:15:00,0.0017416750842098594,-0.0009662133789027759
2026-04-02 09:20:00,0.0035297040508037725,0.000674953695399942
2026-04-02 09:25:00,0.0035600602715977203,-0.002220765406788999
2026-04-02 09:30:00,0.003627022353745346,-0.00023763822500403654
2026-04-02 09:35:00,0.002331882531573015,0.001085366616757103
2026-04-02 09:40:00,0.001458811467639265,-0.0037942778643146233
2026-04-02 09:45:00,-0.0016103860440086493,-0.006131449441814233
2026-04-02 09:50:00,-0.0027203393271140186,0.000374692091046137
2026-04-02 09:55:00,-0.0006698840015761931,4.599038942466203e-05
2026-04-02 10:00:00,0.00021544248738436522,-0.0004944954236905401
2026-04-02 10:05:00,0.0008198985511267409,0.00021979314737621066
2026-04-02 10:10:00,-0.0014878420198556341,0.0014970364744324562
2026-04-02 10:15:00,-0.0008275523672836016,-0.00071238638741926
2026-04-02 10:20:00,0.0006899198673053775,-0.0008126686017933518
2026-04-02 10:25:00,-0.0006907657844816839,-0.0003890784842724052
2026-04-02 10:30:00,-0.002251215322269573,8.150004821242087e-05
2026-04-02 10:35:00,-0.002764701232139899,-0.00031638023462276404
2026-04-02 10:40:00,-0.0023240414605663062,0.0003230124849481253
2026-04-02 10:45:00,-0.002091713836721354,-0.0009830385771338974
2026-04-02 10:50:00,-0.002089923697489837,-0.0006483111365697275
2026-04-02 10:55:00,0.0006274829054522257,0.00025591766490992544
2026-04-02 11:00:00,0.0015859505015622943,-0.0006237048556603481
2026-04-02 11:05:00,0.002038053002475948,-0.0005588943863570518
2026-04-02 11:10:00,-0.0007162277823873353,8.692474738305963e-05
2026-04-02 11:15:00,-0.0007396530023893177,-0.002206442876387317
2026-04-02 11:20:00,-0.0008930299931506624,0.0005219090745473011
2026-04-02 11:25:00,0.000374406607781097,0.00043134929606913604
2026-04-02 11:30:00,-0.0003851821764531138,0.00012809604561110435
2026-04-02 11:35:00,0.0006703877038134465,-0.0001806783834589897
2026-04-02 11:40:00,0.00016227145453484582,0.0004604500338959836
2026-04-02 11:45:00,0.0017861665537264315,-0.000654367692632597
2026-04-02 11:50:00,0.0011148754914245274,-4.680121330339203e-05
2026-04-02 11:55:00,0.0006596327706827054,-0.00015810802415223155
2026-04-02 12:00:00,-0.0029772745331211325,-0.00018669753357762676
2026-04-02 12:05:00,-0.003224870831543214,-0.0014544299082538809
2026-04-02 12:10:00,-0.001471253491867941,0.0009709599650959892
2026-04-02 12:15:00,-6.717743187678593e-05,0.00015800664438667862
2026-04-02 12:20:00,-0.0001798259159979665,-0.00031213111973158966
2026-04-02 12:25:00,0.0014907114577979996,-0.0002560612480009536
2026-04-02 12:30:00,0.0030746984958316403,0.00043865107812436524
2026-04-02 12:35:00,0.0011434017443896494,0.0007004800435510476
2026-04-02 12:40:00,-0.0009149339257863431,0.005615308955400482
2026-04-02 12:45:00,-0.000484054309971782,-0.00010416995686021868
2026-04-02 12:50:00,0.001202625155221071,0.0001911182496146879
2026-04-02 12:55:00,0.0015417102628063617,-0.00026854883080931324
2026-04-02 13:00:00,-0.0004237398128044134,-0.001061305098076224
2026-04-02 13:05:00,-0.00011241444623877328,-0.00015369670001931559
2026-04-02 13:10:00,-0.003022951397692708,-0.0013150500901314144
2026-04-02 13:15:00,-0.0022080798684402936,-0.00018206849771048073
2026-04-02 13:20:00,-0.0036668754530850833,-0.0006446746299413901
2026-04-02 13:25:00,-0.003149506355811127,-0.0014957522348837495
2026-04-02 13:30:00,-0.002067454394978796,0.00147216067108335
2026-04-02 13:35:00,-0.001565708487921924,-0.0006440111663304185
2026-04-02 13:40:00,0.00036733820415157936,0.001063140806650498
2026-04-02 13:45:00,0.0005774950769463771,-0.0009311594706921356
2026-04-02 13:50:00,0.0004953851068609794,-0.027101650349404156
2026-04-02 13:55:00,0.002710649252760433,0.000556234675461655
2026-04-02 14:00:00,0.001201683368762474,0.0001548467921368945
2026-04-02 14:05:00,0.0052127120731810805,-0.0003138468647790317
2026-04-02 14:10:00,0.0026017274378755673,0.000277386020206041
2026-04-02 14:15:00,0.0019815731073666853,0.0007558487377298609
2026-04-02 14:20:00,-0.0013904313333394924,0.0014399197310833284
2026-04-02 14:25:00,-0.0015792767600277813,0.00039577958735728116
2026-04-02 14:30:00,-0.0005994717470159117,0.0017713322498465072
2026-04-02 14:35:00,-3.0295292546611563e-05,-0.0025676652825671414
2026-04-02 14:40:00,-0.003998265443257765,-0.0085566505740953
2026-04-02 14:45:00,-0.005603033906451671,-0.00014880251427439723
2026-04-02 14:50:00,-0.004454727114216794,0.004390568512440405
2026-04-02 14:55:00,-0.0025291232509232486,-0.000699324109112228
2026-04-02 15:00:00,-0.0006489476605402444,-7.913420537050664e-05
2026-04-02 15:05:00,-0.0037587643395191606,0.0009179745018913627
2026-04-02 15:10:00,0.002020330253463598,-0.002469934967049711
2026-04-02 15:15:00,0.0019521033740694804,0.00045237043738061725
2026-04-02 15:20:00,0.0011796735569742367,-3.001407127374594e-05
2026-04-02 15:25:00,0.0007565727616416495,-0.0005011367904765166
2026-04-02 15:30:00,0.00754398529462641,-4.437915771576974e-05
2026-04-02 15:35:00,0.010240022180328268,-0.000279415424949881
2026-04-02 15:40:00,0.009654576208443899,-0.00023514091835698782
2026-04-02 15:45:00,0.0018345998507918182,-0.0009119030985413261
2026-04-02 15:50:00,0.0026668750484564185,0.00038196465856259545
2026-04-02 15:55:00,0.0004110156555832134,0.0003522322002585857
2026-04-02 16:00:00,0.003706343501859166,-0.0003776441325271721
2026-04-02 16:05:00,0.0057339815747106115,-0.001150286901076085
2026-04-02 16:10:00,0.003803016715190566,-2.688224073662824e-05
2026-04-02 16:15:00,0.0020600597006819044,-0.0009144001589429795
2026-04-02 16:20:00,0.0025635233412195646,8.150268889081777e-05
2026-04-02 16:25:00,0.005729756148975085,-0.0010074379689620563
2026-04-02 16:30:00,0.0023677863928099896,0.0008622536514416462
2026-04-02 16:35:00,-0.0005506032232016622,4.8528268127986536e-05
2026-04-02 16:40:00,-0.002152554829006448,0.0008378667276415042
2026-04-02 16:45:00,-2.5637026704217192e-05,-0.0007788897344913365
2026-04-02 16:50:00,-0.002939540619831149,-0.00039770525276036785
2026-04-02 16:55:00,-0.001996691372978532,-0.00012355854719845897
2026-04-02 17:00:00,-0.001729880419626184,-0.0007355389458808246
2026-04-02 17:05:00,-0.001744288648382053,0.0001895118859429826
2026-04-02 17:10:00,0.00015192284060638883,-0.001695194239365507
2026-04-02 17:15:00,0.0003851519686079996,8.91295897297886e-05
2026-04-02 17:20:00,0.001453071207539125,0.00033821833114379657
2026-04-02 17:25:00,-0.0016167009766512308,-8.524328344107401e-05
2026-04-02 17:30:00,-0.00322701888192789,6.929607042532014e-05
2026-04-02 17:35:00,-0.0016353899376468917,0.00032827371925405087
2026-04-02 17:40:00,-0.0010613766084812681,0.000244007175198146
2026-04-02 17:45:00,0.0005342699992869626,0.0017720328344854354
2026-04-02 17:50:00,-0.000740340998383715,5.3753836356057406e-05
2026-04-02 17:55:00,-0.0013911432802320434,-0.00018059454478887754
2026-04-02 18:00:00,-0.0032249740851177933,0.0001397470682396683
2026-04-02 18:05:00,-0.0013576422077896666,0.000829103854766759
2026-04-02 18:10:00,-0.0008510968056008039,-0.00025936024967995096
2026-04-02 18:15:00,0.002626314934950358,6.260055212507884e-05
2026-04-02 18:20:00,0.0025290597568154993,0.0001325054546909289
2026-04-02 18:25:00,0.0016177530944609941,-9.880696301376699e-06
2026-04-02 18:30:00,0.0004163099122571623,-0.0005018129220116506
2026-04-02 18:35:00,0.0001264996372860594,0.0009461312311784616
2026-04-02 18:40:00,0.0003519925173538496,0.0005745637793205133
2026-04-02 18:45:00,0.0003732439879193805,0.0004216325533971557
2026-04-02 18:50:00,-0.0003066284298594013,-0.00013144289075418434
2026-04-02 18:55:00,0.0009523340409138825,-0.000538929135674186
2026-04-02 19:00:00,0.0,0.00031890086007234543
2026-04-02 19:05:00,0.00026589300536450367,0.0019745224099978953
2026-04-02 19:10:00,-0.002795228894626689,0.00012357508920238022
2026-04-02 19:15:00,-0.002327539871718187,0.00011665786894443384
2026-04-02 19:20:00,-0.002251602990783752,0.0005042838034820682
2026-04-02 19:25:00,0.0014157659369242737,-0.0006289153169628536
2026-04-02 19:30:00,-0.000898969256867943,0.00040921084419472267
2026-04-02 19:35:00,-0.0006900176647448575,-0.000258493319780188
2026-04-02 19:40:00,-0.0018049693113493248,-0.00036139356320109974
2026-04-02 19:45:00,0.0012063259381154268,-0.00011455045232442904
2026-04-02 19:50:00,0.0011733912349125575,-0.0002049190133950841
2026-04-02 19:55:00,0.0010382553944427997,-0.00030900370356839416
2026-04-02 20:00:00,0.00016546063095468355,-0.00020828813258041756
2026-04-02 20:05:00,-0.0008422953043680792,-0.00248391279139684
2026-04-02 20:10:00,-0.000498571988433838,0.00251856391201965
2026-04-02 20:15:00,0.0010737541190053435,0.0002779777562681795
2026-04-02 20:20:00,0.0007413432404028697,0.0011645279463005482
2026-04-02 20:25:00,0.0022330400297185804,-0.000953835250190129
2026-04-02 20:30:00,0.0020712331237344728,4.8967908846640925e-05
2026-04-02 20:35:00,0.0027649777315641444,0.0002310336462321422
2026-04-02 20:40:00,0.0013888385071680887,-0.0004050020005003052
2026-04-02 20:45:00,0.0007515295907172259,2.888897256076231e-05
2026-04-02 20:50:00,0.0023727646124616086,-0.0006328802852285668
2026-04-02 20:55:00,0.0012329058966766837,-0.00012504088868500274
2026-04-02 21:00:00,-0.0005480683938134945,-0.00027171990984774035
2026-04-02 21:05:00,-0.001355787430346922,-0.00068230587653611
2026-04-02 21:10:00,-0.002057831994729753,0.00022045986358234498
2026-04-02 21:15:00,-0.0012406856432356506,-3.436749218357037e-05
2026-04-02 21:20:00,-0.0018055785057473628,0.0008659352960461606
2026-04-02 21:25:00,0.0004371884566172213,-0.0012502442406827068
2026-04-02 21:30:00,0.001328482425861921,-9.18100312822504e-05
2026-04-02 21:35:00,0.00221849708642452,-9.507018629248011e-05
2026-04-02 21:40:00,0.001177742938519799,0.0001412436333351446
2026-04-02 21:45:00,0.0010829066612618732,-3.0337981337798204e-06
2026-04-02 21:50:00,-0.00016471909548698704,0.0002904744983352473
2026-04-02 21:55:00,0.0001326767973779397,-0.00041867636833943793
2026-04-02 22:00:00,-0.0015412479450596095,0.0003248928626451096
2026-04-02 22:05:00,-0.001631541783160273,0.000631578121308686
2026-04-02 22:10:00,-0.001117603221636898,-0.00021172201151881104
2026-04-02 22:15:00,0.0008993499591198884,0.0008919096780369055
2026-04-02 22:20:00,0.001070865704418722,-0.00012158995446058819
2026-04-02 22:25:00,0.00021633871444137753,0.0006223768973678967
2026-04-02 22:30:00,-0.000220480026580816,-0.0003038653948183812
2026-04-02 22:35:00,0.00014126863538699297,0.0009361290466380736
2026-04-02 22:40:00,0.0016370871215922733,0.0015030244864211201
2026-04-02 22:45:00,-0.0073571611551752625,0.0009275488737466495
2026-04-02 22:50:00,-0.008164170261267145,0.0005715697649315457
2026-04-02 22:55:00,-0.00948729692092698,0.02092297471087968
2026-04-06 00:00:00,0.000478656665700683,0.0018208928917825078
2026-04-06 00:05:00,0.0016407602059125281,0.00021608950538151093
2026-04-06 00:10:00,0.0005783415570128625,0.006770980349123777
2026-04-06 00:15:00,-0.0008647674670392291,0.010188996704655597
2026-04-06 00:20:00,2.8005381343731983e-05,-7.499656721197506e-05
2026-04-06 00:25:00,0.0014745513267406807,-0.0005315712552937989
2026-04-06 00:30:00,0.0016770968175130463,-0.0008651406508760223
2026-04-06 00:35:00,-0.0004503354428688766,-0.0027616762746561605
2026-04-06 00:40:00,0.00106360313088949,-0.001620876742889027
2026-04-06 00:45:00,-0.0010343803045334,-0.00013511438063583165
2026-04-06 00:50:00,-0.0018703065786098705,-0.002490741269947116
2026-04-06 00:55:00,-0.0030819587705384066,7.265384064930765e-05
2026-04-06 01:00:00,-0.0027354836266546556,0.0019422227810400525
2026-04-06 01:05:00,-0.0026593920264073034,0.000677244011639228
2026-04-06 01:10:00,-0.004892408364629119,-0.00042349831423665066
2026-04-06 01:15:00,-0.002140487285547721,-0.0021453803511818506
2026-04-06 01:20:00,-0.0009942221139880303,0.0012125674845886289
2026-04-06 01:25:00,-0.0004122190460176256,-0.0007655358986970802
2026-04-06 01:30:00,-0.0004984450784224492,0.00220574531464027
2026-04-06 01:35:00,0.0006369357971767187,-0.0014329077997988374
2026-04-06 01:40:00,0.0007743976300425004,-0.0007539000414053302
2026-04-06 01:45:00,0.0024313607564270256,-0.0009473214665782863
2026-04-06 01:50:00,0.0012034373002798304,-0.0007498100687512498
2026-04-06 01:55:00,0.00320184547273783,0.0007581588637746127
2026-04-06 02:00:00,-0.0021409321120522407,-0.003906589896848502
2026-04-06 02:05:00,-0.0012814076455978096,0.0038129453461758726
2026-04-06 02:10:00,-0.004996673508962601,0.00031075820781904237
2026-04-06 02:15:00,-0.0011123218423634285,-0.0025501650730388693
2026-04-06 02:20:00,-0.001391493044897274,0.003924064347299032
2026-04-06 02:25:00,0.0033439915270943033,-0.00030640448899712705
2026-04-06 02:30:00,0.0018207005621349026,0.003071283452327653
2026-04-06 02:35:00,0.0024587255398351715,-0.004046240347024753
2026-04-06 02:40:00,0.0008591298214746246,0.0009222766957655171
2026-04-06 02:45:00,0.0029170394915105646,-0.0005627745892739158
2026-04-06 02:50:00,0.003647688283390238,0.0009545707759165175
2026-04-06 02:55:00,0.004146754651543461,-0.0004192888558096058
2026-04-06 03:00:00,-0.0013828571162868286,-0.0010733517686805653
2026-04-06 03:05:00,-0.0012597448525877297,-0.0012898532157329763
2026-04-06 03:10:00,-0.0001680397094716568,0.0016000914450898498
2026-04-06 03:15:00,0.0008623494259669684,-0.0019562837841476752
2026-04-06 03:20:00,0.000388446735888337,-0.0008418085995963156
2026-04-06 03:25:00,-0.0029020581812826407,0.00042336567826723983
2026-04-06 03:30:00,-0.0010829190587475779,-0.0006380450596158706
2026-04-06 03:35:00,-0.0018399825512105394,-0.0019254124896228627
2026-04-06 03:40:00,-0.00038253439223545627,0.001541669670722243
2026-04-06 03:45:00,0.001288130789371067,-9.589794038931948e-05
2026-04-06 03:50:00,0.0013198612929645748,0.0026766753082727796
2026-04-06 03:55:00,0.002243409713083011,-3.889902810242025e-05
2026-04-06 04:00:00,0.0072610832697321825,-0.010165127417859488
2026-04-06 04:05:00,0.007049289040466533,0.00036265288805005605
2026-04-06 04:10:00,0.005340997928685809,-0.00026801999442864906
2026-04-06 04:15:00,-0.0019295640215428733,-0.0005271572564861454
2026-04-06 04:20:00,-0.0029281214838210445,0.00039121829978572124
2026-04-06 04:25:00,-0.0021841455243798436,-0.0003314002502128976
2026-04-06 04:30:00,-0.00037819288717599875,0.0002704540303871142
2026-04-06 04:35:00,-0.00022361071188470305,-0.0004083723762864844
2026-04-06 04:40:00,-0.000679625457916444,0.00017834756621159918
2026-04-06 04:45:00,-0.0039020069880155717,0.018014476527756194
2026-04-06 04:50:00,-0.004379071964029535,1.8603986318458776e-05
2026-04-06 04:55:00,-0.003109363448510649,-0.0016515208606842527
2026-04-06 05:00:00,-0.0017275972776804593,0.002280734390120331
2026-04-06 05:05:00,0.0003476642289594878,0.0002833815766293734
2026-04-06 05:10:00,-0.0006174198953523558,-0.000800270098691413
2026-04-06 05:15:00,0.0010541893116311485,-9.6543422037486e-06
2026-04-06 05:20:00,-0.0005269420852780371,0.001216744073149111
2026-04-06 05:25:00,0.00044475342826189035,-0.0015177724605326707
2026-04-06 05:30:00,0.0007014567925853754,-0.0018016798321554405
2026-04-06 05:35:00,0.0013535088053000521,-0.00012013322917107794
2026-04-06 05:40:00,0.0017339436672028086,-6.041125362285228e-06
2026-04-06 05:45:00,0.002921395901440249,0.0006083255980953463
2026-04-06 05:50:00,0.0023873764862063496,0.004638683553408864
2026-04-06 05:55:00,0.0005923883655842843,0.0020920836353978227
2026-04-06 06:00:00,-0.0009943846074200735,-0.002530142713616378
2026-04-06 06:05:00,-0.0009581442449331234,0.0024477775236230194
2026-04-06 06:10:00,0.0006953392103774547,-0.0013854633851490923
2026-04-06 06:15:00,0.0010331068591682424,-0.0006974238438427389
2026-04-06 06:20:00,0.0013777160941597089,-0.0005111593921668084
2026-04-06 06:25:00,0.0004754799801709453,-0.0011676713456141735
2026-04-06 06:30:00,0.000769831255750475,-0.00044289446818501966
2026-04-06 06:35:00,0.0016464624130367866,0.0011591836615324634
2026-04-06 06:40:00,0.0022409610914913003,0.00035882392405949144
2026-04-06 06:45:00,0.0023767132049190565,-0.00029671195540223444
2026-04-06 06:50:00,0.003149946585265795,0.00063907142860141
2026-04-06 06:55:00,0.0030600395454012386,0.0009289745478456586
2026-04-06 07:00:00,0.003034058916833615,0.0005739207494102741
2026-04-06 07:05:00,0.0005136854474585562,0.001473828080282208
2026-04-06 07:10:00,-0.0012867328079817497,8.789429375153905e-05
2026-04-06 07:15:00,-0.0021166610898291083,-0.0008789965600241328
2026-04-06 07:20:00,-0.0016061439516512621,0.0006978046558847679
2026-04-06 07:25:00,-0.0012733748507720577,-0.0004670811307905824
2026-04-06 07:30:00,-0.0016446261218483471,-0.00023316008395482884
2026-04-06 07:35:00,0.000304294628119095,-0.0013403416221727362
2026-04-06 07:40:00,-0.0019797352075752173,-0.010872331946613101
2026-04-06 07:45:00,-0.001333552568549834,-0.0023692838355964287
2026-04-06 07:50:00,-0.0019666912854816587,0.0007925554838640192
2026-04-06 07:55:00,0.0018102584077936967,-0.0026451918899089164
2026-04-06 08:00:00,0.0011060510705647175,-0.001188189027392918
2026-04-06 08:05:00,-0.0005926956874500178,0.0001165975180013763
2026-04-06 08:10:00,-0.0008606988504098467,-0.0003924403022794929
2026-04-06 08:15:00,-0.00010303657378152309,0.0006439773202066864
2026-04-06 08:20:00,-8.163054877385889e-05,-0.0007949735301597807
2026-04-06 08:25:00,-0.00026844917076296326,0.0012709329108801547
2026-04-06 08:30:00,-0.00037359660160873887,9.926715870309474e-05
2026-04-06 08:35:00,0.0017192774685774737,3.5219804308088816e-05
2026-04-06 08:40:00,0.002192729259164139,0.0003814080558434052
2026-04-06 08:45:00,0.0004959513511124669,-0.00015920602251897836
2026-04-06 08:50:00,-0.0012811284264628853,-0.0010257970849384271
2026-04-06 08:55:00,-0.0028824370631213014,7.894518059639397e-05
2026-04-06 09:00:00,-0.0019401190567673865,0.000821062085881227
2026-04-06 09:05:00,-0.0024875394047150223,0.0011210696229715688
2026-04-06 09:10:00,-0.00037405921320399216,0.0008373872590549031
2026-04-06 09:15:00,0.0007932609782255184,0.005457081878908117
2026-04-06 09:20:00,0.002506865088657051,0.0014970028041341383
2026-04-06 09:25:00,0.002898521637256124,0.0013310445475758963
2026-04-06 09:30:00,0.004006121762554216,-0.00035626702620134124
2026-04-06 09:35:00,0.005159458491434066,1.3066179365256737e-05
2026-04-06 09:40:00,0.004507118575991953,0.0011611731404733592
2026-04-06 09:45:00,0.004448366962675365,0.0006962556985661333
2026-04-06 09:50:00,0.0007388615888963557,0.0003984715554810511
2026-04-06 09:55:00,0.0009535787120960038,0.00037770669224640777
2026-04-06 10:00:00,-0.0013411816134158983,-0.0018444094530929143
2026-04-06 10:05:00,0.001540030422413352,0.006334632785200828
2026-04-06 10:10:00,0.00026436639630667,0.0002751809869984456
2026-04-06 10:15:00,0.001635190857651736,-0.0007968006006802962
2026-04-06 10:20:00,-0.0003005675633485083,0.0012760936638215312
2026-04-06 10:25:00,0.0004305117828522498,0.0001249110667197186
2026-04-06 10:30:00,0.0005132437221675445,-0.00020153048374800452
2026-04-06 10:35:00,0.0008140945353307671,0.00026924580215828596
2026-04-06 10:40:00,0.000813629834810925,0.00022009954186767797
2026-04-06 10:45:00,0.00043424120226376317,-0.0009738112544564294
2026-04-06 10:50:00,0.000998598000407469,0.0002223039252668209
2026-04-06 10:55:00,0.0010129169040027364,-0.0010280684581697747
2026-04-06 11:00:00,0.0003106647399224727,0.0013171681713191647
2026-04-06 11:05:00,0.0006658873407268118,-0.0003784731910074178
2026-04-06 11:10:00,0.0002403107463422316,-0.000388622438116833
2026-04-06 11:15:00,0.0007464773952392534,-1.1729027824238636e-05
2026-04-06 11:20:00,0.00014673342709592418,0.0004915141552669002
2026-04-06 11:25:00,0.00017434863818444057,0.0013671017895799718
2026-04-06 11:30:00,-0.0006677626160733752,0.00041205599050516415
2026-04-06 11:35:00,-0.0017750048290547937,0.0005571708045905273
2026-04-06 11:40:00,-0.0020792793650166175,0.0009288599085560751
2026-04-06 11:45:00,-0.0007150427414988059,-0.00041935878914769174
2026-04-06 11:50:00,-0.0003600674579455898,0.001466518163599191
2026-04-06 11:55:00,-0.001494556660391666,0.00014819810141645284
2026-04-06 12:00:00,-0.001452940542311154,0.0005211938908026185
2026-04-06 12:05:00,-0.0006714778840475333,0.00035270073612196206
2026-04-06 12:10:00,0.0006633386224184079,0.0007128790834651835
2026-04-06 12:15:00,-0.0001172646632809915,0.0002585959884100065
2026-04-06 12:20:00,0.0005883669788886436,-0.0006101024416664051
2026-04-06 12:25:00,0.0011975870694040935,0.0009059740762089049
2026-04-06 12:30:00,0.0006224115236221905,0.0002422049115784894
2026-04-06 12:35:00,-0.0002365842362799242,0.0011104162692304228
2026-04-06 12:40:00,-0.0011933226498026528,-0.0011861568269797812
2026-04-06 12:45:00,5.753218874282595e-05,0.00024332154731111465
2026-04-06 12:50:00,0.00034313542996855517,-9.118733188073121e-05
2026-04-06 12:55:00,-7.889470652600039e-05,0.00017685452844112522
2026-04-06 13:00:00,-0.00028556267762169796,0.0006435903937121389
2026-04-06 13:05:00,-0.0009700345389376253,-0.0014344194672676286
2026-04-06 13:10:00,-0.00019833039990224677,0.00028469484290341324
2026-04-06 13:15:00,-0.0005159243794885526,0.0010442048460828073
2026-04-06 13:20:00,0.00034335057176804185,0.00018682739515355574
2026-04-06 13:25:00,-0.0008940412430558098,1.4817080225203898e-05
2026-04-06 13:30:00,-0.0013849309374833751,0.0005993094728828514
2026-04-06 13:35:00,-0.0013591640567565122,-0.003001766840669322
2026-04-06 13:40:00,-0.0011705026166861643,0.0009784519055537721
2026-04-06 13:45:00,-0.0001751201285831172,-0.0005928046808778105
2026-04-06 13:50:00,-0.0008779303623960288,-0.00014288575627002456
2026-04-06 13:55:00,-0.0013494860207607928,0.0014857641396094838
2026-04-06 14:00:00,-0.001883410833407595,0.0005907398315670837
2026-04-06 14:05:00,-0.0032385520546789337,-0.001280412032686053
2026-04-06 14:10:00,-0.00130630793901787,-0.00834522366109183
2026-04-06 14:15:00,8.772896462971858e-05,-0.0024407680581225995
2026-04-06 14:20:00,0.0026891866434013423,0.00011778654957794624
2026-04-06 14:25:00,0.0022453665323354244,-0.00013778201025349112
2026-04-06 14:30:00,0.0010906199223139623,-0.0005690207115595931
2026-04-06 14:35:00,3.4210548825797105e-05,0.0008547723754839178
2026-04-06 14:40:00,-2.13810444229523e-05,-0.00025661811797773215
2026-04-06 14:45:00,-0.001465126514261783,0.00010403525453516602
2026-04-06 14:50:00,-0.0014763940159721045,-0.0006719657587476328
2026-04-06 14:55:00,-0.0017805060740503365,0.0012918392834977426
2026-04-06 15:00:00,-0.0017416923236357462,-0.0010079300006209386
2026-04-06 15:05:00,0.0005458778332538827,0.0005673444068952386
2026-04-06 15:10:00,0.0003405101045537151,0.0009094608240027939
2026-04-06 15:15:00,0.0016389459999377465,0.0007666211090242362
2026-04-06 15:20:00,0.00020115040982737753,0.00019674468799515247
2026-04-06 15:25:00,-0.0009018552908681698,-0.006608897064354064
2026-04-06 15:30:00,-0.0014760023802136146,0.0037879156950132676
2026-04-06 15:35:00,0.0012359725126174226,0.0001465384359055418
2026-04-06 15:40:00,0.0034445167879297856,-3.937494008399698e-06
2026-04-06 15:45:00,0.0009556870531106654,0.0005059199532456151
2026-04-06 15:50:00,-0.0017389244228258605,0.0005285584660824703
2026-04-06 15:55:00,-0.0021444760187190326,0.00027508994444489627
2026-04-06 16:00:00,0.003331326501461618,0.0009813462587019914
2026-04-06 16:05:00,0.003122768269337328,-0.0005309225350215509
2026-04-06 16:10:00,0.0029621419164787,0.0015946332931594284
2026-04-06 16:15:00,0.0015315049279873705,0.0008069641934828078
2026-04-06 16:20:00,-0.00035645563945507774,0.00010008229770537094
2026-04-06 16:25:00,-0.0003735241836313463,0.0011349910873188493
2026-04-06 16:30:00,-0.0026677837375448377,-0.00015917108704638315
2026-04-06 16:35:00,0.00015796608031592996,9.436718180794832e-05
2026-04-06 16:40:00,-0.00016225967989313972,7.955838183436912e-05
2026-04-06 16:45:00,-0.0015891096952902473,-0.0010955145016772782
2026-04-06 16:50:00,-0.0037616660678949643,6.837556235747463e-05
2026-04-06 16:55:00,-0.004588312581239151,-0.001460591112160646
2026-04-06 17:00:00,-0.0010108149484722162,0.0005518947688279546
2026-04-06 17:05:00,-0.0003857338527133436,7.616540151319638e-05
2026-04-06 17:10:00,0.0011897604840243048,0.0005141495930201576
2026-04-06 17:15:00,7.498958184015692e-05,0.0021472941962306594
2026-04-06 17:20:00,-0.0023261263978344715,0.00023113352331233776
2026-04-06 17:25:00,-0.0014965408692191318,-0.00024781948532327054
2026-04-06 17:30:00,-0.0007437167532255984,-5.488678998155958e-06
2026-04-06 17:35:00,0.0023668497735940264,-0.00023079964995287305
2026-04-06 17:40:00,0.0016593528902486554,-0.0018117842024883651
2026-04-06 17:45:00,0.0005144452036418556,0.0002569507221370125
2026-04-06 17:50:00,-0.0004973673932440192,0.0006800473058444673
2026-04-06 17:55:00,0.00045401979620862676,9.132040661275094e-05
2026-04-06 18:00:00,0.00045420656038075435,0.000807570078029229
2026-04-06 18:05:00,0.0012001201560458696,-0.00033290021475260346
2026-04-06 18:10:00,-0.0010089748194559434,0.0006253474813232157
2026-04-06 18:15:00,-0.00034492104113859057,0.0005125283625376237
2026-04-06 18:20:00,-0.0008506508420040859,-0.0003690736098884985
2026-04-06 18:25:00,-0.00046948810581426415,-0.0011512024449388532
2026-04-06 18:30:00,-0.00042220815488924757,0.00013092404208041373
2026-04-06 18:35:00,-0.0004524038049069645,-2.619628822111696e-05
2026-04-06 18:40:00,-0.0006349097611870747,-0.00010657746276380447
2026-04-06 18:45:00,-0.0013642859565390353,-0.0005439802396744821
2026-04-06 18:50:00,-0.0009569399252775668,0.000304932157123189
2026-04-06 18:55:00,-0.0016255749191191882,-0.00012454736322232618
2026-04-06 19:00:00,0.0002081953867545394,-0.0013750680722435162
2026-04-06 19:05:00,0.00029404536881116883,4.655101052556048e-06
2026-04-06 19:10:00,0.0007282922513880408,0.0005719083227040102
2026-04-06 19:15:00,-9.872642914388052e-05,-0.0005547682116433159
2026-04-06 19:20:00,-3.433660604557076e-05,6.744966345267732e-05
2026-04-06 19:25:00,-4.295237441276356e-05,0.0004331795960067573
2026-04-06 19:30:00,-0.0014025383298719163,8.841492517885758e-05
2026-04-06 19:35:00,-0.0008459111224290439,0.00022568459519045327
2026-04-06 19:40:00,-0.0004747466048655724,9.922051312352216e-06
2026-04-06 19:45:00,8.597343420291281e-06,-0.00013562591506062474
2026-04-06 19:50:00,0.0005647358077691678,-0.0007422586880598213
2026-04-06 19:55:00,0.0011853711148166468,0.0014615148466997525
2026-04-06 20:00:00,0.002273550410789582,-0.0005017149149646635
2026-04-06 20:05:00,0.0008089703879523569,4.417465204199727e-05
2026-04-06 20:10:00,0.00028754130922159504,-0.0007970185193525847
2026-04-06 20:15:00,-0.0008581463279853097,0.00017312193383799392
2026-04-06 20:20:00,-0.0026310124380106714,8.558899219610801e-05
2026-04-06 20:25:00,-0.0022467382357795884,0.00018572850176321742
2026-04-06 20:30:00,-0.0017873067345846039,-2.9697496327827948e-05
2026-04-06 20:35:00,0.00027093802781053,2.8285655961731806e-05
2026-04-06 20:40:00,0.0017316802911064855,0.00020808071183587152
2026-04-06 20:45:00,0.00164134859426035,-8.236726463923932e-05
2026-04-06 20:50:00,8.600005159564716e-06,-0.0012776449267107544
2026-04-06 20:55:00,-0.001632769173417259,0.0012772040582101115
2026-04-06 21:00:00,-0.002247868051586721,2.180753449505602e-06
2026-04-06 21:05:00,-0.0008194826533642896,-0.0007275401028478321
2026-04-06 21:10:00,-0.00013331727811660699,0.0011016657779604013
2026-04-06 21:15:00,0.000866650878906583,-6.971599491085888e-06
2026-04-06 21:20:00,0.0008667813597522667,-0.000854744569318939
2026-04-06 21:25:00,0.00033755927764644866,-0.0003100692513544637
2026-04-06 21:30:00,0.0007112536305697859,3.743946478046219e-05
2026-04-06 21:35:00,0.0007650682272455356,0.0013135781147082417
2026-04-06 21:40:00,0.0008788394728362903,3.62085665377967e-05
2026-04-06 21:45:00,-3.436920691157752e-05,0.00047099383400195746
2026-04-06 21:50:00,-0.0002492276105527935,3.328941783084966e-05
2026-04-06 21:55:00,0.0002834704533238863,-0.0004610603251669588
2026-04-06 22:00:00,0.0003307545959945202,2.8037124627722858e-05
2026-04-06 22:05:00,0.0005714126291582744,0.00014693938890966775
2026-04-06 22:10:00,-0.00017179068206552017,3.216812310118858e-05
2026-04-06 22:15:00,2.576849157698291e-05,-0.00015131304811996622
2026-04-06 22:20:00,-0.000831449014226493,-7.927710400503162e-05
2026-04-06 22:25:00,-0.0007196941932718914,0.005192877409191916
2026-04-06 22:30:00,-0.0014225548212962735,0.0006595311138880803
2026-04-06 22:35:00,-8.812684252568204e-05,-9.752502130231127e-06
2026-04-06 22:40:00,-0.0006944049089447901,0.0014828713911132975
2026-04-06 22:45:00,0.002540697062025643,-2.94925479797961e-05
2026-04-06 22:50:00,0.003257674396962784,0.0008957103996120187
2026-04-06 22:55:00,0.003038488033743292,-0.001069377576578321
2026-04-07 00:00:00,0.0006004048624461689,1.8927420168668633e-06
2026-04-07 00:05:00,-0.001256316585468653,0.0006282646010244337
2026-04-07 00:10:00,-0.0003409672136225339,3.794852079233993e-05
2026-04-07 00:15:00,-0.0010037362131942729,-0.0003800646980294031
2026-04-07 00:20:00,-0.000156614215526929,2.743958546024708e-05
2026-04-07 00:25:00,-0.0005835595149576989,-0.0002433829084645236
2026-04-07 00:30:00,0.00024244738956724632,5.743083814212771e-05
2026-04-07 00:35:00,-0.0006331430181063524,-5.52763022594949e-05
2026-04-07 00:40:00,-0.00023180193915806058,-0.0003557674554109443
2026-04-07 00:45:00,-0.0003475977170790401,1.8042821486777387e-05
2026-04-07 00:50:00,0.0004121250686175415,-0.0005946646346601109
2026-04-07 00:55:00,0.00034553694316130645,-0.00032937801755457267
2026-04-07 01:00:00,-0.0002747305833192826,-0.0014350739524075936
2026-04-07 01:05:00,-0.0012798599914010111,3.81348537260025e-05
2026-04-07 01:10:00,-0.0012517970717613736,0.00017998351141097817
2026-04-07 01:15:00,-0.0009514084460935379,1.9319521623186203e-05
2026-04-07 01:20:00,0.0003458955021873322,0.00022629233731821493
2026-04-07 01:25:00,0.00017186597074569931,0.00019673778263242466
2026-04-07 01:30:00,0.00042105082877341715,1.2194823582978927e-07
2026-04-07 01:35:00,0.0009404025959387496,-6.447013855393399e-05
2026-04-07 01:40:00,0.0007472734530988845,0.00031684415763517373
2026-04-07 01:45:00,-0.00019976221918405201,-0.0005230166319591152
2026-04-07 01:50:00,-0.0012841493095585577,5.052681850945146e-07
2026-04-07 01:55:00,-0.00017388448318023109,-0.0020403486619401637
2026-04-07 02:00:00,0.000710800002009293,5.324249595833501e-05
2026-04-07 02:05:00,0.0011489403632420903,-0.0005123675096192648
2026-04-07 02:10:00,0.0003026683132603125,6.20413439095723e-05
2026-04-07 02:15:00,0.0005365232990541813,0.00023587368593068394
2026-04-07 02:20:00,0.00033906089042901044,6.697304798094137e-05
2026-04-07 02:25:00,0.0003326148168714127,-0.0006280065533475118
2026-04-07 02:30:00,-0.00037982873828745767,5.791423481134818e-05
2026-04-07 02:35:00,-0.0006825308852622669,0.0001705381407772557
2026-04-07 02:40:00,-0.0018361257975794132,5.138134179628885e-05
2026-04-07 02:45:00,0.0005042610161805072,-0.00031566787891153947
2026-04-07 02:50:00,-0.002558266418619226,0.000563541921327452
2026-04-07 02:55:00,-0.0024448048263980837,4.597652144117934e-05
2026-04-07 03:00:00,-0.0022400033419938126,0.00031931987803676557
2026-04-07 03:05:00,0.0009101168826628481,4.752014211444829e-05
2026-04-07 03:10:00,0.0028810557829146433,0.000171216713196366
2026-04-07 03:15:00,0.0015447004709656653,0.00011958916325627201
2026-04-07 03:20:00,-0.0022585255987443986,7.589074261069567e-05
2026-04-07 03:25:00,-0.0026203650371439124,-0.000581908354847821
2026-04-07 03:30:00,-0.005033880026850568,0.00045723566596888687
2026-04-07 03:35:00,-0.002730381542804139,6.464592443440861e-05
2026-04-07 03:40:00,-0.003245158848427465,-0.0015350460405955185
2026-04-07 03:45:00,-0.001476872322522027,4.667200175538533e-05
2026-04-07 03:50:00,0.0011340673944157942,0.0002520370270523075
2026-04-07 03:55:00,-3.890218047253313e-05,2.560303558715199e-05
2026-04-07 04:00:00,0.0006674536675319587,2.933111381840184e-05
2026-04-07 04:05:00,-0.00040595633503848205,0.00011483072671456485
2026-04-07 04:10:00,0.001658482609768086,4.716025870775385e-05
2026-04-07 04:15:00,0.001547037688810704,-0.00038794014108228813
2026-04-07 04:20:00,0.002674548107680863,7.974706576607254e-05
2026-04-07 04:25:00,0.0024890349904200804,-0.0003688232277694897
2026-04-07 04:30:00,0.002816060283437949,0.00011049549290259204
2026-04-07 04:35:00,0.0017518302923971163,0.0009288861654416478
2026-04-07 04:40:00,0.0009530274399391914,0.00010599756679745106
2026-04-07 04:45:00,-0.0009076791998943179,0.0006793654249212738
2026-04-07 04:50:00,-0.0009637725554547671,9.6656705975166e-05
2026-04-07 04:55:00,-0.0011252285799052686,0.000402364562579176
2026-04-07 05:00:00,-0.0011497619924618618,0.0003178994538595661
2026-04-07 05:05:00,-0.0008074440314782549,6.669312367481005e-05
2026-04-07 05:10:00,-0.0005792439198692989,0.00025463485728375077
2026-04-07 05:15:00,0.0009108753322841778,6.927699836163087e-05
2026-04-07 05:20:00,0.0006933648281020055,0.0009517138063819769
2026-04-07 05:25:00,0.0011904237957836017,7.01137342113127e-05
2026-04-07 05:30:00,0.0003873550157109662,0.00026296033545343496
2026-04-07 05:35:00,0.0005143296880536496,7.843605116622594e-05
2026-04-07 05:40:00,0.00034416225869193795,-0.0009498005407224197
2026-04-07 05:45:00,0.0003721498580713245,9.499784957920854e-05
2026-04-07 05:50:00,0.0001333812360382325,-8.15587180652494e-05
2026-04-07 05:55:00,-0.0007121166623189623,8.277393869864011e-05
2026-04-07 06:00:00,-4.086518039869702e-05,0.00033056204063143085
2026-04-07 06:05:00,0.000217244246838888,0.00010044105597108364
2026-04-07 06:10:00,0.0008648007302483052,2.9175166745055552e-05
2026-04-07 06:15:00,0.0021292169370372704,0.001955949697574389
2026-04-07 06:20:00,0.0019359051887875012,2.3378147052877134e-05
2026-04-07 06:25:00,0.002544883100906503,0.0008412219354175227
2026-04-07 06:30:00,0.00043345221760660024,5.610717982859712e-05
2026-04-07 06:35:00,0.0007231224612880283,-0.0008073797626734406
2026-04-07 06:40:00,-0.00040331318029274144,6.0023808436349377e-05
2026-04-07 06:45:00,-0.000980900424968567,0.00087336389408334
2026-04-07 06:50:00,-0.0014166953448402353,8.456005215220629e-05
2026-04-07 06:55:00,-0.0009918122638481464,0.00024336620226961378
2026-04-07 07:00:00,-0.00042528422729226634,9.273433618023005e-05
2026-04-07 07:05:00,-0.0018942066822251746,0.0013163777120604422
2026-04-07 07:10:00,-0.004971712020553909,0.0006307763467613549
2026-04-07 07:15:00,-0.00492324325510296,6.248973266769997e-05
2026-04-07 07:20:00,-0.001505451892889198,-0.0008385257142817277
2026-04-07 07:25:00,-0.0002547413202034221,4.4129704158276214e-05
2026-04-07 07:30:00,0.0009451776148470259,-0.0004490314680550288
2026-04-07 07:35:00,-0.00011855096250279473,3.423602179666344e-05
2026-04-07 07:40:00,0.002484194734108769,0.0007308062184639567
2026-04-07 07:45:00,0.001988858312202524,2.7810688895480127e-05
2026-04-07 07:50:00,0.0009996984501299266,-0.0020495001314418167
2026-04-07 07:55:00,0.0008783411972785871,3.0101677041767903e-05
2026-04-07 08:00:00,-0.0006115352092468385,-0.0004888487057729438
2026-04-07 08:05:00,-0.00029721970570051326,3.054906547511216e-05
2026-04-07 08:10:00,-0.001154058278837411,0.0004435814761562229
2026-04-07 08:15:00,0.00023690660390940366,0.0012816511552246983
2026-04-07 08:20:00,0.0007622558835596038,1.7444019190296194e-05
2026-04-07 08:25:00,0.0023089356127794503,0.0008559974692477808
2026-04-07 08:30:00,0.0015643276313674903,1.858110333221661e-05
2026-04-07 08:35:00,0.0016817967786071364,0.0005144335195010508
2026-04-07 08:40:00,0.0004534138811589372,1.9051195526230197e-05
2026-04-07 08:45:00,0.0001375953494946458,0.00013051171562250276
2026-04-07 08:50:00,0.0002234531251925631,1.023319555936631e-05
2026-04-07 08:55:00,-0.0006232283860896359,-0.00015707309451709053
2026-04-07 09:00:00,9.028666020682863e-05,-6.117926053691164e-06
2026-04-07 09:05:00,-0.0014253698861121933,0.0005536461093323767
2026-04-07 09:10:00,-0.0024041396337644017,-2.6254287171525068e-05
2026-04-07 09:15:00,-0.0019020411789814062,-0.003034756156925123
2026-04-07 09:20:00,-0.0004884898337387256,-0.0002818830979800012
2026-04-07 09:25:00,0.000525659294407177,-1.7276929888674744e-05
2026-04-07 09:30:00,6.46101263335197e-06,0.00035446521322256215
2026-04-07 09:35:00,-0.0013397291960419722,-8.643370557411509e-06
2026-04-07 09:40:00,0.00077075443016561,-0.000570514138551803
2026-04-07 09:45:00,0.0015064295096092195,-3.7775405366444916e-06
2026-04-07 09:50:00,0.002559431735567941,0.004272337993630969
2026-04-07 09:55:00,0.00361117858724036,8.440492145437003e-06
2026-04-07 10:00:00,0.0023304901890046636,-0.0010884929657031326
2026-04-07 10:05:00,0.006808956331497029,2.2914491755463283e-05
2026-04-07 10:10:00,0.002978362519028721,0.0006917564850159702
2026-04-07 10:15:00,0.005099502492807773,6.47745200922362e-05
2026-04-07 10:20:00,-0.0004207329571777052,0.0016904725499496019
2026-04-07 10:25:00,0.0012435314472369896,0.0003062152891336982
2026-04-07 10:30:00,-0.0006127902538182184,7.826319625850697e-05
2026-04-07 10:35:00,0.0007281618506560505,0.0017037914646395392
2026-04-07 10:40:00,2.5623560009790936e-05,7.052427679199458e-05
2026-04-07 10:45:00,0.0002114230379959281,-0.0018537255325587793
2026-04-07 10:50:00,0.0002923967268131378,6.749107905034079e-05
2026-04-07 10:55:00,0.00048245446437711337,0.0010673816368000563
2026-04-07 11:00:00,0.0015405430366026707,7.429387023605531e-05
2026-04-07 11:05:00,0.0017121119549408093,0.0002696059229861813
2026-04-07 11:10:00,0.0002902144406320417,0.00010597199685696615
2026-04-07 11:15:00,-0.0015704385304999846,-0.000503561678852672
2026-04-07 11:20:00,-0.003775655272855616,0.00010100522144834809
2026-04-07 11:25:00,-0.00409639487668656,-0.0004819735803139113
2026-04-07 11:30:00,-0.0034075300167053513,-0.0006440721884237929
2026-04-07 11:35:00,-0.0012324653431452504,3.7978105961787645e-05
2026-04-07 11:40:00,0.0009721669809223954,-0.0013571495396180213
2026-04-07 11:45:00,0.0016506688312958318,-1.2421375311119634e-05
2026-04-07 11:50:00,0.0007148437386383932,0.000998285235505257
2026-04-07 11:55:00,0.0008814135705019766,-2.2529780963337782e-05
2026-04-07 12:00:00,0.0005154093608510379,-0.00085657709616684
2026-04-07 12:05:00,-0.00036163850453263535,-1.5919978943585284e-05
2026-04-07 12:10:00,-0.0016993412188028856,0.0004026887665254113
2026-04-07 12:15:00,-0.0020310963662790726,-2.3871152434177506e-05
2026-04-07 12:20:00,-0.001805868598131255,3.953308812929851e-05
2026-04-07 12:25:00,-0.001273186524459291,-4.3140299575644656e-05
2026-04-07 12:30:00,-0.0036423188390575234,-0.0004415570731279069
2026-04-07 12:35:00,-0.0017038886680644794,0.0006957234318331613
2026-04-07 12:40:00,-0.00232764482693959,-6.103226259570175e-05
2026-04-07 12:45:00,0.0008360943919587527,-0.0035770092891613306
2026-04-07 12:50:00,-0.0010314684726466794,-8.340894862527557e-05
2026-04-07 12:55:00,-0.0036915193070843344,-0.001414711784990274
2026-04-07 13:00:00,-0.003046834490779915,-0.00010211999578829239
2026-04-07 13:05:00,-0.0013618777512363067,-5.7680487303863335e-06
2026-04-07 13:10:00,0.002773143885107743,-0.00012318553750623854
2026-04-07 13:15:00,0.0019849392305726354,0.0025236435144901617
2026-04-07 13:20:00,0.001983035165830316,-0.00012028037148126092
2026-04-07 13:25:00,0.0034626192381814747,-0.00014363106475291643
2026-04-07 13:30:00,0.002311508944409013,-0.00010368338468506347
2026-04-07 13:35:00,0.0009964844683629792,4.883772615315976e-05
2026-04-07 13:40:00,-0.0006885612238853867,0.00025127925853013277
2026-04-07 13:45:00,-0.0004850597405390289,-7.660344748574763e-05
2026-04-07 13:50:00,-0.0004251025248134255,-0.0007506884891973878
2026-04-07 13:55:00,-0.0011379154618840204,-7.352100560945324e-05
2026-04-07 14:00:00,-8.372880887819178e-05,4.138187272090745e-06
2026-04-07 14:05:00,0.002359397174915401,-7.756221332873358e-05
2026-04-07 14:10:00,0.0023838425036633026,0.0004284573330673567
2026-04-07 14:15:00,0.0007018169189851875,-6.702171824832993e-05
2026-04-07 14:20:00,-0.0009452353664496371,-0.0004400045042158005
2026-04-07 14:25:00,-0.0020165622313985665,-7.809709363979234e-05
2026-04-07 14:30:00,-0.0025456266049435072,-0.002762578735868891
2026-04-07 14:35:00,-0.0019060462620537066,-7.931093619374038e-05
2026-04-07 14:40:00,-0.0009861626506477705,0.0007353768152348307
2026-04-07 14:45:00,0.001328401105881838,-0.0017052757876874058
2026-04-07 14:50:00,0.00022986258829860162,-8.461453812516712e-05
2026-04-07 14:55:00,0.001007636854760463,-0.0019696204828577196
2026-04-07 15:00:00,-0.0009585070376036953,-7.569118990809767e-05
2026-04-07 15:05:00,0.0007515181018646899,-0.00010866294951084743
2026-04-07 15:10:00,0.0007448693978773235,-7.617691033231879e-05
2026-04-07 15:15:00,-0.0009249918378291255,1.693408292149584e-05
2026-04-07 15:20:00,-0.0025962038674851584,-0.001554345320451518
2026-04-07 15:25:00,-0.004561626865354995,-7.798949942607165e-05
2026-04-07 15:30:00,0.00024316214192943164,0.001203103557970653
2026-04-07 15:35:00,0.001217272513924783,-9.639459788862159e-05
2026-04-07 15:40:00,0.0009027925774027779,0.0015433903551988206
2026-04-07 15:45:00,-0.005034523144688663,-9.73910573473758e-05
2026-04-07 15:50:00,-0.008530511645060912,-0.0019377498682140602
2026-04-07 15:55:00,-0.004502664736151019,-0.00014450273823975293
2026-04-07 16:00:00,-0.0017466421628125062,0.00020352663793289928
2026-04-07 16:05:00,0.006296994197565908,-0.00016166812619072276
2026-04-07 16:10:00,0.004941915691157206,0.0020654076911399014
2026-04-07 16:15:00,0.008039069031944734,-0.00012773083545040265
2026-04-07 16:20:00,0.002697669250656176,-0.00042624483356090676
2026-04-07 16:25:00,0.00033576765194176517,-0.00010464481604898529
2026-04-07 16:30:00,-0.00096747777510231,-0.0025257090998007142
2026-04-07 16:35:00,-0.003395859372044896,-0.00011009191272586306
2026-04-07 16:40:00,-0.0029957564593061647,0.0023230786125215067
2026-04-07 16:45:00,-0.004702350025542756,-0.00012553275694325743
2026-04-07 16:50:00,-0.0009230484544087147,-0.0009714045460598908
2026-04-07 16:55:00,0.002072123999335318,0.0025342062967421224
2026-04-07 17:00:00,0.0049496833966991005,-0.00014436778100678318
2026-04-07 17:05:00,0.002458854241025321,-0.0006062529584544829
2026-04-07 17:10:00,0.002293514836370747,-0.00011500049815435338
2026-04-07 17:15:00,-0.0008777724078221638,0.00033813836083468026
2026-04-07 17:20:00,-0.0003444356456050457,-0.00011833758457128682
2026-04-07 17:25:00,-0.0015377521098827174,0.000591054179079366
2026-04-07 17:30:00,0.0012927248931173807,-0.00012703723006754857
2026-04-07 17:35:00,0.0018843334907963083,0.0022925874484991038
2026-04-07 17:40:00,0.002261719655342276,-0.0001252591746994402
2026-04-07 17:45:00,0.0020721835659891497,0.00024080486936389024
2026-04-07 17:50:00,6.017131635083217e-05,-0.00011890129954904177
2026-04-07 17:55:00,0.0005453148147314124,4.249131531812911e-05
2026-04-07 18:00:00,-0.0008627091316970592,-0.002887127267557126
2026-04-07 18:05:00,0.0009643958292571142,-0.00011578581415822051
2026-04-07 18:10:00,0.0008838945136826482,3.417087544735157e-05
2026-04-07 18:15:00,0.0004293015544405421,-0.0001108167101707516
2026-04-07 18:20:00,1.5027763792474502e-05,-0.0019292871590424635
2026-04-07 18:25:00,-0.00041396011345540273,-0.00010953291361476944
2026-04-07 18:30:00,-0.00027473176265147004,0.00026435949952456666
2026-04-07 18:35:00,0.00045287377078828683,-9.880912511950189e-05
2026-04-07 18:40:00,-0.00095726855256828,-0.00013152108185416687
2026-04-07 18:45:00,0.0015915373059343096,-9.595278679023269e-05
2026-04-07 18:50:00,0.0014773886149370696,-0.0025612554176930066
2026-04-07 18:55:00,0.0024085931675923433,-6.916992665035347e-05
2026-04-07 19:00:00,-0.0019586795798343104,0.0005597160306153358
2026-04-07 19:05:00,-0.0018272209458007893,-4.159512449900657e-05
2026-04-07 19:10:00,-0.0013955479789835579,0.0044846930324349615
2026-04-07 19:15:00,0.0033700670750178574,0.0011590032712870755
2026-04-07 19:20:00,0.004416493394931109,-4.77602320088434e-05
2026-04-07 19:25:00,0.002320552059714487,-0.000677990637450145
2026-04-07 19:30:00,0.001208482624614149,-7.123871571517238e-06
2026-04-07 19:35:00,-0.00045531160238709845,0.0010450524906787414
2026-04-07 19:40:00,0.0007509362987700996,-1.8026059056502137e-05
2026-04-07 19:45:00,5.771395044007477e-05,-0.00023519655498758368
2026-04-07 19:50:00,0.0004061564827111397,-1.532515075516857e-05
2026-04-07 19:55:00,0.0017243759821745641,-0.003789482136881762
2026-04-07 20:00:00,0.0013948091020719033,-1.3730423619479494e-06
2026-04-07 20:05:00,-0.00010259238132270809,-0.0023293383592619186
2026-04-07 20:10:00,-0.000493290933128776,0.0001890111733820562
2026-04-07 20:15:00,-0.0003992335622697851,1.502562370569223e-05
2026-04-07 20:20:00,0.00034620711224242484,-0.0011146009844694054
2026-04-07 20:25:00,-0.00041874079275316944,1.947782768292599e-05
2026-04-07 20:30:00,-0.0019429331140798922,0.0005115585094007105
2026-04-07 20:35:00,-0.003268092168001502,0.0005843176951185359
2026-04-07 20:40:00,-0.003557816062260244,1.9673522711792205e-06
2026-04-07 20:45:00,-0.0018030987338129023,-8.611946477275916e-05
2026-04-07 20:50:00,-0.0005532290058827272,-1.5171502787552719e-05
2026-04-07 20:55:00,0.0010652470097483047,-0.0009818421068412632
2026-04-07 21:00:00,0.005292974385024962,-0.0013013474993966564
2026-04-07 21:05:00,0.00570412672528775,1.1535104273294857e-05
2026-04-07 21:10:00,0.004047008913182992,0.0012323996783290135
2026-04-07 21:15:00,-0.0009513530834475148,-0.0032427588659861162
2026-04-07 21:20:00,-0.0006677554385916551,2.5838830766539863e-05
2026-04-07 21:25:00,-0.00017496730076338451,0.0016521832952781652
2026-04-07 21:30:00,0.00462454168985893,0.0011954336600764326
2026-04-07 21:35:00,0.0031067109007008042,3.5302181652805484e-05
2026-04-07 21:40:00,0.0035700934275624263,-0.0020557349783569185
2026-04-07 21:45:00,-0.0003633122645094744,6.992529728549176e-05
2026-04-07 21:50:00,0.0015263770648097363,-0.0007911563243395423
2026-04-07 21:55:00,0.0013132089867955443,6.571473446196849e-05
2026-04-07 22:00:00,0.00030595594473048493,-0.0009228951450221373
2026-04-07 22:05:00,-0.0002081983415376243,0.000952522515639905
2026-04-07 22:10:00,0.0006559583648595435,5.6340453197409646e-05
2026-04-07 22:15:00,0.0007390073005382192,-0.004219256594317538
2026-04-07 22:20:00,0.0003144052879964221,0.00010842162289742598
2026-04-07 22:25:00,-0.0008938230209913911,8.967449314434103e-05
2026-04-07 22:30:00,0.00018891133004039773,0.0019537432711873018
2026-04-07 22:35:00,0.0003015662353629267,9.604271442989808e-05
2026-04-07 22:40:00,-0.000316532674020209,0.001487961134846965
2026-04-07 22:45:00,0.0067497435062744415,8.612595823563311e-05
2026-04-07 22:50:00,0.007505535318566459,0.0020863877599360484
2026-04-07 22:55:00,0.005449893451846322,0.00012858829082863712
2026-04-08 00:00:00,-0.0027274087541027114,0.003691452510704027
2026-04-08 00:05:00,-0.003485563577735107,0.00014318495512535799
2026-04-08 00:10:00,0.0007097727124207864,0.0001272493871402803
2026-04-08 00:15:00,0.006359422409660809,0.0037765076861094554
2026-04-08 00:20:00,0.010087620261517216,0.00013231040572547282
2026-04-08 00:25:00,0.007317547137891012,0.0008825192502155746
2026-04-08 00:30:00,0.0026954787891639853,-0.0015777619203467665
2026-04-08 00:35:00,0.0036968078020596096,0.0001815601654450828
2026-04-08 00:40:00,0.010248393117599619,1.3891977950615379e-05
2026-04-08 00:45:00,0.007492281928643152,0.00019742374023408712
2026-04-08 00:50:00,0.004032276118971723,0.0015040605349311527
2026-04-08 00:55:00,-0.0002199635616406681,0.00023107490937936592
2026-04-08 01:00:00,0.003024797530525092,-0.0012425002454087954
2026-04-08 01:05:00,0.0011917863670038997,0.0002388542301594183
2026-04-08 01:10:00,-0.0007868694939752174,0.0018916648514822041
2026-04-08 01:15:00,-0.003397041448167215,0.00023352599587904757
2026-04-08 01:20:00,-0.001802764033371318,0.00026725823503869715
2026-04-08 01:25:00,-0.00027835537852105574,0.00021844537011942138
2026-04-08 01:30:00,0.000906452506576727,0.0003547875944535947
2026-04-08 01:35:00,0.001732209976484711,-0.000660488056277887
2026-04-08 01:40:00,0.0045002589333567045,0.0002265585164575637
2026-04-08 01:45:00,0.00673311169020252,-0.00043031744391000613
2026-04-08 01:50:00,0.00434017134996445,0.00026912301112300623
2026-04-08 01:55:00,-7.445939380978928e-05,-0.0016273677421427227
2026-04-08 02:00:00,-0.0022607145548150243,0.0010226479356716962
2026-04-08 02:05:00,-0.002339613014333608,0.0002641486487107503
2026-04-08 02:10:00,-0.0023980727517525224,0.0007345567605240974
2026-04-08 02:15:00,-0.0036249007301414338,0.00030015716839024956
2026-04-08 02:20:00,-0.0015254521280105848,0.00022453736406848849
2026-04-08 02:25:00,-0.0019674791283463833,0.0019316212927072448
2026-04-08 02:30:00,-0.00011835707929463979,0.00021269578137204844
2026-04-08 02:35:00,0.00021154671839340722,-0.0002138336108577237
2026-04-08 02:40:00,0.0016502047818782728,0.0007029325971596953
2026-04-08 02:45:00,-0.0016709518127306922,0.0002219024139438536
2026-04-08 02:50:00,-0.0006160988691270575,-0.0010068219865471575
2026-04-08 02:55:00,-0.0002509876168410585,0.00021720737433303033
2026-04-08 03:00:00,-0.0008240335240294883,0.00020313218497157237
2026-04-08 03:05:00,-0.003629609592524119,0.00020413026021042584
2026-04-08 03:10:00,-0.005629516283987002,0.0020108539522156197
2026-04-08 03:15:00,-0.0008101289464370609,-0.002002961715954267
2026-04-08 03:20:00,-0.0006958275628452526,0.00020400044460417766
2026-04-08 03:25:00,0.0015322191089506276,-0.003912532135718931
2026-04-08 03:30:00,0.001939880968505392,0.00022048893990340106
2026-04-08 03:35:00,0.002466544208420629,0.0013191478644867163
2026-04-08 03:40:00,0.0021453274545102374,0.00022078724861585903
2026-04-08 03:45:00,0.001687048771879418,-0.007442774200020316
2026-04-08 03:50:00,0.0013213115314130164,0.00022318128126059663
2026-04-08 03:55:00,0.0005236679316968917,-0.0003622475168808788
2026-04-08 04:00:00,-0.0009657572338674925,0.00023866595207563398
2026-04-08 04:05:00,-0.001348337687536727,0.00028201375058984626
2026-04-08 04:10:00,-0.0003968818850577094,0.00022298608148248284
2026-04-08 04:15:00,0.000492341196155266,-0.0008985517293198244
2026-04-08 04:20:00,0.0008208534634910336,0.00022638649469419674
2026-04-08 04:25:00,-0.0010563483770891224,-0.00011420924909327128
2026-04-08 04:30:00,-0.0017939536325428662,0.00022409604699432387
2026-04-08 04:35:00,-0.0020544391830199515,0.00030458304845443023
2026-04-08 04:40:00,-0.0005827166413947538,0.00021249123343419633
2026-04-08 04:45:00,-0.0005390224261851984,0.0006727782053311297
2026-04-08 04:50:00,-0.0003206069074526141,0.0015550457337914212
2026-04-08 04:55:00,-0.0010539142639487409,0.0002207874652118312
2026-04-08 05:00:00,-0.0011706164152425202,-0.003378030669615685
2026-04-08 05:05:00,-0.0004456894201716466,0.0002366466300517581
2026-04-08 05:10:00,0.0008061568317803136,-0.002420275821311082
2026-04-08 05:15:00,0.0004438290643360432,0.0002316691924481451
2026-04-08 05:20:00,-0.000591782574687727,0.0014508552622893253
2026-04-08 05:25:00,-0.0003977894621574052,0.00024084397824639212
2026-04-08 05:30:00,-0.0002521040807330621,-0.0006699816820010846
2026-04-08 05:35:00,0.0005959488160502957,0.00025067375940604773
2026-04-08 05:40:00,-0.0005750958651589144,0.000593307632362656
2026-04-08 05:45:00,-0.00024174624264894362,0.00026869694890064596
2026-04-08 05:50:00,-0.0012068523154269428,0.0007596396294837051
2026-04-08 05:55:00,-3.54333868006762e-05,0.0006259298983813204
2026-04-08 06:00:00,-0.0006108780258244906,0.00027413783448387337
2026-04-08 06:05:00,-0.0006780601897364846,-0.00225965965734432
2026-04-08 06:10:00,0.0009500139258200591,0.0002677323908384355
2026-04-08 06:15:00,0.0013401070131138226,-0.00161127724851238
2026-04-08 06:20:00,0.0026969980478206423,0.00026242454041194494
2026-04-08 06:25:00,0.00018947813406100522,-0.002746462244726331
2026-04-08 06:30:00,-0.0005499977222083174,0.0002566614241859865
2026-04-08 06:35:00,-0.0007954207507783195,-0.0010929598279662536
2026-04-08 06:40:00,0.00013740124307304313,0.0002351092554285969
2026-04-08 06:45:00,0.0015700257469237755,7.193534060997167e-05
2026-04-08 06:50:00,0.0015881295363229242,0.00024162619818664238
2026-04-08 06:55:00,0.00121081257810296,0.0007555367019449402
2026-04-08 07:00:00,0.0007632992784412096,6.775951117087405e-05
2026-04-08 07:05:00,0.0006507581145616115,0.00027138390532378484
2026-04-08 07:10:00,0.0014647451002147704,-0.0001064391750199612
2026-04-08 07:15:00,0.0025663986312540743,0.0002894033837071314
2026-04-08 07:20:00,0.0018148938368405254,-0.0022481970414878665
2026-04-08 07:25:00,0.0012055056335302794,0.00030282879756249597
2026-04-08 07:30:00,0.0018977185429456256,0.0006032695228080601
2026-04-08 07:35:00,0.0033883874631150945,0.0003034875642481281
2026-04-08 07:40:00,0.0010404210705630135,0.002458248198563884
2026-04-08 07:45:00,-0.0001117743979843766,0.00029938905692893775
2026-04-08 07:50:00,-0.002426210879262314,-0.0003530700970818883
2026-04-08 07:55:00,-0.00028176017423398036,0.00029482679733633355
2026-04-08 08:00:00,-0.00021323396297390218,0.0024270682986104624
2026-04-08 08:05:00,0.0018615867374389694,-0.0026685186469411256
2026-04-08 08:10:00,0.0020616430063142843,0.0003045517161837932
2026-04-08 08:15:00,0.0006126664843684182,0.001474060088775713
2026-04-08 08:20:00,-0.0004076375186432557,0.0007428559501485193
2026-04-08 08:25:00,-1.6542460359758593e-05,0.000893615487939068
2026-04-08 08:30:00,-3.3107512511065806e-05,0.00028850695517491546
2026-04-08 08:35:00,-0.0017897763829068936,-0.0021812914943538254
2026-04-08 08:40:00,-0.003179159010340271,0.0002915061601230423
2026-04-08 08:45:00,-0.004032819509413699,0.00020866847908240573
2026-04-08 08:50:00,-0.0016351400982159703,0.00027703959626102957
2026-04-08 08:55:00,-0.001768960200845271,-0.0018635457277903092
2026-04-08 09:00:00,-0.00014544366576885182,0.00028289220573360997
2026-04-08 09:05:00,0.00010383202479680165,0.001041311432965565
2026-04-08 09:10:00,0.0012958830534746113,0.0010317030701420145
2026-04-08 09:15:00,-0.0004863510053603193,0.00031418362550823765
2026-04-08 09:20:00,-0.0010512779395828176,0.0001002060809801606
2026-04-08 09:25:00,-0.0019486137358661892,0.0003433672918872813
2026-04-08 09:30:00,0.0010555384537322965,0.003343315192677513
2026-04-08 09:35:00,0.001773650341498012,0.00032737511561987503
2026-04-08 09:40:00,0.0008916815438038128,-0.0008271246567475727
2026-04-08 09:45:00,0.0003841222594171967,-0.0009640523321291784
2026-04-08 09:50:00,-0.0007431379444060582,0.0003356838115546309
2026-04-08 09:55:00,0.0004071238418941192,0.0003363026511284676
2026-04-08 10:00:00,0.00044207702199727805,0.0003273973387785852
2026-04-08 10:05:00,-0.001550326689550019,-0.00045320742234767063
2026-04-08 10:10:00,-0.0015026111470355374,0.00032711480051962085
2026-04-08 10:15:00,-0.0034359044935872163,0.0033216396807495543
2026-04-08 10:20:00,-0.0010987365636143664,0.0003137961610143496
2026-04-08 10:25:00,-0.0030996344004119436,-0.0009874490053432424
2026-04-08 10:30:00,-0.0014877699326767413,0.0002932750254078872
2026-04-08 10:35:00,-0.0012416926947977913,0.0005679302552740716
2026-04-08 10:40:00,0.00018775111767155295,0.00027456084680027896
2026-04-08 10:45:00,0.0002210133680389248,0.0021153497167466454
2026-04-08 10:50:00,8.755234906487885e-05,0.000255082265103611
2026-04-08 10:55:00,0.001361183960595369,-0.00023029334823248426
2026-04-08 11:00:00,0.00015634788060481242,0.0002533364922184355
2026-04-08 11:05:00,0.001047948419342859,-0.002314730946410948
2026-04-08 11:10:00,-5.6245019987244405e-05,0.00027967235456003375
2026-04-08 11:15:00,0.00013548172632837918,-0.0004143299742294154
2026-04-08 11:20:00,-0.0016380327267739858,-0.003416132002321156
2026-04-08 11:25:00,-0.003629275656207298,0.0002994018550802686
2026-04-08 11:30:00,-0.0025167010710482884,0.0010954028294349054
2026-04-08 11:35:00,-0.0021171585378656488,0.00026225437770019394
2026-04-08 11:40:00,6.272148526598187e-05,0.001044912490278016
2026-04-08 11:45:00,0.0006516944285195336,0.0002496848945695281
2026-04-08 11:50:00,0.0007500786471670295,0.0034264228336786644
2026-04-08 11:55:00,-0.00011499239494838775,0.00024550965725725837
2026-04-08 12:00:00,-0.0025590861474693583,-0.001222596434044126
2026-04-08 12:05:00,-0.001931705225478808,0.0002162470726442093
2026-04-08 12:10:00,-9.200343764703689e-05,-0.0025404123569692898
2026-04-08 12:15:00,0.0013660789910492355,0.00016716688813732066
2026-04-08 12:20:00,0.0018878442480616542,0.0016190232453755814
2026-04-08 12:25:00,0.0019845587007107923,0.002594352995752337
2026-04-08 12:30:00,0.0020696179848496143,0.00015280332263858706
2026-04-08 12:35:00,0.000768333026632817,-0.0003981602697095877
2026-04-08 12:40:00,-0.0018444659256111606,0.0001689715122506074
2026-04-08 12:45:00,-0.0022766064600947544,-0.0013909307620842705
2026-04-08 12:50:00,-0.0002463033634949596,0.0001530165245473467
2026-04-08 12:55:00,0.0009550350609348612,0.0005094371772150792
2026-04-08 13:00:00,0.0005184358405454503,0.00015262074748076604
2026-04-08 13:05:00,-0.000900149285053331,-0.0008820513163893147
2026-04-08 13:10:00,0.0005450268524089807,0.00014458083335800893
2026-04-08 13:15:00,0.0006288697370955276,0.00026338698014370714
2026-04-08 13:20:00,-0.0006291234177666638,0.00014491853289957084
2026-04-08 13:25:00,8.350591222949788e-06,-0.0015079784346964705
2026-04-08 13:30:00,0.001754981330330807,9.619104124363159e-05
2026-04-08 13:35:00,0.0028998689388970433,0.0001919254322533963
2026-04-08 13:40:00,0.0018208501703558255,-0.0005082363272561558
2026-04-08 13:45:00,0.0015895522081414981,0.00023381834326570455
2026-04-08 13:50:00,0.0008085422507839723,-0.00044169480528545444
2026-04-08 13:55:00,0.001266173555778849,-0.0009165893278999507
2026-04-08 14:00:00,-0.002192284124358679,0.0005402468344968669
2026-04-08 14:05:00,-0.00594175337021241,0.00023469065449366143
2026-04-08 14:10:00,-0.004271416205519074,0.0009710212769452706
2026-04-08 14:15:00,6.258422796001639e-05,0.00019348893810143813
2026-04-08 14:20:00,0.005101939913638276,-0.003211463796997357
2026-04-08 14:25:00,0.0022818881713941863,0.00020295265977251402
2026-04-08 14:30:00,0.0007840569927299867,0.0019548167897494176
2026-04-08 14:35:00,0.00102518590471945,0.0009609098255615204
2026-04-08 14:40:00,0.000829624736214285,0.00023439281580813647
2026-04-08 14:45:00,0.0010187723737580257,-9.618971429394268e-05
2026-04-08 14:50:00,-0.0007896335489920858,0.00024869469909082845
2026-04-08 14:55:00,-0.0012968520841880604,-0.001804221762722667
2026-04-08 15:00:00,-0.001967642924132207,0.00024613565362506653
2026-04-08 15:05:00,5.419003613305051e-05,-0.0008525032778837164
2026-04-08 15:10:00,-0.00027960646615632356,0.0002503531734251323
2026-04-08 15:15:00,-0.002134597357157375,0.0032354964965169313
2026-04-08 15:20:00,-0.004350788928212168,0.00022307788109174982
2026-04-08 15:25:00,-0.003614787963734045,0.0006324575026897725
2026-04-08 15:30:00,0.001115905953406937,0.0029483870769664226
2026-04-08 15:35:00,-0.0015711810969953888,-0.003178517646213132
2026-04-08 15:40:00,0.0004920780765438337,-4.4051028174015776e-05
2026-04-08 15:45:00,-0.00030915259015351637,0.0001577727707684484
2026-04-08 15:50:00,0.0035933207573908277,0.0012475197867785354
2026-04-08 15:55:00,0.0008181979386279181,0.00015581469556896646
2026-04-08 16:00:00,-0.0028285839545603153,-0.00015842828390853558
2026-04-08 16:05:00,-0.0025874805131618217,0.00015146673101127902
2026-04-08 16:10:00,-0.0026663135758226986,-0.002871233696634206
2026-04-08 16:15:00,-0.0038435225474735546,0.0001399637482717894
2026-04-08 16:20:00,-0.002755897347396896,-0.00031248002015887876
2026-04-08 16:25:00,-0.0015091015945341013,0.00012018924500909454
2026-04-08 16:30:00,0.00018926807987185157,0.005157510697598553
2026-04-08 16:35:00,-0.001906722560999441,0.00012064414862683201
2026-04-08 16:40:00,-0.005157337245162097,0.0005211628390573177
2026-04-08 16:45:00,-0.001831093737418854,0.0021042723397674485
2026-04-08 16:50:00,-0.0021233219416458837,9.200498341185243e-05
2026-04-08 16:55:00,0.0014178114913825368,0.0016253043352223255
2026-04-08 17:00:00,0.0016355161045691347,7.61104966346519e-05
2026-04-08 17:05:00,0.0026955102408603437,0.0013937291563395735
2026-04-08 17:10:00,0.0017189301367164234,9.060778209145777e-05
2026-04-08 17:15:00,0.00047941260259420915,-0.0004867386050128566
2026-04-08 17:20:00,0.0010887775030248292,0.00010080804649543634
2026-04-08 17:25:00,0.0010139620485727363,0.0018059381842073779
2026-04-08 17:30:00,0.0005191044199452932,0.00012776219078132982
2026-04-08 17:35:00,-0.0005169164160410133,-0.00041774807394897386
2026-04-08 17:40:00,8.410004546455241e-05,0.000127499392991594
2026-04-08 17:45:00,-0.0003299258537339256,-0.0004475494602229767
2026-04-08 17:50:00,0.00011349234884505677,0.0016317750984344633
2026-04-08 17:55:00,-0.0005825379681905218,0.00017355094744093331
2026-04-08 18:00:00,-0.0020787228814480585,-0.00013975580198256167
2026-04-08 18:05:00,-0.0012364996023794816,0.0001815492971770336
2026-04-08 18:10:00,-0.000542885893670686,0.00029264573133475037
2026-04-08 18:15:00,0.0017549955579276855,0.00012029719354028583
2026-04-08 18:20:00,0.0014550411744789216,-6.873828123680375e-05
2026-04-08 18:25:00,0.0015163961897837197,9.494364245633003e-05
2026-04-08 18:30:00,0.0009645664454609459,0.00011342806719043696
2026-04-08 18:35:00,0.0003718311677278763,0.0006529628272609125
2026-04-08 18:40:00,0.00042653197587938507,0.00011695004081570509
2026-04-08 18:45:00,-0.00013023568476100422,0.00169957299009546
2026-04-08 18:50:00,-0.0006261004234264789,0.00014452619017045522
2026-04-08 18:55:00,0.00017014179574204036,-0.0009473523189020361
2026-04-08 19:00:00,-0.0010424965371065298,0.000136250291974617
2026-04-08 19:05:00,-0.0019796258641058273,-9.135449842299188e-05
2026-04-08 19:10:00,-0.0021404324779172867,0.00011950322128237667
2026-04-08 19:15:00,-0.002256857317016525,0.0011276018687960431
2026-04-08 19:20:00,-0.002403533084009979,8.78416603238992e-05
2026-04-08 19:25:00,-0.0022462780457637166,-0.00029454961815312153
2026-04-08 19:30:00,-0.0012295182913373282,7.22419223749e-05
2026-04-08 19:35:00,-0.00014144017790052033,0.0005085814428730578
2026-04-08 19:40:00,-0.0012285247218404294,6.23681119656014e-05
2026-04-08 19:45:00,0.0003017199112669289,0.0006039097149878647
2026-04-08 19:50:00,0.0014008529770972444,3.4195405493065686e-05
2026-04-08 19:55:00,0.001972926193142044,-0.0006621436224295587
2026-04-08 20:00:00,-0.00251147881449576,0.0006345494196725756
2026-04-08 20:05:00,-0.004204225623318791,4.02348623044538e-05
2026-04-08 20:10:00,-0.00417834378498938,0.00043461216690679797
2026-04-08 20:15:00,-0.0010347291107546397,-9.287777191216082e-09
2026-04-08 20:20:00,-0.0016908933129879955,-0.0005972857740911396
2026-04-08 20:25:00,-0.0031930348636954875,5.690938416336481e-06
2026-04-08 20:30:00,-0.0027878763534392448,0.0026139075246128167
2026-04-08 20:35:00,-0.0016682659849855952,5.633516228441997e-06
2026-04-08 20:40:00,-0.001053859539034363,0.0008682211514980718
2026-04-08 20:45:00,-0.001704110036362394,-4.241551251805341e-06
2026-04-08 20:50:00,3.1863200661064184e-05,-0.00014938304296597388
2026-04-08 20:55:00,0.0024290048568893496,-1.5541079403123758e-05
2026-04-08 21:00:00,0.001946104582053465,0.0006674513216697789
2026-04-08 21:05:00,0.0007346961640024574,0.00027336136210835384
2026-04-08 21:10:00,-0.0014600928309622674,3.161842707797701e-06
2026-04-08 21:15:00,0.0012196947184754947,-0.0010956150168650546
2026-04-08 21:20:00,0.0026772812880082597,-3.538621364311965e-06
2026-04-08 21:25:00,0.002795229149601397,0.0009320760407298316
2026-04-08 21:30:00,0.0018891786635020225,-0.001208376859118671
2026-04-08 21:35:00,0.0013877520436125224,-3.396177964328175e-05
2026-04-08 21:40:00,0.0020437530915291546,-0.00402276629799666
2026-04-08 21:45:00,0.0011651895173976357,-1.7242470996189826e-05
2026-04-08 21:50:00,-0.0005117209583165305,-0.003344922715358706
2026-04-08 21:55:00,-0.0007167420891711629,-0.00044859107536635126
2026-04-08 22:00:00,-0.0014805104119233192,-3.7869286748634304e-06
2026-04-08 22:05:00,-0.0006368449942026899,0.00046476779449530645
2026-04-08 22:10:00,-0.0010496111477493741,0.0016125130784900331
2026-04-08 22:15:00,-0.0001587561984415231,-2.851418997815291e-05
2026-04-08 22:20:00,-0.0004826643163458044,-0.001252938704716424
2026-04-08 22:25:00,-0.00013127888948538669,-2.2287358274985117e-05
2026-04-08 22:30:00,-0.000868312986064268,0.0016351614997937624
2026-04-08 22:35:00,-0.0007435046949222368,-1.7841915500949987e-05
2026-04-08 22:40:00,-0.0007011516331640877,0.008888086138616283
2026-04-08 22:45:00,0.001814127615556771,7.6610860475789e-06
2026-04-08 22:50:00,0.0007138598193545675,0.0008492246885289018
2026-04-08 22:55:00,-0.0014440986914010523,2.3165847532272322e-05
2026-04-09 00:00:00,-0.003285626604649039,-9.973618274094012e-07
2026-04-09 00:05:00,-0.0021940409346221657,-0.001090811617661469
2026-04-09 00:10:00,0.0003055339866673279,-4.114443200527968e-05
2026-04-09 00:15:00,0.0009077509398611738,0.0001989620613314864
2026-04-09 00:20:00,0.0002885739586275804,0.0005719257934934021
2026-04-09 00:25:00,-0.00014639005337535593,-4.3613060289365796e-05
2026-04-09 00:30:00,-0.00035197381338925027,0.0018604184053986575
2026-04-09 00:35:00,0.0006871496920535236,-6.291960950810775e-05
2026-04-09 00:40:00,0.0009670503810674802,-0.0002442111795560887
2026-04-09 00:45:00,-0.0002714861123962464,-7.891036192389565e-05
2026-04-09 00:50:00,-0.0019715186756457115,0.0012573807859370242
2026-04-09 00:55:00,-0.0019010565497250553,-8.856922885399553e-05
2026-04-09 01:00:00,-0.00023548904925618785,-9.072968347489957e-05
2026-04-09 01:05:00,0.0012461801525471827,-0.0001031819906187125
2026-04-09 01:10:00,0.0003333704955519323,0.0005573206612503922
2026-04-09 01:15:00,-0.00048600404828036403,-0.00010141051605405444
2026-04-09 01:20:00,-0.00013579432273225223,-0.0009395823430684966
2026-04-09 01:25:00,0.0006706509810268102,-1.642592930045611e-05
2026-04-09 01:30:00,0.001467902626858475,-0.00010093630436260178
2026-04-09 01:35:00,0.0004985293487766995,0.00035300970411819945
2026-04-09 01:40:00,0.0004348337995896401,-9.785451294320186e-05
2026-04-09 01:45:00,-0.002644628237261415,-0.0005017571388403786
2026-04-09 01:50:00,-0.0031076606586335487,-0.0001346096141884823
2026-04-09 01:55:00,-0.0027117811264023572,-0.0003936715929942156
2026-04-09 02:00:00,-0.00026144652345294617,-0.00019229437253332317
2026-04-09 02:05:00,0.0022101288107982953,0.0013441085864741682
2026-04-09 02:10:00,0.000839590456733319,-0.0001701412770084968
2026-04-09 02:15:00,0.0017798852234118812,0.00083316960033559
2026-04-09 02:20:00,0.0005751072117998746,-0.0001961774695414872
2026-04-09 02:25:00,0.0026395820854094865,-0.00209861120924902
2026-04-09 02:30:00,0.000797583534000168,-0.0018217584602382407
2026-04-09 02:35:00,-0.0008383662325961438,-0.0002373898150720324
2026-04-09 02:40:00,-0.0026183357769546944,0.000254999164284821
2026-04-09 02:45:00,-0.0006617797024262018,-0.0002550499847544619
2026-04-09 02:50:00,0.0013452897796568664,-0.0003352636746598521
2026-04-09 02:55:00,0.002959445063414279,-0.00028408452080469113
2026-04-09 03:00:00,0.0016854025899828429,-0.0015558428779088172
2026-04-09 03:05:00,-0.0008931214337142279,-0.0002766652744579754
2026-04-09 03:10:00,-0.0033972101733006355,-0.00016464558263193488
2026-04-09 03:15:00,-0.0006526239740374251,-0.0002878965478600833
2026-04-09 03:20:00,0.0016710354975462138,-0.0004889683984451405
2026-04-09 03:25:00,0.002818738825933309,-0.00026280211790879505
2026-04-09 03:30:00,0.0009173661431880475,0.0012630642075770941
2026-04-09 03:35:00,0.0008598762392839632,-0.0030517146679157653
2026-04-09 03:40:00,0.0020813556859131666,-0.0002650887370992005
2026-04-09 03:45:00,3.599952142074869e-05,-0.001336836807215789
2026-04-09 03:50:00,-0.0002540736488487738,-0.0002958781196673439
2026-04-09 03:55:00,-0.00098191091123212,-0.001722651243078944
2026-04-09 04:00:00,0.0009841905933285489,-0.00031406121552688353
2026-04-09 04:05:00,0.0008720500076400128,0.0005059474182719151
2026-04-09 04:10:00,0.0005926477983049239,-0.00028785363980307903
2026-04-09 04:15:00,-0.0002179200072944809,-0.0012096582086367083
2026-04-09 04:20:00,0.0009220215763345863,-0.0002607860211504468
2026-04-09 04:25:00,0.0014040194470972267,-0.003853269165977196
2026-04-09 04:30:00,5.501341482450073e-05,-0.000246750656884698
2026-04-09 04:35:00,-0.0016056274438707163,-0.0004128906140778639
2026-04-09 04:40:00,-0.0028396786675077834,-0.0002529791259234238
2026-04-09 04:45:00,-0.0014885445188159707,-0.00026954786959026506
2026-04-09 04:50:00,-0.001097285705153439,0.0005067823981238346
2026-04-09 04:55:00,-0.001374063499440581,-0.0002731129175415347
2026-04-09 05:00:00,-0.0023081274115934747,9.052477348845241e-05
2026-04-09 05:05:00,-0.0019794277580906794,-0.0002799411170695361
2026-04-09 05:10:00,5.7290357094785804e-05,-0.00032080531596162916
2026-04-09 05:15:00,0.0011801865894618402,-0.00027120461656880484
2026-04-09 05:20:00,0.0012543045401862685,-0.0002722793404502274
2026-04-09 05:25:00,0.0004115453373145783,-0.00026277035613316376
2026-04-09 05:30:00,-0.0005602027061701875,-0.0017745670193846125
2026-04-09 05:35:00,-0.0006810768065950157,-0.0002675568143857346
2026-04-09 05:40:00,-0.0006216260281703967,-0.0006224718463156139
2026-04-09 05:45:00,0.0008444279926802523,-0.000349795659495118
2026-04-09 05:50:00,0.00196558488526577,-0.0002599443026753148
2026-04-09 05:55:00,0.002117883544881849,4.433340440282611e-05
2026-04-09 06:00:00,0.0010746592382933073,-0.00024844761934863797
2026-04-09 06:05:00,-0.00047249016965800195,-0.0011186437397631213
2026-04-09 06:10:00,-0.0010403612326399525,-0.00023715342664730308
2026-04-09 06:15:00,-0.0009071314288160437,0.0005521809643361185
2026-04-09 06:20:00,-4.874487252592985e-05,-0.0002442675040627276
2026-04-09 06:25:00,0.0008433901390993981,-0.0006382076299291834
2026-04-09 06:30:00,0.001146493836293061,-0.0002426565426510619
2026-04-09 06:35:00,0.0012877619928577388,-0.0006096612796143861
2026-04-09 06:40:00,-6.35455224262671e-06,-0.00021692435105269048
2026-04-09 06:45:00,-0.0003580057213223853,-0.0003089519638928253
2026-04-09 06:50:00,-0.0016841672174550126,4.199442838671605e-05
2026-04-09 06:55:00,-0.0015432330821667506,-0.00021630857177643053
2026-04-09 07:00:00,0.00015677567551541927,-0.00020282353962950225
2026-04-09 07:05:00,0.0009494141048413951,-0.00021077479889488373
2026-04-09 07:10:00,0.0026927497449555915,-0.00013659349668745788
2026-04-09 07:15:00,-0.00013346962791338512,-0.00019708894268539965
2026-04-09 07:20:00,-0.00019277680213392046,-0.0015295141590365175
2026-04-09 07:25:00,-0.0005460144258062627,-0.00019962823622326456
2026-04-09 07:30:00,-0.0013229478220342372,-0.0011013162670481778
2026-04-09 07:35:00,-0.0023162249965640314,-0.00020172748927022857
2026-04-09 07:40:00,-0.002581729665775967,-0.0014505578138086005
2026-04-09 07:45:00,0.0017762483447363309,-0.0002173405932936447
2026-04-09 07:50:00,0.002441216390328904,0.003514468355537625
2026-04-09 07:55:00,0.0016074753168204836,-0.0006244220046294649
2026-04-09 08:00:00,-0.0011484779693020641,-0.0002088353409103437
2026-04-09 08:05:00,-0.001146693103374119,-0.0008658113940440671
2026-04-09 08:10:00,-0.0002755048644029756,-0.00020886290932218616
2026-04-09 08:15:00,0.0005426189125614655,-0.00039812650657371565
2026-04-09 08:20:00,-8.907741257146995e-05,0.0004871165809941213
2026-04-09 08:25:00,-0.0010094199237791202,0.0006269403233595609
2026-04-09 08:30:00,-0.0015396004746204284,-0.00022224468985694362
2026-04-09 08:35:00,-0.001392335166384484,0.0001955335482110509
2026-04-09 08:40:00,-4.880030808784852e-05,-0.00023282050337364654
2026-04-09 08:45:00,0.0007870616807093,-0.010584351789097573
2026-04-09 08:50:00,0.0036761473696316216,-0.0002392538002055839
2026-04-09 08:55:00,0.0023524336272586766,0.0016899080543896054
2026-04-09 09:00:00,7.421913521099555e-05,-0.0012671356313147572
2026-04-09 09:05:00,-0.0025001761027141356,-0.0002321024132051643
2026-04-09 09:10:00,-0.0031824034372576193,-0.0002003290604480686
2026-04-09 09:15:00,0.0007503640889545693,-0.00026463450215256256
2026-04-09 09:20:00,0.003238438765242435,-0.0005504966224941903
2026-04-09 09:25:00,0.0028923572077843573,-0.00026783218834464334
2026-04-09 09:30:00,-0.00032212125600672437,-0.0012205622288485683
2026-04-09 09:35:00,-0.002415656995607307,-0.0002597903976010045
2026-04-09 09:40:00,0.0004424455668310401,0.00020127009505506842
2026-04-09 09:45:00,0.0007330990287410799,-0.0002721758087439662
2026-04-09 09:50:00,0.0011058713994529512,-0.00019896472954796277
2026-04-09 09:55:00,-0.0001651003305749299,-0.0002583394243683373
2026-04-09 10:00:00,0.00042774589158511844,-0.001802100125037996
2026-04-09 10:05:00,0.0007408003522115791,-0.00018654970180332882
2026-04-09 10:10:00,-0.0005335874352425662,-0.0002580952134925416
2026-04-09 10:15:00,0.00046776992076402735,-8.635221890621492e-05
2026-04-09 10:20:00,0.0005224632887443903,-0.00026771268366135726
2026-04-09 10:25:00,0.0018663117205388602,-0.00014298754937167992
2026-04-09 10:30:00,0.0010786346801054947,-0.0002520197121365964
2026-04-09 10:35:00,3.594897360770233e-05,-0.0013498914948727983
2026-04-09 10:40:00,-0.000917908586616889,-0.00024556002687664666
2026-04-09 10:45:00,-0.0010299653112202378,0.0018348757629628835
2026-04-09 10:50:00,0.0005263986946779653,-0.00023107426001935422
2026-04-09 10:55:00,0.001087016395361573,0.0018355293844685258
2026-04-09 11:00:00,0.001015168393628585,-0.0002243993338224513
2026-04-09 11:05:00,2.1134924299559543e-06,-0.0007687870094367199
2026-04-09 11:10:00,-0.00032555799659306217,-0.0003232566189337246
2026-04-09 11:15:00,-0.00011838322354407183,-0.00022020145883200787
2026-04-09 11:20:00,0.00016906492344759272,-0.0001457175090623681
2026-04-09 11:25:00,-0.0005562305898916264,-0.00021829781193764074
2026-04-09 11:30:00,-0.00024526698279636605,-0.0018396335558571264
2026-04-09 11:35:00,-0.0008583001956008474,-0.00021633351719867435
2026-04-09 11:40:00,0.00047588179148583265,0.00027530442706594617
2026-04-09 11:45:00,0.0,-0.00023430512852665216
2026-04-09 11:50:00,0.00020301434070013613,0.00044080757126726617
2026-04-09 11:55:00,-0.000372226021626787,-0.00023335473469163296
2026-04-09 12:00:00,3.5948061398727305e-05,0.0015747903593779189
2026-04-09 12:05:00,0.0020363207100722036,-0.0002385861510238163
2026-04-09 12:10:00,0.0023009280415280386,0.0007200496781099376
2026-04-09 12:15:00,0.001975155934752948,0.0008393138656847847
2026-04-09 12:20:00,0.00027007125403422094,-0.00018906312210045394
2026-04-09 12:25:00,0.0005000522310627531,-0.0016442514668180228
2026-04-09 12:30:00,0.0012443504936907601,-0.00016935081232521775
2026-04-09 12:35:00,0.0009826124785323742,-0.00019898551810395383
2026-04-09 12:40:00,0.00018560976023174192,-0.00015412131297806437
2026-04-09 12:45:00,-0.0008075969370704428,9.195490768618332e-05
2026-04-09 12:50:00,-0.0008897923280546394,-0.00015757736500366184
2026-04-09 12:55:00,-0.00046197902930522616,0.0004889333316730855
2026-04-09 13:00:00,0.0005820415058686024,-0.00016312767281307261
2026-04-09 13:05:00,0.0006600402800902572,-0.00046549823403925933
2026-04-09 13:10:00,0.0013852973066157404,-0.00015985734360174185
2026-04-09 13:15:00,0.0004089134762335078,0.00052745953908608
2026-04-09 13:20:00,0.0010955903588349969,0.0005098552889743682
2026-04-09 13:25:00,0.0011161185507706506,-0.0001455844162409745
2026-04-09 13:30:00,0.0022376295104606925,-0.0006271238750161839
2026-04-09 13:35:00,0.0015612477159265836,-0.00011493207094019632
2026-04-09 13:40:00,0.0011989652474326817,9.276312059916743e-05
2026-04-09 13:45:00,-0.0010560929333465197,-9.28715865484196e-05
2026-04-09 13:50:00,-0.0022584942524108698,0.0003587465603863342
2026-04-09 13:55:00,-0.002905234619939634,-9.267083930538227e-05
2026-04-09 14:00:00,-0.0023665807015920137,-0.00023073074122482312
2026-04-09 14:05:00,-0.001119560051874302,-0.00010261158322325109
2026-04-09 14:10:00,-0.001029381765793147,5.974094141476748e-05
2026-04-09 14:15:00,0.0005610678153331605,-9.695650171660949e-05
2026-04-09 14:20:00,0.00031638694809110746,0.0015199650014116675
2026-04-09 14:25:00,0.0011874920322227922,0.0010752205324077026
2026-04-09 14:30:00,0.00011807943807795596,-9.344223217430866e-05
2026-04-09 14:35:00,-3.374317228299617e-05,0.00021935303385520053
2026-04-09 14:40:00,0.0001517623404652113,-0.00010456575200857465
2026-04-09 14:45:00,8.433392020812391e-05,-0.0014866392354882859
2026-04-09 14:50:00,0.0016647108407248368,-8.936680463436516e-05
2026-04-09 14:55:00,0.0021916605700074143,-0.00473128682090531
2026-04-09 15:00:00,0.0022280541759762684,-8.191266033898306e-05
2026-04-09 15:05:00,0.0010164281320825808,0.000454158973718066
2026-04-09 15:10:00,-0.00014722336755923493,-7.323612319194197e-05
2026-04-09 15:15:00,0.0006855278201616244,-0.00013691274280576104
2026-04-09 15:20:00,0.003370170385865734,-7.635061003292786e-05
2026-04-09 15:25:00,0.004537125265617448,-0.002140318657362336
2026-04-09 15:30:00,0.0029973386446506822,-0.00030771197257906883
2026-04-09 15:35:00,-0.0014012832003515996,-3.5742886102463585e-05
2026-04-09 15:40:00,-0.0022219203590605474,-7.393373870957556e-05
2026-04-09 15:45:00,0.00028708805942301296,-6.769690233234485e-05
2026-04-09 15:50:00,0.0007218641194484121,-8.164301025338316e-05
2026-04-09 15:55:00,0.0011472112179031768,-7.323997530804965e-05
2026-04-09 16:00:00,-0.0023431176688113453,0.0066858277001635965
2026-04-09 16:05:00,0.0007653620588392585,-6.950442761536802e-05
2026-04-09 16:10:00,-0.0012332526710494562,0.00032019648293846474
2026-04-09 16:15:00,-0.0010884686448395797,-4.45086944970655e-05
2026-04-09 16:20:00,-0.0024743371109874346,0.0007556608123072468
2026-04-09 16:25:00,-0.001968382581472028,-4.7628534558110476e-05
2026-04-09 16:30:00,0.0011346708255910443,0.0003731270935908669
2026-04-09 16:35:00,0.0009577217038501118,0.0005552979205293749
2026-04-09 16:40:00,0.0028494325142780497,-6.562009089043617e-05
2026-04-09 16:45:00,0.0004451116526880128,5.672356869065302e-05
2026-04-09 16:50:00,-0.00023514493014076265,-6.172120943850136e-05
2026-04-09 16:55:00,0.00016353812676328516,0.00030153736558150197
2026-04-09 17:00:00,0.004099555461410276,-5.863927678710981e-05
2026-04-09 17:05:00,0.004623454997780385,-0.000828466579088776
2026-04-09 17:10:00,0.001855750529951905,-2.7727844479806966e-05
2026-04-09 17:15:00,0.0019047465679733477,0.00029007745116233093
2026-04-09 17:20:00,0.0015016319229470554,-1.3704315202405709e-05
2026-04-09 17:25:00,0.002453681228534066,-0.00033398871819773806
2026-04-09 17:30:00,-0.0014595631628271377,1.8071320092873814e-05
2026-04-09 17:35:00,-0.000751578349838411,-0.0007347590659886778
2026-04-09 17:40:00,0.000728256921153303,7.570974158159499e-05
2026-04-09 17:45:00,0.0022980047118803526,2.139576684564078e-05
2026-04-09 17:50:00,0.0009185190779206209,0.00015989750297536531
2026-04-09 17:55:00,-0.0010330719571562952,4.964748510573464e-05
2026-04-09 18:00:00,-0.00015220208296184978,-0.0005094516041110355
2026-04-09 18:05:00,0.0004839705706860542,5.0123021999308877e-05
2026-04-09 18:10:00,0.0008536653336506106,-0.0005616610581043585
2026-04-09 18:15:00,-0.00024190302726090351,7.479339762633273e-05
2026-04-09 18:20:00,-0.0005194431436095215,-9.859612985366e-07
2026-04-09 18:25:00,-0.0010102845310999697,9.140567943977636e-05
2026-04-09 18:30:00,-0.0018516610217833573,0.0006934740156442505
2026-04-09 18:35:00,-0.0008099515933110979,8.952476423413033e-05
2026-04-09 18:40:00,0.0002505789430742311,0.0002969705989158653
2026-04-09 18:45:00,0.000714349898892408,-0.0005295198018829424
2026-04-09 18:50:00,0.0009351432932653836,9.623163176227439e-05
2026-04-09 18:55:00,0.0007075464609478388,0.00011337869537423843
2026-04-09 19:00:00,0.0017732239554621998,0.00010895057214864074
2026-04-09 19:05:00,-0.00010015210609459757,0.0006976288265252395
2026-04-09 19:10:00,0.0002628543072127343,0.0001192654009943452
2026-04-09 19:15:00,-0.0010385191401542926,-0.00032742916899357094
2026-04-09 19:20:00,0.0012970278614847786,0.00011083775156050217
2026-04-09 19:25:00,0.0002544439058773662,0.0005993124970979837
2026-04-09 19:30:00,0.0016261183144195002,2.0339427808191266e-05
2026-04-09 19:35:00,-0.00012087362468804486,0.00011810338859832899
2026-04-09 19:40:00,0.0005420415920305288,0.0004549278124974296
2026-04-09 19:45:00,-0.003014579694493591,1.8579173022991523e-05
2026-04-09 19:50:00,-0.0024665093260747284,0.0008465262945811732
2026-04-09 19:55:00,-0.003016228330412929,0.00010662511101506825
2026-04-09 20:00:00,-2.089383840875314e-05,0.0011757209073869222
2026-04-09 20:05:00,-0.0012397235729313394,0.00010267355538286724
2026-04-09 20:10:00,-0.00037636196428358915,0.0009332675803350197
2026-04-09 20:15:00,-0.001890608799424598,0.00010194846385175026
2026-04-09 20:20:00,-0.0008182647176546709,0.00041751971536017885
2026-04-09 20:25:00,-0.002334514910828034,7.980143796256173e-05
2026-04-09 20:30:00,-0.0009948405253510373,0.0007915127613204574
2026-04-09 20:35:00,-0.001265337672464284,5.55686902998281e-05
2026-04-09 20:40:00,0.00041076713434584633,0.0009282084193021985
2026-04-09 20:45:00,0.000869231057581743,4.54355212118137e-05
2026-04-09 20:50:00,0.0024475254850564454,-0.000290915135271078
2026-04-09 20:55:00,0.001568164700161745,0.0004302652653599951
2026-04-09 21:00:00,-0.0004921223871559022,6.394949224182797e-05
2026-04-09 21:05:00,-0.0012408104731971292,-0.00017849142028650788
2026-04-09 21:10:00,-0.0012811470109888035,5.905275186216709e-05
2026-04-09 21:15:00,-0.000452547472828968,-0.000672061819488779
2026-04-09 21:20:00,-0.0009635788900670406,6.896383916187684e-05
2026-04-09 21:25:00,-0.0004316052429498285,5.920238616232762e-05
2026-04-09 21:30:00,-0.0002850424019875675,0.0006880792203575437
2026-04-09 21:35:00,-8.383336447082002e-05,0.0017178102210242032
2026-04-09 21:40:00,-0.0005009794357366815,8.884233240604383e-05
2026-04-09 21:45:00,-1.4673498927919582e-05,0.00043594593239713376
2026-04-09 21:50:00,-7.755211977844567e-05,8.938896577389557e-05
2026-04-09 21:55:00,7.7573907532269e-05,0.0003358358738817125
2026-04-09 22:00:00,6.917318137666939e-05,-0.00026380233444126856
2026-04-09 22:05:00,0.00035627089538792234,9.11244332133892e-05
2026-04-09 22:10:00,5.660418893427277e-05,0.00026159029667451397
2026-04-09 22:15:00,-0.0002809147777558252,0.00012289455133103233
2026-04-09 22:20:00,-0.0016734791082235745,0.00021928236689010776
2026-04-09 22:25:00,-0.0012523299270625898,0.00012137994953315882
2026-04-09 22:30:00,-0.0009880211120059101,-0.0011852180673147888
2026-04-09 22:35:00,0.000686087659397927,0.0001233478510086282
2026-04-09 22:40:00,0.0005791615330057454,-0.001612895752536241
2026-04-09 22:45:00,0.001656636359333774,0.00013135537139761778
2026-04-09 22:50:00,0.0006059672229259405,5.0832711950505864e-05
2026-04-09 22:55:00,0.0006983247829417394,0.00016023552477095437
2026-04-10 00:00:00,-0.0013397759190159064,0.00015326087994020057
2026-04-10 00:05:00,-0.0005933828552286968,-3.9200458626898304e-05
2026-04-10 00:10:00,-0.001130565770314007,0.0006753629822647678
2026-04-10 00:15:00,-0.00020143607200751035,0.0001414930327133838
2026-04-10 00:20:00,-0.0017129294645208404,0.0006484544041965981
2026-04-10 00:25:00,-0.0006991150076949282,0.00011622939250214351
2026-04-10 00:30:00,-0.0010077894573168322,-3.527613893756652e-06
2026-04-10 00:35:00,0.00038650509554472023,9.677032195082934e-05
2026-04-10 00:40:00,0.0006151630533501873,-0.0014076505350561733
2026-04-10 00:45:00,0.00048302585127402153,0.0001001342041109716
2026-04-10 00:50:00,0.00013860130307463692,-0.001745879351670189
2026-04-10 00:55:00,-0.000991165687697304,9.67707282663311e-05
2026-04-10 01:00:00,-0.0004788246207336755,-0.0011640395146732363
2026-04-10 01:05:00,-0.0008676243290004493,0.00010383685468847134
2026-04-10 01:10:00,-0.0002689601135763553,-0.0003772721173516626
2026-04-10 01:15:00,0.00024994145409173996,-0.0017786159141735538
2026-04-10 01:20:00,0.0005988043002886911,0.00010465736110882379
2026-04-10 01:25:00,0.0003677007503650742,0.0007909428517240473
2026-04-10 01:30:00,0.00011969773187026078,-0.0009263015179800133
2026-04-10 01:35:00,0.00030451725325519874,0.0007775067387901134
2026-04-10 01:40:00,0.0005838410606102684,0.00012416314874089162
2026-04-10 01:45:00,-0.001096714798128673,0.00035877660400447176
2026-04-10 01:50:00,-0.0017254228780974046,-0.00023648501691410497
2026-04-10 01:55:00,-0.0019103005442584475,0.001373082603279704
2026-04-10 02:00:00,-0.0003237817739147886,0.00010062937352024037
2026-04-10 02:05:00,-7.151902198643256e-05,-0.000505747238826322
2026-04-10 02:10:00,1.262121626410817e-05,0.00011489985560279904
2026-04-10 02:15:00,0.000765133494258663,0.0009315935027206864
2026-04-10 02:20:00,0.0011878146345694063,-0.0004135449664833425
2026-04-10 02:25:00,0.00030286141167223946,0.00011318550988420331
2026-04-10 02:30:00,-0.0006116394544672943,0.0004586223926859415
2026-04-10 02:35:00,-0.0005968844491253122,0.00011464802275501241
2026-04-10 02:40:00,0.0014982346541252411,0.00029496560500226845
2026-04-10 02:45:00,0.0010170909975339981,0.00010798329583449557
2026-04-10 02:50:00,0.000617895015340153,-0.0010245574844400525
2026-04-10 02:55:00,-0.0003738231440042483,0.00012178496844952298
2026-04-10 03:00:00,0.0005774320811617883,0.00014675447418122355
2026-04-10 03:05:00,-9.455102453159725e-05,0.00012758711378906478
2026-04-10 03:10:00,0.000365424158601968,-0.0010682566112220275
2026-04-10 03:15:00,0.001612942479878754,0.0001242923775826886
2026-04-10 03:20:00,0.003021207381230795,0.0001295387347672397
2026-04-10 03:25:00,0.0019823025736354083,-0.00037440777322796304
2026-04-10 03:30:00,-0.0010715091794164522,0.00014453590841965205
2026-04-10 03:35:00,-0.0016458458696124723,0.0005749863619830262
2026-04-10 03:40:00,-0.0014700935139693172,0.00012978412850848722
2026-04-10 03:45:00,-0.0023924938813006946,-0.00010190211733404388
2026-04-10 03:50:00,-0.0013228320609695032,0.00010857887344007488
2026-04-10 03:55:00,-0.002567881061132482,0.0011804428919611877
2026-04-10 04:00:00,-0.0013994978824207749,0.00011945220957282484
2026-04-10 04:05:00,-0.0029121903235491686,0.0021867084274369707
2026-04-10 04:10:00,-0.001695217262112081,0.00010620831042088339
2026-04-10 04:15:00,-0.0009481409774103611,-0.0007500299794234196
2026-04-10 04:20:00,0.00047401902651778016,9.797842645257356e-05
2026-04-10 04:25:00,0.0011143235956190267,0.0007823085204608383
2026-04-10 04:30:00,0.0011776666079015286,-0.0005680369214037367
2026-04-10 04:35:00,0.00032641577867842386,9.796936578060009e-05
2026-04-10 04:40:00,0.0006818842155471572,8.833740338446573e-05
2026-04-10 04:45:00,0.0011888993981887808,0.00028910924709630843
2026-04-10 04:50:00,0.0017902320406921746,0.0005616158901926153
2026-04-10 04:55:00,0.0014863263887150424,0.0001227997856355376
2026-04-10 05:00:00,0.0013576136669666283,-0.00026209239571216595
2026-04-10 05:05:00,0.00011138911697727849,0.00012419345716403244
2026-04-10 05:10:00,-0.0009163418427906578,0.00013288217584490536
2026-04-10 05:15:00,0.00021209197311478079,0.0001231063835327743
2026-04-10 05:20:00,0.0014763094950662747,0.00021499999804164364
2026-04-10 05:25:00,0.0019724555896996065,0.00012524501565567428
2026-04-10 05:30:00,0.0009507110586159939,0.000712411005238036
2026-04-10 05:35:00,-0.0001469032791447944,-0.00023777646256272733
2026-04-10 05:40:00,0.00024969286858045336,0.00012404110783916035
2026-04-10 05:45:00,2.3074462339067736e-05,0.0006729823030839434
2026-04-10 05:50:00,0.0002853923219454657,0.00011811476738919052
2026-04-10 05:55:00,0.00016992335658372326,0.0011241669040718038
2026-04-10 06:00:00,0.0007255250938946745,0.0001247134430468509
2026-04-10 06:05:00,0.00019720886580643082,-4.481249964386578e-05
2026-04-10 06:10:00,-0.00034617067398912127,0.000129071584061399
2026-04-10 06:15:00,-0.001449477781108044,0.0003155346259043043
2026-04-10 06:20:00,-0.0007974666168699684,-0.0024080681042767597
2026-04-10 06:25:00,-0.0006402069031459234,0.00012694458276731936
2026-04-10 06:30:00,-6.087788004016659e-05,0.0005383139516786895
2026-04-10 06:35:00,-7.558245734884395e-05,0.0001116716396656044
2026-04-10 06:40:00,-0.0008213242266066345,0.0027576323899590467
2026-04-10 06:45:00,-0.00026454693342969904,0.00011818829874298762
2026-04-10 06:50:00,-0.00019528112669853215,-0.004909814764640051
2026-04-10 06:55:00,0.00030046025273477994,0.00011193484252994485
2026-04-10 07:00:00,-0.00038644827219691535,0.0014785291483484064
2026-04-10 07:05:00,-0.00016381358051198447,0.00011817312781335976
2026-04-10 07:10:00,1.470552707338868e-05,3.0968280391469746e-05
2026-04-10 07:15:00,0.0008021334659336077,0.0001274588963614109
2026-04-10 07:20:00,0.0008565742594122128,-0.0009209035811479358
2026-04-10 07:25:00,0.000993172806554199,0.0001174274701645849
2026-04-10 07:30:00,0.0004595718508149105,-0.0019500761252543534
2026-04-10 07:35:00,0.0003818627816212228,0.00012385644399867416
2026-04-10 07:40:00,0.00010283046099068827,0.00043042483072665825
2026-04-10 07:45:00,-0.0009571548046931611,0.0003820499783753356
2026-04-10 07:50:00,-0.0016901134509321736,-0.00022288714170454925
2026-04-10 07:55:00,-0.001898821159279862,4.538239245976584e-05
2026-04-10 08:00:00,-0.0018707742261376836,0.0001054080276846395
2026-04-10 08:05:00,-0.001017544316281871,0.0001375454222637259
2026-04-10 08:10:00,-0.00015138867599695516,1.570800153556812e-05
2026-04-10 08:15:00,0.0010997665944643131,9.185623881712327e-05
2026-04-10 08:20:00,-0.0004207753689691174,-0.0025222132896642645
2026-04-10 08:25:00,-0.0009424892932017315,-0.0003737057726509769
2026-04-10 08:30:00,-0.00302674626669841,0.00020467692815420214
2026-04-10 08:35:00,-0.0014319620534237743,-3.806555572947779e-05
2026-04-10 08:40:00,-0.0011161467564821947,0.00010075844006865835
2026-04-10 08:45:00,0.0014534763809574969,0.0005298450306184115
2026-04-10 08:50:00,0.0013835615327941753,0.0007241833116562093
2026-04-10 08:55:00,0.00023596881107579293,0.0028194197933046187
2026-04-10 09:00:00,0.00043983934998337304,0.0009681758358930914
2026-04-10 09:05:00,0.0005007269060168795,-0.0012268895301972
2026-04-10 09:10:00,0.001427266501124791,0.0009245918349802669
2026-04-10 09:15:00,0.0006415238619741359,0.0008901287576476376
2026-04-10 09:20:00,0.00031545542561062234,9.221262564523983e-05
2026-04-10 09:25:00,7.783058809174292e-05,8.593002268981414e-05
2026-04-10 09:30:00,-0.00045428256735746686,0.00010314331916466049
2026-04-10 09:35:00,-0.001066639838823491,0.000641330779675999
2026-04-10 09:40:00,-0.0010354320696794872,9.544104157297977e-05
2026-04-10 09:45:00,-0.0012482359502339335,-0.014652404853694949
2026-04-10 09:50:00,-0.0001641994648249323,0.00036827571415888914
2026-04-10 09:55:00,0.00016422539340510411,-0.00037281483864210803
2026-04-10 10:00:00,-0.00044662796633510027,0.002775963944031648
2026-04-10 10:05:00,-0.0007919040862027771,0.0002764138248138139
2026-04-10 10:10:00,-0.0006928773957959322,9.064483592281854e-05
2026-04-10 10:15:00,0.0009225306637450359,0.003073686409580006
2026-04-10 10:20:00,0.0006929503638293255,8.575267794410674e-05
2026-04-10 10:25:00,-0.0008788967356334609,0.00016790557482192147
2026-04-10 10:30:00,-0.003082641196751723,-0.0008784234262009534
2026-04-10 10:35:00,-0.0027577965240670466,-0.00022087953544736155
2026-04-10 10:40:00,-0.0001919003305097533,7.812392778309171e-05
2026-04-10 10:45:00,0.0019514753540406105,-0.0009948425646583757
2026-04-10 10:50:00,0.0012512279172867125,8.942581019397048e-05
2026-04-10 10:55:00,0.0010960776277091355,7.868382602553738e-05
2026-04-10 11:00:00,0.0029946915574718957,0.0067238320136838465
2026-04-10 11:05:00,0.002382074288249214,0.0017060156020353365
2026-04-10 11:10:00,0.0004022962534335761,-0.002616168717983165
2026-04-10 11:15:00,-0.002343640951638193,0.00019406715155372795
2026-04-10 11:20:00,-0.0010144785040822057,6.765765193257705e-05
2026-04-10 11:25:00,0.0003979244817120531,5.116226812326283e-05
2026-04-10 11:30:00,0.0004506411183093917,0.0008308908456860775
2026-04-10 11:35:00,0.000623121183545905,0.000629025999603299
2026-04-10 11:40:00,0.00029886557585712126,-0.00020018345840104715
2026-04-10 11:45:00,-0.0004885547720725469,0.0005493518782027063
2026-04-10 11:50:00,-0.0012150247605688946,4.8625498369051034e-05
2026-04-10 11:55:00,-0.0009979704553177982,4.049660681011633e-05
2026-04-10 12:00:00,0.0010210602438895933,-0.0008464227840623401
2026-04-10 12:05:00,0.0027375111651259942,0.0005383777892717957
2026-04-10 12:10:00,0.002324948788546166,0.0015802344487281922
2026-04-10 12:15:00,0.0015243857313187448,-0.000830284215009355
2026-04-10 12:20:00,-0.0009607471440933324,0.00017224181852342995
2026-04-10 12:25:00,-0.0006306734539958114,0.0015286786183618078
2026-04-10 12:30:00,-0.0002500501689315371,4.89757169305988e-05
2026-04-10 12:35:00,0.0005509132261778404,0.0013500127031747006
2026-04-10 12:40:00,0.00038055391026325935,-0.0002875223822039366
2026-04-10 12:45:00,0.00025845413055769484,4.56836766861451e-05
2026-04-10 12:50:00,-0.0002628024213979785,-0.0006837480892444281
2026-04-10 12:55:00,-0.0002964411318000515,0.0009964817769075544
2026-04-10 13:00:00,-0.0002458450621158903,4.583533137989409e-05
2026-04-10 13:05:00,0.0011117078257338875,-0.0002612262495770655
2026-04-10 13:10:00,0.0012755438813289999,4.7333458715548635e-05
2026-04-10 13:15:00,0.00021222879183824261,-0.000419006090173976
2026-04-10 13:20:00,0.00010711259118778571,5.224300617999248e-05
2026-04-10 13:25:00,0.0011270917715968665,-6.485340618028972e-05
2026-04-10 13:30:00,0.0008484650433189245,5.732919819904625e-05
2026-04-10 13:35:00,0.0006445335070868197,-0.00039123799175926435
2026-04-10 13:40:00,0.0003984807450194694,7.19392523602168e-05
2026-04-10 13:45:00,0.0007512565012799399,9.809269025614969e-05
2026-04-10 13:50:00,0.00015319929474344463,7.599229016571616e-05
2026-04-10 13:55:00,-0.0004530220422349629,0.0015637920868766194
2026-04-10 14:00:00,0.0001447303979364989,7.383742148855576e-05
2026-04-10 14:05:00,-0.0010161706361309086,0.000743574238571666
2026-04-10 14:10:00,-0.0009948516203994728,6.0401435776814515e-05
2026-04-10 14:15:00,0.0026894292798527175,-0.002095381535301785
2026-04-10 14:20:00,0.0032234109841962066,-0.0006610311816700721
2026-04-10 14:25:00,0.0022485494589776778,7.880544997164704e-05
2026-04-10 14:30:00,-0.0026747476561066463,1.427518853756705e-05
2026-04-10 14:35:00,-0.002268097532011737,7.648613586052701e-05
2026-04-10 14:40:00,-0.00033947532529055024,0.0007170583699673036
2026-04-10 14:45:00,0.0006478741463791238,6.397081818039079e-05
2026-04-10 14:50:00,0.001933028117154123,0.0009622774771836683
2026-04-10 14:55:00,0.0002996662829755081,7.226758454055431e-05
2026-04-10 15:00:00,0.00027872928965244625,0.0030707014516123195
2026-04-10 15:05:00,0.0003978824330861386,7.585005371302932e-05
2026-04-10 15:10:00,0.0009235805841765199,-0.0006085122632278114
2026-04-10 15:15:00,-0.0005512465542594214,7.157632960066509e-05
2026-04-10 15:20:00,-0.00012353601980663598,-0.0006777907309197268
2026-04-10 15:25:00,-0.001472687984096055,0.0005891303257983591
2026-04-10 15:30:00,0.000959769393748644,5.0394215018873046e-05
2026-04-10 15:35:00,0.0003077647822049556,0.0017478826897169974
2026-04-10 15:40:00,0.0005491073999195351,3.799587503130768e-05
2026-04-10 15:45:00,0.00035601199926915683,-0.0012209105510550139
2026-04-10 15:50:00,-0.0002805436703461339,5.017259822142156e-05
2026-04-10 15:55:00,0.0014865252389828498,0.00032854293866333014
2026-04-10 16:00:00,0.0026034084833224114,5.365875633425506e-05
2026-04-10 16:05:00,0.0030712227380771395,-0.0001829800738531346
2026-04-10 16:10:00,0.0024030737459401763,8.892724829328945e-05
2026-04-10 16:15:00,-7.727273205659912e-05,0.0007720067354226346
2026-04-10 16:20:00,-0.0007037290620406367,9.945152231747166e-05
2026-04-10 16:25:00,-0.002126949111566745,-0.001297660188761439
2026-04-10 16:30:00,-0.002919850560237691,-0.0023681947092431288
2026-04-10 16:35:00,-0.0025036066458241635,9.908427025599421e-05
2026-04-10 16:40:00,-0.0013646307464245666,-0.0007188991284050081
2026-04-10 16:45:00,0.00011310416486765007,8.311349068524773e-05
2026-04-10 16:50:00,0.0009879686328204684,0.002282702278152877
2026-04-10 16:55:00,0.0016385881676264091,6.687234430391481e-05
2026-04-10 17:00:00,0.0016929383003017051,-0.0016052027843628319
2026-04-10 17:05:00,0.0013234359830089915,7.835379647869715e-05
2026-04-10 17:10:00,-0.0011883890778001671,0.0002116435801939332
2026-04-10 17:15:00,-0.001563093736626442,0.0003331983978406364
2026-04-10 17:20:00,-0.005365200740518716,6.031589689302863e-05
2026-04-10 17:25:00,-0.002240435862381318,-0.0018315285001078638
2026-04-10 17:30:00,-0.0018361436092657613,1.0338032102750915e-05
2026-04-10 17:35:00,0.0012805416130952096,-0.00045486879806926446
2026-04-10 17:40:00,-0.0007682265260644527,-2.786108959299386e-06
2026-04-10 17:45:00,-0.0027437222566977226,0.0009013289645607917
2026-04-10 17:50:00,-0.0021379511122585626,-7.189075220540641e-06
2026-04-10 17:55:00,0.00017636647319108079,-0.000123850790183754
2026-04-10 18:00:00,0.001864282103214876,-2.1940437669109325e-05
2026-04-10 18:05:00,0.0009246262227087243,-0.0011796873379906162
2026-04-10 18:10:00,-0.0010439543498712567,-3.038079145676912e-06
2026-04-10 18:15:00,-0.00020790435634587823,-0.00016954889061828295
2026-04-10 18:20:00,0.0003696112403890339,-1.5219481304279605e-06
2026-04-10 18:25:00,-0.00027114426196739316,8.049966873328936e-05
2026-04-10 18:30:00,8.820712719348478e-05,-4.651097799790295e-06
2026-04-10 18:35:00,0.0005982286314303309,1.0449987146130103e-05
2026-04-10 18:40:00,0.0014872358854418621,0.0003460040227931833
2026-04-10 18:45:00,-0.0003633793478776681,-7.522916158250958e-06
2026-04-10 18:50:00,-0.0006675203337760394,-0.0007401966764663248
2026-04-10 18:55:00,0.0001280341202178903,-5.612811332355913e-06
2026-04-10 19:00:00,0.001471605732561443,0.0006063257205617753
2026-04-10 19:05:00,0.0005332124285057915,-2.0495097904533303e-05
2026-04-10 19:10:00,-0.0005773326761637776,0.0004055783616586844
2026-04-10 19:15:00,-0.0012300382736754045,-4.717759638272019e-05
2026-04-10 19:20:00,-0.000644509150932393,-0.00012668307421646863
2026-04-10 19:25:00,-0.0005629578119386025,-6.528460539332581e-05
2026-04-10 19:30:00,0.0005501358680355395,-5.202133225417957e-06
2026-04-10 19:35:00,-0.00013651289385485654,-6.821822460675471e-05
2026-04-10 19:40:00,0.00032983089637994567,-0.0005607315236695219
2026-04-10 19:45:00,-0.0022549582363620146,0.0006235964512028112
2026-04-10 19:50:00,-0.0010233899052245476,-7.979400117708804e-05
2026-04-10 19:55:00,0.0006089558695183683,-0.00039173713791690735
2026-04-10 20:00:00,0.003165586632839279,-8.157402747302589e-05
2026-04-10 20:05:00,0.0017456465686809253,0.0004678162672948701
2026-04-10 20:10:00,0.0006127811220135726,-6.485184502270809e-05
2026-04-10 20:15:00,0.0006499415281435716,-0.0024503483762756736
2026-04-10 20:20:00,0.001510013562453949,0.0009527744055344467
2026-04-10 20:25:00,0.0003356112981478532,0.00013297084426655448
2026-04-10 20:30:00,-0.001480804351400522,-4.301004439220142e-05
2026-04-10 20:35:00,-0.0007903754904496907,0.0002836130889805499
2026-04-10 20:40:00,-0.0006020829734705302,-4.6477169196171134e-05
2026-04-10 20:45:00,0.0006316026023842625,0.0004602731258969541
2026-04-10 20:50:00,-0.0005055808045728583,-0.00018393557131531697
2026-04-10 20:55:00,0.00030423356979980554,-5.398513001611301e-05
2026-04-10 21:00:00,0.00053057352466368,-1.3792776341271359e-05
2026-04-10 21:05:00,0.00044265936197263045,-6.165675792496206e-05
2026-04-10 21:10:00,-0.0007282167511561966,-0.000715418390137079
2026-04-10 21:15:00,-0.00103624343790365,-6.185959863378324e-05
2026-04-10 21:20:00,-0.001038775807041148,0.00027572926081058044
2026-04-10 21:25:00,0.00015534143659223787,-7.129627879971198e-05
2026-04-10 21:30:00,-0.0010499239769661273,0.0008113435737775857
2026-04-10 21:35:00,-0.0006405914663343282,0.005571658856254372
2026-04-10 21:40:00,-0.0008798870784350044,-7.963678924224858e-05
2026-04-10 21:45:00,-0.001295023800453876,0.0003077424111325341
2026-04-10 21:50:00,-0.0012403428299574415,-8.088619439760288e-05
2026-04-10 21:55:00,-0.0013202321153080732,2.9363062466300195e-05
2026-04-10 22:00:00,-0.0005407902191958414,-7.172601531336026e-05
2026-04-10 22:05:00,-0.001081825232898126,-0.0001874297430923957
2026-04-10 22:10:00,-0.0017918265101570796,-7.422721919507493e-05
2026-04-10 22:15:00,-0.0007959352975301925,-5.7755417500147394e-05
2026-04-10 22:20:00,0.0003747723512397272,-7.141380049993388e-05
2026-04-10 22:25:00,0.0012826090317314964,-0.0006032276524278117
2026-04-10 22:30:00,0.0007580479786213346,-5.2090352881133234e-05
2026-04-10 22:35:00,-0.0001936850266464063,0.0005035559825287074
2026-04-10 22:40:00,-0.0003010231652691431,-4.476318557753927e-05
2026-04-10 22:45:00,-0.016948262997120267,-0.00041631676718924455
2026-04-10 22:50:00,-0.0176213767657476,-9.686650382127233e-05
2026-04-10 22:55:00,-0.01551849660203608,0.0032750273498790834
2026-04-13 00:00:00,-0.0002355233446635907,-0.0002466176990020814
2026-04-13 00:05:00,-0.001913301456667682,-0.000546775286628309
2026-04-13 00:10:00,-0.006216076230252554,-0.00024525179354642853
2026-04-13 00:15:00,-0.0033482832468312296,0.0006947622709445583
2026-04-13 00:20:00,-0.00012238706319678272,-0.00027524898796385343
2026-04-13 00:25:00,0.0022437870079805577,-0.0007073076276658818
2026-04-13 00:30:00,0.0010243361233239767,-0.00026264397708335044
2026-04-13 00:35:00,-0.0002555581220722303,-0.00044747711566743933
2026-04-13 00:40:00,5.79622408380942e-05,-0.00025915840169252413
2026-04-13 00:45:00,5.365745297858382e-05,-0.00028852507742982767
2026-04-13 00:50:00,0.00022979051581728527,-3.567074383079756e-05
2026-04-13 00:55:00,0.0002747382491552486,-0.00025670598526054993
2026-04-13 01:00:00,-0.0015228434790355294,-0.0007201132038066867
2026-04-13 01:05:00,-0.0020678662783115698,-0.00025766125070926835
2026-04-13 01:10:00,-0.0013228708221824093,-2.1727077562009418e-05
2026-04-13 01:15:00,0.0006274604390075211,-0.0002716047189665738
2026-04-13 01:20:00,0.0022868697703604113,-0.0002445552708528943
2026-04-13 01:25:00,0.0005005773931632262,-0.00025842394443908247
2026-04-13 01:30:00,0.001092817678001623,-0.0003928776478563518
2026-04-13 01:35:00,0.001913166035897973,-0.00024528221645701295
2026-04-13 01:40:00,0.0034520944090239425,-0.0009176948807341176
2026-04-13 01:45:00,0.0018479855362265596,-0.00024207519225671003
2026-04-13 01:50:00,0.0010729442423755842,-0.027311772692740148
2026-04-13 01:55:00,0.0001219988550733575,-0.00054974754159993
2026-04-13 02:00:00,0.0009933272352586897,-0.000243705121206561
2026-04-13 02:05:00,0.00025682183126640723,-2.270589998471076e-05
2026-04-13 02:10:00,0.00015622241395440994,-0.00022859128616819864
2026-04-13 02:15:00,0.001362079037955155,-0.0004896080750453981
2026-04-13 02:20:00,0.0008791152945093472,-0.00020985989351544497
2026-04-13 02:25:00,0.0011676847808317348,-0.0005706133909759599
2026-04-13 02:30:00,0.001573594685392976,-0.00019265107933984568
2026-04-13 02:35:00,0.0026966884246188982,0.0006175391356931699
2026-04-13 02:40:00,0.0038803353902352455,-0.00017737054142923642
2026-04-13 02:45:00,0.003592679236183116,-0.0010529916505632765
2026-04-13 02:50:00,0.003677789301567813,-0.00015533520385960068
2026-04-13 02:55:00,0.0038992700299331773,-0.0008889045602500714
2026-04-13 03:00:00,0.0027618550631718364,0.0005503912345913882
2026-04-13 03:05:00,0.0017786989625747651,-0.00011397463867822531
2026-04-13 03:10:00,0.00043255072013437257,1.9613315618256455e-05
2026-04-13 03:15:00,0.0009111598635147544,-0.00010295751523196085
2026-04-13 03:20:00,0.00031804930032208745,0.0005626479495408089
2026-04-13 03:25:00,-0.0006255626291444827,-8.698294992533134e-05
2026-04-13 03:30:00,-0.0013479633173894001,0.000580137072901063
2026-04-13 03:35:00,0.0012309571344406578,-9.20134169842043e-05
2026-04-13 03:40:00,0.0014964573218296806,0.0006250196029670472
2026-04-13 03:45:00,0.0017333671067412126,-0.0010034002969736614
2026-04-13 03:50:00,8.045733648209819e-05,-7.284590779298844e-05
2026-04-13 03:55:00,0.00028589490062991274,-0.000390286416532703
2026-04-13 04:00:00,-0.00022021254834747594,-6.28481788772775e-05
2026-04-13 04:05:00,-0.0005103785912723424,0.0001193107878387675
2026-04-13 04:10:00,-0.0006396706126388096,-6.355914787542955e-05
2026-04-13 04:15:00,0.0005631393685856523,-0.00018192071086040122
2026-04-13 04:20:00,-0.0009642885516853994,-6.810200895158305e-05
2026-04-13 04:25:00,-0.0009433073051141605,-0.0007611031525633362
2026-04-13 04:30:00,-0.0025960417019081916,-7.830346172962895e-05
2026-04-13 04:35:00,0.0005765655928868796,9.88107594090082e-05
2026-04-13 04:40:00,0.0011805838796146162,-8.795882229053749e-05
2026-04-13 04:45:00,0.0005791303236861722,-0.0006785825768830787
2026-04-13 04:50:00,-0.0009031509130235094,-8.628577070697467e-05
2026-04-13 04:55:00,-0.0014563248291050712,-0.0004457701806993531
2026-04-13 05:00:00,5.089652102263642e-05,-9.431334706626882e-05
2026-04-13 05:05:00,0.00046439777033135954,0.0008815477719028962
2026-04-13 05:10:00,0.0010707218005219232,-0.0004121430555820194
2026-04-13 05:15:00,0.0012800435775766061,-9.545844856470027e-05
2026-04-13 05:20:00,0.0004429913646735173,-0.00023882914668053298
2026-04-13 05:25:00,0.0006884725608475861,-0.00010845506147280908
2026-04-13 05:30:00,-0.00016521153468218586,-0.00033993485048667795
2026-04-13 05:35:00,-4.6621429760307365e-05,-0.00010594778563780088
2026-04-13 05:40:00,-0.0008622543930307813,0.0048457826452770495
2026-04-13 05:45:00,-0.0012632874704863184,-9.27599305585384e-05
2026-04-13 05:50:00,-0.0012914295627908245,0.0029045517946433854
2026-04-13 05:55:00,-0.000714518212978632,-9.09596521481402e-05
2026-04-13 06:00:00,-0.0005006693374607352,-0.000537467139800762
2026-04-13 06:05:00,2.334111016644158e-05,-8.923805665356975e-05
2026-04-13 06:10:00,-0.0004136785522117492,-0.00046312418910958415
2026-04-13 06:15:00,0.0001315560536774285,-0.0003954045300290795
2026-04-13 06:20:00,-9.124561947793097e-05,-8.48475801611282e-05
2026-04-13 06:25:00,0.0011663465837727927,-0.0014067903424032258
2026-04-13 06:30:00,0.001215014160301564,-9.204965046573753e-05
2026-04-13 06:35:00,0.0023548648569136077,0.0016203346616964671
2026-04-13 06:40:00,0.0010972438676564167,-9.396842994957393e-05
2026-04-13 06:45:00,0.0006058949953278159,0.00045023921459002154
2026-04-13 06:50:00,-0.0005527149349386917,-9.774539715320425e-05
2026-04-13 06:55:00,-0.0008493055161515883,-0.0007195479560216215
2026-04-13 07:00:00,-0.0009280585809108288,-0.000113829313523219
2026-04-13 07:05:00,-0.0008052656328203511,0.0013506330865808481
2026-04-13 07:10:00,0.00024152184301051705,-0.0001251851179091151
2026-04-13 07:15:00,0.0010911214525979318,-0.0003497162964373447
2026-04-13 07:20:00,0.001241533474305001,-0.00010567257990399105
2026-04-13 07:25:00,0.00012073905022802478,-0.00011850042746757245
2026-04-13 07:30:00,0.00011222263288246381,0.0009647397373565676
2026-04-13 07:35:00,-0.00044474094573310197,-0.00013309311310934053
2026-04-13 07:40:00,0.0017818526665962509,0.0005182855472802052
2026-04-13 07:45:00,0.0006307532630476231,-0.000132810332912456
2026-04-13 07:50:00,0.0015895680294359948,-0.00030044929249754544
2026-04-13 07:55:00,-0.0006620044593947938,-0.00012767524804281025
2026-04-13 08:00:00,0.0006049798912357573,0.002317093109197839
2026-04-13 08:05:00,-0.00023689916032765268,-0.0002954578842149467
2026-04-13 08:10:00,0.001124935625147927,4.355600627888998e-05
2026-04-13 08:15:00,0.00020298815549324445,-0.00013785242555877777
2026-04-13 08:20:00,-4.0193818831468775e-05,-6.548993600922744e-05
2026-04-13 08:25:00,-0.0011376300884577972,0.0016726855770796657
2026-04-13 08:30:00,-0.0016462371971339707,-0.00013451963960343778
2026-04-13 08:35:00,-0.00041472529276020964,-0.00010436025402374306
2026-04-13 08:40:00,-6.98224288981919e-05,-0.00013842531054710395
2026-04-13 08:45:00,0.0032538849594772046,9.059135479702756e-06
2026-04-13 08:50:00,0.0004358801356332265,-0.00012803519204513276
2026-04-13 08:55:00,0.00041674644332623245,-0.0004058344281304058
2026-04-13 09:00:00,-0.001235609793269532,-0.0001244353531576964
2026-04-13 09:05:00,0.0006746047526817733,0.00017761352025487878
2026-04-13 09:10:00,0.0006934871686805621,-0.00012630537961970444
2026-04-13 09:15:00,4.438165263209726e-05,-0.0023843793538931273
2026-04-13 09:20:00,-0.00017548032498382327,-0.00012203753596547778
2026-04-13 09:25:00,0.00019231521156370945,-0.001214255620440316
2026-04-13 09:30:00,0.0015246866998932518,0.0009634341619970648
2026-04-13 09:35:00,0.0010925510036940977,-0.00010952181008850651
2026-04-13 09:40:00,0.00025777116824343693,0.0006950952362772727
2026-04-13 09:45:00,-0.0005530109687761353,-0.00010513890272866124
2026-04-13 09:50:00,-0.0001647571736462794,3.816873389454964e-05
2026-04-13 09:55:00,-0.00015211921104807402,-0.00011057701795323706
2026-04-13 10:00:00,-0.0007709261950719082,-4.21851613136742e-05
2026-04-13 10:05:00,-4.436233891702557e-05,0.0005268288051449281
2026-04-13 10:10:00,-0.00012889688583861414,-0.00011052161341861439
2026-04-13 10:15:00,1.0564648782462882e-05,-0.00011251140790073124
2026-04-13 10:20:00,-0.0007333199114309963,-2.426365171230393e-05
2026-04-13 10:25:00,-0.002240386478050027,-0.00012009929856072117
2026-04-13 10:30:00,-0.0009047383112150698,0.001214149229281683
2026-04-13 10:35:00,-0.001038556774537014,6.881149035964807e-05
2026-04-13 10:40:00,0.00041926413407367136,-0.00012673707608163028
2026-04-13 10:45:00,-0.00030669753623691065,-0.0005499689102994951
2026-04-13 10:50:00,-0.0015863555597572798,-0.00012894460637584998
2026-04-13 10:55:00,-0.0009213418353173353,-0.00047363345840561067
2026-04-13 11:00:00,-0.0014713403598776154,-0.0001523554769044182
2026-04-13 11:05:00,0.0006611108173473212,-0.0002801383180187063
2026-04-13 11:10:00,-0.0007716147905405535,-0.0001603397319067597
2026-04-13 11:15:00,-0.0012401465598141925,-0.0025519533437717563
2026-04-13 11:20:00,-0.0010469607307612705,-0.00016016791404942218
2026-04-13 11:25:00,-0.000250266705018376,-0.0009192952647222332
2026-04-13 11:30:00,-0.00013576753225130744,-0.00016408338217967385
2026-04-13 11:35:00,-0.00019085993059597683,0.000663597328547136
2026-04-13 11:40:00,0.00013150387425220345,1.2489545724890118e-05
2026-04-13 11:45:00,0.00044541824448351974,-0.00015726288509817392
2026-04-13 11:50:00,0.0006508946851120356,-0.0004198606558031808
2026-04-13 11:55:00,0.0005894338849170566,-0.00015330758086083576
2026-04-13 12:00:00,-0.0005133089235442867,0.022440891442699028
2026-04-13 12:05:00,-0.0013425368748514188,0.00021080204773563606
2026-04-13 12:10:00,-0.001013702028744845,0.0003107580237203391
2026-04-13 12:15:00,0.0006278129832626433,-0.00014714059576049322
2026-04-13 12:20:00,0.001100886016770275,0.0001456709303895488
2026-04-13 12:25:00,0.0010582134994656656,-0.00014637577655322387
2026-04-13 12:30:00,0.0010214743601704157,0.0004629457690967091
2026-04-13 12:35:00,0.0006951185160222195,-0.00012650596783180532
2026-04-13 12:40:00,0.0011502520489390378,0.002009075680126871
2026-04-13 12:45:00,0.0008659521515053115,2.0035799868974522e-05
2026-04-13 12:50:00,0.0005739561727065023,-0.00010878226002734149
2026-04-13 12:55:00,-0.000381152440178667,-0.0015138740537801398
2026-04-13 13:00:00,-0.0010438933720582355,-0.00011503695510713092
2026-04-13 13:05:00,-0.0005972602453070408,0.0006727340816779116
2026-04-13 13:10:00,-0.00016732945407937905,-0.00013957217398959245
2026-04-13 13:15:00,-0.00012500145674820828,-0.0004081721858211631
2026-04-13 13:20:00,-0.001675077784488721,-0.0001386579033638387
2026-04-13 13:25:00,-0.0028000349207015773,-0.00188090464778605
2026-04-13 13:30:00,-0.0023227828672531814,-0.0001463720175063428
2026-04-13 13:35:00,-0.0009171799907949918,0.001293721254964424
2026-04-13 13:40:00,-0.00021456834137012493,-0.00016031802919995819
2026-04-13 13:45:00,0.0002081037298431454,-0.00010683435928785718
2026-04-13 13:50:00,0.0014624183445288708,3.982474574121001e-05
2026-04-13 13:55:00,0.0023471250018474166,-0.00014770737992947326
2026-04-13 14:00:00,0.0008447111611502578,-0.001491710380245966
2026-04-13 14:05:00,-0.0014539220775748873,-0.00012802549522891333
2026-04-13 14:10:00,-0.0014381807586349993,-0.002088853835899437
2026-04-13 14:15:00,-8.486010811381561e-06,-0.00013693997723756646
2026-04-13 14:20:00,0.0007877150832218405,-0.0006361512141674322
2026-04-13 14:25:00,0.001005671306650413,-0.0001353820380649649
2026-04-13 14:30:00,0.0016830631475617253,0.00015120219527939535
2026-04-13 14:35:00,0.002558443353152029,-0.00012952719899643082
2026-04-13 14:40:00,0.001781838646207845,-0.0005488531377156722
2026-04-13 14:45:00,0.0011430362824942364,-9.881553383188825e-05
2026-04-13 14:50:00,0.0010684948464607658,-0.0002685214415589275
2026-04-13 14:55:00,0.0022265390125593143,-0.0011677370542094456
2026-04-13 15:00:00,0.0018198097921278134,-8.673526349356593e-05
2026-04-13 15:05:00,0.0004080541056001863,-5.639278493693651e-05
2026-04-13 15:10:00,1.0560543065807337e-05,-8.613591826435426e-05
2026-04-13 15:15:00,-0.0004097495093873249,-0.0034847038464346594
2026-04-13 15:20:00,-0.0006639657180880221,-7.629007186680332e-05
2026-04-13 15:25:00,-0.0016107147698392055,-0.00045991538982671255
2026-04-13 15:30:00,0.0012287451878929545,-8.588306249163974e-05
2026-04-13 15:35:00,-1.9037365060370348e-05,-0.00047782016982562714
2026-04-13 15:40:00,0.0009071388639600997,-8.251458481166564e-05
2026-04-13 15:45:00,-0.003191109874222775,0.0027133328493419376
2026-04-13 15:50:00,-0.0005649400880010091,0.00031658935191142935
2026-04-13 15:55:00,-0.0008077152037966329,-0.0037612171081166466
2026-04-13 16:00:00,-0.0011987666424797538,0.001436631548699793
2026-04-13 16:05:00,-0.0016098185441091317,-0.00011873245952694307
2026-04-13 16:10:00,-0.002564905010466134,-6.902592597290264e-05
2026-04-13 16:15:00,0.0001568108906244703,-0.0001249197591216412
2026-04-13 16:20:00,0.0003921024264155193,0.0007299721383538225
2026-04-13 16:25:00,0.0013690503558247968,-0.0006692272366707676
2026-04-13 16:30:00,-0.0008882134246270823,-0.0007212002334319028
2026-04-13 16:35:00,-0.0010834248731530494,-0.00014632132179503857
2026-04-13 16:40:00,-0.0005529046168568641,0.000986708031507557
2026-04-13 16:45:00,-0.0016492074490503938,-0.0001453250897447982
2026-04-13 16:50:00,-0.0018812883239434086,1.637544430872499e-05
2026-04-13 16:55:00,-0.002318746921970316,-0.00016030963652116325
2026-04-13 17:00:00,-0.0001253405706762578,9.304182269212293e-05
2026-04-13 17:05:00,-6.163701538497435e-05,-0.000201364007385367
2026-04-13 17:10:00,-0.0011156766460374001,-0.0001692403453418194
2026-04-13 17:15:00,0.0005692172567037801,0.0009563248020693551
2026-04-13 17:20:00,0.0024222364977912747,-0.00016570620080350414
2026-04-13 17:25:00,0.002013688660770896,-0.0004558570887503787
2026-04-13 17:30:00,0.001169276805089936,-0.00014863877796297568
2026-04-13 17:35:00,-0.0008251516869943742,-0.000995179985196212
2026-04-13 17:40:00,0.0005452071232614486,-0.0001415963588604572
2026-04-13 17:45:00,-0.000698006255234418,-0.00035845738324829114
2026-04-13 17:50:00,0.000920562329168817,-0.00014351768096203723
2026-04-13 17:55:00,0.0010916418421889063,-0.001300926782485812
2026-04-13 18:00:00,0.0029986110195530102,-0.00014974504360321756
2026-04-13 18:05:00,0.002073461399525911,0.0015151037265071666
2026-04-13 18:10:00,0.0021226375647280804,-0.0012302274180264394
2026-04-13 18:15:00,0.0016153077141929373,-0.00016323095148524806
2026-04-13 18:20:00,0.0019973818753520334,0.00151337347905607
2026-04-13 18:25:00,0.0019240421368031946,-0.0004859383831299141
2026-04-13 18:30:00,0.0008193415739938814,0.0005601261126979721
2026-04-13 18:35:00,0.00032089987355021776,-0.0001288167911253355
2026-04-13 18:40:00,-0.0012963680290969393,-0.0003851757812666053
2026-04-13 18:45:00,0.00015196894796964955,-0.00012119316308794163
2026-04-13 18:50:00,-0.0017789125439602316,-0.004314443042078039
2026-04-13 18:55:00,-0.00048604317442801914,-0.00012246513513132766
2026-04-13 19:00:00,0.0013139899618721529,-0.0006058788803993122
2026-04-13 19:05:00,0.003293351678976819,-0.00012290092767797047
2026-04-13 19:10:00,0.0025923157043798994,-7.088836254984961e-05
2026-04-13 19:15:00,-0.000206580648342225,-0.0006441822709780424
2026-04-13 19:20:00,0.00033927414624557173,-9.731452778034673e-05
2026-04-13 19:25:00,0.00018761864562755193,0.0011674126096832497
2026-04-13 19:30:00,-0.0009955580376228568,-7.944701698868951e-05
2026-04-13 19:35:00,-0.003383133793930071,-0.0013029848917611633
2026-04-13 19:40:00,-0.0029109951180004145,-7.473104674744734e-05
2026-04-13 19:45:00,-0.0014254567834210974,0.0002456720584082573
2026-04-13 19:50:00,-0.00010359506600643442,-7.274133437293133e-05
2026-04-13 19:55:00,-2.325451111140353e-05,0.001587178057614098
2026-04-13 20:00:00,-0.0014804008244624356,-7.750643430834435e-05
2026-04-13 20:05:00,-0.00013320942761829713,-0.0007524448332265121
2026-04-13 20:10:00,-0.0006280762991366373,-9.285282480634203e-05
2026-04-13 20:15:00,0.0017550912711872257,0.00024573033214237414
2026-04-13 20:20:00,0.0005644325224913871,0.00045507503085621503
2026-04-13 20:25:00,0.001348714803331319,-8.501891281576303e-05
2026-04-13 20:30:00,0.0005681584322125843,-0.0005523392298512019
2026-04-13 20:35:00,0.00162598228238231,0.0006489537280939134
2026-04-13 20:40:00,0.001034613178665822,-0.0007697653493681076
2026-04-13 20:45:00,-1.9003799703654067e-05,-7.856408946655427e-05
2026-04-13 20:50:00,-0.0010090647797547092,-0.0004659774599379703
2026-04-13 20:55:00,-0.000747347899881845,-7.005270297082584e-05
2026-04-13 21:00:00,0.00033990231830216544,-0.00239027097019143
2026-04-13 21:05:00,0.001416202135168021,-0.0015309371024241245
2026-04-13 21:10:00,0.001736618925843203,0.0009426371010890526
2026-04-13 21:15:00,0.0013120786935605366,-0.00019381977898906517
2026-04-13 21:20:00,5.905279321360979e-05,-3.948607969672076e-05
2026-04-13 21:25:00,-0.0003289452905086421,-0.000611227684301763
2026-04-13 21:30:00,-0.0003963953378463003,2.0117182187680304e-05
2026-04-13 21:35:00,0.0007568323450648506,-0.0003282223221041513
2026-04-13 21:40:00,-4.639842752318657e-05,-3.219800571230085e-05
2026-04-13 21:45:00,0.00011598298226367376,-0.000745775381596863
2026-04-13 21:50:00,-0.0004742708175200505,-2.403873689441098e-05
2026-04-13 21:55:00,0.0002783582784218197,0.002235209230115632
2026-04-13 22:00:00,-6.958817509783444e-05,-2.6821394059026772e-05
2026-04-13 22:05:00,-0.00046394905828073263,-0.0005332993283127547
2026-04-13 22:10:00,-0.0006854913395581974,-3.73958209467325e-05
2026-04-13 22:15:00,-0.0005737597875867806,0.00029691781825088003
2026-04-13 22:20:00,-0.00045150251941805664,-4.6672311454623495e-05
2026-04-13 22:25:00,4.852714831216076e-05,-3.967502542959265e-05
2026-04-13 22:30:00,-5.908220023798094e-05,-0.010776222698261964
2026-04-13 22:35:00,0.000470486476919163,-5.278715865423441e-05
2026-04-13 22:40:00,0.00012236235305351784,0.00026621316203506577
2026-04-13 22:45:00,0.0016719432693310665,-4.2253088957322896e-05
2026-04-13 22:50:00,0.0015680954861476692,-0.0003764139103098796
2026-04-13 22:55:00,0.0019283929611582096,-3.239547768688489e-05
2026-04-14 00:00:00,0.0003980711504691925,-2.5785157256030658e-05
2026-04-14 00:05:00,-0.0002253677769417095,-0.0010062006306293505
2026-04-14 00:10:00,-0.00015581932570185586,-2.488241788421378e-05
2026-04-14 00:15:00,-0.000256937849833605,0.00043698286589591724
2026-04-14 00:20:00,0.00014112408516453456,-2.1648932534487845e-05
2026-04-14 00:25:00,0.0006168181013794793,-0.0004128042592265821
2026-04-14 00:30:00,0.0008253361818351124,0.0006072793295221678
2026-04-14 00:35:00,0.0016225485141880824,0.0021019132324524552
2026-04-14 00:40:00,0.0013607060945268756,-0.0014192181952477117
2026-04-14 00:45:00,0.0026965382762664802,-6.989227301110416e-06
2026-04-14 00:50:00,0.0019683536366255083,0.0015332790225675245
2026-04-14 00:55:00,0.0010040941835232076,9.341345392676058e-06
2026-04-14 01:00:00,-0.0007684975202586486,-0.005784121323376267
2026-04-14 01:05:00,-0.0013125056353153752,1.2927931823806357e-05
2026-04-14 01:10:00,-0.0015149305472590413,0.004036461344869482
2026-04-14 01:15:00,-0.0011160023478318237,4.933994633903087e-06
2026-04-14 01:20:00,0.0002458321483089776,8.802193266673218e-05
2026-04-14 01:25:00,0.0008176331762967948,3.937087706861955e-06
2026-04-14 01:30:00,0.000599139149590755,0.0002524549717253499
2026-04-14 01:35:00,-0.00022481849153344058,3.4346233884141024e-06
2026-04-14 01:40:00,-0.00042029345507366145,0.0015347991238929984
2026-04-14 01:45:00,-0.0006180651814027271,1.8461637047386693e-05
2026-04-14 01:50:00,-0.0005107569086852948,0.00021954830529551025
2026-04-14 01:55:00,0.0004791204449130504,-0.0008700721159788046
2026-04-14 02:00:00,0.001918118185717077,0.00016329093075719616
2026-04-14 02:05:00,0.0014244238535017217,0.00026029962642584156
2026-04-14 02:10:00,0.0005670827525694477,0.00016001456257219124
2026-04-14 02:15:00,0.0003693351170550585,0.00023916691556594721
2026-04-14 02:20:00,0.0017640591769172431,0.00020027916185667735
2026-04-14 02:25:00,0.0015672553899914732,0.0005507623928359604
2026-04-14 02:30:00,0.000945799076681908,-0.0005801642200190205
2026-04-14 02:35:00,-0.000282962811141374,8.272717843677086e-05
2026-04-14 02:40:00,-7.337749264024751e-05,0.0006717924491315516
2026-04-14 02:45:00,-0.00039624594182896544,0.00024049633061277225
2026-04-14 02:50:00,0.0011334650986452033,-0.0005762186805708308
2026-04-14 02:55:00,0.0013660345644161964,0.00021168958822213133
2026-04-14 03:00:00,0.000593262194211519,-0.0018589553457617216
2026-04-14 03:05:00,-0.001022366448170331,0.00023508323462175974
2026-04-14 03:10:00,-0.0012004187194243343,0.0012074180098214967
2026-04-14 03:15:00,-0.0011155403034397438,0.0002458568469285511
2026-04-14 03:20:00,-0.0005325472447044177,-0.0017911423741990104
2026-04-14 03:25:00,0.0005406810197605694,0.00023343834834939527
2026-04-14 03:30:00,0.00026431940006688137,0.0005420950900028337
2026-04-14 03:35:00,-0.0006188657751824422,0.00023160317419302173
2026-04-14 03:40:00,-0.001664891726296247,0.0009088918293975137
2026-04-14 03:45:00,-0.00032936107396785985,0.00022168032948346992
2026-04-14 03:50:00,0.0008306606536852001,-0.0005575114235028896
2026-04-14 03:55:00,0.0006188917420253404,-0.00026056848610006106
2026-04-14 04:00:00,0.0011198045077396301,0.00020159157785671288
2026-04-14 04:05:00,4.6127588918309925e-05,0.0007429732955006122
2026-04-14 04:10:00,0.00011115014193485706,0.0001983952499032789
2026-04-14 04:15:00,-0.0008344918156826253,-0.0004992501669646118
2026-04-14 04:20:00,-0.0001572618822454075,0.0001954772726039969
2026-04-14 04:25:00,0.0008154222148135659,-0.001213591357543012
2026-04-14 04:30:00,0.001814863513702747,0.00018416884905714094
2026-04-14 04:35:00,0.0012553087685258646,0.0006208296503818212
2026-04-14 04:40:00,0.0005718660899969308,0.0001800679171819685
2026-04-14 04:45:00,-0.0007100450726600371,0.0003636706720169042
2026-04-14 04:50:00,-0.0011630454657698408,0.0001718479576303315
2026-04-14 04:55:00,-0.0012090544342413523,-0.000450318860026059
2026-04-14 05:00:00,-0.0005931378527712639,0.0008313781853597331
2026-04-14 05:05:00,-0.0001446894264969245,0.00012345169730358885
2026-04-14 05:10:00,-0.00018242799125012255,8.956663465032686e-05
2026-04-14 05:15:00,-0.00045504731075318716,0.00011391955665140401
2026-04-14 05:20:00,-0.0003481791941464252,-4.8997232744290886e-05
2026-04-14 05:25:00,-0.00019504604092190903,0.00010811249705372248
2026-04-14 05:30:00,0.0008051040675418619,0.0008775271571906224
2026-04-14 05:35:00,0.0009959732057343018,0.00011081274074177537
2026-04-14 05:40:00,9.647914065524787e-05,0.0005898063034332939
2026-04-14 05:45:00,-0.0006708750348582981,0.00010619675615689491
2026-04-14 05:50:00,-0.0007337788049142091,-0.0003705074837286171
2026-04-14 05:55:00,0.00015728298911987793,9.887709443707269e-05
2026-04-14 06:00:00,0.0011485990661288525,-0.000743812818612092
2026-04-14 06:05:00,0.0013497371738715458,-7.208922488130112e-05
2026-04-14 06:10:00,0.0015233157162004574,0.00011234420052352713
2026-04-14 06:15:00,0.00010473353703055466,0.0008699584362954163
2026-04-14 06:20:00,-0.00027231575389308205,0.00011557477862383819
2026-04-14 06:25:00,-0.0005466180501194629,-0.0003577962986172855
2026-04-14 06:30:00,0.00025550380462568967,0.00012107065365819812
2026-04-14 06:35:00,0.0002890712245537941,-0.0007363847994934264
2026-04-14 06:40:00,0.00015082103227825883,0.00013509548801275394
2026-04-14 06:45:00,-0.0006116425935793757,0.002572441031401375
2026-04-14 06:50:00,-0.001488142297876749,0.00013084935599888596
2026-04-14 06:55:00,-0.0017505043720085212,-0.0004115344337729948
2026-04-14 07:00:00,-0.001241191787171303,0.0001352283000818658
2026-04-14 07:05:00,-0.0005685937110619932,0.0003594864870983493
2026-04-14 07:10:00,-0.0003021934228772949,-5.154189555977524e-05
2026-04-14 07:15:00,-0.0009991038282795017,0.00012798286331072603
2026-04-14 07:20:00,-0.0011465627476656692,0.00018908032487105204
2026-04-14 07:25:00,-0.0007621847564589501,0.0001113791828398394
2026-04-14 07:30:00,0.00043460689231622496,-0.0038035948601212177
2026-04-14 07:35:00,0.0005041455574978926,0.00010436390959271413
2026-04-14 07:40:00,-0.0001281376662412015,-0.00014353162297464278
2026-04-14 07:45:00,0.00014272820795291352,0.00010689537117461993
2026-04-14 07:50:00,0.001638816600086912,0.0015547848317641955
2026-04-14 07:55:00,0.0012009088038862359,0.00011111526291557372
2026-04-14 08:00:00,-0.000119638440182257,0.000536309870207321
2026-04-14 08:05:00,-0.0009859058230752282,0.00011658782169518261
2026-04-14 08:10:00,0.0003587331095626922,0.000740824389557734
2026-04-14 08:15:00,0.00026444477246023723,-0.0002996344211503212
2026-04-14 08:20:00,0.0005916601274105204,0.00011345146521313124
2026-04-14 08:25:00,0.00042150427318610184,0.0024227580865813524
2026-04-14 08:30:00,0.0015914872438891337,0.00012139454623495089
2026-04-14 08:35:00,0.002367331113491744,-0.00035903179957051293
2026-04-14 08:40:00,0.0025943121881706332,0.00012107171208653516
2026-04-14 08:45:00,0.002924743345701586,0.0012280633973650865
2026-04-14 08:50:00,0.002914793008391925,0.00012511017631848336
2026-04-14 08:55:00,0.0017863471453676283,0.00080654769376714
2026-04-14 09:00:00,-0.0003949055151082348,0.00014334409058180004
2026-04-14 09:05:00,-0.004181560836899578,4.555797852509588e-05
2026-04-14 09:10:00,-0.003720450117560503,0.00013560933811423967
2026-04-14 09:15:00,-0.0025780275219897675,0.00048510745794538206
2026-04-14 09:20:00,0.0011035390797946576,0.002867866421416369
2026-04-14 09:25:00,0.0010889164055338796,0.00010124042951192291
2026-04-14 09:30:00,0.0010659162286099644,-0.0005324803544759381
2026-04-14 09:35:00,-0.0005505703147221652,0.00010891684578583319
2026-04-14 09:40:00,-0.00033283129842409664,0.0008647807516282606
2026-04-14 09:45:00,4.395250200417422e-05,0.00011440812953108747
2026-04-14 09:50:00,0.0010527275088421106,-0.0002985740637118132
2026-04-14 09:55:00,0.0008496515056712894,9.947714324552695e-05
2026-04-14 10:00:00,0.00025739729623808216,-0.000261379755227748
2026-04-14 10:05:00,-0.0006382015071011438,-0.000182382255812647
2026-04-14 10:10:00,0.0012104476266028286,0.00016047277588389375
2026-04-14 10:15:00,0.0019711812667608797,0.00011136012237358073
2026-04-14 10:20:00,0.0021452505373140696,0.0001098631750335711
2026-04-14 10:25:00,-0.0002820977644173439,0.0010012530016939288
2026-04-14 10:30:00,-0.0008398375972049621,0.0001220409806508877
2026-04-14 10:35:00,-0.0006894909323023057,0.0005419117124166057
2026-04-14 10:40:00,0.0004763854968032888,0.00012124339900279756
2026-04-14 10:45:00,0.00024659263439907875,0.0012253705920045486
2026-04-14 10:50:00,0.00028212193497090254,0.00010965460751640302
2026-04-14 10:55:00,-0.00026323761525048894,0.0003507821123451086
2026-04-14 11:00:00,-0.00010448098037763032,0.00010099869058942837
2026-04-14 11:05:00,9.193365739434967e-05,-0.00021166247755476705
2026-04-14 11:10:00,-0.0014469543304809207,0.00010283345933786382
2026-04-14 11:15:00,-0.002336955595481527,0.0010817225820080214
2026-04-14 11:20:00,-0.0015117097636725418,0.00010606873396666892
2026-04-14 11:25:00,-0.00010672258103028298,-0.0003141465271421067
2026-04-14 11:30:00,0.00041046089470242464,0.0010335613934569303
2026-04-14 11:35:00,-0.00032019856770126864,9.669152966230567e-05
2026-04-14 11:40:00,7.324221307669632e-05,-0.008850419696043077
2026-04-14 11:45:00,0.0008434288917076316,-0.00023348046273676437
2026-04-14 11:50:00,0.0015372728883598086,-0.00023186334949444582
2026-04-14 11:55:00,0.0007530372858290946,0.00010337993298129751
2026-04-14 12:00:00,0.0013985650788317372,0.00012963312624374195
2026-04-14 12:05:00,-0.00012958349375224998,0.00011557934293882027
2026-04-14 12:10:00,0.0003261401344332171,0.0006410342289464607
2026-04-14 12:15:00,-0.0005077728003488602,0.00011526231266088572
2026-04-14 12:20:00,-0.0043927662380625065,0.0009421882830741469
2026-04-14 12:25:00,-0.0034675434474635836,0.00010312651552546134
2026-04-14 12:30:00,-0.0030478702125904533,0.0009221775801249745
2026-04-14 12:35:00,0.001529288046439703,0.0010361460634192416
2026-04-14 12:40:00,0.00026635487225057375,7.00073605133185e-05
2026-04-14 12:45:00,0.00030394786584864164,-0.0014984165404774328
2026-04-14 12:50:00,0.0012527339725618702,6.876328891648812e-05
2026-04-14 12:55:00,0.0016657294244666332,0.0012365159764378317
2026-04-14 13:00:00,0.0012441746381615104,8.975249142797919e-05
2026-04-14 13:05:00,0.00042280997624111194,-0.0036191051726613462
2026-04-14 13:10:00,0.0003453700045952246,0.00010431178281147939
2026-04-14 13:15:00,-0.0006784488073297013,0.002113725274389325
2026-04-14 13:20:00,-0.00015487003505043617,0.00012081994627764482
2026-04-14 13:25:00,4.185571498283025e-06,0.0005584823951608657
2026-04-14 13:30:00,0.0002911192928980455,-0.000793673121072857
2026-04-14 13:35:00,-0.0009192495467384987,-2.7868089935454955e-05
2026-04-14 13:40:00,-0.0006950449023399585,0.00020953031455699252
2026-04-14 13:45:00,-0.00014240748249605417,0.00012878402823282925
2026-04-14 13:50:00,0.0003707330398068365,0.00047743604708145833
2026-04-14 13:55:00,-0.0010812103064203882,0.00011963022339669881
2026-04-14 14:00:00,-0.0008695443193076358,1.8756877713974778e-05
2026-04-14 14:05:00,-0.0017837104429414552,0.0005013195645834427
2026-04-14 14:10:00,-0.00032920499388922053,0.00021704156193847818
2026-04-14 14:15:00,0.00109571143682885,0.00012230687612186996
2026-04-14 14:20:00,0.0014234519745404128,8.58128020789094e-05
2026-04-14 14:25:00,0.00016776130960316493,0.00012711122411285838
2026-04-14 14:30:00,-0.0006199874944368133,-0.00034829476995579343
2026-04-14 14:35:00,-0.0017927483432664815,0.00011714558642163706
2026-04-14 14:40:00,0.0005576040778301206,-9.897118772958643e-05
2026-04-14 14:45:00,0.0010240291727487971,-0.0003098729753668526
2026-04-14 14:50:00,0.0025382559616602407,0.00010672262368784349
2026-04-14 14:55:00,0.002087204856771052,0.00132475655277668
2026-04-14 15:00:00,0.002120111106778566,0.00012670569048474676
2026-04-14 15:05:00,0.0029472649414685748,-0.006009777132398595
2026-04-14 15:10:00,0.0004432577846547048,0.00011332558070536687
2026-04-14 15:15:00,0.0013629425802292872,0.0001997224798589032
2026-04-14 15:20:00,-0.00035697175605164944,0.0001150427878172947
2026-04-14 15:25:00,0.0018837431484133305,-0.0008450002070776415
2026-04-14 15:30:00,4.171550857634543e-06,-0.0004983609695556903
2026-04-14 15:35:00,0.0006449613403329835,7.822602239138022e-05
2026-04-14 15:40:00,0.000644502613356579,0.00013756236081690845
2026-04-14 15:45:00,0.00031907206607151295,0.00028063051470367365
2026-04-14 15:50:00,0.0020302670916905186,-2.0256224431666953e-05
2026-04-14 15:55:00,-3.5447276870215205e-05,0.00014253600785218027
2026-04-14 16:00:00,0.0019164596368366205,0.0007632603888706938
2026-04-14 16:05:00,-0.0001832634646508069,0.0011587067817234245
2026-04-14 16:10:00,0.002831819023652926,-0.00046204659423812293
2026-04-14 16:15:00,0.0017673837139966508,0.0001377746735172797
2026-04-14 16:20:00,0.0006308682142357469,1.3061497364091619e-06
2026-04-14 16:25:00,-0.002379439279632578,0.00014303638464580872
2026-04-14 16:30:00,-0.002877232853053968,0.00021865369837769898
2026-04-14 16:35:00,-0.0004267814808311954,9.930330987993875e-05
2026-04-14 16:40:00,0.001245592160929121,0.002993858303453078
2026-04-14 16:45:00,-0.0007211248191847375,-0.0005588477585177388
2026-04-14 16:50:00,-0.0019697170289436627,7.668280231496118e-05
2026-04-14 16:55:00,-0.0019085963446272558,-0.00018265226869366267
2026-04-14 17:00:00,0.0008648707765779307,5.8469234666601294e-05
2026-04-14 17:05:00,0.002265360659768234,0.000787865273416361
2026-04-14 17:10:00,0.0016566869848624322,0.0007621294414213646
2026-04-14 17:15:00,0.0014924863279208722,6.52096564612254e-05
2026-04-14 17:20:00,0.0017096865580139564,-8.605832099312994e-05
2026-04-14 17:25:00,0.0014543701802356424,0.000341200030326496
2026-04-14 17:30:00,0.0002454120438901697,7.782629544446468e-05
2026-04-14 17:35:00,-0.0003242414130415483,0.0008774767375359741
2026-04-14 17:40:00,-0.00030775885257661173,7.125933586860536e-05
2026-04-14 17:45:00,0.0006922364814805348,0.0009405627951280036
2026-04-14 17:50:00,0.00011640644988020199,8.750454798836613e-05
2026-04-14 17:55:00,0.00031607534501176815,-0.0001404608778453433
2026-04-14 18:00:00,0.0007976602390495913,0.003041634421075043
2026-04-14 18:05:00,0.0012214503123324505,0.00011152981116573127
2026-04-14 18:10:00,0.001412799364047146,-7.596927433727352e-05
2026-04-14 18:15:00,-5.814122505221064e-05,-0.00033946727302478565
2026-04-14 18:20:00,-0.00012249317219570344,0.0004913302497380326
2026-04-14 18:25:00,-0.0002159459479074144,0.00016200362957539575
2026-04-14 18:30:00,-9.344833715374534e-05,0.001713009636308777
2026-04-14 18:35:00,-0.0005212827827865141,0.000153797083112673
2026-04-14 18:40:00,-0.0011220080964307044,8.852556369695478e-05
2026-04-14 18:45:00,4.15344486626168e-06,0.00015187442802373446
2026-04-14 18:50:00,0.0032230260439209957,5.882885372540241e-05
2026-04-14 18:55:00,0.003546643903863611,0.0001686191267974796
2026-04-14 19:00:00,0.00255732070914938,0.0022827752811422535
2026-04-14 19:05:00,0.00027536260563465476,-0.0007612627985305361
2026-04-14 19:10:00,-0.000331510718083905,0.00020574461750404036
2026-04-14 19:15:00,0.0008820332887182758,-0.0008862178149979026
2026-04-14 19:20:00,0.0015265757409395064,0.0002166927688404232
2026-04-14 19:25:00,0.002386495190746629,0.0013037692327386198
2026-04-14 19:30:00,0.0012781880428196501,0.00021114645624555935
2026-04-14 19:35:00,-0.0002852801656594295,-0.0007788850100498713
2026-04-14 19:40:00,-0.0003680552868861042,0.00021404775405764893
2026-04-14 19:45:00,-0.00020464841370682052,-0.0007870676400216735
2026-04-14 19:50:00,0.0012975744619883045,0.0002119733230476936
2026-04-14 19:55:00,0.0007442414662737207,-2.074072034108674e-05
2026-04-14 20:00:00,-0.00022950409641531166,0.00021888045702709842
2026-04-14 20:05:00,-0.0016449819372255092,-0.0007596084404627656
2026-04-14 20:10:00,-0.0002748913628050076,0.0019131853541911148
2026-04-14 20:15:00,0.00015714362546148664,0.00019555424989956344
2026-04-14 20:20:00,0.0005065955749188333,0.0004469587967249264
2026-04-14 20:25:00,-0.0006348123432946551,0.0017388634811154133
2026-04-14 20:30:00,-0.0007011339421989504,0.00012060470363424414
2026-04-14 20:35:00,-0.0006886190978239171,0.0001856480332861107
2026-04-14 20:40:00,0.00045288778773233673,0.0001955723063759515
2026-04-14 20:45:00,0.0016186903308916811,0.00012807499774597367
2026-04-14 20:50:00,0.0015482103077086862,0.0001931845801916346
2026-04-14 20:55:00,0.0009919139170797564,1.4590074171378547e-05
2026-04-14 21:00:00,-0.0002003852775160908,0.0002533419137427048
2026-04-14 21:05:00,-0.0003367229452724274,0.00019860060578441276
2026-04-14 21:10:00,-0.00026234818298753737,-2.4141261268546983e-05
2026-04-14 21:15:00,-8.471100638729467e-05,0.00010672678496325928
2026-04-14 21:20:00,0.0004296632993181504,0.00017263573300133612
2026-04-14 21:25:00,0.0002706099999674194,0.00022343280771651663
2026-04-14 21:30:00,0.0006754223970304452,0.00017397141948672718
2026-04-14 21:35:00,-6.195754874482873e-06,0.00037245470016879353
2026-04-14 21:40:00,0.000780433861715224,0.0001670339252823492
2026-04-14 21:45:00,8.258917054071446e-05,0.0003432034755123432
2026-04-14 21:50:00,0.0003530967759299841,0.0001911834636527374
2026-04-14 21:55:00,-0.0005098970717085649,0.00010930314625388375
2026-04-14 22:00:00,-0.0005100971463587456,0.00019398079742022768
2026-04-14 22:05:00,-0.0004212526132469918,0.001350018570676298
2026-04-14 22:10:00,-0.0004956957190760392,0.0003524660020822438
2026-04-14 22:15:00,-0.0001342793487602023,-0.00011987636290946926
2026-04-14 22:20:00,-0.0003077917823226528,0.00044442561589449353
2026-04-14 22:25:00,0.00044200721563036893,0.00018856214524075703
2026-04-14 22:30:00,0.00021070723340876896,0.0010238805813842266
2026-04-14 22:35:00,0.00035942541896361035,0.00018305813416523117
2026-04-14 22:40:00,-0.00017967095481452589,0.00011307138609175452
2026-04-14 22:45:00,0.001490208657269676,0.00017446712798351485
2026-04-14 22:50:00,0.001238408143528602,0.0006708880065847123
2026-04-14 22:55:00,0.0006772116483197976,0.00018449514912082752
2026-04-15 00:00:00,-0.002337438679225201,0.00019121758730511742
2026-04-15 00:05:00,-0.0011206934198622065,0.00018737402733931424
2026-04-15 00:10:00,-0.0009932630330560244,0.0001742378198858245
2026-04-15 00:15:00,0.00037204303726845467,0.00016378166638532674
2026-04-15 00:20:00,-0.0005143294569052159,0.00016159426990924194
2026-04-15 00:25:00,4.75173722573885e-05,0.003499046630507062
2026-04-15 00:30:00,-0.00022320921202734212,0.00036522905268336625
2026-04-15 00:35:00,-0.0007585505228675515,0.0001736677724910516
2026-04-15 00:40:00,-0.0010810621919432606,-0.0014281893176780376
2026-04-15 00:45:00,-0.00010542167127880475,0.00016848912735712465
2026-04-15 00:50:00,0.000626310647806605,-0.00010579760732712639
2026-04-15 00:55:00,0.0004238825846698546,0.00017224213671347888
2026-04-15 01:00:00,0.00013229208457943287,0.0010870397335782463
2026-04-15 01:05:00,-0.00021079345212982048,0.00018148800291352976
2026-04-15 01:10:00,-0.00031427620588253546,-0.0007738139319879753
2026-04-15 01:15:00,0.0006797879075630675,0.00018322151879698875
2026-04-15 01:20:00,0.000830516786161084,0.0002702062280747088
2026-04-15 01:25:00,0.001386620268648997,0.00048778333186254926
2026-04-15 01:30:00,1.0327559195388858e-05,0.0001992687264988203
2026-04-15 01:35:00,-0.0007602473649050978,-0.00020371777775823736
2026-04-15 01:40:00,-0.0010454697611095298,0.00019500714907537043
2026-04-15 01:45:00,-0.0006074418003425563,0.0006021731045190873
2026-04-15 01:50:00,-0.0008021915972644678,0.00017896055635148927
2026-04-15 01:55:00,-0.0008065433850852344,0.0005312133905300099
2026-04-15 02:00:00,-0.001141500700903464,0.0001598447851856297
2026-04-15 02:05:00,0.0002233550838077747,0.00019316864081014187
2026-04-15 02:10:00,6.206489921645186e-05,0.00015143184102454907
2026-04-15 02:15:00,-0.00042218893167600413,0.00026364968755616155
2026-04-15 02:20:00,-0.0013160319816272192,0.00015322664334636445
2026-04-15 02:25:00,-0.0007450331470462146,0.0004295801585582421
2026-04-15 02:30:00,-0.000169753629926106,0.0001416778628414248
2026-04-15 02:35:00,0.00031468090167408036,-0.000700721282787787
2026-04-15 02:40:00,0.0012124649487770256,0.0002937727075364423
2026-04-15 02:45:00,0.0009870657945061367,0.00014004434886439636
2026-04-15 02:50:00,0.0019810422042674247,0.000264842203438713
2026-04-15 02:55:00,0.0028701178692305263,0.0001393404589109983
2026-04-15 03:00:00,0.006074721441050812,-0.00012042045916318167
2026-04-15 03:05:00,0.0007372354830579297,0.0001593013398772172
2026-04-15 03:10:00,0.00016699774179507187,-0.002348026987772623
2026-04-15 03:15:00,-0.003251345664688543,0.00017129377086921345
2026-04-15 03:20:00,0.0003054733415712718,0.00019813301215404667
2026-04-15 03:25:00,-0.0015081138750563383,0.00016192034227930594
2026-04-15 03:30:00,-0.0008335844197997488,5.177753929326277e-05
2026-04-15 03:35:00,-0.00017955748416120798,0.00015043100305042916
2026-04-15 03:40:00,0.000716173476675408,7.660234023676932e-05
2026-04-15 03:45:00,0.0008067719759381475,-6.919876800803111e-07
2026-04-15 03:50:00,0.001270656064559006,0.0001606673048708756
2026-04-15 03:55:00,-0.0002992031931832173,0.0002512020374150247
2026-04-15 04:00:00,-0.0011949146356240448,0.00016167121060221907
2026-04-15 04:05:00,-0.0028385094082867823,0.00010193468919938282
2026-04-15 04:10:00,-0.0021569097625881994,-0.0001575035971188394
2026-04-15 04:15:00,-0.0031520061173750946,0.00013108341774581447
2026-04-15 04:20:00,-0.0015392575709061163,0.00011098001880618184
2026-04-15 04:25:00,-0.0013473283651492807,0.0009110149111459644
2026-04-15 04:30:00,6.007194134660665e-05,9.765610902664394e-05
2026-04-15 04:35:00,-0.001174656154557141,-0.00029390263085673753
2026-04-15 04:40:00,-0.0008909369515937016,9.268885480490736e-05
2026-04-15 04:45:00,-0.0021046680580401045,-0.00014542372460214095
2026-04-15 04:50:00,-0.001016247603876863,0.00043342595245297026
2026-04-15 04:55:00,-0.0006614641407249877,6.886314431665466e-05
2026-04-15 05:00:00,0.0017586870794001896,0.00024172752274894316
2026-04-15 05:05:00,0.000723922988788317,6.518686965738579e-05
2026-04-15 05:10:00,0.001121535356258363,0.00022320260461198774
2026-04-15 05:15:00,4.972918316603625e-05,8.031526544071427e-05
2026-04-15 05:20:00,0.0010859384486288093,0.009192814398022765
2026-04-15 05:25:00,0.00040808421601568057,7.59663999946029e-05
2026-04-15 05:30:00,0.00014710102241011214,-2.6647090194357792e-05
2026-04-15 05:35:00,-0.00022579465832528456,7.489842966487142e-05
2026-04-15 05:40:00,-0.0009427815237668113,-0.0003406067349745422
2026-04-15 05:45:00,-0.0011338586503431003,6.897293638000754e-05
2026-04-15 05:50:00,-0.000688055834274337,5.302308540684427e-08
2026-04-15 05:55:00,0.0003378458936698081,7.307477614274275e-05
2026-04-15 06:00:00,0.0003276451673670522,6.0252331191535004e-05
2026-04-15 06:05:00,0.00010158019402339846,-3.8916595083542344e-05
2026-04-15 06:10:00,-0.00013678274569173254,5.92634175315703e-05
2026-04-15 06:15:00,0.0008269301984658028,-6.923918508124074e-05
2026-04-15 06:20:00,0.0002404344413182713,6.819360667012027e-05
2026-04-15 06:25:00,-0.00028606075876780324,0.0031097175382744278
2026-04-15 06:30:00,-0.0002465567533302959,7.035936130660441e-05
2026-04-15 06:35:00,4.559311461882487e-05,-0.0005890291058626026
2026-04-15 06:40:00,0.00032336699948487535,6.028161302298894e-05
2026-04-15 06:45:00,-0.0001761491926028924,-0.0004414235622632743
2026-04-15 06:50:00,8.289433873542862e-06,6.029873689006102e-05
2026-04-15 06:55:00,0.00041027681827721096,0.0007841870485423213
2026-04-15 07:00:00,0.0010667816626259707,-1.7778212818484574e-05
2026-04-15 07:05:00,-7.667988534976189e-05,8.337831859510482e-05
2026-04-15 07:10:00,-0.00017196423600651656,6.36329406382541e-05
2026-04-15 07:15:00,-0.0006254310396958118,8.218895487182026e-05
2026-04-15 07:20:00,-0.0010409410050442602,-0.00015260763034177256
2026-04-15 07:25:00,-0.0019122447526420672,8.18346926548118e-05
2026-04-15 07:30:00,-0.0020031817047474476,-5.2304677916930036e-05
2026-04-15 07:35:00,0.0002945593662140311,6.681822509537464e-05
2026-04-15 07:40:00,0.0005728125876540702,-9.814435694930073e-05
2026-04-15 07:45:00,0.0007884799346129512,6.384864823285085e-05
2026-04-15 07:50:00,-0.000798830637485537,0.00034494804209410406
2026-04-15 07:55:00,-6.017140552927458e-05,6.749778247713896e-05
2026-04-15 08:00:00,-0.0009504027476072707,-0.0004227467384407853
2026-04-15 08:05:00,-0.0005003721752139256,0.0004772903822995721
2026-04-15 08:10:00,-0.0009881587836790828,5.686666869746834e-05
2026-04-15 08:15:00,-0.0006001734245177914,-0.0005196798140246406
2026-04-15 08:20:00,0.00016612641012159202,0.00017586487929248097
2026-04-15 08:25:00,0.00030942361273744723,-0.0012789235854037814
2026-04-15 08:30:00,0.0013721851343504454,4.889177541215251e-05
2026-04-15 08:35:00,-0.0002928163449826826,0.000121721723203437
2026-04-15 08:40:00,-0.0009036192119804554,-0.005181694772015549
2026-04-15 08:45:00,-0.002251289626704178,0.00012810014135940733
2026-04-15 08:50:00,-0.001026572522736302,3.6413037239249904e-05
2026-04-15 08:55:00,0.0008662442623279532,0.00034185903781103807
2026-04-15 09:00:00,0.0007939295981209682,4.582694632456441e-05
2026-04-15 09:05:00,0.00010187311400500221,0.0011090579688810772
2026-04-15 09:10:00,-0.0006335102181047603,4.427702228208694e-05
2026-04-15 09:15:00,-0.00033661568572895817,6.533485744022641e-05
2026-04-15 09:20:00,0.0007086664379354346,0.0005849585556397186
2026-04-15 09:25:00,-0.0005195701401472519,7.305134673477424e-05
2026-04-15 09:30:00,-0.0007629993519806533,-0.00220636958182421
2026-04-15 09:35:00,-0.0006982718057226833,7.7394690831488e-05
2026-04-15 09:40:00,0.00024319243188664075,0.003941758559674414
2026-04-15 09:45:00,0.0006777885226725289,7.88288273848244e-05
2026-04-15 09:50:00,-0.0002973291341028528,0.00016506187119027393
2026-04-15 09:55:00,1.2469812661564106e-05,0.00031800759237015866
2026-04-15 10:00:00,5.403697793227025e-05,7.772851681653813e-05
2026-04-15 10:05:00,0.0003077236582686993,-0.0001614269264030711
2026-04-15 10:10:00,-0.00040119027246454664,7.223810805808483e-05
2026-04-15 10:15:00,-0.0004136650889279281,-0.00015062860653793355
2026-04-15 10:20:00,-6.652682176877533e-05,8.027666880218799e-05
2026-04-15 10:25:00,0.00011226634578598294,-0.00043262190414614007
2026-04-15 10:30:00,0.0004074302020331544,8.081286151551695e-05
2026-04-15 10:35:00,0.0009912070158630826,-0.00037154310097278987
2026-04-15 10:40:00,0.0017198409024850037,7.193725921948431e-05
2026-04-15 10:45:00,0.0007479090060318327,-0.00018665463906303585
2026-04-15 10:50:00,-0.0017545031192440774,5.3635013845237765e-05
2026-04-15 10:55:00,-0.0027764749145813283,-0.00017514578847816013
2026-04-15 11:00:00,-0.001850016221602857,3.0993075809638236e-05
2026-04-15 11:05:00,-0.00037250032426250357,-0.0006172243606918518
2026-04-15 11:10:00,-0.0015286860652992118,6.462914167125216e-05
2026-04-15 11:15:00,-0.001611677721868432,-0.00019996987819244984
2026-04-15 11:20:00,-0.0016394009756499628,9.091985709022146e-05
2026-04-15 11:25:00,-0.0004211114485705991,3.3971623953940196e-05
2026-04-15 11:30:00,-0.0006545744353498861,0.0005697303871979405
2026-04-15 11:35:00,0.0004189590492345019,2.231496121567952e-05
2026-04-15 11:40:00,0.0005857553232004875,-0.00046053686589332915
2026-04-15 11:45:00,6.464265645966805e-05,2.534421311528311e-05
2026-04-15 11:50:00,0.0006437292351400004,-0.00013430189459117298
2026-04-15 11:55:00,0.0005645851126594437,2.4703164651352872e-05
2026-04-15 12:00:00,-0.00012094772987403246,0.0003161592776344133
2026-04-15 12:05:00,-0.0014630519533831432,2.15262878665887e-05
2026-04-15 12:10:00,-0.0012546033285829594,0.0012882496993515914
2026-04-15 12:15:00,-0.00017310582127194607,8.681884149470566e-06
2026-04-15 12:20:00,0.00033990234912018025,0.0005384664285891174
2026-04-15 12:25:00,0.001012974918571885,-0.00029132561019426094
2026-04-15 12:30:00,0.0013881740656405128,4.703853851162903e-06
2026-04-15 12:35:00,0.0014396540650380985,0.0037220194216805143
2026-04-15 12:40:00,-3.541596572986805e-05,5.731337319293737e-06
2026-04-15 12:45:00,-0.0004750138635039036,0.0012252403002084894
2026-04-15 12:50:00,-0.0008643771971872383,-1.5042683222580056e-06
2026-04-15 12:55:00,0.0005248611425425764,-0.000609015352286456
2026-04-15 13:00:00,0.0012224953127741855,1.2896228604566836e-06
2026-04-15 13:05:00,0.0015074887971291417,0.0006635636834634289
2026-04-15 13:10:00,0.0005786940826606468,7.49693563891774e-06
2026-04-15 13:15:00,-0.00029767635722421915,-7.673728448570724e-05
2026-04-15 13:20:00,-0.0004890601506168935,1.3304638970238658e-05
2026-04-15 13:25:00,0.000141500109483772,-0.000630495856779399
2026-04-15 13:30:00,0.001267112163302997,-0.00042128516312098604
2026-04-15 13:35:00,0.002125151816537496,2.643129280754029e-05
2026-04-15 13:40:00,0.0013494871814163645,0.0003049310055728353
2026-04-15 13:45:00,4.7823361306598144e-05,4.1144071739409245e-05
2026-04-15 13:50:00,-0.00015164687496316276,-0.00019801723103601417
2026-04-15 13:55:00,0.0003012545717382409,0.0020761822564271592
2026-04-15 14:00:00,0.0009019775532799201,2.822849989235547e-05
2026-04-15 14:05:00,-7.894857128043498e-05,0.0008080322359806472
2026-04-15 14:10:00,-0.0004342509810317807,0.00048299461066913824
2026-04-15 14:15:00,-0.00021606797915119103,3.203637906488556e-05
2026-04-15 14:20:00,3.947506474943907e-05,-0.0012422931065178215
2026-04-15 14:25:00,-2.0782286842546682e-05,5.6872768458452125e-05
2026-04-15 14:30:00,-0.0003325034631771473,0.0006678719658804586
2026-04-15 14:35:00,-6.440748749625413e-05,0.00047360691379329744
2026-04-15 14:40:00,1.662586402595423e-05,6.434227960394185e-05
2026-04-15 14:45:00,0.00016626555140675237,0.00021762835947433066
2026-04-15 14:50:00,0.00021606034815846442,6.193944391554384e-05
2026-04-15 14:55:00,0.00047579819159437875,-7.466545682800212e-05
2026-04-15 15:00:00,0.00030751841197229624,4.832554650039071e-05
2026-04-15 15:05:00,0.000749616661224195,0.003206718976540309
2026-04-15 15:10:00,0.0016127043892790738,5.140684891661274e-05
2026-04-15 15:15:00,0.0012830762366906612,0.0004525661510993691
2026-04-15 15:20:00,0.0011741692442956975,6.269035105648794e-05
2026-04-15 15:25:00,-0.00021155812638440352,-0.000597115368394334
2026-04-15 15:30:00,0.0012130475623131076,7.119397559459298e-05
2026-04-15 15:35:00,0.000623864602239621,-0.000185905912944294
2026-04-15 15:40:00,0.0017367700037169698,0.00011456248745562894
2026-04-15 15:45:00,0.00021342704864935058,9.014404080506812e-05
2026-04-15 15:50:00,-0.0002652503419255936,0.0006116373812773032
2026-04-15 15:55:00,-0.00010768319614129496,8.987675723201123e-05
2026-04-15 16:00:00,-0.00035850055972375117,-5.160634865733387e-06
2026-04-15 16:05:00,0.00011398337720258667,0.0004497554141775828
2026-04-15 16:10:00,-0.0006442705206008981,-0.0008817425999035871
2026-04-15 16:15:00,-0.0011696465641612974,9.19133475877202e-05
2026-04-15 16:20:00,-0.0017214956785878144,0.0004490407673615495
2026-04-15 16:25:00,-0.001256588962215588,7.379493328999099e-05
2026-04-15 16:30:00,-0.0004836046698812879,-0.00034208703740636493
2026-04-15 16:35:00,-0.0005170271263725823,0.0007672806671505507
2026-04-15 16:40:00,-0.0007285490883806034,-0.00014431294465571748
2026-04-15 16:45:00,-0.0013357973818184377,0.0001321977721491793
2026-04-15 16:50:00,-0.001565168367228864,6.13794596354835e-05
2026-04-15 16:55:00,-0.001227902840396311,0.0004194520083240885
2026-04-15 17:00:00,-0.00022869783710000036,4.0964027942190936e-05
2026-04-15 17:05:00,-0.00042028958987216924,0.00010484265117184486
2026-04-15 17:10:00,-0.002533283203725034,3.4843295839845505e-05
2026-04-15 17:15:00,-0.002886083013464713,0.0002586529073044524
2026-04-15 17:20:00,-0.0008015364946043491,1.0412586842540553e-05
2026-04-15 17:25:00,0.0012060353211698072,0.00011615378561841524
2026-04-15 17:30:00,0.0015606852261704773,-0.0002183050970432315
2026-04-15 17:35:00,0.0008202660286880104,0.0012150509828163165
2026-04-15 17:40:00,-0.0004164280940930354,-2.7405100731991703e-07
2026-04-15 17:45:00,0.000295609780589956,-0.0038528253186258282
2026-04-15 17:50:00,0.00042860234681185716,-0.0003176611355137272
2026-04-15 17:55:00,0.0013839536451367707,-7.026376209347107e-06
2026-04-15 18:00:00,0.0005763958771449751,-0.012313538303626321
2026-04-15 18:05:00,0.00015599893952433774,-7.6277801330377665e-06
2026-04-15 18:10:00,0.0006756721895726514,3.769375110016736e-05
2026-04-15 18:15:00,0.0005261652966694896,-1.6655927671285215e-06
2026-04-15 18:20:00,-0.00018304123054768695,0.00023841540248276753
2026-04-15 18:25:00,-0.0014683496394596318,-7.947421227772754e-06
2026-04-15 18:30:00,-0.0007966346250150025,-3.1301791069439234e-05
2026-04-15 18:35:00,-0.0009989969237551577,-0.00011567503752151341
2026-04-15 18:40:00,-4.9953480830922103e-05,-2.3597436143667868e-05
2026-04-15 18:45:00,-0.0010326170470786877,8.62646979879281e-07
2026-04-15 18:50:00,0.00013117525761963122,-0.0012639583226524125
2026-04-15 18:55:00,-0.0012704894133932498,-7.85761624779123e-06
2026-04-15 19:00:00,9.78945385003982e-05,1.2284467541766377e-07
2026-04-15 19:05:00,0.0007076331009674419,0.00035988728693848337
2026-04-15 19:10:00,0.0007374969605233872,-1.1706420168557505e-05
2026-04-15 19:15:00,-0.00016038542526608524,0.0007783673767001418
2026-04-15 19:20:00,-0.0019367743152773897,-1.602117238660452e-05
2026-04-15 19:25:00,-0.001700811838789562,0.00037161156044379515
2026-04-15 19:30:00,-0.0012005829271011237,-2.0186943200658404e-05
2026-04-15 19:35:00,-0.0007695027077687655,-0.00043407443235445406
2026-04-15 19:40:00,-0.00014186498232682254,-3.0090406531571283e-05
2026-04-15 19:45:00,0.00021896371858609598,0.0015360603774407222
2026-04-15 19:50:00,0.00012516271168827586,-3.211912628667934e-05
2026-04-15 19:55:00,0.0008613112274566959,0.0026792782832907266
2026-04-15 20:00:00,-9.17503889610316e-05,0.00017522594519767487
2026-04-15 20:05:00,0.00012931834648988172,-3.646340898955654e-05
2026-04-15 20:10:00,-0.00041283629542476774,0.00014207178845743635
2026-04-15 20:15:00,0.0005128600817485562,-5.0520824024876644e-05
2026-04-15 20:20:00,0.00044414372219847564,0.0009679022921112451
2026-04-15 20:25:00,0.00043159753262500544,-4.7569648282932834e-05
2026-04-15 20:30:00,0.00018131440488389217,-0.0017928134494716082
2026-04-15 20:35:00,0.0001209063810865274,-3.963448209665806e-05
2026-04-15 20:40:00,0.0005730904003744541,0.0002953903295859223
2026-04-15 20:45:00,0.0005645733506778328,-3.236153575764114e-05
2026-04-15 20:50:00,0.0009521478736065347,0.0005398061286769542
2026-04-15 20:55:00,-0.0001833531971104918,-3.3662243110146296e-05
2026-04-15 21:00:00,-1.8744552365390632e-05,-0.0005250089942844538
2026-04-15 21:05:00,-0.00010829497896658324,0.0004226299213279213
2026-04-15 21:10:00,0.0008060863073762192,-5.409655180347977e-05
2026-04-15 21:15:00,2.0827258717659447e-05,-4.9209116227544166e-05
2026-04-15 21:20:00,-0.0006395960138085854,-5.551096428597489e-05
2026-04-15 21:25:00,-0.0011979080751700621,0.000117227283812243
2026-04-15 21:30:00,-0.0003187045209074313,4.5246824530619e-05
2026-04-15 21:35:00,0.00027297211582322234,0.00033659845991069516
2026-04-15 21:40:00,-0.00020222341586695336,-7.315578567517371e-05
2026-04-15 21:45:00,-0.0012007406008827104,-0.0007155307247425454
2026-04-15 21:50:00,-0.0011507385174525098,-7.476349297805291e-05
2026-04-15 21:55:00,-0.0004713184072429044,-0.0004552134424434911
2026-04-15 22:00:00,3.963076641255725e-05,-8.63121060440205e-05
2026-04-15 22:05:00,0.0001022024631698315,-8.513709233248304e-05
2026-04-15 22:10:00,-2.294594665208649e-05,-9.136262771401808e-05
2026-04-15 22:15:00,-0.0004297647625666201,-8.484447749399212e-05
2026-04-15 22:20:00,-0.0006509371011542697,0.00021842519268781347
2026-04-15 22:25:00,-0.0005696454267845041,-8.918796893960921e-05
2026-04-15 22:30:00,-0.0006345535481777631,-0.0001347557616881742
2026-04-15 22:35:00,-0.0006805987861628893,-9.331543451389376e-05
2026-04-15 22:40:00,-1.0436093019094983e-05,-0.00026379128774577847
2026-04-15 22:45:00,0.0018649405036406108,-9.216850593986502e-05
2026-04-15 22:50:00,0.001556761583183075,0.0003160388829000746
2026-04-15 22:55:00,0.0002212218551154166,-0.0003813926100886874
2026-04-16 00:00:00,-0.0001917573525016536,-0.00010041943971265663
2026-04-16 00:05:00,0.001060797990385609,-3.119402530113116e-05
2026-04-16 00:10:00,0.001924234157748117,-9.691485290036949e-05
2026-04-16 00:15:00,0.0007751405330260752,-0.0005161531295537587
2026-04-16 00:20:00,0.00029157433685966794,-0.0003427458067381446
2026-04-16 00:25:00,3.1240855543401835e-05,-8.716924054783825e-05
2026-04-16 00:30:00,0.000620512754995417,-0.0031574513859975698
2026-04-16 00:35:00,0.0016915355494990791,-9.15522123163986e-05
2026-04-16 00:40:00,0.0012862755360139033,-0.00013254750027780307
2026-04-16 00:45:00,0.0011941318375647825,-8.201286882779955e-05
2026-04-16 00:50:00,-3.53410882816263e-05,-0.00012962735989989883
2026-04-16 00:55:00,0.0010810227526985017,-7.678085247307689e-05
2026-04-16 01:00:00,0.0006360106964429235,0.00038359188776517953
2026-04-16 01:05:00,0.0010949933721882132,-7.027711991912844e-05
2026-04-16 01:10:00,0.00045908103586533855,-0.0005982930407272729
2026-04-16 01:15:00,0.001561290291471451,-5.8194226181114506e-05
2026-04-16 01:20:00,0.0012887682841693504,0.0015068239993319837
2026-04-16 01:25:00,0.0017056847830776434,1.6061806437803913e-05
2026-04-16 01:30:00,0.0009745700222278941,-4.691390343066607e-05
2026-04-16 01:35:00,0.0004064164082286936,0.0005360992109769292
2026-04-16 01:40:00,0.00012024264150234387,-4.328214040878006e-05
2026-04-16 01:45:00,0.0009156447441185378,-0.0002576378423600595
2026-04-16 01:50:00,0.0014439298940054357,-4.611885059475362e-05
2026-04-16 01:55:00,0.001220266517544033,0.0001347438494138067
2026-04-16 02:00:00,6.418797554452738e-05,-4.314971543152983e-05
2026-04-16 02:05:00,-0.000480387963925466,-0.0005105205871806043
2026-04-16 02:10:00,-0.0009611720409221647,-3.5320138537862355e-05
2026-04-16 02:15:00,-0.001477366826559745,0.00024235097398086255
2026-04-16 02:20:00,-4.5566012733644357e-05,-3.944239927099057e-05
2026-04-16 02:25:00,0.0015552279803738855,-0.001061831252251877
2026-04-16 02:30:00,0.002772668951653401,-0.00033456246933007757
2026-04-16 02:35:00,0.0011261145893701752,-2.3200381625763293e-05
2026-04-16 02:40:00,-6.001053290205505e-05,-0.0004948374851532172
2026-04-16 02:45:00,-0.001280808636293429,-1.2173422176568044e-05
2026-04-16 02:50:00,-0.0005794594219779015,-0.0004931806559526332
2026-04-16 02:55:00,-0.0004843547309949514,-2.134262879840848e-05
2026-04-16 03:00:00,-0.0006607024190294908,-0.00044779616365726193
2026-04-16 03:05:00,-0.0010791028959875604,-2.5066802120206563e-05
2026-04-16 03:10:00,-0.001298979955238977,-9.612123733285039e-05
2026-04-16 03:15:00,-0.0010095012118327418,0.001205969132885236
2026-04-16 03:20:00,-0.002579232910168372,-0.0008653759848650469
2026-04-16 03:25:00,-0.0016619209277752844,-4.520594740918619e-05
2026-04-16 03:30:00,-0.0003152892493805126,-0.00036360240279436045
2026-04-16 03:35:00,0.0015549761842059695,-0.0001722476142840891
2026-04-16 03:40:00,0.0005688081546910695,-5.14735251336895e-05
2026-04-16 03:45:00,0.00014106274203662394,-0.000448481695351387
2026-04-16 03:50:00,0.0004148052341541586,-3.862805307459735e-05
2026-04-16 03:55:00,0.0006058192022493358,-0.0003378873434802718
2026-04-16 04:00:00,0.0003629376419649333,-3.7390701348479265e-05
2026-04-16 04:05:00,-7.879975534663686e-05,-3.51627122811994e-05
2026-04-16 04:10:00,-0.00047300550232165506,-0.0017348462577219395
2026-04-16 04:15:00,-0.0016685278908212808,-2.873774887096523e-05
2026-04-16 04:20:00,-0.0010187346372116934,-2.867099483003603e-05
2026-04-16 04:25:00,-0.0002760232333613999,0.0009496440534106159
2026-04-16 04:30:00,0.0005938501388182971,-2.791542382749741e-05
2026-04-16 04:35:00,0.00025945048533060344,0.0012586407748451079
2026-04-16 04:40:00,0.0003714721858809611,-0.0005145577597106622
2026-04-16 04:45:00,0.0010891925181866213,-3.298466863549537e-05
2026-04-16 04:50:00,0.0015407860225877812,9.08072929139928e-05
2026-04-16 04:55:00,0.0014803667543556998,-3.928155136732516e-05
2026-04-16 05:00:00,0.00023842671653184766,-0.00026228523835539696
2026-04-16 05:05:00,-0.0003647630634944221,-4.5194241501339896e-05
2026-04-16 05:10:00,-0.0005782018085334073,-0.00031152506194275024
2026-04-16 05:15:00,-0.00016170930921077797,-5.0606205677274694e-05
2026-04-16 05:20:00,-0.0009726608430948858,-0.0003050983288676537
2026-04-16 05:25:00,-0.000682252038744835,-3.983899211805566e-05
2026-04-16 05:30:00,0.00035240976083628084,0.0002528343767994034
2026-04-16 05:35:00,0.001457600773930423,-3.650276973061784e-05
2026-04-16 05:40:00,0.0007237113226246095,0.0003019067152143247
2026-04-16 05:45:00,4.559689444505466e-05,-2.582440143752712e-05
2026-04-16 05:50:00,-0.00045384698261052847,-3.2030132810882975e-05
2026-04-16 05:55:00,0.0006092532070631762,-0.00043759312230581045
2026-04-16 06:00:00,0.00047242724877527564,-3.863558427048598e-05
2026-04-16 06:05:00,0.0004911403153951,0.0006086629601149157
2026-04-16 06:10:00,-0.00010358829875833919,0.00028132587454688074
2026-04-16 06:15:00,7.043055860478376e-05,-1.4267761853128202e-05
2026-04-16 06:20:00,0.0006337739586079749,-0.0003353332746842305
2026-04-16 06:25:00,0.0008242657667398845,5.839296565998802e-07
2026-04-16 06:30:00,0.0006025998950232037,0.0008764953728417819
2026-04-16 06:35:00,0.00021530887590515135,2.8479881748977602e-06
2026-04-16 06:40:00,0.0005774096405719575,0.00020113093931218575
2026-04-16 06:45:00,0.0012206527662428357,1.2861174667312289e-05
2026-04-16 06:50:00,0.0009538402099522614,-0.001186779597748237
2026-04-16 06:55:00,0.00020480717682858085,2.6345435989277985e-05
2026-04-16 07:00:00,-0.00021092160411662064,-0.0002760761951764634
2026-04-16 07:05:00,-0.0005295689928743741,2.669865419933737e-05
2026-04-16 07:10:00,-0.0003372301027422253,0.0021723677302003122
2026-04-16 07:15:00,-0.0016765469551618395,1.977148827420926e-05
2026-04-16 07:20:00,-0.0009978408547333117,-6.484495221926914e-05
2026-04-16 07:25:00,-0.0015158358013902529,1.421358797718388e-05
2026-04-16 07:30:00,6.21444817969774e-05,-0.00014798380292464086
2026-04-16 07:35:00,-0.00041847852593690504,6.802227090413094e-06
2026-04-16 07:40:00,-0.0007567064765083842,0.0006832598481076442
2026-04-16 07:45:00,-0.0007190406194741428,4.018284901362923e-06
2026-04-16 07:50:00,-0.0004932836833493326,0.00021621709448252743
2026-04-16 07:55:00,0.0002426230675922625,3.0809840878931775e-05
2026-04-16 08:00:00,8.498563022385497e-05,4.161282173585738e-06
2026-04-16 08:05:00,-0.0007403820668017147,-0.00010279958495334998
2026-04-16 08:10:00,-0.0013029750336084334,1.0783761369109475e-06
2026-04-16 08:15:00,-0.0015931266606692418,-0.00028529132398377976
2026-04-16 08:20:00,-1.8672179800560684e-05,0.0004051417907254184
2026-04-16 08:25:00,0.0015579768542117733,-5.6113356208405135e-05
2026-04-16 08:30:00,0.0024860754293190013,-3.7318758437202037e-06
2026-04-16 08:35:00,0.0017681601132490954,-0.0004348710629541181
2026-04-16 08:40:00,0.0004994492691352548,-0.0004822888530329302
2026-04-16 08:45:00,5.591225504808506e-05,0.0003925572353933744
2026-04-16 08:50:00,0.00039549058429955153,1.3973135678029782e-05
2026-04-16 08:55:00,-0.0003025411406500922,-0.0001675884758679097
2026-04-16 09:00:00,-0.00159161451876777,-0.0004920099438605562
2026-04-16 09:05:00,-0.0012346140913894743,6.9730351965746654e-06
2026-04-16 09:10:00,0.0006567709276215083,0.0005607902023356658
2026-04-16 09:15:00,0.0012850941234425761,2.6353000572755895e-06
2026-04-16 09:20:00,0.0009820151157651225,-0.0010036451002254834
2026-04-16 09:25:00,-0.00013256253760829395,1.7971257146204098e-05
2026-04-16 09:30:00,-0.0007273262585965057,-0.00023151597310298286
2026-04-16 09:35:00,-0.0010462733426539472,2.6027812251269225e-05
2026-04-16 09:40:00,-0.001191780380930041,0.0005071397768449242
2026-04-16 09:45:00,-0.002114527628776841,1.4756419457712727e-05
2026-04-16 09:50:00,-0.0026734820363394363,0.0010454188786274776
2026-04-16 09:55:00,-0.0020698160022263323,-5.5355877796634324e-06
2026-04-16 10:00:00,-0.0005049104202967669,0.0004291765408785499
2026-04-16 10:05:00,3.325483806193574e-05,0.0018638059269856918
2026-04-16 10:10:00,-6.858275811261194e-05,-2.5500027945749843e-05
2026-04-16 10:15:00,-0.0006673714855960355,-5.305949528393908e-05
2026-04-16 10:20:00,-0.00020578206089538753,-0.00027391912687848403
2026-04-16 10:25:00,0.00012469242551205184,-0.0006956012940957877
2026-04-16 10:30:00,0.0005551345408179031,-1.9061949748353577e-05
2026-04-16 10:35:00,0.0002182523400637848,0.0007534248409210382
2026-04-16 10:40:00,0.0003594428051965082,-2.4289762414224944e-05
2026-04-16 10:45:00,0.0008767756826362216,-0.0007082849661558266
2026-04-16 10:50:00,0.001320968486769658,-1.1813355503308161e-05
2026-04-16 10:55:00,0.0005025877142106339,0.0004995822033164329
2026-04-16 11:00:00,0.0002450272968506084,-7.147362783962215e-06
2026-04-16 11:05:00,-0.0004671243185772056,-0.00010610183927881771
2026-04-16 11:10:00,-0.0006417785585863811,0.0002097338932117767
2026-04-16 11:15:00,-0.0010199578152256805,-1.0334980206879927e-05
2026-04-16 11:20:00,-0.0006501849517004388,-0.0021582036046798735
2026-04-16 11:25:00,0.00030951745645069195,-1.1750117357232484e-05
2026-04-16 11:30:00,0.0005132249024644153,-4.831257430953827e-05
2026-04-16 11:35:00,6.233811570055536e-06,-8.150999120711117e-06
2026-04-16 11:40:00,-0.00034691531355690586,3.0720028045548676e-05
2026-04-16 11:45:00,-0.00026177412366834574,0.00038425106416642256
2026-04-16 11:50:00,-8.727689848342379e-05,0.00016009448840214222
2026-04-16 11:55:00,-0.0012515568129405352,-1.5557816324051205e-06
2026-04-16 12:00:00,-0.001002022839319494,0.000568789566586869
2026-04-16 12:05:00,-0.0007026486817167665,0.0002579591387438079
2026-04-16 12:10:00,3.744469107580528e-05,-1.756176149475612e-05
2026-04-16 12:15:00,6.0316077060917905e-05,-0.0002770483096554402
2026-04-16 12:20:00,0.0002661498938643092,-1.3809152384738558e-05
2026-04-16 12:25:00,0.00024959544867364514,-4.704176477927599e-05
2026-04-16 12:30:00,0.00025786219903878305,-1.1564093728249472e-05
2026-04-16 12:35:00,0.0002681575410434789,-1.2578102376266167e-05
2026-04-16 12:40:00,0.0019198011298442452,-1.287336510964714e-05
2026-04-16 12:45:00,0.0022161191691854043,-6.023503529774922e-05
2026-04-16 12:50:00,0.0014663185576431204,-5.574770110881426e-07
2026-04-16 12:55:00,-2.0757158871731463e-06,-0.00019780799177915504
2026-04-16 13:00:00,-0.0004669081531236685,2.2555995537818066e-05
2026-04-16 13:05:00,-0.00015981983979429515,-0.00031269300768314867
2026-04-16 13:10:00,-0.0002802612052761333,-0.0003623313881097334
2026-04-16 13:15:00,0.00023866918178150343,7.419414362199947e-05
2026-04-16 13:20:00,0.00017019686837294046,0.00025519969491148107
2026-04-16 13:25:00,0.00033215280995158025,4.6741134852047665e-05
2026-04-16 13:30:00,-0.0004753192148552188,0.0001330570170530955
2026-04-16 13:35:00,-1.8678728974208525e-05,5.3065045094110176e-05
2026-04-16 13:40:00,0.0009792084961155467,-0.0015393333103086424
2026-04-16 13:45:00,0.0006309423457473429,0.00018851237931690262
2026-04-16 13:50:00,-0.00040894404783031746,4.9167226423786654e-05
2026-04-16 13:55:00,-0.0011265876895532045,8.994189535841465e-05
2026-04-16 14:00:00,-0.000251083968155541,0.0002479289662427422
2026-04-16 14:05:00,8.720006815288173e-05,2.5487912896657934e-06
2026-04-16 14:10:00,-0.00035504470095126806,0.0001227079824682148
2026-04-16 14:15:00,0.00017223794195331266,0.00023509653036088156
2026-04-16 14:20:00,-0.00029900332448562494,4.6960654826361806e-05
2026-04-16 14:25:00,0.00032182948921111176,0.0005067436581581544
2026-04-16 14:30:00,-0.000892638490885389,4.2918629953369964e-05
2026-04-16 14:35:00,0.0003259922808140914,-0.0005412871761654633
2026-04-16 14:40:00,4.56706317155664e-05,3.85390133484893e-05
2026-04-16 14:45:00,0.0009901576654112176,0.0003143311529937283
2026-04-16 14:50:00,-0.0002221615497326468,3.5984518854185595e-05
2026-04-16 14:55:00,0.0001349237734622477,0.0005627179540193449
2026-04-16 15:00:00,-0.0003050384278679985,3.429261081133651e-05
2026-04-16 15:05:00,0.00032803426798899693,-0.0001521188040949499
2026-04-16 15:10:00,-0.0005065772098760135,-0.00022042099099166517
2026-04-16 15:15:00,0.0009169097880441512,0.0005544165052050234
2026-04-16 15:20:00,0.0008631708784196945,1.7848561538750977e-05
2026-04-16 15:25:00,8.513951984312484e-05,6.824043844485065e-05
2026-04-16 15:30:00,-0.0018201199828418169,0.0005088465639154599
2026-04-16 15:35:00,-0.00564691820431662,1.9946771909965744e-05
2026-04-16 15:40:00,-0.0045995943545342755,0.0006413055577264777
2026-04-16 15:45:00,-0.004532501911674203,0.004681574726862559
2026-04-16 15:50:00,0.0011236038217266042,-0.00031986725683531966
2026-04-16 15:55:00,0.0016466295761699001,-5.395202306109464e-05
2026-04-16 16:00:00,0.0005090300792307545,-0.00028345528701662537
2026-04-16 16:05:00,-0.0008837679100501816,0.00018154367944876192
2026-04-16 16:10:00,-0.00041869548847550675,-0.0001377093163702397
2026-04-16 16:15:00,0.0003816025895186925,-5.2055153027719174e-05
2026-04-16 16:20:00,-0.0011266854526645886,-0.00011605729349975055
2026-04-16 16:25:00,-0.0024970625047036066,-1.5260743094000557e-05
2026-04-16 16:30:00,-0.001193252839962966,-5.98523061046203e-05
2026-04-16 16:35:00,0.00022335150505625734,0.000840035949567375
2026-04-16 16:40:00,0.00018796599959358673,-6.856219002178367e-05
2026-04-16 16:45:00,0.0020893419920184897,0.00022503332281904593
2026-04-16 16:50:00,0.003658360278222972,-5.986752019625199e-05
2026-04-16 16:55:00,0.003833055428323462,-0.00011675389528808793
2026-04-16 17:00:00,0.0005872320922417629,-3.4909972637747064e-05
2026-04-16 17:05:00,-0.000819675587523605,-0.0014891833341929266
2026-04-16 17:10:00,-0.001107346063013992,-3.518402760969687e-05
2026-04-16 17:15:00,-0.0004935017169707123,0.0010031413209276323
2026-04-16 17:20:00,0.0003579105553139783,-5.37844143726853e-05
2026-04-16 17:25:00,0.00024363807996152786,-0.0006097661088248016
2026-04-16 17:30:00,0.0004955834868081155,0.00023618308758083446
2026-04-16 17:35:00,-0.0002788262680724074,0.002645304652534567
2026-04-16 17:40:00,0.0011008369760947545,1.3053961458349993e-05
2026-04-16 17:45:00,0.0010528200317487801,-5.4336540248304564e-05
2026-04-16 17:50:00,0.0002767457629264669,0.00038157976012220915
2026-04-16 17:55:00,-0.0006345501304654277,-5.3726055666773186e-05
2026-04-16 18:00:00,-0.000919595775577875,-0.0005056319980765695
2026-04-16 18:05:00,-0.0016616245678964248,0.0003017519345299754
2026-04-16 18:10:00,-0.001116120348667593,-6.804586249259417e-05
2026-04-16 18:15:00,-0.002482132948220084,-0.0015502367926740195
2026-04-16 18:20:00,-0.0004418986706564709,3.897506733135262e-05
2026-04-16 18:25:00,-0.001956213162777942,0.003134870664039484
2026-04-16 18:30:00,-0.0009457055135086989,0.0002992151031364367
2026-04-16 18:35:00,-0.0013268688680536656,-6.173083264471773e-05
2026-04-16 18:40:00,0.0004236841591946927,-3.6584847010141e-05
2026-04-16 18:45:00,0.0009269253674624167,-0.00027557951178012026
2026-04-16 18:50:00,0.000980717504702966,-5.8498557255334414e-05
2026-04-16 18:55:00,-0.00020242767192790723,0.00018288822740294739
2026-04-16 19:00:00,-7.721097276203182e-05,-4.765969189263034e-05
2026-04-16 19:05:00,-0.00031914927174270247,0.000790169064266868
2026-04-16 19:10:00,-0.0012467722851816632,-0.002652043777125401
2026-04-16 19:15:00,-0.0017482321099766551,0.00036855982722732155
2026-04-16 19:20:00,-0.002270357162146297,-3.174010092279127e-05
2026-04-16 19:25:00,0.00036563033509295906,0.0029959050977754484
2026-04-16 19:30:00,0.0011010950425536237,-0.00044034365374459063
2026-04-16 19:35:00,0.0009948294771664479,0.0002644103081690946
2026-04-16 19:40:00,0.0004093473264763503,-4.115427781039312e-05
2026-04-16 19:45:00,0.00041546837348960253,0.00021219365178463704
2026-04-16 19:50:00,0.0006515365633887882,0.0068205429160825256
2026-04-16 19:55:00,0.00015659369084630725,-4.052997145686243e-05
2026-04-16 20:00:00,-9.602257790497504e-05,-7.147948078189697e-06
2026-04-16 20:05:00,0.00010228609429319135,-0.0002536871401652986
2026-04-16 20:10:00,-0.00044896753883705287,4.363579067788475e-05
2026-04-16 20:15:00,-0.0002943875351277825,-5.15723799689523e-05
2026-04-16 20:20:00,-0.00021084604663457185,-0.00014717241337056
2026-04-16 20:25:00,0.0005429119843363139,-5.567546071137248e-05
2026-04-16 20:30:00,0.00029021243127225205,-0.00010327210834186721
2026-04-16 20:35:00,0.00011691022977800003,-4.597530492857192e-05
2026-04-16 20:40:00,-1.0437835902266102e-05,-0.00012907822957186496
2026-04-16 20:45:00,0.0005655677898168676,-4.034746413806375e-05
2026-04-16 20:50:00,0.0006406758409944757,7.581116250029128e-05
2026-04-16 20:55:00,-2.087599865596701e-05,-2.771693798201595e-05
2026-04-16 21:00:00,7.510671415822401e-05,-3.146371679926912e-05
2026-04-16 21:05:00,-0.00013561373057591197,-0.0013570539140628185
2026-04-16 21:10:00,0.0002233505726110252,0.0001795656937662038
2026-04-16 21:15:00,-0.00031924250077430827,-0.00023479648527957575
2026-04-16 21:20:00,0.00021905919379960892,-3.2309341717877754e-05
2026-04-16 21:25:00,0.0013869960415515692,3.971893924893431e-05
2026-04-16 21:30:00,0.0006467252978179516,-0.00010686917056379903
2026-04-16 21:35:00,0.0003003460259041191,0.00018048060151343076
2026-04-16 21:40:00,-0.0008507409048039705,-1.8987254981766393e-05
2026-04-16 21:45:00,-0.0005090003468470883,0.0001790096212755612
2026-04-16 21:50:00,-0.0008866978182968666,-2.305818126069308e-05
2026-04-16 21:55:00,-0.0006844541536867865,0.0003342730052134647
2026-04-16 22:00:00,-0.00019407244388602862,0.00019365179340643157
2026-04-16 22:05:00,-0.00045095264508887567,-3.195829300485079e-05
2026-04-16 22:10:00,-0.00030272820979604376,-0.0012933907096774621
2026-04-16 22:15:00,-0.00096883855537655,-3.1996644857112245e-05
2026-04-16 22:20:00,0.00011902114518669293,0.0011527375009797616
2026-04-16 22:25:00,0.0,-0.0005361331305488407
2026-04-16 22:30:00,0.0007225418751701795,0.0005060228048173369
2026-04-16 22:35:00,5.42856427134808e-05,-4.0807713781476515e-05
2026-04-16 22:40:00,0.00021087554141097087,0.0002074603578025264
2026-04-16 22:45:00,0.00010228310511273264,-0.0017915660982221666
2026-04-16 22:50:00,0.001191453808317533,0.0006996946385213559
2026-04-16 22:55:00,0.0013268688680536656,-4.1573646583050044e-05
2026-04-16 23:00:00,0.0009763812500995783,-0.0002461898757884744
2026-04-17 00:00:00,-0.0005214775872381949,-3.625626240062238e-05
2026-04-17 00:05:00,-0.0005568201750296708,8.36036000110595e-05
2026-04-17 00:10:00,-0.000306581173937559,0.00012745186228743
2026-04-17 00:15:00,0.0004359739027073317,-4.5198262160574895e-05
2026-04-17 00:20:00,3.963415588614794e-05,-0.0007990071493163784
2026-04-17 00:25:00,0.0002753016865018054,-3.83357859312622e-05
2026-04-17 00:30:00,0.00012303957823434075,0.0008198612411877138
2026-04-17 00:35:00,0.00048174228970943034,-3.341486022039947e-05
2026-04-17 00:40:00,-0.00012304214417468984,-0.00038150482034966516
2026-04-17 00:45:00,-0.00028989708856563823,-2.5087747235955744e-05
2026-04-17 00:50:00,-0.0004650546940165867,0.0011441067966499565
2026-04-17 00:55:00,-0.00033374982840150835,-2.229381749312792e-05
2026-04-17 01:00:00,0.00044002657552866253,-0.0004913820352382908
2026-04-17 01:05:00,0.0005025833095899657,-1.9972940511785566e-05
2026-04-17 01:10:00,0.00026075157094140877,0.0007433696688705027
2026-04-17 01:15:00,-0.0002502283346590417,-0.0003500840050831082
2026-04-17 01:20:00,-0.00023979040348542924,-1.4179070552868292e-05
2026-04-17 01:25:00,0.0002836205009906223,-0.0003000072547770248
2026-04-17 01:30:00,-0.0001960559391420702,-8.723634853000349e-06
2026-04-17 01:35:00,-0.0002836524442333399,-0.0008218436280458082
2026-04-17 01:40:00,-0.0008782333264694131,0.0001320372206091207
2026-04-17 01:45:00,-0.0011813202521722133,0.0008115058071406065
2026-04-17 01:50:00,-0.0006614729804130803,-3.164987248626208e-05
2026-04-17 01:55:00,-0.0002713443668866944,-0.0004924907030129487
2026-04-17 02:00:00,0.0006221411458930959,0.0004340404452966864
2026-04-17 02:05:00,-0.00022963550683385847,0.0006092107773377742
2026-04-17 02:10:00,0.0005593063078190852,-3.728358104464342e-05
2026-04-17 02:15:00,0.0010826044889284958,0.0004694626422608734
2026-04-17 02:20:00,0.0014041268608018243,-0.0006690891202820388
2026-04-17 02:25:00,0.0010989183954848158,-3.235156333035014e-05
2026-04-17 02:30:00,0.0005794105181298193,-4.114319167182433e-05
2026-04-17 02:35:00,-0.00021685370383472957,0.0002818052933749246
2026-04-17 02:40:00,-0.0005983124432535902,-6.463509673170387e-05
2026-04-17 02:45:00,-0.0021630379393382526,-4.876314317860511e-05
2026-04-17 02:50:00,-0.0024930222939723024,-0.0004703409584701392
2026-04-17 02:55:00,-0.003419535188383449,-1.6417472368596748e-05
2026-04-17 03:00:00,-0.0011553968025364014,-0.00013233604626398742
2026-04-17 03:05:00,-0.0019314538882557741,-8.724866005132415e-05
2026-04-17 03:10:00,-0.0020946715045955244,0.0005790884722466816
2026-04-17 03:15:00,-0.001797381831080358,-0.0001184738237285471
2026-04-17 03:20:00,8.37838460476803e-06,-0.00042381388678312923
2026-04-17 03:25:00,0.00183517041490866,-0.000190390014702759
2026-04-17 03:30:00,0.0007976076381890351,-0.0001310326606934734
2026-04-17 03:35:00,0.0026001886868325386,-0.00036526140337158497
2026-04-17 03:40:00,0.002489687692161624,-0.0001246191243277123
2026-04-17 03:45:00,0.00280019157390754,-0.0012349728072770833
2026-04-17 03:50:00,0.0006996198321633784,-0.00010907414487225756
2026-04-17 03:55:00,0.000400780692745073,-0.000238574728250049
2026-04-17 04:00:00,-0.0005072142462694273,-0.00010585579811484773
2026-04-17 04:05:00,-1.043848963533378e-05,-0.00015237699453368204
2026-04-17 04:10:00,-0.0005448504979472801,-0.00010457789871539003
2026-04-17 04:15:00,0.00042791375999051695,-0.00045778839041189724
2026-04-17 04:20:00,0.000682447864619462,2.6292398225095367e-05
2026-04-17 04:25:00,0.0005511114219540758,4.575213206039671e-05
2026-04-17 04:30:00,-0.00044044082366845316,-0.00011968293905590389
2026-04-17 04:35:00,-0.0010081834871069617,-0.00011189860573773575
2026-04-17 04:40:00,-0.0014138764806368442,0.0003217960209718135
2026-04-17 04:45:00,0.0005030469933178239,-0.00011573055348956972
2026-04-17 04:50:00,0.0015108517064295057,-0.0012760050689265814
2026-04-17 04:55:00,0.002310870359867323,-0.00010846575113663981
2026-04-17 05:00:00,0.0010908049156252986,0.00014664904028456756
2026-04-17 05:05:00,3.961870128499356e-05,-9.205456528395606e-05
2026-04-17 05:10:00,-0.0004233642925211001,-0.0010436928667985252
2026-04-17 05:15:00,-0.0005775821155982186,-8.300136032825608e-05
2026-04-17 05:20:00,-0.0005652363140669081,0.0013028356805506731
2026-04-17 05:25:00,7.926409549163793e-05,-8.105562524335667e-05
2026-04-17 05:30:00,0.0003691071922915512,-0.0009290409536183353
2026-04-17 05:35:00,0.0002503285575379266,0.00010384248630227578
2026-04-17 05:40:00,-0.0002211207912612423,-8.395801342437546e-05
2026-04-17 05:45:00,-0.00039413634082308135,-0.0004311282647895315
2026-04-17 05:50:00,-8.134990789976371e-05,-8.884636923516982e-05
2026-04-17 05:55:00,0.00045887538792754867,0.0003558082020204469
2026-04-17 06:00:00,0.0002961381109685135,-9.118617163908366e-05
2026-04-17 06:05:00,0.0002586280630030302,3.506074250749826e-05
2026-04-17 06:10:00,0.0001146859534948419,-9.007419334007571e-05
2026-04-17 06:15:00,0.00032940274160786487,-0.0004183309284730589
2026-04-17 06:20:00,0.0009067553893160607,-8.219201933142519e-05
2026-04-17 06:25:00,0.0011148958518933938,-0.000211416660984065
2026-04-17 06:30:00,0.0003126237494459616,-7.564581509002702e-05
2026-04-17 06:35:00,1.666826404189692e-05,0.0024277759652418887
2026-04-17 06:40:00,0.0003748258665385862,-0.0003678879161604222
2026-04-17 06:45:00,0.00042709446207567225,-8.201870708125818e-05
2026-04-17 06:50:00,0.001045378253460072,0.0008493520167637672
2026-04-17 06:55:00,0.0003892536890344189,-8.97238926609114e-05
2026-04-17 07:00:00,0.0005497457564409558,7.825499067419388e-05
2026-04-17 07:05:00,2.9138317515275958e-05,-8.649896952143533e-05
2026-04-17 07:10:00,-0.0003163871939531049,-0.00017284116262466977
2026-04-17 07:15:00,-0.0010247695165599424,-8.487451060086427e-05
2026-04-17 07:20:00,-0.0010870177429609384,0.00033433408492651345
2026-04-17 07:25:00,-0.0014103889865175745,-8.706920094822459e-05
2026-04-17 07:30:00,-0.00023759652470545234,-0.0007773372163411821
2026-04-17 07:35:00,-0.0004668222825685575,-0.00010098386051232556
2026-04-17 07:40:00,-0.00046083863018608895,0.00011473909256393575
2026-04-17 07:45:00,-0.0008069990397387983,-0.00018687451194261182
2026-04-17 07:50:00,-0.00134750388032856,-0.00010841370365996105
2026-04-17 07:55:00,-0.0013963232429272665,-0.00025330735439051404
2026-04-17 08:00:00,-0.0016013281707358828,-0.00011409219330750343
2026-04-17 08:05:00,-0.0006660785655174806,-0.00024152479559389856
2026-04-17 08:10:00,-0.00086088915101179,-0.00012295333686052458
2026-04-17 08:15:00,-0.0006291234177666638,-0.0004430912572737421
2026-04-17 08:20:00,-0.00035723425859401914,-6.91866959467368e-05
2026-04-17 08:25:00,0.00041799991830693273,-0.00013721365776942282
2026-04-17 08:30:00,0.0004870304720245855,-0.00012832716503731383
2026-04-17 08:35:00,-0.0001922490215857664,0.00013263841860954614
2026-04-17 08:40:00,-0.00010657338371267144,-0.00012638356753725437
2026-04-17 08:45:00,0.0007666445265339661,-0.0013939875513935484
2026-04-17 08:50:00,0.0009441727284063006,0.00015829892796214953
2026-04-17 08:55:00,0.00045755833883553976,-0.00012614622735115374
2026-04-17 09:00:00,7.725853319229259e-05,-0.000237879568538976
2026-04-17 09:05:00,-0.00011692878215363578,-0.00012296289832661812
2026-04-17 09:10:00,0.000916575995386637,-0.00029337285415851185
2026-04-17 09:15:00,0.0010643072052367586,-0.0001120798826980089
2026-04-17 09:20:00,-0.0004636736822938303,0.0001376307212275392
2026-04-17 09:25:00,-0.0011568202518326132,-0.00010228222486934142
2026-04-17 09:30:00,-0.0030184839642277694,0.0003599792692107944
2026-04-17 09:35:00,-0.0003071455235748033,-0.00011656893279924281
2026-04-17 09:40:00,-0.0001734295488589055,6.615708295935707e-05
2026-04-17 09:45:00,0.002242277571214757,-0.0001120158874692563
2026-04-17 09:50:00,-0.0002048161051142472,0.0008104816391002723
2026-04-17 09:55:00,-0.00042011669829378206,-0.0003705607268626593
2026-04-17 10:00:00,-0.0010651340882912308,-0.00010090565601147345
2026-04-17 10:05:00,1.6721254596063773e-05,0.0008836973589418127
2026-04-17 10:10:00,0.0002571072935442231,-9.696164280741356e-05
2026-04-17 10:15:00,0.00019013651231958306,0.00042142443033676405
2026-04-17 10:20:00,0.0011050728979000723,-9.72518143688766e-05
2026-04-17 10:25:00,0.002607051783920511,-4.2338624225344205e-05
2026-04-17 10:30:00,0.0015302221807687033,-0.00010073727840048727
2026-04-17 10:35:00,0.0008014058422318726,0.0002716653882749567
2026-04-17 10:40:00,-0.0001938859227177403,-0.00010059990568690937
2026-04-17 10:45:00,0.0011112305257849897,7.763134986196473e-05
2026-04-17 10:50:00,0.0005526792046524065,-0.00010570169856508726
2026-04-17 10:55:00,-0.0006507307393306405,-0.00045194167850487785
2026-04-17 11:00:00,-0.0007024543459053234,0.00015893316470852432
2026-04-17 11:05:00,-0.0002940290234079157,-9.590661326297378e-05
2026-04-17 11:10:00,0.0006194552954514876,0.0004455156810537739
2026-04-17 11:15:00,0.0002981343690748872,-0.00010238101599146607
2026-04-17 11:20:00,0.00015432388443059608,-4.0971128249160726e-05
2026-04-17 11:25:00,-0.00024815318894688687,-0.0001022378800442562
2026-04-17 11:30:00,-0.0010720305366547223,0.002329370521406384
2026-04-17 11:35:00,-0.0007280336009714006,-8.801979986758287e-05
2026-04-17 11:40:00,-0.0009076389388837924,0.0003546538527694058
2026-04-17 11:45:00,-0.00016695640598207717,-0.0006121991747040017
2026-04-17 11:50:00,-0.0005886552528977518,-0.0008452606719219262
2026-04-17 11:55:00,0.00021081259986033274,-6.954484830722347e-05
2026-04-17 12:00:00,6.887289509904804e-05,-0.008699599221299904
2026-04-17 12:05:00,0.0007409811973264624,0.000600617465271959
2026-04-17 12:10:00,-0.0003673853684187378,-7.107258624500076e-05
2026-04-17 12:15:00,-0.0006972962309124142,0.0002850840136201483
2026-04-17 12:20:00,-0.0014657952474212976,-7.504611080791773e-05
2026-04-17 12:25:00,-0.0009733885549429999,-4.13564323778363e-05
2026-04-17 12:30:00,-7.10095257492327e-05,-0.0004759284135003477
2026-04-17 12:35:00,0.00010865113801727944,-0.00016727561776936516
2026-04-17 12:40:00,0.0005536526065430536,-8.780847717157662e-05
2026-04-17 12:45:00,-0.0005619884929828345,-0.00017916380511587244
2026-04-17 12:50:00,0.00021100021491804455,-9.233518138956228e-05
2026-04-17 12:55:00,-0.00030081470876552885,0.00025516300777761816
2026-04-17 13:00:00,8.776622427042469e-05,-9.211034625063573e-05
2026-04-17 13:05:00,0.0007475433735315562,0.0005929510962998048
2026-04-17 13:10:00,0.0013675594122677381,-0.0012280541049381282
2026-04-17 13:15:00,0.0016202010839343473,-8.400312869243289e-05
2026-04-17 13:20:00,0.0003860814554599301,-0.0014063758644060028
2026-04-17 13:25:00,0.0014198639441325156,-7.115320882182698e-05
2026-04-17 13:30:00,0.0024794985366121125,0.000902656912943715
2026-04-17 13:35:00,0.0018282093336008387,-6.25650027789782e-05
2026-04-17 13:40:00,5.4169262291736686e-05,0.00018399685751653946
2026-04-17 13:45:00,-0.00023102114570505705,-0.0003234598621170835
2026-04-17 13:50:00,0.0005455219447600967,-0.00029953863511103626
2026-04-17 13:55:00,0.0008454934249062518,-4.7055957570178535e-05
2026-04-17 14:00:00,0.0004120544719388164,0.0020049438103380115
2026-04-17 14:05:00,0.00174284189665741,-0.0005212250591755891
2026-04-17 14:10:00,0.003013797147756847,-0.000550854152722778
2026-04-17 14:15:00,0.002377440384972118,-3.1860454880352606e-05
2026-04-17 14:20:00,0.0022769195262615227,-1.5033852982286501e-05
2026-04-17 14:25:00,0.0010371379244347168,-0.001193197538829648
2026-04-17 14:30:00,0.004082885438121409,-3.4924697661967232e-06
2026-04-17 14:35:00,0.004100715198115168,-0.0007615553432666552
2026-04-17 14:40:00,0.004917957940829609,0.0012028710563365525
2026-04-17 14:45:00,0.0015306647125576944,0.0006740268099052952
2026-04-17 14:50:00,0.004098362169905556,-1.4074163322826855e-05
2026-04-17 14:55:00,0.00743427552900755,-2.7956384231920303e-05
2026-04-17 15:00:00,0.0040477420385034435,1.632235785491661e-05
2026-04-17 15:05:00,-0.0003825444600327188,-0.0019198987808676676
2026-04-17 15:10:00,-0.006572300728610259,0.0008960128506280247
2026-04-17 15:15:00,-0.0017859903308110603,-8.954438590028298e-05
2026-04-17 15:20:00,0.0013279941431321163,0.0006708205457013982
2026-04-17 15:25:00,0.0028261020377122748,2.0767472656604176e-05
2026-04-17 15:30:00,0.002057313340461775,-0.000782672361789994
2026-04-17 15:35:00,0.002101449007742673,2.724619463830164e-05
2026-04-17 15:40:00,0.003314030191713613,-0.00014568858593794778
2026-04-17 15:45:00,0.002077700987838327,-9.280666616744515e-05
2026-04-17 15:50:00,-0.00119383650005922,0.000590268285927739
2026-04-17 15:55:00,-0.002740728172227591,4.2461899128758086e-05
2026-04-17 16:00:00,-0.0010259925838411732,0.0010109488062029768
2026-04-17 16:05:00,0.0013434783336343514,-0.00023457106184115333
2026-04-17 16:10:00,0.0008254705342487512,3.774898313206155e-05
2026-04-17 16:15:00,0.001356138271313867,-0.0003009412593773676
2026-04-17 16:20:00,-0.0005925488692994918,4.7721683781589916e-05
2026-04-17 16:25:00,0.0011487746301064305,-0.001222294329829404
2026-04-17 16:30:00,0.00041816475480516146,5.5626544771578514e-05
2026-04-17 16:35:00,0.00015586002980683134,-0.00033424751463184286
2026-04-17 16:40:00,-0.0009148099330786863,0.0018282057079751055
2026-04-17 16:45:00,-0.0021582948828164916,-0.0001586343807433855
2026-04-17 16:50:00,-0.0008103270984953781,4.946311038714098e-05
2026-04-17 16:55:00,-0.0011046299073509402,-0.000942009489330383
2026-04-17 17:00:00,-0.000725263761722772,5.184067220806075e-05
2026-04-17 17:05:00,-0.0004988314515035341,0.003280837775552918
2026-04-17 17:10:00,-0.00028970529366922904,-0.0004190686172969762
2026-04-17 17:15:00,0.0016305913991985221,-4.1594242048519515e-05
2026-04-17 17:20:00,-7.186865698116662e-05,3.8609199471749295e-05
2026-04-17 17:25:00,-0.0015238748436186,0.0005200958148632431
2026-04-17 17:30:00,-0.0019409924048403582,0.0021857253830100776
2026-04-17 17:35:00,-0.00013143033184448427,6.88776029790636e-05
2026-04-17 17:40:00,0.0018012539620375634,-0.0010292219445151578
2026-04-17 17:45:00,0.0006967259302541606,0.0021624440859220437
2026-04-17 17:50:00,0.0004866165157562108,-0.0009874006861385948
2026-04-17 17:55:00,0.000864518156873828,9.343688911037794e-05
2026-04-17 18:00:00,0.0007578317339653751,3.233499662811378e-05
2026-04-17 18:05:00,-0.0002730509975616968,0.0001033190739140721
2026-04-17 18:10:00,-0.0006960735778225313,-0.0009110700262728472
2026-04-17 18:15:00,0.00011290678530428977,0.0017701068648963815
2026-04-17 18:20:00,0.0003017888712086858,-0.00029204889781868495
2026-04-17 18:25:00,9.037320029925411e-05,-0.00022737630252333865
2026-04-17 18:30:00,-0.0010823767748053825,0.0004649487796708263
2026-04-17 18:35:00,-0.001074126092294847,-0.0016843536139566776
2026-04-17 18:40:00,-0.00036154181542791264,0.00010995925989083433
2026-04-17 18:45:00,5.548232119068075e-05,4.122714299416e-05
2026-04-17 18:50:00,-0.0009950576885380258,8.307808863826053e-05
2026-04-17 18:55:00,-0.0007851601040531619,-0.0011306506982036943
2026-04-17 19:00:00,-0.0006721597649939071,7.290459262702927e-05
2026-04-17 19:05:00,-0.0013317184529846315,0.000540605130917923
2026-04-17 19:10:00,-0.0011068479625677696,-0.0017209606831656537
2026-04-17 19:15:00,-0.0003599042076700698,4.8915086410416395e-05
2026-04-17 19:20:00,0.00046125936978747006,7.015802861636277e-05
2026-04-17 19:25:00,-0.0005950769400033806,6.608279051909056e-05
2026-04-17 19:30:00,-0.00024069394030235003,-0.0013820171076291909
2026-04-17 19:35:00,0.0009506760392525848,0.00024290800462106488
2026-04-17 19:40:00,0.0016834189307974867,0.00037031995494211315
2026-04-17 19:45:00,0.00041757733758274185,8.538218805647736e-05
2026-04-17 19:50:00,0.00035781265804679663,-0.0019304002195608475
2026-04-17 19:55:00,-0.00037019137259974855,9.704387956080708e-05
2026-04-17 20:00:00,-0.0001254605793192809,0.0002271738689809845
2026-04-17 20:05:00,0.00025285931597629485,-0.0008147360217781673
2026-04-17 20:10:00,-6.376901630211762e-05,0.0005302399111873472
2026-04-17 20:15:00,0.0009128290107547343,0.00011871347825268096
2026-04-17 20:20:00,-0.0004358624388487442,0.0005086549298587474
2026-04-17 20:25:00,0.00023859868637110537,-5.781059124495839e-05
2026-04-17 20:30:00,-0.0011082497883077025,8.835629654609374e-05
2026-04-17 20:35:00,-0.0012654882511782262,0.00011869662980602943
2026-04-17 20:40:00,-0.0008271111866111625,0.0021592233409984734
2026-04-17 20:45:00,-0.0005412062858525246,0.000516621832510501
2026-04-17 20:50:00,-0.0002862429398362565,0.0001005525429292902
2026-04-17 20:55:00,-0.00033144792608119644,-0.0011938650688959177
2026-04-17 21:00:00,-0.0003994046042272714,0.00010273928452258745
2026-04-17 21:05:00,-6.178808540369118e-06,-0.00014142216621722796
2026-04-17 21:10:00,1.029506691274662e-05,0.0004190325181420573
2026-04-17 21:15:00,0.0003026562743464467,4.063628472637001e-06
2026-04-17 21:20:00,0.0009778361370091915,0.00011417084747744166
2026-04-17 21:25:00,0.0006298564506064253,-5.349004226564512e-05
2026-04-17 21:30:00,0.00020789443154534126,-1.004175944986402e-05
2026-04-17 21:35:00,-0.0010808219003486386,-0.0006975840239731653
2026-04-17 21:40:00,-0.0010520411286911724,0.0001094149272356548
2026-04-17 21:45:00,-0.0016148902953769806,0.0012860962031211723
2026-04-17 21:50:00,-0.0015048012173473069,-0.00011815492067616834
2026-04-17 21:55:00,-0.0017648069993771998,9.514217854443685e-05
2026-04-17 22:00:00,0.00018139318258647563,-1.593308793639605e-05
2026-04-17 22:05:00,0.00024339532471095993,0.0003642332724791015
2026-04-17 22:10:00,-4.1271066304915394e-05,0.0017658132880279697
2026-04-17 22:15:00,-0.0010702830466211566,8.041017526880373e-05
2026-04-17 22:20:00,-0.0013022353437595058,0.000252031186193538
2026-04-17 22:25:00,-0.002183603191721062,7.105250068719464e-05
2026-04-17 22:30:00,-0.0026838332299679024,-6.948789436857588e-06
2026-04-17 22:35:00,-0.0015976045535097683,4.8746309368384376e-05
2026-04-17 22:40:00,-0.0010345884502669378,-0.0001948952305519573
2026-04-17 22:45:00,-0.012436329676830837,3.784412134220543e-05
2026-04-17 22:50:00,-0.008593836159619173,0.0014491318865460566
2026-04-17 22:55:00,-0.008275806078220427,-0.00017121136454688327
2026-04-20 00:00:00,0.0037613561795009076,-0.0001458572018049403
2026-04-20 00:05:00,-0.001845959044411316,-0.005050490508681476
2026-04-20 00:10:00,-0.0010463605468036263,0.00022168513650266616
2026-04-20 00:15:00,-0.0013594803909384723,-7.632983361809306e-05
2026-04-20 00:20:00,-1.6721079848736053e-05,0.0024966492075503715
2026-04-20 00:25:00,-0.0009345042842525686,-8.862502602094705e-05
2026-04-20 00:30:00,1.4627902725550257e-05,0.0004833515379595883
2026-04-20 00:35:00,-0.0004494837806809926,-0.00010072753510865098
2026-04-20 00:40:00,-0.0003681877464369876,-0.0025263419249006505
2026-04-20 00:45:00,-0.001941110514383837,0.0004893960361078824
2026-04-20 00:50:00,-0.0012135695284918313,-9.855867007245167e-05
2026-04-20 00:55:00,-0.0013840079177604991,0.0031089610130588786
2026-04-20 01:00:00,-0.0006681279158424758,-0.0001095835001040651
2026-04-20 01:05:00,-0.0011752175033397094,0.01169842592819367
2026-04-20 01:10:00,-0.0006602244374054322,0.002020677726269264
2026-04-20 01:15:00,-0.0003394710570656656,0.00021589465978591032
2026-04-20 01:20:00,-0.001428459300553797,-0.00011797290259902483
2026-04-20 01:25:00,-0.00367797674514847,-6.095139759007747e-06
2026-04-20 01:30:00,-0.00573811863929663,0.00046537337419940507
2026-04-20 01:35:00,-0.002381101117538975,-0.00015279774525797668
2026-04-20 01:40:00,0.0005364699773853232,-0.00016144821759047853
2026-04-20 01:45:00,0.0012597405084093793,0.000956578079415652
2026-04-20 01:50:00,4.208098907731994e-05,0.00048385539013751934
2026-04-20 01:55:00,-0.00047123668944770714,-0.0001739519775525773
2026-04-20 02:00:00,0.0017269290519212888,0.00014632563532276173
2026-04-20 02:05:00,0.0020661012382596766,-0.00017683153022696668
2026-04-20 02:10:00,0.0027275686088561457,-0.0004356222047673958
2026-04-20 02:15:00,0.001661009607731856,-0.0001463112656166819
2026-04-20 02:20:00,0.0005121864806589826,-0.00022582522938399831
2026-04-20 02:25:00,-5.456247194501884e-05,-0.00014124649966186278
2026-04-20 02:30:00,-0.0003987265984566335,-0.0005012043944213271
2026-04-20 02:35:00,-0.0003064407145156878,-0.00014266333531393868
2026-04-20 02:40:00,0.0016753882315949653,-0.0004456964056849517
2026-04-20 02:45:00,0.004874524399019364,-0.0001443865470126243
2026-04-20 02:50:00,0.0051779685059010205,0.0001697109120541434
2026-04-20 02:55:00,0.004398404936891254,-0.0011947067693926332
2026-04-20 03:00:00,0.0010897454372820192,-9.117744857096955e-05
2026-04-20 03:05:00,0.0019257276196622541,-0.00011979055165332707
2026-04-20 03:10:00,0.0018547352108591042,-0.0006505034344601562
2026-04-20 03:15:00,0.003247571083923262,-0.00026616356315453855
2026-04-20 03:20:00,0.00217371926776444,-7.590884856604243e-05
2026-04-20 03:25:00,0.0006556278599862964,-0.001089837580198717
2026-04-20 03:30:00,0.0004345697152512429,0.0003610493574273575
2026-04-20 03:35:00,0.0010248383866375832,-0.00047235686451127333
2026-04-20 03:40:00,0.0004056495597115628,-6.941817162201184e-05
2026-04-20 03:45:00,-0.0012876239088708274,0.0007918681568944348
2026-04-20 03:50:00,-0.0019653706057329856,-5.9635789831350565e-05
2026-04-20 03:55:00,-0.0014027904088393939,-0.00031242925006577654
2026-04-20 04:00:00,-0.000703797202202594,0.0003159659043586613
2026-04-20 04:05:00,-4.16361334920623e-06,-6.510443208992826e-05
2026-04-20 04:10:00,8.330972891101851e-06,0.0001364685721564714
2026-04-20 04:15:00,0.00014371482005692826,-6.835133296821325e-05
2026-04-20 04:20:00,-0.001379109422366298,0.0017823047069905427
2026-04-20 04:25:00,-0.0010356551756665056,-8.979990461822684e-05
2026-04-20 04:30:00,-0.001267068074355393,0.0012536704715877232
2026-04-20 04:35:00,-0.0002585342374192834,-9.785158810994343e-05
2026-04-20 04:40:00,0.0002584932774869486,-0.0011744409224757255
2026-04-20 04:45:00,-5.6305073414364415e-05,-8.748775412356483e-05
2026-04-20 04:50:00,-0.00044633732996857134,0.001998815501927755
2026-04-20 04:55:00,-0.0012785258442633562,-6.878072808788979e-05
2026-04-20 05:00:00,-0.0005527921882091391,-0.0015318239757727847
2026-04-20 05:05:00,0.00031495964709549185,0.00041690572189118276
2026-04-20 05:10:00,0.0007698141456415897,-4.5634282830327643e-05
2026-04-20 05:15:00,-3.964589952332176e-05,0.0002514696058894841
2026-04-20 05:20:00,-0.00018354058175518162,-2.7552084454052357e-05
2026-04-20 05:25:00,-0.000419256170614446,-0.0005825930055309896
2026-04-20 05:30:00,2.086665476852545e-06,-0.0002414428508659532
2026-04-20 05:35:00,-0.0004965626699426906,0.0002092702755709935
2026-04-20 05:40:00,-0.00039021214889523037,-4.4904667240884495e-05
2026-04-20 05:45:00,0.00029834834163366963,0.002099941360170062
2026-04-20 05:50:00,0.0005987655594523744,-7.335213140439695e-05
2026-04-20 05:55:00,0.00026085387009722183,-0.0007947684123273759
2026-04-20 06:00:00,8.343815256139919e-05,-5.862952975232818e-05
2026-04-20 06:05:00,-0.0001209759843288083,0.0003458257374448353
2026-04-20 06:10:00,0.00046936556198495794,0.00011835309169182485
2026-04-20 06:15:00,-0.0010163334197734741,-7.498648696208887e-05
2026-04-20 06:20:00,-0.0006635423387297834,-0.0009456180263537426
2026-04-20 06:25:00,-0.0015152782996175063,-8.840882390499174e-05
2026-04-20 06:30:00,0.0007931207628963932,0.0008610166280636959
2026-04-20 06:35:00,-0.0004008426099257889,-9.48845828498371e-05
2026-04-20 06:40:00,0.00037381499516975225,0.0009055028137654119
2026-04-20 06:45:00,-0.0005885188902858829,-8.938842793445849e-05
2026-04-20 06:50:00,-0.00039264747236522624,-0.00010915591772459554
2026-04-20 06:55:00,-0.0005994246121101554,-0.00010134088205154266
2026-04-20 07:00:00,-0.0005074059450294044,-0.001027169606535065
2026-04-20 07:05:00,8.355492801470632e-05,-0.00012036930790232164
2026-04-20 07:10:00,0.0003154215028740026,-0.00016788846442969462
2026-04-20 07:15:00,0.0014234253936376007,-0.00021543124932128763
2026-04-20 07:20:00,0.001110617153781135,-0.0001146403160345818
2026-04-20 07:25:00,-0.001450508454707844,-0.0006255559954795959
2026-04-20 07:30:00,-0.0018391472044427815,0.0007242413159143162
2026-04-20 07:35:00,-0.00036728570023036866,-0.00019849006285927758
2026-04-20 07:40:00,0.002160365051732782,-0.0001167410406485104
2026-04-20 07:45:00,0.0010128888348663878,0.0002950704255354288
2026-04-20 07:50:00,0.00018783340484596067,-0.00010924978137753269
2026-04-20 07:55:00,-0.00014819313976488502,-0.0013189450700482003
2026-04-20 08:00:00,-0.0006786265277671788,-0.00010509954458237239
2026-04-20 08:05:00,-0.0009416088426092983,5.481270806813171e-06
2026-04-20 08:10:00,-0.0008206777838726254,-0.00011836993045463046
2026-04-20 08:15:00,-4.3865558337685684e-05,-0.000543973512694799
2026-04-20 08:20:00,0.0006556706346199093,-0.013387377141665425
2026-04-20 08:25:00,0.0007309163300952548,-9.87184545367842e-05
2026-04-20 08:30:00,3.133273801481096e-05,0.0012805382879733133
2026-04-20 08:35:00,-0.0006849143707192695,-0.00010226407502076882
2026-04-20 08:40:00,0.0014852458600582708,0.00022211239001891216
2026-04-20 08:45:00,0.0022137820569287925,-0.00010045759186766603
2026-04-20 08:50:00,0.0018114963986359811,-0.0004640448024272042
2026-04-20 08:55:00,-0.00011882191215129012,-9.872649550974175e-05
2026-04-20 09:00:00,0.000987421909332653,-0.00087606332476329
2026-04-20 09:05:00,0.0012419410882547055,-9.890560225647482e-05
2026-04-20 09:10:00,0.00026680841021686774,-0.0018111602964352872
2026-04-20 09:15:00,-0.0017067286537724158,-8.634985665950658e-05
2026-04-20 09:20:00,-0.0011356072394832495,0.0017196582298787512
2026-04-20 09:25:00,-7.294835364035634e-05,-0.00021234285286946897
2026-04-20 09:30:00,-0.0004172264515336366,-8.319621286923935e-05
2026-04-20 09:35:00,-0.0016776391794799395,-0.00012558264741164107
2026-04-20 09:40:00,-0.0017669747301294336,-8.049109784190993e-05
2026-04-20 09:45:00,-0.000745182181422166,0.0018257145931052175
2026-04-20 09:50:00,8.353433782914976e-06,-8.955076053911982e-05
2026-04-20 09:55:00,-1.4616113013232734e-05,-0.00032387494719434426
2026-04-20 10:00:00,-4.5939760452640144e-05,-9.142537930588938e-05
2026-04-20 10:05:00,8.97950064135955e-05,0.008188963554990507
2026-04-20 10:10:00,0.0006116061322050115,-7.6157694620229e-05
2026-04-20 10:15:00,0.0003027459076729855,-0.00029782983638719984
2026-04-20 10:20:00,0.00017747803755874259,-6.672764400961277e-05
2026-04-20 10:25:00,6.886053553145643e-05,-0.0007412195794086371
2026-04-20 10:30:00,0.0008993453747887514,-0.001075401340651237
2026-04-20 10:35:00,0.0008431123028280751,-5.6190976042860564e-05
2026-04-20 10:40:00,0.000769663211279692,-0.00011327279793496946
2026-04-20 10:45:00,0.0001918669283611507,-0.00020317964050749207
2026-04-20 10:50:00,0.00031494125354569746,-0.0004740687965075403
2026-04-20 10:55:00,-4.795628056086798e-05,-5.562566623769663e-05
2026-04-20 11:00:00,-0.0001918669283611507,-0.0012575245709092618
2026-04-20 11:05:00,-0.0003462322251657213,-5.8458124903033366e-05
2026-04-20 11:10:00,-0.0006027771732046716,-0.0010639507535502512
2026-04-20 11:15:00,-0.0017284609523287031,-5.553333599211834e-05
2026-04-20 11:20:00,-0.0009934757019038898,-0.00010982278914357031
2026-04-20 11:25:00,-0.0001877902930456088,-7.076867827691854e-05
2026-04-20 11:30:00,0.0018911331140589738,0.00012453066591433938
2026-04-20 11:35:00,0.0006512971898793296,-0.00014736721687772452
2026-04-20 11:40:00,-4.173518194150461e-06,-6.237283580049036e-05
2026-04-20 11:45:00,-0.0007927550948103601,0.00029659800841369603
2026-04-20 11:50:00,0.001192944252460748,-6.531645881351222e-05
2026-04-20 11:55:00,0.0007926558765980474,-0.00020338392180361327
2026-04-20 12:00:00,0.001786982613008803,-7.027227663268408e-05
2026-04-20 12:05:00,8.545360760159326e-05,0.00043222242234556164
2026-04-20 12:10:00,0.0005565694620397466,-0.002059384741351668
2026-04-20 12:15:00,-0.0005897473739100434,0.0012036769616457156
2026-04-20 12:20:00,-0.00031892507928255043,-0.001567343590688557
2026-04-20 12:25:00,-0.0006900254082218282,-0.0015802180388937302
2026-04-20 12:30:00,-0.0001667761138772761,-7.879066334531783e-05
2026-04-20 12:35:00,-0.00011467112854113282,0.001167021333003025
2026-04-20 12:40:00,0.00016264706040836074,0.0003743917363822751
2026-04-20 12:45:00,-0.0011640376309678402,-8.76514928916288e-05
2026-04-20 12:50:00,-0.0007049950650337422,0.008386143672395294
2026-04-20 12:55:00,-0.001258075685933946,-8.81577467868438e-05
2026-04-20 13:00:00,-0.0005887929080667931,-0.0017294414847815022
2026-04-20 13:05:00,-0.0006679092810077947,-8.759902258794071e-05
2026-04-20 13:10:00,-0.00029022879210671704,-0.00012046750036744546
2026-04-20 13:15:00,0.0004844222837103729,-9.082239207188015e-05
2026-04-20 13:20:00,0.00043836577942002464,-0.00020967725433917016
2026-04-20 13:25:00,0.00136480331708988,-8.801900363701746e-05
2026-04-20 13:30:00,0.002360286581872373,6.651981492528347e-05
2026-04-20 13:35:00,0.0031068835843761633,-7.342466728945195e-05
2026-04-20 13:40:00,0.0031897887265976976,-0.00012373819533400703
2026-04-20 13:45:00,0.0016938011773621753,-0.000703850306911254
2026-04-20 13:50:00,0.0002870711893852018,-3.329023512567103e-05
2026-04-20 13:55:00,0.00024318889349395079,0.002251022529110003
2026-04-20 14:00:00,0.0011615284025818795,-4.0023713073358925e-05
2026-04-20 14:05:00,0.0011744690515911316,-0.00020588768540144085
2026-04-20 14:10:00,-0.0011832438269863133,-0.0006715133710357966
2026-04-20 14:15:00,-0.001914437119893364,-0.0023659955070752707
2026-04-20 14:20:00,-0.001979725107213781,-2.971441033018487e-05
2026-04-20 14:25:00,6.65816363927263e-05,-0.0005557959246225201
2026-04-20 14:30:00,5.409521591559496e-05,-2.59158673119706e-05
2026-04-20 14:35:00,-0.00011657656283148299,-0.001049615188702108
2026-04-20 14:40:00,-0.0005015520121940398,-2.6392702241931415e-05
2026-04-20 14:45:00,-0.0006139444666768412,0.0016479145388781113
2026-04-20 14:50:00,0.0016225226292299055,5.3352171465789816e-05
2026-04-20 14:55:00,0.002453335894477604,-2.347087089099819e-05
2026-04-20 15:00:00,0.0026466344685545096,-0.0005896409703027142
2026-04-20 15:05:00,0.001080221051772412,0.0012113687344505485
2026-04-20 15:10:00,0.001831914613589447,-0.0004774566060297301
2026-04-20 15:15:00,0.0011682765516454197,-1.3680854027758727e-06
2026-04-20 15:20:00,0.00026572169545602264,3.657557917320677e-05
2026-04-20 15:25:00,-0.0005203954708274949,-5.750096192553066e-06
2026-04-20 15:30:00,-0.00024059900972694948,-0.00011122652690278222
2026-04-20 15:35:00,0.0007199999481066754,0.00014836346999461266
2026-04-20 15:40:00,-0.0007344048228201672,-4.72125300326389e-05
2026-04-20 15:45:00,-0.0006142047486843438,0.00018427288480526505
2026-04-20 15:50:00,-0.0016960433536112873,6.213100518517009e-05
2026-04-20 15:55:00,-0.0006684866914916654,3.655876883149822e-05
2026-04-20 16:00:00,-0.00018890230174584133,-0.0003480825510197035
2026-04-20 16:05:00,0.0025668201414799086,-0.0008333989466086479
2026-04-20 16:10:00,0.0016890388738595163,-5.4151858441676065e-05
2026-04-20 16:15:00,0.00031550914511768724,-3.8516573267170356e-05
2026-04-20 16:20:00,-0.0023029868078268123,0.0003113064189857272
2026-04-20 16:25:00,-0.0018967344095681682,-0.00010387940410182545
2026-04-20 16:30:00,-0.0010320014786682208,-0.003083556195498942
2026-04-20 16:35:00,-0.001076544935413537,-0.002679191174320018
2026-04-20 16:40:00,-0.0017088939385043744,-0.0011486635079498025
2026-04-20 16:45:00,-0.0031961939264117945,0.00014127160459052865
2026-04-20 16:50:00,-0.002437936395061513,-0.0013343394947762622
2026-04-20 16:55:00,-0.001545090066269239,-0.00021884324448032968
2026-04-20 17:00:00,-9.796146370710801e-05,0.002788366187489948
2026-04-20 17:05:00,0.0013373330327084432,0.0013460190475040289
2026-04-20 17:10:00,0.0018883505658688904,-0.0006274174688467502
2026-04-20 17:15:00,0.0014101363420060409,1.2076459527364536e-06
2026-04-20 17:20:00,-0.0003477011678842956,-0.000764900271063019
2026-04-20 17:25:00,-0.0015341433092519452,0.0018490553485422487
2026-04-20 17:30:00,-0.0009183415938807116,-0.00013686969455434155
2026-04-20 17:35:00,-0.0012710744789696804,-0.0006074589906629939
2026-04-20 17:40:00,-2.0832248321056568e-05,0.0017564024004571453
2026-04-20 17:45:00,-0.0010359681965077527,0.00266688833328305
2026-04-20 17:50:00,0.00040858700344514887,0.0002413616717726598
2026-04-20 17:55:00,-0.00028961320171916327,-0.00014645926934611845
2026-04-20 18:00:00,0.0004357793690950018,-0.0001657276710259248
2026-04-20 18:05:00,6.25258570430276e-06,-0.000371530275495326
2026-04-20 18:10:00,0.0006020513675402128,-0.00014669056294946162
2026-04-20 18:15:00,0.0007022684391824185,0.0003065496868322426
2026-04-20 18:20:00,0.00043758387722370173,-0.0011871772419290352
2026-04-20 18:25:00,8.538278042813374e-05,0.001038539450499272
2026-04-20 18:30:00,0.0007059389749688449,0.00011567173159330693
2026-04-20 18:35:00,0.0010223661689856556,0.0016782672793120785
2026-04-20 18:40:00,0.0007785211822071147,1.3901767041615094e-05
2026-04-20 18:45:00,0.0007803258412248937,0.00011489030874300155
2026-04-20 18:50:00,0.0009423159826980054,-0.00476204957803506
2026-04-20 18:55:00,0.0006240444522163102,0.0005503173494012191
2026-04-20 19:00:00,0.0003369125119991878,0.00030365169859046065
2026-04-20 19:05:00,-0.0002516133942300769,-0.0021777886167299206
2026-04-20 19:10:00,0.00017258354489868566,-0.0022724292762496888
2026-04-20 19:15:00,-0.0007925488347204634,0.0004817839464668537
2026-04-20 19:20:00,0.00032438232483933405,0.0008340029870450351
2026-04-20 19:25:00,-1.4554088711093982e-05,2.1302719903145133e-05
2026-04-20 19:30:00,0.0007592785762504661,-0.0001137649567096503
2026-04-20 19:35:00,-0.00010395723624512243,-0.00025349399485804933
2026-04-20 19:40:00,-0.0004263208472039537,-0.0013544274988933824
2026-04-20 19:45:00,0.0005072512083206249,-0.0007192400539655947
2026-04-20 19:50:00,0.0010390863625904245,0.00042082206069224
2026-04-20 19:55:00,0.00161282312199873,-0.003214438823716309
2026-04-20 20:00:00,0.0004924527048846272,0.0018081206949496556
2026-04-20 20:05:00,-0.00018072345517694544,-0.002182361433417424
2026-04-20 20:10:00,-0.0003177863816858917,-0.0005446878700252224
2026-04-20 20:15:00,0.00021602085516114755,0.00023392708128472763
2026-04-20 20:20:00,-0.00025971732512353185,0.00018673544268948315
2026-04-20 20:25:00,0.0001744834567105613,-0.0002527786162260759
2026-04-20 20:30:00,2.0768777051927145e-05,-0.0008323379318463727
2026-04-20 20:35:00,0.0006003641835619078,-0.0015559009348035462
2026-04-20 20:40:00,-0.00012878246582204156,0.0013079539056146353
2026-04-20 20:45:00,0.0005813507016405595,-0.0002425108423050986
2026-04-20 20:50:00,0.001046140274041818,-0.0002825234868534382
2026-04-20 20:55:00,0.0013472404889594003,-0.0012154209567015566
2026-04-20 21:00:00,0.00021169380023700057,-0.00011060334595707118
2026-04-20 21:05:00,-0.0003319894706841353,-0.00013310226398405585
2026-04-20 21:10:00,-0.0006723554274135068,0.0007301822952497779
2026-04-20 21:15:00,-0.0008865073956201286,0.00017629279495934535
2026-04-20 21:20:00,-0.0014724561001511205,0.00035496700095750337
2026-04-20 21:25:00,-0.0011569279352947603,-0.0001013927199678279
2026-04-20 21:30:00,-0.00044043163010876185,0.00042806137502150195
2026-04-20 21:35:00,-3.325393955577738e-05,-2.8199357759595053e-05
2026-04-20 21:40:00,0.0005505904442308918,-0.002136905773899337
2026-04-20 21:45:00,0.0005816610741913308,-0.00019712357225099865
2026-04-20 21:50:00,0.0006337129243298989,0.0027645998233715515
2026-04-20 21:55:00,2.077106341680235e-05,9.918063585771377e-05
2026-04-20 22:00:00,-0.00039673926546157645,0.001465336939671775
2026-04-20 22:05:00,0.00024506648069966275,-0.00035071790568935436
2026-04-20 22:10:00,0.0003115141899137086,-0.00047400996399816814
2026-04-20 22:15:00,0.00014542009814455525,-0.00032720613945603317
2026-04-20 22:20:00,-2.0765822767998543e-06,-0.0002576513054643923
2026-04-20 22:25:00,0.00012873085924880456,-9.079949440876918e-05
2026-04-20 22:30:00,0.000716404552086658,-0.0006753708993156075
2026-04-20 22:35:00,0.0008987570567402514,0.00095707639975308
2026-04-20 22:40:00,0.0008508678327068253,0.0002816198073615295
2026-04-20 22:45:00,0.0015079627215168756,-0.0006076340621261829
2026-04-20 22:50:00,0.0018158042097038418,-0.0006281922583431476
2026-04-20 22:55:00,0.0017492667490497382,-0.00012136082267626537
2026-04-21 00:00:00,0.0014436039162575298,-0.0007941653275020909
2026-04-21 00:05:00,0.0004803461897591177,0.0013764611935786213
2026-04-21 00:10:00,-1.863718677874715e-05,-9.495849151904763e-05
2026-04-21 00:15:00,-0.0007681438110953565,-0.0004605659116826357
2026-04-21 00:20:00,-0.0004037237880236688,-0.00029650779962691915
2026-04-21 00:25:00,0.00036853765505462377,-5.7833580016057834e-05
2026-04-21 00:30:00,0.0003644760179923878,-0.00025751073258607575
2026-04-21 00:35:00,-0.00027959659571408224,-0.0003215953652911679
2026-04-21 00:40:00,-0.0006626370296256567,-4.727187877944378e-05
2026-04-21 00:45:00,-0.0006420639053423827,-0.00017028578915577182
2026-04-21 00:50:00,-0.000594661531838625,-0.00048684230116019484
2026-04-21 00:55:00,-0.00034806029252720805,0.0011189070469939104
2026-04-21 01:00:00,-0.0003895815984407136,-0.0003818476774781541
2026-04-21 01:05:00,0.0002383214719241522,-0.00027455166593221285
2026-04-21 01:10:00,-0.0002155266214813878,-0.000539863847864466
2026-04-21 01:15:00,-0.0001637524605389018,-0.0002037679994471561
2026-04-21 01:20:00,-0.00020723284134405162,-0.00034634278586069073
2026-04-21 01:25:00,-3.7307400548414194e-05,-0.000598804726826424
2026-04-21 01:30:00,-0.0005577886830590018,-0.0006338251421022885
2026-04-21 01:35:00,-0.0008915909059492577,-1.8687080969656285e-05
2026-04-21 01:40:00,-0.0005825905123746367,-0.00035319412391074433
2026-04-21 01:45:00,0.0007837185980736905,8.291031807647396e-05
2026-04-21 01:50:00,0.001635357236020596,0.0005648720096847312
2026-04-21 01:55:00,0.0013574695539979587,0.00018685920454156787
2026-04-21 02:00:00,0.0006049920313149215,-0.00040688744806562137
2026-04-21 02:05:00,-0.0006132046348223952,4.441692412209764e-05
2026-04-21 02:10:00,-0.0016499293817471283,0.001824313651488946
2026-04-21 02:15:00,-0.0020485054944749947,0.0004330800853809287
2026-04-21 02:20:00,-0.0012047157467716119,0.0009806478868475267
2026-04-21 02:25:00,0.0005184871904635457,0.00024036112120167651
2026-04-21 02:30:00,0.0014725282855909683,-0.0002524609924962252
2026-04-21 02:35:00,0.0009124826172701717,-4.926178550066133e-05
2026-04-21 02:40:00,0.0001181774549898762,0.0002655480766234734
2026-04-21 02:45:00,-0.0014393206569653927,-0.00021390993294664336
2026-04-21 02:50:00,-0.0011345077153173122,0.00014633652249508675
2026-04-21 02:55:00,-0.0018052831207757691,0.0004316430215507746
2026-04-21 03:00:00,-0.00014321577556586362,0.00025520490506434154
2026-04-21 03:05:00,-0.0003051055387874868,-9.627785604497231e-05
2026-04-21 03:10:00,0.0007038254969486957,-0.00012587012454097637
2026-04-21 03:15:00,0.00012453662015410316,0.00020719330844167156
2026-04-21 03:20:00,-0.0007434357872710962,-0.00020788984077309747
2026-04-21 03:25:00,-0.0009634732291381454,0.0007699513473552745
2026-04-21 03:30:00,-0.001131777416111035,-3.5592074048731753e-05
2026-04-21 03:35:00,-0.0007980431740914895,0.0006074892475673277
2026-04-21 03:40:00,-0.0007128198769148497,0.0007206837404278385
2026-04-21 03:45:00,-0.0011933870318419082,-0.00018805055437370047
2026-04-21 03:50:00,-0.00028487273970867477,0.0013414072014696712
2026-04-21 03:55:00,-0.000519868339459606,0.00011647389011914969
2026-04-21 04:00:00,5.6166861359230325e-05,-0.00023088639125239075
2026-04-21 04:05:00,-0.0005325345441224982,0.00042294182299563673
2026-04-21 04:10:00,3.535961246292629e-05,-0.0006276392169768493
2026-04-21 04:15:00,-0.0006575579865959469,0.0002956241501253975
2026-04-21 04:20:00,9.987183123350007e-05,-9.645840799854279e-05
2026-04-21 04:25:00,-0.0002641873290745167,0.00015453370312779976
2026-04-21 04:30:00,-2.0815661692097365e-06,0.000311350663235562
2026-04-21 04:35:00,7.697772954884385e-05,-0.00019702382145777317
2026-04-21 04:40:00,0.00023922773242013307,0.00020223777318024617
2026-04-21 04:45:00,0.0007241235404773505,-0.00010237428105729597
2026-04-21 04:50:00,-0.0006659494082974504,0.00013113627247331828
2026-04-21 04:55:00,-0.0013924839351293627,-0.0002317892708661176
2026-04-21 05:00:00,-0.0020467937771222466,0.00014198349618941116
2026-04-21 05:05:00,-0.001900392527778294,0.0005136910473742014
2026-04-21 05:10:00,-0.0004791796536185444,-0.0002963439559408332
2026-04-21 05:15:00,0.000229249292937439,-3.0096949757668136e-05
2026-04-21 05:20:00,0.00010011074759930239,0.0003161781831201547
2026-04-21 05:25:00,-0.0007671653617524754,1.728479671106699e-05
2026-04-21 05:30:00,-0.0006941614631426063,0.00032168654254499337
2026-04-21 05:35:00,0.0001146979118935576,-3.9709713131553506e-05
2026-04-21 05:40:00,0.0004712093278218532,0.0003410249678669463
2026-04-21 05:45:00,0.0004774180323288135,0.0003643370225446219
2026-04-21 05:50:00,-0.00021898015814514338,-0.00028039822092254
2026-04-21 05:55:00,-0.0007653064257855391,-0.00047311234643640873
2026-04-21 06:00:00,-0.0009133391938185298,0.00048306810332544663
2026-04-21 06:05:00,-0.0004193243931940316,9.732657014627246e-05
2026-04-21 06:10:00,-0.0002649700255119569,-0.00044078944524329343
2026-04-21 06:15:00,-0.0002649827411573824,-0.00036673677711418246
2026-04-21 06:20:00,9.80667292704851e-05,0.00017078747797407925
2026-04-21 06:25:00,-5.634126111964122e-05,-0.0004708334048801361
2026-04-21 06:30:00,-0.00046336689050008317,-0.0006244293226724918
2026-04-21 06:35:00,-0.0006574395783740528,-0.00024806326345938666
2026-04-21 06:40:00,-0.0006178754050463198,0.0009192389828013554
2026-04-21 06:45:00,0.00027554132563523126,-0.002762118760495996
2026-04-21 06:50:00,0.00011899729138598047,-0.0006385145935935829
2026-04-21 06:55:00,0.00011692463176871115,3.1093830701765874e-05
2026-04-21 07:00:00,-0.00040081248566359307,-0.0004463429964722768
2026-04-21 07:05:00,-0.00018163313288788174,-0.0002058260806353856
2026-04-21 07:10:00,-0.00048657990633316217,-4.595984117141656e-06
2026-04-21 07:15:00,0.0006616717994560872,6.357477078814929e-05
2026-04-21 07:20:00,0.001362487574381177,0.0007761100284562213
2026-04-21 07:25:00,0.001886525263799399,-0.0005064221782998657
2026-04-21 07:30:00,-0.00036730946234797557,0.0011744991913879594
2026-04-21 07:35:00,-0.0015984511368554166,-0.0009705782771431651
2026-04-21 07:40:00,-0.0025781684244101655,0.00021413437714559394
2026-04-21 07:45:00,-0.0016754726892074245,0.0006083512256920568
2026-04-21 07:50:00,-0.0001441113293836338,0.005474429006270541
2026-04-21 07:55:00,0.0001797478518703599,0.0008862094736110843
2026-04-21 08:00:00,-0.0004287200680508363,0.0015396136911428008
2026-04-21 08:05:00,-0.0014046061678989474,2.773945048518839e-05
2026-04-21 08:10:00,-0.0010894329230985988,-6.763097268983428e-05
2026-04-21 08:15:00,-0.00034310844027807264,3.494129228972815e-05
2026-04-21 08:20:00,-0.0005356074460323157,8.488070974214886e-05
2026-04-21 08:25:00,8.368375912404247e-05,5.4264695555727714e-05
2026-04-21 08:30:00,-0.00023438562821098685,0.0002039468683864966
2026-04-21 08:35:00,-0.0003893323000312421,-9.4245172655483e-05
2026-04-21 08:40:00,-0.0005796537515969646,-0.005331393119108286
2026-04-21 08:45:00,-0.0006029582822506541,-0.0001876246471768211
2026-04-21 08:50:00,0.0009542225066763166,-3.542779811121038e-05
2026-04-21 08:55:00,0.0012614153998438127,0.0003043713049569463
2026-04-21 09:00:00,0.0019603767606106715,0.00011963534745989084
2026-04-21 09:05:00,0.0005980173603248318,-9.593283208770705e-05
2026-04-21 09:10:00,2.717717953260035e-05,0.0006799073201966942
2026-04-21 09:15:00,-0.000545674083046066,0.00020135195049055159
2026-04-21 09:20:00,-0.0003512395866387408,-7.747370785132883e-05
2026-04-21 09:25:00,0.000664565716149923,0.00017244356501244768
2026-04-21 09:30:00,0.0018323690841253182,-0.00026456163628704114
2026-04-21 09:35:00,0.0014083950179824,-0.00020953888239118486
2026-04-21 09:40:00,-0.00018386078447463206,-0.00036379856273672807
2026-04-21 09:45:00,-0.0009293457761838653,0.0006774569858340888
2026-04-21 09:50:00,-0.0017409318693708542,-0.0013260338155017422
2026-04-21 09:55:00,-0.0020414530684735865,-0.000497600318476319
2026-04-21 10:00:00,-0.0005893811250974323,0.0006349666234585335
2026-04-21 10:05:00,0.001383796840340068,-7.602903988692333e-05
2026-04-21 10:10:00,0.002359009557546088,-0.0002112666649836532
2026-04-21 10:15:00,0.0010468524862830009,5.312787897872056e-05
2026-04-21 10:20:00,0.0002715177860839191,0.0003275652420825799
2026-04-21 10:25:00,0.0009687596667973253,1.873101480868161e-05
2026-04-21 10:30:00,0.00031321583123578023,-4.151330590398694e-06
2026-04-21 10:35:00,1.4618096994212237e-05,-0.0002350630600014507
2026-04-21 10:40:00,-0.0011713992041357812,-0.00022986225668623434
2026-04-21 10:45:00,-0.0008709828557620369,-9.7011321052411e-05
2026-04-21 10:50:00,-0.0005263861623490129,-0.00017312133310277072
2026-04-21 10:55:00,-0.00042839395762861443,9.965077472912685e-05
2026-04-21 11:00:00,0.00031130160885162184,0.0002776629170275155
2026-04-21 11:05:00,-0.00011283309281218123,-0.0003466688739161055
2026-04-21 11:10:00,-0.0004662175313239203,-4.585112385445206e-05
2026-04-21 11:15:00,-0.0004805733541441981,6.896493580499654e-05
2026-04-21 11:20:00,-0.00046609377688966447,0.00027963388128243824
2026-04-21 11:25:00,0.0011703583049893496,0.00022306943500370626
2026-04-21 11:30:00,0.00011076129593590167,-0.002184989872066513
2026-04-21 11:35:00,0.0009779195750994063,2.3947294522436648e-05
2026-04-21 11:40:00,-0.0009445397116323306,-0.0005402370991041206
2026-04-21 11:45:00,-0.00039085402100091926,0.00015374517673223253
2026-04-21 11:50:00,-0.0005348118780492683,0.00024100356419892792
2026-04-21 11:55:00,-0.00010035752376325036,0.0002339192524454251
2026-04-21 12:00:00,-0.00010662306977771152,-0.0003252989079694964
2026-04-21 12:05:00,-0.0005894599714171278,0.00047950756570975964
2026-04-21 12:10:00,8.990408494646829e-05,-0.00023105658344612037
2026-04-21 12:15:00,0.00033655570053170436,-7.694936860540406e-05
2026-04-21 12:20:00,0.0009613516507620545,-0.00024742025475818296
2026-04-21 12:25:00,0.0006792463344122979,0.00010689124245505113
2026-04-21 12:30:00,0.0004931316886871429,0.00022705988166905094
2026-04-21 12:35:00,0.0006035072515278017,-0.00014727665224671758
2026-04-21 12:40:00,0.000749770039520925,0.0001586600587955199
2026-04-21 12:45:00,9.609057588733094e-05,-0.000697179946058576
2026-04-21 12:50:00,-0.0019873098770730735,-0.0003473209976030748
2026-04-21 12:55:00,-0.0016422903816568635,-0.0025740206033455938
2026-04-21 13:00:00,-0.0011118729096111224,-0.0002738895550581289
2026-04-21 13:05:00,0.00026980364105888555,-1.1822896888924446e-05
2026-04-21 13:10:00,0.00031571299651034224,-0.011717829366613997
2026-04-21 13:15:00,0.0011640921762339218,-7.126472329827025e-05
2026-04-21 13:20:00,0.0017300319398039221,6.021330290041723e-05
2026-04-21 13:25:00,0.0019860772326953935,0.00039644327234212505
2026-04-21 13:30:00,0.0017946844608136558,-0.00032632794534126367
2026-04-21 13:35:00,0.0007241364155312624,-0.0014419432024464986
2026-04-21 13:40:00,0.0004192657904038555,-0.00031132519229662447
2026-04-21 13:45:00,-0.0006402910101446224,0.005639204512040282
2026-04-21 13:50:00,0.00041296114580724463,3.191107034187455e-05
2026-04-21 13:55:00,-0.0007239173631763407,0.0010022858232925928
2026-04-21 14:00:00,-0.0020613073727293596,-0.00018497380969378598
2026-04-21 14:05:00,-0.0026726650462283175,0.00021409012396596825
2026-04-21 14:10:00,-0.002710473337906194,0.00038066955884937686
2026-04-21 14:15:00,0.0008191839964908354,0.0003796961158462771
2026-04-21 14:20:00,-0.00046845167125475484,7.768078359305523e-05
2026-04-21 14:25:00,0.00011927318700521994,0.00025406057563212217
2026-04-21 14:30:00,-0.001961309729360039,0.00019248173653237517
2026-04-21 14:35:00,-6.484765510172963e-05,-0.0005957948896624506
2026-04-21 14:40:00,8.787640398644214e-05,0.00020209606494838093
2026-04-21 14:45:00,0.00032017779557946824,-3.5744615763024705e-05
2026-04-21 14:50:00,-0.002588971094834136,0.0007015468593311176
2026-04-21 14:55:00,-0.003021517498531523,0.0005354123533090038
2026-04-21 15:00:00,-0.0022622737949404836,0.0008170014399232966
2026-04-21 15:05:00,0.0004424430898506415,0.0006319140521503496
2026-04-21 15:10:00,0.0020712057499014946,0.0008782381111615273
2026-04-21 15:15:00,0.0014982814479385098,4.7071631620137984e-05
2026-04-21 15:20:00,0.003102082262529393,-0.0010196869675714662
2026-04-21 15:25:00,0.002963076655701613,0.0007679381089565662
2026-04-21 15:30:00,0.0026996157264722598,-3.055280298576935e-05
2026-04-21 15:35:00,0.0009295865054230745,0.00030605928706557754
2026-04-21 15:40:00,-0.002155044859856403,-0.0006863543158421028
2026-04-21 15:45:00,-0.001709677229007056,0.0010343708184315104
2026-04-21 15:50:00,-0.0018642217050786059,-5.002444468153191e-05
2026-04-21 15:55:00,8.369969386023968e-06,-0.0005738343210830786
2026-04-21 16:00:00,-0.0005524029668926289,0.0001809908399960128
2026-04-21 16:05:00,-0.001578525683621379,-0.001005429103469076
2026-04-21 16:10:00,-0.0010384108224368305,0.0010604781892141859
2026-04-21 16:15:00,-0.0019735649354064577,-0.00020358229424040597
2026-04-21 16:20:00,-0.002395572485204056,-0.0003432609086964208
2026-04-21 16:25:00,-0.006029810063159502,3.4495532731930795e-05
2026-04-21 16:30:00,-0.008542416260825192,0.002483897220635288
2026-04-21 16:35:00,-0.004776775765485297,-0.0012178820350425812
2026-04-21 16:40:00,-0.0012145571206723105,-0.003980991854646571
2026-04-21 16:45:00,0.0015132944511986324,-0.0008012175921665878
2026-04-21 16:50:00,0.000350243486098023,-0.006504564583620223
2026-04-21 16:55:00,0.0018718268208193223,0.0005875920761176428
2026-04-21 17:00:00,0.00435588210312865,-0.0005993750452207475
2026-04-21 17:05:00,0.001966258137354515,-0.0014021204942357968
2026-04-21 17:10:00,-0.0012243011581816177,-0.00019549954376548825
2026-04-21 17:15:00,-0.002381056262889203,-0.0007428649413772618
2026-04-21 17:20:00,-0.0014769666511771362,0.00017428695714754328
2026-04-21 17:25:00,0.0007503520261682439,0.0013649899806273428
2026-04-21 17:30:00,0.000432000495617757,0.001478637797213354
2026-04-21 17:35:00,-0.00037749258907382455,0.0011070532263937724
2026-04-21 17:40:00,-0.0007102909224379061,-0.00023625416703679358
2026-04-21 17:45:00,-0.0013408642992605024,-0.0006590640273037499
2026-04-21 17:50:00,-0.0012346996447210046,-0.00011592357823231989
2026-04-21 17:55:00,-0.002658051561232,0.0009498770150699618
2026-04-21 18:00:00,-0.0015983129275483066,-0.0015874358941542156
2026-04-21 18:05:00,-0.0009275546712608218,-0.0010822990171535552
2026-04-21 18:10:00,-0.002029430604487459,-6.264828741983033e-05
2026-04-21 18:15:00,-0.001651667745321106,-0.00021145568147018718
2026-04-21 18:20:00,-0.0014342257746413622,-0.000804064146408635
2026-04-21 18:25:00,0.0001842788928563266,-0.00082361240468123
2026-04-21 18:30:00,-0.0007601334728377651,-0.00018494024530645644
2026-04-21 18:35:00,-0.0030742182311040978,0.012981767997409854
2026-04-21 18:40:00,-0.002219959120512982,-0.00014725243434673887
2026-04-21 18:45:00,-0.0017999438799591871,-1.9105167666677933e-05
2026-04-21 18:50:00,0.0002590228060697086,-0.0004230716847843645
2026-04-21 18:55:00,-0.0007134682289056116,-5.364580620424855e-05
2026-04-21 19:00:00,-0.0023454191183258644,-4.4021121942542995e-05
2026-04-21 19:05:00,-0.0015530180210010514,0.0001989616105455067
2026-04-21 19:10:00,-0.0016816356005069366,-0.00013845665824998996
2026-04-21 19:15:00,0.0007526630593659434,-0.00037607269640776097
2026-04-21 19:20:00,0.0010837552539104678,2.065043514184328e-05
2026-04-21 19:25:00,0.003881982560047348,-0.00028613783200316314
2026-04-21 19:30:00,0.0014463284157049117,-0.0013458994803376163
2026-04-21 19:35:00,-0.0002952600168217856,4.451636909082754e-06
2026-04-21 19:40:00,-0.0013001020916032502,-0.0003646215096217611
2026-04-21 19:45:00,-0.0002674449472035434,-0.0002977787567535427
2026-04-21 19:50:00,0.00029313615534398707,7.22897406837394e-05
2026-04-21 19:55:00,-0.0015610816047590959,-0.0005339423102142373
2026-04-21 20:00:00,-0.0030466988808637296,-0.0007053142553506313
2026-04-21 20:05:00,-0.0029309753387494197,-4.581196188712072e-05
2026-04-21 20:10:00,-0.0016018434193298958,4.1371861075972414e-05
2026-04-21 20:15:00,0.001274662169036489,-7.234424124205184e-05
2026-04-21 20:20:00,0.0014686884700108038,-0.00016100538676187086
2026-04-21 20:25:00,0.0012872082022497011,-0.0003554282265230519
2026-04-21 20:30:00,-7.656153637114471e-05,-0.0013761961357582888
2026-04-21 20:35:00,0.001613069825454616,0.0012764622069402843
2026-04-21 20:40:00,0.0015403429404994284,-7.046914673304532e-05
2026-04-21 20:45:00,0.001714848947264258,-0.00041788204893361634
2026-04-21 20:50:00,0.00012528121933996772,-0.00024155534456661774
2026-04-21 20:55:00,-0.0002654071520513668,-3.780410715186779e-05
2026-04-21 21:00:00,-0.0006456449983964774,3.2898324122137776e-05
2026-04-21 21:05:00,0.0010271386181859299,-0.0002898481475579149
2026-04-21 21:10:00,0.0010654487883989816,-0.00037677604171136147
2026-04-21 21:15:00,0.0007008452905470364,-0.00033032882275629404
2026-04-21 21:20:00,-0.002831427959648636,-0.00020818333970923952
2026-04-21 21:25:00,-0.009086283591688726,0.0010232821790259214
2026-04-21 21:30:00,-0.005714508091553938,0.00039831168137976656
2026-04-21 21:35:00,-0.004325250584196638,-0.0002208947424324013
2026-04-21 21:40:00,0.0015422116570711353,-0.00041541303074091595
2026-04-21 21:45:00,-0.0016090967636905873,-0.0005861005007510215
2026-04-21 21:50:00,3.4180730617450195e-05,-0.00020996523452997088
2026-04-21 21:55:00,0.004171924941735128,0.0004672142218351228
2026-04-21 22:00:00,0.005866144996076628,-0.0005564884905978511
2026-04-21 22:05:00,0.006097482470279303,-3.3380977040621e-05
2026-04-21 22:10:00,0.0015546827038672717,-0.0005638384074064417
2026-04-21 22:15:00,0.0015041654188365783,0.00017764528902117308
2026-04-21 22:20:00,0.00032268542484992224,0.0005703037883803849
2026-04-21 22:25:00,0.001267902386345554,-7.323713480794405e-05
2026-04-21 22:30:00,0.0007342642832330881,0.0007465884495834526
2026-04-21 22:35:00,0.0012939411428884995,-0.000333445762425668
2026-04-21 22:40:00,0.0018003331979343784,-0.000765050328436338
2026-04-21 22:45:00,0.0025508758628074446,-0.0006025645360512197
2026-04-21 22:50:00,0.0007586160495360872,-0.0007534676921582639
2026-04-21 22:55:00,0.0003431585447319918,-0.0005125222300950696
2026-04-22 00:00:00,-0.001128447255808851,0.0007959875400816152
2026-04-22 00:05:00,-0.0005360572798558394,-0.00036667747190985726
2026-04-22 00:10:00,-0.0005232579812961546,0.0008209457377245616
2026-04-22 00:15:00,-0.00060391401676263,9.447775662975227e-05
2026-04-22 00:20:00,7.841367029826074e-05,0.00010201958534777699
2026-04-22 00:25:00,-0.0004175316732997203,-0.0006972823020815241
2026-04-22 00:30:00,-0.000271350287324168,-0.00013440472108835132
2026-04-22 00:35:00,1.9072665796926458e-05,-0.0009677470754332686
2026-04-22 00:40:00,0.0004789810088716706,9.287421711225803e-06
2026-04-22 00:45:00,0.0011717902925258983,0.0005314463728779224
2026-04-22 00:50:00,0.0013489977215304094,-0.0002438615067528233
2026-04-22 00:55:00,0.001746547837333523,4.7447721228408154e-05
2026-04-22 01:00:00,0.0020140482394168657,0.00010494158742095126
2026-04-22 01:05:00,0.0015669559542050848,0.0006710487683648407
2026-04-22 01:10:00,0.0005117426004161985,-0.00034210997606096756
2026-04-22 01:15:00,0.00021132445567495495,0.0005383094813345812
2026-04-22 01:20:00,-0.00041000497229859434,0.00037778423419613437
2026-04-22 01:25:00,0.000302270305935437,-6.341455549458338e-05
2026-04-22 01:30:00,0.001191034440049421,0.0001887121483512233
2026-04-22 01:35:00,0.0017825090782750408,-0.0005067573089829218
2026-04-22 01:40:00,0.0016007200321244142,-3.1789283470605526e-05
2026-04-22 01:45:00,0.0010842121645886493,-0.0062387767497413624
2026-04-22 01:50:00,0.0012526124085958656,-0.002610940602112763
2026-04-22 01:55:00,0.0008795158800722902,-0.00023965333473490398
2026-04-22 02:00:00,-3.5840367010209206e-05,-0.0005273636589103704
2026-04-22 02:05:00,-0.0007146825395665246,0.0015941485308291928
2026-04-22 02:10:00,-0.00020030129598680446,-0.0004237370915101395
2026-04-22 02:15:00,0.00039417340556546776,-0.0002126050767037377
2026-04-22 02:20:00,0.0006893927608508932,-9.910947431384707e-05
2026-04-22 02:25:00,-8.645821806574361e-05,-0.00016548480236939765
2026-04-22 02:30:00,-0.0002929803818947363,-0.0002914274960979467
2026-04-22 02:35:00,-0.0010585291651619144,-0.00020949892663544353
2026-04-22 02:40:00,-0.0006096371371331344,-0.00018684520798327613
2026-04-22 02:45:00,-0.0007528683690125604,-0.00018218357786805103
2026-04-22 02:50:00,-0.0001687934647183198,0.0008373798788384472
2026-04-22 02:55:00,-0.0001371668298997264,2.350215380486219e-05
2026-04-22 03:00:00,0.0001139156392646612,-0.00048169508273594784
2026-04-22 03:05:00,0.0014717637039396436,-0.0003562707483071054
2026-04-22 03:10:00,0.0017648495972153455,-2.807152552774549e-05
2026-04-22 03:15:00,0.0016039881822482727,0.0002951585553870959
2026-04-22 03:20:00,0.0011076646888330544,-0.00010614983749131208
2026-04-22 03:25:00,0.0006128567423360209,-0.00017846382505435151
2026-04-22 03:30:00,0.0010188080407207423,-9.796111355132837e-05
2026-04-22 03:35:00,0.000580717665508601,0.0001516178663461745
2026-04-22 03:40:00,0.0007071615127411945,2.8447257145788516e-05
2026-04-22 03:45:00,-8.415967620223341e-05,0.0013883394976646377
2026-04-22 03:50:00,-9.255558600607117e-05,0.00015755529373019997
2026-04-22 03:55:00,0.0005931248175770065,-0.0005376056957391449
2026-04-22 04:00:00,0.0010683020272779231,0.0001205276085747115
2026-04-22 04:05:00,0.00040381606727102337,-0.000741388462713627
2026-04-22 04:10:00,-2.1026580743210843e-06,-0.00042869911970543805
2026-04-22 04:15:00,-0.0002186146148375201,0.00033889397895117457
2026-04-22 04:20:00,-0.0004416821853041597,-0.00010538157227321909
2026-04-22 04:25:00,-0.0009192849578596451,0.00046276683445543
2026-04-22 04:30:00,-0.0010495950347433336,-0.00011082527969912441
2026-04-22 04:35:00,0.000405934216889392,-0.00032861827548568383
2026-04-22 04:40:00,0.0008898472805736191,-0.00021538979973360388
2026-04-22 04:45:00,0.0015645243169082335,-0.0004067449940523504
2026-04-22 04:50:00,0.0008702049944826484,1.2740799516555734e-05
2026-04-22 04:55:00,0.0004099467862399564,-0.0001022442129992976
2026-04-22 05:00:00,-0.00015760325409708287,0.0003622332192266483
2026-04-22 05:05:00,6.092801776702572e-05,-0.0007053604686875496
2026-04-22 05:10:00,0.0011490571959118512,-0.00024137032746565353
2026-04-22 05:15:00,0.0005924593960457969,0.0006282903327662569
2026-04-22 05:20:00,-0.0003214896977628001,0.00014685984284487842
2026-04-22 05:25:00,-0.0007812992647444617,-0.00034906814410958967
2026-04-22 05:30:00,-0.00047267865769562434,-9.967818221866829e-06
2026-04-22 05:35:00,0.0,-0.0003356625970880661
2026-04-22 05:40:00,-0.0002353494950853019,0.0015782991714591592
2026-04-22 05:45:00,2.521516944575808e-05,-0.0009026558309090725
2026-04-22 05:50:00,1.8914020017746225e-05,-0.0006963631281771551
2026-04-22 05:55:00,-0.0001744465268025408,0.0005600048519952321
2026-04-22 06:00:00,-0.0005464710716509558,-0.00021744702251372903
2026-04-22 06:05:00,-0.00047085532579060896,-0.00012555196508827335
2026-04-22 06:10:00,-0.0003132394131242222,0.00021169117550543713
2026-04-22 06:15:00,-0.0002943773939421135,0.000732082497997958
2026-04-22 06:20:00,-0.0004879054233271063,0.0003407954661624904
2026-04-22 06:25:00,9.461284954603855e-05,-3.0986992380185085e-05
2026-04-22 06:30:00,0.0005739556740032015,-0.00019204177586908607
2026-04-22 06:35:00,0.00020192077202452197,-6.99594427078884e-05
2026-04-22 06:40:00,-0.0003616796272911671,-0.00032701119729487867
2026-04-22 06:45:00,-0.0009715026670846783,1.2259387801194998e-05
2026-04-22 06:50:00,0.00018505823078207584,0.0002087289523650997
2026-04-22 06:55:00,0.00042685216108573343,-9.556451698599997e-05
2026-04-22 07:00:00,0.0034045249384302423,0.0003863496376610957
2026-04-22 07:05:00,0.0027570931725513503,-0.0013439659334650359
2026-04-22 07:10:00,0.0019783812714333493,0.0023718013562065237
2026-04-22 07:15:00,-0.0007760767405002866,-3.800375938573244e-05
2026-04-22 07:20:00,-0.0005516500874573893,-0.0004813260196604175
2026-04-22 07:25:00,0.00026432771755757756,0.0003036756251358466
2026-04-22 07:30:00,0.0007299484745590945,0.0004661364556431559
2026-04-22 07:35:00,0.0003985609903516263,-0.00023658996693652864
2026-04-22 07:40:00,8.809371498941232e-05,-6.264836176217157e-05
2026-04-22 07:45:00,-0.0021389125312918367,0.0004059892400280163
2026-04-22 07:50:00,-0.0015447843522675697,-0.00010699278509389649
2026-04-22 07:55:00,-0.0010639359284514427,4.3975609884691806e-05
2026-04-22 08:00:00,0.00099760897174761,-0.00031360276196037735
2026-04-22 08:05:00,0.0005795738194880329,-0.0005165668167689786
2026-04-22 08:10:00,0.0008919362216861515,-0.0007472997108271271
2026-04-22 08:15:00,0.0004386328576941878,0.00034919006764219326
2026-04-22 08:20:00,0.0002749700646287323,0.00015030512408363366
2026-04-22 08:25:00,-0.000707187636692197,0.00014934900644159163
2026-04-22 08:30:00,4.406252262789678e-05,-3.493774345100834e-05
2026-04-22 08:35:00,0.00039448146134013484,-0.0003670425580396306
2026-04-22 08:40:00,0.000830946508420638,0.00029663670369073646
2026-04-22 08:45:00,0.0006271558687860335,-0.0017014550614843013
2026-04-22 08:50:00,0.0006291695798523733,-0.0007369080646458504
2026-04-22 08:55:00,-0.0004384690577179384,0.00023515320461380413
2026-04-22 09:00:00,-0.0010783640124572003,-5.0653120585717475e-05
2026-04-22 09:05:00,-0.0007676400271243722,-0.00028972714147256986
2026-04-22 09:10:00,0.0001426808902351695,-0.00045129479757949895
2026-04-22 09:15:00,0.00013013672770689766,0.0004147600286702837
2026-04-22 09:20:00,-0.0003084803798412139,2.503114282508147e-05
2026-04-22 09:25:00,-0.0004952739217802815,0.0025391905397714513
2026-04-22 09:30:00,-0.0006802564241077391,0.0002536829053432195
2026-04-22 09:35:00,-0.0008713938758031503,-0.0001196020764928212
2026-04-22 09:40:00,-0.0004976195203134637,0.00020801536121689996
2026-04-22 09:45:00,-0.00035290781699970353,-0.0009794446434051756
2026-04-22 09:50:00,-8.823158696458222e-05,0.000142666775644752
2026-04-22 09:55:00,-0.0007290291524846282,0.0006049598096658278
2026-04-22 10:00:00,-0.00014077774474152704,0.00024693043530625135
2026-04-22 10:05:00,-0.001124584048742605,-0.0010470659745683885
2026-04-22 10:10:00,-0.0008031774297396765,-0.001964920110587584
2026-04-22 10:15:00,-0.0012573725097730915,-0.0002900649020812259
2026-04-22 10:20:00,-0.0003197388265885337,0.0002900534105458675
2026-04-22 10:25:00,0.0004142846236643294,0.00026876907994415706
2026-04-22 10:30:00,0.0005468779715034344,-0.0002707397770072851
2026-04-22 10:35:00,0.0008958520130182279,0.0018566854220401104
2026-04-22 10:40:00,0.00021023110783069399,4.1553894135910034e-05
2026-04-22 10:45:00,0.0009290067232949895,7.34205833824396e-05
2026-04-22 10:50:00,0.0007606336739094388,-0.0007116932763669723
2026-04-22 10:55:00,0.0007459636883009324,0.00012705782235816613
2026-04-22 11:00:00,8.1929761030608e-05,0.00046510734916305207
2026-04-22 11:05:00,-1.0502050525218465e-05,-0.0009446157321200521
2026-04-22 11:10:00,-0.0008720970492710478,0.0004992233290279737
2026-04-22 11:15:00,-0.000895289074225758,-0.00022870416631298165
2026-04-22 11:20:00,-0.0004537939139250824,0.0003119657729164915
2026-04-22 11:25:00,0.00040567227071797163,-0.00043684898321011764
2026-04-22 11:30:00,0.00039520291450934053,0.0002175393002137947
2026-04-22 11:35:00,-0.0008472127105125793,6.323760693025454e-05
2026-04-22 11:40:00,-0.0006264439421936885,-0.0009064785439661174
2026-04-22 11:45:00,-0.0018154380285224647,-0.000273877324509893
2026-04-22 11:50:00,-0.001279536847608398,0.00013483507920683047
2026-04-22 11:55:00,-0.0014541049454415145,-0.00039422923890555664
2026-04-22 12:00:00,0.0009659792970904135,-0.00037044211188715223
2026-04-22 12:05:00,0.00038319097485661757,0.0005277816423481415
2026-04-22 12:10:00,0.0012984841970951067,0.0006370548035658044
2026-04-22 12:15:00,0.0009335243110406566,-3.914567295006452e-06
2026-04-22 12:20:00,0.0014304047538722386,-0.0007876818216921117
2026-04-22 12:25:00,0.0003805971215200543,-2.2994020621038043e-05
2026-04-22 12:30:00,-0.00026903473442807524,-0.00024301264672846705
2026-04-22 12:35:00,4.203976962813272e-05,-0.0002377273046666929
2026-04-22 12:40:00,0.000584281581486934,0.0002631846211707307
2026-04-22 12:45:00,0.00018496915481946985,0.00014299099921929494
2026-04-22 12:50:00,-0.00015555597629202111,0.0002351603106896706
2026-04-22 12:55:00,-0.00042872004607552583,-3.488856538140641e-05
2026-04-22 13:00:00,0.0004433662708720476,-0.0007307299816535431
2026-04-22 13:05:00,0.00012192430197721649,-0.0004935678545910036
2026-04-22 13:10:00,6.516047872118236e-05,0.0005727279716870201
2026-04-22 13:15:00,-0.0005736818870705207,7.632601810922326e-05
2026-04-22 13:20:00,-0.00047096224342091375,0.0002515791650409542
2026-04-22 13:25:00,-0.001851369279386006,-4.384940244023263e-05
2026-04-22 13:30:00,-0.0011357256298420992,0.00018205850455011108
2026-04-22 13:35:00,-0.0008689185456987047,-0.00028748827491254826
2026-04-22 13:40:00,0.0004905258092815501,0.0003451180210013746
2026-04-22 13:45:00,0.0010159043525934663,-0.0005224029598206946
2026-04-22 13:50:00,0.000349341305797779,-0.0004659746301233962
2026-04-22 13:55:00,0.00024201635517329123,0.0002611684162499282
2026-04-22 14:00:00,-0.0019338397362940185,0.00033872653537829044
2026-04-22 14:05:00,-0.00010100181180661139,-0.00025618137080911184
2026-04-22 14:10:00,2.1042331912468626e-06,-0.0004332056153420824
2026-04-22 14:15:00,0.0011346641064697849,-0.0003886018717844653
2026-04-22 14:20:00,-0.00034095644927489843,0.0009766930635561287
2026-04-22 14:25:00,-0.0011495706167448105,-0.000581871674135348
2026-04-22 14:30:00,-0.0018468548182539735,-0.0007364440276847277
2026-04-22 14:35:00,-0.0008823960466699532,-0.0005376160495678644
2026-04-22 14:40:00,-0.00045935547756670303,0.0007943989843138461
2026-04-22 14:45:00,-0.0005671653586603043,0.0004940817683110033
2026-04-22 14:50:00,-0.0005015647661057443,-0.00038730760782227123
2026-04-22 14:55:00,-0.00044902369723409663,-0.0004411507926516351
2026-04-22 15:00:00,0.0004723087975193607,0.0015200763014419699
2026-04-22 15:05:00,0.0007712098894803177,-0.0005868944967510229
2026-04-22 15:10:00,0.0016580659629905625,0.000765324184420764
2026-04-22 15:15:00,0.00015387388063459184,-2.779650733134534e-05
2026-04-22 15:20:00,0.0002653609240024224,0.0008386861239095432
2026-04-22 15:25:00,0.0010772167614714334,-0.002987631296774703
2026-04-22 15:30:00,0.002597524341419799,0.0008058897597683054
2026-04-22 15:35:00,0.0013068224928698413,-0.00036564754514125536
2026-04-22 15:40:00,-0.000447998055651766,-0.0010725852648833124
2026-04-22 15:45:00,-0.0024668555276647908,0.0002474558873794474
2026-04-22 15:50:00,-0.0017891577631399258,2.3770106027030984e-05
2026-04-22 15:55:00,-0.0016507004485131205,-0.00023550238158287636
2026-04-22 16:00:00,0.00038979742616263025,0.0010401514722520918
2026-04-22 16:05:00,-0.0002528450347334399,-7.894757972818145e-05
2026-04-22 16:10:00,-0.0003266730695532516,0.00039873049762158074
2026-04-22 16:15:00,-0.002256608917317493,4.956401562394703e-05
2026-04-22 16:20:00,-0.0016724933640208661,0.0005009117226070646
2026-04-22 16:25:00,-0.0022728025914897643,-0.0006641445733523671
2026-04-22 16:30:00,0.0002828824473404268,-9.598465392868027e-05
2026-04-22 16:35:00,8.44330741145427e-06,0.0001256724883688804
2026-04-22 16:40:00,0.0006800609360126941,0.005920548985410879
2026-04-22 16:45:00,-0.0003504483029619365,-4.467025876659319e-06
2026-04-22 16:50:00,-0.00023221693387931452,0.00017919345843455173
2026-04-22 16:55:00,0.00026809566742791446,0.00022603732177964753
2026-04-22 17:00:00,-0.0004857639578403905,0.00015860053247669339
2026-04-22 17:05:00,-0.0004645957045106286,-0.0004965063705557549
2026-04-22 17:10:00,-0.0005552699588573518,0.00019768691525941609
2026-04-22 17:15:00,-9.506838064510248e-05,-0.0009901247042714552
2026-04-22 17:20:00,-0.001280867275646358,0.0006157350486811097
2026-04-22 17:25:00,-0.0016951628519539241,-0.00022600261783600208
2026-04-22 17:30:00,-0.001020970137060928,-0.0018575542296267059
2026-04-22 17:35:00,-0.00012902311540941014,-9.298049769614682e-05
2026-04-22 17:40:00,0.0002961208194580678,-0.0003894415762815478
2026-04-22 17:45:00,0.00048207852893078496,-0.0003462111710762843
2026-04-22 17:50:00,0.001312720362440345,4.84075700762479e-05
2026-04-22 17:55:00,0.00037848393322370555,0.00015207527005556702
2026-04-22 18:00:00,-0.0011167466611254895,-5.509301651365516e-05
2026-04-22 18:05:00,-0.001839561223199837,-0.0010970001863813642
2026-04-22 18:10:00,-0.0006492195319545147,-5.1397876988979514e-05
2026-04-22 18:15:00,0.0007065717813343753,0.0006401601471701751
2026-04-22 18:20:00,0.0012795934119989028,-0.00014467700223998268
2026-04-22 18:25:00,0.00021786331172712892,0.00011199796364329044
2026-04-22 18:30:00,0.0002791063540197314,-0.00047412585460274197
2026-04-22 18:35:00,-0.0001902491000613793,0.00012511539019992396
2026-04-22 18:40:00,0.00013323280972876717,-8.727427835821012e-05
2026-04-22 18:45:00,0.001229677206261215,0.0004488485351611498
2026-04-22 18:50:00,0.0013795422235176602,-0.00016561025289721736
2026-04-22 18:55:00,0.0014031530978027007,-9.785083704847405e-05
2026-04-22 19:00:00,-0.0004329612398379368,6.681309047490961e-05
2026-04-22 19:05:00,-0.00018791138661100604,-0.00021406397727342396
2026-04-22 19:10:00,-5.4905720556774895e-05,0.00011458431810541295
2026-04-22 19:15:00,0.000669426757088587,-9.488099423477154e-05
2026-04-22 19:20:00,-3.167393583680678e-05,-0.00020277877158027895
2026-04-22 19:25:00,0.0003019441637395204,1.7573081170914716e-05
2026-04-22 19:30:00,-2.955513193469983e-05,-0.00011642851271236222
2026-04-22 19:35:00,0.0002786962102678814,-0.00011365795807271976
2026-04-22 19:40:00,0.00011610809888118467,0.00022201816615277198
2026-04-22 19:45:00,6.333316093787289e-06,0.0006871978483086309
2026-04-22 19:50:00,5.066369440775986e-05,6.782889021597634e-05
2026-04-22 19:55:00,-0.00036736995200215006,0.00023194856351354022
2026-04-22 20:00:00,-0.0008300061406973924,-0.0006653365418919908
2026-04-22 20:05:00,-0.0009820662828641247,-0.0009125698362392155
2026-04-22 20:10:00,-0.0010183622995878494,0.0007665028717975768
2026-04-22 20:15:00,7.6059766110248e-05,-1.9648265660968297e-05
2026-04-22 20:20:00,0.0011741428101199602,-0.0006831914068863333
2026-04-22 20:25:00,0.0018605795970945138,9.215933284797935e-05
2026-04-22 20:30:00,0.002913378169933978,3.306802889242442e-05
2026-04-22 20:35:00,0.0007932439662123869,0.00026703575727762824
2026-04-22 20:40:00,0.0005146908488100621,-1.830437157349463e-05
2026-04-22 20:45:00,-0.001102330285856823,0.00016622457663525737
2026-04-22 20:50:00,-0.00035435039296594084,4.9885198607488244e-05
2026-04-22 20:55:00,-0.0006792790621332756,0.0006175706783371777
2026-04-22 21:00:00,-0.0001497408536970113,-0.00013717896736563937
2026-04-22 21:05:00,0.00035435039296594084,5.658703905732947e-05
2026-04-22 21:10:00,0.0012801196245071367,-7.74125387550386e-05
2026-04-22 21:15:00,0.00011178050538518391,-0.0012493553993774076
2026-04-22 21:20:00,-0.0003775562872654348,0.0005467020094356793
2026-04-22 21:25:00,-0.0011429608989406148,-3.1600747032350715e-05
2026-04-22 21:30:00,-0.0005484769355295072,6.26880088790477e-05
2026-04-22 21:35:00,0.00011813349098233061,0.0002735414041198661
2026-04-22 21:40:00,0.00022152436278410903,0.0010116913483306817
2026-04-22 21:45:00,6.963105041357665e-05,0.0004700639667768601
2026-04-22 21:50:00,-0.0005971390255847808,0.0004231479248062726
2026-04-22 21:55:00,-0.0009075061932257711,0.0001264189870330731
2026-04-22 22:00:00,-0.0005550730760077727,-0.001312057609859936
2026-04-22 22:05:00,-0.00044333728137146977,-0.0015096017337128207
2026-04-22 22:10:00,0.00019001131680163041,-0.0008160535032111153
2026-04-22 22:15:00,0.00044534922129813026,-7.500840281887595e-05
2026-04-22 22:20:00,0.0004412266171343049,0.000716758692640445
2026-04-22 22:25:00,0.00013087568517278214,-0.00013572070518276037
2026-04-22 22:30:00,-6.330589725322966e-06,0.00022264512187558536
2026-04-22 22:35:00,0.00017728026790386764,-0.0015867971053964633
2026-04-22 22:40:00,0.00047902777272312846,1.3869471579518937e-05
2026-04-22 22:45:00,0.0006412961151340824,0.00034690552778255713
2026-04-22 22:50:00,3.1653883777238434e-05,0.00017081595484522456
2026-04-22 22:55:00,-0.0007154608432102805,-6.158241370913385e-05
2026-04-23 00:00:00,-0.0011584296030306973,2.4101486595040484e-05
2026-04-23 00:05:00,-0.0007388518157238622,0.000774979370164237
2026-04-23 00:10:00,-0.0007011838043506913,0.00011820588796886596
2026-04-23 00:15:00,-0.00044769469659478034,0.00017046429344065255
2026-04-23 00:20:00,-0.0009148213303316055,0.0032579769711168186
2026-04-23 00:25:00,-0.000657278110413273,0.00030037011156562355
2026-04-23 00:30:00,-0.0008685077744861047,-0.000309323870167732
2026-04-23 00:35:00,-4.227444994953089e-06,0.0014673585895817523
2026-04-23 00:40:00,-0.0007909970570256775,0.0021750598106635094
2026-04-23 00:45:00,-0.0011718842233534588,0.0003837198929963841
2026-04-23 00:50:00,-0.0009770189857842837,-3.808604429034833e-05
2026-04-23 00:55:00,-4.2316936937680794e-05,-5.760537137187992e-05
2026-04-23 01:00:00,0.0009435379987436932,-0.00013055078244041446
2026-04-23 01:05:00,0.00015444097159189596,0.0042155361568947565
2026-04-23 01:10:00,0.00045058338617387506,6.513196966380813e-05
2026-04-23 01:15:00,-0.0003299255159632253,0.00013059727772375863
2026-04-23 01:20:00,-0.0003681589133925911,-0.0004154263322409957
2026-04-23 01:25:00,-0.0007849501557721794,0.00039220819796236553
2026-04-23 01:30:00,0.0001163323171429198,0.0003260864906819992
2026-04-23 01:35:00,0.0005162305972810088,-7.969034611572545e-05
2026-04-23 01:40:00,0.0007066943714146845,-0.0019714670054614635
2026-04-23 01:45:00,-0.001430769833028478,-0.0002757537410679289
2026-04-23 01:50:00,-0.002560495453547418,-0.00011622016651758188
2026-04-23 01:55:00,-0.006248462197703475,-0.0013857401244764562
2026-04-23 02:00:00,0.0003345940642898171,-0.0008910788503224497
2026-04-23 02:05:00,0.002539343698162,0.0006269157984742925
2026-04-23 02:10:00,0.009144073391810892,0.0048057866561034765
2026-04-23 02:15:00,0.00506240369505484,0.00025794555303575915
2026-04-23 02:20:00,0.0037874834684821224,-0.004675861159329725
2026-04-23 02:25:00,0.0006008810994977409,-0.0003662500267815016
2026-04-23 02:30:00,0.00015166643524366918,-0.0002328172813604174
2026-04-23 02:35:00,0.0005013883083524462,0.0005040243091801848
2026-04-23 02:40:00,0.0005794554755791381,0.00012612039826778048
2026-04-23 02:45:00,-0.0006215570942256221,0.0007142296550625098
2026-04-23 02:50:00,-0.0008744325964080701,-0.0005640142784283514
2026-04-23 02:55:00,-0.0021382759394548145,-0.0003477011011110388
2026-04-23 03:00:00,-0.002160543507994106,8.481425973060999e-06
2026-04-23 03:05:00,-0.0021250001401948992,0.00019709926826293867
2026-04-23 03:10:00,-0.0017282984580848648,-0.00026260072690596634
2026-04-23 03:15:00,-0.0009868779851256448,0.00013585532287949405
2026-04-23 03:20:00,-0.00025141579974352624,-0.00029986752575205105
2026-04-23 03:25:00,0.001124367397672188,0.00031966172287463613
2026-04-23 03:30:00,0.0009277350090766134,0.0003179442577141325
2026-04-23 03:35:00,-0.0015627299562890329,-2.0882442880095262e-05
2026-04-23 03:40:00,-0.0023240996648805634,0.001093423614773887
2026-04-23 03:45:00,-0.002821801224270004,-4.383663188219436e-05
2026-04-23 03:50:00,-0.0022161119921886296,3.0456772497930086e-05
2026-04-23 03:55:00,-0.0034166387966401146,-6.320954356059875e-05
2026-04-23 04:00:00,-0.002101422466735059,9.811209616496569e-05
2026-04-23 04:05:00,0.00022692159744153173,0.003431112801197685
2026-04-23 04:10:00,0.0015135837987543255,-0.000543112114094397
2026-04-23 04:15:00,0.0003226039258308333,0.00028637649098256284
2026-04-23 04:20:00,-0.0009016281893323708,-0.00014751675052331064
2026-04-23 04:25:00,-0.002684839078151313,-0.001578699847714762
2026-04-23 04:30:00,-0.0013059142776796762,-0.000350444940762244
2026-04-23 04:35:00,-0.001801446317397648,-0.0007516834677244755
2026-04-23 04:40:00,-0.0004978268048514423,0.000752069187908542
2026-04-23 04:45:00,0.0005098280078215112,-0.0004896994737656
2026-04-23 04:50:00,0.0001381974588738899,0.00013289253956619014
2026-04-23 04:55:00,0.0005786470882345185,0.0005694698192518776
2026-04-23 05:00:00,-0.0017046932067685816,-0.00016674681041979958
2026-04-23 05:05:00,0.0001828165228729972,-0.00015759257051865464
2026-04-23 05:10:00,0.0002785672306000464,-0.0003517773405066311
2026-04-23 05:15:00,0.0005720976039675918,-0.0005561473933122926
2026-04-23 05:20:00,-0.00040181518955684226,0.00013537622750774107
2026-04-23 05:25:00,0.00045914756661247225,-0.0004159317338858315
2026-04-23 05:30:00,0.0007332523896224075,-0.0002075368011042356
2026-04-23 05:35:00,0.0006547271318542158,-0.0003024944639581826
2026-04-23 05:40:00,-0.00029969743536639726,0.0026203921059973377
2026-04-23 05:45:00,-0.0008331863694923669,-0.00010950614229815067
2026-04-23 05:50:00,-0.00029755010219290057,-0.00013501846783065653
2026-04-23 05:55:00,0.0005015706065769621,-0.00011356245565604953
2026-04-23 06:00:00,0.0003996760126430132,-0.0002851629440754897
2026-04-23 06:05:00,-5.739484787170568e-05,0.0031995793613300814
2026-04-23 06:10:00,-0.00016787062526724128,-0.0002577697245890326
2026-04-23 06:15:00,0.0002869028853424993,-0.004522407034206463
2026-04-23 06:20:00,-0.00015306903443423892,-0.00027416013382416525
2026-04-23 06:25:00,-0.0008185072373976254,-6.50650280687839e-05
2026-04-23 06:30:00,-0.0008056622117891266,-0.0005841212840093762
2026-04-23 06:35:00,-0.0001509660233622867,-0.0012143729279101593
2026-04-23 06:40:00,0.000565585619435538,-5.159561264825787e-05
2026-04-23 06:45:00,0.001020254259321618,-0.0008363028390124462
2026-04-23 06:50:00,0.0015532226110952507,0.000525189232886007
2026-04-23 06:55:00,0.0007288359028869706,0.00027151372776652426
2026-04-23 07:00:00,-2.124468351993869e-05,0.0003929624861562532
2026-04-23 07:05:00,-0.0007391265899574506,-0.00237366383270841
2026-04-23 07:10:00,-0.00042278762138359127,0.0008103934590159032
2026-04-23 07:15:00,-0.00020822178669988034,0.0003579890637678706
2026-04-23 07:20:00,-0.0007609363710017192,-0.004219176702029068
2026-04-23 07:25:00,-0.0008609996418229571,-0.0006271126342998087
2026-04-23 07:30:00,0.0010449210782361718,-0.00045643683615688213
2026-04-23 07:35:00,0.0019437012692922195,-0.01781187411911255
2026-04-23 07:40:00,0.0024747045906359233,-0.002531474294177698
2026-04-23 07:45:00,0.0007554008333361395,0.0006640938162139587
2026-04-23 07:50:00,0.00018461440575201493,0.0007937935124592252
2026-04-23 07:55:00,-0.0003119214492492972,2.9260404477976423e-05
2026-04-23 08:00:00,-0.0008148385945876413,0.0002457542203156337
2026-04-23 08:05:00,-9.760796828217622e-05,-0.0001416297312591873
2026-04-23 08:10:00,4.8810457331072143e-05,0.00011253994085831089
2026-04-23 08:15:00,0.0003395967745465356,-9.46128166987334e-05
2026-04-23 08:20:00,0.00017399016787145172,-0.0003173851530967424
2026-04-23 08:25:00,0.0006343192365800832,-0.00031172730820723185
2026-04-23 08:30:00,0.0008463674057743731,0.0007006533511818812
2026-04-23 08:35:00,0.0002566863084680904,-0.0006506371355280031
2026-04-23 08:40:00,-0.0004730494488516257,-0.0003417647451642193
2026-04-23 08:45:00,-0.0006490297657375521,-0.0001543526972069163
2026-04-23 08:50:00,-0.0007638884839682447,-3.322812251651904e-06
2026-04-23 08:55:00,5.51652730500507e-05,-0.00020981915187528357
2026-04-23 09:00:00,-9.335919106767676e-05,-0.0001596943898102095
2026-04-23 09:05:00,-0.0011830563097916524,0.0005898505832935538
2026-04-23 09:10:00,-0.0015670290176732493,-0.00022927950764249243
2026-04-23 09:15:00,-0.0003607878797424746,0.0002494340021331526
2026-04-23 09:20:00,0.0008582269219772343,-0.00014823382144154112
2026-04-23 09:25:00,0.001683714760822852,-0.00032146915050432516
2026-04-23 09:30:00,0.0019848429033153536,-0.00029348692994392495
2026-04-23 09:35:00,0.0014534809176964814,-2.0734869649300538e-05
2026-04-23 09:40:00,0.0012190818538364567,0.00010224926857482421
2026-04-23 09:45:00,0.00022241309829595934,-0.00039195623446896415
2026-04-23 09:50:00,0.000582920447866897,-0.0006744242994330095
2026-04-23 09:55:00,-0.0002013110654779382,-0.0001465379676208601
2026-04-23 10:00:00,2.329755746366402e-05,-7.69560319543491e-05
2026-04-23 10:05:00,-0.00012291494936711445,-0.0002801003131737911
2026-04-23 10:10:00,-0.0005978148139327288,-0.0007834016280543723
2026-04-23 10:15:00,-0.002474689779807804,-0.00015346500972654545
2026-04-23 10:20:00,-0.0022362972518514823,0.0014030158401640578
2026-04-23 10:25:00,-0.002530889008832915,-0.0022139382536532264
2026-04-23 10:30:00,-0.0008007604465660734,0.0002713204486294069
2026-04-23 10:35:00,-0.000611927505687504,-0.0004708680627578678
2026-04-23 10:40:00,-0.00018709829731378136,-0.0004716417479917619
2026-04-23 10:45:00,-0.001924871090952962,-0.0005797007784862156
2026-04-23 10:50:00,-0.002008391664567455,0.01664129093160457
2026-04-23 10:55:00,-0.001340477070050028,0.00011074159092387456
2026-04-23 11:00:00,0.0006235959981211181,-0.0006028852903153434
2026-04-23 11:05:00,0.0014173562511441418,-0.0001619662059933974
2026-04-23 11:10:00,0.0009512855307978185,0.0007559037169870246
2026-04-23 11:15:00,0.00035100072794236326,-0.0005242245339039324
2026-04-23 11:20:00,-0.0004105286837461364,9.845487344645193e-05
2026-04-23 11:25:00,-4.467101394389772e-05,0.0006295962738112944
2026-04-23 11:30:00,-0.0005914541433789111,0.0021838482520848334
2026-04-23 11:35:00,-0.0006193024639102873,-0.0016109136040391723
2026-04-23 11:40:00,-0.000781001487849764,0.00017940093933140028
2026-04-23 11:45:00,0.000446814222081926,0.00011923399009443805
2026-04-23 11:50:00,-0.0012440197068794845,-0.00019472751671504213
2026-04-23 11:55:00,-0.0016171424851538774,-0.0008351924329229474
2026-04-23 12:00:00,-0.002611367957083388,-0.0009298185808279992
2026-04-23 12:05:00,-0.0008678954933358796,0.0012083325196814417
2026-04-23 12:10:00,-0.0005310952096984067,-0.00025390757615058573
2026-04-23 12:15:00,0.0008058636607888303,-0.00023802402417245374
2026-04-23 12:20:00,0.0014027579920892208,-0.00045099174557190324
2026-04-23 12:25:00,0.0007080642842804963,0.00011224237329747822
2026-04-23 12:30:00,-0.0004966592838293593,-0.00042305493572906803
2026-04-23 12:35:00,-0.0005647038917508951,-6.729236655698842e-05
2026-04-23 12:40:00,0.0014039814441186849,-0.00065474996431979
2026-04-23 12:45:00,0.0018212981833780617,0.0009518126751985993
2026-04-23 12:50:00,0.0014292548050427456,8.978088127004557e-05
2026-04-23 12:55:00,0.00016178921880616315,-8.394720353095401e-05
2026-04-23 13:00:00,0.0007403515305828279,-0.0013779538980240192
2026-04-23 13:05:00,0.0006808931026860421,-4.083598738975215e-05
2026-04-23 13:10:00,0.0004107418630301396,0.0004456455615176525
2026-04-23 13:15:00,-0.0009446829312818039,-5.130965601801241e-05
2026-04-23 13:20:00,0.00033602007929900424,0.0008113732179757789
2026-04-23 13:25:00,0.0012333394437238354,-0.0007531723089496284
2026-04-23 13:30:00,0.001814108644309087,-0.00047884499434829297
2026-04-23 13:35:00,0.002478379173437517,-0.0013269674340500685
2026-04-23 13:40:00,0.0031508585893256225,-0.00028193543215409504
2026-04-23 13:45:00,0.005188057091491061,3.9230839771049725e-05
2026-04-23 13:50:00,0.003144866457454043,-0.0017007150254234635
2026-04-23 13:55:00,0.0016848668686790802,-0.00021768365164797948
2026-04-23 14:00:00,0.00032758786780640037,-7.722204384368983e-05
2026-04-23 14:05:00,0.0007989347961583348,-1.3334719484554039e-05
2026-04-23 14:10:00,0.0010082915387261693,-0.000498063361592476
2026-04-23 14:15:00,0.0013346033753816045,-0.0003010730777346142
2026-04-23 14:20:00,0.0008574047771219284,-0.0005894687406393257
2026-04-23 14:25:00,0.0014989309730495393,-0.00014576774852534895
2026-04-23 14:30:00,-0.0006903081644988873,-8.026255056230753e-05
2026-04-23 14:35:00,0.00012664774003567913,-0.00014733233643442304
2026-04-23 14:40:00,-1.687685381845938e-05,-0.0005023594103160709
2026-04-23 14:45:00,-0.00032948929457887743,-0.00010802130214508014
2026-04-23 14:50:00,-0.002216539156515651,-0.00041323384079076995
2026-04-23 14:55:00,-0.0029176436603890465,-9.27092691510165e-05
2026-04-23 15:00:00,-0.001490393581160987,0.00023762453762708912
2026-04-23 15:05:00,0.00042509409283475463,-0.00012620331600623932
2026-04-23 15:10:00,6.347164512199299e-05,0.000139537707237967
2026-04-23 15:15:00,-0.0002517892389271026,-0.0008191098123230204
2026-04-23 15:20:00,0.0003023201508831619,-0.0016859966757650543
2026-04-23 15:25:00,0.0009917499488594217,-0.0013780768244290482
2026-04-23 15:30:00,0.002515044028619684,-0.00019287400928704465
2026-04-23 15:35:00,0.0010035547805973266,-0.0005301994709352269
2026-04-23 15:40:00,-0.0013641744578514192,-6.515993541875068e-06
2026-04-23 15:45:00,-0.002874852952800211,-3.6002345229675046e-05
2026-04-23 15:50:00,-0.0029416793002621233,0.0007076268981688978
2026-04-23 15:55:00,-0.00019261481013366222,0.000411949237356884
2026-04-23 16:00:00,-8.46765145467998e-06,-0.00017949899670196542
2026-04-23 16:05:00,0.0017795763973360579,-0.0004017998216470783
2026-04-23 16:10:00,0.0015356534726134186,-0.0003926133705887941
2026-04-23 16:15:00,0.0011572863247710785,-0.0005162431068005178
2026-04-23 16:20:00,-0.00036792848223754504,0.0002869631498792234
2026-04-23 16:25:00,1.4795103666642717e-05,-0.0003239772480291464
2026-04-23 16:30:00,0.00022622305901442985,-0.00026067567567831075
2026-04-23 16:35:00,0.001468790583142976,0.001694085682743858
2026-04-23 16:40:00,0.0005261406438226146,-0.000345341917375297
2026-04-23 16:45:00,0.0006889250295198934,-0.00010004925159314954
2026-04-23 16:50:00,-0.0012234898876695155,-0.00028274743729974
2026-04-23 16:55:00,-0.0005980046264717487,-0.0003260893242310587
2026-04-23 17:00:00,0.0009902903795673268,0.00030626544800349884
2026-04-23 17:05:00,0.0015739899873299379,-0.0008908424605957593
2026-04-23 17:10:00,0.0005071647696830439,0.0009486843055661443
2026-04-23 17:15:00,-0.0011233892056417005,0.00012217185144858294
2026-04-23 17:20:00,-0.0011638801397921839,-0.001786481213173607
2026-04-23 17:25:00,-0.0010357350628087403,0.0004091318595482137
2026-04-23 17:30:00,-0.001791162037632077,-0.001525888015154726
2026-04-23 17:35:00,-0.0031265736383616627,-0.0002804413149906583
2026-04-23 17:40:00,-0.0016255175920054654,-0.00013447533707987137
2026-04-23 17:45:00,-0.0014106555532205078,-0.001998026371033929
2026-04-23 17:50:00,0.0007841492065452371,-0.00012522628694753326
2026-04-23 17:55:00,-0.00031567362152351564,0.0014849564473404116
2026-04-23 18:00:00,0.0010380631099966564,5.7504141515864386e-05
2026-04-23 18:05:00,0.0005760637217981923,-0.0004629232493978019
2026-04-23 18:10:00,0.000802759502274597,0.0001052388760096401
2026-04-23 18:15:00,0.0012548287683973314,-0.0004477994948679889
2026-04-23 18:20:00,0.0010707658691213595,0.0009536393448937386
2026-04-23 18:25:00,0.00238118511916241,-0.0008472764858192419
2026-04-23 18:30:00,0.0012617044826370716,-0.0006899379723443947
2026-04-23 18:35:00,0.0011414512888485717,0.006028537024909076
2026-04-23 18:40:00,-0.00019222989910083754,0.0019819026978781656
2026-04-23 18:45:00,-0.0019323023870274625,-0.0008888354532990994
2026-04-23 18:50:00,-0.005070379703473904,0.0015015056948463998
2026-04-23 18:55:00,-0.0036806104920987792,0.00032765507242242374
2026-04-23 19:00:00,-0.0037122786196093216,-0.0003803046772555674
2026-04-23 19:05:00,-0.00017200465092059858,-0.0006173879814059002
2026-04-23 19:10:00,-0.001925063233324309,0.00020636051792947226
2026-04-23 19:15:00,0.0008577404162792845,0.002517812463230347
2026-04-23 19:20:00,-0.0022089589779756835,0.0004432330813378472
2026-04-23 19:25:00,-0.0063767788397193215,-0.0023930365205842748
2026-04-23 19:30:00,-0.006115771328371267,0.0004350048664925534
2026-04-23 19:35:00,-0.0005109448759075264,-0.00046689722502490396
2026-04-23 19:40:00,0.0071073383448503336,0.001259723177057609
2026-04-23 19:45:00,0.0065252739157628525,-0.005636919003833206
2026-04-23 19:50:00,0.003127570541058944,0.0007662772795919899
2026-04-23 19:55:00,0.0007597252621778239,-0.003641654614923928
2026-04-23 20:00:00,3.8183403376024216e-05,-0.0011554543831985627
2026-04-23 20:05:00,0.0004923756161314685,0.0006638238712846518
2026-04-23 20:10:00,0.0005959166105178326,0.0002671940909421481
2026-04-23 20:15:00,0.0008990098775676358,-9.28219964499763e-05
2026-04-23 20:20:00,0.0002524606975597976,-0.0008679478005886237
2026-04-23 20:25:00,-0.0011773304810969165,0.0004250141633626057
2026-04-23 20:30:00,-0.0025167175442213363,0.0005542118088497748
2026-04-23 20:35:00,-0.0011631215414755758,-0.0004128869841007524
2026-04-23 20:40:00,-0.002137583815260413,-9.693305952478963e-05
2026-04-23 20:45:00,-0.002190832988356206,0.00020600174283684678
2026-04-23 20:50:00,-0.002639014910606363,0.0007232227405204604
2026-04-23 20:55:00,-0.0009640442078815425,-0.000134060169069134
2026-04-23 21:00:00,0.0006428582293320773,-0.0005816040282443132
2026-04-23 21:05:00,0.0012129828945770527,0.000748026763260373
2026-04-23 21:10:00,0.000721524555155284,-0.00041118028413681155
2026-04-23 21:15:00,-0.001143381659485243,-0.0006419128006146651
2026-04-23 21:20:00,-0.0018967319533693683,-0.00013551757613316172
2026-04-23 21:25:00,-0.0016587936348848586,-0.00025869607552658617
2026-04-23 21:30:00,0.0004238637479971885,-0.000924952993973518
2026-04-23 21:35:00,0.0013223445111307797,-3.825852198805166e-05
2026-04-23 21:40:00,0.0007711808822570276,-0.004593229133136099
2026-04-23 21:45:00,0.00033214952143723053,-0.0009838935680803599
2026-04-23 21:50:00,-0.0005300054508161622,0.00010726006783417588
2026-04-23 21:55:00,-0.0011079601671202255,0.0007650318040243907
2026-04-23 22:00:00,-0.0013058127556462296,-0.0028022594054605446
2026-04-23 22:05:00,-0.0009138013384362154,-0.0025837728790526395
2026-04-23 22:10:00,-0.0002537251232404003,0.0002409462495492804
2026-04-23 22:15:00,-0.00034111284130311503,0.00017423320317121212
2026-04-23 22:20:00,-0.0005222427566913268,-0.000612549095997569
2026-04-23 22:25:00,0.00040081357162691233,0.0005732334131855444
2026-04-23 22:30:00,0.0002963484140927619,-0.00025861666077948574
2026-04-23 22:35:00,0.00023877338813349525,0.0012364830697319743
2026-04-23 22:40:00,0.0005838769165844582,-0.0016980600764059954
2026-04-23 22:45:00,0.0008970378113790645,-0.00029585089222678503
2026-04-23 22:50:00,0.0013335238314464704,0.0015335667570643907
2026-04-23 22:55:00,0.000685726481643556,0.0006269505293035798
2026-04-24 00:00:00,-0.00025773607755397165,5.85867378822116e-05
2026-04-24 00:05:00,-0.0006644094028356307,-0.0004085606962515258
2026-04-24 00:10:00,-0.0009413970429985596,-0.001782898006199356
2026-04-24 00:15:00,-5.752042242868072e-05,-7.499721411671482e-05
2026-04-24 00:20:00,-0.0004666281090663915,0.0001346259627239227
2026-04-24 00:25:00,0.0001470185597600704,-0.00021882616462191677
2026-04-24 00:30:00,-0.0002812585914284682,0.00019411644928605883
2026-04-24 00:35:00,-0.00019609138774079327,0.0005008866431380027
2026-04-24 00:40:00,5.965354077552831e-05,-9.986061763032713e-05
2026-04-24 00:45:00,0.00031534516707232285,-0.000525488004867981
2026-04-24 00:50:00,-0.00016841351312990582,0.0005576638836905117
2026-04-24 00:55:00,-0.0008695893656689435,0.0003245612021969646
2026-04-24 01:00:00,-0.0011489317159298906,-0.00016652736452265845
2026-04-24 01:05:00,-0.00028786090759780336,-7.096125180991584e-05
2026-04-24 01:10:00,0.0010826086809352375,8.158727474504168e-05
2026-04-24 01:15:00,0.0022688814139684155,0.0007365740060759056
2026-04-24 01:20:00,0.0017323105742530487,-0.0001562379309972498
2026-04-24 01:25:00,0.0005408651418647992,-0.0001805036916186895
2026-04-24 01:30:00,-0.0005151062467287915,0.0013430835432915041
2026-04-24 01:35:00,0.00011069765076676674,-0.0013568798189559487
2026-04-24 01:40:00,-9.580124442543081e-05,0.00022182603496707557
2026-04-24 01:45:00,-0.0010246153529998026,2.0848848561032382e-05
2026-04-24 01:50:00,-0.00024482853077145705,-0.00026260301947728733
2026-04-24 01:55:00,0.00030653168159844313,0.00010365602627222955
2026-04-24 02:00:00,0.0010459059915071123,-0.0003036095738994558
2026-04-24 02:05:00,0.0008683382722978195,-0.0003583899673164315
2026-04-24 02:10:00,0.0015206249613726186,0.0023975076112922717
2026-04-24 02:15:00,0.0015529935470297573,-0.00020274394308300505
2026-04-24 02:20:00,0.0007761837457032073,0.00010847234945728672
2026-04-24 02:25:00,-0.0007844813418333985,2.5923565857637232e-05
2026-04-24 02:30:00,-0.0009761897688314036,-0.00014079724512790716
2026-04-24 02:35:00,-4.038922458704519e-05,-0.0006180256769431368
2026-04-24 02:40:00,0.0008184828761557128,0.00012028562343828668
2026-04-24 02:45:00,-0.0003766939299971739,-0.00020805043908894363
2026-04-24 02:50:00,-0.00013393383900961453,-1.5750199207653645e-05
2026-04-24 02:55:00,0.0007498648789017182,0.0007240357448175061
2026-04-24 03:00:00,0.0015973136203939475,-0.0008330744013983371
2026-04-24 03:05:00,0.00013393383900961453,-0.0005638028282025497
2026-04-24 03:10:00,-0.0022746946943712487,1.900449653940811e-05
2026-04-24 03:15:00,-0.0024959929205348175,0.00016555917424650797
2026-04-24 03:20:00,-0.001710598679714792,-0.00020776411664606118
2026-04-24 03:25:00,-0.0017467327765583462,-0.000761278431990279
2026-04-24 03:30:00,0.0007262466043442828,0.0006109895358272912
2026-04-24 03:35:00,-8.518087098430271e-05,1.2894911609293656e-05
2026-04-24 03:40:00,0.0019786908549015436,-0.00024607046338968663
2026-04-24 03:45:00,2.55474607975259e-05,0.0006139106717754673
2026-04-24 03:50:00,-0.00036849084248480324,-0.0002825543990213496
2026-04-24 03:55:00,-0.001315851298542725,0.00016237480234051907
2026-04-24 04:00:00,-0.001124706161299116,-0.0006502614417790921
2026-04-24 04:05:00,-0.001870106044991715,-0.00030375602866954056
2026-04-24 04:10:00,-0.0018702934902190549,0.0021756738122206934
2026-04-24 04:15:00,-0.0005926835733642832,-0.0003814361031996045
2026-04-24 04:20:00,-0.00037358717771063255,-0.0016793462038986792
2026-04-24 04:25:00,-0.00027540122823666024,-0.00021918361904172095
2026-04-24 04:30:00,-0.002774074979070562,5.07155878529507e-05
2026-04-24 04:35:00,-0.0010531994842324366,-0.0005981352452980495
2026-04-24 04:40:00,-0.0013631781677805321,0.0006699020494975476
2026-04-24 04:45:00,-0.0006610184416686593,0.002038156294050582
2026-04-24 04:50:00,-0.0017285386389946922,-0.00044649155117208197
2026-04-24 04:55:00,-0.001375744118941924,-0.0016532454015848147
2026-04-24 05:00:00,0.00016903982211857738,-0.0007392673086264842
2026-04-24 05:05:00,0.0009437930262805594,0.0001629298592763722
2026-04-24 05:10:00,0.0009458936724762168,0.0003679763430699891
2026-04-24 05:15:00,0.0006117280867012909,-0.0001252592925724695
2026-04-24 05:20:00,0.0004619411877033741,-0.00021766064692855407
2026-04-24 05:25:00,7.486286730440384e-05,0.002545533565564213
2026-04-24 05:30:00,-0.0003079561785597207,0.001220728774777912
2026-04-24 05:35:00,-0.0008363556346342449,-0.00013698173732193262
2026-04-24 05:40:00,-0.0007767073776481226,-0.0019596720637987688
2026-04-24 05:45:00,-0.000924437966931535,-0.00048781926360625235
2026-04-24 05:50:00,0.000250338332492106,-0.00028997254759373316
2026-04-24 05:55:00,-0.0003040001736085429,-6.332798665575304e-05
2026-04-24 06:00:00,-0.00044112105419458203,0.00545278798425413
2026-04-24 06:05:00,-0.002684237563098435,-0.001818432843431217
2026-04-24 06:10:00,-0.0022636374471431964,0.0016544673725729668
2026-04-24 06:15:00,-0.0014660904957430887,-1.162373115642911e-05
2026-04-24 06:20:00,0.0009519828332891223,-0.0014346991601425878
2026-04-24 06:25:00,0.0018310271943864365,2.6763523122942873e-05
2026-04-24 06:30:00,0.0030070250776645935,0.001956167779963371
2026-04-24 06:35:00,0.0017386728374315652,-0.002110803625731433
2026-04-24 06:40:00,0.0013828388927485946,0.0011436576719871276
2026-04-24 06:45:00,-0.0005155207140639106,-0.12478398746566614
2026-04-24 06:50:00,-0.0007554802099285496,0.00029047791490689263
2026-04-24 06:55:00,-0.00022035550063392861,0.0011672859208792738
2026-04-24 07:00:00,0.00021180208351090357,-0.0007304784742442596
2026-04-24 07:05:00,0.0012153373628756015,-0.0001744348866228587
2026-04-24 07:10:00,0.0007763767977433389,0.0003234524748171316
2026-04-24 07:15:00,0.0021518458718468025,-0.0007694423611747704
2026-04-24 07:20:00,0.0017348578221518807,-0.00040351989725747494
2026-04-24 07:25:00,0.0011303359625713938,-0.0003427489932116383
2026-04-24 07:30:00,-0.0008777016314027719,-5.15840405571849e-06
2026-04-24 07:35:00,4.269335285300713e-06,0.00010455899570569472
2026-04-24 07:40:00,0.0009498612742824264,0.0007689741158155085
2026-04-24 07:45:00,0.0006065719262018376,-5.6853774245053947e-05
2026-04-24 07:50:00,-0.0002946269041288474,-0.000635273811009984
2026-04-24 07:55:00,-0.0011121750142830678,0.0003855985854148036
2026-04-24 08:00:00,-0.0011130422556231423,-0.0008509198688992719
2026-04-24 08:05:00,-0.002043425628000861,0.0004600652130004508
2026-04-24 08:10:00,-0.002151007483371714,0.00023784887625528773
2026-04-24 08:15:00,-0.0012041635994641808,-0.0002971728539150524
2026-04-24 08:20:00,0.0003829257930192398,-0.00017547422883097466
2026-04-24 08:25:00,0.00034883733726509547,-9.546550380780867e-05
2026-04-24 08:30:00,-0.0006336769530097541,-0.0001051105030522403
2026-04-24 08:35:00,-7.272322825890853e-05,0.00014078948022969314
2026-04-24 08:40:00,-0.0004002101691824578,-0.0018410380055573358
2026-04-24 08:45:00,0.0009717591315965279,0.001621234563377381
2026-04-24 08:50:00,0.0004854343074978118,0.0008794292125929878
2026-04-24 08:55:00,0.0019118583777704146,0.003858340346289093
2026-04-24 09:00:00,0.0014836417354366915,-0.0018666054288637407
2026-04-24 09:05:00,0.001002200008880294,-0.0012366318809567019
2026-04-24 09:10:00,0.0007859234684470806,0.0006410891194991844
2026-04-24 09:15:00,0.0006278536581181271,-0.000528017319295365
2026-04-24 09:20:00,0.0002626709378255043,5.76398858979624e-05
2026-04-24 09:25:00,0.0002988305076954134,0.0002608593081277515
2026-04-24 09:30:00,0.00147411944873177,-0.0001715429169125413
2026-04-24 09:35:00,0.001612951752059999,-0.0021646247121075235
2026-04-24 09:40:00,0.001757023747499531,0.00024997364875795205
2026-04-24 09:45:00,-0.0005373432345159301,0.00045429261841629904
2026-04-24 09:50:00,-0.0006098848445006411,0.00039524129205065363
2026-04-24 09:55:00,-0.0012726811264425208,0.00010750106237927229
2026-04-24 10:00:00,0.001029654346714537,0.00010215603402519521
2026-04-24 10:05:00,0.0008805886226852522,-0.0001262664477530125
2026-04-24 10:10:00,-5.119694184685386e-05,-6.995074269762719e-05
2026-04-24 10:15:00,-0.0015054013905348995,0.00010551264468212535
2026-04-24 10:20:00,-0.0007910018098034044,-0.0037960439178867933
2026-04-24 10:25:00,0.0001066573378061264,-5.5771294316397966e-05
2026-04-24 10:30:00,0.0011239346997786726,-0.0006658463129675661
2026-04-24 10:35:00,0.00035613485305141523,-0.00012946511840262488
2026-04-24 10:40:00,0.0006055979611812035,0.0008891439973117314
2026-04-24 10:45:00,-4.263019796724166e-06,0.001267540315458464
2026-04-24 10:50:00,0.0002835376564469527,-0.0004242872944642457
2026-04-24 10:55:00,0.0009204886057645467,-0.0003932751452059596
2026-04-24 11:00:00,0.0007180624980271944,-0.0003386026145959598
2026-04-24 11:05:00,-0.0010450101719836624,0.00031976876659111996
2026-04-24 11:10:00,-0.002439441673740106,-0.0009777667457867413
2026-04-24 11:15:00,-0.0025464408394153537,-0.00015305689652980972
2026-04-24 11:20:00,-0.0007855426411378374,-7.23050266131375e-05
2026-04-24 11:25:00,0.0004909253614595599,0.0014629453817245927
2026-04-24 11:30:00,0.0005059653852566015,-0.0005657038143891566
2026-04-24 11:35:00,-0.0001366791246120158,-0.0006428096159660878
2026-04-24 11:40:00,-0.0008710244053240501,-5.8728997021710876e-05
2026-04-24 11:45:00,-0.00032233653707613996,-0.000412816050741946
2026-04-24 11:50:00,0.0003139070455198123,0.00013091171718419703
2026-04-24 11:55:00,6.407176039324725e-05,-0.00011389065679963418
2026-04-24 12:00:00,-0.00013238019611527818,0.00010692168641799285
2026-04-24 12:05:00,-8.327185811118909e-05,-0.00016940383132762844
2026-04-24 12:10:00,0.0,-0.0011268377178315048
2026-04-24 12:15:00,-0.001664788198851852,-0.000452040799855404
2026-04-24 12:20:00,-0.0012841182426708286,-0.0002459343332012018
2026-04-24 12:25:00,-0.0006986037822862556,0.0008921971109117928
2026-04-24 12:30:00,0.0009406574178179028,0.0005606423530347282
2026-04-24 12:35:00,6.414004765531445e-06,-0.0007216450050691955
2026-04-24 12:40:00,-9.190164820260804e-05,-0.0031363744435952577
2026-04-24 12:45:00,0.0019170548986728875,-0.000370568211451948
2026-04-24 12:50:00,0.004102935307191302,-0.0028366287639295857
2026-04-24 12:55:00,0.0037738349167479868,-0.0003746971800999638
2026-04-24 13:00:00,0.0013938532061477105,0.001654821393591504
2026-04-24 13:05:00,0.002893705715433015,-0.0004979054080788849
2026-04-24 13:10:00,0.004251668239247053,-0.0007018026308711825
2026-04-24 13:15:00,0.0036268357275890395,-0.001252348967015419
2026-04-24 13:20:00,-0.0006286316425700988,-0.0034909625689726457
2026-04-24 13:25:00,-0.0023711407120483585,0.0010097728662200223
2026-04-24 13:30:00,-0.0016438394778202081,0.0001111468539794534
2026-04-24 13:35:00,-0.0001763426746403951,-0.0008706820160843328
2026-04-24 13:40:00,0.00042709300121046567,0.0007375549740566629
2026-04-24 13:45:00,0.0005992312170519654,0.00024216293059132576
2026-04-24 13:50:00,-0.0001593725400237389,0.0004757756088650356
2026-04-24 13:55:00,0.00032073101457186226,-0.00023355536608740853
2026-04-24 14:00:00,-0.0001572103243692169,-0.0006561749541377651
2026-04-24 14:05:00,0.0005417630376047811,0.00022809341123298664
2026-04-24 14:10:00,0.0004267737983205677,-0.0004016542538394731
2026-04-24 14:15:00,-0.00025923856254905786,1.6216875803890587e-05
2026-04-24 14:20:00,-0.00043763676847241584,0.0010917103730173276
2026-04-24 14:25:00,-0.0025101743201894067,-0.0006502409276383969
2026-04-24 14:30:00,-0.0028368873726485333,-0.00012226128123788828
2026-04-24 14:35:00,-0.0025936322711164195,-0.000783878609640776
2026-04-24 14:40:00,0.0004340453305076153,2.485721990793394e-05
2026-04-24 14:45:00,0.0011331663196738617,0.002434925135642647
2026-04-24 14:50:00,0.0014604105795132938,-0.00020959084057068018
2026-04-24 14:55:00,0.00044448840436395187,0.0006843087541806883
2026-04-24 15:00:00,0.0010425710318138215,-0.00010826530830193957
2026-04-24 15:05:00,-0.0010833948990764952,-0.00243091500184816
2026-04-24 15:10:00,-0.0009359950309804077,-0.0005509903302597335
2026-04-24 15:15:00,-0.0021586877435222362,0.0002639468186579616
2026-04-24 15:20:00,0.0018085496110238353,-0.00036403218494168396
2026-04-24 15:25:00,0.0021939530552810282,-0.0001836654333024408
2026-04-24 15:30:00,0.004268162357561778,-0.0006335705340792208
2026-04-24 15:35:00,0.0004271910342108498,7.322462360393267e-05
2026-04-24 15:40:00,0.0005180225243321956,0.0003814659157466154
2026-04-24 15:45:00,0.00015914528406568706,4.208583193310278e-05
2026-04-24 15:50:00,0.004621530953889064,-0.00026407326599137934
2026-04-24 15:55:00,0.004200071621619728,-0.000565731473208828
2026-04-24 16:00:00,0.003835158726348098,-0.0006199828775725196
2026-04-24 16:05:00,9.517394102331878e-05,-0.002974101954544456
2026-04-24 16:10:00,-0.001169502967703906,-0.0008187931591741033
2026-04-24 16:15:00,-0.00040378800198936915,-0.0007594070646655477
2026-04-24 16:20:00,0.00036792070243762964,6.417849602308035e-05
2026-04-24 16:25:00,0.0009348661305459416,-0.00041734410238153066
2026-04-24 16:30:00,-0.00021358732683651738,0.0003798278449643564
2026-04-24 16:35:00,-0.0008100274646700711,0.00022718586598194634
2026-04-24 16:40:00,-0.0007761734196041203,0.00038275389796945487
2026-04-24 16:45:00,-0.001297306630915429,-0.00044465596401192326
2026-04-24 16:50:00,-0.0003597525787562006,6.113145973062542e-05
2026-04-24 16:55:00,-0.0009398278097592083,0.0011808256221437247
2026-04-24 17:00:00,-0.0001101263277156761,0.0007347256593565587
2026-04-24 17:05:00,-0.0006415271529895961,-0.001266937154501577
2026-04-24 17:10:00,-2.1177265363547804e-06,-0.0005088034693154185
2026-04-24 17:15:00,-0.0006716094832857067,-4.785874209472108e-05
2026-04-24 17:20:00,-0.0005529327289561792,0.00021060889628171203
2026-04-24 17:25:00,0.0012550252916891935,-0.000981984048173209
2026-04-24 17:30:00,0.0012327036527821633,-4.0712880224124464e-05
2026-04-24 17:35:00,0.002169724005110396,-0.0010756345327797437
2026-04-24 17:40:00,-0.00022210729142635444,-0.00036626496141710943
2026-04-24 17:45:00,0.00039575254342949506,-0.00037897912804291236
2026-04-24 17:50:00,-0.0016358528333348943,0.00025411516014204314
2026-04-24 17:55:00,-0.0014268931510343918,-0.00025467687246476684
2026-04-24 18:00:00,-0.0011580703652214197,-0.00035247844413121887
2026-04-24 18:05:00,0.000641539377689071,0.0009348840489883888
2026-04-24 18:10:00,0.0007581581779394497,0.00046593528489699294
2026-04-24 18:15:00,0.0011094033649303725,2.6418144583648307e-05
2026-04-24 18:20:00,-0.00011430361592879024,-0.0007293797161387189
2026-04-24 18:25:00,-0.00017148827517310394,0.00015996502701567703
2026-04-24 18:30:00,-0.0008107596499549174,0.000408911962286429
2026-04-24 18:35:00,0.0001291197947743683,-0.0009195464233619693
2026-04-24 18:40:00,0.0008613784491693366,-0.00027128451042561594
2026-04-24 18:45:00,0.0012909781480185956,-0.002615329047828027
2026-04-24 18:50:00,0.0006939977935189745,0.0005978373846602296
2026-04-24 18:55:00,0.0001649952091682394,-4.338032420816741e-05
2026-04-24 19:00:00,0.00016284113402953437,-0.00133444426212019
2026-04-24 19:05:00,-0.0002496144738586281,0.0008022803070662011
2026-04-24 19:10:00,-0.0010666035616537783,-0.001143102968626899
2026-04-24 19:15:00,-0.0017122150271564607,0.0004650818178134751
2026-04-24 19:20:00,-0.0009630802376339176,0.00017745227516347318
2026-04-24 19:25:00,-2.3291736411579222e-05,-0.00010291470814147529
2026-04-24 19:30:00,0.00028380811373374115,0.0005867737535210516
2026-04-24 19:35:00,0.0006689628996241481,0.0001406188823491989
2026-04-24 19:40:00,0.0002731144271148622,0.000782155586048917
2026-04-24 19:45:00,4.235251267381557e-05,-0.00017343075862729705
2026-04-24 19:50:00,-0.0005546147474930763,-0.00013440580041417871
2026-04-24 19:55:00,-8.467543903378782e-06,0.0001269928027894823
2026-04-24 20:00:00,-0.0002880324649439103,-0.0005742610528013187
2026-04-24 20:05:00,-0.0003049574671507571,-0.0016915562814639098
2026-04-24 20:10:00,-0.0013896481936015448,-2.893248888098773e-05
2026-04-24 20:15:00,-0.0002669276641871221,1.3463248367762129e-05
2026-04-24 20:20:00,-0.0002584395350613278,-0.0001775867034417743
2026-04-24 20:25:00,0.00030732938427213696,0.001088476373068619
2026-04-24 20:30:00,-0.00021189807781851755,-0.00043441219134634075
2026-04-24 20:35:00,2.330466506705875e-05,-0.0006818135954543675
2026-04-24 20:40:00,0.000910835616908301,-0.00039348547800364107
2026-04-24 20:45:00,0.0010209356214705423,0.0014170094994526063
2026-04-24 20:50:00,0.00047868476980816865,-0.0006373215251673838
2026-04-24 20:55:00,-0.00013974879118983097,0.0007444497335897323
2026-04-24 21:00:00,-0.0005209281956890521,-0.00038738447029835755
2026-04-24 21:05:00,-0.0009427617259110121,0.0008653041354547316
2026-04-24 21:10:00,-0.0007117513407486342,0.00025794317298426104
2026-04-24 21:15:00,-0.0006144510602972275,-0.0004048458475920282
2026-04-24 21:20:00,-0.00011234323626041487,0.000304892975416195
2026-04-24 21:25:00,-0.0005998743199473466,0.0007016028901597605
2026-04-24 21:30:00,-0.000275566184262388,-0.0005336185024165069
2026-04-24 21:35:00,-0.00011235585868085707,0.00023010915968961623
2026-04-24 21:40:00,0.0002226102009199593,0.0044843262998523975
2026-04-24 21:45:00,-0.0011773105015127072,-0.000517042789462233
2026-04-24 21:50:00,-0.001608283642157815,4.091222738068735e-05
2026-04-24 21:55:00,-0.002190093254005987,6.371216071338378e-05
2026-04-24 22:00:00,-0.001097950214093757,0.0020384959612373584
2026-04-24 22:05:00,-0.000429029592631025,0.0008883081923004513
2026-04-24 22:10:00,0.0002485366620295082,-9.253048221840234e-05
2026-04-24 22:15:00,-0.00011049888131076102,0.00030421458124998865
2026-04-24 22:20:00,3.823783081635668e-05,-0.0003273405852809378
2026-04-24 22:25:00,-0.00011682577997085275,-4.0298597026726437e-05
2026-04-24 22:30:00,0.0003484550092736072,-0.0005223164913639528
2026-04-24 22:35:00,0.00017205214709292704,0.0001803904603826976
2026-04-24 22:40:00,0.00040564548627841646,-0.0009400942039878978
2026-04-24 22:45:00,-0.0021968706100281565,5.158692779638115e-05
2026-04-24 22:50:00,-0.005691273146934961,6.919842136810891e-05
2026-04-24 22:55:00,-0.005066427731085454,-5.736440571057118e-05
2026-04-27 00:00:00,-0.0017771872705445446,-0.0005694123788719828
2026-04-27 00:05:00,0.0006918376251245917,6.634062326030249e-05
2026-04-27 00:10:00,0.0002155262102085942,0.0005336893189859488
2026-04-27 00:15:00,-0.0010691114270517943,-0.0002039509782791799
2026-04-27 00:20:00,0.00029666022697583116,-0.0007610830916136762
2026-04-27 00:25:00,-0.00042469506359488207,-8.936254356446688e-05
2026-04-27 00:30:00,0.0002903309152380018,5.8527429355088094e-05
2026-04-27 00:35:00,-0.0003350830962727258,0.00020471546719030265
2026-04-27 00:40:00,-0.0001494331150819761,0.00015845441627219763
2026-04-27 00:45:00,-0.0007516180426154762,0.002989364279160553
2026-04-27 00:50:00,-0.00023697365540265025,-0.0007777426247328735
2026-04-27 00:55:00,-5.123935183348749e-05,-8.332653760552181e-05
2026-04-27 01:00:00,0.00047623268817353903,0.0003509647593437351
2026-04-27 01:05:00,-0.00017723321909457468,7.798503658280518e-05
2026-04-27 01:10:00,-0.0014293545661896445,0.00023306748358518657
2026-04-27 01:15:00,-0.000980474957350097,-0.00041439361528881695
2026-04-27 01:20:00,-0.0013120753397934948,-8.411584635432368e-05
2026-04-27 01:25:00,0.0,-0.0011094570880942373
2026-04-27 01:30:00,0.0003547054059254151,0.00029966191992473307
2026-04-27 01:35:00,0.00103655411704473,-0.0001939707731017311
2026-04-27 01:40:00,0.0007095912667498538,-0.0001442151893746441
2026-04-27 01:45:00,-0.00033974540789039054,-0.00021805785828790265
2026-04-27 01:50:00,-0.0011798326946834692,-0.00017757995261321715
2026-04-27 01:55:00,-9.401327730884645e-05,0.0014539092494701208
2026-04-27 02:00:00,-5.770408279381911e-05,-0.00031031049912451483
2026-04-27 02:05:00,0.0007610659565884248,0.0003427967743678975
2026-04-27 02:10:00,0.0002542428118008644,0.004401628624025372
2026-04-27 02:15:00,-0.0001945086578523103,-0.00012532577396542742
2026-04-27 02:20:00,-1.495919878635732e-05,0.0009129330548265453
2026-04-27 02:25:00,-9.186179292974828e-05,-0.001133169454067897
2026-04-27 02:30:00,0.0009743007599389841,-0.000123922756897626
2026-04-27 02:35:00,0.002032399527976736,-0.00012463076178518377
2026-04-27 02:40:00,0.0038530762961244136,0.0005067774053908386
2026-04-27 02:45:00,0.0055902532562068785,0.00025742487758372896
2026-04-27 02:50:00,0.0020069931890080994,-0.000467878553189765
2026-04-27 02:55:00,-0.0012692140669958718,-0.0001627759067345731
2026-04-27 03:00:00,-0.0026261887426990427,-0.0007448681760807497
2026-04-27 03:05:00,-0.0002639600839557943,-0.000281604848442258
2026-04-27 03:10:00,0.0011032004577558041,-0.0001279670124265234
2026-04-27 03:15:00,0.000283151929933112,0.00019879010049962212
2026-04-27 03:20:00,0.0005853012925580714,-0.00039312046571553114
2026-04-27 03:25:00,8.514188895247798e-06,-7.424855833211336e-05
2026-04-27 03:30:00,0.0008766237781721031,0.0004349139858919622
2026-04-27 03:35:00,0.0007423076323167521,2.0030272913714786e-05
2026-04-27 03:40:00,0.0012189091954120101,4.2004229624248137e-05
2026-04-27 03:45:00,-3.828304784647685e-05,-8.824814082129505e-05
2026-04-27 03:50:00,-0.0010061828974556875,-0.00015361497542392945
2026-04-27 03:55:00,-0.0008762732576368393,-2.7060217165491006e-06
2026-04-27 04:00:00,0.0007590068643104075,-4.354759155654602e-05
2026-04-27 04:05:00,0.0014547034779326395,-0.0007644194117401909
2026-04-27 04:10:00,0.0012503696385781637,-4.179156280964646e-05
2026-04-27 04:15:00,0.00018488078960565701,-6.296291824649013e-05
2026-04-27 04:20:00,0.0015013981535361154,0.0007270963219128812
2026-04-27 04:25:00,0.0018365673040907637,0.00010830999852078732
2026-04-27 04:30:00,0.0025911065952914925,-0.0022488101664445877
2026-04-27 04:35:00,0.0019122369876942713,-9.383233602112365e-05
2026-04-27 04:40:00,0.0009307957278714696,0.0002967355821415973
2026-04-27 04:45:00,0.00038353267967217164,0.00010914957636049536
2026-04-27 04:50:00,-0.00018428045419049965,-9.729337549087044e-07
2026-04-27 04:55:00,-0.00013776250401953405,-0.0004220469095561161
2026-04-27 05:00:00,-0.0007014889442871208,0.0002499047102510994
2026-04-27 05:05:00,-0.0008646651339070388,0.000596565814385962
2026-04-27 05:10:00,-0.0003900767907136782,-0.00028461837208562006
2026-04-27 05:15:00,0.0011166402792639474,0.0002715734121817321
2026-04-27 05:20:00,0.0015444280266052601,-0.0003534473926657879
2026-04-27 05:25:00,0.0025920026709567168,0.0004220547761003418
2026-04-27 05:30:00,0.0005292797684628425,-0.0005055627048525684
2026-04-27 05:35:00,0.00029209254884854374,0.000310348547088512
2026-04-27 05:40:00,-0.0008738383320494592,0.0005126510554981269
2026-04-27 05:45:00,0.0004041810574531013,-0.000454022219487763
2026-04-27 05:50:00,0.00042105575590589694,-0.00039188474283027353
2026-04-27 05:55:00,0.0007109772215478927,-0.0010382639114460794
2026-04-27 06:00:00,1.0578462040555792e-05,-0.0001326457889071122
2026-04-27 06:05:00,-0.00013962698462144374,0.00019683690231633
2026-04-27 06:10:00,-0.00011634560581086362,0.0003951734729920714
2026-04-27 06:15:00,2.1156588372761576e-05,-0.00026334794937006123
2026-04-27 06:20:00,0.0003173058643586302,0.0003642744214491067
2026-04-27 06:25:00,-0.00014386419245049353,-0.0002452501040443795
2026-04-27 06:30:00,-0.00045919852678366624,0.000294390254201562
2026-04-27 06:35:00,-0.0007045554134386123,0.00010976399737102987
2026-04-27 06:40:00,-0.0002539284866394098,-0.0004448210300675588
2026-04-27 06:45:00,-0.0006330661892608447,-5.8175062808627336e-05
2026-04-27 06:50:00,-0.0010482303339305332,-0.00023496878279596558
2026-04-27 06:55:00,-0.0014359085434278995,0.00045795742295680233
2026-04-27 07:00:00,-0.0007457959280294801,0.00046643176764471934
2026-04-27 07:05:00,-0.00017163326040403604,-0.00018455700542213034
2026-04-27 07:10:00,-8.05397008178943e-05,-0.0002465688188835906
2026-04-27 07:15:00,-0.0011091283664637075,3.8127012493257604e-05
2026-04-27 07:20:00,-0.0017306913509571586,-0.00035900670145575073
2026-04-27 07:25:00,-0.0013319648022971364,0.00025962011408160165
2026-04-27 07:30:00,-0.0002461684738523928,-0.0005431276825810924
2026-04-27 07:35:00,0.00011462364188830065,0.00010721793683091928
2026-04-27 07:40:00,-0.00039908635229757294,0.000166102453547015
2026-04-27 07:45:00,-0.00010612579312407888,0.0006782103058667987
2026-04-27 07:50:00,0.0004668494537760637,4.282124573746751e-05
2026-04-27 07:55:00,0.0010059017993064856,5.535084253293055e-05
2026-04-27 08:00:00,0.0001846516297572265,0.00017055165223536003
2026-04-27 08:05:00,0.0002651583063659757,0.0007384107383872607
2026-04-27 08:10:00,-5.302862380318629e-05,-0.0005620008537115683
2026-04-27 08:15:00,-0.00040755246210011364,0.00028212536548604696
2026-04-27 08:20:00,-0.0005728300506273598,-0.001007141286164917
2026-04-27 08:25:00,-0.000740573373418485,0.0005620787801688869
2026-04-27 08:30:00,0.0008382737146668262,0.0001373913708535493
2026-04-27 08:35:00,0.000297063949442844,-0.00040438247109960345
2026-04-27 08:40:00,0.00029926616340247847,0.00029841740975731324
2026-04-27 08:45:00,0.0005916739561442341,0.00012354079897369325
2026-04-27 08:50:00,0.000746514005294685,0.003221981124011431
2026-04-27 08:55:00,0.001071105599931954,0.00011913171990127775
2026-04-27 09:00:00,-0.0002968535664358285,8.636340544751996e-05
2026-04-27 09:05:00,0.00011447274713205502,9.90841025366722e-05
2026-04-27 09:10:00,-0.00029894574145572506,-1.1449772465646005e-05
2026-04-27 09:15:00,0.00026081176218006874,-0.00013557159815851124
2026-04-27 09:20:00,-0.00034981899873898215,-0.0001603988325567583
2026-04-27 09:25:00,-0.00020146774622453734,-0.000194430646007573
2026-04-27 09:30:00,-0.0004453294557240639,-5.377434462127443e-05
2026-04-27 09:35:00,-0.0007551780966945643,-0.00048702960170428475
2026-04-27 09:40:00,-0.0004709566234186724,0.0006282406208017216
2026-04-27 09:45:00,-0.0004603822102211552,2.2121228721319405e-05
2026-04-27 09:50:00,-4.456484025716634e-05,0.00019246723874850408
2026-04-27 09:55:00,-0.0002695209017034017,0.00015336758780757004
2026-04-27 10:00:00,-0.000360816212628734,0.0007625397992207729
2026-04-27 10:05:00,-0.00016766647569355086,-0.0009864614309756069
2026-04-27 10:10:00,-0.00016132284769732053,0.001020292686508463
2026-04-27 10:15:00,-0.00022292212785401944,-0.0004979655279017273
2026-04-27 10:20:00,-0.0007898961654841941,0.0005015971768390818
2026-04-27 10:25:00,0.0002822979068195508,0.0003292007286402798
2026-04-27 10:30:00,0.0005837383404827534,-0.00022570651296674156
2026-04-27 10:35:00,-0.00014020806049330758,8.677652740918e-05
2026-04-27 10:40:00,-0.0010723064638593627,4.255589570651657e-05
2026-04-27 10:45:00,-0.0012251819929627317,0.0008889144127280493
2026-04-27 10:50:00,-0.0005057620858508471,0.0005244078689982341
2026-04-27 10:55:00,-0.00033998066687601636,3.5066970933170634e-05
2026-04-27 11:00:00,-0.00023586584654999854,0.000686533990451259
2026-04-27 11:05:00,0.0002592881492216037,-0.0006508552970172231
2026-04-27 11:10:00,-0.000614383175447486,0.0001925025675594763
2026-04-27 11:15:00,-0.0005420647698173298,-0.00022311511529878644
2026-04-27 11:20:00,-0.0003251835562281258,0.0002910511077190916
2026-04-27 11:25:00,0.0004613541570215318,-0.0005501807037472972
2026-04-27 11:30:00,-0.0005402312916800156,-8.530097220141593e-06
2026-04-27 11:35:00,-0.0007804467656189473,-9.329533491038756e-05
2026-04-27 11:40:00,-0.00021045314465872877,-0.0008574353404788452
2026-04-27 11:45:00,0.0010950469891266579,-0.00020817816936746254
2026-04-27 11:50:00,0.0006656508471252209,0.00035243923423925063
2026-04-27 11:55:00,-0.00039764348914950176,-0.0006327768743233062
2026-04-27 12:00:00,-0.0006909094662628235,0.00024173135666051007
2026-04-27 12:05:00,0.00017006332774194277,-0.0007105235372384054
2026-04-27 12:10:00,0.0007292465378334612,-2.883287712894296e-05
2026-04-27 12:15:00,0.0010754860383919151,0.0004266059783142734
2026-04-27 12:20:00,0.0008222732386293785,0.00026105525911231266
2026-04-27 12:25:00,0.0008688734615063254,0.0014696478059193791
2026-04-27 12:30:00,0.0002421436093342777,-0.0006449445581896699
2026-04-27 12:35:00,0.00022510421783294987,0.0008986855583778598
2026-04-27 12:40:00,-7.007671279346539e-05,0.00012112573408378283
2026-04-27 12:45:00,-0.0005502180298027071,-0.0010927260028030363
2026-04-27 12:50:00,-0.0005097424636630876,-0.001302374458246586
2026-04-27 12:55:00,-0.001060243827891938,0.00020003035319592565
2026-04-27 13:00:00,-0.0004059532784399522,0.0005307218328143626
2026-04-27 13:05:00,-0.0006226630414793988,0.000958179757047606
2026-04-27 13:10:00,0.0002444444692777381,6.689625386807861e-06
2026-04-27 13:15:00,0.00036345280561533855,-0.0008185666048115885
2026-04-27 13:20:00,-0.0004082353022880625,0.0006350485770810002
2026-04-27 13:25:00,-0.0004676850948968081,0.0003573011126719664
2026-04-27 13:30:00,-0.0005888173762826909,-0.00025980514651396063
2026-04-27 13:35:00,0.0002466620890757554,-0.0003029461493911019
2026-04-27 13:40:00,0.0004868130107098523,0.0007885179900731384
2026-04-27 13:45:00,0.0005101867394081694,-0.0002719422977304827
2026-04-27 13:50:00,0.0005165174088723745,0.0011435721298053776
2026-04-27 13:55:00,0.0008179073289014127,1.8524393000662003e-05
2026-04-27 14:00:00,0.001257348859025953,-0.0006335141226602715
2026-04-27 14:05:00,0.0007137577095708281,2.2720800308115595e-05
2026-04-27 14:10:00,-0.0004417993198480019,-0.0002381149687346334
2026-04-27 14:15:00,-0.0013997498029372224,-4.412217690441392e-05
2026-04-27 14:20:00,-0.001576895203976747,0.0006609843376740289
2026-04-27 14:25:00,-0.0017542539831065795,-0.00014667346144430225
2026-04-27 14:30:00,-0.000265727622249301,-0.00030039156213170924
2026-04-27 14:35:00,0.00022754943184288834,-5.280679661050579e-05
2026-04-27 14:40:00,8.512576272678984e-05,-0.00033196980417262014
2026-04-27 14:45:00,-0.001604368310399451,0.00026561122411961004
2026-04-27 14:50:00,-0.0013703325200200567,-0.000248816126978638
2026-04-27 14:55:00,-0.0006769500890779767,0.00036312733005239864
2026-04-27 15:00:00,0.0010407921175286106,0.00020671158828163743
2026-04-27 15:05:00,0.000581131135927393,0.00027718116116365993
2026-04-27 15:10:00,0.0008918603967682515,-0.00037344088833415206
2026-04-27 15:15:00,-0.0014774384675515506,1.9057459881908871e-06
2026-04-27 15:20:00,-0.001465183005331383,0.0005343156797435209
2026-04-27 15:25:00,-0.0013881557644630504,0.00023107515012796414
2026-04-27 15:30:00,-0.000878129725489174,2.025521996079557e-05
2026-04-27 15:35:00,0.0006561903698791838,-0.00010677095742162403
2026-04-27 15:40:00,0.00042601957778209965,0.0004671284624866099
2026-04-27 15:45:00,0.0009100859241950587,-0.00012749975665668335
2026-04-27 15:50:00,-0.0013618623171502975,-0.00014080297125211426
2026-04-27 15:55:00,-0.0006156566577253386,0.0001704492114065821
2026-04-27 16:00:00,0.00029607887416638334,0.0008072711499123735
2026-04-27 16:05:00,0.0009805573335164297,-9.066996525425394e-05
2026-04-27 16:10:00,-0.000801560527690981,6.476403168940173e-05
2026-04-27 16:15:00,-0.0020167744424988143,-0.0001877211998696093
2026-04-27 16:20:00,3.195851359194535e-05,-3.835107366971368e-05
2026-04-27 16:25:00,0.0010785464117031296,0.00022855994919893427
2026-04-27 16:30:00,0.0010621916270778797,0.00011084218900884131
2026-04-27 16:35:00,-0.0026581745939147083,-0.0007167093459737972
2026-04-27 16:40:00,-0.0032540963610756535,-0.00013182612489569075
2026-04-27 16:45:00,-0.004805908817653304,-0.00038555763637043234
2026-04-27 16:50:00,-0.0021855875460552454,0.0006039757356814614
2026-04-27 16:55:00,-0.0008916553840450092,0.001104951024631516
2026-04-27 17:00:00,0.002052121155447395,-7.795710375286201e-05
2026-04-27 17:05:00,0.0006484758370390864,0.002564813203612117
2026-04-27 17:10:00,0.001368161810406221,-7.176746733503282e-05
2026-04-27 17:15:00,0.00017527284897411732,0.00030830042413040675
2026-04-27 17:20:00,0.0010884081342954488,0.0013776749017360387
2026-04-27 17:25:00,-0.0007415679050755131,-0.0014404629868352658
2026-04-27 17:30:00,-0.0009879141703112992,-0.0015414831989204588
2026-04-27 17:35:00,-0.001522819048908275,-0.0005022414726096031
2026-04-27 17:40:00,-0.0016025524446341421,0.00016691649004838693
2026-04-27 17:45:00,-0.0007512111224325935,-3.5731030300209906e-05
2026-04-27 17:50:00,0.0002204389740754209,9.608329213632e-05
2026-04-27 17:55:00,0.0009887937522830015,-0.0014137815021601733
2026-04-27 18:00:00,0.0013799966887813042,0.0016859595053251688
2026-04-27 18:05:00,0.0006032834203022475,-0.0003556490689287911
2026-04-27 18:10:00,0.00041705476533593355,-0.0008175601733305508
2026-04-27 18:15:00,0.00021164496315861925,-3.018951270498123e-05
2026-04-27 18:20:00,0.0003720572241263653,-0.00043471264683059274
2026-04-27 18:25:00,-0.00032293490362178545,-0.00027521552553846646
2026-04-27 18:30:00,-0.0004575514237199485,-0.0004764248181479586
2026-04-27 18:35:00,-0.0002929300185474659,0.0006120036178067138
2026-04-27 18:40:00,0.0004362581947798816,0.0003713993239556795
2026-04-27 18:45:00,-0.00040641277123221187,0.002569773705962128
2026-04-27 18:50:00,-0.000594676592616139,0.001825230978611813
2026-04-27 18:55:00,-0.0006373431987949374,-0.0005761781728518354
2026-04-27 19:00:00,-0.0005499896881833166,0.0008419418157904982
2026-04-27 19:05:00,0.0002952433746798988,-0.0003371267696499252
2026-04-27 19:10:00,0.0012571867615793764,-0.0002110745684535433
2026-04-27 19:15:00,0.0029646497641415692,-0.0006412888332934962
2026-04-27 19:20:00,0.0012356527977335219,-0.00015854352730541556
2026-04-27 19:25:00,0.0007176834512510055,0.00017247083767132942
2026-04-27 19:30:00,-0.000700292101655009,0.0011241439790252575
2026-04-27 19:35:00,0.0003225575638339251,-8.228775402544056e-06
2026-04-27 19:40:00,-0.0002541206531549989,0.0001807583080869159
2026-04-27 19:45:00,-0.00039733487093407405,0.0006378750055762845
2026-04-27 19:50:00,-4.271687894075171e-05,-0.0003129029602234674
2026-04-27 19:55:00,-0.00014951290858356003,-0.00011264036376095507
2026-04-27 20:00:00,0.0003781126243875832,-0.00038368732855476235
2026-04-27 20:05:00,0.00047618997676401875,-0.00010698893411713291
2026-04-27 20:10:00,0.0005210624666780461,0.0009277558224613902
2026-04-27 20:15:00,0.0002861596961452051,-0.00010964333906859309
2026-04-27 20:20:00,-0.00016866916863556014,-0.0009121454848852835
2026-04-27 20:25:00,-0.0002562263004701748,-7.897094196355558e-05
2026-04-27 20:30:00,8.967499226741893e-05,-6.0603417825444235e-05
2026-04-27 20:35:00,9.821588713876395e-05,-6.559404084403622e-05
2026-04-27 20:40:00,-0.0005276058671679351,-0.00034623800373669977
2026-04-27 20:45:00,-0.0009890046144427345,-4.738121914293168e-05
2026-04-27 20:50:00,-0.0009077967543316134,-0.0009685078963670157
2026-04-27 20:55:00,1.709281183082112e-05,8.519878156185094e-05
2026-04-27 21:00:00,0.0005661806566621408,0.0006862577148516415
2026-04-27 21:05:00,0.0006771876677387212,-0.0011078285865378191
2026-04-27 21:10:00,0.0004037327173413985,0.00017312094801183992
2026-04-27 21:15:00,-0.00059182661421886,0.000801606706493946
2026-04-27 21:20:00,-0.0010448127285194175,-0.0006859933946745033
2026-04-27 21:25:00,-0.00044432862250154415,-1.1676909912064411e-05
2026-04-27 21:30:00,0.00043589185444226075,0.0010137897792469157
2026-04-27 21:35:00,0.000461646976503971,-0.00010494352262878013
2026-04-27 21:40:00,0.00020296304753486538,-0.00028758270842381883
2026-04-27 21:45:00,-0.00040383451026215766,0.00010083538527615223
2026-04-27 21:50:00,-0.00011111775929606438,-0.0002488496771086004
2026-04-27 21:55:00,-0.0004123786292460352,0.00029975060871920584
2026-04-27 22:00:00,5.9837626345427e-05,0.0006117700886466344
2026-04-27 22:05:00,-5.556351017510508e-05,0.000474422754060737
2026-04-27 22:10:00,0.0001453134284989943,-0.0011405337530768836
2026-04-27 22:15:00,-1.4959070915310235e-05,-5.0605326334709846e-05
2026-04-27 22:20:00,0.00011539768405377515,0.0002793587508762446
2026-04-27 22:25:00,6.837548399651894e-05,-9.878388258554757e-05
2026-04-27 22:30:00,0.0001559907391683879,-0.0001026188056827986
2026-04-27 22:35:00,-9.402673785530169e-05,-0.00017919994251655092
2026-04-27 22:40:00,0.0004016115786473762,-0.00026013459219242777
2026-04-27 22:45:00,0.00056392785781334,0.00016886067210991385
2026-04-27 22:50:00,0.002117731233411746,-8.296258669022251e-05
2026-04-27 22:55:00,0.00150460854681711,-6.17329504892736e-05
2026-04-28 00:00:00,0.0011055715094734353,-0.002481186513732177
2026-04-28 00:05:00,-0.0003306000207139448,-0.0021104915208830927
2026-04-28 00:10:00,9.809440954988702e-05,-0.00023456526667288552
2026-04-28 00:15:00,0.0002175554455021711,-0.00033394012514686544
2026-04-28 00:20:00,8.10604412695426e-05,-0.0003023980868639226
2026-04-28 00:25:00,-0.0004543006674033734,-0.002726653618823805
2026-04-28 00:30:00,-0.00040102132989616734,7.97825897681675e-05
2026-04-28 00:35:00,-0.00012159312608517325,-0.00035105430309708807
2026-04-28 00:40:00,0.00011092812722068857,0.0001712671358842562
2026-04-28 00:45:00,0.00030931254999622126,-0.0001265437779276454
2026-04-28 00:50:00,0.0001706528328249135,0.0002688374272505198
2026-04-28 00:55:00,0.0004158709196619981,0.00012109577547647315
2026-04-28 01:00:00,0.0005522582491330752,0.0001765286167709653
2026-04-28 01:05:00,0.0005544206659440221,-6.321798632580756e-05
2026-04-28 01:10:00,0.00017695926465322032,-0.0002197164579502593
2026-04-28 01:15:00,0.00022167041536746979,3.64710349704919e-05
2026-04-28 01:20:00,0.0005775499469500289,0.0002914388983282981
2026-04-28 01:25:00,0.0007906040008069937,-0.00040977833894660415
2026-04-28 01:30:00,0.0005326606310784854,-0.00010497724449065314
2026-04-28 01:35:00,0.00025563515889537314,0.0004595325414678031
2026-04-28 01:40:00,-0.00041333760043116285,0.0010399773110621915
2026-04-28 01:45:00,0.0005174743534439585,-0.0005916556244831574
2026-04-28 01:50:00,0.0012644325788038202,0.0007823240423868428
2026-04-28 01:55:00,0.0011479749302605313,0.00044460587849011815
2026-04-28 02:00:00,6.386899192634132e-06,0.0037621855838432384
2026-04-28 02:05:00,-0.000804453908591185,0.0008900859929984426
2026-04-28 02:10:00,-0.0005727578232086472,-0.0015699067963881941
2026-04-28 02:15:00,-0.0007880254620538096,-0.0009085851083556533
2026-04-28 02:20:00,-0.0010842695716863915,3.0377250123919532e-05
2026-04-28 02:25:00,-0.0003024803410838217,4.562088142044805e-05
2026-04-28 02:30:00,7.4569547322767e-05,0.00040855511272989867
2026-04-28 02:35:00,0.0002749064749263397,0.0002271370823075132
2026-04-28 02:40:00,-0.0007821866457344839,-7.685449977452365e-07
2026-04-28 02:45:00,-0.0008227032445020654,0.00037306253351269004
2026-04-28 02:50:00,-0.0008014887655747316,6.435643707751003e-05
2026-04-28 02:55:00,-0.0004585135922976491,0.00010478457474484282
2026-04-28 03:00:00,-0.00014073725018448613,-0.0042737180945688945
2026-04-28 03:05:00,5.33104169750942e-05,-0.0005189683160333582
2026-04-28 03:10:00,-1.4931883944413471e-05,8.25994942014375e-05
2026-04-28 03:15:00,-0.0009622350195872542,-7.502900415773319e-05
2026-04-28 03:20:00,0.00015778217989570464,-4.1643817410907584e-05
2026-04-28 03:25:00,-9.812935590325367e-05,-3.2620673544056354e-05
2026-04-28 03:30:00,3.41527867639968e-05,8.392249536774777e-05
2026-04-28 03:35:00,-0.002003976610135183,6.792843304360344e-05
2026-04-28 03:40:00,-0.003783179429541761,0.0007858343237101264
2026-04-28 03:45:00,-0.002639603903773491,-0.00011134232976423243
2026-04-28 03:50:00,-0.0011735171266238353,1.798082387131142e-05
2026-04-28 03:55:00,0.0016347214985881209,-0.0005735904168124057
2026-04-28 04:00:00,0.0011635668053582293,0.00023763711409976852
2026-04-28 04:05:00,0.0001646747090102707,-0.00042790093500714684
2026-04-28 04:10:00,-0.00040629110246825917,9.347680521379601e-05
2026-04-28 04:15:00,-0.0009174793275086301,-0.00041724629105541216
2026-04-28 04:20:00,-0.001024845640769101,-5.9871262405670865e-05
2026-04-28 04:25:00,-0.0009329556538482109,-9.406858244496136e-06
2026-04-28 04:30:00,-0.0007277382004868826,4.7362695057217725e-07
2026-04-28 04:35:00,-0.00021837006104696854,0.00017373832748301339
2026-04-28 04:40:00,-0.0004261109730236967,-0.00044625568020247004
2026-04-28 04:45:00,0.00016057601863828097,0.00015041758661332483
2026-04-28 04:50:00,0.000537275938359727,5.2134304897370724e-05
2026-04-28 04:55:00,0.0008071016818860244,0.0001698954471430404
2026-04-28 05:00:00,0.0005586036338911526,-0.00015064864005788237
2026-04-28 05:05:00,4.065853995882662e-05,-3.646595098202895e-05
2026-04-28 05:10:00,0.00044501879227176744,0.00015865551532324263
2026-04-28 05:15:00,-0.00026749154083738347,0.00035152945220170864
2026-04-28 05:20:00,3.4237488341304356e-05,-0.0005934363030818226
2026-04-28 05:25:00,-0.0006376364019686775,-0.00011597736999215069
2026-04-28 05:30:00,-0.00014554545324507728,0.0008929212678107242
2026-04-28 05:35:00,-0.0007642028099432707,8.397392144913594e-05
2026-04-28 05:40:00,-0.0002119222317560343,-0.0007697050701199902
2026-04-28 05:45:00,-0.0008437246874546389,-0.00015193335649562822
2026-04-28 05:50:00,-0.00041124146236093395,-0.00016968199139510455
2026-04-28 05:55:00,-0.00025479425501906405,0.0014212397313539814
2026-04-28 06:00:00,0.00015852036270125325,-0.0009090270947292644
2026-04-28 06:05:00,-0.00014354594941146104,-4.392527426953248e-06
2026-04-28 06:10:00,-0.0004969284782294636,0.000420969301930939
2026-04-28 06:15:00,5.140661347269315e-05,0.00014144397373698495
2026-04-28 06:20:00,0.0003855991615999699,0.00047725549498218084
2026-04-28 06:25:00,0.0005140595394141911,-2.3485518687886922e-05
2026-04-28 06:30:00,-0.00020564231163078261,0.00038564930934802263
2026-04-28 06:35:00,-0.00020134990182540946,-0.0005638556133051643
2026-04-28 06:40:00,-0.00047335352573796285,-0.00021228422576193365
2026-04-28 06:45:00,-0.0009537905320442519,-0.000769371551415282
2026-04-28 06:50:00,-0.002958515392409211,-0.00031996866532986185
2026-04-28 06:55:00,-0.003242384263545617,-0.0008671932834482842
2026-04-28 07:00:00,-0.001729859166728076,0.00045270228175961665
2026-04-28 07:05:00,0.0009599557482484755,-0.0006802804822909025
2026-04-28 07:10:00,0.0011062957945195961,-3.955775697910268e-06
2026-04-28 07:15:00,-0.0023807614838897706,-0.00034764350722813766
2026-04-28 07:20:00,-0.004584731285428134,0.00018410442141442857
2026-04-28 07:25:00,-0.006999913317795148,-0.0003112550670608775
2026-04-28 07:30:00,-0.0034964504946817243,0.00017314650712123964
2026-04-28 07:35:00,-0.0011176319451102756,0.0006544860483270862
2026-04-28 07:40:00,0.0013762723777563934,0.000548625920341277
2026-04-28 07:45:00,0.0013581868460850188,0.000319109975254855
2026-04-28 07:50:00,0.0017557183972911616,-0.0004637219542770164
2026-04-28 07:55:00,0.0020339304454033424,-0.00020815941897692412
2026-04-28 08:00:00,-0.00018990565198961917,-0.0005830713271955893
2026-04-28 08:05:00,-0.0031707309418393947,0.0010511281722923043
2026-04-28 08:10:00,-0.002040407667710298,-0.00021317062427400602
2026-04-28 08:15:00,-0.0008247814904684958,-0.0005290895615212246
2026-04-28 08:20:00,0.001410694941681001,-0.002152533119567447
2026-04-28 08:25:00,-0.0002634425915530869,-0.0030589347121511234
2026-04-28 08:30:00,-0.0007779041063713521,-6.406746296452333e-05
2026-04-28 08:35:00,-0.001259376634687115,0.0007765732262234335
2026-04-28 08:40:00,-0.000397454567966804,0.0006505158887092681
2026-04-28 08:45:00,0.002875227552150861,-5.205352743810706e-05
2026-04-28 08:50:00,0.0017083075176635987,-0.00025701444316603074
2026-04-28 08:55:00,0.0012199428679711133,1.4634712723762843e-05
2026-04-28 09:00:00,-0.0012941244251667428,-0.00015234552374749044
2026-04-28 09:05:00,-0.00093694011733092,-0.0009725318362888006
2026-04-28 09:10:00,-0.0008527238565889661,-0.00016318442891061682
2026-04-28 09:15:00,-0.0013865703616477987,-4.785200684128123e-05
2026-04-28 09:20:00,-0.0005833322696293664,-0.00015860500941654396
2026-04-28 09:25:00,-0.0002656802672440506,-0.0004253942299474435
2026-04-28 09:30:00,0.00027444298511092313,-0.0006194308524467135
2026-04-28 09:35:00,-0.0002139737857866919,-1.5858443714106957e-05
2026-04-28 09:40:00,0.0007795604408347145,-0.0011039874531169173
2026-04-28 09:45:00,-0.001706224889492347,-0.0003854221270696862
2026-04-28 09:50:00,-0.0009147677225360695,-0.003019980103597584
2026-04-28 09:55:00,-0.0026283155446940043,-0.0029697614514892895
2026-04-28 10:00:00,0.000463066155324654,-0.0003103261069911276
2026-04-28 10:05:00,-0.00012765823959348666,5.7141827559988094e-05
2026-04-28 10:10:00,0.0014900827925412585,-0.0008946005020432267
2026-04-28 10:15:00,0.002139435789112909,-0.0002178705390951288
2026-04-28 10:20:00,0.001703651587321886,-0.00020944015974489548
2026-04-28 10:25:00,0.0001339769993755624,0.0018533428684212087
2026-04-28 10:30:00,-0.0013479594715395393,-0.0029604495773887306
2026-04-28 10:35:00,-0.000337040785126419,-0.0006408887566384596
2026-04-28 10:40:00,0.0003197435165755991,-0.00015914308077236736
2026-04-28 10:45:00,-0.0007049456770182871,-4.4950874389723504e-05
2026-04-28 10:50:00,-6.915061438661496e-05,-0.0002026564032548542
2026-04-28 10:55:00,-0.0009530509695938605,-0.0009897963650318871
2026-04-28 11:00:00,-0.00012547187175115937,9.2116127608494e-05
2026-04-28 11:05:00,-0.0024276215401073387,0.00040881112184033543
2026-04-28 11:10:00,-0.0013544186184883955,0.0010403313176458554
2026-04-28 11:15:00,-0.0021766282131689962,0.0006476901956064521
2026-04-28 11:20:00,-0.001281094068987798,-0.0002404920993963614
2026-04-28 11:25:00,-0.0011221376380845527,0.00014253348180975588
2026-04-28 11:30:00,-0.0004879545800271501,-2.4301408105381015e-05
2026-04-28 11:35:00,0.00029278036368651783,-0.00112777932823097
2026-04-28 11:40:00,-0.0018201920456988319,-0.00014226744307957635
2026-04-28 11:45:00,-0.0004751712278849851,-0.3433566543568666
2026-04-28 11:50:00,-0.0003188094338213432,-0.00025960944833521395
2026-04-28 11:55:00,0.001635937166488688,-0.5381935453979232
2026-04-28 12:00:00,0.0014833483882004117,-0.00024142437486632937
2026-04-28 12:05:00,0.0005659794468524382,-0.10662762291200138
2026-04-28 12:10:00,-0.0002645192919370487,-0.0009781026035274852
2026-04-28 12:15:00,-0.0004660200993189534,-0.0036192407537274725
2026-04-28 12:20:00,0.00044648566677452095,0.3681720335624864
2026-04-28 12:25:00,0.00045744415263726523,0.11961354905454256
2026-04-28 12:30:00,0.0002622984950217955,0.14238992743128726
2026-04-28 12:35:00,-0.0010384948612909284,-0.0010478227150604788
2026-04-28 12:40:00,-0.002000421579948508,2.340003494664497e-05
2026-04-28 12:45:00,-0.0016833742605388835,-0.000937444987776666
2026-04-28 12:50:00,-0.0017737872828220702,-0.0003097298384354195
2026-04-28 12:55:00,-0.0012865483599924232,-0.00022503613087907615
2026-04-28 13:00:00,-0.0018776124205572842,0.00033121534540895084
2026-04-28 13:05:00,-0.00012604338951760496,7.27139298727541e-05
2026-04-28 13:10:00,0.00016308336314097005,-0.0009050008419918533
2026-04-28 13:15:00,-0.0013909222270438448,-0.0003334045254889747
2026-04-28 13:20:00,-0.006725015968651604,-0.0002121771502339996
2026-04-28 13:25:00,-0.005892195844783288,9.839434594856398e-05
2026-04-28 13:30:00,-0.006806122472330145,0.0021670977727477714
2026-04-28 13:35:00,-0.0025566188584047467,-0.000259393367877015
2026-04-28 13:40:00,-0.0018410587454038563,0.00010757894462747243
2026-04-28 13:45:00,0.0020769076450548596,-0.0006947613077708042
2026-04-28 13:50:00,0.0025259868992044687,0.001670677372601866
2026-04-28 13:55:00,0.0039122987555266775,-0.0003908440474792865
2026-04-28 14:00:00,0.002197084774156366,-0.001289089927741461
2026-04-28 14:05:00,0.0016396779411635976,0.0005524683526655779
2026-04-28 14:10:00,-0.00032744228576753187,-0.0007053386099088593
2026-04-28 14:15:00,-2.1837565640225876e-06,-0.0004781785783670412
2026-04-28 14:20:00,0.0014167013752217628,-0.0003357754525312673
2026-04-28 14:25:00,0.0015445871628241292,-0.0005905164524853857
2026-04-28 14:30:00,0.004231892773889356,-0.00020226706917728397
2026-04-28 14:35:00,0.002342209740861634,0.0008787665216686676
2026-04-28 14:40:00,0.0015596175564400738,-0.00035568250341059664
2026-04-28 14:45:00,-0.0032038709050041803,-0.002215790108892498
2026-04-28 14:50:00,-0.005011382615593973,0.0006958292529440723
2026-04-28 14:55:00,-0.003951686460668569,4.064187152870468e-05
2026-04-28 15:00:00,-0.0013971452487417935,-0.00029305929692487984
2026-04-28 15:05:00,0.001101733373948477,-0.0002761383409684579
2026-04-28 15:10:00,0.0009675563624682582,-0.0006376041306124715
2026-04-28 15:15:00,5.8981520233203355e-05,-0.00032378677378940745
2026-04-28 15:20:00,0.00046524886738552595,-0.0004376459112276106
2026-04-28 15:25:00,0.00016153219873871194,-0.00015016188084393582
2026-04-28 15:30:00,0.0018463276212052904,-0.00019501958484596663
2026-04-28 15:35:00,0.0004803116004641339,-0.0011591787463758971
2026-04-28 15:40:00,-0.0003602089250680507,-0.0006270159743171521
2026-04-28 15:45:00,-0.004484234050680769,-1.5905117598750647e-05
2026-04-28 15:50:00,-0.0025592258054079053,-0.0005603697895815365
2026-04-28 15:55:00,-0.0023806386061586693,-0.0002438451752789107
2026-04-28 16:00:00,0.0013351341385305915,-0.00028742497074572365
2026-04-28 16:05:00,-0.00040491811905241093,-0.000245740305360115
2026-04-28 16:10:00,0.0005645205554447585,-0.00020201818271506063
2026-04-28 16:15:00,-0.00035002669310912893,-0.00018336985014212942
2026-04-28 16:20:00,-0.0016761341106370509,-0.00030449125673449266
2026-04-28 16:25:00,-0.001637550171091462,-0.0001898800162462334
2026-04-28 16:30:00,-0.0016708770953322016,-0.0001332022951499275
2026-04-28 16:35:00,0.0006510680924929346,-0.0002469390091818572
2026-04-28 16:40:00,0.002503404097039308,-0.00017346391694136564
2026-04-28 16:45:00,0.002936956082780995,-0.0002891919032579207
2026-04-28 16:50:00,0.0019309801232996193,-0.00020436971092920077
2026-04-28 16:55:00,-0.0005793394599287183,-0.0002853060718128038
2026-04-28 17:00:00,-0.0006732932380710821,-0.00024419293240733223
2026-04-28 17:05:00,-8.530472932477551e-05,-0.00022602429605625285
2026-04-28 17:10:00,0.0007891305874068166,-0.00026914583441784833
2026-04-28 17:15:00,-0.0003521292372532514,-9.791091964979055e-05
2026-04-28 17:20:00,0.0015846045356937566,-0.00020419642683903357
2026-04-28 17:25:00,0.0003102353662622903,-0.00025665291432251105
2026-04-28 17:30:00,0.002353191603656768,-0.0005714537034695241
2026-04-28 17:35:00,0.0009451951287235971,0.0005121482264256734
2026-04-28 17:40:00,0.0019248023855045204,5.859351887099631e-06
2026-04-28 17:45:00,0.0003229403308537826,-0.00019479814376591333
2026-04-28 17:50:00,0.0005082459190699495,-0.00019962629163982072
2026-04-28 17:55:00,-0.00023767186349665792,-0.00014143109892679798
2026-04-28 18:00:00,-0.0006197882879472871,-0.0002239328160615367
2026-04-28 18:05:00,-0.0007766516235392373,-0.00021356155856011854
2026-04-28 18:10:00,-0.0006500702653813306,3.4113430730009606e-05
2026-04-28 18:15:00,2.619601165854135e-05,-0.00015844284983475596
2026-04-28 18:20:00,0.0006414354410093637,-0.0005432433647478022
2026-04-28 18:25:00,0.0005235796386049429,-9.854496752010526e-05
2026-04-28 18:30:00,0.0013176468388227391,-0.00019623193962271264
2026-04-28 18:35:00,0.0018717722034153894,-0.00018089731440939762
2026-04-28 18:40:00,0.0016278893448760101,5.721249659083817e-05
2026-04-28 18:45:00,0.0006472795416510024,-0.00045142362810543697
2026-04-28 18:50:00,-0.0004790492271133928,-0.00011527514655743769
2026-04-28 18:55:00,0.00030044479117563583,0.00011021274216446245
2026-04-28 19:00:00,-0.00028980738906625447,-0.00010448742226433278
2026-04-28 19:05:00,0.0008294807947901717,6.4586286476768e-05
2026-04-28 19:10:00,1.5237547930979645e-05,-0.00015727860562793057
2026-04-28 19:15:00,0.001589638506965585,-0.0001084358083825025
2026-04-28 19:20:00,0.0008309677336129084,-7.756947371212887e-05
2026-04-28 19:25:00,0.0010856217120149836,-0.00010805229341395267
2026-04-28 19:30:00,0.0005546896979726768,-2.393001972037832e-05
2026-04-28 19:35:00,-0.00034361496324386565,-0.00011140877128748114
2026-04-28 19:40:00,-0.0008113855450755381,-4.76833435983842e-05
2026-04-28 19:45:00,-0.0010008399187082517,-0.00013482193324135353
2026-04-28 19:50:00,-0.0002153632304988662,-0.0002356511804691256
2026-04-28 19:55:00,0.00020453991646007808,-0.00026377202994420717
2026-04-28 20:00:00,0.0008790520729853313,0.0004050460555412766
2026-04-28 20:05:00,0.0006698666824362931,-0.000343487927054525
2026-04-28 20:10:00,0.0006916441831776865,-0.00011629504259236736
2026-04-28 20:15:00,-0.0005808710836223696,-0.00013830297941806057
2026-04-28 20:20:00,-0.0006067756801702018,-3.869610616210608e-05
2026-04-28 20:25:00,-0.00032618765212255596,-0.00015180742926166845
2026-04-28 20:30:00,0.0006330676908543609,-0.00011877775235981959
2026-04-28 20:35:00,-0.00038295835796020583,0.000163094141196242
2026-04-28 20:40:00,-0.000741929376687267,-8.554718146773922e-05
2026-04-28 20:45:00,-0.0004916260521596882,-3.7509729729766735e-05
2026-04-28 20:50:00,0.0004199408880687372,-0.00018780791349643682
2026-04-28 20:55:00,0.0003177263010538667,-6.676633178862104e-05
2026-04-28 21:00:00,-0.00021543446577787506,-9.474006875682122e-05
2026-04-28 21:05:00,-0.00020233292101679012,-0.00010264187558050458
2026-04-28 21:10:00,0.00015882530229127667,-0.00019715976842998317
2026-04-28 21:15:00,0.0004090682657071909,-0.00010105504976851249
2026-04-28 21:20:00,0.0005873050914146916,-0.00011223768141301384
2026-04-28 21:25:00,0.0004371831986844654,-0.00018998315737436022
2026-04-28 21:30:00,0.00030234184652222496,-0.0001159654640532979
2026-04-28 21:35:00,-0.00078967895932891,-4.9100294426859874e-05
2026-04-28 21:40:00,-0.0006656385045733515,-0.00011846830429665544
2026-04-28 21:45:00,-0.00011309560070138502,-9.919906114120164e-05
2026-04-28 21:50:00,0.000672245531985638,-0.00021187788468451243
2026-04-28 21:55:00,0.0004372830650787307,-8.024991122455365e-05
2026-04-28 22:00:00,-0.0007027842948268415,-7.030878522624825e-05
2026-04-28 22:05:00,-0.0012012222573716258,-0.0007358765315983128
2026-04-28 22:10:00,-0.0009944977028961688,-0.00010351525858493561
2026-04-28 22:15:00,-3.482568655854834e-05,-2.168503199437554e-05
2026-04-28 22:20:00,0.0004136270579770951,-0.0002023738638440049
2026-04-28 22:25:00,0.0001328019804684999,4.440116043963018e-06
2026-04-28 22:30:00,-0.00021986514300920135,4.157930712216147e-05
2026-04-28 22:35:00,0.00037211812894888396,-0.00035414945547115385
2026-04-28 22:40:00,0.0006833247276887278,3.682404568047676e-05
2026-04-28 22:45:00,0.00112493905751343,-0.0001306925045809758
2026-04-28 22:50:00,-0.0001414320981414363,-5.6644054764689374e-05
2026-04-28 22:55:00,-4.133440513420794e-05,-0.00010887424347642168
2026-04-29 00:00:00,-0.0003219035839574502,-0.00010721110354972427
2026-04-29 00:05:00,0.00022410621422785937,-0.002811550432138524
2026-04-29 00:10:00,-8.702538535843019e-05,-0.00226292781063953
2026-04-29 00:15:00,3.915597129022785e-05,-0.00023259634461045438
2026-04-29 00:20:00,-0.0004917940135076293,0.0001736454637644107
2026-04-29 00:25:00,-0.0004940125562260533,5.732565562815241e-06
2026-04-29 00:30:00,-0.0006353862469854477,-0.0003250551901302118
2026-04-29 00:35:00,0.00019152376803255322,-0.00029798589811598096
2026-04-29 00:40:00,7.618525209629468e-05,-0.00013369469382711377
2026-04-29 00:45:00,-0.00011101642074784479,-6.596945222765091e-05
2026-04-29 00:50:00,-0.000905708419468354,-0.00018614428841153455
2026-04-29 00:55:00,-0.0007446876031398375,-0.00017103353959501205
2026-04-29 01:00:00,-0.00033965616671949306,-0.0001241760106805291
2026-04-29 01:05:00,0.0002569910285075139,-9.818472917503697e-05
2026-04-29 01:10:00,0.0002330466724629332,-0.00015454546471022206
2026-04-29 01:15:00,-0.00013937950011388978,-0.00011695798836102251
2026-04-29 01:20:00,-0.0008125786747648078,-9.166857892311625e-05
2026-04-29 01:25:00,-0.0004095013071960807,-0.0001263997352968296
2026-04-29 01:30:00,-0.00045093864622103297,-0.00014672529997152223
2026-04-29 01:35:00,0.0008844372310274906,-0.00024288077747257076
2026-04-29 01:40:00,0.0012018892007397142,-6.020707217596413e-05
2026-04-29 01:45:00,0.003844962470639146,-0.0001300769586526804
2026-04-29 01:50:00,0.0034431523178195533,-0.00010668330194496772
2026-04-29 01:55:00,0.002636044029083351,-7.759847996210092e-05
2026-04-29 02:00:00,-0.0013749199857926442,-9.741504374295463e-05
2026-04-29 02:05:00,-0.0012333028018467473,-0.0001101401199557008
2026-04-29 02:10:00,-0.0015464480395639413,-5.67313184736695e-05
2026-04-29 02:15:00,0.00028686921568521484,-0.0001075608037496807
2026-04-29 02:20:00,7.821224199489052e-05,-0.000115444565099063
2026-04-29 02:25:00,0.0007344266044775338,-0.0001466031263261096
2026-04-29 02:30:00,-0.0004716391721810709,-5.760488569965243e-05
2026-04-29 02:35:00,-0.0010476826958232266,-0.00011139696232273214
2026-04-29 02:40:00,-0.0007670320041519574,-0.00011538777034022699
2026-04-29 02:45:00,-0.0038313346853300345,-0.0001202188063010368
2026-04-29 02:50:00,-0.0036777403331438308,-0.00013573984338276988
2026-04-29 02:55:00,-0.003907292912447957,0.000426728443553529
2026-04-29 03:00:00,0.0006174031522245826,-1.5737040067353612e-05
2026-04-29 03:05:00,0.000901076880495566,-0.00012596053119553625
2026-04-29 03:10:00,-0.0006570696893959393,-0.00016752474215153912
2026-04-29 03:15:00,0.0002725832513377213,-0.0001891364555003832
2026-04-29 03:20:00,-9.377886296846327e-05,-0.00019922730541480755
2026-04-29 03:25:00,0.00244272799563916,-0.0003373688919913778
2026-04-29 03:30:00,-0.0005474223849262216,-0.0002470181417908234
2026-04-29 03:35:00,-0.0006872530114172548,-0.0001112696272493334
2026-04-29 03:40:00,-0.0011290200739413336,-0.00013829469496636973
2026-04-29 03:45:00,0.0019179347984206174,-0.0002202117500828372
2026-04-29 03:50:00,0.0037316605605202113,-0.00017806032807992094
2026-04-29 03:55:00,0.0034506177311168784,-0.00015542304901718576
2026-04-29 04:00:00,0.0019077436880472476,-0.0001269918821512165
2026-04-29 04:05:00,-7.610606579788737e-05,-0.0001372591115559899
2026-04-29 04:10:00,-0.00057826339986633,-0.0001418112045246643
2026-04-29 04:15:00,-0.0004195219033480413,-5.815750362999256e-05
2026-04-29 04:20:00,-0.0005002697210603202,-0.00014246608300556916
2026-04-29 04:25:00,-0.0003349369740828223,-2.4402285667042296e-06
2026-04-29 04:30:00,6.087419696854113e-05,-0.0001317908415083014
2026-04-29 04:35:00,-0.0006790270152379208,-0.00010298877420773892
2026-04-29 04:40:00,-0.0006941550899295379,-0.00019112448993127172
2026-04-29 04:45:00,-0.0005675782502425619,-0.00017676437318628089
2026-04-29 04:50:00,0.0014641211418044975,-0.00021915081139918218
2026-04-29 04:55:00,0.001761647443284886,-0.00013606137541130316
2026-04-29 05:00:00,0.0006784467309906006,-0.0001138212038899844
2026-04-29 05:05:00,-9.130891333519742e-05,-8.791444091145784e-05
2026-04-29 05:10:00,-0.0007673488041888277,-0.00016808569321993724
2026-04-29 05:15:00,-0.0007480570437863321,-0.0001697396976662313
2026-04-29 05:20:00,-0.0010310647199531786,-0.0002090244099015013
2026-04-29 05:25:00,-0.0010117131122644452,-4.884105610147816e-05
2026-04-29 05:30:00,-0.0008444108342580137,-0.00018253568261227638
2026-04-29 05:35:00,8.705076370674192e-05,-0.0001889705794084384
2026-04-29 05:40:00,0.00036781629623128254,0.00012357367382976155
2026-04-29 05:45:00,0.0010836759868642076,-0.0007277329105035757
2026-04-29 05:50:00,0.001078800374326505,-0.00010398054486613011
2026-04-29 05:55:00,0.0011591506225379078,-0.0004871164119568393
2026-04-29 06:00:00,0.0004196632970376868,-0.0007142191369787323
2026-04-29 06:05:00,-0.0002000121753198414,5.851769747939982e-05
2026-04-29 06:10:00,0.0002477490705778962,-0.00025055757378925504
2026-04-29 06:15:00,0.0005911437281636012,-0.0002551907120968442
2026-04-29 06:20:00,0.0008606376203861288,1.3785529485759536e-05
2026-04-29 06:25:00,6.301409453612905e-05,0.00013286124371541521
2026-04-29 06:30:00,0.0003345367999951776,-9.482323760696618e-05
2026-04-29 06:35:00,0.00027368398359328694,-0.00014345212135824715
2026-04-29 06:40:00,0.0005908355498629447,-8.004758585697788e-05
2026-04-29 06:45:00,0.00014768193681291564,-0.00010437954210575342
2026-04-29 06:50:00,-0.0004148994580024379,0.00015234557638093088
2026-04-29 06:55:00,-0.0008320489194701963,-2.9078097361026368e-05
2026-04-29 07:00:00,-0.0008364283478510259,-7.333395881683502e-05
2026-04-29 07:05:00,-0.0005411484867430261,-0.0002968818573045266
2026-04-29 07:10:00,0.0,-7.288920356316163e-05
2026-04-29 07:15:00,-0.0011982886133914405,-0.0001079854649493778
2026-04-29 07:20:00,-0.0009808986556940624,-0.00010790308480477628
2026-04-29 07:25:00,-0.0003956289573725513,-7.217321251319002e-05
2026-04-29 07:30:00,0.0008722179575144651,-0.0001393288424396
2026-04-29 07:35:00,0.0004546824208713218,-9.717198909606141e-05
2026-04-29 07:40:00,-0.0019064288970067622,0.00026544483971392414
2026-04-29 07:45:00,-0.00047625417214902654,0.00012066040146311758
2026-04-29 07:50:00,-0.0010837467356861197,-8.582289911689097e-05
2026-04-29 07:55:00,-0.0004728168532892596,-8.989686266098377e-05
2026-04-29 08:00:00,-0.0024937044196349234,-8.967675734709396e-06
2026-04-29 08:05:00,-0.0016997986127158526,-3.493388234832769e-05
2026-04-29 08:10:00,-0.0006867450843337508,-0.000445609859600681
2026-04-29 08:15:00,-0.0004907611585807103,3.336190553612084e-05
2026-04-29 08:20:00,0.00013739873680229664,2.1376879118258177e-05
2026-04-29 08:25:00,-5.452378383274947e-05,-0.00012061153518173182
2026-04-29 08:30:00,0.00032283889093065454,-0.00012190645814682815
2026-04-29 08:35:00,-0.00038389139834826835,-8.653644045893408e-05
2026-04-29 08:40:00,-2.1810345957717914e-05,-8.743874077578513e-05
2026-04-29 08:45:00,0.0006366468983358686,-0.00010498539415812168
2026-04-29 08:50:00,-0.0008883137138901986,-0.00010456888782013142
2026-04-29 08:55:00,-0.0012985725167791173,0.00016790076990341708
2026-04-29 09:00:00,-0.002509690901417727,-0.0011053770879057671
2026-04-29 09:05:00,-0.000875990597066334,0.00015431509580116643
2026-04-29 09:10:00,-0.000788696125258781,1.9626538203921227e-05
2026-04-29 09:15:00,0.0003277084036295008,-7.16424038619357e-05
2026-04-29 09:20:00,-0.0008395737033222161,-6.105362593439794e-05
2026-04-29 09:25:00,-0.0010343309096949582,-8.530674712717093e-05
2026-04-29 09:30:00,-0.0016133619571974123,-6.58591619829062e-05
2026-04-29 09:35:00,-0.00028001461509141734,-6.17946717009142e-05
2026-04-29 09:40:00,-0.00025382599051937405,-1.4521817601642509e-05
2026-04-29 09:45:00,-0.0003391807395356494,-2.3525395405392337e-05
2026-04-29 09:50:00,-0.0005887238759694213,-9.032763179548669e-05
2026-04-29 09:55:00,-0.0006830242476425497,-9.978785828928816e-05
2026-04-29 10:00:00,0.00015100434330328483,-2.5927416755015695e-05
2026-04-29 10:05:00,0.00022327438544600398,9.367852440753528e-05
2026-04-29 10:10:00,-5.255965522188433e-05,-4.130565354721034e-05
2026-04-29 10:15:00,-0.0015242202820875406,-3.361875792610781e-05
2026-04-29 10:20:00,-0.001364503202994527,-0.0008101947175032524
2026-04-29 10:25:00,0.0005167166712300997,-0.0004388758861923578
2026-04-29 10:30:00,0.0018130346355427207,2.682535299024805e-06
2026-04-29 10:35:00,0.002707475222116784,-0.00013766414541128765
2026-04-29 10:40:00,0.0010348196935350273,-5.043516386991502e-05
2026-04-29 10:45:00,0.000728229417877202,-3.974707496604116e-05
2026-04-29 10:50:00,-0.0005859614307688332,-4.4219527540742255e-05
2026-04-29 10:55:00,7.215677702809842e-05,-5.476845120900808e-05
2026-04-29 11:00:00,0.0011033609928787769,-0.00011211211671978869
2026-04-29 11:05:00,-0.0001224830821779932,-9.830886849488711e-05
2026-04-29 11:10:00,-0.0017266304694771861,0.00012474976359696594
2026-04-29 11:15:00,-0.0026304095141522765,-8.186942905789525e-05
2026-04-29 11:20:00,-0.001488492913354733,-5.284869397152562e-05
2026-04-29 11:25:00,-0.0013676624532141801,-8.152835117507021e-05
2026-04-29 11:30:00,-0.0017026278700758013,-8.377999384352012e-05
2026-04-29 11:35:00,-0.0020283515584580414,-9.29622094455133e-05
2026-04-29 11:40:00,-0.0008908627914525624,0.008702551817277202
2026-04-29 11:45:00,0.0005744404844705286,-0.0001079120877472045
2026-04-29 11:50:00,0.0021159713237803857,-9.968028165103322e-05
2026-04-29 11:55:00,0.0028650456862475693,-8.538225125472764e-05
2026-04-29 12:00:00,0.0018898153802968665,-6.486179594876878e-05
2026-04-29 12:05:00,0.0013811869676221278,-0.0003282819314139997
2026-04-29 12:10:00,0.0008117673889938004,-0.0002507059675825374
2026-04-29 12:15:00,0.0005314827070623807,-0.0021712950151414187
2026-04-29 12:20:00,-0.00024064019157421512,-0.001151958112603275
2026-04-29 12:25:00,-0.001223372919076482,-8.360499891531579e-06
2026-04-29 12:30:00,-0.0009888276417324704,8.501956874171695e-05
2026-04-29 12:35:00,-0.0009105814121976863,-3.437753447877356e-05
2026-04-29 12:40:00,0.0007311398006635272,-4.170246389736803e-05
2026-04-29 12:45:00,-0.0001181996875647684,-0.0006586742452988618
2026-04-29 12:50:00,0.0001642286022036643,0.0002477952899264266
2026-04-29 12:55:00,-0.0003655030796565484,0.0002701939945821515
2026-04-29 13:00:00,2.845675722262797e-05,0.00020783105020963775
2026-04-29 13:05:00,-0.0002145974444864862,-7.452448517589055e-05
2026-04-29 13:10:00,-0.0008212275732635277,-8.274229688755394e-05
2026-04-29 13:15:00,-0.0001510489697071904,5.585937595624131e-05
2026-04-29 13:20:00,0.00024962938924488753,5.644789131230636e-05
2026-04-29 13:25:00,0.0005431806866358357,-0.0002789861011242201
2026-04-29 13:30:00,-0.0008782871994075236,-0.0002563118863681795
2026-04-29 13:35:00,-0.001509675684607359,0.00015096317233001557
2026-04-29 13:40:00,-0.0011896873270806907,-0.0008196480920871675
2026-04-29 13:45:00,-7.45037285074801e-05,-1.6046171261635883e-05
2026-04-29 13:50:00,0.0005327002437631734,1.5540273674294154e-05
2026-04-29 13:55:00,0.0007275644226396594,0.0003883504974365433
2026-04-29 14:00:00,0.0004622717341806748,0.0005678825900437818
2026-04-29 14:05:00,-0.00012712078025423068,8.00712234540534e-05
2026-04-29 14:10:00,-0.0011683050933637418,6.829812153624463e-05
2026-04-29 14:15:00,-0.002256419085458816,-6.0541030490121416e-05
2026-04-29 14:20:00,-0.0013774469404346235,-9.768547470465395e-05
2026-04-29 14:25:00,-0.0006033182686770999,-3.289064346524737e-05
2026-04-29 14:30:00,0.00017999863952056216,3.672206248152423e-05
2026-04-29 14:35:00,-0.002289703273142152,5.140664030660311e-05
2026-04-29 14:40:00,-0.002309132421329352,-2.1159888065938785e-05
2026-04-29 14:45:00,-0.0017992471744143756,-0.00018199974648289716
2026-04-29 14:50:00,0.00019577456950869987,-0.0003443841299558678
2026-04-29 14:55:00,0.000668460981493979,-5.885994719589702e-05
2026-04-29 15:00:00,-0.0009129437347841218,-7.62621759949289e-05
2026-04-29 15:05:00,-0.0018867493964496163,-0.00011278550775207058
2026-04-29 15:10:00,-0.0024627599967406155,-8.790099016018032e-05
2026-04-29 15:15:00,-0.002384180052962037,-0.0008012955167815921
2026-04-29 15:20:00,-0.0028158216480527187,-0.0012477743659868
2026-04-29 15:25:00,-0.005072239319375171,0.0007463012984930521
2026-04-29 15:30:00,-0.004001075236981677,-0.0026629711678151356
2026-04-29 15:35:00,-0.0008577960474855928,0.0004280845793629772
2026-04-29 15:40:00,0.001619903027291869,0.00033449023391027397
2026-04-29 15:45:00,0.002369420335332606,-0.00013162369267653482
2026-04-29 15:50:00,-0.00032739451773977635,-5.139057768186117e-05
2026-04-29 15:55:00,0.0007890837202833012,-0.0002942409851208296
2026-04-29 16:00:00,0.0019470806573433919,-0.00017098052070017394
2026-04-29 16:05:00,0.0037806226517975716,0.00021757048007645027
2026-04-29 16:10:00,0.0016270378812421882,0.0011132578535755732
2026-04-29 16:15:00,0.0012210605787785767,-0.0011976498006688009
2026-04-29 16:20:00,0.0007799607771108441,0.0006907938985586325
2026-04-29 16:25:00,0.0012124847720329512,-0.0003227607255561784
2026-04-29 16:30:00,-0.001415156961476427,0.0010589464472245203
2026-04-29 16:35:00,-0.0003039801599271641,-0.001859562697844479
2026-04-29 16:40:00,5.507802905668768e-05,-0.0008537301907841028
2026-04-29 16:45:00,0.0021043755624283733,-0.000758913008202044
2026-04-29 16:50:00,0.0002445130512764848,0.000810501412945418
2026-04-29 16:55:00,-0.00027762415596477297,-0.00019186401972760473
2026-04-29 17:00:00,-0.00016070180493876762,-0.00019946638684402386
2026-04-29 17:05:00,0.0008520241592027133,-0.0002034217843385293
2026-04-29 17:10:00,0.0012465012592421942,-0.00033225631845201737
2026-04-29 17:15:00,0.0004204117675961072,-0.00019182026952891445
2026-04-29 17:20:00,0.0015700488972729687,-0.00014548725947977452
2026-04-29 17:25:00,0.0021458009033832326,0.00042337063179597107
2026-04-29 17:30:00,0.0022377521037846293,0.00083355951789684
2026-04-29 17:35:00,-0.0009540496169933022,-0.0002822394851493627
2026-04-29 17:40:00,-0.0011932533167264836,-0.0006281510076081791
2026-04-29 17:45:00,0.0017484650543888591,0.0001897582569248468
2026-04-29 17:50:00,0.003168593418658716,0.0013055691221160936
2026-04-29 17:55:00,0.0025715225343905246,0.008063421305199419
2026-04-29 18:00:00,-0.00040338935292183464,0.0030307392605079483
2026-04-29 18:05:00,0.0001819495128003723,0.0014506358009035577
2026-04-29 18:10:00,-0.00019959970455296627,-0.0007406423402528898
2026-04-29 18:15:00,-0.002030377326885713,-0.00040079494749736334
2026-04-29 18:20:00,-0.002554705864566742,-0.0003085678608392501
2026-04-29 18:25:00,-0.0017476495713211193,-0.0012707446612407307
2026-04-29 18:30:00,-0.0011234165352007608,-4.385533677957072e-05
2026-04-29 18:35:00,-0.0012688026911096273,-7.985975781713357e-05
2026-04-29 18:40:00,-0.001105933345575849,9.782432593022914e-05
2026-04-29 18:45:00,-9.899149671177554e-05,-5.130175108414997e-05
2026-04-29 18:50:00,0.0013698858188835317,-0.00037942662096234034
2026-04-29 18:55:00,0.0011235128654352167,-0.00019960688788700726
2026-04-29 19:00:00,0.0009169460842723964,-0.000260611085219227
2026-04-29 19:05:00,0.0005118511218160648,0.00026051671715146844
2026-04-29 19:10:00,-0.0007276108855922558,-0.00040854708810410847
2026-04-29 19:15:00,-0.0011941744187833336,-0.0017677346950931698
2026-04-29 19:20:00,-0.00176072443995956,-0.00022756566255284345
2026-04-29 19:25:00,-0.0005411053197743598,-6.072804447336347e-05
2026-04-29 19:30:00,-0.00013424133310735442,0.0002359201944430617
2026-04-29 19:35:00,-0.0003322694141374427,0.00045286532524605095
2026-04-29 19:40:00,0.0004905265780088541,0.0004513185502493539
2026-04-29 19:45:00,-0.0005261356340504619,4.090966175316332e-05
2026-04-29 19:50:00,-0.002364278261589803,0.0001223904974568447
2026-04-29 19:55:00,-0.004810054376452655,2.003696702208873e-05
2026-04-29 20:00:00,-0.002032292538354241,-0.004890463739277055
2026-04-29 20:05:00,0.0004896198486488146,-0.00046917216186111063
2026-04-29 20:10:00,0.0017243153653012655,-9.831595577589144e-05
2026-04-29 20:15:00,-0.0023725537277048403,-0.0017793778795855458
2026-04-29 20:20:00,-0.001714719306658452,0.0008955877769686298
2026-04-29 20:25:00,-0.002889524178936398,-0.00014168846138868193
2026-04-29 20:30:00,0.0017346824743995626,0.00021293331733576027
2026-04-29 20:35:00,0.0010331560079315238,0.000113290679214628
2026-04-29 20:40:00,0.0040932359890355485,0.00023508173839168628
2026-04-29 20:45:00,0.0018528940218267564,-0.00023426089748756655
2026-04-29 20:50:00,0.0015697655851170111,0.00011754928268696186
2026-04-29 20:55:00,0.002275594253795532,-0.00014623601703183647
2026-04-29 21:00:00,0.002214552667455294,0.00023310416386078473
2026-04-29 21:05:00,0.001292324062204031,-0.0005014522699226002
2026-04-29 21:10:00,-0.0013330373002649054,0.0001759425176814587
2026-04-29 21:15:00,-0.001857603390122975,0.0018806985491258141
2026-04-29 21:20:00,-0.0008033781933054485,7.004507339252778e-05
2026-04-29 21:25:00,-0.0007178482477652182,-0.00012619390131680963
2026-04-29 21:30:00,0.0017234609504424014,-0.00040139559766151265
2026-04-29 21:35:00,0.0013290763776758752,-6.535211977946648e-06
2026-04-29 21:40:00,0.0014483791913928457,-0.0002347155241697168
2026-04-29 21:45:00,7.916820609032982e-05,-0.00022398665064617278
2026-04-29 21:50:00,0.0010198139284014474,2.8071044235691522e-05
2026-04-29 21:55:00,4.179135337523121e-05,-2.5464962956890224e-05
2026-04-29 22:00:00,-0.0004971042679571269,1.0538130588583675e-05
2026-04-29 22:05:00,-0.0017039356231531855,-8.080655540062843e-06
2026-04-29 22:10:00,-0.0006732732775613925,0.00011258416335926704
2026-04-29 22:15:00,-0.00024864483194342313,4.597128521180975e-05
2026-04-29 22:20:00,0.0004641979194452972,-0.0006104111796684191
2026-04-29 22:25:00,0.000162859281138239,-0.0002571880278273491
2026-04-29 22:30:00,-0.00042261799264764477,0.0004526334846439886
2026-04-29 22:35:00,-0.0009132008763206301,-0.0004973367564451207
2026-04-29 22:40:00,0.0008314892935370466,0.0008016805362689532
2026-04-29 22:45:00,0.0016058782983847664,-0.00034764599693560194
2026-04-29 22:50:00,-0.0005857676255622835,0.0009977240067887048
2026-04-29 22:55:00,-0.0003958610579388733,0.0005501556147006402
2026-04-29 23:00:00,-0.0005958538861179363,0.00033340295871621433
2026-04-30 00:00:00,0.0022399185568335866,-9.285446139136735e-05
2026-04-30 00:05:00,0.0006860596041473599,0.0003251853620302201
2026-04-30 00:10:00,0.0005057290411638604,-8.966177902636484e-05
2026-04-30 00:15:00,1.0989192130494985e-05,4.6477165534283176e-05
2026-04-30 00:20:00,-0.00013629488959310265,0.00020841416599028253
2026-04-30 00:25:00,-0.0001450960824396219,-0.0001503016774840002
2026-04-30 00:30:00,0.00034499921783393006,0.0007849128481572833
2026-04-30 00:35:00,0.0004681612010646319,9.689799583324912e-05
2026-04-30 00:40:00,0.0008504906216977304,-0.0008599350989024486
2026-04-30 00:45:00,0.0003931979011273512,-0.00012441635154404195
2026-04-30 00:50:00,0.00025706573883788053,0.00040952621251568155
2026-04-30 00:55:00,0.00025698273854501963,-0.0006316049009629974
2026-04-30 01:00:00,-0.000369030442609386,-5.9766902567941226e-05
2026-04-30 01:05:00,-0.00017356705609117284,-0.0001295385711143521
2026-04-30 01:10:00,-0.0003668245664218972,0.00032193691596443715
2026-04-30 01:15:00,0.0003316942687945357,-9.105120925156111e-05
2026-04-30 01:20:00,0.0007972809409864112,-0.0002766072987761634
2026-04-30 01:25:00,0.0006413058260150706,-0.000339730641209108
2026-04-30 01:30:00,0.0010777956502519004,-0.0009317659307730887
2026-04-30 01:35:00,0.0006935345739407239,8.725734149958807e-05
2026-04-30 01:40:00,0.0017439397046441485,-0.001417311673867316
2026-04-30 01:45:00,0.0003421930660323369,-0.0008154107304763777
2026-04-30 01:50:00,0.0008640503002528277,0.0013205996990988092
2026-04-30 01:55:00,-0.0008946231119981718,0.00017374809152018357
2026-04-30 02:00:00,0.0004714204203573047,-7.45357135573224e-05
2026-04-30 02:05:00,-0.00014907213584436363,-0.0014856509445240788
2026-04-30 02:10:00,0.0011488306870006681,-0.00025335293942247545
2026-04-30 02:15:00,0.0006859033977892892,-5.211807341983212e-05
2026-04-30 02:20:00,0.0009028613866526314,0.0005422514395153922
2026-04-30 02:25:00,0.0007490981603126556,-0.0002029413035993232
2026-04-30 02:30:00,0.001954324591162404,2.548647860304594e-05
2026-04-30 02:35:00,0.001748617582661538,-0.0007142499096909123
2026-04-30 02:40:00,0.0006172555962393744,0.00019425369790325916
2026-04-30 02:45:00,-0.0012075975092891156,-3.850638750331009e-05
2026-04-30 02:50:00,-0.0016150107566872407,0.00022002137370671866
2026-04-30 02:55:00,-0.00020789816128718996,-0.000514927216612242
2026-04-30 03:00:00,0.0005602265562600905,4.8766525531177664e-05
2026-04-30 03:05:00,0.0007356128906330639,-5.186159824503336e-05
2026-04-30 03:10:00,0.002500662535656062,0.0007872754529924675
2026-04-30 03:15:00,0.0013904559262023497,0.0007224640462811271
2026-04-30 03:20:00,0.001395301254914827,-0.0007885673368265089
2026-04-30 03:25:00,-0.0009107936218839541,0.00014187297531559361
2026-04-30 03:30:00,0.00032328810493886806,0.0004836803015557473
2026-04-30 03:35:00,0.001343160078359773,0.00012915453163941728
2026-04-30 03:40:00,0.0006596983539282064,-0.0007296120078054713
2026-04-30 03:45:00,-0.00029707166198456036,4.8796057304321734e-05
2026-04-30 03:50:00,-0.001085308158229381,0.0003552784581002173
2026-04-30 03:55:00,8.297758518160947e-05,-6.3516705986347554e-06
2026-04-30 04:00:00,-0.00033649654971590337,6.637082958004455e-05
2026-04-30 04:05:00,-0.0002818923517668992,6.928210216425307e-07
2026-04-30 04:10:00,-0.0016018097533958553,-0.0009488432874482541
2026-04-30 04:15:00,-0.0017367229305822462,0.0007541825613542652
2026-04-30 04:20:00,-0.0025822447916041824,0.00017131164279466515
2026-04-30 04:25:00,-0.0021850418771904856,0.002417548708455021
2026-04-30 04:30:00,-0.0012223253301133497,-0.00021690778163888433
2026-04-30 04:35:00,2.410258938567722e-05,-0.00022215678908255808
2026-04-30 04:40:00,0.0005280878194700023,0.0004632458499064976
2026-04-30 04:45:00,0.0010559316071514502,-0.0008759870693117095
2026-04-30 04:50:00,0.0007206181419157076,0.0009432464294453217
2026-04-30 04:55:00,0.0001248596699401361,0.0009099667156920583
2026-04-30 05:00:00,-0.0002912556533480881,0.00034176035098927885
2026-04-30 05:05:00,-0.0004226704733429898,-0.0007075758670393796
2026-04-30 05:10:00,-0.0004162595416392634,-0.0007758322236081924
2026-04-30 05:15:00,-0.0010978982161340411,-1.6307040200125128e-05
2026-04-30 05:20:00,-0.0013633984484240358,3.745370851054794e-05
2026-04-30 05:25:00,-0.00039670320436258066,-0.00011024127465236204
2026-04-30 05:30:00,-0.00043642600695115163,0.00046567039728105875
2026-04-30 05:35:00,-0.0003575969087332709,5.827314278011256e-05
2026-04-30 05:40:00,-0.001232756375284083,-0.00021338018578129597
2026-04-30 05:45:00,-0.001073233465429979,-0.00014310636542992346
2026-04-30 05:50:00,-0.0008209820635318721,-0.0004195055777868043
2026-04-30 05:55:00,-0.00013609115494261914,0.00018508343983791194
2026-04-30 06:00:00,-0.00021961707654938323,0.0002458821602504375
2026-04-30 06:05:00,-0.0007777006815707921,0.00031829536352414933
2026-04-30 06:10:00,-0.0018302488248576054,-0.0007719525828578471
2026-04-30 06:15:00,-0.0026039390472067936,5.354941603329379e-05
2026-04-30 06:20:00,-0.0016672829356316754,-0.00021387573700292183
2026-04-30 06:25:00,-0.0005125424527037126,0.0007667643546072625
2026-04-30 06:30:00,0.001302817085683472,4.219150783151489e-06
2026-04-30 06:35:00,0.0010737145611141585,-0.0005100543702815335
2026-04-30 06:40:00,-0.0005128052871903321,-0.0003193147930084294
2026-04-30 06:45:00,-5.718269653165464e-05,0.00027566612584756624
2026-04-30 06:50:00,0.0011450512952713154,-0.001218762485123125
2026-04-30 06:55:00,0.0024186626918023535,-5.160930590065313e-05
2026-04-30 07:00:00,0.0015910972255568367,0.00024301252654765956
2026-04-30 07:05:00,0.000974787336454952,-0.0005128247898323272
2026-04-30 07:10:00,0.00043693387294929664,-0.00015228256568346432
2026-04-30 07:15:00,0.001838473751375247,-0.00020039196184677596
2026-04-30 07:20:00,0.0019182565756441505,-0.0004375295453186726
2026-04-30 07:25:00,0.001853198722795213,-0.00046064866376652414
2026-04-30 07:30:00,0.0010427849434435643,0.0005178897913307211
2026-04-30 07:35:00,-2.190215867869938e-05,7.585709125026761e-05
2026-04-30 07:40:00,-0.00022351755363203551,-0.002346197920613775
2026-04-30 07:45:00,-0.0009397724865163326,0.0017543034247361744
2026-04-30 07:50:00,-6.789974058207804e-05,0.0001197338104292947
2026-04-30 07:55:00,0.0007404843719331922,0.0017866418493090019
2026-04-30 08:00:00,0.0010317307375355966,-2.244671825059845e-06
2026-04-30 08:05:00,0.0011405417824139619,-0.00022142694682465085
2026-04-30 08:10:00,0.0008230903565511483,0.0006902859028977873
2026-04-30 08:15:00,0.002108339654899538,-0.0009454297444922089
2026-04-30 08:20:00,0.0010889769504576208,0.0004867904201637009
2026-04-30 08:25:00,0.0010869292914961193,-0.0006555148474303503
2026-04-30 08:30:00,0.0003058210883111201,4.1948451130963355e-05
2026-04-30 08:35:00,0.0018079673376885097,-0.0012366372470608978
2026-04-30 08:40:00,0.0032776826339500076,-0.00012707788841936156
2026-04-30 08:45:00,0.0017043307427595522,-0.00038380894856714787
2026-04-30 08:50:00,0.0023380813769779962,0.0012480685011280039
2026-04-30 08:55:00,0.00030060709789836437,-0.0003166964927474362
2026-04-30 09:00:00,0.00039021243092740576,0.00012419338030890376
2026-04-30 09:05:00,-0.001472375800167569,0.00035825164716672496
2026-04-30 09:10:00,5.662600485401015e-05,0.0006181352011495151
2026-04-30 09:15:00,0.00017216824148746923,0.0015481248955100616
2026-04-30 09:20:00,0.00047505628566923974,0.0004038051090722099
2026-04-30 09:25:00,0.0010665831824923089,-0.0002927721638849184
2026-04-30 09:30:00,0.0025246328209291846,7.379235109442959e-05
2026-04-30 09:35:00,0.0022545274173566554,-0.00019874213195962174
2026-04-30 09:40:00,0.0005915718584326157,9.203450932844782e-05
2026-04-30 09:45:00,0.005771774718898115,-0.000244273719293449
2026-04-30 09:50:00,0.004296921010348953,0.00015942612815757044
2026-04-30 09:55:00,0.004239491710114507,1.7314353569837813e-06
2026-04-30 10:00:00,-0.0027289338933247365,7.430816012090122e-06
2026-04-30 10:05:00,-0.0009506290783338756,0.0003610037103087097
2026-04-30 10:10:00,-0.0002988222527893214,-0.002640322972113594
2026-04-30 10:15:00,0.0005372861546248942,-0.00024975633414227414
2026-04-30 10:20:00,0.0001148164076081315,0.0005503790328726904
2026-04-30 10:25:00,-0.0004744012938964204,0.001986811342086254
2026-04-30 10:30:00,8.879773290004778e-05,-0.000556178623496697
2026-04-30 10:35:00,0.00012563303905466228,0.0006899376916649036
2026-04-30 10:40:00,0.0002946318531353853,-0.00012923352768821672
2026-04-30 10:45:00,-1.9491509823055253e-05,0.00013965776685046267
2026-04-30 10:50:00,0.0005932944906703597,-0.00020657446358162237
2026-04-30 10:55:00,0.00044395021123655454,0.000161234849375704
2026-04-30 11:00:00,-0.00027508737446702014,0.0004260705764902801
2026-04-30 11:05:00,-9.524984691466898e-05,-0.0013218359852270926
2026-04-30 11:10:00,0.0016614389976528088,0.00137339890413706
2026-04-30 11:15:00,0.001794285391753192,3.78920918352922e-05
2026-04-30 11:20:00,0.0011013133570401124,-0.0007312013104333156
2026-04-30 11:25:00,-0.0013367222019624592,0.0006096674377708728
2026-04-30 11:30:00,-0.00012110490943761931,-0.0005182062819402138
2026-04-30 11:35:00,0.0003567471187260196,0.00012302659176574975
2026-04-30 11:40:00,0.0011897269574259184,0.0003238037386891605
2026-04-30 11:45:00,-4.325446603559158e-06,-7.695950467659467e-05
2026-04-30 11:50:00,-8.646909918752499e-06,-0.0001392674965152698
2026-04-30 11:55:00,0.0003393534376971985,0.0006471450223078996
2026-04-30 12:00:00,0.001160711038727058,0.0005880398232389897
2026-04-30 12:05:00,0.0017667391204607696,0.000517700089956803
2026-04-30 12:10:00,0.00370162271401675,-0.00034008232341568926
2026-04-30 12:15:00,0.0013772709334372024,-0.0010613178929633424
2026-04-30 12:20:00,0.0008326107788558801,0.0002213166013019612
2026-04-30 12:25:00,-0.00153205218257213,0.00036086130133843877
2026-04-30 12:30:00,0.0002545226312395954,0.00020911408480410286
2026-04-30 12:35:00,-0.0001811309042309972,-0.00010870149549935574
2026-04-30 12:40:00,0.000715680767958915,0.00014895263383478811
2026-04-30 12:45:00,0.0010971566639526031,0.00019605710804002498
2026-04-30 12:50:00,0.0016010087833677744,0.0006334702706130603
2026-04-30 12:55:00,-0.0009464461011283731,-0.00024150605343605967
2026-04-30 13:00:00,-0.0013020638686676023,0.0007950890145030427
2026-04-30 13:05:00,-0.001611791419440678,0.0006001348559263376
2026-04-30 13:10:00,0.0002631113580076061,0.00020898105375245443
2026-04-30 13:15:00,-0.0011352992926969563,0.00034081426048695616
2026-04-30 13:20:00,-0.0016727158114839824,0.0002955608511983884
2026-04-30 13:25:00,-0.0016682622975565664,0.00029155471247535255
2026-04-30 13:30:00,0.0009627132851104392,0.00021867598383491316
2026-04-30 13:35:00,0.0002958966499946314,-0.0005373650143885762
2026-04-30 13:40:00,0.00012311055018976447,-0.00038041094100865785
2026-04-30 13:45:00,0.00015748592097608594,0.0006221782398210905
2026-04-30 13:50:00,0.00014251750722138468,0.00036158734544843073
2026-04-30 13:55:00,0.0012777265116152847,0.0003238988321781524
2026-04-30 14:00:00,-0.0005653387111959063,0.0003390396808868604
2026-04-30 14:05:00,0.0004339055125512914,0.0012708469022721118
2026-04-30 14:10:00,-0.0015736493664704199,-0.0007431122313807972
2026-04-30 14:15:00,-0.0011273154891000559,0.0005267167165647229
2026-04-30 14:20:00,-0.00044470158234943824,0.0007162668074870008
2026-04-30 14:25:00,-0.000719652263979853,0.0021116409271749372
2026-04-30 14:30:00,-7.563176840363894e-05,0.00019078175009794434
2026-04-30 14:35:00,0.0008201693030098767,0.0010635592846460254
2026-04-30 14:40:00,0.0031104492702382913,-0.00039654851759595637
2026-04-30 14:45:00,0.002760092863283603,0.0002202464277465733
2026-04-30 14:50:00,0.0010867667820377847,0.00020252358053575144
2026-04-30 14:55:00,0.0003189160329757357,0.0014836479801653665
2026-04-30 15:00:00,-0.00037073440322465956,0.00215728279170704
2026-04-30 15:05:00,-0.0009940005022972542,0.00018797658550967527
2026-04-30 15:10:00,-0.0017725645362691722,0.0007049267146586222
2026-04-30 15:15:00,-0.0020803847149686305,-0.0014682154871160093
2026-04-30 15:20:00,-0.002349852487741444,0.0009220507587327413
2026-04-30 15:25:00,-0.0017757121013897148,0.0013460157420775525
2026-04-30 15:30:00,-0.0022990628959398407,0.0003843734252148346
2026-04-30 15:35:00,-0.002398736834621218,0.0009396270088147591
2026-04-30 15:40:00,-0.0030294358950868627,0.0017931157523830234
2026-04-30 15:45:00,0.00045893704925425993,-5.245386951458832e-05
2026-04-30 15:50:00,0.001578877592484318,-0.0004924472056781625
2026-04-30 15:55:00,0.0020581577444129806,0.0003766007705041833
2026-04-30 16:00:00,0.0004219496081674379,0.0018364653941725952
2026-04-30 16:05:00,0.00046084794672651697,0.0004991239028781847
2026-04-30 16:10:00,0.00016014196402913683,0.0030809083846960166
2026-04-30 16:15:00,-0.0011537509546037938,0.0005898002629403823
2026-04-30 16:20:00,-0.00219796727872712,-0.0001977038069846182
2026-04-30 16:25:00,-0.0008356172580086252,-0.00035510909332247295
2026-04-30 16:30:00,0.0004309182848558635,-0.0005848533265109841
2026-04-30 16:35:00,0.0018431548063766456,0.000523636591023058
2026-04-30 16:40:00,0.0006083811728068156,0.0006217734874657413
2026-04-30 16:45:00,-0.000511059246353085,-0.00015711858552381046
2026-04-30 16:50:00,0.0005364969474808134,-0.00033454417603249206
2026-04-30 16:55:00,0.00010388576038522501,0.0007327262436237749
2026-04-30 17:00:00,0.000673417467394799,0.0003373115355562996
2026-04-30 17:05:00,-0.000694472266872026,-4.2589763894554215e-05
2026-04-30 17:10:00,0.0004457205492531813,-0.00025575141145423995
2026-04-30 17:15:00,0.0006686379834217604,0.000529075097135912
2026-04-30 17:20:00,-0.0011108597961992928,0.004399321640437961
2026-04-30 17:25:00,-0.0015305600788408924,-0.005442701111183553
2026-04-30 17:30:00,-0.0017861961055452014,-0.0008392762405155767
2026-04-30 17:35:00,-0.00017551177436381238,-0.00015529504542465607
2026-04-30 17:40:00,-2.3832040447757663e-05,0.0006514681486309409
2026-04-30 17:45:00,4.334032558617196e-06,0.00026255078939773355
2026-04-30 17:50:00,-0.00016470572974824904,-0.0003079638017631427
2026-04-30 17:55:00,-0.0007846078555502345,0.0002606321700769218
2026-04-30 18:00:00,-0.001372659998658321,-0.013506079008075092
2026-04-30 18:05:00,-0.0006504192181004953,0.0002675830607659633
2026-04-30 18:10:00,-0.0009045799038691626,0.0007652995968434417
2026-04-30 18:15:00,0.0009586751064443177,-0.0001882494907928531
2026-04-30 18:20:00,-1.735030482485911e-05,-0.0010849818860551928
2026-04-30 18:25:00,0.0002885999774822068,-2.7987160056112286e-07
2026-04-30 18:30:00,0.0001213955284580237,1.2811927493425185e-05
2026-04-30 18:35:00,0.0010989810063328775,0.0005350703587805556
2026-04-30 18:40:00,-0.0002864297420437367,0.0010934751901052514
2026-04-30 18:45:00,0.0008363614001911657,-0.00021732731827549918
2026-04-30 18:50:00,0.00027942974852201985,0.0005726698092198195
2026-04-30 18:55:00,0.0017541790919910483,-0.0004626838070354864
2026-04-30 19:00:00,0.00021006378869969922,0.00017249113110274193
2026-04-30 19:05:00,0.0005023439212692438,0.0003156763233233687
2026-04-30 19:10:00,0.00043752302025623635,-0.00024597675781698583
2026-04-30 19:15:00,-7.146004790925531e-05,0.0001609815887034904
2026-04-30 19:20:00,-0.0004525313141208187,0.0006128222412462793
2026-04-30 19:25:00,2.598544382337309e-05,6.738184740572895e-05
2026-04-30 19:30:00,-0.00032921525776785643,6.721899526853221e-05
2026-04-30 19:35:00,-0.00029241381311351233,0.00027236554223587415
2026-04-30 19:40:00,-0.00024039112401119667,-1.0506487320834237e-05
2026-04-30 19:45:00,0.0015519937139263362,-5.6923256147729015e-05
2026-04-30 19:50:00,0.0013400692389922142,0.00028756712653630993
2026-04-30 19:55:00,0.0008162284853554524,0.0003840310217529478
2026-04-30 20:00:00,9.299981731203388e-05,0.0015595780085924471
2026-04-30 20:05:00,-9.519606068586484e-05,-0.0007266695806400541
2026-04-30 20:10:00,0.00011685883466050484,0.0004172400020851975
2026-04-30 20:15:00,-0.0008308164114101402,0.0012615827195113763
2026-04-30 20:20:00,-0.00018825525303967083,-0.0001544317844166935
2026-04-30 20:25:00,-0.0001103663189070403,0.0007563746100840929
2026-04-30 20:30:00,0.00030298177579979324,0.00024061387739307815
2026-04-30 20:35:00,0.0006900960675562118,1.8338931564612464e-05
2026-04-30 20:40:00,0.0003397161779759017,0.0002543710081995342
2026-04-30 20:45:00,0.0006575873703305035,-1.2941742743426398e-05
2026-04-30 20:50:00,0.0003394649675563244,0.0005520861553461828
2026-04-30 20:55:00,0.00041096720627464833,0.000136133458346364
2026-04-30 21:00:00,-0.0006143117522405817,-7.453022105728975e-05
2026-04-30 21:05:00,-0.0012589774095221884,0.00033052187126490166
2026-04-30 21:10:00,-0.0013654951716350894,0.000501951755867528
2026-04-30 21:15:00,-0.0007532630932587381,0.0002559169074360948
2026-04-30 21:20:00,0.00024456465989430853,-0.002398970058754029
2026-04-30 21:25:00,0.001017265461959127,0.00045999628798596554
2026-04-30 21:30:00,0.0004741024344880884,3.353680923157609e-05
2026-04-30 21:35:00,-0.0009742854387546629,-0.001780723758515693
2026-04-30 21:40:00,-0.0012879890861974275,0.0002592475902405574
2026-04-30 21:45:00,-0.0006949940144362898,7.649182881212067e-05
2026-04-30 21:50:00,0.00010613492357869347,0.00022229676151392394
2026-04-30 21:55:00,-2.3827187904501557e-05,0.0004528282664870131
2026-04-30 22:00:00,0.0003313190752081141,0.00013823761106983854
2026-04-30 22:05:00,8.66324036046251e-05,0.0003824339410451916
2026-04-30 22:10:00,-1.9495394214530393e-05,-0.0002548707426743537
2026-04-30 22:15:00,-5.196436112164804e-05,0.002091095046876671
2026-04-30 22:20:00,3.681649899434092e-05,-0.0005653890762737056
2026-04-30 22:25:00,0.00024041663668938895,0.0002869127304121142
2026-04-30 22:30:00,5.412948423533237e-05,0.0003387313803793649
2026-04-30 22:35:00,0.0007685055975823474,0.00029333696019913884
2026-04-30 22:40:00,6.713306100003535e-05,0.0003036896050598384
2026-04-30 22:45:00,-0.0005609235677574986,-0.00013070223562764292
2026-04-30 22:50:00,0.001669193185813711,0.0009360684832394656
2026-04-30 22:55:00,0.002884625701748078,-0.0007972674639053407
2026-04-30 23:00:00,0.003337081541973319,-4.8734313505624684e-05
2026-05-01 00:00:00,0.0003650348497608036,0.0003837509893189218
2026-05-01 00:05:00,-0.00013172428183416685,0.0015414314302197103
2026-05-01 00:10:00,-1.5113942936295643e-05,4.127177479877072e-05
2026-05-01 00:15:00,-0.0005400396304313659,0.00042606579212823485
2026-05-01 00:20:00,-6.26291050611627e-05,0.000583831471556992
2026-05-01 00:25:00,0.0001986221673178079,0.0004865405583124638
2026-05-01 00:30:00,0.0007818828222134755,0.0001731239681267761
2026-05-01 00:35:00,-0.00012095006288959098,0.0002553966777111782
2026-05-01 00:40:00,-0.0003778477620759446,-6.414575877142418e-05
2026-05-01 00:45:00,-0.00044918391813020264,0.00174895890288208
2026-05-01 00:50:00,-4.752009885145014e-05,0.012036085903467419
2026-05-01 00:55:00,-0.00010798273150669502,0.00032967940156074585
2026-05-01 01:00:00,0.00010583553383902711,0.00041076313250728615
2026-05-01 01:05:00,0.00019870539183486358,1.540795959468038e-05
2026-05-01 01:10:00,0.00013173736771143751,0.0013413015722660941
2026-05-01 01:15:00,0.000606718180751642,-9.259852746638038e-05
2026-05-01 01:20:00,0.0006368870043136354,0.0003490761717213471
2026-05-01 01:25:00,2.5913505039554252e-05,0.0006979191115626867
2026-05-01 01:30:00,-0.00030007437320200836,-0.00040851644736145305
2026-05-01 01:35:00,-0.00031299546627927555,0.0014230247477203864
2026-05-01 01:40:00,-0.0008987269360982708,0.0006954720081320137
2026-05-01 01:45:00,-0.0007386960407433918,0.00015905376248293856
2026-05-01 01:50:00,-0.0010562730961769518,-0.00024095932908138308
2026-05-01 01:55:00,-0.0008779024319096607,0.00010373800304776429
2026-05-01 02:00:00,-0.00040197617211568115,8.798054617949696e-05
2026-05-01 02:05:00,-0.0007631979009570244,0.0005816360331259329
2026-05-01 02:10:00,0.00020548960132593663,-5.193477142645254e-05
2026-05-01 02:15:00,-0.0009645371186248752,0.0002672974836561499
2026-05-01 02:20:00,-0.0004910895471734733,0.0005178916053013673
2026-05-01 02:25:00,-0.00053868879261465,-0.0005018321966868606
2026-05-01 02:30:00,0.00014495622671972797,0.0005177382884286731
2026-05-01 02:35:00,0.0006597783167947568,0.0004620051718369979
2026-05-01 02:40:00,-0.0003527928568995975,0.000322465546001066
2026-05-01 02:45:00,-0.000989148666135975,7.50613888462556e-05
2026-05-01 02:50:00,-0.0012983389579197535,-0.0009251582800742283
2026-05-01 02:55:00,-0.00012772871304633782,0.0005997209593147757
2026-05-01 03:00:00,-0.0006498640929688548,0.00028461435622681707
2026-05-01 03:05:00,-0.000682303352535385,0.0005044707487735145
2026-05-01 03:10:00,-0.0005262411453603733,8.796611446581498e-05
2026-05-01 03:15:00,0.0010136035988725922,0.0005127095498833499
2026-05-01 03:20:00,0.001316536141551694,-0.000567055752211338
2026-05-01 03:25:00,0.0007989979389115831,2.327301549029956e-05
2026-05-01 03:30:00,6.493956293773806e-05,-0.0001961155489116985
2026-05-01 03:35:00,-0.00039391296764357264,0.00020323198653063543
2026-05-01 03:40:00,9.739511365580711e-05,9.863612225179314e-05
2026-05-01 03:45:00,0.0010773811596145322,-7.020497737500066e-05
2026-05-01 03:50:00,0.0014969091194956263,7.36175550113776e-05
2026-05-01 03:55:00,0.002250429795893183,-0.00017192421224273408
2026-05-01 04:00:00,0.0019743470981019584,-6.308084221382589e-07
2026-05-01 04:05:00,0.000805931526484116,0.0004653462712735497
2026-05-01 04:10:00,-0.0003174771178571234,0.0004292010470760472
2026-05-01 04:15:00,-0.0009996470761546306,0.00014012164589110546
2026-05-01 04:20:00,-0.0003477888978071775,-6.330428486545162e-05
2026-05-01 04:25:00,-0.0011995475578405745,-0.00015386851023167268
2026-05-01 04:30:00,-0.0018226618279513218,0.0010165555831649015
2026-05-01 04:35:00,-0.0018424893516879592,3.932798518363046e-05
2026-05-01 04:40:00,-0.0010819069446981189,-5.019944241404074e-06
2026-05-01 04:45:00,-0.0004956983657962155,0.00016649588796505528
2026-05-01 04:50:00,-0.00015802387925134553,0.00014033811286599083
2026-05-01 04:55:00,0.0003961137612584764,0.0001904690966785795
2026-05-01 05:00:00,0.0005238310786239708,-0.00015225342864930413
2026-05-01 05:05:00,0.0010169771126236071,-0.001847771723742615
2026-05-01 05:10:00,0.001306279409421407,0.00020110055826035785
2026-05-01 05:15:00,0.0020364360339772958,0.0008090071814661423
2026-05-01 05:20:00,0.0013809992718023523,0.0011893413103586466
2026-05-01 05:25:00,-0.00011455558390061071,0.00013519062290080864
2026-05-01 05:30:00,-0.0007972182045374865,-2.0399634510877548e-05
2026-05-01 05:35:00,-0.0009053225586672653,0.0001271159076844986
2026-05-01 05:40:00,0.00013400711554645284,1.4881727331834865e-05
2026-05-01 05:45:00,-0.0003350645030515409,-0.00010828099998906055
2026-05-01 05:50:00,-0.0011095431572858416,0.00010589229332707745
2026-05-01 05:55:00,-0.0011461244950936589,0.00012100331333366066
2026-05-01 06:00:00,-0.00047144208082805505,0.0006579449225143404
2026-05-01 06:05:00,0.00012767094670351753,-1.4651564789549607e-05
2026-05-01 06:10:00,-0.0008442143680138514,5.477040713742354e-05
2026-05-01 06:15:00,-0.0018814925413792594,-2.245391836402443e-05
2026-05-01 06:20:00,-0.0011929519828139945,-0.00016768334947353715
2026-05-01 06:25:00,-0.0009056166177785485,0.001713789781286235
2026-05-01 06:30:00,-0.0007479504880301135,7.411561729447178e-05
2026-05-01 06:35:00,-0.0011531676535518898,8.360115944568939e-05
2026-05-01 06:40:00,-0.0009194545506936436,9.691094374539823e-05
2026-05-01 06:45:00,-0.00036225243316678757,7.833534137194188e-05
2026-05-01 06:50:00,0.0004965453340570747,0.0003123379067702925
2026-05-01 06:55:00,0.001103677482634069,0.0002320526699274054
2026-05-01 07:00:00,0.0010495205478910918,-0.0002965112904839662
2026-05-01 07:05:00,0.0003706220315446984,0.0003544773983688602
2026-05-01 07:10:00,9.101527546029331e-05,-0.00017010445687121097
2026-05-01 07:15:00,0.00017120152086036455,0.0003529112414663734
2026-05-01 07:20:00,-0.0008649985092930024,-0.0011459511280720264
2026-05-01 07:25:00,-0.0011035769802507644,0.000636462223980655
2026-05-01 07:30:00,-0.0006394464995764793,9.549523302612159e-05
2026-05-01 07:35:00,-0.0005597209351595467,0.00029202932422234176
2026-05-01 07:40:00,-0.0009354162035926095,-0.0001471255343216643
2026-05-01 07:45:00,-0.0014451371272325986,3.658527622661533e-05
2026-05-01 07:50:00,-0.0010769335361366927,0.0002563703752811349
2026-05-01 07:55:00,-0.0007972048293609646,-0.0002785572843919393
2026-05-01 08:00:00,-0.001723439524312198,9.883822705905545e-05
2026-05-01 08:05:00,-0.0009280480903761656,-0.0006405305171524111
2026-05-01 08:10:00,-0.0017290976571775474,0.0013939032398516953
2026-05-01 08:15:00,-0.0004373087523816821,0.0007853691124065084
2026-05-01 08:20:00,-0.001420907596122234,-0.0002938718649986526
2026-05-01 08:25:00,-3.700708468379332e-05,0.00021492976644568056
2026-05-01 08:30:00,-0.0005594247431215393,0.0004803499645724834
2026-05-01 08:35:00,3.483963967276793e-05,0.00022469850901742154
2026-05-01 08:40:00,0.0001741390461145187,0.00026898465115967723
2026-05-01 08:45:00,8.70939787489533e-06,9.600340119911258e-05
2026-05-01 08:50:00,0.00021118933420005703,-0.0005546507305896555
2026-05-01 08:55:00,0.00030902214324335375,8.774187955901133e-05
2026-05-01 09:00:00,0.0007095610378708983,-0.00019852541388499877
2026-05-01 09:05:00,-0.0005226116765868483,-0.0006153915596009733
2026-05-01 09:10:00,-0.0009382425947244144,7.48890745393577e-05
2026-05-01 09:15:00,-0.0021650829075881006,0.0004768684456215935
2026-05-01 09:20:00,-0.0012662878213749451,-2.394531731860774e-05
2026-05-01 09:25:00,-0.0013337752169064743,-0.0030698649333585843
2026-05-01 09:30:00,-0.00043401595199199505,0.0013573277949975782
2026-05-01 09:35:00,-0.0011958356671151193,-0.0005249851332976408
2026-05-01 09:40:00,-0.001407622561893973,0.00014407280677207032
2026-05-01 09:45:00,-0.0005171392496290395,0.0005942583328755447
2026-05-01 09:50:00,6.550440026842352e-06,0.00014029502674470944
2026-05-01 09:55:00,-0.001061937720795214,0.0005653773228204393
2026-05-01 10:00:00,-0.0020624870758929603,-0.002832678066959613
2026-05-01 10:05:00,-0.002494451087983407,0.0016600983811641574
2026-05-01 10:10:00,-0.0015118186159579494,-0.0005742701085289053
2026-05-01 10:15:00,-5.905324526622735e-05,6.328681550058627e-05
2026-05-01 10:20:00,0.00043768944444622093,-0.00010886242639014051
2026-05-01 10:25:00,0.0009038653440267552,1.8393792053953673e-05
2026-05-01 10:30:00,-0.00020780766272565643,-0.0004215421525850809
2026-05-01 10:35:00,-0.00039391187825366103,-0.0007136559201770228
2026-05-01 10:40:00,-0.0004988851770466596,0.0005517920361566381
2026-05-01 10:45:00,-0.0011097674895825804,-0.001387377372667178
2026-05-01 10:50:00,-0.00045538039279691134,0.0018915194834725224
2026-05-01 10:55:00,-0.0006984196077848281,0.00016731231686533155
2026-05-01 11:00:00,0.000512353421203926,-1.873485789513405e-05
2026-05-01 11:05:00,0.0007967796515995218,6.9165315923951434e-06
2026-05-01 11:10:00,0.000659023333792419,0.000165705515936166
2026-05-01 11:15:00,0.0006696047831518115,-0.00029092598040923067
2026-05-01 11:20:00,0.0003522193684872832,0.00433201627557871
2026-05-01 11:25:00,0.00039170504892105384,0.001530549941503159
2026-05-01 11:30:00,-0.0006608488866017836,-3.565283234334887e-05
2026-05-01 11:35:00,-0.002224782709484785,-0.002020780790082655
2026-05-01 11:40:00,-0.001852651287720164,0.0002328414573924352
2026-05-01 11:45:00,-0.0010731682706381918,-0.00034917988220701585
2026-05-01 11:50:00,0.0011108203136220851,0.002639437359862955
2026-05-01 11:55:00,0.0010231054000815476,0.00015894512765636146
2026-05-01 12:00:00,0.0012460815200530106,-0.00035239363659069915
2026-05-01 12:05:00,0.001017716005028646,-0.0008169194219320986
2026-05-01 12:10:00,0.0011817305848076387,-0.0012767466020651014
2026-05-01 12:15:00,0.000450747131932161,-0.001982201547316888
2026-05-01 12:20:00,-0.0006739842350267367,-9.084778762612133e-05
2026-05-01 12:25:00,-0.00043532713114657895,0.0007139060405167986
2026-05-01 12:30:00,-0.0004770105098419464,0.0004134803132009722
2026-05-01 12:35:00,-0.00020578699367490572,0.0001452201148318494
2026-05-01 12:40:00,-0.0005756227225681698,7.112449068892678e-05
2026-05-01 12:45:00,-0.00035243371163318216,-0.00021109149731220222
2026-05-01 12:50:00,-8.757832786088215e-06,-0.0006697185110980083
2026-05-01 12:55:00,-0.000427006526548368,0.0004714308002020816
2026-05-01 13:00:00,0.0009650662125686438,-0.0007624342956299565
2026-05-01 13:05:00,0.0013215648899400634,-0.0002031560632381533
2026-05-01 13:10:00,0.0011951590918375388,-0.0012644560671433273
2026-05-01 13:15:00,0.0007368496187254436,-4.018711620844162e-05
2026-05-01 13:20:00,0.0005945719257418602,0.00011490370830268028
2026-05-01 13:25:00,0.0009970613756316027,0.0005733097359578
2026-05-01 13:30:00,-0.00019235939789652434,-1.2405685535686839e-05
2026-05-01 13:35:00,0.0005374335710737199,-0.005056443483878716
2026-05-01 13:40:00,0.0005483971537767474,-7.907946149527986e-05
2026-05-01 13:45:00,0.0008478521224564162,0.0004872735622214761
2026-05-01 13:50:00,-0.0005374335710737199,-7.566501571853868e-05
2026-05-01 13:55:00,0.00142311804683537,-0.00011668594173136331
2026-05-01 14:00:00,0.0021077720413469336,0.00027249559422230226
2026-05-01 14:05:00,0.0046916917692332305,-0.00047502195662561163
2026-05-01 14:10:00,0.004016135220338057,-9.480085554280842e-05
2026-05-01 14:15:00,0.002070711934486269,-0.0012753081321456238
2026-05-01 14:20:00,8.482326859571288e-05,-0.0017664779207242532
2026-05-01 14:25:00,-0.002425166355418895,-0.0003989019590169983
2026-05-01 14:30:00,-0.0010076028068652931,0.0005142206289237192
2026-05-01 14:35:00,-0.00102270856935327,0.00015608688074967675
2026-05-01 14:40:00,-0.00023303855151013408,-4.540844724550394e-05
2026-05-01 14:45:00,1.524129694807641e-05,-0.00047145716916691344
2026-05-01 14:50:00,0.0006659673530400312,-0.0002502775808644815
2026-05-01 14:55:00,0.0001132591632231339,-0.0008918516989832282
2026-05-01 15:00:00,-0.00026348940696330203,0.0006348105345824679
2026-05-01 15:05:00,-0.0007966012104727582,0.0006623053531939531
2026-05-01 15:10:00,-0.0005271998187588167,5.540607583184988e-05
2026-05-01 15:15:00,0.0015603258304999201,0.0002782497951324083
2026-05-01 15:20:00,0.0023379410461998873,0.00019149634921211423
2026-05-01 15:25:00,0.004107844703048258,-0.00030515525437652965
2026-05-01 15:30:00,0.0005499946334808214,-8.446809192885876e-05
2026-05-01 15:35:00,0.002878480103371217,0.0002032583734148591
2026-05-01 15:40:00,0.003961353338114648,0.00045540912525411404
2026-05-01 15:45:00,0.007239056953682876,-0.00017547998341994254
2026-05-01 15:50:00,0.003930136063088341,-0.000453168922764964
2026-05-01 15:55:00,0.00644875086282326,-0.00045532450461669127
2026-05-01 16:00:00,0.004312397756416786,0.0012008986368415343
2026-05-01 16:05:00,0.0031386175576439967,-0.0008148933092382757
2026-05-01 16:10:00,-0.0026128400936897833,6.233657876498754e-05
2026-05-01 16:15:00,-0.002499485056784323,0.001349879808941174
2026-05-01 16:20:00,-0.002325552397550723,-0.0005892406833025738
2026-05-01 16:25:00,-0.0023800706284671236,-1.111138952504869e-05
2026-05-01 16:30:00,-0.002706565879227796,0.0006709069694494911
2026-05-01 16:35:00,-0.001685094864361858,0.0012248502069799614
2026-05-01 16:40:00,-6.90721026685992e-05,-0.00088765821730913
2026-05-01 16:45:00,-0.0009290367853775905,0.00035426530075658667
2026-05-01 16:50:00,-0.0009311480474316625,-0.00025628439957413676
2026-05-01 16:55:00,0.000843647931695557,0.00028448785702960157
2026-05-01 17:00:00,0.002778058377423065,0.00023153749398973196
2026-05-01 17:05:00,0.0020491080381752624,0.00041497808386212654
2026-05-01 17:10:00,0.00029327600285178335,0.00022672339463985887
2026-05-01 17:15:00,-0.00021989109012388042,0.0010435207023706688
2026-05-01 17:20:00,0.0011598028342039157,-0.001293625657037506
2026-05-01 17:25:00,0.001264845128156722,0.0016234179175344974
2026-05-01 17:30:00,0.0013595316342964736,-0.00036005236817521566
2026-05-01 17:35:00,0.0009367762877410257,0.0005596874417758955
2026-05-01 17:40:00,-7.752538960303923e-05,-0.00015856072791966828
2026-05-01 17:45:00,-9.904763553514329e-05,0.00016022746738030382
2026-05-01 17:50:00,-0.0014281270164424598,0.00014436631450124885
2026-05-01 17:55:00,7.752538960303923e-05,-0.0002911930172311258
2026-05-01 18:00:00,0.0006909756915884913,0.000603995367078035
2026-05-01 18:05:00,0.0008963180460490605,-0.0006286831266954501
2026-05-01 18:10:00,-0.0011484211550349954,-0.0003060318061007879
2026-05-01 18:15:00,-0.0022102170097735296,-5.446851867308861e-05
2026-05-01 18:20:00,-0.0005988927127020816,0.00021097057061698242
2026-05-01 18:25:00,5.3895397668313194e-05,-0.0002963209997881873
2026-05-01 18:30:00,0.00042475800752228565,8.638238452020002e-05
2026-05-01 18:35:00,0.00016376169262777296,5.050850346775267e-05
2026-05-01 18:40:00,-4.311524920197485e-06,7.938007392063085e-05
2026-05-01 18:45:00,-5.820489634089654e-05,0.0005529115419695963
2026-05-01 18:50:00,-0.0004956768460928629,-0.0005623343777470071
2026-05-01 18:55:00,0.0002823656222439297,-0.0004208337813831884
2026-05-01 19:00:00,-2.5869930304622812e-05,-0.00010953381697848047
2026-05-01 19:05:00,-0.000793594355373628,6.905190892900919e-05
2026-05-01 19:10:00,-0.0017947013685013502,6.91188735554626e-05
2026-05-01 19:15:00,-0.0017499289713658328,-3.1825093974225063e-05
2026-05-01 19:20:00,-0.0009583279207543427,0.00025186920277370315
2026-05-01 19:25:00,-0.0007969995227341542,-0.00015592252407721033
2026-05-01 19:30:00,-0.0006221673225859092,-9.903314305426356e-05
2026-05-01 19:35:00,-0.00014037285212076256,0.00027077616097623595
2026-05-01 19:40:00,0.0004774120469797083,0.00038878533344243626
2026-05-01 19:45:00,-0.0007133762670417099,4.4341860164944915e-05
2026-05-01 19:50:00,-0.001307493419179906,4.3256256208097375e-05
2026-05-01 19:55:00,-0.0031430071309657137,0.00010921951563442714
2026-05-01 20:00:00,-0.0011706068693158045,0.0001659543807723968
2026-05-01 20:05:00,-0.0003763561844696284,-8.475762059943914e-05
2026-05-01 20:10:00,0.0014461882045289087,0.0003637618764098273
2026-05-01 20:15:00,-0.00027066793432339864,1.9303228670954244e-05
2026-05-01 20:20:00,-0.0010064750740585993,0.00018333005528932086
2026-05-01 20:25:00,-4.326784745600776e-06,2.6455920006512823e-06
2026-05-01 20:30:00,0.001577504127535434,-2.977054209276218e-05
2026-05-01 20:35:00,0.001454193179188934,-0.0007267270468831076
2026-05-01 20:40:00,0.0005125937028616079,2.4464120871211113e-05
2026-05-01 20:45:00,-0.0008522789241585116,0.0004033095752844504
2026-05-01 20:50:00,-0.00033739213504269117,1.7966810719166442e-05
2026-05-01 20:55:00,0.00036752148252361394,-4.2925062727195305e-05
2026-05-01 21:00:00,0.0013754000234893482,-0.0020708648852543177
2026-05-01 21:05:00,0.0008238150017518819,-0.0009875350523448282
2026-05-01 21:10:00,-0.0003977939782338069,-0.0001550058598296818
2026-05-01 21:15:00,-0.0018516080314832095,0.0004349433517407675
2026-05-01 21:20:00,-0.0020402364057847677,-8.611218475861648e-05
2026-05-01 21:25:00,-0.002804176268005776,0.00044668315197586475
2026-05-01 21:30:00,-0.000771071849682059,0.00011073901558510889
2026-05-01 21:35:00,-0.0015128497556826659,-0.000147630515296446
2026-05-01 21:40:00,-0.00021035944434366627,-0.00014032443163503638
2026-05-01 21:45:00,-0.0012857192637554249,0.00026991834220544444
2026-05-01 21:50:00,4.337999575554363e-05,0.00010211025587106828
2026-05-01 21:55:00,0.00017349552316758832,0.0005003841049420909
2026-05-01 22:00:00,0.00028634026964091674,-0.0005339146721049875
2026-05-01 22:05:00,0.00023855634488612054,-0.0004211174222699023
2026-05-01 22:10:00,0.00048562739025648227,-0.0002546263550384738
2026-05-01 22:15:00,0.0009062036543099339,0.00015652255036244507
2026-05-01 22:20:00,0.00010624768948375163,0.00022104426569470842
2026-05-01 22:25:00,6.502147878428843e-05,-0.0007345576102151728
2026-05-01 22:30:00,-0.00029258365663054064,0.00020125618710015395
2026-05-01 22:35:00,0.000808413613672343,9.861226406593945e-05
2026-05-01 22:40:00,4.3345303867070584e-05,0.000216662103745975
2026-05-01 22:45:00,0.0026323381300432658,-0.00019070078620524145
2026-05-01 22:50:00,0.0013076821684823159,-0.00017943983981512848
2026-05-01 22:55:00,0.0017647248091225975,9.133143500199422e-05
2026-05-04 00:00:00,-0.0008478260907232027,6.167008544428213e-05
2026-05-04 00:05:00,-0.0010195854353050038,-0.00039709688535286626
2026-05-04 00:10:00,-0.0003462034499133182,-0.0016701713016541969
2026-05-04 00:15:00,0.00034397529774388147,8.806762689322789e-05
2026-05-04 00:20:00,0.0018479094027359366,-0.0003475734080676875
2026-05-04 00:25:00,0.001595865792964446,0.00045331478041802016
2026-05-04 00:30:00,0.0006940803444166477,0.00018530678251569023
2026-05-04 00:35:00,-0.0012330031024401222,0.00024888683233193816
2026-05-04 00:40:00,-0.001978993046764188,-1.6757045416393888e-05
2026-05-04 00:45:00,-0.001505532466204329,-0.00013457435883142038
2026-05-04 00:50:00,-0.0009918315479175988,1.1189972038852291e-05
2026-05-04 00:55:00,-0.0007580286421315918,-0.00019476283396311874
2026-05-04 01:00:00,-0.0006929602020093739,-0.00011898939096290504
2026-05-04 01:05:00,0.00010182714742157373,0.0002527725477015049
2026-05-04 01:10:00,0.0003227738650508627,-1.2253585963571043e-05
2026-05-04 01:15:00,0.0003118915162634295,2.8652485023278393e-05
2026-05-04 01:20:00,-0.00020583153303377344,-0.00029208423323268785
2026-05-04 01:25:00,-0.0007410184358640493,-9.917392395974713e-05
2026-05-04 01:30:00,-0.0006932244093302842,-2.473180169293531e-05
2026-05-04 01:35:00,0.0002686558772708736,-0.00014531826916202296
2026-05-04 01:40:00,-8.020158781896214e-05,0.00035583349765501833
2026-05-04 01:45:00,-0.0012859032747432053,-3.2786104940607115e-05
2026-05-04 01:50:00,-0.00012565263562080986,0.0011946141739413193
2026-05-04 01:55:00,-5.419390363137211e-05,0.00022641525404326203
2026-05-04 02:00:00,-0.0001453915755735835,-0.00035376527087680745
2026-05-04 02:05:00,-0.002414294308673348,-5.052620456941394e-05
2026-05-04 02:10:00,-0.0013753399842890701,0.0026230559449667633
2026-05-04 02:15:00,0.00016492017683766846,-0.0006341572724332313
2026-05-04 02:20:00,0.00047985218868085155,-0.0007187301705624592
2026-05-04 02:25:00,-9.551969232468593e-05,-0.0014143969917990358
2026-05-04 02:30:00,0.0001930956382665272,-2.7861560836638384e-05
2026-05-04 02:35:00,0.0006640308215413171,-0.0008454652631404327
2026-05-04 02:40:00,0.0015835796975434135,-2.5656558752154387e-05
2026-05-04 02:45:00,-0.0016827034043078726,-0.00020936334728115675
2026-05-04 02:50:00,-0.0022782046142015844,0.0002847812799770232
2026-05-04 02:55:00,-0.0027500899118795274,0.0019299271896031174
2026-05-04 03:00:00,-0.0004694907198814491,0.0009169293445519953
2026-05-04 03:05:00,-0.00018048009929749753,0.00037276989353833974
2026-05-04 03:10:00,-0.001357209403424875,-3.182968912951144e-06
2026-05-04 03:15:00,-0.0001326275808608557,0.00041777558637297606
2026-05-04 03:20:00,0.0004609206754508932,0.00017302815388577344
2026-05-04 03:25:00,0.001548462612390722,-5.876126116333174e-05
2026-05-04 03:30:00,0.0005108456998446087,-0.00018727841930723152
2026-05-04 03:35:00,0.0012382153904209048,-0.00017833709371663697
2026-05-04 03:40:00,0.0025436635939968255,0.00015439865180807275
2026-05-04 03:45:00,0.0024701124760611037,-0.0001886862260570459
2026-05-04 03:50:00,0.0005230653484282755,-0.00047481402406788207
2026-05-04 03:55:00,-0.0011733615765763261,0.0010131048688033
2026-05-04 04:00:00,-0.001635930067605429,-0.0002198048327675011
2026-05-04 04:05:00,-0.002224376071927381,0.001350849070286424
2026-05-04 04:10:00,-0.003345448021974562,1.1120586637139028e-05
2026-05-04 04:15:00,-0.0020432435546098304,3.298951740427699e-05
2026-05-04 04:20:00,0.0005478642129510547,4.521917384865178e-05
2026-05-04 04:25:00,0.0024531190603180875,0.00018533002052304728
2026-05-04 04:30:00,0.0019824412684261716,-0.0004998964807557042
2026-05-04 04:35:00,0.0018348967671784067,0.00015655830831755421
2026-05-04 04:40:00,0.00034313065796531816,3.991971983751776e-05
2026-05-04 04:45:00,0.00011942956112953595,-0.00019594071869456808
2026-05-04 04:50:00,-0.0002017824119846523,0.00034247248566011626
2026-05-04 04:55:00,0.0010330243136777995,-7.835340445175944e-05
2026-05-04 05:00:00,0.0007705205735799581,-0.0006751744467874385
2026-05-04 05:05:00,0.0003254353811694699,0.00015885475683948265
2026-05-04 05:10:00,-0.0002234421158640032,-0.00018956042332423566
2026-05-04 05:15:00,-0.0001822667478901252,0.00020885184635040152
2026-05-04 05:20:00,-0.0018172842363135544,-0.0002811618132647527
2026-05-04 05:25:00,-0.0007010210669360362,0.00023372126245691435
2026-05-04 05:30:00,0.00043825203230341003,-5.6318977561415393e-05
2026-05-04 05:35:00,0.0025740542739818295,-1.1134667369273548e-05
2026-05-04 05:40:00,0.002034425423635966,0.00044725525756125143
2026-05-04 05:45:00,8.676319071199146e-06,-0.015379095052454796
2026-05-04 05:50:00,-0.0006005986652990458,-6.066917516460843e-05
2026-05-04 05:55:00,-0.0008562099039224336,-0.0006434456847062449
2026-05-04 06:00:00,0.00023423216418372306,-0.0011893722270172157
2026-05-04 06:05:00,-0.000258129732229051,-0.0002470803788355508
2026-05-04 06:10:00,-0.0006963463790992108,-6.0275084163047714e-05
2026-05-04 06:15:00,-5.638421070131017e-05,-0.0004109443885850706
2026-05-04 06:20:00,0.00018872324443108823,0.0001886382577039976
2026-05-04 06:25:00,0.0002603731596018122,6.316987288861419e-05
2026-05-04 06:30:00,-0.0007267733860931713,-6.745790075043666e-05
2026-05-04 06:35:00,-0.0007116943833533895,2.0975649267653308e-05
2026-05-04 06:40:00,-0.0007357290071272615,0.00011454627828668063
2026-05-04 06:45:00,-0.0007120992029268081,-0.00013181337328479532
2026-05-04 06:50:00,-0.0001628061709304518,0.0002079757038917628
2026-05-04 06:55:00,-0.0004473447126134289,0.00022561004686773187
2026-05-04 07:00:00,0.0014301978128834492,-0.00015932395534410385
2026-05-04 07:05:00,-0.00041256096716324464,-0.00013865145143861143
2026-05-04 07:10:00,-0.0015651088336774421,0.0006858661178118178
2026-05-04 07:15:00,-0.0033845611311846824,-0.00042458438787980747
2026-05-04 07:20:00,-0.0016824042781014015,-0.0003119302222047645
2026-05-04 07:25:00,0.0004958828774093149,-0.0013376184696857565
2026-05-04 07:30:00,0.00020235273196256287,3.19192541340875e-05
2026-05-04 07:35:00,0.0003915094697433119,0.001765100791386146
2026-05-04 07:40:00,-3.261631794693187e-05,-0.0003959314422319369
2026-05-04 07:45:00,-0.0005244608890890845,0.00015265848608157241
2026-05-04 07:50:00,-0.00035670242044183453,-0.00011326127256738132
2026-05-04 07:55:00,-0.0002674939422053768,0.004103247899117421
2026-05-04 08:00:00,0.000561445672030203,-0.0003074437089440459
2026-05-04 08:05:00,-0.0009097320182736013,0.0002933597647196325
2026-05-04 08:10:00,-0.0007071374393206042,0.0019490811346560204
2026-05-04 08:15:00,-0.0014630293843858055,-0.0005025081912613349
2026-05-04 08:20:00,-0.001322545449641055,-3.230664152860144e-06
2026-05-04 08:25:00,-0.0019128629486839799,-4.787591443271237e-05
2026-05-04 08:30:00,0.00021784831308302444,0.00030019874153215876
2026-05-04 08:35:00,0.0003967293856295129,-5.036874115303074e-05
2026-05-04 08:40:00,0.0005777303642453546,0.0001732089528102246
2026-05-04 08:45:00,-0.0005665043565361572,0.0002917633414362241
2026-05-04 08:50:00,0.0006579621277342795,-0.0013864292100080687
2026-05-04 08:55:00,0.0007777735807454889,-0.00016162050267718077
2026-05-04 09:00:00,3.4871075101250426e-05,-0.00028846516022867013
2026-05-04 09:05:00,-0.0007429623184904699,0.0004992298315626369
2026-05-04 09:10:00,-0.0012224873798700742,-0.0002448204243803327
2026-05-04 09:15:00,-0.0004926666882578701,0.000307787232750148
2026-05-04 09:20:00,-0.0005603102128510784,-0.0009476913189797229
2026-05-04 09:25:00,0.0004054823005841257,7.461310865374877e-05
2026-05-04 09:30:00,0.0003357372734793529,-0.0001901298710112513
2026-05-04 09:35:00,-0.0006981016283127417,-1.546093833260021e-05
2026-05-04 09:40:00,-0.0020399777113428996,-0.00045209145998643664
2026-05-04 09:45:00,-0.002798346393550588,-7.383968014360726e-05
2026-05-04 09:50:00,-0.000790315403163433,0.00032802460398202894
2026-05-04 09:55:00,0.00033628272522356895,0.004192437043502166
2026-05-04 10:00:00,0.000271009226899821,0.0002843601252266285
2026-05-04 10:05:00,-0.00022498293610162534,0.00036399511085634834
2026-05-04 10:10:00,-0.001133768393630774,-0.000658226337756667
2026-05-04 10:15:00,0.0003539498214770731,0.0005199821493062686
2026-05-04 10:20:00,0.0003298120647183822,5.7331781840775536e-06
2026-05-04 10:25:00,0.0007144894162944837,0.0017469713775706084
2026-05-04 10:30:00,-0.0001398170583453151,-7.354645747682783e-05
2026-05-04 10:35:00,-0.0003057823465102416,0.00040488036639679364
2026-05-04 10:40:00,-0.00042601022413357725,-0.0009023875421173816
2026-05-04 10:45:00,0.0008233284114815831,0.0005582155599355908
2026-05-04 10:50:00,0.0005503409195064535,-4.689013533600105e-06
2026-05-04 10:55:00,0.0017007716518762095,-0.0003864410733279173
2026-05-04 11:00:00,0.0004168653748912732,-2.9111520030342274e-05
2026-05-04 11:05:00,0.00013535492483462974,-0.0007291924771880806
2026-05-04 11:10:00,-0.0005826088164919696,-0.0002164661713857921
2026-05-04 11:15:00,-3.9278326225300475e-05,0.00019706928815945595
2026-05-04 11:20:00,0.0006721368968118924,-1.1535414452686364e-05
2026-05-04 11:25:00,-1.3096233304921157e-05,0.00022522344044825624
2026-05-04 11:30:00,-0.00013312135777177048,-0.0004927802434117948
2026-05-04 11:35:00,-0.0010149260466345567,-0.0006036019764599307
2026-05-04 11:40:00,-0.0012252561520700311,0.0008286819581139138
2026-05-04 11:45:00,-0.004942376467415244,0.0003543853677984213
2026-05-04 11:50:00,-0.006775037254197258,-0.00015461195116445457
2026-05-04 11:55:00,-0.007383231609196628,0.0009291042963991519
2026-05-04 12:00:00,-0.004594485037248575,-0.0007377085431753817
2026-05-04 12:05:00,-0.002602115741126454,0.0004382274229991534
2026-05-04 12:10:00,0.0006360574338781788,0.0017298669904551823
2026-05-04 12:15:00,0.004302736794167927,-2.847083089457997e-05
2026-05-04 12:20:00,0.0054518210633585085,0.000956244670851085
2026-05-04 12:25:00,0.0029592742709354525,-0.0030281723685792444
2026-05-04 12:30:00,0.0018214841469728071,0.0008756682538657351
2026-05-04 12:35:00,0.00010522646718413853,1.6498861539350586e-05
2026-05-04 12:40:00,0.0011006262840851377,-0.0006204685035957304
2026-05-04 12:45:00,-0.000889504346234915,0.0005297946080920727
2026-05-04 12:50:00,0.0011436234387840472,-7.123943935679311e-05
2026-05-04 12:55:00,0.0005082469751496177,0.00041564471297588277
2026-05-04 13:00:00,0.0013821157328930411,-0.00025856180056142524
2026-05-04 13:05:00,-0.0006308029147241712,-0.0009850352659153743
2026-05-04 13:10:00,-0.0009137153240388329,0.0003428070228736785
2026-05-04 13:15:00,-0.0025313167918881163,0.0024764142581094944
2026-05-04 13:20:00,-0.0022965900153995022,-8.026959000190664e-05
2026-05-04 13:25:00,-0.0017091564681575022,-0.00046804607613458145
2026-05-04 13:30:00,-0.00028970176284204285,-0.0003067968039094192
2026-05-04 13:35:00,0.001169792281304538,-0.00015157333061703885
2026-05-04 13:40:00,0.001421941584506925,-0.0007087626068765754
2026-05-04 13:45:00,0.0016164287032758295,-0.0008618382634192886
2026-05-04 13:50:00,0.00039693548784569543,0.0005140742155704649
2026-05-04 13:55:00,0.0006926832325397925,-0.00021401387275672796
2026-05-04 14:00:00,0.0022043919433105685,0.0006583508075779989
2026-05-04 14:05:00,0.002527040001474745,-0.0003831949973031924
2026-05-04 14:10:00,0.001029369985108275,-0.0008014530322580533
2026-05-04 14:15:00,-0.001512122982328279,6.3537340642394034e-06
2026-05-04 14:20:00,-0.0008226671506523786,0.00010778719814568006
2026-05-04 14:25:00,0.00037644093057842554,-0.0014743961384104192
2026-05-04 14:30:00,0.0008690389567718171,3.104176785054553e-05
2026-05-04 14:35:00,0.0007592408394287986,0.00066114720731136
2026-05-04 14:40:00,-0.0005099801918664326,-0.0005420913617084131
2026-05-04 14:45:00,-0.0010245386641543064,0.000641110088957227
2026-05-04 14:50:00,0.00034988814870295926,-0.0007476773898556213
2026-05-04 14:55:00,-0.00032626106210287276,0.00021960025803910733
2026-05-04 15:00:00,-8.761611879393172e-05,0.0006943688673651457
2026-05-04 15:05:00,-0.002500012247859118,0.0001913378867584299
2026-05-04 15:10:00,-0.00114604151659492,-0.0002417189626882964
2026-05-04 15:15:00,0.0009458480823738569,0.0006193106521553988
2026-05-04 15:20:00,0.0009223607390875799,0.006898444078363818
2026-05-04 15:25:00,0.0009072998809998012,-0.0006732505405947031
2026-05-04 15:30:00,-0.0017150089351662956,0.002880155751096142
2026-05-04 15:35:00,-0.0005081790651981777,-0.004027193728252742
2026-05-04 15:40:00,-0.0002344165066237025,-0.0007004896490254423
2026-05-04 15:45:00,-0.0004604647266699402,-0.0008491365782347782
2026-05-04 15:50:00,-0.002070430441499127,-0.0033537298655422925
2026-05-04 15:55:00,-0.0007255057213448879,0.0003304708329253675
2026-05-04 16:00:00,0.002886459961001009,0.0026869983131344315
2026-05-04 16:05:00,0.004864409782523893,-0.000739902249552247
2026-05-04 16:10:00,0.0021924429761757125,-0.0009470896331768626
2026-05-04 16:15:00,0.0006012092137677172,-6.349898551757187e-05
2026-05-04 16:20:00,0.0006836307830191402,0.000478459572247968
2026-05-04 16:25:00,0.0008682008341658332,-0.00010545837633668518
2026-05-04 16:30:00,-0.0009730466857078568,-0.00021420599000262683
2026-05-04 16:35:00,-0.0019954131802979447,0.0006635677976146341
2026-05-04 16:40:00,-0.002961979181201002,0.0003142250505577105
2026-05-04 16:45:00,-0.0023216400323224917,-0.0008244735479869185
2026-05-04 16:50:00,-0.002874440291554592,-0.0026448229511975576
2026-05-04 16:55:00,-0.0029861714250358773,-5.043070860348953e-05
2026-05-04 17:00:00,-0.0044017937536402485,0.006119303817948223
2026-05-04 17:05:00,-0.008084706088391513,-6.991971650735115e-05
2026-05-04 17:10:00,-0.0020185151071654417,0.004500999037510362
2026-05-04 17:15:00,-0.0013443942994957325,-0.0007138856933627445
2026-05-04 17:20:00,0.002875685011655804,5.685487744008772e-05
2026-05-04 17:25:00,-0.0007494500710087948,0.0010623218621213255
2026-05-04 17:30:00,-0.0025947168486002425,-0.010093827766731364
2026-05-04 17:35:00,-0.0013197563677067592,0.00039926224027599506
2026-05-04 17:40:00,-0.003047665154944923,-0.0005329108741427442
2026-05-04 17:45:00,1.5477839603761367e-05,-0.00020445009266184023
2026-05-04 17:50:00,-0.0040340525626110235,1.571544683360432e-05
2026-05-04 17:55:00,-0.0027220302897141835,0.0032518816666640407
2026-05-04 18:00:00,0.0001017055580749826,-0.00034992724491325974
2026-05-04 18:05:00,0.0026395756576604867,-0.0006950331243112144
2026-05-04 18:10:00,0.0013098914175628806,0.0004222267560068231
2026-05-04 18:15:00,-0.0011171171137203117,9.419132851279307e-05
2026-05-04 18:20:00,-0.001795127961571552,-0.001362223230476234
2026-05-04 18:25:00,-0.0004851911559988764,-0.00036863177782239554
2026-05-04 18:30:00,-0.0018409867214259634,-0.0005824897049791916
2026-05-04 18:35:00,-0.0009619733162544719,-0.00043472396971871877
2026-05-04 18:40:00,-4.875367869594527e-05,0.0013421489954245328
2026-05-04 18:45:00,0.002608724091194503,-0.0007410798346207017
2026-05-04 18:50:00,0.0033407640434468533,-0.0012037597762110763
2026-05-04 18:55:00,0.0022225232120316463,-0.0004802182917648414
2026-05-04 19:00:00,0.0018604779855433407,-0.0010487709479938055
2026-05-04 19:05:00,0.0003601975158797899,-2.8194244061721457e-05
2026-05-04 19:10:00,0.00036699357509917263,-0.0010882797026134346
2026-05-04 19:15:00,-0.0009275967298147947,-0.00046601156716040426
2026-05-04 19:20:00,-0.00020770543025605548,0.00021245635497308145
2026-05-04 19:25:00,0.0005590746466062058,-0.0009934314880107723
2026-05-04 19:30:00,-0.0007449086284125883,-0.00042368783542121003
2026-05-04 19:35:00,-0.0005106083976702536,5.100436703948279e-05
2026-05-04 19:40:00,-0.000873000580350336,-0.0002454256370007941
2026-05-04 19:45:00,0.00024099555601431177,-0.0011077351216638247
2026-05-04 19:50:00,-0.0007630827585138888,-0.0002434784199892003
2026-05-04 19:55:00,-0.0005396522912466395,-0.0005529150424172971
2026-05-04 20:00:00,-0.0012121991171820667,-0.0006939422892593175
2026-05-04 20:05:00,-0.0012066373150343424,0.0010072955244552649
2026-05-04 20:10:00,-0.001667240881769061,0.0005347831724372119
2026-05-04 20:15:00,-0.0007904902447322115,-0.0008125749663289189
2026-05-04 20:20:00,0.00021708070835835258,-0.000301886646221077
2026-05-04 20:25:00,-0.00011302126917200894,-0.0008401090406457881
2026-05-04 20:30:00,0.00023034738259042342,-0.0013983596506538234
2026-05-04 20:35:00,-0.00041426627279683714,0.0012695893740831423
2026-05-04 20:40:00,0.0009635950146904548,-0.0006152795693856383
2026-05-04 20:45:00,-0.0007665534935625828,-0.0025805191501177076
2026-05-04 20:50:00,0.0010807196695310495,0.00043845196337017364
2026-05-04 20:55:00,0.0005533703716196214,-0.009069643877471764
2026-05-04 21:00:00,0.0019772194523000053,0.0003151664104044291
2026-05-04 21:05:00,0.0016078436137281216,-0.0032474911827340986
2026-05-04 21:10:00,0.000840536931359992,0.00022497555645576692
2026-05-04 21:15:00,0.0005395687561389195,0.0003291565404111511
2026-05-04 21:20:00,-0.00017901284409660434,-0.001589918518798974
2026-05-04 21:25:00,-0.000367095022022923,-0.0014882458553793594
2026-05-04 21:30:00,-0.0007010537101841408,0.0013318889258310815
2026-05-04 21:35:00,-0.0009331535515606504,-4.156700214343276e-05
2026-05-04 21:40:00,-0.0008541278568845456,-0.00023472315216872136
2026-05-04 21:45:00,-0.0009406703356624746,-0.000638175328188742
2026-05-04 21:50:00,-0.00139914966936594,-0.0002620316674166055
2026-05-04 21:55:00,-0.0005801607340778503,-0.0003291359350230459
2026-05-04 22:00:00,-0.0006534565312907858,-0.000495812605999209
2026-05-04 22:05:00,-0.00019497366809417827,-0.0005275459921193618
2026-05-04 22:10:00,0.00013510565393382024,-0.0004155237451728667
2026-05-04 22:15:00,0.0009390711859289524,-0.0001741044896348604
2026-05-04 22:20:00,0.0009213589809871081,-0.0006932377087742779
2026-05-04 22:25:00,0.0008456566518315611,-0.0020278236960197173
2026-05-04 22:30:00,0.000854142977036787,-0.0003269156927368653
2026-05-04 22:35:00,0.0009448397960429844,6.27659842345841e-05
2026-05-04 22:40:00,0.0006193991583955949,-0.00022852548513464373
2026-05-04 22:45:00,0.0003273018415619333,-0.0002370904485679416
2026-05-04 22:50:00,-0.00012607453676061198,-0.0003272778635277412
2026-05-04 22:55:00,0.00016363427334198377,-0.00022672057187661803
2026-05-04 23:00:00,-0.00029191269364048367,-8.664160058008492e-05
2026-05-05 00:00:00,-5.5300864366003566e-05,-0.0027557761015465842
2026-05-05 00:05:00,-0.0005883237808248509,0.002864203697447585
2026-05-05 00:10:00,-0.00029642279841191055,-0.0019825175822881136
2026-05-05 00:15:00,0.00016146995200827519,8.292216302644247e-06
2026-05-05 00:20:00,-3.0973999542993624e-05,-8.030999839676745e-05
2026-05-05 00:25:00,-0.00013718058517930842,0.0003835750627881672
2026-05-05 00:30:00,-0.0006571022030321672,-1.986467763743797e-05
2026-05-05 00:35:00,-0.0006905267532566484,8.918506567518481e-05
2026-05-05 00:40:00,-0.0003806640420247476,2.4923297352963912e-05
2026-05-05 00:45:00,-4.6478120433235404e-05,-0.0003715168369459645
2026-05-05 00:50:00,0.0006440639550149285,-0.00026416812566365874
2026-05-05 00:55:00,0.0006373091607603243,-0.0008787471848053108
2026-05-05 01:00:00,0.0003983138101588679,-0.0005679430182983311
2026-05-05 01:05:00,0.0004291456307399244,-0.0006547036473366661
2026-05-05 01:10:00,0.00011723835123156334,-0.00034314443328636304
2026-05-05 01:15:00,0.00028314888290026374,-0.000882396825178056
2026-05-05 01:20:00,-0.0002123377062250853,4.232102395116213e-05
2026-05-05 01:25:00,-0.0005088698332293973,-2.3419034949664474e-05
2026-05-05 01:30:00,-0.00030306080582853667,0.000230178251677658
2026-05-05 01:35:00,-0.00030973999787420325,-0.00020243439053872986
2026-05-05 01:40:00,0.0001748149234437335,0.0005233305970740196
2026-05-05 01:45:00,0.0006635171961679731,-0.00021874020033240725
2026-05-05 01:50:00,0.0015875089839969547,0.00019636670543865853
2026-05-05 01:55:00,0.0017000847504622385,0.0008781474290050168
2026-05-05 02:00:00,0.00015033604556080604,-0.0004202219686455193
2026-05-05 02:05:00,-0.0014790890713562987,-4.4621290690673035e-05
2026-05-05 02:10:00,-0.0022268350453842345,-0.0002189161876494243
2026-05-05 02:15:00,-0.0012011083492069474,-0.0003084397849649605
2026-05-05 02:20:00,0.00029201149670932125,5.296335771912792e-05
2026-05-05 02:25:00,0.0016501471401788592,-0.0008242906598648075
2026-05-05 02:30:00,0.001925941426256017,0.0007550999495779416
2026-05-05 02:35:00,0.0017259920725631872,-0.0009412942311973526
2026-05-05 02:40:00,0.001113305438975587,-0.0008187156107085429
2026-05-05 02:45:00,0.0017259916042995371,0.0007548131904659924
2026-05-05 02:50:00,0.0013063243836590743,-0.0005238861781828886
2026-05-05 02:55:00,0.002046659235624304,-0.0003171908040868435
2026-05-05 03:00:00,0.0005158946366581318,-0.0027274532837968987
2026-05-05 03:05:00,0.0006899858639268786,-4.623017973971475e-05
2026-05-05 03:10:00,-0.00015864272370080812,-0.0005162277592115935
2026-05-05 03:15:00,-0.00045855986553000605,-0.0010602852691212199
2026-05-05 03:20:00,-6.390839505066026e-05,9.352665856214961e-05
2026-05-05 03:25:00,-0.0002776853402188806,-0.0009334690852857209
2026-05-05 03:30:00,0.0009499554940646249,3.866486795283487e-05
2026-05-05 03:35:00,0.00010357362055302133,0.00010400740039709491
2026-05-05 03:40:00,0.0010596383461436432,0.0006458603587875605
2026-05-05 03:45:00,9.913127963478985e-05,-2.3589917450298967e-07
2026-05-05 03:50:00,0.0001718644654609136,1.4513975164509867e-06
2026-05-05 03:55:00,-0.0006783917091119918,0.0014836683717231315
2026-05-05 04:00:00,-0.0008109621363754371,-0.000111073869695914
2026-05-05 04:05:00,-0.00010575925237965578,-0.0025532707320043394
2026-05-05 04:10:00,0.0007070150056147639,-0.0007926113792527027
2026-05-05 04:15:00,0.001240417494484447,2.6249879062941334e-05
2026-05-05 04:20:00,0.000903000224338868,-0.00033863057129026263
2026-05-05 04:25:00,0.00060970176027908,6.531399058824888e-05
2026-05-05 04:30:00,0.0005305080784765437,-0.0001414773871254699
2026-05-05 04:35:00,-0.00016952566978467587,-0.00022492169888116154
2026-05-05 04:40:00,-0.0011845264380667686,-0.0001457212426959049
2026-05-05 04:45:00,-0.0006273947145825076,0.0011962703383621707
2026-05-05 04:50:00,-0.00018937433858035035,-0.00014409936572240767
2026-05-05 04:55:00,0.0007157274243034806,2.9249656903875064e-05
2026-05-05 05:00:00,-0.0001189191571349113,0.0005799736219624864
2026-05-05 05:05:00,-0.0005374899350041318,-0.0006012696345494728
2026-05-05 05:10:00,-0.0010131802389139466,0.00034925639335186317
2026-05-05 05:15:00,-0.0004934453378115933,-0.00045356365307728895
2026-05-05 05:20:00,4.186409812589886e-05,-0.0004643664443447955
2026-05-05 05:25:00,-0.0003614691556297345,-0.0008731466741464567
2026-05-05 05:30:00,-0.0003966950943379288,-5.5307547511469204e-05
2026-05-05 05:35:00,-0.0006964939746101351,0.0002625906329841206
2026-05-05 05:40:00,-0.0003219056844141477,-0.0005274421471542141
2026-05-05 05:45:00,-0.00031526442237606034,0.0035895921753272375
2026-05-05 05:50:00,-0.0003616628591807114,-0.0002704834094200706
2026-05-05 05:55:00,-0.0003639222922711127,-0.00030456201516901397
2026-05-05 06:00:00,-0.0009287335588492596,0.00013937585875954588
2026-05-05 06:05:00,-0.0006552957283947336,-0.003275320701184709
2026-05-05 06:10:00,-0.0007547336722311115,0.00045666376490567466
2026-05-05 06:15:00,0.0004920494399325293,-0.0006359212495288873
2026-05-05 06:20:00,0.00024495876098384883,7.925662461019621e-05
2026-05-05 06:25:00,0.00044805389756419345,-0.0009853273617396131
2026-05-05 06:30:00,0.00031099156934288885,-0.0005154023589278332
2026-05-05 06:35:00,0.0006419044709229382,-0.0008977321308498573
2026-05-05 06:40:00,0.0004015328902760018,5.1909541836724326e-05
2026-05-05 06:45:00,0.00047402090768500216,0.0006529430320908115
2026-05-05 06:50:00,0.001971663764113174,0.0005318991538288306
2026-05-05 06:55:00,0.00144154177330158,-0.0002796176322210437
2026-05-05 07:00:00,1.5429462559168883e-05,-0.0003653950346446228
2026-05-05 07:05:00,-0.0009445917325070496,0.00020388534760458436
2026-05-05 07:10:00,5.0658617096743797e-05,-0.0001750387811013181
2026-05-05 07:15:00,0.002298532725770741,-0.0019573684218718926
2026-05-05 07:20:00,0.0020246040233686813,-0.0009677334511520485
2026-05-05 07:25:00,0.0012436347870377062,0.00034307928201047523
2026-05-05 07:30:00,0.00013193917622977835,-0.00010216049506080486
2026-05-05 07:35:00,-0.0006729460555643385,-0.00015074405885846036
2026-05-05 07:40:00,4.39950109587528e-06,-0.0015940844594915012
2026-05-05 07:45:00,-0.0008997306914633185,-0.00015884994281038426
2026-05-05 07:50:00,-0.0004026646331141137,0.0003619838306584618
2026-05-05 07:55:00,-0.00047965958291484867,-0.0005716677571714207
2026-05-05 08:00:00,-0.0010877967465461325,-2.875398965636898e-05
2026-05-05 08:05:00,-0.0018724287119038507,2.5933227255970156e-05
2026-05-05 08:10:00,-0.0015130945002699292,-0.0009970420008601467
2026-05-05 08:15:00,0.0009689453788457314,0.0001369275650901501
2026-05-05 08:20:00,0.002798534963538657,-8.43266557468589e-05
2026-05-05 08:25:00,0.002104934821868909,1.3133150473431537e-05
2026-05-05 08:30:00,0.0012076645260670205,0.00017368641528958426
2026-05-05 08:35:00,0.0004945984456128372,-0.00043054751593346125
2026-05-05 08:40:00,0.0003298704298888566,0.0008913623057258043
2026-05-05 08:45:00,0.0009316982411373687,-0.000388157097563138
2026-05-05 08:50:00,0.0005031402428290477,0.00041585406794797093
2026-05-05 08:55:00,0.0012700841984365496,-0.0003549575712746265
2026-05-05 09:00:00,0.00047430518474733674,-0.0003907974333721265
2026-05-05 09:05:00,-0.00030976382404013236,-0.0008840033904203605
2026-05-05 09:10:00,-0.0010436361667434113,-0.0003790732081259166
2026-05-05 09:15:00,-0.0005116443107748836,-0.000456419527917969
2026-05-05 09:20:00,0.0005557489958878392,0.002699568739669134
2026-05-05 09:25:00,0.000516461393903711,-2.647378504568764e-05
2026-05-05 09:30:00,-0.0015541043454412318,0.0003689631307285798
2026-05-05 09:35:00,-0.0018353650219005146,-0.0006518936375740679
2026-05-05 09:40:00,-0.0012399557491100666,-0.0001954025880407898
2026-05-05 09:45:00,0.0010136291095577121,0.0017352552540696796
2026-05-05 09:50:00,0.000571852134626738,-0.0004826348307516698
2026-05-05 09:55:00,0.0012113925128502956,-0.0004669331157483228
2026-05-05 10:00:00,0.0001450342261346549,-0.0004061503091362816
2026-05-05 10:05:00,0.0008813313288129621,0.0010736805012947416
2026-05-05 10:10:00,1.538030551984093e-05,2.5630123568110724e-06
2026-05-05 10:15:00,0.00011205749659914943,2.879533467581233e-05
2026-05-05 10:20:00,-0.00038232767705181914,3.590726096441702e-05
2026-05-05 10:25:00,-0.00028347505444692445,-0.00018613981002028814
2026-05-05 10:30:00,0.00011643860458221411,-4.1971843576732456e-05
2026-05-05 10:35:00,0.001497713083653096,-7.669871887319578e-05
2026-05-05 10:40:00,0.0019563183114819083,-0.00015972153058295508
2026-05-05 10:45:00,0.0007115187271473644,6.287992132127367e-05
2026-05-05 10:50:00,0.0005791582185175059,-5.8736455665662105e-05
2026-05-05 10:55:00,-0.00026764246636545863,0.00011213464122553784
2026-05-05 11:00:00,-0.00019320192735072794,-8.861268495974307e-05
2026-05-05 11:05:00,-0.0010400919027109268,0.0011913264038076153
2026-05-05 11:10:00,-0.0011459683807739651,6.373652222054586e-05
2026-05-05 11:15:00,-0.00016249415386226929,-0.0007632009444822683
2026-05-05 11:20:00,-0.00011416878550107867,0.00036317130904255096
2026-05-05 11:25:00,0.0006960799126041195,0.00017408171018189187
2026-05-05 11:30:00,8.564210170902697e-05,-0.0002991090879662715
2026-05-05 11:35:00,-4.1718769390186594e-05,9.879731602072457e-05
2026-05-05 11:40:00,0.00023484508563065276,0.0003645685679927726
2026-05-05 11:45:00,0.00038200619578177,-0.0008348314465220926
2026-05-05 11:50:00,-0.00043046365552967814,0.00028307530999013175
2026-05-05 11:55:00,-0.0008254937513907379,-0.0003330257899210026
2026-05-05 12:00:00,-0.0007202254089779814,0.00021242913505084655
2026-05-05 12:05:00,4.393335311192459e-05,-0.002280087698512785
2026-05-05 12:10:00,-0.0010658065043003262,0.0028263015113352973
2026-05-05 12:15:00,7.028873296555105e-05,5.692400214873936e-05
2026-05-05 12:20:00,-0.00038008738073180837,0.0027309995390809084
2026-05-05 12:25:00,-0.0006224287899403436,0.00029629608835016587
2026-05-05 12:30:00,-0.0018577211221018075,-0.0009594426350379197
2026-05-05 12:35:00,-0.002100774099162095,5.812225791799998e-05
2026-05-05 12:40:00,-0.0003300664123582209,-0.00011420496805578686
2026-05-05 12:45:00,-0.0002464897235068264,0.00020467038395674287
2026-05-05 12:50:00,0.0019689181384219268,-0.014492709715250685
2026-05-05 12:55:00,0.001963390985926239,0.000627892045649646
2026-05-05 13:00:00,0.0015351695330139137,0.002977454446397937
2026-05-05 13:05:00,0.0009489750903277638,-8.465571585398257e-05
2026-05-05 13:10:00,0.0007926183716175927,-0.004871349309223827
2026-05-05 13:15:00,0.0015064840946052982,-0.00031821366513282704
2026-05-05 13:20:00,0.0005597365213976246,-8.179199669891607e-06
2026-05-05 13:25:00,0.0015680154443931116,0.0003911740180225911
2026-05-05 13:30:00,0.0011513904035442835,-3.933253827422322e-05
2026-05-05 13:35:00,0.0009563144897608566,-0.0020515944823232737
2026-05-05 13:40:00,-7.889027681429184e-05,-1.6245388069720972e-05
2026-05-05 13:45:00,-0.0011053093249753232,0.0002846307527949495
2026-05-05 13:50:00,-0.0006864359005742671,-0.0006894928412667948
2026-05-05 13:55:00,0.0005039141086449206,0.0002151237851909162
2026-05-05 14:00:00,0.0011272277096789907,6.0184461858560245e-05
2026-05-05 14:05:00,0.002957305270101074,-0.0003348461751497116
2026-05-05 14:10:00,0.0018119911469565153,-0.00045254682754551563
2026-05-05 14:15:00,0.0015768625024144,-0.00021357820842979273
2026-05-05 14:20:00,-0.0003369102734804841,-0.00016313545791129774
2026-05-05 14:25:00,-0.0013849584374270307,0.0007602066800003207
2026-05-05 14:30:00,-0.0013533224154862467,-5.335019548519846e-05
2026-05-05 14:35:00,-0.0015153110600429898,-0.00014621589101497883
2026-05-05 14:40:00,-0.0005299858210499053,-4.648993128914235e-05
2026-05-05 14:45:00,0.0023682067423624886,-0.0007455619368826885
2026-05-05 14:50:00,0.002853530990185149,-0.00013544362397885427
2026-05-05 14:55:00,0.002963872481220875,0.00015243885407927428
2026-05-05 15:00:00,0.0014942036862706232,7.246507136936202e-05
2026-05-05 15:05:00,7.210805723367741e-05,-0.0003578601827443606
2026-05-05 15:10:00,-0.0003866642393575148,0.00021794118697315113
2026-05-05 15:15:00,-8.295276936109985e-05,-0.0005687386780150695
2026-05-05 15:20:00,-0.0003780788612637309,0.00015263226040640817
2026-05-05 15:25:00,-0.0005682526166861379,0.0009310146517907678
2026-05-05 15:30:00,-0.000982859019204696,0.0002811166034928693
2026-05-05 15:35:00,0.001160008038228355,1.0437803069904225e-05
2026-05-05 15:40:00,0.0017190673216980201,0.0004283629552274824
2026-05-05 15:45:00,0.0006662654757239039,-0.0008423542970753104
2026-05-05 15:50:00,0.0007900446065924882,-0.0006005902852361845
2026-05-05 15:55:00,-0.001915845409126149,0.0007432899277768807
2026-05-05 16:00:00,-0.0019694964041772067,-0.00021955657992516896
2026-05-05 16:05:00,-0.0009581733018606542,-0.0006381004976336204
2026-05-05 16:10:00,0.0024569473502218386,0.0003811040842607791
2026-05-05 16:15:00,0.0025087370921461627,1.0418363196804282e-05
2026-05-05 16:20:00,0.0003558753862389352,-0.0012026047909786737
2026-05-05 16:25:00,-0.00048654210257836894,2.332604439500151e-05
2026-05-05 16:30:00,-0.0008843326321859024,0.00017390545310353516
2026-05-05 16:35:00,-0.0005524252810626962,-0.00046829075120992055
2026-05-05 16:40:00,9.383595953593726e-05,-0.00010869897985798569
2026-05-05 16:45:00,0.0013098436609784159,-5.7762290853471536e-05
2026-05-05 16:50:00,0.0004432745175542152,-7.766178861725477e-05
2026-05-05 16:55:00,-0.0003317386628189922,0.0001044647916104306
2026-05-05 17:00:00,-0.0011132577031354174,7.398364095961794e-05
2026-05-05 17:05:00,-0.0008233805586073117,0.0003382788057656322
2026-05-05 17:10:00,-0.0003711539217903237,-0.00012416492728475474
2026-05-05 17:15:00,-0.0001703722638080052,-2.7621292700203178e-05
2026-05-05 17:20:00,-0.00013984547098289113,0.00010007851422220057
2026-05-05 17:25:00,-0.0013744685386019029,8.803476651180538e-05
2026-05-05 17:30:00,-0.0007714068504522942,-0.00010064736603266331
2026-05-05 17:35:00,-0.0011916646120369023,-0.00028488998399146993
2026-05-05 17:40:00,-0.0009976176145549687,0.00038503543745766866
2026-05-05 17:45:00,-0.0015664965539645692,-9.182017412203284e-05
2026-05-05 17:50:00,-0.0013749107269944716,-0.00016749353821748718
2026-05-05 17:55:00,-0.0005254619259549287,-0.0002695152451781105
2026-05-05 18:00:00,-0.0005804015008070706,-0.0006332777538358644
2026-05-05 18:05:00,-0.0005741685671161179,3.863496974581377e-05
2026-05-05 18:10:00,-0.0013214427341949886,-0.0002435816168600739
2026-05-05 18:15:00,-0.0014075029673463746,0.00046113902766486644
2026-05-05 18:20:00,-0.0012546750349020641,-0.00036727842535747793
2026-05-05 18:25:00,-0.000732695584614973,0.0007845188278260449
2026-05-05 18:30:00,1.3163408357996786e-05,-0.0001808023312234214
2026-05-05 18:35:00,0.0008929110698829845,-9.367928751157285e-05
2026-05-05 18:40:00,0.0010045777122318356,-0.0003866162333705478
2026-05-05 18:45:00,0.0002325249810315455,0.0002346883388641159
2026-05-05 18:50:00,-0.0011629158459989242,-9.962240733485003e-05
2026-05-05 18:55:00,-0.0011384513686198972,0.0004063503300922881
2026-05-05 19:00:00,0.00044734880795083143,-0.00032122163072135633
2026-05-05 19:05:00,0.0010094006773027075,3.759928726344453e-05
2026-05-05 19:10:00,0.0005902261790726726,0.00020160016689718303
2026-05-05 19:15:00,0.0,4.471619845697616e-05
2026-05-05 19:20:00,0.000328932223192524,-0.00014606431007671192
2026-05-05 19:25:00,0.000355284198196415,-2.6299715768441113e-05
2026-05-05 19:30:00,0.00018195230488338154,0.0003813797138971413
2026-05-05 19:35:00,-0.0004583418850110377,0.0003403207755995426
2026-05-05 19:40:00,-0.00019736452633978274,-0.0002151447449636666
2026-05-05 19:45:00,-0.00045384635558676223,3.1169349547893816e-05
2026-05-05 19:50:00,0.00045395683365079265,7.246600278959574e-05
2026-05-05 19:55:00,0.0010565426613844409,0.00018426339879242415
2026-05-05 20:00:00,0.0005941243253815287,-0.00021816672805362476
2026-05-05 20:05:00,0.00023018920558115497,0.00014100334320026856
2026-05-05 20:10:00,-0.0004952523806505127,0.0003596688314547791
2026-05-05 20:15:00,-0.0008134475824217446,-0.0007258197023354173
2026-05-05 20:20:00,-0.0004999068260271855,0.0005315021822377797
2026-05-05 20:25:00,-0.00011179442113551374,-0.00011507508176703516
2026-05-05 20:30:00,0.00087042988723951,-1.7981749594361317e-05
2026-05-05 20:35:00,0.00038810725842175486,4.28639582029438e-05
2026-05-05 20:40:00,-5.261346423601765e-05,0.0002723544889335916
2026-05-05 20:45:00,-0.0008945583824448988,0.00029031003844263455
2026-05-05 20:50:00,-0.0007829471450104819,0.00044527108096860564
2026-05-05 20:55:00,-0.000927766944831987,7.152202774643239e-05
2026-05-05 21:00:00,-0.00012723260330638198,-0.00014638784375958113
2026-05-05 21:05:00,-0.00015139663423724414,8.829062174261708e-05
2026-05-05 21:10:00,-0.000129473274373737,-5.6729887489604733e-05
2026-05-05 21:15:00,-0.0003576541873240302,-2.487248102079499e-05
2026-05-05 21:20:00,-5.485951029449154e-05,0.0005356708551448256
2026-05-05 21:25:00,-0.00019753389965515566,-0.00015755578481727283
2026-05-05 21:30:00,0.0003839795024056514,7.65086382334442e-05
2026-05-05 21:35:00,-0.000395077341527994,5.3732863456068696e-05
2026-05-05 21:40:00,-1.3170314112187498e-05,-0.00022574804201281348
2026-05-05 21:45:00,-0.0008383628275510091,0.0001387105571788733
2026-05-05 21:50:00,0.00016902441126021017,4.7442660555185756e-05
2026-05-05 21:55:00,0.00018656327457300392,0.007147038418796133
2026-05-05 22:00:00,0.0004236585945864846,5.5192270188824164e-05
2026-05-05 22:05:00,0.00010535141290368699,5.374983310502368e-05
2026-05-05 22:10:00,0.0006516008879078328,6.145609549060234e-05
2026-05-05 22:15:00,0.0002918468329564661,-0.00022714925184202185
2026-05-05 22:20:00,-7.242790408845678e-05,0.00036163166566076713
2026-05-05 22:25:00,-0.0008206037822091616,0.0005906612888586232
2026-05-05 22:30:00,-0.00037085761796973316,-0.0006976211857586413
2026-05-05 22:35:00,-0.00024365963723127493,-0.00012444396267153915
2026-05-05 22:40:00,0.0002567853343595772,9.592906320439804e-05
2026-05-05 22:45:00,0.0008819329381246632,-0.00012025751464320895
2026-05-05 22:50:00,-0.0005248381412084058,4.293022474560158e-05
2026-05-05 22:55:00,-0.0010341273908149873,-0.0007485574663525566
2026-05-05 23:00:00,-0.0020832266143830935,-0.0002636142491584941
2026-05-06 00:00:00,-0.000760295892792584,0.00019997080763959198
2026-05-06 00:05:00,-0.000522959700077763,-0.0004838290565782339
2026-05-06 00:10:00,-0.0008639784213073654,-2.7485187718523992e-05
2026-05-06 00:15:00,2.4180155348219046e-05,0.0003748517048937574
2026-05-06 00:20:00,8.79115083325388e-05,3.604035544144371e-05
2026-05-06 00:25:00,0.00041119732663474906,-2.0365728075303876e-05
2026-05-06 00:30:00,-0.0003077910738511491,-0.0003853475912175039
2026-05-06 00:35:00,0.0021229123254435933,5.496548552579314e-05
2026-05-06 00:40:00,0.005428635501035117,7.412049287963606e-05
2026-05-06 00:45:00,0.006100741122027742,-0.0015106657555921557
2026-05-06 00:50:00,0.004308781007043905,9.325160837655763e-05
2026-05-06 00:55:00,0.003466245806274415,0.0001274596094115406
2026-05-06 01:00:00,0.0022441455363413354,0.0005727637083866185
2026-05-06 01:05:00,0.0010999300558349745,-0.0006594925015306174
2026-05-06 01:10:00,-0.001530826159873655,0.0003574889621696882
2026-05-06 01:15:00,-0.00034022730128668854,-0.0001400108767370858
2026-05-06 01:20:00,0.00047320865786204536,-0.002445165976856053
2026-05-06 01:25:00,0.0007090071470408077,0.00024048252353315116
2026-05-06 01:30:00,0.002013506861334946,0.000494379082980273
2026-05-06 01:35:00,0.0011678884338177653,-0.001299142964093064
2026-05-06 01:40:00,0.0021131294148517554,0.0006864033571066295
2026-05-06 01:45:00,0.0005114471781126895,-0.0013597101965807906
2026-05-06 01:50:00,0.0001241168921417568,3.411295053250266e-05
2026-05-06 01:55:00,-0.0007554210525206884,0.0002577362617112272
2026-05-06 02:00:00,0.00014576894777285077,-0.0024565980487445283
2026-05-06 02:05:00,0.002168469317213706,0.0002069135772047194
2026-05-06 02:10:00,0.0023297382676634726,-0.00022631828493281813
2026-05-06 02:15:00,0.0026896454065923336,0.0005602518645781302
2026-05-06 02:20:00,0.0012202776016962957,-0.0004902545995946167
2026-05-06 02:25:00,0.001725854481914979,-0.00018673883763090806
2026-05-06 02:30:00,0.00024297171885301339,0.00028153541980785603
2026-05-06 02:35:00,0.0005813877976876825,0.0004617849269444574
2026-05-06 02:40:00,0.0020844174646974523,0.00013363934029660167
2026-05-06 02:45:00,0.001112143396841958,0.00014786407399951668
2026-05-06 02:50:00,0.0004076375724810788,0.0001785079632538739
2026-05-06 02:55:00,-0.001804653808942902,0.0003108982413882406
2026-05-06 03:00:00,0.0005675184649955867,0.00018147504466649634
2026-05-06 03:05:00,0.002377463298065763,1.8539623018581962e-05
2026-05-06 03:10:00,0.002860371113239779,-0.00011938237007789475
2026-05-06 03:15:00,0.0011102779756999581,0.0003769692503273807
2026-05-06 03:20:00,7.569146863417586e-05,-0.0009305676721621063
2026-05-06 03:25:00,-0.00015352894969744568,0.00023026827813529192
2026-05-06 03:30:00,0.001221395980286033,0.002018497090046958
2026-05-06 03:35:00,0.00017298756046280062,0.0002285541950730474
2026-05-06 03:40:00,0.000432415610021053,0.0001750736380153341
2026-05-06 03:45:00,-0.0001058673181013603,0.00012070674219867401
2026-05-06 03:50:00,0.0017778742565397465,0.0008216511403100029
2026-05-06 03:55:00,0.0015832066799390532,0.00017135482207598945
2026-05-06 04:00:00,0.0013516666853270465,-0.007915734237997747
2026-05-06 04:05:00,0.00013812273953917042,8.812647701542028e-05
2026-05-06 04:10:00,-0.00072541525646308,-0.0012152819218171113
2026-05-06 04:15:00,-0.0004920888190103057,0.0003235857693119895
2026-05-06 04:20:00,-0.0006886450479761663,0.0006632846271033741
2026-05-06 04:25:00,0.0009282646436474806,0.0017375899873998983
2026-05-06 04:30:00,0.0007725574191539408,0.00019512363210175766
2026-05-06 04:35:00,0.0017821624542531112,-8.113839738114895e-05
2026-05-06 04:40:00,0.0013024344855754322,-0.00048104551777262
2026-05-06 04:45:00,0.001127552608322091,0.0004017630072080735
2026-05-06 04:50:00,0.0012688785054955076,-0.0004969198304036601
2026-05-06 04:55:00,0.001546054639495864,0.00022839927065736458
2026-05-06 05:00:00,0.0018900545303690564,0.0005827241420383212
2026-05-06 05:05:00,0.0002561654627619703,-0.00031852944249999174
2026-05-06 05:10:00,-0.00046916227418591916,0.0001944854901493015
2026-05-06 05:15:00,-0.0012739951796305604,0.0003450449289866857
2026-05-06 05:20:00,0.001082059115439904,-0.00021434686643701718
2026-05-06 05:25:00,0.0004971328878298209,0.00034943574778917476
2026-05-06 05:30:00,0.00015503208333811358,0.00031817444098312107
2026-05-06 05:35:00,-0.0014717149423351117,-0.000410776936272635
2026-05-06 05:40:00,-0.0008566859693814877,0.00040500458552411535
2026-05-06 05:45:00,2.3683340815594534e-05,0.0001425177945650529
2026-05-06 05:50:00,0.0003831986802858012,0.00018479185779384335
2026-05-06 05:55:00,0.0009298361833796065,0.00024040764962751844
2026-05-06 06:00:00,0.00026693704964841913,-0.0003654134001374859
2026-05-06 06:05:00,0.00012483077912861518,0.0001781212371718127
2026-05-06 06:10:00,0.0009203747520842853,0.00030722671658557307
2026-05-06 06:15:00,0.000882107476368077,0.0004629732344308929
2026-05-06 06:20:00,0.000585205505583275,0.00023039943949249787
2026-05-06 06:25:00,-0.000995676523970701,0.00046359429377790316
2026-05-06 06:30:00,7.741619163503799e-05,0.0002274424943422767
2026-05-06 06:35:00,-4.086720203133609e-05,-5.4261355361468714e-05
2026-05-06 06:40:00,0.00024094571308452828,-0.0002867820752001022
2026-05-06 06:45:00,0.0003289519684539499,0.0010979423282185463
2026-05-06 06:50:00,0.0013906967438490625,0.001527485183233637
2026-05-06 06:55:00,0.00119956159449508,-0.00012402531053117187
2026-05-06 07:00:00,-8.598674083870606e-06,0.00023830845302256012
2026-05-06 07:05:00,-0.00034803008878014907,-6.95793525935222e-05
2026-05-06 07:10:00,-0.0005630558175742095,0.0002643090696958212
2026-05-06 07:15:00,-0.001058201156947547,0.00022879460346544135
2026-05-06 07:20:00,-0.0015310513914599255,0.0002252131809682237
2026-05-06 07:25:00,-0.00038271504537235046,0.0008033462428170414
2026-05-06 07:30:00,0.0006066669004027858,0.0005127839987496788
2026-05-06 07:35:00,0.001380630535109617,0.00026148583052745556
2026-05-06 07:40:00,0.002746708738690984,0.0002192525663836846
2026-05-06 07:45:00,0.0019272734410193948,-4.044143668886568e-05
2026-05-06 07:50:00,0.002208911458749796,0.0004211482938366243
2026-05-06 07:55:00,-0.0005341473665794183,-2.8962775117866537e-05
2026-05-06 08:00:00,-6.869060680081418e-05,0.00038270397684649624
2026-05-06 08:05:00,-0.00012008740662139417,0.000174369590592231
2026-05-06 08:10:00,0.0012673308088970714,-0.0005636499408133132
2026-05-06 08:15:00,0.001179963922746552,0.00031590200359640536
2026-05-06 08:20:00,0.0007224512204118128,0.0011095328149616588
2026-05-06 08:25:00,-0.00040511387147290634,0.0012226921040666278
2026-05-06 08:30:00,0.0002336821782940035,0.0005413488011376966
2026-05-06 08:35:00,-0.00037080738910333366,0.0006004875729390319
2026-05-06 08:40:00,0.0011548916510530916,0.00044115442645058207
2026-05-06 08:45:00,0.0006235997334815835,0.0017632295484720797
2026-05-06 08:50:00,0.0005336619731775016,-0.00029438734149883237
2026-05-06 08:55:00,-0.0024184430847000726,0.00044444549685975323
2026-05-06 09:00:00,-0.001565093174505705,0.000631605064378782
2026-05-06 09:05:00,-0.0003771773464009698,0.00036799414000072126
2026-05-06 09:10:00,0.001960074312577831,0.00026777558923956154
2026-05-06 09:15:00,0.0011344008782039339,-0.0005431803401126163
2026-05-06 09:20:00,-8.359832936832845e-05,0.000278939660203139
2026-05-06 09:25:00,0.0005889868205102289,-0.0017134150872587974
2026-05-06 09:30:00,0.002019006748225749,0.0015714888983393669
2026-05-06 09:35:00,0.0020343839194829627,0.00028361860338182093
2026-05-06 09:40:00,0.002369573067376507,-0.03148992347646307
2026-05-06 09:45:00,0.0005281654499444954,-0.0004532106735745105
2026-05-06 09:50:00,0.0006608191189396706,0.003312622522995454
2026-05-06 09:55:00,-0.0004208947600918833,-0.0005936143097132222
2026-05-06 10:00:00,0.000179555472435311,-0.0006852949687177738
2026-05-06 10:05:00,0.00019025204177403054,0.00032245181166173903
2026-05-06 10:10:00,-0.0005450762119423302,0.00030643168816263985
2026-05-06 10:15:00,-0.000560148646451708,0.0004889011536281983
2026-05-06 10:20:00,-0.0005366464430576201,0.00033972653679788657
2026-05-06 10:25:00,0.00012614209389205655,9.971234880275606e-07
2026-05-06 10:30:00,0.0008144637228291174,0.0007911610936238644
2026-05-06 10:35:00,0.0046811310787351346,0.0009953885869175446
2026-05-06 10:40:00,0.004981627792490784,-0.0001901500913530454
2026-05-06 10:45:00,0.0024991022859151,-0.0001975568988524909
2026-05-06 10:50:00,-0.00048331345308127993,-0.0004110748241558166
2026-05-06 10:55:00,-0.0011195563810275644,0.0019864615777480843
2026-05-06 11:00:00,0.0018228983160302192,3.440217750893805e-05
2026-05-06 11:05:00,0.00011286501462848264,0.00011053964683573606
2026-05-06 11:10:00,0.0009217031938284492,-0.0017488407219841346
2026-05-06 11:15:00,0.0007635219787776037,0.00033643699785631224
2026-05-06 11:20:00,0.001536252230431856,3.432869984515104e-05
2026-05-06 11:25:00,-0.0007066340887398326,0.0010136075647879457
2026-05-06 11:30:00,-0.0005465288642678701,0.00012803434378439406
2026-05-06 11:35:00,-0.0006337904067432731,-0.0003434547504639297
2026-05-06 11:40:00,0.00112356932304003,-0.0014585295536223152
2026-05-06 11:45:00,-0.00024465248300664655,0.0005586807618406599
2026-05-06 11:50:00,-0.000800255443365927,0.0008601739786450127
2026-05-06 11:55:00,-0.0008276587412261449,0.0007072593214417046
2026-05-06 12:00:00,-0.00035964142648126085,-1.8133827023592713e-05
2026-05-06 12:05:00,0.0010257437008505121,0.0002810356596791944
2026-05-06 12:10:00,0.0014336066163593841,0.004049314975003177
2026-05-06 12:15:00,0.002495670013376028,0.00017453622620243069
2026-05-06 12:20:00,0.001940075045329337,-0.0006656040547437848
2026-05-06 12:25:00,0.002078691619136208,0.00103444196892987
2026-05-06 12:30:00,0.00020592272026576097,0.0026438373013081824
2026-05-06 12:35:00,0.0023493949667177105,0.00011414983603963265
2026-05-06 12:40:00,0.0006064435875270391,0.0008810626770635037
2026-05-06 12:45:00,0.0006069068732816874,0.00010614135874182745
2026-05-06 12:50:00,-0.000290194909222663,0.003256661045438806
2026-05-06 12:55:00,-0.00106894492175158,-0.00026945313927043905
2026-05-06 13:00:00,-0.00035858226717522257,-0.001053522280442365
2026-05-06 13:05:00,-0.002127134695907529,-0.00022016338714723544
2026-05-06 13:10:00,-0.0013505394654096392,0.0005156535491140164
2026-05-06 13:15:00,0.0002737223390418819,9.674516772091593e-05
2026-05-06 13:20:00,2.9721972182983336e-05,0.0004530883611961002
2026-05-06 13:25:00,-0.0011885387158567795,0.0005177698920128317
2026-05-06 13:30:00,-0.0032555667658389353,0.0016476212132224754
2026-05-06 13:35:00,-0.0026167925336419984,0.0003434038630386019
2026-05-06 13:40:00,-0.0016714454012518587,0.00032003278487992975
2026-05-06 13:45:00,-0.0025894851593282198,0.0008936735786997804
2026-05-06 13:50:00,-0.0033260305101663334,-6.934243414763024e-05
2026-05-06 13:55:00,-0.0041320299195461985,0.0008480824792102993
2026-05-06 14:00:00,-0.003345339048259177,0.0003837516951965533
2026-05-06 14:05:00,0.0001793760281554313,0.0005803759822115269
2026-05-06 14:10:00,0.0022336299773701995,0.0006544906085090482
2026-05-06 14:15:00,0.002963275537826604,-0.0025234361784423746
2026-05-06 14:20:00,-0.0006770994345277614,-0.0006011507449167736
2026-05-06 14:25:00,-0.00018576743891784986,0.0002446902063764993
2026-05-06 14:30:00,-0.0006983367270425589,0.0005322016691242194
2026-05-06 14:35:00,-0.00055141638462608,0.0007629937878842557
2026-05-06 14:40:00,-2.5625803477424824e-05,-0.017861713725482134
2026-05-06 14:45:00,0.0003737882629160083,0.0005957470315723558
2026-05-06 14:50:00,-0.0009004452571996779,0.0002041979719284716
2026-05-06 14:55:00,0.00021779840068347767,0.0004387965004894169
2026-05-06 15:00:00,7.68762612892715e-05,0.0002608566087003869
2026-05-06 15:05:00,0.0027245149323444906,0.0024993051054088768
2026-05-06 15:10:00,0.00021988555365837215,-0.00016146248720919743
2026-05-06 15:15:00,0.0031532349956790995,-0.0005876117802780163
2026-05-06 15:20:00,0.0019400261059505652,0.0002750175301880673
2026-05-06 15:25:00,0.0024283318598552484,-0.0007859953523301892
2026-05-06 15:30:00,0.0006298810669385091,-0.0002896458536140352
2026-05-06 15:35:00,0.0016896568952500246,-9.797807943965183e-05
2026-05-06 15:40:00,0.001036480146934693,0.0015941703323528943
2026-05-06 15:45:00,0.0010567128287437555,0.0006138773987393621
2026-05-06 15:50:00,0.0010710484334435222,-0.00033830874318324596
2026-05-06 15:55:00,0.002190734984582221,-0.00024400891069984094
2026-05-06 16:00:00,0.0014418755796157257,-0.0008243408326077044
2026-05-06 16:05:00,0.0002038792277492263,5.306141976724784e-05
2026-05-06 16:10:00,-0.00133384328004027,0.002909765142388546
2026-05-06 16:15:00,-0.0011784028804502356,-0.0010852228660722467
2026-05-06 16:20:00,-0.00012529585234055673,0.00037715874752865556
2026-05-06 16:25:00,0.0018791869183925058,0.000685872825764175
2026-05-06 16:30:00,-0.00020822267152631468,0.001228414520121469
2026-05-06 16:35:00,-0.0012793405279047931,0.00047300493142701783
2026-05-06 16:40:00,-0.002287341512609231,0.00028081334256801994
2026-05-06 16:45:00,-3.3999655757455116e-05,0.0003682553666573919
2026-05-06 16:50:00,-0.0008062723743904598,0.0005351106274424486
2026-05-06 16:55:00,-0.0013489449850485613,-0.0003443869874438659
2026-05-06 17:00:00,-0.0008992854157536811,0.00015257217145826793
2026-05-06 17:05:00,6.810090002140612e-05,-0.0002336014884103079
2026-05-06 17:10:00,-0.00030450897099498775,9.521546924755978e-05
2026-05-06 17:15:00,-0.0014367069322851478,-9.621425120356165e-05
2026-05-06 17:20:00,-0.001475848428022175,0.0004769950337499112
2026-05-06 17:25:00,-0.0005368429927123941,0.0003505772530488166
2026-05-06 17:30:00,-0.0003408555934374391,0.00019721320955470766
2026-05-06 17:35:00,3.196784461323432e-05,-0.002733728225798496
2026-05-06 17:40:00,-0.0011385491765452116,0.0014822603141804924
2026-05-06 17:45:00,-0.001345382992056443,0.0038095626991110445
2026-05-06 17:50:00,-0.0019220170664162595,0.00021575373416278233
2026-05-06 17:55:00,-0.0009134818162959135,0.01839709658062618
2026-05-06 18:00:00,-0.00048657439786126133,0.0026193842424050203
2026-05-06 18:05:00,7.259605635745459e-05,0.001264111688745475
2026-05-06 18:10:00,0.0010883994774530947,-0.0011494682431348886
2026-05-06 18:15:00,0.000618847554923363,0.00039265236927510947
2026-05-06 18:20:00,0.0013186224228647347,7.14092355215416e-05
2026-05-06 18:25:00,9.384564531167428e-05,-0.006603967079178177
2026-05-06 18:30:00,0.00011519139916948973,0.0003025532368415127
2026-05-06 18:35:00,-0.0011777157092804913,-0.0006385024781970807
2026-05-06 18:40:00,-0.0012121394676114505,0.00012933325208765086
2026-05-06 18:45:00,-0.00046297926914640186,0.00014939427702167905
2026-05-06 18:50:00,0.0004716794971955096,0.00034474495671525955
2026-05-06 18:55:00,0.0005742421602441539,0.00015477478006759683
2026-05-06 19:00:00,-0.0008881545118573086,0.0003734188690626543
2026-05-06 19:05:00,-0.0011059161228779146,0.0007728629236049636
2026-05-06 19:10:00,-0.0005592948761119487,-0.001112575143667273
2026-05-06 19:15:00,0.00015163990037869723,0.00028041404482946744
2026-05-06 19:20:00,-0.00043587043373349843,0.0002807192085256757
2026-05-06 19:25:00,-0.0003502522278964193,-4.3372771471257446e-05
2026-05-06 19:30:00,-0.00030330279890478096,0.0004529659728322116
2026-05-06 19:35:00,0.0005255848855103551,0.0007359390637507951
2026-05-06 19:40:00,0.000704650938690321,0.00026022769722436795
2026-05-06 19:45:00,0.00037164002606360214,-0.0005263350251759795
2026-05-06 19:50:00,0.0007942625626000677,0.0002577490770711942
2026-05-06 19:55:00,0.0004886933738461607,0.0001193399923036513
2026-05-06 20:00:00,0.0012847245478404545,0.0002570106408968131
2026-05-06 20:05:00,0.0004907609026076898,-0.0005806743707120458
2026-05-06 20:10:00,0.000262387406911202,0.0004047268412707136
2026-05-06 20:15:00,7.677510443038216e-05,-2.4057163758763403e-05
2026-05-06 20:20:00,0.00012371908105279772,0.0007939880829888975
2026-05-06 20:25:00,-0.0004757612536341327,0.00037559913058492136
2026-05-06 20:30:00,-0.00045860552730125903,0.002198104506576055
2026-05-06 20:35:00,-0.0002794562354520025,0.0002435390083003423
2026-05-06 20:40:00,3.414287513159309e-05,0.0012894748134968676
2026-05-06 20:45:00,0.0008679732304948118,0.00023670143188746472
2026-05-06 20:50:00,0.0016031452360962817,0.0009308222985522014
2026-05-06 20:55:00,0.001914402515284408,-0.0016898105151832003
2026-05-06 21:00:00,0.001188774530643144,9.128106846398364e-05
2026-05-06 21:05:00,0.0011368451857869388,-2.2867718401207754e-05
2026-05-06 21:10:00,0.0005344399845732539,0.00022079997994356107
2026-05-06 21:15:00,0.00012561222670548489,-0.00032516906831937055
2026-05-06 21:20:00,-0.0004980090383028823,0.00017810161953145598
2026-05-06 21:25:00,-0.0005067528112938646,0.00020961987410153394
2026-05-06 21:30:00,-0.0001703254710943014,0.0002993309458375263
2026-05-06 21:35:00,1.2772561133189697e-05,0.0002857851375646664
2026-05-06 21:40:00,-0.0003919513689645271,-0.001289725152956678
2026-05-06 21:45:00,-0.0001511881582096919,-0.00014968947709466325
2026-05-06 21:50:00,-0.00022780183042669933,0.00029316702729126565
2026-05-06 21:55:00,0.001169009254168074,0.00036665374601076964
2026-05-06 22:00:00,0.0004790388655990796,-0.0001417885676726004
2026-05-06 22:05:00,-0.0004259370146151298,-6.411209043497511e-05
2026-05-06 22:10:00,-0.001337339872947041,-0.0001199699311576281
2026-05-06 22:15:00,-0.0016509897437106957,-0.0003577904010242916
2026-05-06 22:20:00,-0.0008310993578124481,0.0015013102145588011
2026-05-06 22:25:00,-0.000974317122400592,0.0005246484314295662
2026-05-06 22:30:00,-0.0002537483874469615,0.000362239625804594
2026-05-06 22:35:00,0.0001449593583391362,0.0006411048406873981
2026-05-06 22:40:00,0.0006780716584913193,-6.340605117656451e-05
2026-05-06 22:45:00,0.0006076092044651205,7.179721863453936e-05
2026-05-06 22:50:00,-0.00012790422549002756,-0.0003055077928426385
2026-05-06 22:55:00,0.0006584407976788498,9.616312104480932e-05
2026-05-06 23:00:00,0.0011332170087587912,0.00038662418581372515
2026-05-07 00:00:00,0.0018593957530441685,-0.00037517823377582193
2026-05-07 00:05:00,0.0007814687964575739,-8.498957556465496e-05
2026-05-07 00:10:00,-0.00043439007207446423,0.0004962993855711213
2026-05-07 00:15:00,-0.0002404830955171633,0.00025484110325300853
2026-05-07 00:20:00,-0.00017668201859422084,0.0003219266377078127
2026-05-07 00:25:00,0.0007196220804441822,-0.00029285960428756104
2026-05-07 00:30:00,-0.00011068422016080603,0.0009445773551115572
2026-05-07 00:35:00,-0.00022781686603323692,0.0003449021170218534
2026-05-07 00:40:00,-0.0008090787589782877,0.0001278029273785984
2026-05-07 00:45:00,-0.0001937268691385441,0.0006469697330782527
2026-05-07 00:50:00,0.0002320746311337274,0.00015568711863551304
2026-05-07 00:55:00,-6.816284105326531e-05,0.00042000702761875864
2026-05-07 01:00:00,2.7677564887085282e-05,0.00029319385273919254
2026-05-07 01:05:00,-0.0007581679108703554,-7.310502045589448e-05
2026-05-07 01:10:00,-0.0002151694467684706,0.0001504969903136463
2026-05-07 01:15:00,-0.0008327911442957969,-0.0001759982596438351
2026-05-07 01:20:00,-0.00010439959059382886,0.0013779229753415401
2026-05-07 01:25:00,4.4742014356558e-05,0.0002913900282528418
2026-05-07 01:30:00,0.0008476941311723607,0.00045852106676719945
2026-05-07 01:35:00,0.0007476014801834907,0.0003469176961946992
2026-05-07 01:40:00,0.0010370275081523772,0.0005049533021473827
2026-05-07 01:45:00,-0.0006815064964289519,-3.187931776233252e-05
2026-05-07 01:50:00,-0.00035349685415297927,0.0005277686211755462
2026-05-07 01:55:00,0.00032345174360770557,0.000385812774528457
2026-05-07 02:00:00,0.0009156671274350714,0.0005080699704407929
2026-05-07 02:05:00,0.0007536918481161337,0.0012572444956572152
2026-05-07 02:10:00,-0.0015543757734164387,0.0001146495021243333
2026-05-07 02:15:00,-0.001256594623981755,0.0008427891917123897
2026-05-07 02:20:00,-0.0013054818240121335,0.000674235871509479
2026-05-07 02:25:00,-0.0009487171178985676,-0.00043994298145210895
2026-05-07 02:30:00,-0.0005563875457301748,0.00022196004374247925
2026-05-07 02:35:00,-0.0014288245339493244,0.00017253250592774738
2026-05-07 02:40:00,-0.0001258525713438985,0.00022204010564050904
2026-05-07 02:45:00,0.0007119501338799239,0.0008045425987850323
2026-05-07 02:50:00,0.002547000979408409,0.0010069025775933703
2026-05-07 02:55:00,0.004760682465981603,4.589020973176078e-05
2026-05-07 03:00:00,0.004218652930070732,-3.404454141316528e-05
2026-05-07 03:05:00,0.0026997627003328972,5.924153412325037e-05
2026-05-07 03:10:00,-0.0012576640550978624,0.0008082939814622619
2026-05-07 03:15:00,-0.0015607832565311952,2.9920198020192107e-05
2026-05-07 03:20:00,0.0005772704184003885,0.0003720303571071506
2026-05-07 03:25:00,0.0018519546382247398,0.00012798441984352674
2026-05-07 03:30:00,0.0029284461977265863,-0.0002109547001128285
2026-05-07 03:35:00,0.0009140371065274877,0.00066427656695132
2026-05-07 03:40:00,0.00043700267776358714,0.00015323186900785134
2026-05-07 03:45:00,-0.000922171939109262,0.00036606703816195567
2026-05-07 03:50:00,-0.0008885769675543997,7.545551033533588e-05
2026-05-07 03:55:00,-0.0021762979054607,0.0003854117931754033
2026-05-07 04:00:00,-0.0018107774836906287,0.00019282730084656399
2026-05-07 04:05:00,-0.0019942176440270742,0.0007729776955583325
2026-05-07 04:10:00,-0.0005910718558244099,0.0002551608621313878
2026-05-07 04:15:00,-0.001014023154318977,-0.00026408409789408524
2026-05-07 04:20:00,-0.0003487061760587551,-0.00012046120761016301
2026-05-07 04:25:00,0.0005804441517369696,0.000444614241479454
2026-05-07 04:30:00,0.0010543927271395859,6.428275557058738e-05
2026-05-07 04:35:00,0.0009692724414200882,0.00029130093246516084
2026-05-07 04:40:00,0.000520624718909346,0.0003109934581477013
2026-05-07 04:45:00,0.0005713733612964234,-0.0001746612190362576
2026-05-07 04:50:00,0.00043544154991614903,-4.859302298586092e-05
2026-05-07 04:55:00,-0.00024221615147723696,-4.882617760373006e-05
2026-05-07 05:00:00,-0.00016564342953806488,0.00027041233774723083
2026-05-07 05:05:00,-0.000599046641585943,-0.00023138010676436048
2026-05-07 05:10:00,-0.00028903638446742264,-0.00011419765173264454
2026-05-07 05:15:00,-0.0009157811392057624,0.0003845701020211299
2026-05-07 05:20:00,-0.0002507714422730345,0.0002639497779024911
2026-05-07 05:25:00,-0.00012966846342976623,-0.0001860888460093294
2026-05-07 05:30:00,2.5508739934565483e-05,0.0006393952935386159
2026-05-07 05:35:00,-0.00014666668110052683,0.00010167376661337647
2026-05-07 05:40:00,-0.001082643670347494,8.044203620569808e-05
2026-05-07 05:45:00,-0.0011698196408911343,0.00019852446006927835
2026-05-07 05:50:00,-0.0009017286578067996,-5.394675127069602e-06
2026-05-07 05:55:00,-0.0004193340738449791,-8.17263744494198e-05
2026-05-07 06:00:00,-0.0006258834954042669,-0.00016270182985819067
2026-05-07 06:05:00,-0.00042349752120784956,5.396614914750719e-05
2026-05-07 06:10:00,2.129043453535928e-06,-0.00010644984443866851
2026-05-07 06:15:00,-0.00044090819280562243,0.0005765243060983695
2026-05-07 06:20:00,-0.0002831410795938183,0.00016537423140456078
2026-05-07 06:25:00,0.0002746086046379048,0.0003739417782314124
2026-05-07 06:30:00,0.0003408156603708079,-0.0001356104374434679
2026-05-07 06:35:00,-0.00018099682453254218,0.00041354401771637607
2026-05-07 06:40:00,-0.0003874541543318344,0.000242746790019727
2026-05-07 06:45:00,0.0009238780542144553,-0.00012612406065418396
2026-05-07 06:50:00,0.0007280468655803674,0.0016715553272014085
2026-05-07 06:55:00,0.0008832616124525572,-7.660499931586327e-07
2026-05-07 07:00:00,-0.0007897137538570576,0.00013848527359406221
2026-05-07 07:05:00,-0.0008536992197569759,-0.0001224270168893856
2026-05-07 07:10:00,-0.001153716926685533,0.0002543739238026121
2026-05-07 07:15:00,0.0015469124951401625,-8.67006781290325e-05
2026-05-07 07:20:00,0.0021573237138863277,-0.00016312994836921522
2026-05-07 07:25:00,0.00181937202071758,0.0005147680317695332
2026-05-07 07:30:00,0.0002976177844349337,0.00014394825551157227
2026-05-07 07:35:00,-0.00010414242442280397,0.0005908705454251899
2026-05-07 07:40:00,-0.0005124939107332693,-0.0004068176054597264
2026-05-07 07:45:00,0.0002975292344409297,0.00010387018351251369
2026-05-07 07:50:00,0.0008200936131146364,-0.0001185936947986975
2026-05-07 07:55:00,0.0014814738802169103,0.0005789426127602531
2026-05-07 08:00:00,0.0007859013949627069,-9.646284508002285e-05
2026-05-07 08:05:00,0.00106554151047078,-4.061571528713115e-05
2026-05-07 08:10:00,0.0019542259180092003,-0.0008572130363580653
2026-05-07 08:15:00,0.00500252015891256,0.0009644169158741896
2026-05-07 08:20:00,0.006262002239004971,6.34711710975178e-05
2026-05-07 08:25:00,0.005987377435650032,0.00015717397823921306
2026-05-07 08:30:00,0.000994553266819409,9.742509244534826e-05
2026-05-07 08:35:00,-0.001419838950756258,-0.0002505117497136752
2026-05-07 08:40:00,-0.001444424194831484,-0.0003093952988285217
2026-05-07 08:45:00,-0.0007938737017685327,-0.0003498286747655905
2026-05-07 08:50:00,0.0016559316182238604,0.00029021441943398067
2026-05-07 08:55:00,0.002135322896124947,0.00038215131609567547
2026-05-07 09:00:00,0.0019518830256419761,0.0006373935363488782
2026-05-07 09:05:00,-0.000839225178776104,-8.363107099799017e-05
2026-05-07 09:10:00,-0.0019306571493888924,-0.004592711208082358
2026-05-07 09:15:00,-0.0003584388130626337,0.001011131055269508
2026-05-07 09:20:00,-6.750599118277023e-05,6.304879650261271e-05
2026-05-07 09:25:00,0.0006748890907264382,0.0006245381564717826
2026-05-07 09:30:00,-0.00046194297407708973,0.0011108369797427273
2026-05-07 09:35:00,0.00012024187617143411,-0.0019784810997042768
2026-05-07 09:40:00,-3.1625253399170106e-05,0.00028500144845141647
2026-05-07 09:45:00,0.0021181201969291408,-0.0005400317307187721
2026-05-07 09:50:00,0.0014860080871130776,7.166027610659371e-05
2026-05-07 09:55:00,-3.584316297455814e-05,-8.459934110252305e-06
2026-05-07 10:00:00,-0.0028483830817975786,-0.0008525090341100234
2026-05-07 10:05:00,-0.0016906388611310774,-0.0009172884883966532
2026-05-07 10:10:00,-0.0005504593099647792,0.0038942959199202904
2026-05-07 10:15:00,0.00019633694438248028,0.0016924827165485348
2026-05-07 10:20:00,-0.0006436996276697471,-0.00014800878048527172
2026-05-07 10:25:00,-0.0010532548974353517,-0.00010009259081511163
2026-05-07 10:30:00,-0.00026179115971025624,0.0002086942595324562
2026-05-07 10:35:00,-0.00046456529139327074,6.847864718582459e-05
2026-05-07 10:40:00,-0.0008450942783024828,0.0028431496969923606
2026-05-07 10:45:00,-0.0020100509280247536,0.0006189055394783757
2026-05-07 10:50:00,-0.000354904337994455,-0.00040093942925106634
2026-05-07 10:55:00,0.000627550766102658,0.00016803037511390633
2026-05-07 11:00:00,0.0018326695830079842,-1.9805233417129257e-05
2026-05-07 11:05:00,0.0008828027234830671,-0.000891475136118561
2026-05-07 11:10:00,0.0002977903345744437,0.003443857003848513
2026-05-07 11:15:00,0.00019005023718499103,-0.00402377142325316
2026-05-07 11:20:00,-0.00027658399937280365,8.112567885304049e-05
2026-05-07 11:25:00,0.0005066733205563168,0.00017530376306748702
2026-05-07 11:30:00,4.6451231494160083e-05,0.00017537865008000243
2026-05-07 11:35:00,-0.0003484780520501829,6.691183292663886e-05
2026-05-07 11:40:00,-0.0020980291933216932,3.053673364108219e-06
2026-05-07 11:45:00,-0.001379676301333177,0.0006813813050308892
2026-05-07 11:50:00,-0.0002323861846313946,2.164083303422533e-05
2026-05-07 11:55:00,0.0015237800294141124,-0.0001364399354076388
2026-05-07 12:00:00,0.00039317981507203115,-0.0005830195191472853
2026-05-07 12:05:00,4.648155739417348e-05,0.0006194215208515086
2026-05-07 12:10:00,-0.0006126143826428176,0.0016767184931137996
2026-05-07 12:15:00,-0.0002282791356442715,-0.00017606257367005747
2026-05-07 12:20:00,0.0007054092933458378,6.32098445473152e-05
2026-05-07 12:25:00,0.0014633144671947207,-9.183240194382048e-05
2026-05-07 12:30:00,0.0011767702293585813,0.00043103352806575675
2026-05-07 12:35:00,9.500214817492747e-05,-0.0001488862228268988
2026-05-07 12:40:00,-0.0007134414351934737,-0.002003037488925771
2026-05-07 12:45:00,-9.924311297915267e-05,4.150585283570966e-05
2026-05-07 12:50:00,-0.0006778795091229028,-2.0417517442095198e-05
2026-05-07 12:55:00,-0.0011979528484289403,0.000347121856534511
2026-05-07 13:00:00,-0.0010923247846914563,4.347358963431968e-06
2026-05-07 13:05:00,7.604675188943588e-05,9.24409244940649e-05
2026-05-07 13:10:00,0.0005114711246569925,-0.0002863472500433192
2026-05-07 13:15:00,0.0007691885440515023,0.0001421285796761242
2026-05-07 13:20:00,0.00031891089034274955,-0.0001772536767536312
2026-05-07 13:25:00,0.000903945317951127,0.000378311649610242
2026-05-07 13:30:00,0.0004899434973530958,-0.0010884446593832386
2026-05-07 13:35:00,0.000854855154118539,0.00041173710042665746
2026-05-07 13:40:00,0.001238429441755784,0.0013500513534647927
2026-05-07 13:45:00,0.0009728397027419788,0.0015491644445422622
2026-05-07 13:50:00,0.00021729109814394576,0.0005182921342251138
2026-05-07 13:55:00,0.0002677379009519143,0.0036844131032056234
2026-05-07 14:00:00,0.000242534934127292,3.640205392893324e-05
2026-05-07 14:05:00,-0.0011354979364881501,4.4748019773160905e-05
2026-05-07 14:10:00,-0.0011726742954802916,0.0009852148063266603
2026-05-07 14:15:00,0.0010285377966976483,2.307285097072825e-05
2026-05-07 14:20:00,0.002311847131588607,0.0006961165687035496
2026-05-07 14:25:00,0.0027754935780013312,-0.00027210720985956956
2026-05-07 14:30:00,0.0011032369751688975,0.000702085885932466
2026-05-07 14:35:00,0.00036653571500266935,4.559382226566956e-05
2026-05-07 14:40:00,-0.0006610359557939205,-0.000463222489912928
2026-05-07 14:45:00,-0.002804690367447904,0.0003590704615147417
2026-05-07 14:50:00,-0.0014163293309419345,0.0005784167615821654
2026-05-07 14:55:00,-0.0032082238975554844,0.000804265491090132
2026-05-07 15:00:00,0.0003818666150454675,0.0003508630537299443
2026-05-07 15:05:00,0.0006388611200414118,0.0014517636765510886
2026-05-07 15:10:00,0.0023865830979499236,0.005030252941404667
2026-05-07 15:15:00,0.0031464249619315154,-0.001477184889501486
2026-05-07 15:20:00,0.0016953243656097072,-0.00035733266476036923
2026-05-07 15:25:00,0.0009500928161099154,-1.6621866060911167e-05
2026-05-07 15:30:00,-0.002851158502899409,-0.0001143524986913541
2026-05-07 15:35:00,-0.0017142945581678504,-0.001366146759219008
2026-05-07 15:40:00,-0.00039172492145134186,0.00044918570595181356
2026-05-07 15:45:00,0.0008115335160798764,0.00047041951914321927
2026-05-07 15:50:00,0.0008153934935855034,0.0006982452097522585
2026-05-07 15:55:00,0.0009727115203723713,0.00023339838613041053
2026-05-07 16:00:00,0.0011076810169221574,-0.00010802223055267294
2026-05-07 16:05:00,0.001967268247035747,0.002168382521623076
2026-05-07 16:10:00,0.0011546556087438375,-0.0005338973708984591
2026-05-07 16:15:00,-0.0004736677656609345,0.0006900820232547947
2026-05-07 16:20:00,-0.000771717741018918,0.0003726703765054059
2026-05-07 16:25:00,-0.001196744745124434,0.00010319493532339904
2026-05-07 16:30:00,0.002008913517199673,-0.0003815226461151778
2026-05-07 16:35:00,0.0015365393479509493,-2.449530904230439e-05
2026-05-07 16:40:00,0.0023269732219866057,2.4156995437731678e-05
2026-05-07 16:45:00,0.0001870127037513214,0.0004706744737437103
2026-05-07 16:50:00,-0.0004411718435868295,2.676687221057832e-05
2026-05-07 16:55:00,-0.001664275006268312,-0.02591289021007203
2026-05-07 17:00:00,-0.0010552936986929495,0.00013509221843442638
2026-05-07 17:05:00,-0.0025710687037960867,0.0006532144273022723
2026-05-07 17:10:00,-0.002976114315860201,0.0012091724989932698
2026-05-07 17:15:00,-0.0020949647465169363,0.000354690911862525
2026-05-07 17:20:00,-0.0006722604324451709,0.0010865162095498526
2026-05-07 17:25:00,-0.00035443786105027186,-0.001257685340342236
2026-05-07 17:30:00,-0.0021141478493795773,0.0006438264539164164
2026-05-07 17:35:00,-0.0023617596053604473,0.002315659917701769
2026-05-07 17:40:00,-0.00205103146229213,4.0890100736310606e-05
2026-05-07 17:45:00,-0.0022710366021705397,0.0007069014761182443
2026-05-07 17:50:00,-0.0031555949058752475,-0.004639798822883137
2026-05-07 17:55:00,-0.00298371461671465,-0.0009943447731966288
2026-05-07 18:00:00,-0.003649944828017837,-0.0003134242063684825
2026-05-07 18:05:00,0.00011870014872705781,-3.4604179192460135e-05
2026-05-07 18:10:00,0.0010174536558569258,-0.0006989546056777681
2026-05-07 18:15:00,0.0027752570283627875,0.0009974854379730836
2026-05-07 18:20:00,-0.001283132290938127,-0.000338007885590827
2026-05-07 18:25:00,-0.0018767361336440302,0.0013352433346527177
2026-05-07 18:30:00,-0.001059968893761365,-0.0011324398711617756
2026-05-07 18:35:00,0.0011707914359480043,8.522192919329773e-05
2026-05-07 18:40:00,0.0009335068070726038,-3.647916515043956e-05
2026-05-07 18:45:00,0.0004856052082740092,0.0005384482779137276
2026-05-07 18:50:00,-0.00019291657054232303,-6.359979813459407e-05
2026-05-07 18:55:00,-0.00018663165963417327,-0.00016361938057011204
2026-05-07 19:00:00,-0.0021711479422563684,-0.0003543416082183237
2026-05-07 19:05:00,-0.00013145898286559543,7.995006758075182e-06
2026-05-07 19:10:00,-0.003456854945453003,-0.0001716792881709293
2026-05-07 19:15:00,-0.0014287782126647386,0.0002801309512493497
2026-05-07 19:20:00,-0.002658328051275305,0.0006082519918914015
2026-05-07 19:25:00,0.0002681370238803993,-0.00035657309654469666
2026-05-07 19:30:00,-0.00013192471798895156,-0.0002502278597402846
2026-05-07 19:35:00,0.0004910062005816229,0.0003336676914855971
2026-05-07 19:40:00,0.0027113762599952906,-2.723130551522474e-05
2026-05-07 19:45:00,0.00180500667152117,0.0006647409912285503
2026-05-07 19:50:00,0.00028259121456919445,1.3104521815059487e-05
2026-05-07 19:55:00,-0.0008597896062045862,-0.0002469296773230414
2026-05-07 20:00:00,0.00017628649361967064,-0.0004356508439148369
2026-05-07 20:05:00,-0.0001168513450391373,0.0001713191891029299
2026-05-07 20:10:00,0.0009934682408445639,0.0005499918048135277
2026-05-07 20:15:00,0.001093131739942521,-0.00024828521275406485
2026-05-07 20:20:00,0.0013843418732015778,0.0014180095350063864
2026-05-07 20:25:00,-0.0014990723848224974,-0.0021042128382361314
2026-05-07 20:30:00,-0.0028148476740810224,0.0006169610188321418
2026-05-07 20:35:00,-0.0020814844670908883,0.001263170185753987
2026-05-07 20:40:00,0.0009600048312741194,-0.00020004979400867461
2026-05-07 20:45:00,0.001141765011896112,-8.477067372531739e-05
2026-05-07 20:50:00,0.0014107850893019247,-0.0009211418973580584
2026-05-07 20:55:00,-8.704208702603466e-05,0.0001744522992099509
2026-05-07 21:00:00,-0.0008141981289568889,0.0009163955672016656
2026-05-07 21:05:00,-0.002065861743933084,0.001477209129880445
2026-05-07 21:10:00,-0.0010195932706498212,0.0003868627431036479
2026-05-07 21:15:00,0.0012221107903158668,0.00023016196102025306
2026-05-07 21:20:00,0.002343959430190168,0.0003881327023436076
2026-05-07 21:25:00,0.0009389133512005543,0.0002882797722644744
2026-05-07 21:30:00,0.0003546637792730678,-0.0006769655889316103
2026-05-07 21:35:00,-0.001134104815985637,-0.0003189346482103873
2026-05-07 21:40:00,-0.0014129532963469416,-0.0003090999382660858
2026-05-07 21:45:00,0.0014810071007307357,0.0012923522853242342
2026-05-07 21:50:00,0.0011510853753673445,-0.018970323109685085
2026-05-07 21:55:00,0.0018842018377220882,0.0005376319513891965
2026-05-07 22:00:00,-0.0009778976829277752,-0.00043629231861561866
