timestamp,y_true,y_pred
2026-04-01 13:05:00,0.0006475065425064486,0.004563603879663458
2026-04-01 13:10:00,0.0014154940928676751,0.004116806735698789
2026-04-01 13:15:00,-0.000889901157396622,0.005373751838657963
2026-04-01 13:20:00,-0.0015813517833134227,0.0031035760610946834
2026-04-01 13:25:00,-0.0022742385937544185,0.003798963856164912
2026-04-01 13:30:00,-0.00022759026264829174,0.0039614568720531115
2026-04-01 13:35:00,-0.0046180408662248595,0.0023760503327805403
2026-04-01 13:40:00,-0.002501181949545739,0.0029847353579047797
2026-04-01 13:45:00,-0.005390451030827137,0.0022124783578463727
2026-04-01 13:50:00,-0.006034917056570777,0.001901171755560319
2026-04-01 13:55:00,-0.005814282753290101,-0.00013302224479848227
2026-04-01 14:00:00,-0.005810635778662032,0.001060024915758029
2026-04-01 14:05:00,-0.002869509074651333,0.0024435782569717864
2026-04-01 14:10:00,-0.0025455296032941277,0.0012997190730591798
2026-04-01 14:15:00,-0.00012026064927894708,-0.001194412960642964
2026-04-01 14:20:00,0.0012353149564798827,-0.0006990720927480789
2026-04-01 14:25:00,0.0006123168783265243,0.00227752992829978
2026-04-01 14:30:00,-0.0012357917176171185,0.0019782425581478984
2026-04-01 14:35:00,0.0021599875086266707,-0.0003381739523961143
2026-04-01 14:40:00,-0.0010115038340750004,0.0014796806232464724
2026-04-01 14:45:00,0.0023300145403499783,0.00038824318827717
2026-04-01 14:50:00,0.0019425640767352093,0.0015222237304059233
2026-04-01 14:55:00,0.0022072870547624746,0.0017981062177792279
2026-04-01 15:00:00,0.005208119517776666,0.00213453965140757
2026-04-01 15:05:00,0.0027788412215095093,0.0026217543540275235
2026-04-01 15:10:00,0.0026846503603366045,0.002095721332499291
2026-04-01 15:15:00,0.0017560562613780917,0.0016203843515561547
2026-04-01 15:20:00,0.00021945187761573948,0.0018847982187314089
2026-04-01 15:25:00,0.0010590561888754735,0.0014538646130963632
2026-04-01 15:30:00,0.0010271217978932157,0.0032399664844200526
2026-04-01 15:35:00,0.0007203640045272408,0.002518062277762513
2026-04-01 15:40:00,0.0022996891235695927,0.001903420047262345
2026-04-01 15:45:00,0.0031739176296134985,0.002903601625234526
2026-04-01 15:50:00,0.005765304975119179,0.0036043113152568183
2026-04-01 15:55:00,0.005478092433479631,0.003367468520532429
2026-04-01 16:00:00,0.004497460811263565,0.005013194254900065
2026-04-01 16:05:00,0.006475738694774691,0.004121224948223131
2026-04-01 16:10:00,0.0044269867786876915,0.004262205962078259
2026-04-01 16:15:00,0.004681772576430987,0.005047238760013632
2026-04-01 16:20:00,0.006456452043876126,0.0038396891449513056
2026-04-01 16:25:00,0.006578100021679134,0.0035091906885023737
2026-04-01 16:30:00,0.007547586025728137,0.004802879139241754
2026-04-01 16:35:00,0.006780056882568886,0.005181874641242982
2026-04-01 16:40:00,0.006717076797023935,0.0038113927358037567
2026-04-01 16:45:00,0.005423645494030183,0.005016926240711009
2026-04-01 16:50:00,0.0036928220426659664,0.004920990757966488
2026-04-01 16:55:00,0.0053855750604991925,0.004790333502339691
2026-04-01 17:00:00,0.004086697142478002,0.004462285119391691
2026-04-01 17:05:00,0.002563135582795084,0.0013038550906999697
2026-04-01 17:10:00,0.00194964119189045,-0.0010955168023551475
2026-04-01 17:15:00,0.002512548353527322,0.0009055438372003939
2026-04-01 17:20:00,0.0020167060403455395,-1.863846934067241e-05
2026-04-01 17:25:00,0.000523545967775263,-0.00025401410003633886
2026-04-01 17:30:00,0.00047271336253729146,-0.0005500018429425662
2026-04-01 17:35:00,-0.00018614671133398986,-0.00014685158204578685
2026-04-01 17:40:00,-0.00036780917806034097,-0.00032096408635639006
2026-04-01 17:45:00,-0.00010450631227598706,-0.00017214160800767934
2026-04-01 17:50:00,-0.0004451787528889639,-0.0009632098528626616
2026-04-01 17:55:00,0.00014204931223993356,-0.0002673198710688806
2026-04-01 18:00:00,0.0006078081602076679,-0.00044561605201075396
2026-04-01 18:05:00,0.0011737090549281959,-0.00017263312322989227
2026-04-01 18:10:00,0.0029340590188802196,0.0002844188088485399
2026-04-01 18:15:00,0.0008361152068498967,-0.000306661179294241
2026-04-01 18:20:00,0.0015594756968244639,0.00011278527225952382
2026-04-01 18:25:00,0.001803087490589661,6.2802633989488576e-06
2026-04-01 18:30:00,-0.0004392395787835568,0.0003669892353850739
2026-04-01 18:35:00,0.00041407694894068925,0.0004932576064395434
2026-04-01 18:40:00,-0.0004264936226494598,0.000475128718060927
2026-04-01 18:45:00,-0.0008720082776445537,0.000501162353912064
2026-04-01 18:50:00,-0.0007947081225427866,0.00021302795037589156
2026-04-01 18:55:00,-0.0028008381075572686,-9.599261755490589e-05
2026-04-01 19:00:00,-0.0052484986857219695,0.0001041172526846825
2026-04-01 19:05:00,-0.0049883659653087165,-0.0013608272918520822
2026-04-01 19:10:00,-0.0036254321763085073,-0.002274087426316654
2026-04-01 19:15:00,-0.005008310505846936,0.0006501400958545385
2026-04-01 19:20:00,-0.006643581861542458,-4.454401718679883e-05
2026-04-01 19:25:00,-0.006350319200661758,-0.0017660114210686154
2026-04-01 19:30:00,-0.00498737414493533,-0.002803503547675122
2026-04-01 19:35:00,-0.00714485847290014,-0.0030871546700183415
2026-04-01 19:40:00,-0.005161588528903138,-0.0037065418437456322
2026-04-01 19:45:00,-0.004995742415800919,-0.004464409511023164
2026-04-01 19:50:00,-0.005128479904874084,-0.0022042564194785608
2026-04-01 19:55:00,-0.004240211898039803,0.00017296084115461945
2026-04-01 20:00:00,-0.0011887635949676678,-0.0032540361019072588
2026-04-01 20:05:00,-0.0018980875753111803,0.003273479081670988
2026-04-01 20:10:00,-0.0023815605119832384,0.002782068776357632
2026-04-01 20:15:00,-0.0002142132606195446,0.00199969465841604
2026-04-01 20:20:00,0.0010697244851023413,0.0014020926132270073
2026-04-01 20:25:00,0.0024031454103106142,0.001469380302905717
2026-04-01 20:30:00,0.002391926136029454,0.0012726616395543375
2026-04-01 20:35:00,0.0056089848575151535,0.001205962092749474
2026-04-01 20:40:00,0.0025086477486926384,0.00187564181899062
2026-04-01 20:45:00,0.0023877311004341095,0.0017474489010521415
2026-04-01 20:50:00,0.0021678676848573275,0.002700733342493552
2026-04-01 20:55:00,0.002777061840239625,0.0024837135371295026
2026-04-01 21:00:00,0.0014909798497857452,0.002886730980991813
2026-04-01 21:05:00,0.0020197446284253573,0.0025158476212749437
2026-04-01 21:10:00,0.0018365054059987784,0.002876696863384086
2026-04-01 21:15:00,0.0021065360739349615,0.0018467337855002863
2026-04-01 21:20:00,0.0004913953416334493,0.0035564301646368816
2026-04-01 21:25:00,-0.0008186054778960283,0.004156336468490958
2026-04-01 21:30:00,-0.0015323582418691473,0.0029812221592807075
2026-04-01 21:35:00,-0.003665063415963843,0.0008855475104601497
2026-04-01 21:40:00,-0.0020778465042639027,0.002368945571775034
2026-04-01 21:45:00,-0.0010325137798812278,0.0024550138935020187
2026-04-01 21:50:00,-0.001566611756672387,0.0010010127024857117
2026-04-01 21:55:00,-0.0017783642690076817,0.001608097985715405
2026-04-01 22:00:00,-0.0017873406049631058,0.00018852434318487453
2026-04-01 22:05:00,-0.001742365522959588,0.000638788995652358
2026-04-01 22:10:00,-0.0018175984586399352,-0.00020265803415148474
2026-04-01 22:15:00,-0.0018041306888143538,-0.0006345234588706095
2026-04-01 22:20:00,0.001202269979909687,-0.0006988378290837886
2026-04-01 22:25:00,0.0022526972665204426,0.000838960088493875
2026-04-01 22:30:00,0.003504173044071024,0.0005473263858595989
2026-04-01 22:35:00,0.0035142783911439324,0.0009590763304436825
2026-04-01 22:40:00,0.00350883808184399,-0.0016258022850316675
2026-04-01 22:45:00,0.003743030730532837,-0.001649080716695244
2026-04-01 22:50:00,0.004378668987531142,0.000569877759979686
2026-04-01 22:55:00,0.003796448068349889,0.002026312839262467
2026-04-02 00:00:00,0.004647571645636006,0.002435094256246138
2026-04-02 00:05:00,0.00592005281855279,-0.0007204981208416357
2026-04-02 00:10:00,0.0065204376109431195,0.0011123373038463402
2026-04-02 00:15:00,0.007032373371886891,0.0024709549555545648
2026-04-02 00:20:00,0.005076370689067744,0.002929146173503251
2026-04-02 00:25:00,0.004646645505877345,-0.003465446024752712
2026-04-02 00:30:00,0.003352159260870735,-0.0020021873073112835
2026-04-02 00:35:00,0.0035917115739660943,-0.002416717509124437
2026-04-02 00:40:00,0.0028140999449419724,-0.003827024924361663
2026-04-02 00:45:00,0.0007778635492670105,0.0008346316828444148
2026-04-02 00:50:00,0.001365456265066456,-0.0013413678991285355
2026-04-02 00:55:00,0.0013159507026347939,-0.0030740780063530483
2026-04-02 01:00:00,0.0005773394435077961,-0.0011819928318872763
2026-04-02 01:05:00,0.0005303799231448636,-0.0018617214878201202
2026-04-02 01:10:00,0.00029423763970726213,0.0009586580677068705
2026-04-02 01:15:00,-6.463726507277556e-05,0.000505623181917351
2026-04-02 01:20:00,0.0002232117255918098,-0.0011785375030235461
2026-04-02 01:25:00,-0.0011121417593269456,-0.0002540222332057257
2026-04-02 01:30:00,-0.0005509550025841747,0.00023601495971645173
2026-04-02 01:35:00,8.347506705419505e-06,0.00011514995058694208
2026-04-02 01:40:00,-0.0003654272459368002,0.0003023721050410424
2026-04-02 01:45:00,0.0008023217615136247,-9.415250779807516e-05
2026-04-02 01:50:00,0.000576569967904561,-0.0004351887618667185
2026-04-02 01:55:00,0.0006249405830569543,-9.730522543583693e-05
2026-04-02 02:00:00,-0.00826926496828051,0.00043935156935346
2026-04-02 02:05:00,-0.009094965709611103,-0.001940940647750329
2026-04-02 02:10:00,-0.008917636994715039,-0.0027666952300316535
2026-04-02 02:15:00,-0.014456008158969524,-0.00422727052752671
2026-04-02 02:20:00,-0.01677038667648212,-0.0048957184279232275
2026-04-02 02:25:00,-0.020094534637090433,-0.00763900724933535
2026-04-02 02:30:00,-0.02338865512317234,-0.008362293652635445
2026-04-02 02:35:00,-0.019868991899578248,-0.011084710000893562
2026-04-02 02:40:00,-0.020705617136300702,-0.011753766604844926
2026-04-02 02:45:00,-0.01943778386534234,-0.013980542856814463
2026-04-02 02:50:00,-0.018355481295696308,-0.007078712919569963
2026-04-02 02:55:00,-0.019135312729527953,-0.013485625391385335
2026-04-02 03:00:00,-0.009244398808050391,-0.014984086124089288
2026-04-02 03:05:00,-0.011843812127295905,0.004687956344444509
2026-04-02 03:10:00,-0.012794652512818416,0.0014395344136985124
2026-04-02 03:15:00,-0.0076641420476875055,-0.0013371328624951933
2026-04-02 03:20:00,-0.0034208697713662417,-0.002675086210933982
2026-04-02 03:25:00,-0.001208500572827731,-0.0037598084209191783
2026-04-02 03:30:00,-0.0019914594177468103,-0.004240118286903989
2026-04-02 03:35:00,-0.0080470215317483,-0.004109116291866496
2026-04-02 03:40:00,-0.0028099622617947517,-0.0033258118225051596
2026-04-02 03:45:00,-0.004099227826880991,-0.0013209426442196562
2026-04-02 03:50:00,-0.004378650980518373,-0.002395869488721033
2026-04-02 03:55:00,-0.0017671784854957906,-0.002598295080917104
2026-04-02 04:00:00,-0.004004679604440398,-0.0005351791649538911
2026-04-02 04:05:00,-0.001760223885515444,-0.002256802812601697
2026-04-02 04:10:00,6.609857432060551e-05,-0.000487099277343905
2026-04-02 04:15:00,-0.00017055678302924093,0.000310948526533715
2026-04-02 04:20:00,-0.0001553854360132334,0.0008072666677078923
2026-04-02 04:25:00,0.0006310749163151996,0.0007432332550393391
2026-04-02 04:30:00,0.004437382499975939,0.0012787714104577933
2026-04-02 04:35:00,0.005717590485453172,-0.0006954706375526573
2026-04-02 04:40:00,0.0019972515068786834,-0.0015703918274180282
2026-04-02 04:45:00,0.00032496617003374695,0.001428291602675641
2026-04-02 04:50:00,-0.0006625163467113282,0.0010325903565024021
2026-04-02 04:55:00,-0.0020268235262559386,0.0008970895685404159
2026-04-02 05:00:00,-0.00064335143419747,0.001613178201775593
2026-04-02 05:05:00,-0.0025059240126257265,0.000331259888985369
2026-04-02 05:10:00,-0.004678183637629729,0.0010984081285675582
2026-04-02 05:15:00,-0.004684610076857609,-0.00118773877268594
2026-04-02 05:20:00,-0.0066423714133669876,-0.001503814123545182
2026-04-02 05:25:00,-0.005464733882595496,-0.002804553994173115
2026-04-02 05:30:00,-0.0051892211664021914,-0.0018932449729106996
2026-04-02 05:35:00,-0.004593746650073172,-0.0012862437269130003
2026-04-02 05:40:00,-0.0051990292461923104,-0.002459934639399959
2026-04-02 05:45:00,-0.002684134405441796,-0.0023108312764271123
2026-04-02 05:50:00,-0.002358698630182232,-0.002868811482731869
2026-04-02 05:55:00,-0.000928284729214468,-0.002470440414589019
2026-04-02 06:00:00,-0.0009518931090450877,0.00035512020176859305
2026-04-02 06:05:00,-0.0005246438163659661,-0.002022029252504505
2026-04-02 06:10:00,0.0005353915338996984,0.0004890262578249541
2026-04-02 06:15:00,0.0008564944209084047,0.000793594178333033
2026-04-02 06:20:00,0.0015930628068012709,0.0005793464561209337
2026-04-02 06:25:00,0.002420818930623625,0.0014203129356205302
2026-04-02 06:30:00,-0.003696719028274842,0.001762971260792263
2026-04-02 06:35:00,-0.003958359755877439,0.0006346466013510694
2026-04-02 06:40:00,-0.005858204716991722,0.00022259100307871774
2026-04-02 06:45:00,-0.016209960566792248,-0.00041263637324785994
2026-04-02 06:50:00,-0.013427190320317806,-0.004381869054489876
2026-04-02 06:55:00,-0.017069308321190135,-0.005008385587880442
2026-04-02 07:00:00,-0.018881651126470445,-0.0031969323798231334
2026-04-02 07:05:00,-0.021814369731648853,-0.006934728474824371
2026-04-02 07:10:00,-0.019323844627905373,-0.00942130912873968
2026-04-02 07:15:00,-0.017595356622896574,-0.011741078385411803
2026-04-02 07:20:00,-0.018741181445308897,-0.01324714639386249
2026-04-02 07:25:00,-0.018915904639680292,-0.013851401363635552
2026-04-02 07:30:00,-0.012406792895253815,-0.011450840761494965
2026-04-02 07:35:00,-0.011297207579833213,-0.005876690530522065
2026-04-02 07:40:00,-0.010103560359514319,-0.009462878233125702
2026-04-02 07:45:00,0.0018738110540166275,-0.009959686277916572
2026-04-02 07:50:00,-0.001210465785897341,-0.002670541243162714
2026-04-02 07:55:00,0.001059509961583771,-0.0023280812734180934
2026-04-02 08:00:00,0.003917928860351694,-0.0024563362379059024
2026-04-02 08:05:00,0.008788142077822414,-0.0017788996199689434
2026-04-02 08:10:00,0.008589303203384802,-0.0006655569987478723
2026-04-02 08:15:00,0.00716055416665462,-0.0011489240512750599
2026-04-02 08:20:00,0.006756870543028981,-0.0022144644812298695
2026-04-02 08:25:00,0.006713824551898284,0.0011447308584637335
2026-04-02 08:30:00,0.008566825412790635,0.00047170942914554094
2026-04-02 08:35:00,0.008681215793426844,-0.0010420912130776243
2026-04-02 08:40:00,0.01070753192218632,0.0009132791637277539
2026-04-02 08:45:00,0.010677223910720457,0.003075674670635385
2026-04-02 08:50:00,0.010101565854078842,-0.003252975444724707
2026-04-02 08:55:00,0.009791218591596262,-5.052641344348505e-05
2026-04-02 09:00:00,0.008186641254386728,0.0009821347443506212
2026-04-02 09:05:00,0.0053305987813754285,0.003374803016095745
2026-04-02 09:10:00,0.004357644097487068,0.0038024135266092308
2026-04-02 09:15:00,0.0039737538813309214,0.001067418293383973
2026-04-02 09:20:00,0.00396114580638951,0.0013033015457574397
2026-04-02 09:25:00,0.002861145717805158,-0.0012379405243610007
2026-04-02 09:30:00,0.0014045264298374605,-0.002352402658712188
2026-04-02 09:35:00,0.001121361622891115,-0.004556798667513312
2026-04-02 09:40:00,-0.0013896803382742462,-0.004900306694574717
2026-04-02 09:45:00,-0.004473711246177459,-0.004364574496105277
2026-04-02 09:50:00,-0.003975222140821799,-0.0034269090551646638
2026-04-02 09:55:00,-0.005172533266479817,-0.0035064938893042234
2026-04-02 10:00:00,-0.004955039038890163,-0.0038348831624427635
2026-04-02 10:05:00,-0.0033448065111976177,-0.004655529803928386
2026-04-02 10:10:00,-0.0038751663594513985,-0.0027410532779587587
2026-04-02 10:15:00,-0.003584531024712234,-0.004330106431571942
2026-04-02 10:20:00,-0.0021266520598484107,-0.0046208568956259246
2026-04-02 10:25:00,-0.0031035521219830997,-0.002410224094944488
2026-04-02 10:30:00,-0.0034966316598179503,-0.0023670376314820045
2026-04-02 10:35:00,-0.0037096019203044506,-0.0061229293241838526
2026-04-02 10:40:00,-0.0020383797297203188,-0.007234678917689895
2026-04-02 10:45:00,-0.0016305985140014911,-0.0035872663164018266
2026-04-02 10:50:00,-0.00027451298435110516,-0.008095119836598622
2026-04-02 10:55:00,0.00044793318538083327,-0.005590004952305996
2026-04-02 11:00:00,0.0022472818764462943,-0.004531198069975332
2026-04-02 11:05:00,0.0029302862045632594,-0.005417760773940319
2026-04-02 11:10:00,0.00048008305061131296,-0.006092167311332981
2026-04-02 11:15:00,-0.0023159431582371326,-0.0047756983433185135
2026-04-02 11:20:00,-0.0023326376294559026,-0.0035069209682405044
2026-04-02 11:25:00,-0.0002749426588692927,-0.004641984607648664
2026-04-02 11:30:00,-0.0016434675877246008,-0.0023426848785938594
2026-04-02 11:35:00,-0.0016194335523032066,-0.0019159202045020633
2026-04-02 11:40:00,0.0008413621911476099,-0.0012203663715689035
2026-04-02 11:45:00,0.0018164130845601534,-0.013092666497341083
2026-04-02 11:50:00,-0.0011464195117270037,-0.011370351748660463
2026-04-02 11:55:00,-0.00023584318917357905,-0.0019229164554651957
2026-04-02 12:00:00,-0.00045380777913806014,-0.017064574281110724
2026-04-02 12:05:00,-0.0010586698479304602,-0.002160084210137263
2026-04-02 12:10:00,0.0006462343029500772,-0.001230790626933815
2026-04-02 12:15:00,0.002099726941178659,-0.001972400641522055
2026-04-02 12:20:00,0.0020537865373739805,-0.001169157083910813
2026-04-02 12:25:00,-0.0009054636028746899,-0.00029636552199566743
2026-04-02 12:30:00,-4.117549538484866e-05,-0.000622322691985866
2026-04-02 12:35:00,-0.0014332629997131363,-0.0006913767545390736
2026-04-02 12:40:00,-0.005545681416483816,-0.0010703408252126666
2026-04-02 12:45:00,-0.005183328386195285,-0.002014527425489076
2026-04-02 12:50:00,-0.00414237323202471,-0.0003636307390726378
2026-04-02 12:55:00,-0.004263409286545894,-0.0017716982526724992
2026-04-02 13:00:00,-0.004121778999277126,-0.003299844687390976
2026-04-02 13:05:00,-0.004849613280384801,-0.003383842081817579
2026-04-02 13:10:00,-0.0030944702965918225,-0.0016408868445093705
2026-04-02 13:15:00,-0.0024963558177102385,-0.0019925845929452822
2026-04-02 13:20:00,0.0004755132390350525,-0.001943940200708072
2026-04-02 13:25:00,0.002530208538976453,-0.0016053717580621699
2026-04-02 13:30:00,0.0016932971580967404,-0.0028435028530110758
2026-04-02 13:35:00,0.0027519573587806434,-0.0024836596105401246
2026-04-02 13:40:00,0.0041004381347597985,-0.0015627295857356545
2026-04-02 13:45:00,0.0031612798060596248,0.0008551098622237415
2026-04-02 13:50:00,0.004287370554155956,-0.0010119620683348139
2026-04-02 13:55:00,-0.0002651655126495456,4.664726958901684e-05
2026-04-02 14:00:00,-0.0030192491773384234,-0.001196118950542366
2026-04-02 14:05:00,-0.0006627416669218178,-0.0018833766529355986
2026-04-02 14:10:00,-0.005504938016333227,-0.0016124364708980101
2026-04-02 14:15:00,-0.004869880206641142,-0.0029191266496648473
2026-04-02 14:20:00,-0.009634218079622059,-0.004340495838592959
2026-04-02 14:25:00,-0.0060863352007451965,-0.003332789009078308
2026-04-02 14:30:00,-0.004899349939938347,-0.004917449875835554
2026-04-02 14:35:00,-0.00706411318930833,-0.005577515623555122
2026-04-02 14:40:00,-0.0037504856790757657,-0.004366655805809824
2026-04-02 14:45:00,0.0032441071017039746,-0.0036770994666379055
2026-04-02 14:50:00,0.0032062042835665494,-0.002070915822924406
2026-04-02 14:55:00,0.009902355972625898,-0.0008859389127211171
2026-04-02 15:00:00,0.010681740858947464,-0.0044449418568384665
2026-04-02 15:05:00,0.010327806446239762,-0.00021615086386047062
2026-04-02 15:10:00,0.01284249487913236,0.0010317230323559265
2026-04-02 15:15:00,0.015037032021346874,0.002798355683085698
2026-04-02 15:20:00,0.019820552360469534,0.003455734795408433
2026-04-02 15:25:00,0.014625181340859328,-0.0003944590563966549
2026-04-02 15:30:00,0.015144988347959298,0.00887687447978417
2026-04-02 15:35:00,0.021204402144714862,0.010394062269248045
2026-04-02 15:40:00,0.019598364728192763,0.01182532945072473
2026-04-02 15:45:00,0.009968789446142878,0.012260765341762481
2026-04-02 15:50:00,0.010413776741184932,0.01101690569006607
2026-04-02 15:55:00,0.007791233690742416,0.011361133177425837
2026-04-02 16:00:00,0.008108552568646843,0.010589999459780026
2026-04-02 16:05:00,0.004807361072897365,0.010161940740564524
2026-04-02 16:10:00,0.005383526662180671,0.008959100528713381
2026-04-02 16:15:00,0.0026723286471614927,0.008052422971029278
2026-04-02 16:20:00,-0.0026709091501952997,0.007346758060184025
2026-04-02 16:25:00,0.001732432787596494,0.005945365220835762
2026-04-02 16:30:00,0.000997420915087588,0.005073187067134471
2026-04-02 16:35:00,-0.0037813612838757393,0.004026629224106926
2026-04-02 16:40:00,-0.005614024338029822,0.0032450746873619045
2026-04-02 16:45:00,-0.004597384359650292,0.0014376276322951317
2026-04-02 16:50:00,-0.004866147998320969,0.0030388007455598933
2026-04-02 16:55:00,-0.004522846117504642,-0.00027535891931238193
2026-04-02 17:00:00,-0.004037477333659112,-0.000564106151204268
2026-04-02 17:05:00,-0.0026669483768735347,-0.0031596080736952343
2026-04-02 17:10:00,-0.0039172980247581535,0.00037146276183486074
2026-04-02 17:15:00,-0.005532570999150721,-0.0007403209578229798
2026-04-02 17:20:00,-0.0022803019362811483,-0.0017319477886704319
2026-04-02 17:25:00,-0.004920317670965346,-0.0022969776701366497
2026-04-02 17:30:00,-0.003291408032808363,-0.0030301054473117787
2026-04-02 17:35:00,-0.001204313387004774,-0.0032454832102792675
2026-04-02 17:40:00,-0.0016858635998531213,-0.0030455738125178826
2026-04-02 17:45:00,0.0003519207613766895,0.005628048105227233
2026-04-02 17:50:00,0.0005575761879281771,0.0007601979140626516
2026-04-02 17:55:00,-0.00027249447401800353,0.003403530989082158
2026-04-02 18:00:00,0.00019089475000910738,-0.0004152994772597486
2026-04-02 18:05:00,0.0009912887564524908,-0.0015956633089469127
2026-04-02 18:10:00,0.0020709828471279224,-0.00046530753434506953
2026-04-02 18:15:00,0.0034158688351269006,-8.842679613730948e-05
2026-04-02 18:20:00,0.002614823969606661,0.005824973573049538
2026-04-02 18:25:00,0.00012685075810203728,0.0005047057727486128
2026-04-02 18:30:00,-0.0015379859715416444,0.006318706651377372
2026-04-02 18:35:00,-0.0021658387779925903,-0.0013258487630321075
2026-04-02 18:40:00,-7.51363994346832e-05,-0.0015334342290155931
2026-04-02 18:45:00,-0.0028532651406667497,-0.0011477909127391099
2026-04-02 18:50:00,-0.002982356080023507,-0.001307663051642394
2026-04-02 18:55:00,-0.0022320982281378576,-0.0013518596916720727
2026-04-02 19:00:00,-0.0020201831904707035,-0.001543864143256067
2026-04-02 19:05:00,-0.0015023364152515484,-0.0012439859071610613
2026-04-02 19:10:00,-0.0021461768746089405,-0.0006375074406805143
2026-04-02 19:15:00,-0.00185472255951602,-0.00047886408346749454
2026-04-02 19:20:00,-0.0026105247249841312,0.00045258145464074445
2026-04-02 19:25:00,0.00015048003158391055,-0.0009385753070984181
2026-04-02 19:30:00,0.0015465714312075107,0.0004392112835517889
2026-04-02 19:35:00,0.0003824215062024905,2.126849396150536e-05
2026-04-02 19:40:00,0.0009677541243782173,0.0003975636944213611
2026-04-02 19:45:00,0.0045167738118099265,-0.0019872050714380206
2026-04-02 19:50:00,0.0038374169025114924,0.0003556682313826318
2026-04-02 19:55:00,0.004161561942895631,4.926221267176286e-05
2026-04-02 20:00:00,0.004061977464411726,0.0008345909473481131
2026-04-02 20:05:00,0.0050367902800605435,-0.0006569994537276907
2026-04-02 20:10:00,0.004356212445129515,-0.002015715424832881
2026-04-02 20:15:00,0.0033484484396435477,-0.0013451451534440301
2026-04-02 20:20:00,0.004523298154081701,0.000751196696386193
2026-04-02 20:25:00,0.0027969524388336,0.001155797719062092
2026-04-02 20:30:00,0.0010340086774025536,0.00083743772155571
2026-04-02 20:35:00,0.0019763764079314683,-0.0004980002785324247
2026-04-02 20:40:00,0.0010011008657322407,-0.0006508529985891474
2026-04-02 20:45:00,0.0002912579795300019,-0.0029139902646106754
2026-04-02 20:50:00,0.001429895762791844,-0.0018893163732461148
2026-04-02 20:55:00,0.0007900052970839511,-0.0010260315141858605
2026-04-02 21:00:00,0.0006226350500746491,0.0002019174095449757
2026-04-02 21:05:00,-0.0011075879451567516,0.0003496798445236894
2026-04-02 21:10:00,-0.00031022380221479295,-0.00020217922393363984
2026-04-02 21:15:00,-0.00037054450117146587,-4.501128284605448e-06
2026-04-02 21:20:00,-0.0013833422979701027,-3.0441351671650112e-05
2026-04-02 21:25:00,0.000630004970878062,0.0004304314257652757
2026-04-02 21:30:00,0.001769491101184073,0.0011617088724417974
2026-04-02 21:35:00,0.001493101912195982,-0.00015827290659031583
2026-04-02 21:40:00,0.0004091552287022182,0.00015895083316908135
2026-04-02 21:45:00,0.00022052864874133604,-6.551071696795259e-05
2026-04-02 21:50:00,-0.0005841265388415451,0.00011280790110717852
2026-04-02 21:55:00,0.0008684994117746925,-0.0003680749233499831
2026-04-02 22:00:00,-0.0082195391676958,0.00046613110013811704
2026-04-02 22:05:00,-0.008583577704621703,-0.001663612593494962
2026-04-02 22:10:00,-0.008751474306530227,-0.0017001787476240583
2026-04-02 22:15:00,-0.006199634556935507,-0.00012006611209551318
2026-04-02 22:20:00,-0.005311275715548902,0.0005037688484855259
2026-04-02 22:25:00,-0.007055529527880466,-0.0008447758466419003
2026-04-02 22:30:00,-0.007963751983094625,-0.0019227628565307753
2026-04-02 22:35:00,-0.006354136038623892,-0.0026976278259458635
2026-04-02 22:40:00,-0.005797316915581163,-0.0046121191893011984
2026-04-02 22:45:00,-0.006066175139000762,-0.005551618657166838
2026-04-02 22:50:00,-0.006945740116879762,-0.005842798937961696
2026-04-02 22:55:00,-0.006370800906283947,-0.0064584762348102
2026-04-06 00:00:00,0.00025660571164110024,-0.00658509073860512
2026-04-06 00:05:00,-0.000651876434222487,0.008970444207385363
2026-04-06 00:10:00,3.453724410462655e-05,0.011592052535007513
2026-04-06 00:15:00,-0.0029575345807142384,0.009817250443966797
2026-04-06 00:20:00,-0.0049520286665423185,0.006017810071268681
2026-04-06 00:25:00,-0.005436212677537355,-0.0007941349167722097
2026-04-06 00:30:00,-0.00423325439922273,0.006049176347343444
2026-04-06 00:35:00,-0.005974256161874081,0.010626488571769767
2026-04-06 00:40:00,-0.007322983050295662,-0.0022180681713377896
2026-04-06 00:45:00,-0.006408796295158226,0.004827804191206931
2026-04-06 00:50:00,-0.0048869849218284855,0.008791749585408981
2026-04-06 00:55:00,-0.007612188551142651,0.006512098224772763
2026-04-06 01:00:00,-0.0029430552341978,-0.000900033792156949
2026-04-06 01:05:00,-0.0018132410429387846,0.006146249652267345
2026-04-06 01:10:00,-0.0013283843078664148,0.005085606335007944
2026-04-06 01:15:00,-0.002348503719595385,0.002654523279439448
2026-04-06 01:20:00,-0.0004352566621292908,0.003077527823846636
2026-04-06 01:25:00,-0.0014326494521998967,0.002913155233030873
2026-04-06 01:30:00,-0.0013203382764110927,0.002290914349412095
2026-04-06 01:35:00,-0.0008325275930385345,0.0009240724759768265
2026-04-06 01:40:00,0.002323561120912032,-0.0010292320347472005
2026-04-06 01:45:00,0.0009988073641462591,6.823752798578979e-05
2026-04-06 01:50:00,0.0009892621496199183,-0.00041472222953609376
2026-04-06 01:55:00,0.0024082933123441563,0.0004073613780884347
2026-04-06 02:00:00,0.0014844860992297981,0.00014381748425715445
2026-04-06 02:05:00,0.003433513132730326,0.003107206204504802
2026-04-06 02:10:00,0.003353202491149787,0.002314956566852832
2026-04-06 02:15:00,0.00224256109499521,0.0026614186232989615
2026-04-06 02:20:00,0.0034551759257404058,0.001507573732431554
2026-04-06 02:25:00,0.008181836290640732,0.001673802727222374
2026-04-06 02:30:00,0.004217232363325607,0.001604561540087274
2026-04-06 02:35:00,0.005235115706526017,0.003775141227227497
2026-04-06 02:40:00,0.0019357865822637876,0.003312421395232185
2026-04-06 02:45:00,0.0013136127424431265,0.0035569835961184078
2026-04-06 02:50:00,0.0009364076154803058,0.003040560369209008
2026-04-06 02:55:00,0.0006941223685537068,0.003063500532086221
2026-04-06 03:00:00,-0.00031529595969637114,0.002092325306715528
2026-04-06 03:05:00,-0.0013914193749453574,0.0012110351723404736
2026-04-06 03:10:00,-0.0012092225699067427,9.266082585027179e-05
2026-04-06 03:15:00,0.00832864442632264,-0.00037052637551527294
2026-04-06 03:20:00,0.0069176145181089055,-0.0014058634939078762
2026-04-06 03:25:00,0.004299815068250723,-0.0018519081429304862
2026-04-06 03:30:00,0.005536730978812798,0.0006408532943552328
2026-04-06 03:35:00,0.003601046298399524,0.00012862070863517932
2026-04-06 03:40:00,0.00501772772515352,0.0005340419658119689
2026-04-06 03:45:00,0.006241457150384377,-0.0011660026642556223
2026-04-06 03:50:00,0.00521741813772536,0.00202385230112946
2026-04-06 03:55:00,0.004720636659472532,0.003053854140665688
2026-04-06 04:00:00,0.0010513193729977388,0.0036914613495674137
2026-04-06 04:05:00,-0.00048151511926874946,0.0033528674711238654
2026-04-06 04:10:00,-0.0006321365021211278,0.001297461879429851
2026-04-06 04:15:00,-0.007937361174414903,0.0011277810982217682
2026-04-06 04:20:00,-0.007183139930775795,-0.0014058189518259098
2026-04-06 04:25:00,-0.0065905543261592925,-0.003164801124861588
2026-04-06 04:30:00,-0.004953607841240881,-0.003997412222850561
2026-04-06 04:35:00,-0.004781960532232787,0.001172294897913074
2026-04-06 04:40:00,-0.003961655373517559,-0.0025660255912822194
2026-04-06 04:45:00,-0.003873958161479507,0.0013086616189243705
2026-04-06 04:50:00,-0.003204841015048032,2.951141381868534e-05
2026-04-06 04:55:00,-0.001548086248398306,-0.0010199986315146132
2026-04-06 05:00:00,0.0029494447279763136,-0.001220509112681646
2026-04-06 05:05:00,0.0035616074351878524,-0.0037305958844306344
2026-04-06 05:10:00,0.0021536655656966275,-0.0019311474613455688
2026-04-06 05:15:00,0.0036826573982366995,-0.000518958808415847
2026-04-06 05:20:00,0.002255798961295241,-0.0007687461841080404
2026-04-06 05:25:00,0.003466424671426438,-0.0014210147876431167
2026-04-06 05:30:00,0.0036615749457737934,-0.000863918685333794
2026-04-06 05:35:00,0.004160457140732987,-0.0014431781644162656
2026-04-06 05:40:00,0.003497151223335493,-0.001102334283320134
2026-04-06 05:45:00,0.003729949408938893,0.0011752242630221307
2026-04-06 05:50:00,0.004453410748469722,0.000920117759459382
2026-04-06 05:55:00,0.004004168647623985,0.002275610272553592
2026-04-06 06:00:00,0.0031852667124177003,0.0006959185836370653
2026-04-06 06:05:00,0.005215980847529167,-0.0003240208746123015
2026-04-06 06:10:00,0.006471819827440939,0.0005313449849967326
2026-04-06 06:15:00,0.007213710236671389,0.0013455027888056915
2026-04-06 06:20:00,0.0066878105399208465,-0.0003100654066074702
2026-04-06 06:25:00,0.004489747809081734,0.0029716418976684046
2026-04-06 06:30:00,0.004063942287674038,0.003679543214815096
2026-04-06 06:35:00,0.0037039504941098755,0.003252930198921646
2026-04-06 06:40:00,0.0027408929781387315,0.0037053772768000886
2026-04-06 06:45:00,0.0016494849100752162,0.0034771131403696577
2026-04-06 06:50:00,0.002361782709192184,0.002439944480278884
2026-04-06 06:55:00,-0.001479803320927786,0.002146085647746153
2026-04-06 07:00:00,-0.002060780863393674,0.0003397374778409466
2026-04-06 07:05:00,-0.0027548551615552697,-0.00040691511191217824
2026-04-06 07:10:00,-0.002729584458535328,-0.001404749205117905
2026-04-06 07:15:00,-0.003988788709662572,-0.0018081638300228504
2026-04-06 07:20:00,-0.0038612362964638436,-0.005046930127341241
2026-04-06 07:25:00,-0.002303550500963425,-0.004818590594850989
2026-04-06 07:30:00,-0.0019751641936149866,-0.004188220555552653
2026-04-06 07:35:00,-0.0023367228935864404,-0.004463925669081072
2026-04-06 07:40:00,-0.0012986248209543305,-0.004234309112566441
2026-04-06 07:45:00,-0.0007041346733753784,-0.0030778710284533827
2026-04-06 07:50:00,-0.0009217400531280617,-0.00354251559042231
2026-04-06 07:55:00,0.0028738396457850257,-0.0025367369902062568
2026-04-06 08:00:00,0.0011253692462869225,-0.001371762320872039
2026-04-06 08:05:00,-0.00023617719410928828,-0.0032453852763425816
2026-04-06 08:10:00,-0.0018188558251299725,-0.004737569089491767
2026-04-06 08:15:00,-0.0019208008810451815,-0.005087020922821205
2026-04-06 08:20:00,-0.002131020911374293,-0.004443210178070342
2026-04-06 08:25:00,-0.0013322161879241179,-0.0038878304041780574
2026-04-06 08:30:00,-0.00102450332903814,-0.0044959757053668935
2026-04-06 08:35:00,0.000457474726056617,-0.002831177054931613
2026-04-06 08:40:00,0.0018347546200949694,-0.002255124197392004
2026-04-06 08:45:00,0.0033552150351248144,-0.0018147039329386332
2026-04-06 08:50:00,0.003897655748913209,-0.0013796687698777472
2026-04-06 08:55:00,0.004149143936922783,-0.0010562555681218353
2026-04-06 09:00:00,0.007307630646687713,-0.002736003586926329
2026-04-06 09:05:00,0.00591764576427245,-0.0028679297674820735
2026-04-06 09:10:00,0.007985159712140089,-0.0023337954141631435
2026-04-06 09:15:00,0.007906568090039201,-0.0015227846471552147
2026-04-06 09:20:00,0.009945215591400824,-4.366751187158043e-05
2026-04-06 09:25:00,0.00862358532165075,0.0009901220228820393
2026-04-06 09:30:00,0.008748497969465419,0.0032683816344811485
2026-04-06 09:35:00,0.007137782939395265,0.004839326758906057
2026-04-06 09:40:00,0.0061555754672468765,0.004439505596680007
2026-04-06 09:45:00,0.0052556199290787475,0.0032261266243977125
2026-04-06 09:50:00,0.0027924189832919666,0.002777849261173764
2026-04-06 09:55:00,0.0024620867260658486,0.0015001564988161606
2026-04-06 10:00:00,0.0012414941686671455,0.0023295832381875067
2026-04-06 10:05:00,0.00305215539480308,-0.001407413335187589
2026-04-06 10:10:00,0.002521424917972581,0.001911156891756496
2026-04-06 10:15:00,0.0028933405220055164,0.0023991713387973334
2026-04-06 10:20:00,0.0021780123131165396,0.0024913628311435906
2026-04-06 10:25:00,0.0024973692680081427,0.002212269471209233
2026-04-06 10:30:00,0.0020046270595930338,0.0022189667984507996
2026-04-06 10:35:00,0.002625313303560972,0.0018492690467283577
2026-04-06 10:40:00,0.0022412061233403335,0.00200222407253036
2026-04-06 10:45:00,0.0008236207213521141,-0.0006256225183900064
2026-04-06 10:50:00,3.621393917541127e-05,-0.00121206066487218
2026-04-06 10:55:00,-0.0006517030764872089,0.0027191274172050435
2026-04-06 11:00:00,-0.000325663222410455,-0.00297538592704305
2026-04-06 11:05:00,-0.0013224515191776476,-0.0022879954415915187
2026-04-06 11:10:00,-0.0031591766408816113,-0.0020073544288298586
2026-04-06 11:15:00,-0.0020892685046440818,-0.0022636713278788613
2026-04-06 11:20:00,-0.0026598167439519926,-0.0018423024510759972
2026-04-06 11:25:00,-0.002736148764805435,-0.0022196029946472827
2026-04-06 11:30:00,-0.0029530105631643266,-0.0022791613014019464
2026-04-06 11:35:00,-0.002218183192159273,-0.0024008621059611567
2026-04-06 11:40:00,-0.001712910333585782,-0.002397552878393933
2026-04-06 11:45:00,-0.001662836423468761,-0.0020317357743499884
2026-04-06 11:50:00,-0.0006797625993844036,-0.002148667861173557
2026-04-06 11:55:00,-0.0008269536183718174,-0.0002740685738889722
2026-04-06 12:00:00,-0.0008902614932271291,0.0014193132452498002
2026-04-06 12:05:00,2.3440288529741338e-05,-0.001649697347562644
2026-04-06 12:10:00,0.0005887083354938483,-0.0012943649013143477
2026-04-06 12:15:00,0.00027711637146232704,-0.0005041855074753462
2026-04-06 12:20:00,-0.00027511636636035064,-0.0010336903493384573
2026-04-06 12:25:00,-0.0002729606868268064,-0.001113064553095533
2026-04-06 12:30:00,-0.0001215433447452341,-0.0011193077237149163
2026-04-06 12:35:00,-0.0005201327734809524,-0.0004115068548882362
2026-04-06 12:40:00,-0.0023645889992867097,-0.0006051985392531785
2026-04-06 12:45:00,-0.0021288858058508,-0.0010986584932260273
2026-04-06 12:50:00,-0.0016427125939575404,0.0013530755674700684
2026-04-06 12:55:00,-0.0023417689661702212,0.00028662834493988284
2026-04-06 13:00:00,-0.002361538123176743,-0.0005818699766907021
2026-04-06 13:05:00,-0.0028637783863221244,-0.0010639102440586428
2026-04-06 13:10:00,-0.0036123602804050137,-0.0016648259506495597
2026-04-06 13:15:00,-0.00395938627896264,-0.0017134633770319232
2026-04-06 13:20:00,-0.005132295902063433,-0.002144623997582641
2026-04-06 13:25:00,-0.004720337819520637,-0.00239649263543425
2026-04-06 13:30:00,-0.0033557329348443687,-0.0030511244853824978
2026-04-06 13:35:00,-0.0027864598304301325,-0.00300591495754249
2026-04-06 13:40:00,-0.0015809300441294027,-0.0031585028815872794
2026-04-06 13:45:00,-0.0008801820750470313,-0.0027897521234244303
2026-04-06 13:50:00,-0.0013930852248478232,-0.002291820860946828
2026-04-06 13:55:00,-0.00043180847186619076,-0.0018261182900854635
2026-04-06 14:00:00,-0.002170188460725697,-0.001398936730162473
2026-04-06 14:05:00,-0.001991548878423899,-0.0016715738471061526
2026-04-06 14:10:00,-0.0008628285251557344,-0.001453705848684422
2026-04-06 14:15:00,-0.0020284699509538484,-0.001423679490771387
2026-04-06 14:20:00,0.0017928810095089176,-0.0013971073056275362
2026-04-06 14:25:00,0.0007839895184158507,0.0002311009974870639
2026-04-06 14:30:00,-0.0004772529156458205,0.0007169829253182277
2026-04-06 14:35:00,-0.0006951552240650472,0.00029818741626970826
2026-04-06 14:40:00,-0.0023632323047877435,-0.00015688197087927608
2026-04-06 14:45:00,-0.0030438752181733975,-0.0015170935892297448
2026-04-06 14:50:00,0.0005066067397265783,-0.002007734317114223
2026-04-06 14:55:00,0.0011026655275649944,-0.0014039642877081886
2026-04-06 15:00:00,-0.000623061650800949,-0.0012479320673630392
2026-04-06 15:05:00,0.00024407633287282238,-0.000982370110449781
2026-04-06 15:10:00,0.0007386955828962982,-0.0002806516228117035
2026-04-06 15:15:00,0.004449957174296415,2.1863050639876536e-05
2026-04-06 15:20:00,0.002820966768956268,0.000533214973360642
2026-04-06 15:25:00,0.003360327394821283,-0.00048136824262533023
2026-04-06 15:30:00,0.004342516102346039,0.0006906221407398046
2026-04-06 15:35:00,0.0022633607196738126,-0.0006139500675983093
2026-04-06 15:40:00,0.0038886585020581066,0.0002519936170189521
2026-04-06 15:45:00,0.003150734745014816,0.0004262840450152462
2026-04-06 15:50:00,0.00118535428737232,3.0363567229676648e-05
2026-04-06 15:55:00,0.0002818820342351813,0.004393735467719067
2026-04-06 16:00:00,0.0006059379966139034,0.00308646212640695
2026-04-06 16:05:00,-0.0008373873576967839,0.002958205757900653
2026-04-06 16:10:00,-0.0021619545282849373,0.001838923855050183
2026-04-06 16:15:00,-0.0037362034533199306,0.0012427563765678204
2026-04-06 16:20:00,-0.004345889479747456,0.0010878220736066366
2026-04-06 16:25:00,-0.0039343359607393324,-0.00025644475360671527
2026-04-06 16:30:00,-0.005192718799467144,-0.0010197153859245846
2026-04-06 16:35:00,-0.006315560238126849,-0.001436364359459347
2026-04-06 16:40:00,-0.005057352646327118,-0.0023558904995830115
2026-04-06 16:45:00,-0.003268651815147905,-0.003359003419971366
2026-04-06 16:50:00,-0.004106676544848753,-0.0028697816262721705
2026-04-06 16:55:00,-0.0032357400761853228,-0.0010566444778597817
2026-04-06 17:00:00,-0.001165096916215802,-0.0024515321955624896
2026-04-06 17:05:00,-0.000842377870197808,-0.0008813073360707857
2026-04-06 17:10:00,0.0018065923012624552,-0.0009041889979207431
2026-04-06 17:15:00,0.00029992459263716853,-0.0010337442766594875
2026-04-06 17:20:00,0.0007434761385614053,0.001508900456005012
2026-04-06 17:25:00,-0.00039214300221779297,0.0010229467566772589
2026-04-06 17:30:00,-0.00011998603034157895,8.749299923352223e-05
2026-04-06 17:35:00,0.002218951694391791,8.281148583303262e-05
2026-04-06 17:40:00,0.0006349097611870747,0.0002681193651133081
2026-04-06 17:45:00,0.00020152256799477186,0.0005867917075098183
2026-04-06 17:50:00,-0.0006003018841092,-9.289090167456649e-05
2026-04-06 17:55:00,-0.0016593528902486554,-0.0004791917886783992
2026-04-06 18:00:00,-0.001677208592186119,-0.0005772425462228608
2026-04-06 18:05:00,-0.0010598744161427476,0.0010419535105139059
2026-04-06 18:10:00,-0.0037389476055764703,0.0008022211375771282
2026-04-06 18:15:00,-0.001923219765812334,0.0008789777117590011
2026-04-06 18:20:00,-0.0019659492033774484,-9.752990060867635e-05
2026-04-06 18:25:00,-0.002001680534732486,-0.0009638698467633433
2026-04-06 18:30:00,-0.001677025153817624,-0.0003310164350851405
2026-04-06 18:35:00,-0.0011496349674189332,-0.0009406307025965591
2026-04-06 18:40:00,-0.0015751448033309856,-0.000830601688224031
2026-04-06 18:45:00,-0.0026573553288002927,-0.0007280425587857921
2026-04-06 18:50:00,-0.0015431422849410126,-0.001632810032819466
2026-04-06 18:55:00,-0.0014149816470094834,-0.0009739710116906206
2026-04-06 19:00:00,-0.0012844720288409661,-0.0007401046207895407
2026-04-06 19:05:00,-2.146655189427804e-05,-0.0008245351709002734
2026-04-06 19:10:00,0.0013959643869263516,-0.0009031847439784646
2026-04-06 19:15:00,0.0007808829951940766,-0.0002006070624529038
2026-04-06 19:20:00,0.00049345846724691,-0.0005787114977806148
2026-04-06 19:25:00,0.0009552134447599059,-0.000990500901280802
2026-04-06 19:30:00,2.1463096352647426e-05,-0.0004576946622963929
2026-04-06 19:35:00,-0.0021032173647181907,-0.0007666840103265696
2026-04-06 19:40:00,-0.001248572416606919,-0.0007368508818953604
2026-04-06 19:45:00,-0.00036330530836004016,-0.0011183606955762252
2026-04-06 19:50:00,-0.0009863682144786168,-0.0002810750109278485
2026-04-06 19:55:00,0.0009578544793651389,-5.0623811737729e-05
2026-04-06 20:00:00,0.0012694459424800186,-0.00018114583194039265
2026-04-06 20:05:00,-0.0015425040170882198,-0.00014743446898565811
2026-04-06 20:10:00,-0.0018602858088687668,0.0001500875752149235
2026-04-06 20:15:00,-0.0032519725198962846,-0.001555702661988331
2026-04-06 20:20:00,-0.0031709570584048663,-0.002761039520980832
2026-04-06 20:25:00,-0.002281144396206969,-0.002895862333920232
2026-04-06 20:30:00,-0.001527175313004392,-0.0025250841354361787
2026-04-06 20:35:00,0.0003268367393580718,-0.0017382980001178967
2026-04-06 20:40:00,0.00030315311721906824,-0.0009037466623758623
2026-04-06 20:45:00,0.0009713850521499978,0.0006714522740460696
2026-04-06 20:50:00,0.0008209669387930774,0.000948440183570223
2026-04-06 20:55:00,-0.000549687701051127,-0.00012052326891312965
2026-04-06 21:00:00,-0.0007043327490219298,-0.0003569957028818942
2026-04-06 21:05:00,0.0005631393230807191,-0.0005993758228391619
2026-04-06 21:10:00,0.0013665519256900183,-0.00019471947099036904
2026-04-06 21:15:00,0.0018742898985593115,0.0009302430180066514
2026-04-06 21:20:00,0.001954034605603283,0.0012731363130253977
2026-04-06 21:25:00,0.001328078521741105,0.0007918587410512618
2026-04-06 21:30:00,0.0010334075112297114,0.0008360968453057935
2026-04-06 21:35:00,0.0002558042316245235,0.0003154276811501455
2026-04-06 21:40:00,0.000270825050822765,-0.00042107838753219397
2026-04-06 21:45:00,-0.001100400940636348,-0.0001758755793387562
2026-04-06 21:50:00,-0.0005973908381466941,2.1372459721674518e-05
2026-04-06 21:55:00,-0.0013024193309583154,-0.0003404198779532369
2026-04-06 22:00:00,0.0014746653283008726,-0.002306312656075727
2026-04-06 22:05:00,0.0029095111693688835,-0.0021166853911813183
2026-04-06 22:10:00,0.00145259824946109,-0.0022776606338215533
2026-04-06 22:15:00,0.0017443155947525213,-0.002917964705428207
2026-04-06 22:20:00,0.001081781954741956,-0.002527855577219892
2026-04-06 22:25:00,0.0012834217179040763,-0.001468304086233531
2026-04-06 22:30:00,0.0007148108899812655,-0.0014010039959821646
2026-04-06 22:35:00,0.00175661675344152,-0.0010260000859853597
2026-04-06 22:40:00,0.001419556396218269,0.0002792685068721006
2026-04-06 22:45:00,0.0023798131008447854,-0.00010357253760071505
2026-04-06 22:50:00,0.0012116005778608496,0.00023400230467317037
2026-04-06 22:55:00,0.0018821593660049984,0.0008507310220384562
2026-04-07 00:00:00,-0.0005084816782598978,0.0012129292189910882
2026-04-07 00:05:00,-0.001633948750484393,-0.0012671618923559098
2026-04-07 00:10:00,-0.0008107917245769869,-0.001162052386082598
2026-04-07 00:15:00,-0.0013836171240253492,-0.0013585720590907435
2026-04-07 00:20:00,-0.001657492156416751,-0.0008886030064560984
2026-04-07 00:25:00,-0.0017216215827158265,-0.0005962708527569735
2026-04-07 00:30:00,-0.0013312893569246143,-0.0012538417912794184
2026-04-07 00:35:00,-0.0011549824387024898,-0.0006818181500172627
2026-04-07 00:40:00,-0.0009661960970124284,9.339789635939006e-05
2026-04-07 00:45:00,-0.0011526859177184434,0.0004154311912695402
2026-04-07 00:50:00,0.0004185631753426122,9.043710355873922e-05
2026-04-07 00:55:00,1.2879295244516697e-05,-3.6346498019361204e-05
2026-04-07 01:00:00,-0.0010048504198234554,3.614132727252496e-05
2026-04-07 01:05:00,-0.001277711202833487,0.0011940613009458739
2026-04-07 01:10:00,-0.0005065421310970208,0.00045854563236866875
2026-04-07 01:15:00,-1.931983449487973e-05,0.0005011787265789128
2026-04-07 01:20:00,0.0011510891518096145,0.0006284629014499423
2026-04-07 01:25:00,0.0010479232539246652,0.0009499121536577658
2026-04-07 01:30:00,0.0014686119106528395,0.000903321651202633
2026-04-07 01:35:00,0.0011442545400512927,0.0008795489326989458
2026-04-07 01:40:00,0.0012086721000503786,0.0005832023318436238
2026-04-07 01:45:00,0.0006677323435919646,0.000758856802105473
2026-04-07 01:50:00,-0.00047867894114972387,0.0008583023474317429
2026-04-07 01:55:00,-0.001374727150627919,0.000643399158618731
2026-04-07 02:00:00,0.0013717555789565239,0.00034955874265829676
2026-04-07 02:05:00,-0.0017527960502103923,0.000943582983158898
2026-04-07 02:10:00,-0.0036456474938457717,0.0004982050432536519
2026-04-07 02:15:00,-0.0015790477650465817,-0.00044916122207606246
2026-04-07 02:20:00,-0.0019916195307896345,-0.0006627854654509946
2026-04-07 02:25:00,-0.001067260024191441,0.00021695770533236867
2026-04-07 02:30:00,-0.0005708705931350977,-0.0004826721715773178
2026-04-07 02:35:00,-0.0045892060199630436,-0.0007072618422987175
2026-04-07 02:40:00,-0.004020239878206766,-0.0013577788498378327
2026-04-07 02:45:00,-0.005224921881698208,-0.0011729191967902502
2026-04-07 02:50:00,-0.006637056677504916,-0.001520263170866961
2026-04-07 02:55:00,-0.005429272929054818,0.0003435692900364139
2026-04-07 03:00:00,-0.007206055220400742,0.00022830844354147946
2026-04-07 03:05:00,-0.0029447228644698953,-0.002165121216110135
2026-04-07 03:10:00,-0.0030233702831292675,0.0005777346889585403
2026-04-07 03:15:00,-0.004298598210874971,5.9479271140778874e-05
2026-04-07 03:20:00,-0.004260796082171225,-0.001480742522709564
2026-04-07 03:25:00,-0.004245943456275825,-0.0027618364623167775
2026-04-07 03:30:00,-0.004296260993029932,-0.0033893258486641176
2026-04-07 03:35:00,0.0006722776242540363,-0.003415710032942606
2026-04-07 03:40:00,0.0008634565712881681,-0.0022539750773579083
2026-04-07 03:45:00,0.0035536793172585845,-0.00137762923015804
2026-04-07 03:50:00,0.0051544894594552915,-0.00026940130095606856
2026-04-07 03:55:00,0.005061642859654825,0.0006755206136105543
2026-04-07 04:00:00,0.004122872439886294,0.0019562438809944517
2026-04-07 04:05:00,0.00305664950958473,0.0012281542113515486
2026-04-07 04:10:00,0.003975316460222089,-0.00020123276538454047
2026-04-07 04:15:00,0.002305656779892473,0.0017320338314668559
2026-04-07 04:20:00,0.0026551618131449573,-0.0001708206233914069
2026-04-07 04:25:00,0.0017375899305847042,0.0017021468328848313
2026-04-07 04:30:00,0.001669494423365947,0.002276808360295556
2026-04-07 04:35:00,0.0006739785335660997,0.0026529905784314243
2026-04-07 04:40:00,0.00043897873594822556,-0.0015254549958188337
2026-04-07 04:45:00,-0.0007592108443610357,-0.0014263273023261602
2026-04-07 04:50:00,-0.0005635220707773669,-0.0014112566257005296
2026-04-07 04:55:00,-0.00016988644529902786,-0.0012269179533417138
2026-04-07 05:00:00,0.0005206182136046067,-0.001257606286289161
2026-04-07 05:05:00,0.0005336317207156327,-0.000821594995306292
2026-04-07 05:10:00,0.00024322547228727842,-0.0004972429270894515
2026-04-07 05:15:00,0.0016295150256677715,-0.00014950751089018024
2026-04-07 05:20:00,0.0015583199990327756,-0.00034782003990198123
2026-04-07 05:25:00,0.0016872701224048825,0.00027971840243313595
2026-04-07 05:30:00,0.002847856630420864,0.0001637698867643927
2026-04-07 05:35:00,0.0028008603597182713,0.00017107440167701834
2026-04-07 05:40:00,0.003041729427527784,0.0009195007768984348
2026-04-07 05:45:00,0.002893953832316498,0.0009318753296631125
2026-04-07 05:50:00,0.00300965313295265,0.0007930970043156654
2026-04-07 05:55:00,0.0022942539885431046,0.0014974053975105503
2026-04-07 06:00:00,0.0015409035492766066,0.00111025330447559
2026-04-07 06:05:00,0.0014595765520741821,0.0020018825819045167
2026-04-07 06:10:00,0.0020145583870139205,0.0012835334876078641
2026-04-07 06:15:00,0.0011564845023830372,0.0013592462315433517
2026-04-07 06:20:00,-0.0006518743769898805,0.0009627668615147526
2026-04-07 06:25:00,-0.0038219543637882936,0.0003840795793123103
2026-04-07 06:30:00,-0.0058959756897571935,-0.0005464812003024935
2026-04-07 06:35:00,-0.00409323145866658,-0.001652239904038217
2026-04-07 06:40:00,-0.006621578784898219,-0.0014307169797350434
2026-04-07 06:45:00,-0.005384250292516768,-0.002550114043593718
2026-04-07 06:50:00,-0.004934904882457403,-0.0025222581011311866
2026-04-07 06:55:00,-0.0037340708704967085,-0.0037692046027767235
2026-04-07 07:00:00,-0.002414491555345677,-0.003602448768052279
2026-04-07 07:05:00,-0.0025185110874872407,-0.002368090602911753
2026-04-07 07:10:00,-0.001863917409369975,-0.0027003589226771846
2026-04-07 07:15:00,-0.002600742537300249,-0.0022444318789296984
2026-04-07 07:20:00,-0.0009215241109625794,-0.0024089595717846214
2026-04-07 07:25:00,0.001953736332346523,-0.0016708206399077485
2026-04-07 07:30:00,0.002559407321712115,-0.0017318590742584855
2026-04-07 07:35:00,0.0013461836654862225,-0.0003166434000850834
2026-04-07 07:40:00,0.004517413265329395,-0.00044686668746369304
2026-04-07 07:45:00,0.0031785573382325794,0.0004218103972118193
2026-04-07 07:50:00,0.0031465314065961536,0.00022689335867034758
2026-04-07 07:55:00,0.0024866324123795636,0.0006216809984999188
2026-04-07 08:00:00,0.0013272943755247013,0.00014622087209820978
2026-04-07 08:05:00,0.00237028608165879,-0.0010201859638302032
2026-04-07 08:10:00,0.0009850628290113406,1.9767625738592905e-05
2026-04-07 08:15:00,0.0020291162449783684,-0.001439616507778661
2026-04-07 08:20:00,0.00124213590124711,-0.0002754276931501848
2026-04-07 08:25:00,-0.0002650185259156501,-0.0004954372290490982
2026-04-07 08:30:00,-0.00010983153791244149,-0.0010964777649874456
2026-04-07 08:35:00,-8.609816051219354e-06,-0.0007825489784438299
2026-04-07 08:40:00,-0.0020482948442879234,-0.0011486411640495558
2026-04-07 08:45:00,-0.0016676981566465798,-0.002569398287877119
2026-04-07 08:50:00,-0.003030135790700328,-0.0022218501115735347
2026-04-07 08:55:00,-0.0017309542952812507,-0.0029086358079227705
2026-04-07 09:00:00,-0.0002988639965320061,-0.0031179022345394288
2026-04-07 09:05:00,-0.0006941571803249502,-0.001447096007325558
2026-04-07 09:10:00,0.0025034526780487454,-0.0015749342895166854
2026-04-07 09:15:00,0.001941339532265829,-0.0008557888675783297
2026-04-07 09:20:00,0.007540169037284272,-0.001567839623423607
2026-04-07 09:25:00,0.007885954830841868,0.0003842000769902746
2026-04-07 09:30:00,0.008942883204055008,0.0014895419907890834
2026-04-07 09:35:00,0.007607925913845293,0.0015929106968107201
2026-04-07 09:40:00,0.00860382698367168,0.002685009802704082
2026-04-07 09:45:00,0.008323631937603437,0.003108976419340236
2026-04-07 09:50:00,0.009675816960543315,0.004759680086442681
2026-04-07 09:55:00,0.007858696113515862,0.005666378090255191
2026-04-07 10:00:00,0.007028625465990146,0.0020688383498327838
2026-04-07 10:05:00,0.007408781951788512,0.0008215077124457462
2026-04-07 10:10:00,0.004729971990652615,0.0022277769011943716
2026-04-07 10:15:00,0.006238678313588153,-0.0003755103488203612
2026-04-07 10:20:00,0.0023119375752322924,0.001329463303867037
2026-04-07 10:25:00,0.0020418239122559356,0.0007111422151481528
2026-04-07 10:30:00,-0.00043126270971960423,0.0010597100860529902
2026-04-07 10:35:00,-0.0010429847404456183,0.0012180307139521699
2026-04-07 10:40:00,-0.003298102411667614,0.0006450528009228057
2026-04-07 10:45:00,-0.003226002472606737,0.00037003373184597
2026-04-07 10:50:00,-0.003003611934246919,-0.00063994065899391
2026-04-07 10:55:00,-0.0023515589907550094,-0.0010188870398126209
2026-04-07 11:00:00,-0.0017867566793068335,-0.001659802691316629
2026-04-07 11:05:00,-0.0025811649224216637,-0.0011590184667757877
2026-04-07 11:10:00,-0.0019525998846301462,-0.0016606936799159896
2026-04-07 11:15:00,-0.002811890355058466,-0.001891136730346395
2026-04-07 11:20:00,-0.004654915381895108,-0.0018561665170034375
2026-04-07 11:25:00,-0.0039421555440650735,-0.001378984027614319
2026-04-07 11:30:00,-0.003272548190837554,-0.0015732588574348396
2026-04-07 11:35:00,-0.0026851287071707475,-0.000665852198320603
2026-04-07 11:40:00,-0.0011189471918378047,0.0007663182319116918
2026-04-07 11:45:00,-0.0035073370131897263,0.000465954619888136
2026-04-07 11:50:00,-0.0031565520320899765,-0.0008517678193899884
2026-04-07 11:55:00,-0.00441875899969979,-0.0013366856832857244
2026-04-07 12:00:00,-0.004321911452526805,-0.0026271593670182947
2026-04-07 12:05:00,-0.004902864243375049,-0.0026171259282720826
2026-04-07 12:10:00,-0.008991691877286101,-0.0034435557422916358
2026-04-07 12:15:00,-0.007884155304157758,-0.0036879030400732093
2026-04-07 12:20:00,-0.0059031034900787205,-0.004256657376386349
2026-04-07 12:25:00,-0.004519206773375473,-0.004104113332633601
2026-04-07 12:30:00,-0.0038681197073060503,-0.002858273248473072
2026-04-07 12:35:00,-0.0021141997261171497,-0.0033332738852511596
2026-04-07 12:40:00,0.00021659898926529308,-0.003965476372443048
2026-04-07 12:45:00,0.0020857080761604863,-0.0028113029226222003
2026-04-07 12:50:00,0.0005861734103103089,-0.00023335808548341806
2026-04-07 12:55:00,0.0018556825923194964,-0.0021723182200640077
2026-04-07 13:00:00,0.0007645539436627047,0.0005271581777501501
2026-04-07 13:05:00,0.0011925393581435628,0.001199119021672088
2026-04-07 13:10:00,0.00440928643751981,0.0014619602056346287
2026-04-07 13:15:00,0.003727659625564428,0.002774674279211547
2026-04-07 13:20:00,0.00491381428429527,0.0034430052534631366
2026-04-07 13:25:00,0.00401998505607537,0.003842248566746963
2026-04-07 13:30:00,0.00244453731397698,0.0026283462133447812
2026-04-07 13:35:00,0.0019855437520153174,0.003060522321318831
2026-04-07 13:40:00,-0.0014591964135046709,0.0026468333937398015
2026-04-07 13:45:00,-0.0024125982353755404,0.0017339321780117025
2026-04-07 13:50:00,-0.0009169869784013684,0.0007221416171929583
2026-04-07 13:55:00,-0.0017567978402670548,0.0013309840029550807
2026-04-07 14:00:00,-0.0005991373889546736,0.0007284934115541605
2026-04-07 14:05:00,-0.00026202186528934135,0.0002302376107909219
2026-04-07 14:10:00,0.00038875447637742866,0.000375413256281933
2026-04-07 14:15:00,-0.001473915617680177,0.003770056688366832
2026-04-07 14:20:00,-0.0018699009383400522,0.0005483284536660683
2026-04-07 14:25:00,-0.0012502186294085504,-0.0005421870774490862
2026-04-07 14:30:00,-0.00310072437449449,-0.0007005183536702951
2026-04-07 14:35:00,-0.0035208694393755735,-0.0004047160933908285
2026-04-07 14:40:00,-0.003795283263364979,0.00018105775665995004
2026-04-07 14:45:00,-0.00031193562762155125,0.002130821460011986
2026-04-07 14:50:00,-0.0003975506633970838,0.0022891439188929682
2026-04-07 14:55:00,-0.0019063280353144307,0.0017021147566291688
2026-04-07 15:00:00,-0.006674859878192052,0.0006016199542943682
2026-04-07 15:05:00,-0.009157924896756597,4.3947398482096215e-05
2026-04-07 15:10:00,-0.007416629626225912,-0.0012853519787156137
2026-04-07 15:15:00,-0.007462995003400863,-0.002909704836098648
2026-04-07 15:20:00,-0.003612448801055379,-0.0020779259641645247
2026-04-07 15:25:00,-0.00321958333294603,-0.00025393963062932167
2026-04-07 15:30:00,0.001501065866372997,-0.0008491974358137322
2026-04-07 15:35:00,0.0016814243170859555,0.001806957256211362
2026-04-07 15:40:00,0.0016778111843507304,0.002017880503058079
2026-04-07 15:45:00,0.0002904259493412553,0.002008492530818446
2026-04-07 15:50:00,-0.0029317075688837235,0.0006140719595595229
2026-04-07 15:55:00,-0.002220737852358212,-0.0003935741621947611
2026-04-07 16:00:00,0.0006225990684871618,-6.5827904416216445e-06
2026-04-07 16:05:00,0.004675755621768474,0.0020771885253065814
2026-04-07 16:10:00,0.004354050883128124,0.0022022252172740507
2026-04-07 16:15:00,0.0073189246279987685,0.0028372195895299984
2026-04-07 16:20:00,0.0008376156652278866,0.0035282849014751346
2026-04-07 16:25:00,0.0017056500283416653,0.0016479946376054576
2026-04-07 16:30:00,-0.0015979168117681297,-0.0005258304048357847
2026-04-07 16:35:00,-0.0022044892310333353,-0.0012034492722148593
2026-04-07 16:40:00,-0.0001678697334828172,-0.0008936955688233905
2026-04-07 16:45:00,0.000662285856451561,-0.001449061028336782
2026-04-07 16:50:00,0.003075703631807869,3.697673924099941e-05
2026-04-07 16:55:00,0.005089606381165623,0.00029116426399553827
2026-04-07 17:00:00,0.007436819447983467,0.0025048388320087285
2026-04-07 17:05:00,0.004058923402567416,0.0028232338044430487
2026-04-07 17:10:00,0.0035627971965617178,0.0018535253169876871
2026-04-07 17:15:00,0.0016244269195873073,0.0008213147268678005
2026-04-07 17:20:00,0.002564464990799209,0.0002403546028208591
2026-04-07 17:25:00,0.002153176873873619,0.0007883474029985471
2026-04-07 17:30:00,0.0029315008818500132,0.001202770673647711
2026-04-07 17:35:00,0.002923928400196729,0.0015943543017105444
2026-04-07 17:40:00,0.0032769688703009336,0.002709586726983977
2026-04-07 17:45:00,0.0013640442260811625,0.0021658988886598084
2026-04-07 17:50:00,0.0014924686801887077,0.0008669077077945057
2026-04-07 17:55:00,5.79806623903778e-05,0.0013955404035797896
2026-04-07 18:00:00,0.0008833979660263225,0.0008860600209258661
2026-04-07 18:05:00,0.002909685978774945,0.0007165389140980737
2026-04-07 18:10:00,0.0019212590152513087,0.0014484974763914588
2026-04-07 18:15:00,-0.00021257248211092872,0.0022950832879799978
2026-04-07 18:20:00,0.00011806920371704166,0.0013917551686448743
2026-04-07 18:25:00,-0.0003581834774148973,0.0009818902746656132
2026-04-07 18:30:00,0.0027281930384663866,0.0007862180683721641
2026-04-07 18:35:00,0.004519534834855676,-0.0004679607507935171
2026-04-07 18:40:00,0.0023763286957549923,0.0015999491552473018
2026-04-07 18:45:00,0.0042114074257320055,-0.00016440845331810964
2026-04-07 18:50:00,0.003611349461680291,0.0017984619195686516
2026-04-07 18:55:00,0.004084533547093372,0.0018033149642090777
2026-04-07 19:00:00,0.0026775840702377707,0.002545611419742413
2026-04-07 19:05:00,0.002540117329454361,0.0009006470695135212
2026-04-07 19:10:00,0.0034003163616755927,0.00116595954286048
2026-04-07 19:15:00,0.006031072752143984,0.001792244387726928
2026-04-07 19:20:00,0.004264745893932442,0.002543881745618572
2026-04-07 19:25:00,0.0043025734075303745,-0.0035757948320783457
2026-04-07 19:30:00,0.002261772114856342,-0.0016591170384131718
2026-04-07 19:35:00,0.000194459611243758,-0.0023322314542892574
2026-04-07 19:40:00,0.0015632805550627182,-0.0026432573512133323
2026-04-07 19:45:00,-0.0008896436238376992,-0.003281379059157814
2026-04-07 19:50:00,-0.0026183209543706454,-0.0021682177165106157
2026-04-07 19:55:00,-0.0027454718059676253,-0.0017541380295808542
2026-04-07 20:00:00,-0.0027504563080906763,-0.0028148573873637084
2026-04-07 20:05:00,-0.0035777064429645122,-0.001084251401518173
2026-04-07 20:10:00,-0.0034046007783938848,0.000412871020650416
2026-04-07 20:15:00,0.0011477089748623825,-0.000922572779131246
2026-04-07 20:20:00,0.002229012663645946,-0.0023235757730007862
2026-04-07 20:25:00,0.0011356990679178836,-0.0013372366452797943
2026-04-07 20:30:00,0.0005955894536846529,-0.00032624550015654825
2026-04-07 20:35:00,0.0012150501128118663,-0.00010131952359608612
2026-04-07 20:40:00,0.0013794725599076685,3.214582694554264e-05
2026-04-07 20:45:00,0.007163064257623475,0.0005846677217776605
2026-04-07 20:50:00,0.007589853181514172,0.0007485027338458185
2026-04-07 20:55:00,0.008507382049730339,0.0016629273298195614
2026-04-07 21:00:00,0.008602850726926903,0.0030854308284180925
2026-04-07 21:05:00,0.009669459252206636,0.0040208949718433355
2026-04-07 21:10:00,0.008755344026777578,0.004125551815445491
2026-04-07 21:15:00,0.0036158322866324255,0.003666551001266251
2026-04-07 21:20:00,0.003757134185381261,0.0006778716204416045
2026-04-07 21:25:00,0.00536429347845413,0.0022742039025322957
2026-04-07 21:30:00,0.0053061926706181595,-0.0013765637615142812
2026-04-07 21:35:00,0.004739294911969338,0.0010312846062212177
2026-04-07 21:40:00,0.004645437758226123,0.0026527684342949258
2026-04-07 21:45:00,0.0008705623107996274,0.0034345290905315024
2026-04-07 21:50:00,0.0019341502466314608,0.0037962237438445307
2026-04-07 21:55:00,0.0007588116566434877,0.003641993501019201
2026-04-07 22:00:00,0.007983618081583543,0.0032886283474648165
2026-04-07 22:05:00,0.007913308500388183,0.0037663817143808857
2026-04-07 22:10:00,0.004895496121694265,0.004571842378858331
2026-04-07 22:15:00,0.004950253382750347,0.004784103973475449
2026-04-07 22:20:00,0.004635943264190701,0.0037616699809001836
2026-04-07 22:25:00,0.004949310469255508,0.004007631042883254
2026-04-07 22:30:00,0.010570668491872937,0.004130307627191607
2026-04-07 22:35:00,0.014409158237711495,0.004531080056089987
2026-04-07 22:40:00,0.01316068062813791,0.0053375289527217585
2026-04-07 22:45:00,0.013077235950996524,0.005744531784078334
2026-04-07 22:50:00,0.017804399804408177,0.004923255891311313
2026-04-07 22:55:00,0.02372560641975774,0.00665113441599462
2026-04-08 00:00:00,0.013819774373365235,0.009340220609725112
2026-04-08 00:05:00,0.014331140604813442,0.00471275697387886
2026-04-08 00:10:00,0.01805574940627075,0.006489707855533833
2026-04-08 00:15:00,0.019571980657993038,0.005304942039519415
2026-04-08 00:20:00,0.019008490549552448,0.007942292426660407
2026-04-08 00:25:00,0.016559107199874745,0.011146721929602404
2026-04-08 00:30:00,0.009815516800165014,0.011806574069390296
2026-04-08 00:35:00,0.007118106254663914,0.010265783272798677
2026-04-08 00:40:00,0.008963204683462678,0.010047936434380688
2026-04-08 00:45:00,0.008026490517577756,0.011556038762293901
2026-04-08 00:50:00,0.005153508429089015,0.010452006562738174
2026-04-08 00:55:00,0.003215070499219763,0.010237951749522365
2026-04-08 01:00:00,0.007267320279137124,0.008777940227671924
2026-04-08 01:05:00,0.005461403660081743,0.01117748567340892
2026-04-08 01:10:00,0.003360574667050642,0.007930740011424764
2026-04-08 01:15:00,0.001981808193797008,0.008313283795825643
2026-04-08 01:20:00,0.001930004278744235,0.00556879319872933
2026-04-08 01:25:00,0.001749371409273337,0.007999272130271623
2026-04-08 01:30:00,0.0017539489118227891,0.008411663372804645
2026-04-08 01:35:00,0.002207316184104968,0.0072761802731255276
2026-04-08 01:40:00,6.024765944800947e-05,0.006103076586586693
2026-04-08 01:45:00,0.0007291393259514223,0.004170704697808236
2026-04-08 01:50:00,0.0006866529260136645,0.004686064875210387
2026-04-08 01:55:00,-0.002789806492030422,0.005860581763268036
2026-04-08 02:00:00,-0.00767492417698179,0.0034041485346342874
2026-04-08 02:05:00,-0.004269617293077843,0.005582206241783192
2026-04-08 02:10:00,-0.0029663347150616914,0.0032857226203242855
2026-04-08 02:15:00,-0.006238243146196254,0.003092103759521414
2026-04-08 02:20:00,-0.005559613871268354,0.0013208314720110287
2026-04-08 02:25:00,-0.006197778247296171,-0.00019415750372917258
2026-04-08 02:30:00,-0.003423471362491881,-0.001480792224903053
2026-04-08 02:35:00,-0.004729989306103022,-0.0005539933897843457
2026-04-08 02:40:00,-0.0026980800099991598,-0.003545661097954492
2026-04-08 02:45:00,-0.0013652333146918494,-0.0032277989549888237
2026-04-08 02:50:00,-0.0024749918160758,-0.002998224017020873
2026-04-08 02:55:00,-0.002202957337367195,-0.00337138187713394
2026-04-08 03:00:00,0.001992767269918261,-0.0035614455639929165
2026-04-08 03:05:00,-0.0005375814155357261,0.004369998115713275
2026-04-08 03:10:00,-0.0014283017888292449,0.0019187803211288363
2026-04-08 03:15:00,0.0018510435600802566,0.0009545150206349599
2026-04-08 03:20:00,0.0017436904894516658,0.0008988269771605195
2026-04-08 03:25:00,0.0038043326101000474,0.0027489919280517484
2026-04-08 03:30:00,0.0031535137026725835,0.003958825017985511
2026-04-08 03:35:00,0.003260371515787952,0.0029546430011980858
2026-04-08 03:40:00,0.0012157651240602974,0.003351511676340198
2026-04-08 03:45:00,-0.0005803208983756747,0.0030618111117200666
2026-04-08 03:50:00,-0.0012606118756526286,0.002005266571437451
2026-04-08 03:55:00,-0.0015122789718446938,0.0026152869655132567
2026-04-08 04:00:00,-0.002806392096440291,0.0025952350312568925
2026-04-08 04:05:00,-0.002902530314518259,0.0023831082909203725
2026-04-08 04:10:00,-0.0030898611674903265,0.0014575251307399164
2026-04-08 04:15:00,-0.003011251277815319,0.0013535815506525012
2026-04-08 04:20:00,-0.0019998820471531786,0.0034018958315825314
2026-04-08 04:25:00,-0.0018868224506523035,0.002206922251040708
2026-04-08 04:30:00,-0.0030597634096345416,0.008444240101013543
2026-04-08 04:35:00,-0.0034125180853319392,0.009065671208632987
2026-04-08 04:40:00,-0.0012282635357205862,0.006458973002230188
2026-04-08 04:45:00,-0.0015179138578247375,0.0031957392611286174
2026-04-08 04:50:00,-0.000762130086261692,0.004444696628556984
2026-04-08 04:55:00,-0.0012206427594847469,0.004363361565067072
2026-04-08 05:00:00,-0.0012206376742884828,0.005708898122179931
2026-04-08 05:05:00,-0.0016483754942360207,0.004259870987970602
2026-04-08 05:10:00,-0.0002021618823366822,0.002196690043951125
2026-04-08 05:15:00,-0.0006608992848704531,0.0019453258981336555
2026-04-08 05:20:00,-0.0018807462638008587,0.0012445457488190691
2026-04-08 05:25:00,-5.830478829693675e-05,0.00014770712776133882
2026-04-08 05:30:00,0.0002353786639073263,-0.000364988539394493
2026-04-08 05:35:00,0.0014080343587075106,0.0005640378345242087
2026-04-08 05:40:00,0.0005289628079214737,0.0009264970623277763
2026-04-08 05:45:00,-6.251497756792901e-05,0.0002530576646525121
2026-04-08 05:50:00,1.6664791878895358e-05,0.00028010817632919104
2026-04-08 05:55:00,0.0012414599161534312,0.000839282944094137
2026-04-08 06:00:00,0.0017492570120047901,0.000976085939229836
2026-04-08 06:05:00,0.0028116466436287624,0.0018564622316883691
2026-04-08 06:10:00,0.0024877058810570674,0.0023600229797968338
2026-04-08 06:15:00,0.0031234343162704903,0.0020444346087806213
2026-04-08 06:20:00,0.0041404649479268585,0.003428707947279209
2026-04-08 06:25:00,0.0030024370554517787,0.003688770080470529
2026-04-08 06:30:00,0.004349725934410742,0.004108145309036068
2026-04-08 06:35:00,0.0032583607369467416,0.002976652142402629
2026-04-08 06:40:00,0.004018464554921053,0.003528775640544819
2026-04-08 06:45:00,0.006797442199564685,0.003209665323556622
2026-04-08 06:50:00,0.007442168950840156,0.003332790933332477
2026-04-08 06:55:00,0.004921484382411023,0.0040655049422033815
2026-04-08 07:00:00,0.005115642054656533,0.00406661027270447
2026-04-08 07:05:00,0.0034278285352549176,0.003623260428284792
2026-04-08 07:10:00,0.003428911630074083,0.0037985099577308723
2026-04-08 07:15:00,0.004139108813241421,0.003964007608513516
2026-04-08 07:20:00,0.0046386571581322755,0.00398997934454269
2026-04-08 07:25:00,0.004025809536173597,0.004458287905506791
2026-04-08 07:30:00,0.002185376666355765,0.004387772797654821
2026-04-08 07:35:00,0.0024161258026484944,0.004917140427377419
2026-04-08 07:40:00,0.002803761442283559,0.003990782848937071
2026-04-08 07:45:00,0.0002545506108990736,0.004146175140372871
2026-04-08 07:50:00,-0.0027620380433734937,0.005239970336436212
2026-04-08 07:55:00,-0.0014158186386197258,0.006975802049561327
2026-04-08 08:00:00,-0.0036664945005302485,0.006195829239935663
2026-04-08 08:05:00,-0.00197096726232715,0.005859035224824274
2026-04-08 08:10:00,-0.0029030186652310164,0.0032603677887107357
2026-04-08 08:15:00,-0.003598704203325198,0.0019193562500634221
2026-04-08 08:20:00,-0.003728721974969318,0.006453689053875353
2026-04-08 08:25:00,-0.0036687786180706894,0.005839483094823223
2026-04-08 08:30:00,-0.004697721693053936,0.004476717474888437
2026-04-08 08:35:00,-0.00437236239590888,0.003509226720732146
2026-04-08 08:40:00,-0.00560084989357712,0.0043288090119472
2026-04-08 08:45:00,-0.0036090757268105733,0.0018022433174735254
2026-04-08 08:50:00,-0.0008089356715039742,0.0006140299662494931
2026-04-08 08:55:00,-0.001530009339433036,-0.0003013479350786382
2026-04-08 09:00:00,0.0008078660420203221,-0.0007326259176453555
2026-04-08 09:05:00,8.306648230593794e-05,0.0003989659569544675
2026-04-08 09:10:00,0.0006460747033063541,-0.0007888758503741632
2026-04-08 09:15:00,0.001395386729786452,0.0006051823513340408
2026-04-08 09:20:00,-0.0015710922320408827,0.002130428274466351
2026-04-08 09:25:00,-0.0021524194972037947,0.0022356450456031303
2026-04-08 09:30:00,-0.001554166758440445,0.0014846216121030516
2026-04-08 09:35:00,-0.0016185508560724315,0.0009249501207797879
2026-04-08 09:40:00,-0.003303440161749549,0.0002569799385502087
2026-04-08 09:45:00,-0.004097475144849483,0.000231922879547841
2026-04-08 09:50:00,-0.004633893892368235,-0.0013003336363659381
2026-04-08 09:55:00,-0.004007370587881809,-0.0014497904338131983
2026-04-08 10:00:00,-0.004260584036227755,-0.0011304490493202887
2026-04-08 10:05:00,-0.003803203598897298,-0.00250547466364876
2026-04-08 10:10:00,-0.003053310469180559,-0.0021278213486677976
2026-04-08 10:15:00,-0.00454631317762022,-0.002508028523393306
2026-04-08 10:20:00,-0.00120492849000442,-0.0030814073006216187
2026-04-08 10:25:00,-0.001606944342132266,-0.0008507344384600364
2026-04-08 10:30:00,-0.0009749269577046249,-0.0012711163695420338
2026-04-08 10:35:00,-0.0017442246531640393,-0.0005301997753148347
2026-04-08 10:40:00,-0.0021365855979276205,-0.0011806886655462564
2026-04-08 10:45:00,-0.002003858096076172,-0.0007000662178622331
2026-04-08 10:50:00,-0.0026196904962318968,-0.0013215877048545258
2026-04-08 10:55:00,-0.0022616152303331916,-0.0017566184906696242
2026-04-08 11:00:00,-0.0015731770355955632,-0.0018674135067777923
2026-04-08 11:05:00,-0.001957164198129746,-0.002233880183600053
2026-04-08 11:10:00,-0.0037377915858769484,-0.001899370419010723
2026-04-08 11:15:00,-0.004288611063669734,-0.0027654420934688662
2026-04-08 11:20:00,-0.004936817842951413,-0.002916755761696418
2026-04-08 11:25:00,-0.003773550003536741,-0.002766026524440973
2026-04-08 11:30:00,-0.0030580137989488776,-0.0027568164611659223
2026-04-08 11:35:00,-0.0014109408681157731,-0.002696221187836292
2026-04-08 11:40:00,0.0018402843533813495,-0.001402813852380144
2026-04-08 11:45:00,0.0015283052569490252,-0.0006772076921717391
2026-04-08 11:50:00,0.0014745506963826926,-0.0005981382170771044
2026-04-08 11:55:00,-6.690305749579295e-05,-0.000511388978336634
2026-04-08 12:00:00,-0.0013999956316652629,-0.000854949728872663
2026-04-08 12:05:00,0.0004781686857207035,-0.0017619553964290469
2026-04-08 12:10:00,0.001003124398387456,-0.0014744101778546791
2026-04-08 12:15:00,0.0016775263563495457,-0.0016109952815371675
2026-04-08 12:20:00,0.0015097246261461805,-0.0011131130868857178
2026-04-08 12:25:00,0.0016401546884434737,-0.0005439832285187668
2026-04-08 12:30:00,0.0009403171023958379,-0.00042154032455265773
2026-04-08 12:35:00,-0.0010072430396821375,-0.0019306846527556974
2026-04-08 12:40:00,-0.00033605342104436886,-0.0014798353301948728
2026-04-08 12:45:00,0.0006256804478770306,-0.002545533641303051
2026-04-08 12:50:00,0.0011242928725820889,-0.0029978348470072707
2026-04-08 12:55:00,0.0033292626749226173,-0.002420997152494093
2026-04-08 13:00:00,0.004491839116113283,-0.0012297080901601891
2026-04-08 13:05:00,0.002179138486861021,-3.3306449884016805e-06
2026-04-08 13:10:00,0.003640401169766605,-0.001253306223356778
2026-04-08 13:15:00,0.001781119151209154,-0.0004677727897976409
2026-04-08 13:20:00,-0.0028624655982980585,-0.00028338177536994943
2026-04-08 13:25:00,-0.0011760418881614498,-0.000709861160634049
2026-04-08 13:30:00,0.0012148336420736427,-0.0017173172897451139
2026-04-08 13:35:00,0.0028685977331068813,-0.0008207916214810143
2026-04-08 13:40:00,0.0010974956920097867,8.458436394984845e-05
2026-04-08 13:45:00,0.00024390930447282244,-0.0026932659675775565
2026-04-08 13:50:00,0.000993914698929288,-0.002891174060965053
2026-04-08 13:55:00,0.00010627025786824618,-0.001929366433903503
2026-04-08 14:00:00,-0.00032687052991065,-0.002538717258772059
2026-04-08 14:05:00,-0.0006042611008467702,-0.002378423284657941
2026-04-08 14:10:00,-0.002456755382098663,-0.0012275522136910386
2026-04-08 14:15:00,-0.00010222932968417808,-0.0016200720785091466
2026-04-08 14:20:00,0.005391682305498691,-0.0008768364430715044
2026-04-08 14:25:00,0.0015350543572640873,-0.0005523171422248591
2026-04-08 14:30:00,-0.0022994109148015696,-0.00016243813033208938
2026-04-08 14:35:00,-0.004061046536351753,-0.0006231505376622353
2026-04-08 14:40:00,-0.004361621777864144,-0.0009473770480427615
2026-04-08 14:45:00,-0.001967561954124619,-0.0024372566816102657
2026-04-08 14:50:00,-0.006657413538066592,-0.0032147078590172
2026-04-08 14:55:00,-0.0046991684375345955,-0.003672811537969467
2026-04-08 15:00:00,-0.0032954869180361612,-0.0038121951925015334
2026-04-08 15:05:00,-0.0022744592316836787,-0.004191596819218598
2026-04-08 15:10:00,-0.002584118414718617,-0.003205726647428851
2026-04-08 15:15:00,-0.00415642794846427,-0.0031073206817218146
2026-04-08 15:20:00,-0.004916129780978551,-0.003328034477398923
2026-04-08 15:25:00,-0.004970825524384992,-0.003825944704587469
2026-04-08 15:30:00,-0.005865353138780449,-0.0016254338408909
2026-04-08 15:35:00,-0.003321238200163279,0.00016113811378512088
2026-04-08 15:40:00,-0.002865139155185048,-0.00039570688377728124
2026-04-08 15:45:00,-0.006791991012315535,-0.001086176070756586
2026-04-08 15:50:00,-0.003656779664167331,-0.0020209246536383673
2026-04-08 15:55:00,-0.008514554476890979,-0.002358701925849016
2026-04-08 16:00:00,-0.008313932159580872,-0.0041245566227526105
2026-04-08 16:05:00,-0.009373422363204043,-0.004628963356543111
2026-04-08 16:10:00,-0.00791494092413636,-0.004925883671728185
2026-04-08 16:15:00,-0.0038498321004514224,-0.00552455153601133
2026-04-08 16:20:00,-0.004090431609181877,-0.004951671914705922
2026-04-08 16:25:00,-0.003529697211597238,-0.005406638024956953
2026-04-08 16:30:00,0.0004731030496163413,-0.004311109932016361
2026-04-08 16:35:00,-0.0002457567587601517,-0.003112863940420185
2026-04-08 16:40:00,-0.0010066335684904004,-0.003540266412971802
2026-04-08 16:45:00,0.000802939389689783,-0.003221746169430275
2026-04-08 16:50:00,0.001144049386198276,-0.003891893306019587
2026-04-08 16:55:00,0.004234803722136249,-0.0023597433136142505
2026-04-08 17:00:00,0.0023041072733747114,-0.0006195682262084548
2026-04-08 17:05:00,0.0033808636766892164,-0.00013809074728193707
2026-04-08 17:10:00,0.0022344542625631902,0.00023810482695567199
2026-04-08 17:15:00,-0.0014101317126424817,-0.00047238120981380887
2026-04-08 17:20:00,-0.000551146166550609,-0.0015691650719431521
2026-04-08 17:25:00,-2.736176782391908e-05,-0.004285799783602734
2026-04-08 17:30:00,-0.0001345487573090054,-0.0010456667679266001
2026-04-08 17:35:00,-0.00018488249509651666,-0.0005063386610493011
2026-04-08 17:40:00,0.0004750723733870643,-0.0004346170724321872
2026-04-08 17:45:00,0.00031091326820664733,0.0004661594498338236
2026-04-08 17:50:00,0.000703865088672373,-0.00036627349493744354
2026-04-08 17:55:00,0.000817504303801897,0.0003206375031369427
2026-04-08 18:00:00,0.0005106034371795687,0.0007960793440431685
2026-04-08 18:05:00,-3.5727683599162674e-05,0.0014433010286095727
2026-04-08 18:10:00,0.0015701840677344592,-7.408272643010792e-05
2026-04-08 18:15:00,0.0015468297815210974,0.0011540973384181468
2026-04-08 18:20:00,-0.0007788539453255083,0.0015193631355709834
2026-04-08 18:25:00,-2.736251651214161e-05,0.0005834734315160764
2026-04-08 18:30:00,-0.002465023093423113,0.000813847167083632
2026-04-08 18:35:00,-0.004637428203814409,-0.0005684063627087531
2026-04-08 18:40:00,-0.003790036752059578,-0.003187434057711919
2026-04-08 18:45:00,-0.004659107830221387,-0.0036971945653637376
2026-04-08 18:50:00,-0.005150699549442805,-0.0007110342516457708
2026-04-08 18:55:00,-0.005445093449779392,-0.003944262993166262
2026-04-08 19:00:00,-0.004227152234193454,-0.0034628780783944064
2026-04-08 19:05:00,-0.003123746148919082,-0.0016163972471296183
2026-04-08 19:10:00,-0.003642309052379389,-0.0013108047859646471
2026-04-08 19:15:00,-0.0056961345115826845,-0.0030403318677853374
2026-04-08 19:20:00,-0.005348345908132046,-0.0037555011592650574
2026-04-08 19:25:00,-0.005680220359451482,-0.0017648916681496226
2026-04-08 19:30:00,-0.004474006305320799,-0.004545535426290241
2026-04-08 19:35:00,-0.004635706137110063,-0.002473075666670375
2026-04-08 19:40:00,-0.006626977177383253,-0.0018621604307984968
2026-04-08 19:45:00,-0.006032364367422716,-0.0042708197536715535
2026-04-08 19:50:00,-0.006162531944195138,-0.005266519970152324
2026-04-08 19:55:00,-0.006452311994577187,-0.005334753171577983
2026-04-08 20:00:00,-0.008038194315052039,-0.0014088393793041365
2026-04-08 20:05:00,-0.007531521720631318,-0.0015519931263915266
2026-04-08 20:10:00,-0.005996233330829881,-0.002027979026987855
2026-04-08 20:15:00,-0.0035806109185028134,-0.0033412160896876663
2026-04-08 20:20:00,-0.002592599933310069,-0.002253819651494066
2026-04-08 20:25:00,-0.0032779823768027683,-2.0150102657494063e-05
2026-04-08 20:30:00,-0.001326187089272679,-0.0016073288315456805
2026-04-08 20:35:00,0.001775574667686186,-0.001084669757148542
2026-04-08 20:40:00,0.0027102816364941162,6.621568490764896e-05
2026-04-08 20:45:00,0.003350867927668588,0.000985526356929409
2026-04-08 20:50:00,0.004831592696284304,0.0009777753691310401
2026-04-08 20:55:00,0.005807894267057634,0.0016817601774629287
2026-04-08 21:00:00,0.006220167481428618,0.001809619385531936
2026-04-08 21:05:00,0.004288008537306709,0.0032586863935501393
2026-04-08 21:10:00,0.0026621473209971214,0.001164773188020108
2026-04-08 21:15:00,0.0027935524874518336,0.00027310801497509483
2026-04-08 21:20:00,0.0029164673791015616,-0.0001164203544407336
2026-04-08 21:25:00,0.0030726290042100146,0.0007080039612225794
2026-04-08 21:30:00,0.0014151015705348158,0.0018738100004887944
2026-04-08 21:35:00,-0.0002434782252525025,0.001396428378669643
2026-04-08 21:40:00,0.00014612096512323092,0.0007848659120657536
2026-04-08 21:45:00,-0.0013423900790314747,0.0007782740158935496
2026-04-08 21:50:00,-0.0023747349637872617,3.782682425632957e-05
2026-04-08 21:55:00,-0.0025987837595700114,-0.00030861649815527414
2026-04-08 22:00:00,-0.0006934519808723394,-0.0005119919355871043
2026-04-08 22:05:00,-0.0011491541861161636,-0.0011121369241647986
2026-04-08 22:10:00,-0.003326140361799901,-0.0003674804754463711
2026-04-08 22:15:00,-0.002498568173598059,-0.0007250198482725085
2026-04-08 22:20:00,-0.0027063501265356393,-0.0009445642978882425
2026-04-08 22:25:00,-0.0019709952273831988,-0.001218163735001658
2026-04-08 22:30:00,-0.0014320610352953622,-0.0012752720171267749
2026-04-08 22:35:00,-0.0019351118515622545,-0.0006086161294266665
2026-04-08 22:40:00,-0.001986106391273168,-0.0008573016220229771
2026-04-08 22:45:00,-0.0009157218626203445,-0.0011305671560130357
2026-04-08 22:50:00,-0.0005044574645864941,-0.0017413623049125527
2026-04-08 22:55:00,-0.00031790437704160013,-0.003001707423699043
2026-04-09 00:00:00,-0.003001335590573362,-0.0018811999137406815
2026-04-09 00:05:00,-0.003189835959586773,-0.0012148043996437622
2026-04-09 00:10:00,-0.0007748622353656032,-0.0017003044317857984
2026-04-09 00:15:00,4.8801964819489285e-05,-0.0027003039717929138
2026-04-09 00:20:00,0.00025038512758257525,-0.0020051483348436086
2026-04-09 00:25:00,-0.0007470257264809987,-0.0019044155004563823
2026-04-09 00:30:00,-0.0013449530233220486,-9.476720354551829e-05
2026-04-09 00:35:00,-0.00017398315377725737,-0.0010858351900007266
2026-04-09 00:40:00,7.001530792116739e-05,-0.00047958466476111244
2026-04-09 00:45:00,0.00047492341692567663,-0.00027871308111126374
2026-04-09 00:50:00,-0.00036260349705408146,8.096325852347645e-05
2026-04-09 00:55:00,-0.00046220127355667273,-7.953326615174642e-05
2026-04-09 01:00:00,-0.0018982187079394919,-0.0002985510975088019
2026-04-09 01:05:00,-0.0014987454800419187,-0.0027093142104531987
2026-04-09 01:10:00,-0.0012729258502339746,-0.0027215186529065886
2026-04-09 01:15:00,-0.0019241761821362502,-0.0009792217597772732
2026-04-09 01:20:00,-0.0005347968217908061,-0.0016350525332071548
2026-04-09 01:25:00,-0.000766705889052588,-0.0015614972258078737
2026-04-09 01:30:00,0.000341713089555995,-0.0011656641508874202
2026-04-09 01:35:00,0.00017610471274132067,-0.0011576175504398871
2026-04-09 01:40:00,0.0012022252153300883,-0.0014841596559780742
2026-04-09 01:45:00,-0.00032860600330231193,-0.0009730952323161988
2026-04-09 01:50:00,-0.0011607908686315227,-0.0009465611606080654
2026-04-09 01:55:00,-0.0018509443612142462,-0.0006627096900111819
2026-04-09 02:00:00,0.0016542425315329012,-0.0009057099852719082
2026-04-09 02:05:00,0.0032921595696588923,-0.0005367344174694406
2026-04-09 02:10:00,0.00382028182860239,-0.00023276222821429907
2026-04-09 02:15:00,0.0036010916449686903,-0.00011088805510697687
2026-04-09 02:20:00,0.00018890932514636916,7.717076255890481e-05
2026-04-09 02:25:00,-0.0004165188014315646,-0.0007427013090724615
2026-04-09 02:30:00,0.001168582447519384,-0.0005456273012138936
2026-04-09 02:35:00,0.0012848376108927084,-0.0015809897631190776
2026-04-09 02:40:00,-0.00023736206090774203,-0.0014395577304958881
2026-04-09 02:45:00,0.0012883650567072635,-0.0012192642149765468
2026-04-09 02:50:00,0.0029830800827728154,-0.0007997160943171199
2026-04-09 02:55:00,0.004462329401960119,-0.0006117694600442415
2026-04-09 03:00:00,0.001986144280554214,0.00027288324789964316
2026-04-09 03:05:00,0.0013837166542671753,0.0002297851975001603
2026-04-09 03:10:00,0.0005209734273137201,-0.0006502023444169094
2026-04-09 03:15:00,0.00128493228389992,-0.0004514091931772035
2026-04-09 03:20:00,0.003148888095621416,-0.0002774213305893581
2026-04-09 03:25:00,0.004510831398919279,0.0013001444526554828
2026-04-09 03:30:00,0.0017196362506428642,0.0015028486319770022
2026-04-09 03:35:00,0.0023998741744097885,0.0004695871863137564
2026-04-09 03:40:00,0.003096112020083197,0.00020155700795086368
2026-04-09 03:45:00,0.0008572835222793174,0.0007851596649285309
2026-04-09 03:50:00,-6.562950874489104e-05,0.0005251110933869228
2026-04-09 03:55:00,-0.0018249223333377529,0.00032666613295211436
2026-04-09 04:00:00,-0.000667260517957402,-0.0003459825179790747
2026-04-09 04:05:00,-0.0009088415650495563,0.0004302098214749985
2026-04-09 04:10:00,-0.0022170749215462138,0.000639456314632505
2026-04-09 04:15:00,-0.003959578522879426,0.0010368489289786203
2026-04-09 04:20:00,-0.0037603193307802485,-0.0007936621238896054
2026-04-09 04:25:00,-0.002752432362756352,-0.0008774566487863022
2026-04-09 04:30:00,-0.0025614719261231045,-0.0012116638971051922
2026-04-09 04:35:00,-0.0034280363669285663,-0.002082823073029044
2026-04-09 04:40:00,-0.0037449064725390002,-0.0031310761976777977
2026-04-09 04:45:00,-0.0031766880471177927,-0.003172500442550752
2026-04-09 04:50:00,-0.0025034857296528656,-0.0030913713674077864
2026-04-09 04:55:00,-0.0015268538332016135,-0.0029311113743643786
2026-04-09 05:00:00,-0.0008437155356215698,-0.0026589240414764416
2026-04-09 05:05:00,0.0005593848607663432,-0.0018790532163901177
2026-04-09 05:10:00,0.0019650932111208164,-0.0015083333493217247
2026-04-09 05:15:00,0.0025390711142652123,-0.0006834243894749819
2026-04-09 05:20:00,0.0020663224491990206,-0.002823615607050099
2026-04-09 05:25:00,0.0008674416213860781,-0.0018890554441019594
2026-04-09 05:30:00,0.0004517530959873284,-0.0016108464790871334
2026-04-09 05:35:00,0.0007632730364868223,-0.0015913070770575482
2026-04-09 05:40:00,0.0012992864231708978,-0.001723843920106488
2026-04-09 05:45:00,0.002158449638450577,-0.0017617277935659836
2026-04-09 05:50:00,0.002732111835939577,-0.0007896625966624795
2026-04-09 05:55:00,0.0019145578990986678,-2.1992096262184942e-05
2026-04-09 06:00:00,0.0009560159244479394,-1.3196739300258728e-06
2026-04-09 06:05:00,-0.0009176402667812056,-8.344330308987341e-05
2026-04-09 06:10:00,-0.0017465587279499317,-0.0004420561690323169
2026-04-09 06:15:00,3.8132361670051296e-05,-0.00024982079844227263
2026-04-09 06:20:00,0.0005042640077181915,0.0001655779990598445
2026-04-09 06:25:00,0.0019865522496456123,-7.383230972106063e-05
2026-04-09 06:30:00,0.0008117941625727099,0.00030733052901989904
2026-04-09 06:35:00,0.00036023207811020086,0.0005046936171729302
2026-04-09 06:40:00,0.0005971476847399515,-0.00033277335749270164
2026-04-09 06:45:00,-0.0016576474957545884,-0.0001995452616792384
2026-04-09 06:50:00,-0.0032437549113115693,-0.00025427930008990935
2026-04-09 06:55:00,-0.0019782274287933888,-0.0003365135675953354
2026-04-09 07:00:00,0.0004766065703041278,6.592075107573946e-06
2026-04-09 07:05:00,0.0008816286964723474,0.0007142645824282339
2026-04-09 07:10:00,0.0011724809701938455,0.0006234487055037397
2026-04-09 07:15:00,-0.0008286470745133556,0.000165832088082921
2026-04-09 07:20:00,-0.0012144785117431667,0.0001449772806711651
2026-04-09 07:25:00,-0.0017957736391647217,-0.0005216230256198951
2026-04-09 07:30:00,-0.00015255853403850494,-0.00034782339888936114
2026-04-09 07:35:00,-0.0011107791221807162,0.00036287819451687886
2026-04-09 07:40:00,-0.002259179137137579,0.0005144175324193294
2026-04-09 07:45:00,-0.0003692111866246961,-4.8365423219809474e-05
2026-04-09 07:50:00,-0.00018688929200116888,0.0017065840604125631
2026-04-09 07:55:00,0.0002737502205505393,0.001652864414170638
2026-04-09 08:00:00,-0.001358397850651727,0.00145140499311448
2026-04-09 08:05:00,0.0010480416873015486,0.0009992587068150213
2026-04-09 08:10:00,0.0010187085309887323,0.00117202116423331
2026-04-09 08:15:00,-0.00013570074613866723,0.0012678726471383323
2026-04-09 08:20:00,-0.000305441312038468,0.001202131178748291
2026-04-09 08:25:00,-0.0018881900418659114,0.0010353837992246244
2026-04-09 08:30:00,7.204443025443652e-05,0.00013429656811510965
2026-04-09 08:35:00,0.003022074865775437,-0.00046275368100791206
2026-04-09 08:40:00,0.002013587089697566,0.0009897837740498459
2026-04-09 08:45:00,0.0012895236488681405,0.00011742792661042757
2026-04-09 08:50:00,0.001998753036552614,-7.190307188803122e-05
2026-04-09 08:55:00,0.0025048329646164547,0.0009369231731046226
2026-04-09 09:00:00,0.0012355609968999204,0.0002727321865997912
2026-04-09 09:05:00,-0.0005715229336260563,-6.154842251648316e-05
2026-04-09 09:10:00,-1.270099321715179e-05,0.00028778767286007784
2026-04-09 09:15:00,0.0015890877532740433,0.0003219471277020538
2026-04-09 09:20:00,0.0026694535212996584,0.001774462979585138
2026-04-09 09:25:00,0.0026361150087979013,0.001475375194108465
2026-04-09 09:30:00,0.0013064935850835013,0.0018669550655155912
2026-04-09 09:35:00,-4.652195519838642e-05,8.923074322170336e-05
2026-04-09 09:40:00,0.0016100695215524041,-0.0008326758760166221
2026-04-09 09:45:00,0.0027072495211957204,0.0008772934773200812
2026-04-09 09:50:00,0.002405084014016623,0.001378762359577227
2026-04-09 09:55:00,0.00024971536810447503,0.0010752417961148715
2026-04-09 10:00:00,0.0009441851812344026,0.0005714207246921406
2026-04-09 10:05:00,0.001825611309241637,0.0013964043008000888
2026-04-09 10:10:00,0.001501832094040978,0.00014312374156474604
2026-04-09 10:15:00,0.0015316076832778691,0.0001076798646836186
2026-04-09 10:20:00,0.0010869244494600139,0.0006318409153454563
2026-04-09 10:25:00,0.001709861532690482,0.0003284734139290981
2026-04-09 10:30:00,0.0009454545389697699,0.0017464632218599134
2026-04-09 10:35:00,0.0007335260841632163,0.0009154187797559599
2026-04-09 10:40:00,-0.0007126807777400046,7.079518510772932e-05
2026-04-09 10:45:00,-0.0003784471239320908,-0.00016684562291613474
2026-04-09 10:50:00,-0.0001607230850453334,-0.0022371707824764206
2026-04-09 10:55:00,0.0006811096003627171,-0.0016453885755497368
2026-04-09 11:00:00,0.000651518187288147,-0.0007667032715472974
2026-04-09 11:05:00,-0.00048410743902316256,0.0007377419372166956
2026-04-09 11:10:00,-0.0007781328166256429,-9.483849009282022e-05
2026-04-09 11:15:00,-0.00032770214494171057,-0.0002622218040364188
2026-04-09 11:20:00,0.001550099778619085,-0.001230021830520405
2026-04-09 11:25:00,0.0018483532214954579,-0.0012294405930295788
2026-04-09 11:30:00,0.0017658370133553092,0.0004979472399593199
2026-04-09 11:35:00,0.0016511061092057133,0.0004885012884970379
2026-04-09 11:40:00,0.0029046360424498374,-0.0005317749985971049
2026-04-09 11:45:00,0.0032554544898424354,0.001141934948870729
2026-04-09 11:50:00,0.003492018783338935,0.00028120759859957123
2026-04-09 11:55:00,0.0026143640111957467,0.0012585562215397669
2026-04-09 12:00:00,0.0024478575527719926,0.00044732372668854
2026-04-09 12:05:00,0.0023992121145841594,0.0009749594075828523
2026-04-09 12:10:00,0.0025246110035173075,0.001241634090163761
2026-04-09 12:15:00,0.0029939509972418676,0.0016443167500135609
2026-04-09 12:20:00,0.001022931684602213,0.0006459005739329403
2026-04-09 12:25:00,0.0016089802686050092,-0.0004462983161933916
2026-04-09 12:30:00,0.0014277085387224275,0.0005284263324014948
2026-04-09 12:35:00,0.001848450789402989,-3.586185455397504e-06
2026-04-09 12:40:00,0.0022250465883129067,-0.0008826318597239601
2026-04-09 12:45:00,0.00242098755549236,-0.0003750483572151678
2026-04-09 12:50:00,0.0024270860267971983,-5.5011859336790995e-05
2026-04-09 12:55:00,0.0032384020755138465,0.0002937879783002464
2026-04-09 13:00:00,0.002172491559216283,0.0012674960814642595
2026-04-09 13:05:00,0.001058384102440968,0.001259947760909892
2026-04-09 13:10:00,0.0007951464848794387,0.0012961656875102561
2026-04-09 13:15:00,-0.0007761306482443331,0.0010763897155511945
2026-04-09 13:20:00,-0.0007212162295235913,0.0005865625206751418
2026-04-09 13:25:00,-0.0016195325875294486,0.0008534231150134758
2026-04-09 13:30:00,-0.0006239763091446804,0.000914888340119109
2026-04-09 13:35:00,-0.0015004196402674808,0.0011242749150395324
2026-04-09 13:40:00,-0.001548159106077307,-8.100522241472904e-05
2026-04-09 13:45:00,-0.002743526381527417,-0.00020949802768774285
2026-04-09 13:50:00,-0.0030954105284770606,-0.00037776499752933544
2026-04-09 13:55:00,-0.0025953620130447774,-0.0005431106580210079
2026-04-09 14:00:00,-0.0016030995279727733,-0.0007830589276734684
2026-04-09 14:05:00,0.000827794564658646,0.0006772714545929556
2026-04-09 14:10:00,0.002501533176902271,0.0004591181919178472
2026-04-09 14:15:00,0.002991535349595509,0.0005781566182406652
2026-04-09 14:20:00,0.002963782748615529,0.0011013081099632335
2026-04-09 14:25:00,0.003383691575136183,0.00119073753502954
2026-04-09 14:30:00,0.0031159953544239727,0.0015041482633893185
2026-04-09 14:35:00,0.006017566186390155,0.0010090867569777305
2026-04-09 14:40:00,0.006733324808530838,0.00151748272441186
2026-04-09 14:45:00,0.005995254560996699,0.0013829813872947327
2026-04-09 14:50:00,0.004650026158321552,0.002641037972432829
2026-04-09 14:55:00,0.00435964210900508,0.0035147421006418928
2026-04-09 15:00:00,0.006198008700211588,0.002691226515878327
2026-04-09 15:05:00,0.003707179437045127,0.0040368228834752745
2026-04-09 15:10:00,0.003315192756900842,0.0012193618691894634
2026-04-09 15:15:00,0.0016268368554239743,0.0014504813643276162
2026-04-09 15:20:00,0.003456113363801805,0.001667819152487006
2026-04-09 15:25:00,0.002229163453410621,0.0001343852615164266
2026-04-09 15:30:00,-0.00014715960957722984,0.0008309192918376718
2026-04-09 15:35:00,-0.0023883941330513636,0.0009203081103600172
2026-04-09 15:40:00,-0.004276344393678855,0.0015630382684215152
2026-04-09 15:45:00,-0.002009827428636868,0.0007030038512882128
2026-04-09 15:50:00,-2.9389228849652227e-05,0.0010176403787902969
2026-04-09 15:55:00,0.0007950084796597423,0.0011072923659529012
2026-04-09 16:00:00,-0.001851803835371868,0.0008947664814233087
2026-04-09 16:05:00,-0.000986398278438827,-0.0002234501037147764
2026-04-09 16:10:00,-0.00018866461148014935,0.0009724410116097051
2026-04-09 16:15:00,0.004590869294849753,0.000675043920214103
2026-04-09 16:20:00,0.0028716946605022997,0.0014927089799353346
2026-04-09 16:25:00,0.002900338589521212,0.0006695610372937182
2026-04-09 16:30:00,0.007584084507662681,0.0010017427862882582
2026-04-09 16:35:00,0.00684766369443679,0.00273662129061021
2026-04-09 16:40:00,0.007322402399527306,0.0036780989567560657
2026-04-09 16:45:00,0.004989850519244499,0.0015691584498954943
2026-04-09 16:50:00,0.005138363640748267,0.002119156508529285
2026-04-09 16:55:00,0.005201226806402559,0.0019472994326982943
2026-04-09 17:00:00,0.0068427435784368384,0.0021906937348404832
2026-04-09 17:05:00,0.0062920276488096505,0.003095123075250021
2026-04-09 17:10:00,0.004004616722482979,0.0030615214152998364
2026-04-09 17:15:00,0.002590986034064713,0.00428963927605624
2026-04-09 17:20:00,0.0021525432217153195,0.0021472453229698296
2026-04-09 17:25:00,0.0030025315261816843,0.002347173996414611
2026-04-09 17:30:00,0.0004443364388304616,0.0027380130867218273
2026-04-09 17:35:00,0.00013146815515874266,0.0015848780606425438
2026-04-09 17:40:00,-0.00046143423345235135,0.0011959559358850646
2026-04-09 17:45:00,5.2238579874241964e-05,0.0005963071830112219
2026-04-09 17:50:00,7.309491168605575e-05,0.0010188896556625523
2026-04-09 17:55:00,-0.0009391122115314232,0.0006868008510451848
2026-04-09 18:00:00,-0.0015314162331137027,-6.551755768475697e-05
2026-04-09 18:05:00,8.971912703081841e-05,-0.00021771906280895485
2026-04-09 18:10:00,0.0008015062065727108,0.0001762188530775925
2026-04-09 18:15:00,0.0003940098053103469,0.0010291021204603579
2026-04-09 18:20:00,-0.0004944035497498334,0.0009460408720244726
2026-04-09 18:25:00,0.00021069518013483446,0.0009737006646135714
2026-04-09 18:30:00,-0.00040260630758304217,0.0016018789197673447
2026-04-09 18:35:00,0.0013220674553444667,0.0018422147411969966
2026-04-09 18:40:00,0.0014754236171121704,0.0016238251207198128
2026-04-09 18:45:00,0.0030751730286198153,0.002668402747478135
2026-04-09 18:50:00,0.0020111454239675197,0.001996337855777513
2026-04-09 18:55:00,0.001766886266068468,0.001869551614952457
2026-04-09 19:00:00,-0.0006537565647661836,0.00374172326197378
2026-04-09 19:05:00,-0.0013905071953725923,0.0039452403414292235
2026-04-09 19:10:00,-0.0019568885252922996,0.0011511282291435108
2026-04-09 19:15:00,-0.0024478743586371365,0.0008176284292234097
2026-04-09 19:20:00,-0.002530078662209334,0.0007687350618883483
2026-04-09 19:25:00,-0.002596104796788623,0.002114375760669012
2026-04-09 19:30:00,-0.003299964017907442,0.0005531288591286263
2026-04-09 19:35:00,-0.0046453712413487835,0.0007083754926294403
2026-04-09 19:40:00,-0.005185063613494023,0.00016765316110118613
2026-04-09 19:45:00,-0.005920922857677979,-0.001244939362411487
2026-04-09 19:50:00,-0.005789835289125023,-0.0006672913992266532
2026-04-09 19:55:00,-0.005316338071178706,-0.001054207913833354
2026-04-09 20:00:00,-0.0020371121056026453,-0.0006947192688287257
2026-04-09 20:05:00,-0.0008758004779938489,0.001108208349702912
2026-04-09 20:10:00,-0.0007319450406040318,0.0011502873167621981
2026-04-09 20:15:00,-0.0025083406543497944,0.004220986240404687
2026-04-09 20:20:00,-0.0008768873782596387,0.003921859373804472
2026-04-09 20:25:00,-0.001636730087309246,0.0018243008779715308
2026-04-09 20:30:00,-0.0010702793277541645,0.00231123418474884
2026-04-09 20:35:00,-0.0010222015506720084,0.0024945134056944627
2026-04-09 20:40:00,0.0002661795805689593,0.0010681974239992536
2026-04-09 20:45:00,-0.00036048120439069464,0.0005809503040183164
2026-04-09 20:50:00,0.0001593027573214556,0.0012234774097058148
2026-04-09 20:55:00,-0.0006455669895135685,1.0844933624245415e-05
2026-04-09 21:00:00,-0.0012443857609003572,0.0002892701172637879
2026-04-09 21:05:00,-0.0023657748475134355,0.0015197551773922203
2026-04-09 21:10:00,-0.0021361577821430444,0.0005542310188059971
2026-04-09 21:15:00,-0.0006830901923677857,-5.121353073819552e-05
2026-04-09 21:20:00,-0.0007686934789283839,-0.0005490628629016574
2026-04-09 21:25:00,-0.0007984065822199682,-0.00040522375505576235
2026-04-09 21:30:00,-0.0005114574972946428,-0.0006177557842244021
2026-04-09 21:35:00,-0.0014785936970849178,1.9199471243416235e-06
2026-04-09 21:40:00,-0.0016191312663327295,-0.0003097849127270958
2026-04-09 21:45:00,-0.0012144362073129855,-0.0005567882094012922
2026-04-09 21:50:00,-0.0007086726732161708,-0.0005440470109851318
2026-04-09 21:55:00,-0.0005389902975903027,-0.0006205975237623112
2026-04-09 22:00:00,0.00045687365094870813,-0.0009240500182192181
2026-04-09 22:05:00,-2.515333051178459e-05,-0.0008038443436824593
2026-04-09 22:10:00,8.176057781916768e-05,-0.00046293989900976046
2026-04-09 22:15:00,-0.0009520754494438677,-0.000410077403348077
2026-04-09 22:20:00,-0.0009748070811284038,6.127096481595513e-05
2026-04-09 22:25:00,-0.0011054093814291122,-0.0005513910828391481
2026-04-09 22:30:00,-0.0008725967436955528,-0.0006765878622779706
2026-04-09 22:35:00,-0.0010142574374256697,-0.0005727555557944347
2026-04-09 22:40:00,-0.0005521944620614505,0.0009458356447026241
2026-04-09 22:45:00,-0.0008923650890064749,-0.0004999156436670978
2026-04-09 22:50:00,-0.0013138400012788765,0.002343634293206148
2026-04-09 22:55:00,-0.0005161929417170086,-0.00017996158246819859
2026-04-10 00:00:00,-0.0020659755970662275,-0.0005530116535955395
2026-04-10 00:05:00,-0.00178120592113018,0.0014394891404414271
2026-04-10 00:10:00,-0.002205683412356052,0.00172837989490178
2026-04-10 00:15:00,-0.0012050242987839965,-0.00047787014895800465
2026-04-10 00:20:00,-0.0020554473949019325,0.0004196828195656813
2026-04-10 00:25:00,-0.0013440777556184003,0.00012291663996927764
2026-04-10 00:30:00,-0.0007536467726847462,-0.0006008892877806741
2026-04-10 00:35:00,0.000256286369907599,-0.0005000975242207216
2026-04-10 00:40:00,-0.00027726199755839787,-0.000490286959425709
2026-04-10 00:45:00,0.0003738404165023468,-0.0003797006972521954
2026-04-10 00:50:00,0.00017429852761807751,-0.00035069355566320383
2026-04-10 00:55:00,-0.00030858399029831673,-0.0004539804454197992
2026-04-10 01:00:00,-0.0012059002329003476,-0.0004367207116558991
2026-04-10 01:05:00,-0.001689725653553964,-0.0006774692852612404
2026-04-10 01:10:00,-0.0012277188468594602,-0.0008726025319679108
2026-04-10 01:15:00,-0.0010508573860814607,-0.0008288786481328259
2026-04-10 01:20:00,-0.0008936203465399473,-0.001005555928040242
2026-04-10 01:25:00,-0.0009461375170189967,-0.0009334530884152482
2026-04-10 01:30:00,-0.0005356653459145377,-0.0007368953590766908
2026-04-10 01:35:00,-0.0003046100122592321,-0.0007373639488825137
2026-04-10 01:40:00,-0.0010109768557118315,-0.0010956333774579973
2026-04-10 01:45:00,-0.0012670025322520928,-0.0007082104984451371
2026-04-10 01:50:00,-0.001206011714639743,-0.0008890378296241715
2026-04-10 01:55:00,-9.658326219685875e-05,-0.0011276275268557725
2026-04-10 02:00:00,0.0008468032634105782,-0.0013480530378776525
2026-04-10 02:05:00,0.0011373061787978145,-0.0005745782325683612
2026-04-10 02:10:00,0.0014398941380573405,-0.0005102385842973759
2026-04-10 02:15:00,0.0017480171184871551,-0.00040880706167113724
2026-04-10 02:20:00,0.0011142741762526498,-0.000385386803920627
2026-04-10 02:25:00,0.0017926970803952003,-0.00012095384143086413
2026-04-10 02:30:00,0.002595826104107246,0.0002059565420535155
2026-04-10 02:35:00,0.0029476669229140384,-0.0012160662747297607
2026-04-10 02:40:00,0.003472138242358369,-0.0007792526707096526
2026-04-10 02:45:00,0.0021359563791580882,0.00042049821731261186
2026-04-10 02:50:00,0.0018987055024268784,0.0005536435494366873
2026-04-10 02:55:00,0.0005038100742638107,0.0008919864940235728
2026-04-10 03:00:00,-0.0012736284996766045,-0.001354786300687296
2026-04-10 03:05:00,-4.202157388277783e-05,0.00045596863942104347
2026-04-10 03:10:00,-0.001690247842864423,0.0006398184427453972
2026-04-10 03:15:00,-0.0032505584632591678,-0.00010109512470552174
2026-04-10 03:20:00,-0.002859660872900349,-0.0009155848327513863
2026-04-10 03:25:00,-0.003750889263578472,-0.001285171718761053
2026-04-10 03:30:00,-0.005811641920548283,-0.001616940173329369
2026-04-10 03:35:00,-0.005406849227613364,-0.0028696215093224732
2026-04-10 03:40:00,-0.004618868241594853,-0.0031767690718753168
2026-04-10 03:45:00,-0.003562466133230302,-0.003491233449729678
2026-04-10 03:50:00,-0.003434587579322468,-0.003504076928248504
2026-04-10 03:55:00,-0.002466890512078379,-0.0035115015127307847
2026-04-10 04:00:00,1.8927146259173355e-05,-0.0018581820928351015
2026-04-10 04:05:00,-0.00032152347766079004,-0.000570632528080334
2026-04-10 04:10:00,0.0015873169377691454,-0.0004568924332985363
2026-04-10 04:15:00,0.0027760386956465766,-0.0008202331893419282
2026-04-10 04:20:00,0.002702055962865657,-8.459888887726894e-05
2026-04-10 04:25:00,0.0023661923570905685,0.0005098078503059436
2026-04-10 04:30:00,0.003936271646171718,0.0006054483349144915
2026-04-10 04:35:00,0.0037043464314141517,-0.00045819440066680777
2026-04-10 04:40:00,0.0032243243511711484,-0.00022182338941459164
2026-04-10 04:45:00,0.003709316096886184,-0.0004303475360935581
2026-04-10 04:50:00,0.0032310273735909334,0.000497930198328251
2026-04-10 04:55:00,0.0027921330042044445,0.00019522532878780085
2026-04-10 05:00:00,0.0025434911610364708,-0.0010193723105499774
2026-04-10 05:05:00,0.0017261876548442245,-0.0013150232803481397
2026-04-10 05:10:00,0.0014757299720731254,-0.0012540122769287637
2026-04-10 05:15:00,0.001911402587964517,-0.003902086799160751
2026-04-10 05:20:00,0.0018120074036733769,-0.0025820963157711136
2026-04-10 05:25:00,0.002045901140874662,-0.002059510408605644
2026-04-10 05:30:00,0.0002498328337416922,-0.0015256951265672346
2026-04-10 05:35:00,-0.0004617687082628663,-0.0017969761976675692
2026-04-10 05:40:00,-0.0005667613519708681,-0.0012369463218865303
2026-04-10 05:45:00,-0.0007617561049144683,-0.0012460509562570836
2026-04-10 05:50:00,-0.00039044788646691586,-0.0012389824947319126
2026-04-10 05:55:00,-0.001637778447157956,-0.0018851377081104115
2026-04-10 06:00:00,-0.001049377500683235,-0.00035932048331981326
2026-04-10 06:05:00,-0.0008711213351109137,-0.00098861900730814
2026-04-10 06:10:00,-0.0015072415510068993,-0.001180830285134903
2026-04-10 06:15:00,-0.002161350866774825,-0.0012537277783492436
2026-04-10 06:20:00,-0.001232143781429329,-0.0018811016499134191
2026-04-10 06:25:00,-0.0011463653499443893,-0.0017697447862911884
2026-04-10 06:30:00,9.02603802668267e-05,-0.0013523529835969444
2026-04-10 06:35:00,0.0004218970948528522,-0.0003152565113182505
2026-04-10 06:40:00,0.00048701435975573304,-0.00031969919373625035
2026-04-10 06:45:00,0.0006107101111219038,0.00010676292918680541
2026-04-10 06:50:00,0.0008793423338229189,0.00040391178461546647
2026-04-10 06:55:00,0.0014111690473530558,0.0003451670804343103
2026-04-10 07:00:00,-8.189776014155825e-05,0.0008045403045993123
2026-04-10 07:05:00,-0.0006154899904107225,-2.1188256108815397e-05
2026-04-10 07:10:00,-0.0007881123646615862,0.00019223231860840265
2026-04-10 07:15:00,-0.0015662237140823265,0.00023428978744936428
2026-04-10 07:20:00,-0.001469220726180609,-6.451326452528865e-05
2026-04-10 07:25:00,-0.00095420656773193,-0.0003379692431855961
2026-04-10 07:30:00,-0.001268590585551621,-0.0003427532294333058
2026-04-10 07:35:00,-0.002746570354561939,-0.00027360008578672764
2026-04-10 07:40:00,-0.0028898686674878604,-0.00102189945344524
2026-04-10 07:45:00,-0.004754908703064942,-0.001501802175739691
2026-04-10 07:50:00,-0.004560395189606936,-0.0023394741373893566
2026-04-10 07:55:00,-0.004108845884960743,-0.0027823656166650057
2026-04-10 08:00:00,-0.002344277517414284,-0.0027674260779899486
2026-04-10 08:05:00,-0.0014867202058805873,-0.0007818895188663708
2026-04-10 08:10:00,-0.0019740559146050884,8.681176371053265e-05
2026-04-10 08:15:00,-3.366394129322714e-05,0.0003866473344052649
2026-04-10 08:20:00,3.155101641816316e-05,0.0006626610765418594
2026-04-10 08:25:00,-0.00039540073748334237,0.0002970581660699802
2026-04-10 08:30:00,-0.0004919066737834044,0.0004976205082402103
2026-04-10 08:35:00,0.0007677818109979029,0.0002968884726536902
2026-04-10 08:40:00,0.000624919143810132,0.0021235064098469414
2026-04-10 08:45:00,0.002080557025557539,0.0015599007058175265
2026-04-10 08:50:00,0.0011331040255981861,0.002136978632433712
2026-04-10 08:55:00,0.0007056338306128396,0.001970950509517937
2026-04-10 09:00:00,-0.0006211553056338914,0.0016643874522006639
2026-04-10 09:05:00,-0.00041465697202092144,0.0009489565122340029
2026-04-10 09:10:00,0.0006338904129421508,-0.00025667362388956736
2026-04-10 09:15:00,-0.0015076226219523647,-0.00015011750763521968
2026-04-10 09:20:00,-0.001707287964240578,-0.0007424404095862098
2026-04-10 09:25:00,-0.0014862534839785724,-0.0011039571459553622
2026-04-10 09:30:00,-0.0012266158201814648,0.0003675820666205748
2026-04-10 09:35:00,-0.0013297930260218749,-0.00022223331423032366
2026-04-10 09:40:00,-0.0024429808077037762,-0.0017454494445279863
2026-04-10 09:45:00,-0.003854974449575721,-0.0021072027842621533
2026-04-10 09:50:00,-0.0030209497112654304,-0.002164092335321068
2026-04-10 09:55:00,-0.0015994490685340423,-0.0019245960132691117
2026-04-10 10:00:00,-0.000655263145301177,-0.0018676872725364299
2026-04-10 10:05:00,-0.0016055223291537857,0.0003961067684441507
2026-04-10 10:10:00,-0.0006675968342300109,-0.00022361123738811605
2026-04-10 10:15:00,0.002786056378505819,-0.0013779641215994033
2026-04-10 10:20:00,0.0015684560452982055,0.0003447292683260077
2026-04-10 10:25:00,0.0004275768149994974,0.0004245930054642861
2026-04-10 10:30:00,-0.00048011523687740976,0.0002381667524496175
2026-04-10 10:35:00,-0.00013897282261332577,0.00034591698824418114
2026-04-10 10:40:00,0.0017043980323450114,1.59818226666248e-05
2026-04-10 10:45:00,0.003053167078183705,0.0007173070280374111
2026-04-10 10:50:00,0.0032419448849996257,0.0007422501247911381
2026-04-10 10:55:00,0.002195163938711886,0.001857889905259818
2026-04-10 11:00:00,0.0006131369520705476,0.0005428186317459799
2026-04-10 11:05:00,0.0007756922071440187,0.0008694283720006674
2026-04-10 11:10:00,0.0001011158556849523,0.00109715171738578
2026-04-10 11:15:00,-0.0013604943615117548,8.598714343581318e-05
2026-04-10 11:20:00,0.0011311290840207988,-0.0008523394826520792
2026-04-10 11:25:00,0.0020237683907975423,7.994272742634464e-05
2026-04-10 11:30:00,0.002507532321445183,-0.00012962019068603
2026-04-10 11:35:00,0.0011848604440096722,0.0013389404184982897
2026-04-10 11:40:00,0.0009951704550896778,0.0008702132160677169
2026-04-10 11:45:00,0.001806841034204254,0.00025561636185307025
2026-04-10 11:50:00,0.0011126524866416077,4.4389005944243204e-05
2026-04-10 11:55:00,0.001076858789495816,-0.0005972526436129941
2026-04-10 12:00:00,0.002553849936834496,0.00028454612118199694
2026-04-10 12:05:00,0.002064874825812524,0.0011626386850068498
2026-04-10 12:10:00,0.0017783881130135626,0.0011627640634751185
2026-04-10 12:15:00,0.0012869446308290122,0.0010134741167402098
2026-04-10 12:20:00,0.00043907148642041705,0.0007500882740268598
2026-04-10 12:25:00,0.0007289832057963963,0.0008356004309625325
2026-04-10 12:30:00,-2.5212308651489934e-05,0.0006181263691895232
2026-04-10 12:35:00,0.0015069312217015352,0.0004635431402897483
2026-04-10 12:40:00,0.002486748431389074,0.0011962463850716063
2026-04-10 12:45:00,0.0010733029035989716,0.0010769523042225616
2026-04-10 12:50:00,0.0016005515026105144,0.0008820972890863691
2026-04-10 12:55:00,0.0025046752661452842,0.0009269106980887088
2026-04-10 13:00:00,0.0015661052743212167,0.000442178298345868
2026-04-10 13:05:00,0.0020165532187519375,1.1222441961218081e-05
2026-04-10 13:10:00,0.002348094355710373,0.001731028664154212
2026-04-10 13:15:00,0.001956680734373606,0.0016820742443613027
2026-04-10 13:20:00,-0.00011132524311285863,0.0009126117617196503
2026-04-10 13:25:00,7.769885398190013e-05,7.979646553805364e-05
2026-04-10 13:30:00,0.004433881222388081,-2.109701361902232e-05
2026-04-10 13:35:00,0.0030049731498955623,0.000753962290789904
2026-04-10 13:40:00,0.0011991565413627114,0.0011452363660961204
2026-04-10 13:45:00,0.00091066852296251,0.00023222355517341382
2026-04-10 13:50:00,9.234211079700572e-05,-0.0009336135803632549
2026-04-10 13:55:00,0.0004612004710526918,-0.0009120328210352266
2026-04-10 14:00:00,0.0008072861680616938,-0.0006430201146857676
2026-04-10 14:05:00,0.0018721709332076841,-0.00010149474188260598
2026-04-10 14:10:00,0.0012138887962631628,-0.0004256543982910448
2026-04-10 14:15:00,0.0009412850597776412,-0.00013838140911891697
2026-04-10 14:20:00,0.0032862240024247313,-0.001212770184120461
2026-04-10 14:25:00,0.0031323210008391555,0.0008464862142834638
2026-04-10 14:30:00,-0.0022993907743344977,0.0007229833195543179
2026-04-10 14:35:00,-6.072300157811128e-05,0.0010697048682815642
2026-04-10 14:40:00,-0.0005889164422345772,0.0014792828974004477
2026-04-10 14:45:00,0.0013351262755207927,0.0017019903259478707
2026-04-10 14:50:00,0.0025151393126385813,0.0017039949336361835
2026-04-10 14:55:00,0.0002996662829755081,0.0017991305772858685
2026-04-10 15:00:00,0.0010432641284108257,0.0011651721387863209
2026-04-10 15:05:00,0.0003015675251383243,0.0014491420581298653
2026-04-10 15:10:00,0.0014865252389828498,0.0011478962178301424
2026-04-10 15:15:00,0.003367943322080791,0.0013298129626302024
2026-04-10 15:20:00,0.0029749078301293252,0.0015415288411137528
2026-04-10 15:25:00,0.0029660184007465062,0.0007712755904531445
2026-04-10 15:30:00,0.003841917144283613,0.0012181250545591545
2026-04-10 15:35:00,0.0023947147878953245,0.0022755440114298094
2026-04-10 15:40:00,0.0023117572732758163,0.0018828947961342798
2026-04-10 15:45:00,-3.7702809702722107e-05,0.001927963080456546
2026-04-10 15:50:00,-0.00041665664013379455,0.0018593416612887942
2026-04-10 15:55:00,0.0003980191269317146,0.0012339456250831827
2026-04-10 16:00:00,-0.00028061064410422887,0.0021470841704848537
2026-04-10 16:05:00,0.0008518556630328078,0.0013110411777191768
2026-04-10 16:10:00,0.0005500820555752739,0.0014036403788729244
2026-04-10 16:15:00,-0.0011910808271249351,0.0009133151942507156
2026-04-10 16:20:00,-0.0008959310920353403,0.0008781859822823795
2026-04-10 16:25:00,-0.0030413807681650695,0.0003967646884612633
2026-04-10 16:30:00,-0.002676901831694778,0.0003039043227543137
2026-04-10 16:35:00,-0.00555740277051342,2.2315357588281237e-05
2026-04-10 16:40:00,-0.0031548675189796427,-0.0006652305267393757
2026-04-10 16:45:00,-0.001593194880722848,-0.0012181689290519414
2026-04-10 16:50:00,-0.0017732545115940468,-0.0016084119551026707
2026-04-10 16:55:00,-0.002558463298619529,-0.0018935162036007053
2026-04-10 17:00:00,-0.004450021302288221,-0.002132897975264393
2026-04-10 17:05:00,-0.004899174256673078,-0.0025271868783483444
2026-04-10 17:10:00,-0.004020684993054857,-0.0028689664170631324
2026-04-10 17:15:00,-0.00427867749937505,-0.003148784119986618
2026-04-10 17:20:00,-0.005297984016973345,-0.003186942266136886
2026-04-10 17:25:00,-0.0038762502651259467,-0.003586679428458368
2026-04-10 17:30:00,-0.002923488119094486,-0.0035923446470965997
2026-04-10 17:35:00,0.00043682796393440526,0.0018143526443266606
2026-04-10 17:40:00,-0.0019069586647120218,0.001091471758882924
2026-04-10 17:45:00,-0.00099913738263524,-0.0026855710978237112
2026-04-10 17:50:00,-0.0002454850177304735,-0.0008172606764579691
2026-04-10 17:55:00,0.0003485037467942931,-0.0008540685870124246
2026-04-10 18:00:00,0.0013812055261848144,0.0007072338653636244
2026-04-10 18:05:00,0.0012249457607520498,-0.003366628342157772
2026-04-10 18:10:00,0.0003001713938211026,-0.001866533455505988
2026-04-10 18:15:00,0.0009885291555313813,-0.002485416334804295
2026-04-10 18:20:00,0.000833531966549117,-0.001652443103168601
2026-04-10 18:25:00,0.0007667930675285817,-0.0012275658424418816
2026-04-10 18:30:00,-3.360476179814498e-05,-0.0006723301215699701
2026-04-10 18:35:00,-0.00018058842477230996,-0.0003575354456475792
2026-04-10 18:40:00,0.00047497951755737233,-0.0016530799410192686
2026-04-10 18:45:00,0.00042832397904390973,-0.00028285196851958005
2026-04-10 18:50:00,-0.0009153299500574974,-1.6789268284950765e-05
2026-04-10 18:55:00,-0.0006824254715045441,-0.001062237352391421
2026-04-10 19:00:00,-0.0014632549094404368,-0.00023817183019132117
2026-04-10 19:05:00,-0.0012711995215060057,-0.00019017640605958192
2026-04-10 19:10:00,-0.0002015037222040661,-0.0008010723868231774
2026-04-10 19:15:00,0.0002307259908373993,-0.0004120412521560648
2026-04-10 19:20:00,-5.8765381330871946e-05,0.0006640049716254107
2026-04-10 19:25:00,0.000988610075973284,0.0013855181408015456
2026-04-10 19:30:00,0.0021107057926563755,0.0013429525861787784
2026-04-10 19:35:00,0.00209575733205547,0.0014146105345428138
2026-04-10 19:40:00,0.0018871791860597398,0.0014243164847816858
2026-04-10 19:45:00,7.976557322031397e-05,0.002000941813493108
2026-04-10 19:50:00,0.001441894735460636,0.0009053213185773495
2026-04-10 19:55:00,0.0009552653162092639,0.0012971261898135438
2026-04-10 20:00:00,0.002966326411966591,0.0014067742988615136
2026-04-10 20:05:00,0.0019597038361123253,0.0011573314648289927
2026-04-10 20:10:00,0.0006505430164907011,0.0009605613239538127
2026-04-10 20:15:00,0.0003313133037909921,0.0006007086070234104
2026-04-10 20:20:00,0.0006567166294040305,-0.00013527405577811426
2026-04-10 20:25:00,-0.000690454856679068,0.00043999996801838436
2026-04-10 20:30:00,-0.0013548716622562296,0.0009387226798768925
2026-04-10 20:35:00,-0.0018920727400910664,0.0007120312468689927
2026-04-10 20:40:00,-0.0008707247182346833,0.0012603813239737858
2026-04-10 20:45:00,-0.0009239912878218348,0.0018117910925072027
2026-04-10 20:50:00,-0.001742288715975704,0.001616736678669513
2026-04-10 20:55:00,-0.0011485288231991575,0.0008220875483101439
2026-04-10 21:00:00,-0.0028506176906599734,0.0012171656844663494
2026-04-10 21:05:00,-0.002477050741360287,0.0007323420382796854
2026-04-10 21:10:00,-0.002772994508307036,0.0007525105769851213
2026-04-10 21:15:00,-0.003921981434519495,0.0010699105552275543
2026-04-10 21:20:00,-0.0040015353362310435,0.0003719618537542993
2026-04-10 21:25:00,-0.0038366042673079193,0.00025044891416872955
2026-04-10 21:30:00,-0.0036816732941460373,-0.0006438119000024812
2026-04-10 21:35:00,-0.0025879871779501684,-0.0013807843272905717
2026-04-10 21:40:00,-0.0027093366721686607,-0.0014783006783825586
2026-04-10 21:45:00,-0.0018737013385585755,-0.001455465487536301
2026-04-10 21:50:00,-0.0021410807382622465,-0.0015168438803058312
2026-04-10 21:55:00,-0.0021304727590027994,-0.0016093612218088685
2026-04-10 22:00:00,-0.017526940535224966,-0.0013398845718092342
2026-04-10 22:05:00,-0.018522114674052403,-0.003287685208653064
2026-04-10 22:10:00,-0.016328737245730807,-0.005222505344012324
2026-04-10 22:15:00,-0.017221673660692716,-0.006990845636709987
2026-04-10 22:20:00,-0.01935359089782196,-0.0076376479742277185
2026-04-10 22:25:00,-0.02075298696582628,-0.009908293552633613
2026-04-10 22:30:00,-0.019774021609993753,-0.011319204424339901
2026-04-10 22:35:00,-0.01985075031225847,-0.008950070828571355
2026-04-10 22:40:00,-0.01979180898957722,-0.0047117331921601975
2026-04-10 22:45:00,-0.01950773346529111,-0.012291296859555156
2026-04-10 22:50:00,-0.019912623407684293,-0.011052726491304714
2026-04-10 22:55:00,-0.019432823583469983,-0.01473821753536732
2026-04-13 00:00:00,-0.0025058130151922597,-0.015771319536200045
2026-04-13 00:05:00,-0.0020614561261194098,-0.0008140732172800571
2026-04-13 00:10:00,-0.0036395887322786535,-0.0008687689187725137
2026-04-13 00:15:00,-0.0037931331495641984,-0.0010574166892798635
2026-04-13 00:20:00,-0.0022160209477632975,-0.0017787100816140575
2026-04-13 00:25:00,0.0012536166757914913,-0.0019427802343532565
2026-04-13 00:30:00,0.00018261053627455226,-0.0014079388596000197
2026-04-13 00:35:00,0.0001932358857938965,-0.0012850975292670716
2026-04-13 00:40:00,-0.0004895929390258402,-0.0007807534335719762
2026-04-13 00:45:00,0.00025109209095219853,-0.0007479550656485015
2026-04-13 00:50:00,0.0023619600437640997,-0.0003652432638937889
2026-04-13 00:55:00,0.002904539229160008,0.0002310004268181979
2026-04-13 01:00:00,0.0020454201742001743,-2.26468045713252e-05
2026-04-13 01:05:00,0.0032051137703223986,0.00021346392051420902
2026-04-13 01:10:00,0.002751799835078117,0.0012715530899170121
2026-04-13 01:15:00,0.004561590888494393,-0.00032414851338144994
2026-04-13 01:20:00,0.005529801879900376,0.0006609875349615391
2026-04-13 01:25:00,0.004230893071214936,0.0003152422566219792
2026-04-13 01:30:00,0.005296209487442027,0.0007113917698110405
2026-04-13 01:35:00,0.004122047404049312,0.002400082081017819
2026-04-13 01:40:00,0.004898000458883445,0.0028285369306162694
2026-04-13 01:45:00,0.0057769864948333804,0.0033392135537802514
2026-04-13 01:50:00,0.004905569792770237,0.003640392789245735
2026-04-13 01:55:00,0.005326241440094748,0.0040113796944701635
2026-04-13 02:00:00,0.007521680194789937,0.004242538514633785
2026-04-13 02:05:00,0.007510414851962466,0.004723336978697156
2026-04-13 02:10:00,0.009103512614954568,0.005126996875394046
2026-04-13 02:15:00,0.009290208022703084,0.005764441024232061
2026-04-13 02:20:00,0.009032291983270824,0.006313352362117453
2026-04-13 02:25:00,0.00937984092113453,0.006695457977820301
2026-04-13 02:30:00,0.008839288848262683,0.007472104315629806
2026-04-13 02:35:00,0.008471225989083564,0.007860036536031486
2026-04-13 02:40:00,0.007586593511158313,0.008056180748444846
2026-04-13 02:45:00,0.005917730845480307,0.008206178834553119
2026-04-13 02:50:00,0.0070054946989053235,0.008042617407792938
2026-04-13 02:55:00,0.005202715442752748,0.00795815787236198
2026-04-13 03:00:00,0.004058418716038403,0.007644484510306652
2026-04-13 03:05:00,0.0034081627338196085,-0.003590956809793463
2026-04-13 03:10:00,0.0015893403134494832,-0.0018972167527763642
2026-04-13 03:15:00,0.001076351104519091,-0.001396137925825185
2026-04-13 03:20:00,0.001119085179972501,-0.000902692352854819
2026-04-13 03:25:00,0.000517118980676301,-0.001012933105467869
2026-04-13 03:30:00,0.0007283306095899889,-0.0013044140687007754
2026-04-13 03:35:00,-0.00016325267203498584,-0.0006857324544541718
2026-04-13 03:40:00,0.0001993743047066232,-0.00121036577708258
2026-04-13 03:45:00,-0.0005197477749288026,-0.0005273941407175092
2026-04-13 03:50:00,-0.000817644213588764,-0.00021791541154878667
2026-04-13 03:55:00,-0.00011649913750844121,-0.00017340402125819114
2026-04-13 04:00:00,-0.001673984557983843,-0.00040798413016428713
2026-04-13 04:05:00,-0.0018012524630943716,-0.001222212689288591
2026-04-13 04:10:00,-0.0018587188672434252,-0.0014549817676233925
2026-04-13 04:15:00,-0.0014028754886137307,-0.0011159279067480413
2026-04-13 04:20:00,-0.0008264761014906696,-0.0016483128557210195
2026-04-13 04:25:00,-0.0001483264540826923,-0.002781751681275495
2026-04-13 04:30:00,-0.0006859712796227768,-0.002504958599615879
2026-04-13 04:35:00,0.0005808038148682471,-0.0012628707616195386
2026-04-13 04:40:00,0.0014834534118790543,-0.0011226373000044667
2026-04-13 04:45:00,0.001744858887603229,-0.000333819199058805
2026-04-13 04:50:00,-4.238320777893989e-05,-4.224052536134155e-05
2026-04-13 04:55:00,-0.0005593848607663432,0.00013933878898160967
2026-04-13 05:00:00,-9.75589065692617e-05,-0.00020852270694784553
2026-04-13 05:05:00,-0.0004306618575462551,0.00017579757987946947
2026-04-13 05:10:00,0.00018242175536009597,-0.00020486493335778285
2026-04-13 05:15:00,-0.0006491247650526333,-0.00019673004542518417
2026-04-13 05:20:00,-0.000871718517711173,-0.0003515208503283605
2026-04-13 05:25:00,-0.0013019785973735765,-0.0004861738971198832
2026-04-13 05:30:00,-0.001797612288951811,-0.0006743634671762205
2026-04-13 05:35:00,-0.0014059555018626213,-0.00015590408174913175
2026-04-13 05:40:00,-0.0008241045744483699,0.00017735865765862669
2026-04-13 05:45:00,-0.000417386593968061,-0.00013655675468355837
2026-04-13 05:50:00,0.0009955307848112938,-0.0005493216449565044
2026-04-13 05:55:00,0.001135393686238828,-0.0007236171224669284
2026-04-13 06:00:00,0.0014517958718460733,-0.0004594053731506373
2026-04-13 06:05:00,0.0017342454126634266,-0.0027081193575985434
2026-04-13 06:10:00,0.0010006063830658718,-0.002278841921280383
2026-04-13 06:15:00,0.0010244066283959796,-0.011503621149831602
2026-04-13 06:20:00,0.0009056386696766339,-0.009130507455264022
2026-04-13 06:25:00,0.001655806778288138,-0.007055627527410651
2026-04-13 06:30:00,0.001983972027316483,-0.0057782685751581984
2026-04-13 06:35:00,0.002238417763459566,-0.008365865990401587
2026-04-13 06:40:00,0.0006101992447433702,-0.0029367171749504154
2026-04-13 06:45:00,0.0008811804998973827,-0.0022577530517685685
2026-04-13 06:50:00,-0.0005611880391871438,-0.001042303872540848
2026-04-13 06:55:00,0.0012948080436832043,-0.0009007284390352484
2026-04-13 07:00:00,0.0009060387676171899,-0.00020403606392888
2026-04-13 07:05:00,0.0015810949251875428,0.0001760832311852602
2026-04-13 07:10:00,0.0014821091004399989,0.0002895909918464243
2026-04-13 07:15:00,0.002439077239763776,0.0005917489151470798
2026-04-13 07:20:00,0.0021494613976802412,0.0009499457159549253
2026-04-13 07:25:00,0.002365522882577409,0.00112617643856235
2026-04-13 07:30:00,0.0015509439426590887,0.0010998617588923144
2026-04-13 07:35:00,0.0008677341045437714,0.001105898971389548
2026-04-13 07:40:00,0.0011071537438915868,0.0007360898314964044
2026-04-13 07:45:00,-0.00020751588735734572,0.0010724256688734086
2026-04-13 07:50:00,0.0008977497575166637,0.0011068877593193953
2026-04-13 07:55:00,-0.0007445213516028559,0.0009438799154689721
2026-04-13 08:00:00,0.0024156158090722357,-0.0002909299887685517
2026-04-13 08:05:00,-0.0002559381362861046,9.400879961892115e-05
2026-04-13 08:10:00,0.0003342295511181703,0.0007350486482424173
2026-04-13 08:15:00,0.0005750261245669464,-0.0001806484277062544
2026-04-13 08:20:00,0.0006555657767233214,0.0004529803177276511
2026-04-13 08:25:00,-9.721890534919453e-05,0.00016248201451647573
2026-04-13 08:30:00,0.00041641962170579916,0.0007456274396610697
2026-04-13 08:35:00,0.0005202792705709669,0.00046968486752248765
2026-04-13 08:40:00,0.0012327263946723122,0.0007255666997038158
2026-04-13 08:45:00,0.0035873435187330216,0.0008975600686412229
2026-04-13 08:50:00,0.0020275555670252743,0.0008344099808430393
2026-04-13 08:55:00,0.001560319991813941,0.0014516217553219254
2026-04-13 09:00:00,-0.0002195524095203183,0.0001594662546084748
2026-04-13 09:05:00,0.0014269182577457684,0.000970861748847288
2026-04-13 09:10:00,0.0009914543374396345,0.0010803588313154243
2026-04-13 09:15:00,0.00024513118867730554,0.0009186952006502589
2026-04-13 09:20:00,0.0007079511661469695,0.001326576808584129
2026-04-13 09:25:00,0.00016907028292045823,0.0008050328872288387
2026-04-13 09:30:00,0.00021131418482767117,0.0006912845818629068
2026-04-13 09:35:00,0.0001501115796997965,0.0007987934288248126
2026-04-13 09:40:00,-0.0022636314066932783,0.0004837745748505834
2026-04-13 09:45:00,-0.0022181108262806504,0.0005709485203798873
2026-04-13 09:50:00,-0.001980996198531315,0.0001417172795844872
2026-04-13 09:55:00,-0.002102138440863044,-2.278352429554975e-05
2026-04-13 10:00:00,-0.0019717973937414257,-0.0003987909179739311
2026-04-13 10:05:00,-0.0034025945846423156,-0.0006610879526543033
2026-04-13 10:10:00,-0.002871361065132305,-0.0001815392493775701
2026-04-13 10:15:00,-0.002672211558547133,-0.0005216714279121514
2026-04-13 10:20:00,-0.0026971214283779688,-0.000678509605450292
2026-04-13 10:25:00,-0.0035140789698342445,-0.0016557174973558437
2026-04-13 10:30:00,-0.003922922767143788,-0.0019051141697073461
2026-04-13 10:35:00,-0.003010762247708243,-0.0019009720887255442
2026-04-13 10:40:00,-0.0015239591968025934,-0.0009024551946671559
2026-04-13 10:45:00,-0.003153951988180026,0.00032864987560485927
2026-04-13 10:50:00,-0.002163065403767206,-0.0017412524231235368
2026-04-13 10:55:00,-0.0018117194566240613,-0.0018676545956370818
2026-04-13 11:00:00,-0.0024018362074595956,-0.001728994120118377
2026-04-13 11:05:00,7.418484110210954e-05,-0.002471615585134968
2026-04-13 11:10:00,-0.0003009437363896694,-0.0017138678697888557
2026-04-13 11:15:00,-0.001443804771126267,-0.001781904041821677
2026-04-13 11:20:00,-0.0019294628510966305,-0.0015446725763846308
2026-04-13 11:25:00,-0.000543030974593961,-0.00171159187642445
2026-04-13 11:30:00,0.00042415477195056894,-0.001508001141507982
2026-04-13 11:35:00,0.00021838389643491496,-0.0010990237456450262
2026-04-13 11:40:00,0.0007654492298900806,-0.0011474386594627955
2026-04-13 11:45:00,0.001581396664372292,-0.0012429283745500922
2026-04-13 11:50:00,0.0011043623430531113,-0.0011847928518602373
2026-04-13 11:55:00,0.0017841974045769149,-0.0007183682875132903
2026-04-13 12:00:00,0.002001930571394084,-0.00011852892484593124
2026-04-13 12:05:00,0.001027423830647578,0.00038447051030707176
2026-04-13 12:10:00,0.0008136110794811913,0.0009523518872743091
2026-04-13 12:15:00,0.001471346122880135,0.0008258902766656657
2026-04-13 12:20:00,0.001772700460191956,0.0016290521375382531
2026-04-13 12:25:00,0.0016599836541466573,0.001991254640254522
2026-04-13 12:30:00,0.0007185316828692834,0.0019546817521712617
2026-04-13 12:35:00,-0.00100326334106704,0.0010098262377435676
2026-04-13 12:40:00,-0.0021982647660205856,0.0008051642718778125
2026-04-13 12:45:00,-0.0026257255445543137,0.0009179123762041575
2026-04-13 12:50:00,-0.0026155618478842513,0.0011564533832744994
2026-04-13 12:55:00,-0.0035630851563297483,0.00018169767740103374
2026-04-13 13:00:00,-0.00328357396621648,0.0006528493528834248
2026-04-13 13:05:00,-0.0017270996760618829,-0.0008120686482673073
2026-04-13 13:10:00,-0.0008348077143036647,-0.0007401950896923615
2026-04-13 13:15:00,-0.0013949694330079865,-0.00047040219059957846
2026-04-13 13:20:00,-0.0025837615083297294,-0.0005112867235263027
2026-04-13 13:25:00,-0.002105659018859285,-0.0013938551732658197
2026-04-13 13:30:00,-0.0012784539870711598,-0.0015182704372543327
2026-04-13 13:35:00,-0.0001209686406191679,-0.001477211510086585
2026-04-13 13:40:00,0.0017000472084927054,0.0007534798183562432
2026-04-13 13:45:00,0.002727392027743747,0.0010866475035796492
2026-04-13 13:50:00,0.003354654703327853,0.0019300726540598882
2026-04-13 13:55:00,0.0036964541960706754,0.0016887516336805402
2026-04-13 14:00:00,0.003662324580394838,0.001360054105335389
2026-04-13 14:05:00,0.002960731205259748,0.0019245391932056052
2026-04-13 14:10:00,0.003575868206782573,0.0009387973821531456
2026-04-13 14:15:00,0.0046374232113723934,0.0010374585090560788
2026-04-13 14:20:00,0.0048227073884348215,0.0024590862046434576
2026-04-13 14:25:00,0.00502460950848338,0.003274897280849813
2026-04-13 14:30:00,0.00423615971279645,0.003187019099869903
2026-04-13 14:35:00,0.003371026587124959,0.0026820893076899203
2026-04-13 14:40:00,0.002408223431993761,0.0015409560997825596
2026-04-13 14:45:00,0.0037818417531276793,0.001653421778458984
2026-04-13 14:50:00,0.0007935458689125596,0.0007688151663214013
2026-04-13 14:55:00,0.0015335236497460158,0.0008532903469208105
2026-04-13 15:00:00,-0.0005523044035893321,0.0010156779188363932
2026-04-13 15:05:00,-0.0008398890655492153,0.0007024899897097869
2026-04-13 15:10:00,-0.0015007305666099313,0.00020620090709061085
2026-04-13 15:15:00,-0.0035708808381968993,-0.001236255377355878
2026-04-13 15:20:00,-0.0028577617152585333,-0.00011407320113796744
2026-04-13 15:25:00,-0.004076196120141873,-0.0006695579413798679
2026-04-13 15:30:00,-0.003004320438185104,-0.001331481419950479
2026-04-13 15:35:00,-0.001801693570754992,-0.001770313408920953
2026-04-13 15:40:00,-0.0010964309944778705,-0.0017812522374018658
2026-04-13 15:45:00,-0.005121279050705141,-0.0011571876095168004
2026-04-13 15:50:00,-0.002866081078847671,-0.0012768105764801268
2026-04-13 15:55:00,-0.0025564744752948343,-0.0018008019094548986
2026-04-13 16:00:00,-0.0035793766255327597,-0.0018950164101227856
2026-04-13 16:05:00,-0.00418242931479007,-0.0008092508831871161
2026-04-13 16:10:00,-0.0040675061934685175,-0.0010387474216113162
2026-04-13 16:15:00,-0.0025059505537292637,-0.0015815367999461561
2026-04-13 16:20:00,-0.002634247786065913,-0.0015584699834828141
2026-04-13 16:25:00,-0.0026182778290397835,-0.0017895795351468942
2026-04-13 16:30:00,-0.002093544187649954,-0.0014821392384545176
2026-04-13 16:35:00,-0.0006041137146901576,-0.0017260227549281265
2026-04-13 16:40:00,-0.0019736395240936844,-0.0015814688643710029
2026-04-13 16:45:00,-3.605395793293553e-05,-0.002018544661477897
2026-04-13 16:50:00,-0.0003458405285314825,-0.0019140275342539334
2026-04-13 16:55:00,-0.0008755277839753717,-0.0019530989220092393
2026-04-13 17:00:00,0.0009151472358830404,-0.001409731540668065
2026-04-13 17:05:00,0.002456010124580743,-0.0019429001820377534
2026-04-13 17:10:00,0.0025348609801838506,2.4962283640647407e-05
2026-04-13 17:15:00,0.004039098826112308,0.0005094601968260828
2026-04-13 17:20:00,0.0045911085394916284,-0.0006528388184173443
2026-04-13 17:25:00,0.005773175190949331,-2.1950322130916852e-05
2026-04-13 17:30:00,0.005085189283601466,0.0017578954682692283
2026-04-13 17:35:00,0.004166253917052387,0.002136909752782118
2026-04-13 17:40:00,0.00568352866698163,0.0014022542301285984
2026-04-13 17:45:00,0.004735254052505411,0.0034776408478034925
2026-04-13 17:50:00,0.005312305477596979,0.0033262339227276556
2026-04-13 17:55:00,0.003841953514623242,0.003939180106842763
2026-04-13 18:00:00,0.0055852292557094785,0.004214778584611262
2026-04-13 18:05:00,0.0026128306044679306,0.0033806942622031087
2026-04-13 18:10:00,0.0022642684980063166,0.0033861770305053645
2026-04-13 18:15:00,0.003900608198028621,0.003805768468557638
2026-04-13 18:20:00,0.0038327208839188387,0.0037966208120137966
2026-04-13 18:25:00,0.0027339466376581356,0.00435621320250609
2026-04-13 18:30:00,0.002078719835493459,0.0039503285748364435
2026-04-13 18:35:00,0.002174613154812377,0.0033874566026616216
2026-04-13 18:40:00,0.000997523146482493,0.0027443432006324254
2026-04-13 18:45:00,0.00026382022387672066,0.002418631849637384
2026-04-13 18:50:00,-0.0015294205126679117,-0.001743154577239168
2026-04-13 18:55:00,-0.0006171039424209823,-0.0025488634588695536
2026-04-13 19:00:00,-0.0013136055075140263,-0.002111707751067724
2026-04-13 19:05:00,0.00014589696528588547,-0.0024709015327471183
2026-04-13 19:10:00,-0.0001543152791043667,-0.002153594344574617
2026-04-13 19:15:00,-0.004107996293848615,-0.002174774282557086
2026-04-13 19:20:00,-0.003280664141309231,-0.0017506735823416039
2026-04-13 19:25:00,-0.0033747072826209035,-0.0017904647770857667
2026-04-13 19:30:00,-0.002146324374319164,-0.002072627763986586
2026-04-13 19:35:00,-0.0030555057650634154,-0.002622085945366323
2026-04-13 19:40:00,-0.0022136111249171364,-0.0023239961783955974
2026-04-13 19:45:00,-0.0005826079044837229,-0.0023617510813738808
2026-04-13 19:50:00,0.0019536103112489656,-0.0027229715804979637
2026-04-13 19:55:00,0.0017319971717491,-0.0015125996561412241
2026-04-13 20:00:00,0.0008238450792337204,-0.0018432351997488274
2026-04-13 20:05:00,0.0010481405975006908,-0.0015013578029699406
2026-04-13 20:10:00,0.0010079037829786586,-0.002310922347128369
2026-04-13 20:15:00,0.0026441482219983214,-0.0008339113985741494
2026-04-13 20:20:00,0.002597552160287009,-0.00029869352954193357
2026-04-13 20:25:00,0.003372599007958499,-0.0003882192771828394
2026-04-13 20:30:00,0.0022011356443716323,0.0007472687149956799
2026-04-13 20:35:00,0.0020921724310092316,0.0002565353751334786
2026-04-13 20:40:00,0.0016949389141185378,0.0008282233028298123
2026-04-13 20:45:00,0.0012365818743127477,0.0012477440733620376
2026-04-13 20:50:00,0.0012230224936917722,0.0012006928190813181
2026-04-13 20:55:00,0.0006139273079295293,-0.0026261081742650176
2026-04-13 21:00:00,0.0013715686562800755,-0.001433309617067336
2026-04-13 21:05:00,0.0017578164559264309,-0.0015379141945300627
2026-04-13 21:10:00,0.001639633486233194,-0.0009064759824050729
2026-04-13 21:15:00,0.0009620781628800756,-0.00022840243032201226
2026-04-13 21:20:00,-0.0001223347375223227,-0.0010278875964591116
2026-04-13 21:25:00,-0.0007824767791682063,-0.0010233240998583936
2026-04-13 21:30:00,-0.0009237603182672416,-0.0012880446957228705
2026-04-13 21:35:00,-0.0006328900501539891,-0.0014685532641049508
2026-04-13 21:40:00,-0.0004050043403474035,-0.001341339188439074
2026-04-13 21:45:00,-0.0005864471806589222,-0.000964437458593292
2026-04-13 21:50:00,-0.0009192359182996768,-0.0006248945918528284
2026-04-13 21:55:00,-0.0002362435597706991,-0.0006851239760266372
2026-04-13 22:00:00,0.0009695131064084705,-0.0003281011215323418
2026-04-13 22:05:00,0.001123130385368043,-0.0009023725618138228
2026-04-13 22:10:00,0.0014137911229656908,-0.0010580257421222122
2026-04-13 22:15:00,0.0014371724319754975,-0.00021871918276525254
2026-04-13 22:20:00,0.0013617116667070661,0.0011935542980302657
2026-04-13 22:25:00,0.0019434631368220323,0.002014710560194081
2026-04-13 22:30:00,0.001753994369728673,0.002656856448762816
2026-04-13 22:35:00,0.0019543382712896573,0.002607334490470332
2026-04-13 22:40:00,0.002511754089889351,0.0028223523280174584
2026-04-13 22:45:00,0.0026384127518017664,0.0027708644636422713
2026-04-13 22:50:00,0.0031064003085585767,0.002465947965625183
2026-04-13 22:55:00,0.0037500978313627087,0.002244966205751242
2026-04-14 00:00:00,0.00366300775873718,0.002554302899736349
2026-04-14 00:05:00,0.003506658459036416,0.0017653986778417893
2026-04-14 00:10:00,0.0028257990537277067,0.0015364528351637834
2026-04-14 00:15:00,0.002496439088009339,0.001584983829835197
2026-04-14 00:20:00,0.00241952060066275,0.0018916212892473383
2026-04-14 00:25:00,0.0014666878321705212,0.002263237267246233
2026-04-14 00:30:00,0.0016373745900111203,0.0012081052279405411
2026-04-14 00:35:00,0.002524228663807193,0.002236826238474838
2026-04-14 00:40:00,0.0016675029070878367,0.00189256942826459
2026-04-14 00:45:00,0.001411177557766763,3.957314671485265e-05
2026-04-14 00:50:00,0.0006768616580856701,0.0006712821721850919
2026-04-14 00:55:00,-0.00011349664251270042,0.0008894023825882038
2026-04-14 01:00:00,-0.0019034258999024445,-0.00037202640459956015
2026-04-14 01:05:00,-0.001802248887225133,-0.0004063400391756009
2026-04-14 01:10:00,-0.0006384703811228576,-0.0008946483431172065
2026-04-14 01:15:00,0.0007831898060732811,-0.0007773456102488796
2026-04-14 01:20:00,0.000934680601591964,-0.00046277724881169373
2026-04-14 01:25:00,0.0014435429187056315,0.00010727874564465794
2026-04-14 01:30:00,0.0022685272709601634,0.002216928577256581
2026-04-14 01:35:00,0.0024529076302002295,0.0022196673071123722
2026-04-14 01:40:00,0.00219316513240031,-0.00017195560757875914
2026-04-14 01:45:00,0.0026151871980513164,0.00233856989705675
2026-04-14 01:50:00,0.002394763310592296,0.0020935481695561263
2026-04-14 01:55:00,0.002540081094833724,0.0024857891944379757
2026-04-14 02:00:00,0.002837006437625078,0.00218308420751335
2026-04-14 02:05:00,0.004038985317922794,0.002289129633362625
2026-04-14 02:10:00,0.00342699521433687,0.0027976723442086388
2026-04-14 02:15:00,0.00151215044611952,0.0029425435161256376
2026-04-14 02:20:00,0.0015921950162507414,0.002375971043569716
2026-04-14 02:25:00,0.0016594937423430878,0.0020549992649714507
2026-04-14 02:30:00,2.727502562471784e-05,0.0020378123793843863
2026-04-14 02:35:00,-0.0007044114053709194,0.0005433469838461787
2026-04-14 02:40:00,0.000632919372112184,0.000218962278772349
2026-04-14 02:45:00,-0.0006542046509903088,0.0002907689243101553
2026-04-14 02:50:00,-0.0010403143694119876,-0.00010737472451217372
2026-04-14 02:55:00,-0.0009585948615438156,0.00017983007758966138
2026-04-14 03:00:00,-0.0005873197831292032,-0.00015331854472987609
2026-04-14 03:05:00,-0.0013431188143719908,0.0003439579990353439
2026-04-14 03:10:00,-0.0017057376839346716,-0.0005821907491244146
2026-04-14 03:15:00,-6.0777469601092093e-05,-0.0009799929301079816
2026-04-14 03:20:00,-0.0002746247772833499,0.001830228829014983
2026-04-14 03:25:00,-0.00039416882257548025,0.0013643619495935977
2026-04-14 03:30:00,0.00022027101815602634,0.0008613990427032489
2026-04-14 03:35:00,0.00010066058517566034,0.0016569907789527247
2026-04-14 03:40:00,-0.0001194276275224837,0.0017606020359385527
2026-04-14 03:45:00,0.0017708151317918919,0.0013532876773833403
2026-04-14 03:50:00,0.001974835128883967,0.0016487534928285627
2026-04-14 03:55:00,0.002117330188770694,0.0015132934066254557
2026-04-14 04:00:00,0.0013901311330997146,0.001974940061924092
2026-04-14 04:05:00,-1.8870990571073776e-05,0.001627116480756633
2026-04-14 04:10:00,0.0002893840125040015,0.0011988710254459717
2026-04-14 04:15:00,-0.0003228112274111794,0.0014935366993227832
2026-04-14 04:20:00,-0.0002096880059863082,0.0012690522058995196
2026-04-14 04:25:00,-4.194120680978131e-06,0.0009748130149353522
2026-04-14 04:30:00,5.663327751825875e-05,0.0005340026269876088
2026-04-14 04:35:00,-0.0004006053178873259,0.00035823419586566605
2026-04-14 04:40:00,-0.001014662376416453,0.0006540953709964401
2026-04-14 04:45:00,-0.0009531261686426262,0.0002732218355611141
2026-04-14 04:50:00,-0.0006599408806788887,0.00035033481680997393
2026-04-14 04:55:00,-0.001490049325758136,-9.291134256313035e-05
2026-04-14 05:00:00,-0.0009139561308408872,-0.0006966163594665459
2026-04-14 05:05:00,-0.00023067421982325698,-5.687643947220773e-06
2026-04-14 05:10:00,-0.00012371190239690577,0.0008485243515008401
2026-04-14 05:15:00,0.0008277807880592292,0.0003913608721312023
2026-04-14 05:20:00,0.0012637523805452133,0.0006290105554313529
2026-04-14 05:25:00,0.0015820318050536741,0.0007185098954122043
2026-04-14 05:30:00,0.001387561635842971,0.0007268421700563299
2026-04-14 05:35:00,0.0013396158207985565,0.002137388167795538
2026-04-14 05:40:00,0.0012304597958561203,0.0026168012531316703
2026-04-14 05:45:00,0.0008379613729267987,0.002385135577609955
2026-04-14 05:50:00,0.0006327138396180487,0.001441446086573989
2026-04-14 05:55:00,0.0012848016874791313,0.0010816447937993592
2026-04-14 06:00:00,0.0008971938142057212,0.0013259396593001207
2026-04-14 06:05:00,-0.00012164965334449107,0.0009862033169728188
2026-04-14 06:10:00,-0.0006229856736492678,0.002507497560032072
2026-04-14 06:15:00,-0.0014925970390944343,0.001251499589372874
2026-04-14 06:20:00,-0.00203998053827803,0.0011352604147288464
2026-04-14 06:25:00,-0.00244849481272702,0.0007285254795024598
2026-04-14 06:30:00,-0.0025964344044044907,0.0002457715373007625
2026-04-14 06:35:00,-0.0029142275320506172,0.00045323991133624386
2026-04-14 06:40:00,-0.0026640615190665073,-0.0005299326425177808
2026-04-14 06:45:00,-0.0024173313167139554,-0.0009879438314316558
2026-04-14 06:50:00,-0.0026991531991065187,0.00020354052790034087
2026-04-14 06:55:00,-0.0029430202175859677,0.0022053204680299353
2026-04-14 07:00:00,-0.0016629605151816662,0.0017018284183809656
2026-04-14 07:05:00,0.00042780569885714215,0.0004854888353079459
2026-04-14 07:10:00,8.392958308789389e-06,0.0012079492581657393
2026-04-14 07:15:00,-0.0005414071681926202,0.0008377024832386947
2026-04-14 07:20:00,1.049358684390711e-05,0.0008787431283278309
2026-04-14 07:25:00,0.0006693194907487765,0.0008383036295076372
2026-04-14 07:30:00,0.0007221414325471187,0.0007707209016852965
2026-04-14 07:35:00,0.0017487164619200968,0.0006161760096529935
2026-04-14 07:40:00,0.0018530085203938285,0.0008853277864825462
2026-04-14 07:45:00,0.0018790217841200274,0.0007430013760962865
2026-04-14 07:50:00,0.0036119020179139483,0.0011567464476667118
2026-04-14 07:55:00,0.004575458374805663,0.0016055337449825283
2026-04-14 08:00:00,0.0046610369218687,0.0018850419877425653
2026-04-14 08:05:00,0.004887878426218961,-0.0007054564475181629
2026-04-14 08:10:00,0.005160896716287056,-0.000794087962814191
2026-04-14 08:15:00,0.004385769846942722,-0.0001377960087374514
2026-04-14 08:20:00,0.0016922234123946112,0.001927696475112228
2026-04-14 08:25:00,0.0010817134891638602,0.0010716662736953992
2026-04-14 08:30:00,0.0015432975524927173,0.00012276638989353752
2026-04-14 08:35:00,0.0022041023647787483,0.000530612745029982
2026-04-14 08:40:00,0.001749125621511638,0.0005791100015582162
2026-04-14 08:45:00,0.001017726537213548,-0.0005668139019344533
2026-04-14 08:50:00,-0.000713799063435161,0.0001645719798499921
2026-04-14 08:55:00,-0.001178017865083092,-0.00029235142301307167
2026-04-14 09:00:00,-0.0018630643064838637,-0.00048603870121339583
2026-04-14 09:05:00,-0.0025758645629849752,-0.0006466603936995248
2026-04-14 09:10:00,-0.0021147135047794308,-0.0007337195951972597
2026-04-14 09:15:00,-0.0012107614951375467,-0.001125409997369706
2026-04-14 09:20:00,0.0009674947668134593,-0.0013467063235354092
2026-04-14 09:25:00,0.002816184239383901,0.000640862619797236
2026-04-14 09:30:00,0.0033384472936131004,0.0012466348526103687
2026-04-14 09:35:00,0.002009206224332871,0.0016006445543938176
2026-04-14 09:40:00,0.0014451700694326775,0.0010293399620613579
2026-04-14 09:45:00,0.001432693467798174,0.0015552012005730631
2026-04-14 09:50:00,0.0018702856067527307,0.0015837679116817902
2026-04-14 09:55:00,0.002254386864660063,0.0003047348062598192
2026-04-14 10:00:00,0.0016353336001930785,0.000541446991684353
2026-04-14 10:05:00,0.0010996800328815226,0.000953697953156991
2026-04-14 10:10:00,0.0011414977437382845,0.0009908286652580184
2026-04-14 10:15:00,0.001273455323577366,0.0011299021904480355
2026-04-14 10:20:00,0.001829815197377016,0.00100002115441555
2026-04-14 10:25:00,-0.0015159042133454648,-0.00011609960752851151
2026-04-14 10:30:00,-0.0030346815386650405,-0.00039501451983204103
2026-04-14 10:35:00,-0.0018271451036095954,-0.0008825111972346912
2026-04-14 10:40:00,-0.0013405290299584038,-0.0005113478537311565
2026-04-14 10:45:00,-0.0017843830467576538,-0.00017603452912489696
2026-04-14 10:50:00,-0.0014578527390085583,-0.00048735101240875487
2026-04-14 10:55:00,-0.0017436723136849963,-0.0005766896029745338
2026-04-14 11:00:00,-0.001187546789449101,-0.000576636773897967
2026-04-14 11:05:00,-0.00020270178561965224,0.0015743079175553488
2026-04-14 11:10:00,-0.0007273974126054128,0.0006779261691171214
2026-04-14 11:15:00,0.00031549926976026654,-0.0007363444082806558
2026-04-14 11:20:00,-0.0004242189367662519,-0.0005066459463779644
2026-04-14 11:25:00,0.001045697052308725,-0.0005999144595711609
2026-04-14 11:30:00,0.0021446820648929332,0.0011188368912152075
2026-04-14 11:35:00,-0.0033052754111562166,0.0017470916862920667
2026-04-14 11:40:00,-0.0023151238141245756,0.0006936354129602498
2026-04-14 11:45:00,-0.0013136490423999447,0.0004174923331546187
2026-04-14 11:50:00,-0.001455788797015245,-4.614425942630553e-05
2026-04-14 11:55:00,-0.002122011154950698,0.0013118136228712476
2026-04-14 12:00:00,-0.0018531300682589347,0.0009964736419061707
2026-04-14 12:05:00,-0.0017403277128131833,0.0009798909796379198
2026-04-14 12:10:00,-0.0012093190163131595,0.0013317791117087752
2026-04-14 12:15:00,-0.0020075205089291615,0.0018251244461079145
2026-04-14 12:20:00,-0.0011879342428198214,0.0007265763185378816
2026-04-14 12:25:00,-0.001190089146151152,0.0007546769229288285
2026-04-14 12:30:00,-0.0021781965159100025,-0.0006809196347690068
2026-04-14 12:35:00,0.003049961960192249,-0.0004941123150326783
2026-04-14 12:40:00,0.0022816398728107146,0.0012575263892254712
2026-04-14 12:45:00,0.0011607929895784963,0.001891577142167998
2026-04-14 12:50:00,0.0006014243670140473,0.0013007927446266616
2026-04-14 12:55:00,0.0013202400982201823,0.0009962607033482127
2026-04-14 13:00:00,0.0007144376412338005,0.0012968195447304398
2026-04-14 13:05:00,-0.00028057656574098644,0.0007727890364665968
2026-04-14 13:10:00,-0.001426699632666839,0.0005291936464140508
2026-04-14 13:15:00,-0.0013992813162353457,-4.889755719538086e-05
2026-04-14 13:20:00,-0.0024870969849235536,-0.00042315982333885065
2026-04-14 13:25:00,-0.002101274631151284,-0.0009553786920897911
2026-04-14 13:30:00,0.00037487892792320565,-0.0010094460031747398
2026-04-14 13:35:00,-0.0009087749753327046,0.0017151009204818505
2026-04-14 13:40:00,-0.0019376988930464023,0.0008035673651036023
2026-04-14 13:45:00,-0.0005362278594116532,-0.0003390643245413743
2026-04-14 13:50:00,-0.0017822737718606874,0.0003738373425223149
2026-04-14 13:55:00,-0.0006850499128763232,2.7480297970362266e-05
2026-04-14 14:00:00,0.0006302087958331981,2.9610451307144975e-05
2026-04-14 14:05:00,0.00038524914999271687,-0.00029317406356675835
2026-04-14 14:10:00,0.002483365250315117,-0.000317387682959336
2026-04-14 14:15:00,0.0036198642219194,0.0007796481734773554
2026-04-14 14:20:00,0.005116224534402747,0.0010797340302851777
2026-04-14 14:25:00,0.0032558280288590424,0.002203957240754003
2026-04-14 14:30:00,0.003887095365319837,0.0005183282435641637
2026-04-14 14:35:00,0.0033358008038106846,-0.0004241822482033683
2026-04-14 14:40:00,0.004971809867669208,-0.00012657291749901863
2026-04-14 14:45:00,0.004511254410614285,0.000868210149002218
2026-04-14 14:50:00,0.0057735104874101495,0.0006063185129821724
2026-04-14 14:55:00,0.005058708403195666,0.0023611232643184345
2026-04-14 15:00:00,0.0038062973039370007,0.0012222949286993278
2026-04-14 15:05:00,0.005265521617440427,0.0020984644864986694
2026-04-14 15:10:00,0.002936056269554399,0.0022611835212617924
2026-04-14 15:15:00,0.003602645833995055,-1.4339568742851985e-06
2026-04-14 15:20:00,0.0021349932113210457,0.000828084066893154
2026-04-14 15:25:00,0.00532461750855262,0.0002859454457339848
2026-04-14 15:30:00,0.004007086967762419,0.0021102741909417803
2026-04-14 15:35:00,0.003122833181608442,0.0009552374364144502
2026-04-14 15:40:00,0.0010614350805067119,0.0004090832211257283
2026-04-14 15:45:00,0.0011256825638508161,0.0006065400868784068
2026-04-14 15:50:00,0.002051090360444263,0.000392315884982075
2026-04-14 15:55:00,0.0016625246280792538,0.0013163030954313067
2026-04-14 16:00:00,8.548567859456568e-05,0.0009278078142864258
2026-04-14 16:05:00,-0.0019488937601899181,0.0010655336501845859
2026-04-14 16:10:00,-0.00021062443967778677,0.0006019772246677103
2026-04-14 16:15:00,-0.0009661031816641241,0.0008249292749121348
2026-04-14 16:20:00,0.0004997303642291229,0.0009952433440447819
2026-04-14 16:25:00,-0.0013857564784682808,0.0009749550745757114
2026-04-14 16:30:00,-0.0012410005677399027,0.0016296661969823145
2026-04-14 16:35:00,0.0015785487080073324,0.0010502999605818215
2026-04-14 16:40:00,0.0024480529813999397,0.001165359829211739
2026-04-14 16:45:00,0.001881644329204235,0.0014513686801955667
2026-04-14 16:50:00,0.0016810887757969795,0.0011755197849654267
2026-04-14 16:55:00,0.000894701967894207,0.0016113898605041458
2026-04-14 17:00:00,0.0032950056298695074,0.0015632793586748289
2026-04-14 17:05:00,0.003767212254620844,0.001980817203265043
2026-04-14 17:10:00,0.003119373657533231,0.0022537562273163315
2026-04-14 17:15:00,0.003227795092341168,0.002173928135162055
2026-04-14 17:20:00,0.0027233019071850606,0.002660478940013976
2026-04-14 17:25:00,0.0028754860367179447,0.0027966716942145775
2026-04-14 17:30:00,0.0016771675393680852,0.0032554553614122642
2026-04-14 17:35:00,0.0008911221769754007,0.0022859983237768456
2026-04-14 17:40:00,0.001205169908574888,0.0021923527191257688
2026-04-14 17:45:00,0.0013383071583241701,0.002151584707529151
2026-04-14 17:50:00,0.000694080807230435,0.0018732489702533417
2026-04-14 17:55:00,0.00039092066472079523,0.0016832255953989168
2026-04-14 18:00:00,0.000650224121709897,0.0012153666729493506
2026-04-14 18:05:00,0.0038007004012712287,0.00103597012931594
2026-04-14 18:10:00,0.003621489223572638,0.0022295367274110436
2026-04-14 18:15:00,0.0024098845918096856,0.002633401791326431
2026-04-14 18:20:00,0.002854612694573433,0.0014038530124037005
2026-04-14 18:25:00,0.0018771791414415873,0.002005842606753931
2026-04-14 18:30:00,0.003350059105580172,0.0009724427203506012
2026-04-14 18:35:00,0.004503681607708643,-4.415448851581284e-05
2026-04-14 18:40:00,0.004479620280095631,-0.00012202508519275202
2026-04-14 18:45:00,0.0047216954855535676,-0.0001458140541400453
2026-04-14 18:50:00,0.004739684224835727,0.00046405740380638214
2026-04-14 18:55:00,0.005233573089640231,0.0011088358965588513
2026-04-14 19:00:00,0.004512893626980485,0.0028818591041699397
2026-04-14 19:05:00,0.002814232642903036,0.0025003196453765243
2026-04-14 19:10:00,0.0024311706520503407,0.0012446674900857143
2026-04-14 19:15:00,0.0017260688214157938,0.0011527787651783809
2026-04-14 19:20:00,0.0008938881000428722,0.0011102154153286843
2026-04-14 19:25:00,0.002487790007329238,0.0007553144912134778
2026-04-14 19:30:00,0.0010011791581590046,0.001167399450822433
2026-04-14 19:35:00,-0.00012609206597780087,0.0012529962589996246
2026-04-14 19:40:00,-0.0005335175267120462,0.0007738367558853726
2026-04-14 19:45:00,-0.000978142826859596,4.0353165140581966e-05
2026-04-14 19:50:00,-0.0005294309981422884,-0.0005308424049407877
2026-04-14 19:55:00,0.00028742554790639474,-6.273101415636344e-05
2026-04-14 20:00:00,0.0008451959177389057,3.973668618493746e-05
2026-04-14 20:05:00,-0.0002787951524219068,-0.00013670475517061611
2026-04-14 20:10:00,0.0005350979987124305,-0.0009015281944914062
2026-04-14 20:15:00,0.0008743147366381265,-0.0007662358170209215
2026-04-14 20:20:00,0.001029463839531175,-0.0005509127216886771
2026-04-14 20:25:00,0.0005476411785299007,-0.0008794707456876637
2026-04-14 20:30:00,0.0006324601047893452,0.00015723861689414699
2026-04-14 20:35:00,0.0009525315639304921,0.00017456711055336302
2026-04-14 20:40:00,0.0014530635217919752,-0.0002435702802221773
2026-04-14 20:45:00,0.002009016444018741,0.00014677616972430004
2026-04-14 20:50:00,0.0016349549068799263,0.000713579532161992
2026-04-14 20:55:00,0.0017806095957748624,0.0009995413056118813
2026-04-14 21:00:00,0.00047291528366777413,0.0012676343738465116
2026-04-14 21:05:00,0.00043984137510122423,0.00036004115164809997
2026-04-14 21:10:00,0.00027879860698654113,0.0017564789297827314
2026-04-14 21:15:00,0.00016320341482511935,0.00137984104835999
2026-04-14 21:20:00,0.0003553117071266598,0.0013567349390144437
2026-04-14 21:25:00,4.545107089803935e-05,0.001383243780664946
2026-04-14 21:30:00,0.00011363507245221172,0.0010917477995596083
2026-04-14 21:35:00,-0.0003821433745141434,0.0011172879114675503
2026-04-14 21:40:00,0.00021684828656098887,0.0008740239161183358
2026-04-14 21:45:00,-0.0003510800911694645,0.0006737777737447042
2026-04-14 21:50:00,-1.6522200676050147e-05,0.0004801121337923624
2026-04-14 21:55:00,-0.000743256529968761,0.00040038927451227773
2026-04-14 22:00:00,0.001056539395559497,0.00018051695344638844
2026-04-14 22:05:00,0.0008687891669225678,0.00015354992834180718
2026-04-14 22:10:00,0.0004438521900596015,6.267016848019951e-05
2026-04-14 22:15:00,-0.0007708021373069585,0.0010998491279908852
2026-04-14 22:20:00,0.00016934836030735312,0.0015009802886328163
2026-04-14 22:25:00,-5.371512392038369e-05,0.0005382599239840281
2026-04-14 22:30:00,-0.0002644797512783015,0.001058657833141495
2026-04-14 22:35:00,-3.7189314275209995e-05,0.0007201268177840588
2026-04-14 22:40:00,-0.0004482049672933641,0.0005792520981456453
2026-04-14 22:45:00,-0.0006983961967144126,0.00017603539293823225
2026-04-14 22:50:00,-0.0011551652561063719,0.00010560824568891046
2026-04-14 22:55:00,-0.0013495962044220988,9.528336224058468e-05
2026-04-15 00:00:00,-0.0022940265252628933,-0.000326831795472211
2026-04-15 00:05:00,-0.001767262751828369,-0.00021470505130423819
2026-04-15 00:10:00,-0.0016029252680720418,-0.0007497329096611312
2026-04-15 00:15:00,0.00017570423854174066,-0.0007894112876379167
2026-04-15 00:20:00,-0.000857362784095983,-0.00015448126604119454
2026-04-15 00:25:00,-0.0009239384408985529,-0.00043808728314171784
2026-04-15 00:30:00,0.0004834491088363535,-0.0005861212133419718
2026-04-15 00:35:00,0.000487483458970317,2.588239690630714e-05
2026-04-15 00:40:00,0.0004151644554930556,0.0002736739374720142
2026-04-15 00:45:00,0.0007169858800590845,-8.128709031459361e-05
2026-04-15 00:50:00,0.0004857866169327707,0.00018926385083091184
2026-04-15 00:55:00,0.00045075688632678634,0.0007067623126354734
2026-04-15 01:00:00,0.00021496575099533288,0.0005073160649837714
2026-04-15 01:05:00,-0.000942715628138302,-0.0003123987718654475
2026-04-15 01:10:00,-0.0007796690834283027,-0.0006973172268523647
2026-04-15 01:15:00,-0.0010588270344875639,-0.000306140594817639
2026-04-15 01:20:00,-0.0005085670922007068,-0.0007179426942779771
2026-04-15 01:25:00,-0.00040332797832931533,-0.0009206780474694383
2026-04-15 01:30:00,-0.0021608038737266355,0.00018485224637155152
2026-04-15 01:35:00,-0.00265511585998901,0.00023110348298945185
2026-04-15 01:40:00,-0.002534981394024527,-0.0005757347953719281
2026-04-15 01:45:00,-0.0023408850628481304,-0.0010909520754108235
2026-04-15 01:50:00,-0.001580187593409832,-0.0012328743710049914
2026-04-15 01:55:00,-0.0002770466841379715,-0.0005603349995025001
2026-04-15 02:00:00,-0.0007463774679994373,-0.0010238577972458154
2026-04-15 02:05:00,0.0012030462081220605,-0.0006336920284915552
2026-04-15 02:10:00,0.003399614570177789,0.00017535281728047223
2026-04-15 02:15:00,0.006469844673954839,0.0011437947559781597
2026-04-15 02:20:00,0.0017169266073722156,0.001051676609589661
2026-04-15 02:25:00,0.003504547412756409,0.0013552612183319282
2026-04-15 02:30:00,0.0036406879409423,0.0024404655504137542
2026-04-15 02:35:00,0.0033384319305707066,0.0021083870896575828
2026-04-15 02:40:00,0.0027414666847462854,0.0028146782617815514
2026-04-15 02:45:00,0.002976857151068657,0.0030223643601106453
2026-04-15 02:50:00,0.0028441935447354183,0.002823339175231799
2026-04-15 02:55:00,0.002245175212644668,0.0030058932006169674
2026-04-15 03:00:00,0.002796563332500668,0.0011513826966867314
2026-04-15 03:05:00,0.0021338074050269995,-0.001033049716740596
2026-04-15 03:10:00,-0.0009241458497690758,0.0015066187254418157
2026-04-15 03:15:00,-0.004473072744174189,0.00021929605004574178
2026-04-15 03:20:00,-0.0014419374863177126,-0.0004072520119635959
2026-04-15 03:25:00,-0.003248053354152347,0.0009305369548232768
2026-04-15 03:30:00,-0.004373733196860741,0.0004365786119873526
2026-04-15 03:35:00,-0.0032866683987951006,5.375207631661589e-05
2026-04-15 03:40:00,-0.0030872678442452894,0.00033733517763581125
2026-04-15 03:45:00,-0.003480076835714385,0.002121472917170491
2026-04-15 03:50:00,-0.004281767069191034,3.57020939137497e-05
2026-04-15 03:55:00,-0.004694378272514399,-0.002190815444791784
2026-04-15 04:00:00,-0.006391516869692637,-0.002164253655817096
2026-04-15 04:05:00,-0.006568670737626903,-0.003421296501741496
2026-04-15 04:10:00,-0.005056639220056169,-0.004070555692919026
2026-04-15 04:15:00,-0.003437915154668403,-0.004055896450758498
2026-04-15 04:20:00,-0.0030062383405518034,0.0015969473569079225
2026-04-15 04:25:00,-0.001778194101209607,0.0027370622964000358
2026-04-15 04:30:00,-0.00023617985412727194,0.0032279884909126606
2026-04-15 04:35:00,-0.00038104232101687785,0.00235212529364807
2026-04-15 04:40:00,-2.278152004464573e-05,0.0011190390595621131
2026-04-15 04:45:00,-0.00014915077306376645,0.0009268286377112577
2026-04-15 04:50:00,0.0005678191752149786,0.0005519707565978642
2026-04-15 04:55:00,-7.462609221775551e-05,0.000363766075307844
2026-04-15 05:00:00,0.0008216586346332377,0.0008472675078385453
2026-04-15 05:05:00,0.0008960109448175047,6.490472157405424e-05
2026-04-15 05:10:00,0.0009246839421770403,0.000489958234926803
2026-04-15 05:15:00,-0.0006093832773998997,0.0005898349749319116
2026-04-15 05:20:00,0.00027366815005258616,0.00035620309133901543
2026-04-15 05:25:00,-0.0003336341597730552,0.00032175611386722156
2026-04-15 05:30:00,0.00016781773789986687,0.0003071657444372041
2026-04-15 05:35:00,-0.0005718358572579518,0.00034207134050868207
2026-04-15 05:40:00,-0.001027779134556539,-1.2134377753320214e-05
2026-04-15 05:45:00,-0.00022584003784054119,-0.0002497565290755397
2026-04-15 05:50:00,-0.0003004480843138424,0.00012824407658883826
2026-04-15 05:55:00,0.00023836938869514768,-0.0004963596584231757
2026-04-15 06:00:00,0.0007318694198996667,0.0003534331320887112
2026-04-15 06:05:00,0.0003958971838340375,0.0017050911530273787
2026-04-15 06:10:00,0.00031080031330255053,0.0007579363151261448
2026-04-15 06:15:00,0.0014710059151585853,0.0005290042054447023
2026-04-15 06:20:00,0.00021763710446087714,0.002088993500876793
2026-04-15 06:25:00,0.0002756188229877665,0.001957583839251423
2026-04-15 06:30:00,1.864467699697059e-05,0.001402928214393611
2026-04-15 06:35:00,-0.0010637383419016544,0.00042697174642014564
2026-04-15 06:40:00,-0.0013505651708864974,0.0001972333082816548
2026-04-15 06:45:00,-0.001737980274420181,0.0013466560025380781
2026-04-15 06:50:00,-0.0008147720903064481,-0.0006842552662295466
2026-04-15 06:55:00,-0.0011011195827173026,-0.0006604988713050965
2026-04-15 07:00:00,-0.0007733511472043375,-0.0008246730521887504
2026-04-15 07:05:00,-0.001621892161665528,-9.61449183587885e-05
2026-04-15 07:10:00,-0.0015715678065237881,-0.0004219010307096975
2026-04-15 07:15:00,-0.002790535557437579,-0.0009643924624091546
2026-04-15 07:20:00,-0.0020455844515296917,-0.0013468181032989148
2026-04-15 07:25:00,-0.0023877623541963544,-0.0008258504962724397
2026-04-15 07:30:00,-0.0027652779422595586,-0.0012340704666783703
2026-04-15 07:35:00,-0.0008385170363638395,-0.0011799018659471908
2026-04-15 07:40:00,-0.00016609398881684,0.0005500689622011306
2026-04-15 07:45:00,0.0006100888968383344,0.00010803672949612247
2026-04-15 07:50:00,-0.0014258927475605532,0.0005029027952274829
2026-04-15 07:55:00,-0.0016425257884513655,1.8382696078391752e-05
2026-04-15 08:00:00,-0.002429680664478795,-8.416136616523261e-05
2026-04-15 08:05:00,-0.0016536346328113183,-0.00015379617701561532
2026-04-15 08:10:00,-0.0007161101205941378,-0.00033093301752432617
2026-04-15 08:15:00,-0.000685348318750556,-0.0007359583783391104
2026-04-15 08:20:00,-0.0010513893435923904,-5.8672154957288646e-06
2026-04-15 08:25:00,-0.00036146155501981525,0.0003742097455640129
2026-04-15 08:30:00,-0.00042179057996172276,0.00017099456813165774
2026-04-15 08:35:00,-0.0005088493157785479,0.00019828055155754256
2026-04-15 08:40:00,-0.0011904553079045144,-0.0006366309199838109
2026-04-15 08:45:00,-0.0025569750662928215,0.0010089309829039723
2026-04-15 08:50:00,-0.0009143047765185486,-0.0001413677215955396
2026-04-15 08:55:00,-4.364366403741826e-05,-0.0003816072490618632
2026-04-15 09:00:00,0.0003721030830838856,-7.771851852427598e-05
2026-04-15 09:05:00,-0.0001850613878850993,-0.00025988522746979784
2026-04-15 09:10:00,-0.0008974181137038073,0.0008828353724550557
2026-04-15 09:15:00,-0.0003677895371048123,-0.00041840749263339955
2026-04-15 09:20:00,2.0789156378597795e-05,-0.0002703148651011146
2026-04-15 09:25:00,-0.0006650981680635937,-6.148839754774172e-06
2026-04-15 09:30:00,-0.00044483894030378224,-0.000201688434804388
2026-04-15 09:35:00,-0.0007544041033256121,-0.0005153889607508163
2026-04-15 09:40:00,-3.326168213035885e-05,-0.0005277398112982853
2026-04-15 09:45:00,0.0007255906137100254,3.486617693796678e-05
2026-04-15 09:50:00,0.0009350747182601538,5.338901297526752e-06
2026-04-15 09:55:00,0.001443386788468004,-0.0004772693691574277
2026-04-15 10:00:00,0.0007957110970693293,4.787271326332486e-05
2026-04-15 10:05:00,-0.0005220992668810709,-0.0002159050065373622
2026-04-15 10:10:00,-0.0013455579387748884,0.0003431622916255799
2026-04-15 10:15:00,-0.001108342102465798,0.00038678174997928207
2026-04-15 10:20:00,-0.0012023232494122738,-0.0006736913456340893
2026-04-15 10:25:00,-0.0024730537316095536,-0.0010888777940786447
2026-04-15 10:30:00,-0.002306354735406302,-0.0005617782567051492
2026-04-15 10:35:00,-0.002775197403293461,-0.0007198882921530507
2026-04-15 10:40:00,-0.0030064315259661356,-0.0010806126827810321
2026-04-15 10:45:00,-0.0033683593727893424,-0.0016572676478623797
2026-04-15 10:50:00,-0.003347445369922042,-0.0019251384853318076
2026-04-15 10:55:00,-0.004140517105250652,-0.0021834312526359677
2026-04-15 11:00:00,-0.004051625722361507,-0.002276953762876305
2026-04-15 11:05:00,-0.0009492130155379641,-0.0019482397669779343
2026-04-15 11:10:00,-0.0007994570780098798,0.00012241280431825663
2026-04-15 11:15:00,-0.0023225572306326825,5.0063878757795993e-05
2026-04-15 11:20:00,-0.0020397646446586037,-0.0007953627054523815
2026-04-15 11:25:00,-0.0005253743412936274,-0.00046923483069146154
2026-04-15 11:30:00,-0.0008839853300361966,0.00011004597880871132
2026-04-15 11:35:00,-6.046131988846071e-05,-0.00016897225092696175
2026-04-15 11:40:00,0.0009087120258488568,-0.00018956603567802405
2026-04-15 11:45:00,0.0011587631709542023,8.422776514626754e-05
2026-04-15 11:50:00,0.0009602336959151359,0.0003127055972662748
2026-04-15 11:55:00,0.00028754073691850124,0.00024719815995850907
2026-04-15 12:00:00,0.0006191066509906307,-0.00024285251586312454
2026-04-15 12:05:00,-0.0005478727364121028,3.914309018370296e-05
2026-04-15 12:10:00,0.000247816766801634,-7.301031565575245e-05
2026-04-15 12:15:00,0.0019625496936388487,-0.00012856108211910502
2026-04-15 12:20:00,0.002422668014100182,-0.00020278362415921354
2026-04-15 12:25:00,0.0020811141780452402,9.133816220046664e-05
2026-04-15 12:30:00,0.0018379791576865756,-5.51441643710008e-05
2026-04-15 12:35:00,0.0015937055143631085,0.0001692864183111047
2026-04-15 12:40:00,0.0012096393689571272,0.00029759578053297744
2026-04-15 12:45:00,0.0017169172553490597,6.683180005228837e-05
2026-04-15 12:50:00,0.002279203265862506,-0.0012422630972132804
2026-04-15 12:55:00,0.0025945425161033597,-0.00019802154279705057
2026-04-15 13:00:00,0.0022397544801595615,0.0002931979002709458
2026-04-15 13:05:00,0.0029919335880865816,0.000655102376450783
2026-04-15 13:10:00,0.002370935945299024,-0.00017013710308660718
2026-04-15 13:15:00,0.001919236720665296,0.001011952831516384
2026-04-15 13:20:00,0.0014054962196770049,-0.0015853495308014325
2026-04-15 13:25:00,0.0013579908816065966,-0.0011362540628490712
2026-04-15 13:30:00,0.002000845098738324,0.0002617741105706863
2026-04-15 13:35:00,0.0019340314350433374,0.0009204038947889445
2026-04-15 13:40:00,0.001195708485280278,0.0011935428482238524
2026-04-15 13:45:00,0.00040122947225817995,0.0007281178893500657
2026-04-15 13:50:00,-0.0002555278689904128,0.0007894211374410184
2026-04-15 13:55:00,-0.0001371528321101323,-0.0015145021982357965
2026-04-15 14:00:00,0.0005196716623583342,0.0006264463625805969
2026-04-15 14:05:00,0.00011217935413121438,0.000706028304305928
2026-04-15 14:10:00,3.739078774600557e-05,-0.0014232859055743402
2026-04-15 14:15:00,-7.478747894928972e-05,-0.0008790780664768497
2026-04-15 14:20:00,0.0009407445866358444,-0.0003862372677240629
2026-04-15 14:25:00,0.00208434615805686,-0.0007621901580218278
2026-04-15 14:30:00,0.0014243567368925625,-1.967005940238369e-05
2026-04-15 14:35:00,0.0020754387661821028,-0.0006341619065066703
2026-04-15 14:40:00,0.0018935703185150032,0.00016144760208334496
2026-04-15 14:45:00,0.0029699077623828174,0.0008467145396728468
2026-04-15 14:50:00,0.002763710855917978,-0.0007112620926646593
2026-04-15 14:55:00,0.0036137144582060188,-0.002707693223168649
2026-04-15 15:00:00,0.0030170692596254156,-0.0007597624140670684
2026-04-15 15:05:00,0.00228240016583392,-5.975281323588372e-05
2026-04-15 15:10:00,0.003030233070470345,0.0008863517169100231
2026-04-15 15:15:00,0.002351050287929368,0.001546101720963532
2026-04-15 15:20:00,0.0016467668818123116,0.0019371095667518512
2026-04-15 15:25:00,0.0007732581605903732,0.0020195687419866503
2026-04-15 15:30:00,-0.00010167251292259039,0.0019135106801836954
2026-04-15 15:35:00,-0.0012488980410712003,0.0016274784637798376
2026-04-15 15:40:00,-0.00027177267524081117,0.001050530266109339
2026-04-15 15:45:00,-0.001798324745116986,0.0010490508521728032
2026-04-15 15:50:00,-0.0023897897696834036,0.00031261511899741677
2026-04-15 15:55:00,-0.0027370917673383843,-0.00019201151075156817
2026-04-15 16:00:00,-0.003347549175584774,-0.0006517095215172138
2026-04-15 16:05:00,-0.003689707794986674,-0.0006698301087297441
2026-04-15 16:10:00,-0.0038573114115934004,0.0010253579978140282
2026-04-15 16:15:00,-0.0032177464529610234,-0.0015137554459510487
2026-04-15 16:20:00,-0.00422398076206143,0.00042339634315961063
2026-04-15 16:25:00,-0.0057463240947175365,0.000850384407353825
2026-04-15 16:30:00,-0.004934182902264439,-0.001404354212079185
2026-04-15 16:35:00,-0.0033040215780779647,0.0019442413652262674
2026-04-15 16:40:00,-0.0032836998113321414,0.001045071822628247
2026-04-15 16:45:00,-0.0028898930062126738,0.00018728952806194838
2026-04-15 16:50:00,-0.001966728423017372,-0.0005820542352856978
2026-04-15 16:55:00,-0.0029715788170445734,-0.0009113217386959631
2026-04-15 17:00:00,-0.00125848584380428,-0.0013491271189619394
2026-04-15 17:05:00,2.7042291023349208e-05,-0.0012935809877986507
2026-04-15 17:10:00,-0.0003597223315114917,-0.0009825920912379148
2026-04-15 17:15:00,-0.00045339212955930464,-0.001120495981440575
2026-04-15 17:20:00,0.0006033308204198562,-0.0010746364410204059
2026-04-15 17:25:00,0.002849233061786194,-0.0005842046575428931
2026-04-15 17:30:00,0.002958856180574898,0.0005698806153401707
2026-04-15 17:35:00,0.0012218260844765183,0.0012986461923522763
2026-04-15 17:40:00,0.00017484810115675486,0.00037948331710526377
2026-04-15 17:45:00,0.0006015363293894183,0.00047986434756960893
2026-04-15 17:50:00,-0.0005974368679666497,0.00044429466815806536
2026-04-15 17:55:00,0.0005413227144188681,0.00022077067244866686
2026-04-15 18:00:00,-0.0007266904982792255,0.0004252490915370756
2026-04-15 18:05:00,-0.0008948639571588757,0.0002906066588931906
2026-04-15 18:10:00,-0.0021131203441111523,0.00012788488113442536
2026-04-15 18:15:00,-0.0012051918369238024,-7.074865733640068e-05
2026-04-15 18:20:00,-0.0003432297957157715,-0.00043297927008070005
2026-04-15 18:25:00,-0.0020512955731604166,0.0005076524405246264
2026-04-15 18:30:00,-0.0018917425588593773,0.00012928535915037703
2026-04-15 18:35:00,-0.0020969628804454743,-0.0001860513727428144
2026-04-15 18:40:00,-0.002283757772490347,0.00037668893219545827
2026-04-15 18:45:00,-0.0022956908609454985,-0.0003153791454283872
2026-04-15 18:50:00,-0.001867468664459082,-8.535979994792232e-05
2026-04-15 18:55:00,-0.0023756692739862473,-0.0005843126381017002
2026-04-15 19:00:00,-0.0010441100952807147,-0.0006805119004274202
2026-04-15 19:05:00,-0.0018734812103904375,-0.0010585817312443748
2026-04-15 19:10:00,-0.00024386863313630158,-0.0010201990676895721
2026-04-15 19:15:00,-0.0012337550227421445,-0.000993503637791388
2026-04-15 19:20:00,-0.0024517959648679977,-0.0006003308991835953
2026-04-15 19:25:00,-0.0013942018890844565,-0.0011268914209386185
2026-04-15 19:30:00,-0.0005605095157275031,-0.0008210266528251591
2026-04-15 19:35:00,-7.087792739213228e-05,-0.0008514593211928174
2026-04-15 19:40:00,0.000738207482330111,-0.0008481789454641985
2026-04-15 19:45:00,0.0008213878162575128,-0.0005560415147905597
2026-04-15 19:50:00,0.0008195311614631606,-0.00014958789555584518
2026-04-15 19:55:00,0.0014531628650313877,-0.0002947460460898152
2026-04-15 20:00:00,0.0011669974483492496,8.930324930065816e-05
2026-04-15 20:05:00,0.0016465163233814195,-0.0008494613683113366
2026-04-15 20:10:00,0.00040849844046420003,9.373587718614772e-05
2026-04-15 20:15:00,0.0012400032849448905,-0.0006957059967202206
2026-04-15 20:20:00,0.0014089029979249545,-0.0002900373833404056
2026-04-15 20:25:00,0.001627421043265187,0.0006965760919308782
2026-04-15 20:30:00,0.0007479704619139937,0.00029055548438855787
2026-04-15 20:35:00,0.00032516326191789346,0.0006663940075025612
2026-04-15 20:40:00,-2.084564529880595e-06,-0.0014499592281222414
2026-04-15 20:45:00,0.0002479515361226703,-0.000986772032146434
2026-04-15 20:50:00,0.0004772289966545884,-0.0004688471046925311
2026-04-15 20:55:00,-0.0007773983807712881,0.00013496406393108894
2026-04-15 21:00:00,-0.0015173624154378729,-0.0004924364059747098
2026-04-15 21:05:00,-0.0016256573944044561,8.920711055227327e-05
2026-04-15 21:10:00,-0.0010653635909037007,0.001546283333609884
2026-04-15 21:15:00,-0.001458987096659925,0.0008619956831669667
2026-04-15 21:20:00,-0.0014151599522680414,-0.00027121272478724363
2026-04-15 21:25:00,-0.0018943958449320064,-0.0003156618661275825
2026-04-15 21:30:00,-0.0019095791179442045,0.0015762520510706228
2026-04-15 21:35:00,-0.0014265010396137257,0.0011489690817871549
2026-04-15 21:40:00,-0.0012661331965464484,-0.0002935582929407535
2026-04-15 21:45:00,-0.0022254281452145364,0.0003124457625101809
2026-04-15 21:50:00,-0.0023800719415998373,-0.0005592318667675762
2026-04-15 21:55:00,-0.00107434587369859,-0.00020681682408133108
2026-04-15 22:00:00,0.0008402529593087849,-0.0004524463346329368
2026-04-15 22:05:00,0.0003274281590357475,-0.0007706341781050441
2026-04-15 22:10:00,-0.000381805611340269,-0.0003570983645312464
2026-04-15 22:15:00,0.000608864840394574,-0.0003915312662864057
2026-04-15 22:20:00,0.001286023686251525,-3.8778970516964645e-05
2026-04-15 22:25:00,0.0015653744930599345,0.0003160605030397844
2026-04-15 22:30:00,0.0018137701359872693,0.00037593085291866133
2026-04-15 22:35:00,0.0022285351242654627,0.0005782358500729079
2026-04-15 22:40:00,0.0021662607753878405,0.0005531821671730693
2026-04-15 22:45:00,0.0030688364391604495,0.0005102239866167186
2026-04-15 22:50:00,0.004600669459927431,0.001363589582694647
2026-04-15 22:55:00,0.0034629724044208388,0.002050985287229792
2026-04-16 00:00:00,0.002398027773084621,0.002360260467848157
2026-04-16 00:05:00,0.00300856678846273,0.0010550976009230328
2026-04-16 00:10:00,0.004322773302003924,0.00128197432528642
2026-04-16 00:15:00,0.0032257958220291982,0.0013495739018381905
2026-04-16 00:20:00,0.003042762170265334,0.000592047968322348
2026-04-16 00:25:00,0.0028576201801211454,0.0008397216334349275
2026-04-16 00:30:00,0.004011945580474574,0.0016509314209438993
2026-04-16 00:35:00,0.0040399561175750165,0.0024173502098971613
2026-04-16 00:40:00,0.004532064107655387,0.002785467195383467
2026-04-16 00:45:00,0.004366002847707051,0.002920754687264192
2026-04-16 00:50:00,0.002754836976304631,0.002933664955919183
2026-04-16 00:55:00,0.0033660312131438275,-2.1209426146793752e-05
2026-04-16 01:00:00,0.0040875157542608065,2.8200965336056853e-05
2026-04-16 01:05:00,0.004234107958591693,0.0008366350425960275
2026-04-16 01:10:00,0.003505274977989359,0.0013778150826224869
2026-04-16 01:15:00,0.0035156930333624103,0.0017190927506864542
2026-04-16 01:20:00,0.0026587266224780137,0.0019362227946702454
2026-04-16 01:25:00,0.0020850219012018556,0.0021866204930386275
2026-04-16 01:30:00,0.00047703591533121426,0.0022397561334416716
2026-04-16 01:35:00,0.001324392325575019,-0.0012520644306624642
2026-04-16 01:40:00,0.0019345650984980978,-0.0015594044284185618
2026-04-16 01:45:00,0.002275134844756721,-0.0008387345678643333
2026-04-16 01:50:00,0.0020440905067165005,0.00029899966088103337
2026-04-16 01:55:00,0.0017543119240936988,-0.0005411540282318883
2026-04-16 02:00:00,7.86814643447542e-05,0.0003814536964942071
2026-04-16 02:05:00,2.0701190733163344e-05,0.0007170921591892616
2026-04-16 02:10:00,4.96906755547144e-05,0.0008749337423240973
2026-04-16 02:15:00,-0.000646208930229264,-0.00021101826033002684
2026-04-16 02:20:00,-0.000578013741328931,-0.0008434695713487232
2026-04-16 02:25:00,-0.0002881172387620978,-0.0011186074712281149
2026-04-16 02:30:00,-0.00017834331550226068,-0.002637995915259467
2026-04-16 02:35:00,-0.0031116806387636586,-0.0012773883908451275
2026-04-16 02:40:00,-0.003505266146911268,-0.0027763207512916254
2026-04-16 02:45:00,-0.003266301516536174,-0.0020454846617694424
2026-04-16 02:50:00,-0.0026828190439278643,-0.0016084220168325585
2026-04-16 02:55:00,-0.0028764474593181433,-0.0021939825812010085
2026-04-16 03:00:00,-0.0018444301382061212,-0.00181241122601048
2026-04-16 03:05:00,-0.0016885543877958042,-0.002272717887876253
2026-04-16 03:10:00,-0.001786273526073856,-0.002292724235696793
2026-04-16 03:15:00,-0.0008207900772116972,-0.0029841946968013917
2026-04-16 03:20:00,-0.0006882512471548807,-0.0021815345399163475
2026-04-16 03:25:00,-0.0009602990731565342,-0.0019274833838351605
2026-04-16 03:30:00,-0.0014798167562002362,-0.002102791066039792
2026-04-16 03:35:00,0.0008722470258017978,-0.0016418415937116129
2026-04-16 03:40:00,0.0004255986212573504,0.00017228026033128677
2026-04-16 03:45:00,-0.0005706773680014265,0.00022598476643447988
2026-04-16 03:50:00,-0.00042327867307356826,-9.337266912331845e-05
2026-04-16 03:55:00,0.00022826265244724198,-6.059993555490382e-05
2026-04-16 04:00:00,0.00037745240814857084,0.00012648524329625125
2026-04-16 04:05:00,0.0007027021153600543,0.00026709601893298645
2026-04-16 04:10:00,0.001102810204553606,0.0006553504892115479
2026-04-16 04:15:00,0.0002529414827154852,0.00033957549638924357
2026-04-16 04:20:00,0.0004167388072122691,9.811725350083321e-05
2026-04-16 04:25:00,0.0009976138983418537,-0.0005455424184431398
2026-04-16 04:30:00,0.001759760064325988,0.0004074050785422361
2026-04-16 04:35:00,0.00046281260132907676,0.00033236490148187025
2026-04-16 04:40:00,0.0005913850929584186,-0.0021454311900160152
2026-04-16 04:45:00,0.0015183196863439719,-0.0015727096679583991
2026-04-16 04:50:00,0.0016609628899288964,-0.0005167781165808669
2026-04-16 04:55:00,0.0009436242297020669,0.0001149937879720504
2026-04-16 05:00:00,0.0004747240626024052,-0.0007608143895146918
2026-04-16 05:05:00,-0.00033367011526941326,-6.42888312240517e-06
2026-04-16 05:10:00,7.251068240954339e-05,0.0006181986627886308
2026-04-16 05:15:00,0.0007087245948458332,0.00039949869714621215
2026-04-16 05:20:00,0.0005222332636201088,-0.0002696183414523891
2026-04-16 05:25:00,0.0005471241921846115,-0.00023508209339640385
2026-04-16 05:30:00,0.0009408644626613949,-0.00044891607807879825
2026-04-16 05:35:00,0.0021286680653229695,-0.0006994205849180394
2026-04-16 05:40:00,0.002053641997669331,-0.0006218683473220682
2026-04-16 05:45:00,0.0011910545968483177,-0.00016695331367843353
2026-04-16 05:50:00,0.0008863761672976977,-0.0002546490044213387
2026-04-16 05:55:00,0.001907340315616679,0.0004032285476205264
2026-04-16 06:00:00,0.0023661104686460988,0.0008247469741166971
2026-04-16 06:05:00,0.0022940633598604876,0.0006880803261875659
2026-04-16 06:10:00,0.0015028942853820837,0.0007956831718228543
2026-04-16 06:15:00,0.0016827616157542025,0.00042079828366798066
2026-04-16 06:20:00,0.0012733540515910136,0.000649181688593579
2026-04-16 06:25:00,0.0012692524813981976,0.0008338428348948203
2026-04-16 06:30:00,-6.421589801242078e-05,0.00022859699700037827
2026-04-16 06:35:00,-0.0003582607617502731,-6.137178854413447e-05
2026-04-16 06:40:00,-0.0010708490867319398,0.002802673000699573
2026-04-16 06:45:00,-0.000604671311238647,0.0018658991127360567
2026-04-16 06:50:00,-0.0009920481635923295,0.0015879218462498449
2026-04-16 06:55:00,-0.0024049652038122815,0.0016563580580720339
2026-04-16 07:00:00,-0.0025443646969556255,0.0004578351604360464
2026-04-16 07:05:00,-0.0024391720568939235,0.000566206840609895
2026-04-16 07:10:00,-0.0023671493130486,0.0007321761028186704
2026-04-16 07:15:00,-0.00224845746261515,-0.000605249624262293
2026-04-16 07:20:00,-0.002649985130821264,-0.0012638645036154848
2026-04-16 07:25:00,-0.003332894243914808,-0.00046858024249441736
2026-04-16 07:30:00,-0.002165037168122552,-0.0017035007770255823
2026-04-16 07:35:00,-0.001670816455888513,-5.778489199916324e-05
2026-04-16 07:40:00,-0.0002590815883127817,0.0004160486646121172
2026-04-16 07:45:00,0.00025889377939947167,0.0020480223224287487
2026-04-16 07:50:00,0.0005158221832974874,0.0009184767593421163
2026-04-16 07:55:00,0.0009970741573308572,0.0016163522453789291
2026-04-16 08:00:00,0.0010338466539216995,0.00182413342185916
2026-04-16 08:05:00,0.0014045964509463715,0.001686257424069759
2026-04-16 08:10:00,0.00045190994908850257,0.0015788409755784368
2026-04-16 08:15:00,-0.0006427534950699254,0.0016044052911540147
2026-04-16 08:20:00,0.0009103644263586119,0.0014499285168905187
2026-04-16 08:25:00,0.0024116559103184443,0.0016543845268212974
2026-04-16 08:30:00,0.0022354672890418925,0.0014768476432062813
2026-04-16 08:35:00,0.001911051721924295,0.0010117283531847357
2026-04-16 08:40:00,0.000721116518498377,0.0018456523741655745
2026-04-16 08:45:00,-0.0009779343988736144,0.0020614208985968484
2026-04-16 08:50:00,-0.0009033817339787475,0.0015566143199298788
2026-04-16 08:55:00,-0.0009701131315669187,0.001587362922487602
2026-04-16 09:00:00,-0.0031483742826985406,0.0012727416205922761
2026-04-16 09:05:00,-0.003972354354617735,7.089621067114876e-05
2026-04-16 09:10:00,-0.002737387993143159,0.0005508225562509176
2026-04-16 09:15:00,-0.0020616701842275376,0.0013547922443433546
2026-04-16 09:20:00,-0.0027044854251663253,0.001152644983007178
2026-04-16 09:25:00,-0.003462741678877279,0.0005484355935202668
2026-04-16 09:30:00,-0.004014135793266149,0.002816489853309692
2026-04-16 09:35:00,-0.0038922826018268353,0.001694172600245874
2026-04-16 09:40:00,-0.0032054867157569333,0.00021900425637124958
2026-04-16 09:45:00,-0.0027316749938517404,-0.00027612789435783116
2026-04-16 09:50:00,-0.0026277569191091033,-7.665405635988516e-05
2026-04-16 09:55:00,-0.0016542635296303843,-0.0010607829768893649
2026-04-16 10:00:00,0.0002596283175613223,-0.0011690892909127079
2026-04-16 10:05:00,0.001366693603999991,-0.0004358440448306179
2026-04-16 10:10:00,0.0009181401868065819,3.067560863672681e-05
2026-04-16 10:15:00,0.0010095660347086977,1.567985668078944e-05
2026-04-16 10:20:00,0.0008663144473608497,0.00019593024409122678
2026-04-16 10:25:00,0.00034494438633281277,0.0003116471762844175
2026-04-16 10:30:00,0.0006569797050790527,0.001120613864100055
2026-04-16 10:35:00,0.0004219115565557985,0.001168907937122987
2026-04-16 10:40:00,0.0005297694172714529,0.0008556338964548428
2026-04-16 10:45:00,0.0006150700667255649,0.0005924225330850707
2026-04-16 10:50:00,0.00020989302806206922,0.0008204985514214777
2026-04-16 10:55:00,-0.00017658870148196115,0.0006413893376854785
2026-04-16 11:00:00,-0.0005234797395790025,-0.0003479033186896196
2026-04-16 11:05:00,-0.0011983523571910126,0.0005814744961972208
2026-04-16 11:10:00,-0.0019307332286331302,-0.0006502172084181202
2026-04-16 11:15:00,-0.001770529875749105,0.0003999888733658567
2026-04-16 11:20:00,-0.0014338767203305736,-2.9751194457198015e-05
2026-04-16 11:25:00,-0.0012515099789709438,-1.4861259108445622e-05
2026-04-16 11:30:00,-0.0006902559834625066,0.0007636010643818041
2026-04-16 11:35:00,-0.0005175418747658256,7.15690824228218e-05
2026-04-16 11:40:00,-0.0013114319867479907,-0.00016253976209654246
2026-04-16 11:45:00,-0.0009456186868881389,-1.0792724474092557e-05
2026-04-16 11:50:00,-0.00025561814529240223,-0.00020897028666888053
2026-04-16 11:55:00,0.0009552844566531604,-0.00010546406051623848
2026-04-16 12:00:00,0.0015322746059656112,-4.309159720308126e-05
2026-04-16 12:05:00,0.001297977310834142,0.00030764011386633143
2026-04-16 12:10:00,0.0022047655537065225,0.0002724505194168209
2026-04-16 12:15:00,0.0020673892921614367,0.0009898486785463825
2026-04-16 12:20:00,0.0018408061527566133,0.0011816603654224483
2026-04-16 12:25:00,0.001887059657354584,0.0011586771702595006
2026-04-16 12:30:00,0.0022457423968820223,0.0012646673498542416
2026-04-16 12:35:00,0.0017448531272652446,0.0013077101469634016
2026-04-16 12:40:00,0.001969617018632519,0.0011125399777210802
2026-04-16 12:45:00,0.0015125609829880204,0.0013766061421457124
2026-04-16 12:50:00,0.0014580168572475571,0.001427126186307408
2026-04-16 12:55:00,0.0010290243849038205,0.000983422548565129
2026-04-16 13:00:00,-7.261584045004099e-05,-0.0007547321316321427
2026-04-16 13:05:00,-0.0004172457482258807,-0.001807935401842976
2026-04-16 13:10:00,-9.548758876221086e-05,-0.0015474415827960988
2026-04-16 13:15:00,0.0001432083445180865,-0.0009577330607182859
2026-04-16 13:20:00,-0.0001702258402787038,-0.0007515175626977904
2026-04-16 13:25:00,-0.00017027108443734562,-0.0006412128402822384
2026-04-16 13:30:00,7.677710468989574e-05,-0.0002058198371249459
2026-04-16 13:35:00,-0.0006394260331372692,-0.00023326428367599793
2026-04-16 13:40:00,-0.0001805944051778141,-0.0002464473864492571
2026-04-16 13:45:00,-0.00034054217134027454,-8.969195769127893e-06
2026-04-16 13:50:00,-0.0002947550233489693,7.077646230827065e-05
2026-04-16 13:55:00,-0.0011141322695777944,-6.228548089964385e-05
2026-04-16 14:00:00,1.867314832360023e-05,-0.0008299665650533232
2026-04-16 14:05:00,-0.00010797252525129863,0.00040554378842856946
2026-04-16 14:10:00,0.00014737919343765782,0.0007553814871362886
2026-04-16 14:15:00,-3.528131138885726e-05,0.0005020716947767946
2026-04-16 14:20:00,0.00013286167458481657,0.00033098574001473493
2026-04-16 14:25:00,-4.153315487087639e-06,0.00040295265264605015
2026-04-16 14:30:00,0.0007093905347019813,0.0003269075792127232
2026-04-16 14:35:00,0.001295035877490136,0.0003239497630847732
2026-04-16 14:40:00,-0.00024084328485507456,0.0005827886610708836
2026-04-16 14:45:00,-0.0002180909572544465,0.0002271426713945689
2026-04-16 14:50:00,-0.004677874607640575,0.0003067131744354573
2026-04-16 14:55:00,-0.004886108271104916,-0.0014976219097538462
2026-04-16 15:00:00,-0.005740750534339867,0.0003963823744336421
2026-04-16 15:05:00,-0.0033321092361813243,-0.00019222579879090047
2026-04-16 15:10:00,-0.003374402468397264,-0.0006816393674064075
2026-04-16 15:15:00,-0.004926682027241114,-0.0012518709919426335
2026-04-16 15:20:00,-0.004543911414220503,-0.0017574454456469163
2026-04-16 15:25:00,-0.0032865207469967572,-0.0022945461250063145
2026-04-16 15:30:00,-0.0054619892257665725,-0.0027422660406162067
2026-04-16 15:35:00,-0.006533767745304786,-0.0026494761067296126
2026-04-16 15:40:00,-0.005868722771543489,-0.003300533759224304
2026-04-16 15:45:00,-0.004835122082887722,-0.003152877703793407
2026-04-16 15:50:00,-0.0006634980359319087,-0.0037901410903058074
2026-04-16 15:55:00,-0.0010811624174156265,0.00044285381751170015
2026-04-16 16:00:00,0.0017867218208049707,0.0003061389538254658
2026-04-16 16:05:00,0.001871258420564459,0.0005228485225071003
2026-04-16 16:10:00,0.0011052634347379353,0.00045785683933449435
2026-04-16 16:15:00,0.001864923833815979,0.00042592614201526145
2026-04-16 16:20:00,0.0019353507430910355,0.0007892602462558279
2026-04-16 16:25:00,0.0004166128601994501,0.0006470086020518018
2026-04-16 16:30:00,0.0009898195273265742,0.000462744063320642
2026-04-16 16:35:00,0.0034199467510696024,0.0005619001212598139
2026-04-16 16:40:00,0.0031573134448645845,0.001395178061971865
2026-04-16 16:45:00,0.0026786558540976557,0.0014627143391121899
2026-04-16 16:50:00,0.0029177689779409377,0.00159423615465975
2026-04-16 16:55:00,0.004070184421365752,4.748242108237158e-05
2026-04-16 17:00:00,0.0016421338938279462,0.001553470942042808
2026-04-16 17:05:00,-0.0004638455373555672,-0.0008214228232224017
2026-04-16 17:10:00,-0.00039742113742313734,-0.0018080622934821722
2026-04-16 17:15:00,0.00013530602600830832,-0.0010407518491571928
2026-04-16 17:20:00,-0.001305794517728387,-0.000996478204197949
2026-04-16 17:25:00,-0.0004061954230767384,-0.0012031158644447678
2026-04-16 17:30:00,-0.0018533252052410631,-0.0008579149339040294
2026-04-16 17:35:00,-0.002105603743698836,-0.0010952487510192215
2026-04-16 17:40:00,-0.0026060466658162085,-0.0015642332723034879
2026-04-16 17:45:00,-0.0032946142055578775,-0.0012758380886743045
2026-04-16 17:50:00,-0.0031536463436800943,-0.0017175241820261687
2026-04-16 17:55:00,-0.0032831994827162703,-0.0018760429060009941
2026-04-16 18:00:00,-0.003420508869844241,-0.0021188526793469286
2026-04-16 18:05:00,-0.0024496746019035953,-0.0021947364817395385
2026-04-16 18:10:00,-0.0028510770241787498,-0.0011803232911659477
2026-04-16 18:15:00,-0.002578124067028398,-0.0009803215391281967
2026-04-16 18:20:00,-0.001107199305749873,-0.0015026602913309748
2026-04-16 18:25:00,-0.00298172896069282,0.0015077919592611613
2026-04-16 18:30:00,-0.0018442232287849691,-0.0010104815661787759
2026-04-16 18:35:00,-0.002935657797239699,0.0008973144622619884
2026-04-16 18:40:00,-0.0006598854628219186,-3.792173215508203e-05
2026-04-16 18:45:00,0.00020257732727735345,-0.000679638680571448
2026-04-16 18:50:00,-0.0006139594520195857,-0.0007336483341903089
2026-04-16 18:55:00,-0.000674222295540261,-0.0013066072361996573
2026-04-16 19:00:00,-0.00030887966669546074,-0.0019409661176247339
2026-04-16 19:05:00,-0.0009431403933337634,-0.0021656178003719344
2026-04-16 19:10:00,-0.00031520093276604655,-0.001202278043846924
2026-04-16 19:15:00,-0.00032769127183840396,-0.0008787871219655376
2026-04-16 19:20:00,-0.0005217050272978696,-0.001315342312839827
2026-04-16 19:25:00,0.00048260381357856375,-0.0014486936014905614
2026-04-16 19:30:00,0.0011261533030104687,0.0003197797557538686
2026-04-16 19:35:00,0.0015378060882138556,1.9759602015797258e-05
2026-04-16 19:40:00,0.0006598854628219186,-0.0006396711363459448
2026-04-16 19:45:00,0.00031527069172909705,-0.0008863464957315136
2026-04-16 19:50:00,0.0006598868408254077,-0.0009152191316428156
2026-04-16 19:55:00,0.00024010030044330222,-0.0003202293117111779
2026-04-16 20:00:00,0.00046537010805636214,-0.0004787021786616392
2026-04-16 20:05:00,0.0006490261184310953,-0.0010003707378397513
2026-04-16 20:10:00,6.263061094102795e-05,0.00104316892424176
2026-04-16 20:15:00,0.0006364994001195612,-0.0003288172365401705
2026-04-16 20:20:00,0.00041112629356199193,-5.640918994464181e-05
2026-04-16 20:25:00,0.000734948722389106,0.00034251438395317154
2026-04-16 20:30:00,0.0006116444344730354,-0.0003373138581101792
2026-04-16 20:35:00,0.0008410315339961727,-0.0004998166832122652
2026-04-16 20:40:00,0.0015790327796043613,0.00038302935718555696
2026-04-16 20:45:00,0.000968157301018735,-0.0002517562487307168
2026-04-16 20:50:00,0.0010244673301222917,0.00048205265131203253
2026-04-16 20:55:00,0.0007387297107026569,0.0007414842427185586
2026-04-16 21:00:00,-0.00010641083564522091,0.0007688775111038182
2026-04-16 21:05:00,-0.0005029063291690505,0.0005797359900835782
2026-04-16 21:10:00,7.51515556718374e-05,0.0003631319121204969
2026-04-16 21:15:00,-0.00037558999368947354,0.0006195786388501912
2026-04-16 21:20:00,-0.0008182452436820142,-0.00037681055975778867
2026-04-16 21:25:00,-0.00045092722673523156,-0.0008341186785164233
2026-04-16 21:30:00,-0.0010251860482917152,-0.0004229542675952329
2026-04-16 21:35:00,-0.0009182832922949302,-0.0005170806017058149
2026-04-16 21:40:00,-0.0018379232682868007,-0.0006901785884208721
2026-04-16 21:45:00,-0.0009493694709394873,-0.002543268772528994
2026-04-16 21:50:00,-0.0011643436754855685,-0.0019764925838372084
2026-04-16 21:55:00,-0.0007763068220718594,-0.0013422736531051942
2026-04-16 22:00:00,-0.0003380860189796664,-0.000988747868169448
2026-04-16 22:05:00,0.0009138079511288311,-0.0005801984409112333
2026-04-16 22:10:00,0.0012350161996685927,-0.00020951919778873474
2026-04-16 22:15:00,0.0008323676750059406,0.00013435852519023725
2026-04-16 22:20:00,0.0008432830089795118,0.00021066051755075352
2026-04-16 22:25:00,0.0009809242344349656,0.0003497433949845255
2026-04-16 22:30:00,0.0014946250564449315,-0.0002526456436580985
2026-04-16 22:35:00,0.0011602357665001506,0.0002462936570698819
2026-04-16 22:40:00,0.0010205583903211135,-0.00022164547398080295
2026-04-16 22:45:00,0.0010473848677765574,0.0002254029035178071
2026-04-16 22:50:00,0.0012289897020210105,0.0003852377590770542
2026-04-16 22:55:00,0.001291425138619573,0.0003420328556868403
2026-04-16 23:00:00,0.0008220596184891349,0.0004990754177406099
2026-04-17 00:00:00,-0.0002523611948621607,0.00037693144449695633
2026-04-17 00:05:00,-0.0005004984234506793,-0.00043233956160610256
2026-04-17 00:10:00,-0.0004880714600119518,-0.0004504379167250096
2026-04-17 00:15:00,0.0007091429679046968,-0.0006258657762456984
2026-04-17 00:20:00,0.0005589050611689572,-0.0002820095290900077
2026-04-17 00:25:00,7.9261284867016e-05,-0.00028416501180378225
2026-04-17 00:30:00,2.294073053832335e-05,-0.0003557381364915327
2026-04-17 00:35:00,0.00027948050179738004,-3.287487090957214e-05
2026-04-17 00:40:00,8.758009935583289e-05,0.00023508334006598733
2026-04-17 00:45:00,-0.0002961547868380876,-0.00019345817481773505
2026-04-17 00:50:00,-0.0004859142321453902,-0.00021076510569550732
2026-04-17 00:55:00,-0.0006676110829388904,-0.00025594654029929977
2026-04-17 01:00:00,-0.0011875779504446626,-4.367645016020844e-05
2026-04-17 01:05:00,-0.0006823325185418838,0.0003143048116755387
2026-04-17 01:10:00,-0.0006052056214240764,0.00011429049331133363
2026-04-17 01:15:00,-0.0010054633800802293,0.0006563187691043136
2026-04-17 01:20:00,-0.001414551334965708,-0.0004608602310621538
2026-04-17 01:25:00,-0.0003066508845464,-0.0005331906267322978
2026-04-17 01:30:00,0.00032736944350730823,-0.00031379491942815053
2026-04-17 01:35:00,0.00022936592932154554,-0.00020995530374043873
2026-04-17 01:40:00,0.0005086470099477935,-0.00017447540669276573
2026-04-17 01:45:00,0.0011028359007791977,-0.0001126281302950558
2026-04-17 01:50:00,0.00029616466972015587,0.00020751375025867825
2026-04-17 01:55:00,0.0007885678931636164,0.000371535696181056
2026-04-17 02:00:00,0.00012111821361315833,0.0005327098186785994
2026-04-17 02:05:00,-0.0015353846438390661,0.0005998312819265248
2026-04-17 02:10:00,-0.0023596229283331382,0.00017029191403221346
2026-04-17 02:15:00,-0.001656419734816339,0.00033859351427077266
2026-04-17 02:20:00,-0.003237203025260982,0.00043195463017149064
2026-04-17 02:25:00,-0.005013600740747748,-0.00023195164547853853
2026-04-17 02:30:00,-0.004536406054825193,-0.0013043505459903995
2026-04-17 02:35:00,-0.004632951501458038,-0.0015488896172710853
2026-04-17 02:40:00,-0.004277348721323904,-0.0016964367191817451
2026-04-17 02:45:00,-0.004318208934765977,-0.0017455661211070838
2026-04-17 02:50:00,-0.0018159091107907699,-0.0025626938362605907
2026-04-17 02:55:00,-0.0011893485859086894,8.826260681688964e-05
2026-04-17 03:00:00,0.0006450205784798158,-0.00036858163556359566
2026-04-17 03:05:00,0.0013767330153449109,0.0005372983551148312
2026-04-17 03:10:00,0.0026309672952198326,0.0010239764402304727
2026-04-17 03:15:00,0.0012932031347467898,0.001347210120907108
2026-04-17 03:20:00,0.0032977484139653512,0.000787676069834123
2026-04-17 03:25:00,0.004180788301868077,0.0018682362160943695
2026-04-17 03:30:00,0.0035184987258176648,0.0025894808937531404
2026-04-17 03:35:00,0.003971817893980045,0.002494645439726331
2026-04-17 03:40:00,0.0028967293089134927,0.002093453718845438
2026-04-17 03:45:00,0.0022804502639601765,0.00044843285900851023
2026-04-17 03:50:00,0.000363445720040545,0.0014082659722343517
2026-04-17 03:55:00,-0.0010068348638849756,6.711057686476502e-05
2026-04-17 04:00:00,-1.6694316629539685e-05,-0.00019087749569619099
2026-04-17 04:05:00,0.0011746775943066723,-0.0004778342760233357
2026-04-17 04:10:00,0.0009032548032372745,-4.769033397252459e-05
2026-04-17 04:15:00,0.0015813248452651862,-0.00011288812278724437
2026-04-17 04:20:00,0.0012247347852269996,0.0003553057168314691
2026-04-17 04:25:00,0.0010247410086634545,0.0005143479832431328
2026-04-17 04:30:00,0.0005758289696764507,0.0005287891539128058
2026-04-17 04:35:00,-2.2949393459370526e-05,0.0002509490484265816
2026-04-17 04:40:00,0.0005528936822010166,0.00037817367519470346
2026-04-17 04:45:00,0.001385376985636455,0.00028111622619138294
2026-04-17 04:50:00,0.0012355626511855178,0.0006994089415893488
2026-04-17 04:55:00,0.0017456493715766186,0.0008903792310071452
2026-04-17 05:00:00,0.00048819365149554983,0.0010819012257202634
2026-04-17 05:05:00,-0.00035663896314375165,0.00026171669172775526
2026-04-17 05:10:00,-0.00010634560036315577,8.822969766968709e-05
2026-04-17 05:15:00,-0.00030647315316123525,5.0163702108665995e-06
2026-04-17 05:20:00,-0.000137629601425715,-0.00011863850395432021
2026-04-17 05:25:00,0.0004317046456527862,-0.0008947564880646074
2026-04-17 05:30:00,0.0006005117040448482,0.00037149101213517226
2026-04-17 05:35:00,0.0013343621019572538,0.00045846016425706487
2026-04-17 05:40:00,0.001467336402054542,0.0006541029167730271
2026-04-17 05:45:00,0.0005440282611992586,0.0006572844440477586
2026-04-17 05:50:00,0.0011007018084612241,0.0004571042055037102
2026-04-17 05:55:00,0.0020632830598543705,0.0006327821784477143
2026-04-17 06:00:00,0.0013652590640980122,0.0009279339230162856
2026-04-17 06:05:00,0.00222742996982106,-4.241544886441387e-05
2026-04-17 06:10:00,0.001993661360961241,-0.00046342442382745603
2026-04-17 06:15:00,0.0016188667095704545,0.00021911856775277207
2026-04-17 06:20:00,0.0019979402243333055,0.0007017136142083296
2026-04-17 06:25:00,0.001562588213513294,-5.6350596668914866e-05
2026-04-17 06:30:00,0.00026469445140264725,-0.0003151074741385252
2026-04-17 06:35:00,4.167092056306387e-06,-0.00012507118307558245
2026-04-17 06:40:00,-0.0009626966248976743,-0.00047404342903344923
2026-04-17 06:45:00,-0.0002855258227487667,-0.0006051136728875126
2026-04-17 06:50:00,-0.00047932345455414804,-0.00015989957290157193
2026-04-17 06:55:00,-0.0017983611216223494,-0.00021120274220916922
2026-04-17 07:00:00,-0.0015196193245632372,-0.0007087502900852401
2026-04-17 07:05:00,-0.00287220558834278,-0.0006110716430779427
2026-04-17 07:10:00,-0.003583938053584035,-0.0011171063552436245
2026-04-17 07:15:00,-0.003670693251740076,-0.0012431331743868862
2026-04-17 07:20:00,-0.0035674224713755365,-0.0018445990609859348
2026-04-17 07:25:00,-0.00412844001064272,-0.0018353309836542384
2026-04-17 07:30:00,-0.0032750471529467973,-0.001940013368868697
2026-04-17 07:35:00,-0.002837638987008617,0.00036602241700932033
2026-04-17 07:40:00,-0.0023000511058182127,-0.00021869056528272643
2026-04-17 07:45:00,-0.0025504201562167594,0.0010886852105498523
2026-04-17 07:50:00,-0.002563065726025826,-0.001712946440831733
2026-04-17 07:55:00,-0.0019457858593447952,-0.0018721874738975978
2026-04-17 08:00:00,-0.000976776589943995,-0.0018359965131232935
2026-04-17 08:05:00,-0.0002713891172909655,0.00048491102534008385
2026-04-17 08:10:00,-9.190427758198894e-05,0.0004910381115449316
2026-04-17 08:15:00,0.0007018101139841804,0.0003076814980395572
2026-04-17 08:20:00,0.0002777606660728793,0.0015714043263432692
2026-04-17 08:25:00,0.001685560868816438,0.0007473868122009363
2026-04-17 08:30:00,0.0023952407369876028,0.001151947344814605
2026-04-17 08:35:00,0.00017132124237306812,0.001412239507885251
2026-04-17 08:40:00,0.00011074069867689218,0.0009319853791597199
2026-04-17 08:45:00,-0.0011102736992647522,0.0006702229049423029
2026-04-17 08:50:00,5.6424740384031224e-05,0.0005682544369211798
2026-04-17 08:55:00,4.388453353065813e-05,0.0004015436983824644
2026-04-17 09:00:00,0.00036535934541603865,0.00041583568806306066
2026-04-17 09:05:00,-0.0010925640931365166,0.00017254724035401927
2026-04-17 09:10:00,-0.0008337905035986637,6.082666068804541e-05
2026-04-17 09:15:00,-0.0007770332760674847,1.6785158497136825e-05
2026-04-17 09:20:00,-0.000958914056386817,-8.094656967665152e-05
2026-04-17 09:25:00,-0.0014932592054410776,-0.00044453132896801853
2026-04-17 09:30:00,-0.0016512039689846603,-0.0007047678877587431
2026-04-17 09:35:00,0.0006098325238070856,-0.001060032318899183
2026-04-17 09:40:00,0.0022706128303120465,0.0011463761417113633
2026-04-17 09:45:00,0.0028975021760118125,0.00175680075296452
2026-04-17 09:50:00,0.0017183838896137615,0.002638285854161662
2026-04-17 09:55:00,0.0022501564564532117,0.002014768439851198
2026-04-17 10:00:00,0.0017664551305820453,0.002394723843390656
2026-04-17 10:05:00,0.0024758791993804152,0.0016298194415413122
2026-04-17 10:10:00,0.0020195424154163533,0.0024434958341645733
2026-04-17 10:15:00,0.0021291348729679527,0.0025373744474232545
2026-04-17 10:20:00,0.0021651289213764358,0.0017177722793601299
2026-04-17 10:25:00,0.0023818904173236177,0.0022522245978847735
2026-04-17 10:30:00,0.002237132729723257,0.002283877637654909
2026-04-17 10:35:00,0.0012143799079069595,0.0022811845358731374
2026-04-17 10:40:00,-0.0004733145555437801,0.0008890003718554242
2026-04-17 10:45:00,-0.00036511998770016874,0.00015183150567612186
2026-04-17 10:50:00,-0.0003150595352963137,0.00032134979639886115
2026-04-17 10:55:00,-0.0011870675717098322,0.0003240028524297291
2026-04-17 11:00:00,-0.0016433069194672356,0.0006419464138751227
2026-04-17 11:05:00,-0.001456393992846472,-0.0003389642242303587
2026-04-17 11:10:00,-0.000325524232518859,-9.849118550358924e-05
2026-04-17 11:15:00,-0.0008719796784628642,0.000750760010538125
2026-04-17 11:20:00,-0.0004213837721120939,-0.0002460780991843972
2026-04-17 11:25:00,-0.0013123648963890844,1.8132588700462742e-05
2026-04-17 11:30:00,-0.0018674102784501656,-0.000262691783172992
2026-04-17 11:35:00,-0.0020415029039639876,-0.0004997529863992388
2026-04-17 11:40:00,-0.0020376002623851974,-0.0003928622486078025
2026-04-17 11:45:00,-0.000866389267544676,0.00016585449515800542
2026-04-17 11:50:00,-0.0012048181649753076,-2.4150180336457255e-05
2026-04-17 11:55:00,-0.0005763087169583514,-0.0004332239179637701
2026-04-17 12:00:00,-0.0012614213545454334,-0.0002854947029216495
2026-04-17 12:05:00,-0.00040516269715951125,0.00012730472499981372
2026-04-17 12:10:00,-0.001087936025584213,8.96692691676e-06
2026-04-17 12:15:00,-0.0012425280253740567,-0.0005621404533079158
2026-04-17 12:20:00,-0.00039860052095441745,8.176268372619326e-05
2026-04-17 12:25:00,0.000647008755102263,-7.979748318307478e-05
2026-04-17 12:30:00,0.0010749692894727048,4.652032666956322e-05
2026-04-17 12:35:00,0.0014532761819268103,0.0004734582904060302
2026-04-17 12:40:00,0.0030402612541777785,0.0006060181069179364
2026-04-17 12:45:00,0.00362547735183405,0.001251830310209069
2026-04-17 12:50:00,0.0031728343775103696,-0.0008561160507967285
2026-04-17 12:55:00,0.0025407779099264616,0.00014965336744349265
2026-04-17 13:00:00,0.003956444699111827,3.626537278355473e-05
2026-04-17 13:05:00,0.0035073561073524218,0.0015270223255531177
2026-04-17 13:10:00,0.003687086043598242,-0.0004316851501226796
2026-04-17 13:15:00,0.004280732946780219,0.001337495706799265
2026-04-17 13:20:00,0.0045026546304782755,0.002058859626674522
2026-04-17 13:25:00,0.005333323779087351,0.0002850676211485779
2026-04-17 13:30:00,0.00503797224781799,0.00027748239565401526
2026-04-17 13:35:00,0.006393492701279868,0.0016961132468350957
2026-04-17 13:40:00,0.004950597759389552,0.002536316206057024
2026-04-17 13:45:00,0.006641359149327286,0.002862364068516513
2026-04-17 13:50:00,0.008665998565794197,0.0027467808474489564
2026-04-17 13:55:00,0.009814386437927425,0.0030096034550822766
2026-04-17 14:00:00,0.008403045007590038,0.003296678225269352
2026-04-17 14:05:00,0.012218838790939657,0.003627975293750254
2026-04-17 14:10:00,0.016403168542028723,0.004954319389725675
2026-04-17 14:15:00,0.012038732574154665,0.005265614780343994
2026-04-17 14:20:00,0.010093452434249528,0.006490536967032067
2026-04-17 14:25:00,0.006817070665661618,0.007733654036165867
2026-04-17 14:30:00,0.007875301858371486,0.007787803850460109
2026-04-17 14:35:00,0.009144527051120122,0.008057044205435994
2026-04-17 14:40:00,0.008606034778939176,0.008639578833047109
2026-04-17 14:45:00,0.005849729760711853,0.009532683256826872
2026-04-17 14:50:00,0.0071452608607476265,0.008967734336252772
2026-04-17 14:55:00,0.007002107029823179,0.00874851255318036
2026-04-17 15:00:00,0.006396766035992485,0.008667423233172109
2026-04-17 15:05:00,0.0018530621907828504,0.008443585917122553
2026-04-17 15:10:00,-0.003172896671411962,0.007063665965445851
2026-04-17 15:15:00,0.0013230314136478682,0.005334860239646846
2026-04-17 15:20:00,0.0035790849844499206,0.004848926612917569
2026-04-17 15:25:00,0.004224874591447048,0.004655683844770398
2026-04-17 15:30:00,0.0044651600157727955,0.004385542812996682
2026-04-17 15:35:00,0.0016585419720183125,0.003724147907982569
2026-04-17 15:40:00,0.0025475471838412034,0.0033524273777633174
2026-04-17 15:45:00,0.002826011430116182,0.0028609757047376007
2026-04-17 15:50:00,-0.00028704700591752896,0.0028294967104096425
2026-04-17 15:55:00,-0.0016812929409510957,0.0021119470692655255
2026-04-17 16:00:00,-0.0014099844405386364,0.0021879034207697955
2026-04-17 16:05:00,9.646239564631287e-05,0.0018234153063998683
2026-04-17 16:10:00,-4.519467607444483e-05,-0.0011192343404945548
2026-04-17 16:15:00,-0.0011092556184202351,-0.00035651710171465123
2026-04-17 16:20:00,-0.0017458473894915727,-0.0006846247958216061
2026-04-17 16:25:00,-0.001160370503992425,0.0012189237584255197
2026-04-17 16:30:00,-0.00083480249053558,0.0010268954791298034
2026-04-17 16:35:00,-0.0012251671771732475,0.00046799886500001087
2026-04-17 16:40:00,-0.0038330199777174556,-0.0007200090565581116
2026-04-17 16:45:00,-0.0031939596501810996,-0.0003782098333526387
2026-04-17 16:50:00,-0.0015124575388245631,-0.0010247376935767713
2026-04-17 16:55:00,-0.001116956082601206,-0.0016802189251402453
2026-04-17 17:00:00,-0.00033893883711044737,-0.0009461657802651766
2026-04-17 17:05:00,-0.00021551392457297425,-0.00098335699469792
2026-04-17 17:10:00,0.0008521919816235624,-0.0009721310923764373
2026-04-17 17:15:00,0.0011441566585776997,-0.0011346701347096928
2026-04-17 17:20:00,1.0266529368863075e-05,-0.0005910492955431966
2026-04-17 17:25:00,0.00044582369747026007,-0.0004261063876628996
2026-04-17 17:30:00,-0.0003735279553165327,-0.0001256429538023882
2026-04-17 17:35:00,0.0003839240575587155,-3.2811173254910935e-05
2026-04-17 17:40:00,0.0020600717413881142,2.4719483687558872e-05
2026-04-17 17:45:00,0.00048508767471844294,0.0004462168036061135
2026-04-17 17:50:00,-0.0005587717028916472,0.00022873564013586406
2026-04-17 17:55:00,-0.0001027240360773618,6.274738246705289e-05
2026-04-17 18:00:00,-0.00015615593434503694,0.0004304143248258565
2026-04-17 18:05:00,-0.002040445907185884,-0.00029178566941110454
2026-04-17 18:10:00,-0.0017524022970043518,-0.0009333980116556074
2026-04-17 18:15:00,-0.001586147433304319,-0.0006058755716715698
2026-04-17 18:20:00,-0.0030991133626088185,-0.0010804582320561246
2026-04-17 18:25:00,-0.00216317668174959,-0.0012152646307737958
2026-04-17 18:30:00,-0.0020589584262786786,-0.001494323026887581
2026-04-17 18:35:00,-0.0029396428640300343,-0.001084047686110348
2026-04-17 18:40:00,-0.002848626822052225,-0.0013420763643640882
2026-04-17 18:45:00,-0.0012172755917756461,-0.0011082472483806207
2026-04-17 18:50:00,-0.0009148407324826024,-0.0008485096366034359
2026-04-17 18:55:00,-0.0008036660758268255,-0.0002525062204436008
2026-04-17 19:00:00,-0.000855180575383585,-0.0012922688646017002
2026-04-17 19:05:00,0.00043802961410221997,-0.0012446387843872953
2026-04-17 19:10:00,-0.0003886973443734121,0.00019540756055075906
2026-04-17 19:15:00,-0.0003084813897089589,-8.750873131241682e-05
2026-04-17 19:20:00,0.0020226073830631464,-0.00020233031137502182
2026-04-17 19:25:00,0.0006543816018922399,0.00017608671735110096
2026-04-17 19:30:00,0.0009642518287158452,0.0002884397062739524
2026-04-17 19:35:00,0.001125485574426932,0.0006775793133090048
2026-04-17 19:40:00,0.001488057228266726,0.0005463839564737208
2026-04-17 19:45:00,9.669598071049279e-05,0.0007452150790667379
2026-04-17 19:50:00,-0.0010906787160038789,0.0006786566592434862
2026-04-17 19:55:00,-0.0010224728891419232,0.00028280491441948897
2026-04-17 20:00:00,-0.0008620876427247737,-3.169482717427086e-05
2026-04-17 20:05:00,-0.001734734313886932,-0.0003005629733914303
2026-04-17 20:10:00,-0.0009837294426233711,-0.0013083756515823064
2026-04-17 20:15:00,-0.0011360316676327642,-0.0008843019225291701
2026-04-17 20:20:00,-0.001993772438403596,-0.0010596915534085722
2026-04-17 20:25:00,-0.0009096653594085069,-0.0011394398037343635
2026-04-17 20:30:00,-0.0017462044040410518,-0.0006190509318363853
2026-04-17 20:35:00,-0.0005800738625456603,-0.0009966280126203148
2026-04-17 20:40:00,-0.000518407595173187,-0.0007825053543735046
2026-04-17 20:45:00,-0.00043006018418800807,0.0032796328693297733
2026-04-17 20:50:00,-0.0003954075117160727,0.0021183128157093115
2026-04-17 20:55:00,-0.000743337537253197,0.005010319476052001
2026-04-17 21:00:00,-0.001503744193712464,0.003241971624627672
2026-04-17 21:05:00,-0.001613965789227123,0.0017735247282331201
2026-04-17 21:10:00,-0.0021766966105492003,0.004440671044660383
2026-04-17 21:15:00,-0.000922946406898717,0.0024878589255224078
2026-04-17 21:20:00,-0.001364391655975794,0.0005344853963300644
2026-04-17 21:25:00,-0.0022282627437668623,0.0005750509142371731
2026-04-17 21:30:00,-0.0022958857278663203,-0.0007947650116061064
2026-04-17 21:35:00,-0.0036444631367444913,0.0028018548472740473
2026-04-17 21:40:00,-0.005041722386094349,0.0009417402468000456
2026-04-17 21:45:00,-0.005187613389379564,0.00037757266737550486
2026-04-17 21:50:00,-0.004161245789905621,-0.001017788668944435
2026-04-17 21:55:00,-0.005024269707670115,-0.0008920834740630227
2026-04-17 22:00:00,-0.01600905277083342,-0.0007420419559398385
2026-04-17 22:05:00,-0.011250280732177487,0.0003407026819577104
2026-04-17 22:10:00,-0.011535268786513342,-0.0035815832979291125
2026-04-17 22:15:00,-0.012429089773918989,-0.004323639809806625
2026-04-17 22:20:00,-0.013339635101299763,-0.0006747301009784972
2026-04-17 22:25:00,-0.012540358267012053,0.0014308093684329238
2026-04-17 22:30:00,-0.012718287118236304,-0.0035390999129254123
2026-04-17 22:35:00,-0.012054120837388993,0.0010759567303728899
2026-04-17 22:40:00,-0.01129125935954356,-0.005173147536080313
2026-04-17 22:45:00,-0.010019825985542852,-0.003715900588798881
2026-04-17 22:50:00,-0.010906000064560217,-0.007259619626211939
2026-04-17 22:55:00,-0.01062485865571361,-0.007836666572451684
2026-04-20 00:00:00,0.0004753931769041486,-0.008621737073185424
2026-04-20 00:05:00,-0.003525733433432876,-0.002436253467154411
2026-04-20 00:10:00,-0.0037330604952536817,-0.0027994709752467354
2026-04-20 00:15:00,-0.003954090918439235,-0.0024316074561907884
2026-04-20 00:20:00,-0.0028549918923612694,-0.0017256064623960305
2026-04-20 00:25:00,-0.0033469243858554876,-0.002730387998714423
2026-04-20 00:30:00,-0.002934081584566428,-0.0025483968755216093
2026-04-20 00:35:00,-0.00426673011306633,-0.0020307599347108734
2026-04-20 00:40:00,-0.006090396846751389,-0.0028206883797080294
2026-04-20 00:45:00,-0.008686828126588608,-0.003485922268312931
2026-04-20 00:50:00,-0.006198347449924313,-0.004144442192110059
2026-04-20 00:55:00,-0.005185739122929078,-0.0043920582222336055
2026-04-20 01:00:00,-0.005485977103795392,-0.004823985454291798
2026-04-20 01:05:00,-0.004942696932355162,-0.003116432699892636
2026-04-20 01:10:00,-0.004272967894616286,-0.003755851484079698
2026-04-20 01:15:00,-0.0030909201360316274,-0.004211990102742272
2026-04-20 01:20:00,-0.0017013781907557757,-0.004405197112027348
2026-04-20 01:25:00,-0.0008851748483547084,-0.0036754886432214654
2026-04-20 01:30:00,-0.001090439471234106,-0.0035226266276379642
2026-04-20 01:35:00,0.00023926759045700408,-0.0024897323814551276
2026-04-20 01:40:00,0.002738239424848743,-0.0022753869007180526
2026-04-20 01:45:00,0.0042489525696058905,-0.0023144443252760137
2026-04-20 01:50:00,0.0023139279934802914,-0.0018373971074228928
2026-04-20 01:55:00,0.003877157679058385,-0.0014540694864194348
2026-04-20 02:00:00,0.007863736460215875,-0.00010260337863579933
2026-04-20 02:05:00,0.007449815510303992,0.0008216210209541497
2026-04-20 02:10:00,0.008746799305397346,0.0010318407357845462
2026-04-20 02:15:00,0.007226552845576606,0.003173771364889952
2026-04-20 02:20:00,0.0073094418917065695,0.004177618450845717
2026-04-20 02:25:00,0.007873965907400304,0.00019709793384943994
2026-04-20 02:30:00,0.008813114321768012,0.003302156708409015
2026-04-20 02:35:00,0.008970974678812027,0.005191231702984658
2026-04-20 02:40:00,0.00858415623933162,0.006213460087159235
2026-04-20 02:45:00,0.009646410635475888,0.006673158533126131
2026-04-20 02:50:00,0.010302253779965298,0.007245932652096474
2026-04-20 02:55:00,0.007314417567448217,0.0077132310497898034
2026-04-20 03:00:00,0.0034842623275856965,0.007941407187908171
2026-04-20 03:05:00,0.003158914668331292,-0.0017582789386272858
2026-04-20 03:10:00,0.0015132222217175695,-0.001060739938535411
2026-04-20 03:15:00,0.0016907196881010833,-0.0008251813509960765
2026-04-20 03:20:00,0.0012290234353198315,-0.0008973095662462756
2026-04-20 03:25:00,-0.00033318201625043287,-0.0009333325652691741
2026-04-20 03:30:00,-0.0014131365757652503,0.00015380600065947878
2026-04-20 03:35:00,-0.0023238052548109067,0.0002255757999349888
2026-04-20 03:40:00,-0.0020244650519032348,-0.00036426752655183007
2026-04-20 03:45:00,-0.0031147743653718862,-0.0016418661095523811
2026-04-20 03:50:00,-0.0036071778788677733,-0.0013260738327270111
2026-04-20 03:55:00,-0.002171621334127849,-0.0009024666891631858
2026-04-20 04:00:00,-0.0018834555299154232,-0.0011280014014425502
2026-04-20 04:05:00,-0.002088144603103359,-0.0007433663470029258
2026-04-20 04:10:00,-0.0020473567695518113,-0.0012646281199590978
2026-04-20 04:15:00,-0.0017324505159219683,-0.001804534466200661
2026-04-20 04:20:00,-0.001769021342658661,-0.001771783092046312
2026-04-20 04:25:00,-0.0012858735968013235,-0.00181651677628258
2026-04-20 04:30:00,-0.0019158112355022183,-0.0008514896756564036
2026-04-20 04:35:00,-0.0005734525020475445,-0.0008897930841097706
2026-04-20 04:40:00,-0.0006694745917492639,-0.0006180783231656912
2026-04-20 04:45:00,-0.0006466564956699727,-0.0005696246473288574
2026-04-20 04:50:00,-0.0008114809345709517,-0.0007539891172190192
2026-04-20 04:55:00,-0.001318180018131443,-0.0013282051225175478
2026-04-20 05:00:00,-0.0002920030806219387,-0.000714630848404124
2026-04-20 05:05:00,0.00023362195484999404,-0.0006308667565396178
2026-04-20 05:10:00,0.00022119969622913516,-0.0005799296051191933
2026-04-20 05:15:00,0.0003442272601485996,-0.0005872718709091223
2026-04-20 05:20:00,-0.0002023136765743061,-0.0003053232860301249
2026-04-20 05:25:00,-7.924888742749658e-05,-0.0003400986627786298
2026-04-20 05:30:00,-0.0006324602601015528,-0.00032644870651106023
2026-04-20 05:35:00,-0.0006823154335489079,-0.0003884776027752143
2026-04-20 05:40:00,-0.0011752710164305569,-0.0008618808596619607
2026-04-20 05:45:00,0.0001585738373179879,-0.0005406352871106775
2026-04-20 05:50:00,-0.0005865953735320062,-0.0008013200923334071
2026-04-20 05:55:00,-0.00041124387236557425,-0.0004638450799441407
2026-04-20 06:00:00,-0.0007282933946015646,-0.0006342038347369481
2026-04-20 06:05:00,-0.0015780084053496068,-0.006031439526664874
2026-04-20 06:10:00,-0.0012715223545729515,-0.004824512467194455
2026-04-20 06:15:00,-0.0013191374921923682,-0.006760376866002002
2026-04-20 06:20:00,-0.0013734774930060922,-0.006841112098420786
2026-04-20 06:25:00,-0.0014254664136839068,-0.004785586435110819
2026-04-20 06:30:00,0.0011206213212187066,-0.0035177501313347725
2026-04-20 06:35:00,0.0004006819995048261,-0.005384766885695229
2026-04-20 06:40:00,-0.0013606965687742445,-0.0057907533134870445
2026-04-20 06:45:00,-0.001511646646120468,-0.00757058427631767
2026-04-20 06:50:00,0.0004342389092002463,-0.004518289578943427
2026-04-20 06:55:00,0.0004258534877887854,-0.004114147308878349
2026-04-20 07:00:00,8.976107903180264e-05,-0.004118716425342695
2026-04-20 07:05:00,0.0010147197864114332,-0.003908053796841945
2026-04-20 07:10:00,0.0008770849601340558,-0.002138843570660812
2026-04-20 07:15:00,-8.145950370597177e-05,-0.0022322441576974497
2026-04-20 07:20:00,-1.0443984212571422e-05,-0.0024533638343436914
2026-04-20 07:25:00,-0.0002590143266125722,-0.0008387658571231818
2026-04-20 07:30:00,-0.0015487504556812581,-0.0007493524359782765
2026-04-20 07:35:00,-0.00046539050337379706,-0.0009467253251432484
2026-04-20 07:40:00,0.0019224104581905266,-0.0006534756453082629
2026-04-20 07:45:00,0.0003217294867763343,-0.0036274715837364318
2026-04-20 07:50:00,-0.0007830191738626979,-0.0041122128134167815
2026-04-20 07:55:00,0.0012472912665160152,-0.001188799718645691
2026-04-20 08:00:00,0.001522622708838739,-0.0011317868006839378
2026-04-20 08:05:00,0.0008406438199273225,-0.0005815128064344075
2026-04-20 08:10:00,0.00127666249412961,-0.0005109019856075381
2026-04-20 08:15:00,0.003188671145938571,-0.00025642531587740525
2026-04-20 08:20:00,0.0030241937507913264,-4.0888963375108134e-05
2026-04-20 08:25:00,0.002364148688219103,-0.0016683625692677122
2026-04-20 08:30:00,0.0015258080505038407,-0.00014847158937078016
2026-04-20 08:35:00,0.0012329158766881676,0.0006314254317242361
2026-04-20 08:40:00,0.001560284004483492,0.000805257036970263
2026-04-20 08:45:00,0.0010772488609553932,-0.00018157596954711974
2026-04-20 08:50:00,0.00024019106792749767,-8.122068690999694e-05
2026-04-20 08:55:00,-0.0016919365857042123,-0.00047948508766208065
2026-04-20 09:00:00,-0.0018817153773955653,2.5953461731140793e-05
2026-04-20 09:05:00,-0.0015629518969255685,4.0550744825089723e-05
2026-04-20 09:10:00,-0.001587730786566155,5.6725653776677716e-05
2026-04-20 09:15:00,-0.0029150770471808585,-0.0011451969195746007
2026-04-20 09:20:00,-0.0027150979787666785,-0.0013636560752501076
2026-04-20 09:25:00,-0.0012429330645780112,-0.0018000524827708325
2026-04-20 09:30:00,-0.0009056024857354572,-0.0011439432933333807
2026-04-20 09:35:00,-0.0014020127017246864,-0.0016293318900452176
2026-04-20 09:40:00,-0.0011011241754061984,-0.0015837975369904383
2026-04-20 09:45:00,0.0004109693405869308,-0.0015229859505186969
2026-04-20 09:50:00,0.0011187387805833282,0.0006656911248661456
2026-04-20 09:55:00,0.0014355137660029271,0.0003640379358369474
2026-04-20 10:00:00,0.0013480184503702475,-0.0005515462763466049
2026-04-20 10:05:00,0.0014253266003461107,0.000244558265942582
2026-04-20 10:10:00,0.0014021735984552919,-0.000298206470509295
2026-04-20 10:15:00,0.001202091282461737,-4.5459252302326614e-05
2026-04-20 10:20:00,0.000989299368766794,-0.00015543268098072515
2026-04-20 10:25:00,0.0001877902930456088,-0.00031286181656098723
2026-04-20 10:30:00,-0.0008291155775399517,-0.0006029570400493831
2026-04-20 10:35:00,-0.00018165437069583845,-6.137540610351242e-05
2026-04-20 10:40:00,-6.886053553145643e-05,-0.0002990397082231112
2026-04-20 10:45:00,0.00016267216173027066,-0.0005935409006674614
2026-04-20 10:50:00,-0.000373469483644584,-0.0011453695728199285
2026-04-20 10:55:00,-0.0008426972650052988,-0.0006332951128931883
2026-04-20 11:00:00,-0.0008219498614412402,-0.0012678436285185127
2026-04-20 11:05:00,0.0005045335152704666,-0.0010997062752602673
2026-04-20 11:10:00,-2.0851078463834938e-06,-0.0006351764701109688
2026-04-20 11:15:00,0.0011568996799287135,-0.0006869191133797532
2026-04-20 11:20:00,0.0009362193480377812,-0.0005860189083921142
2026-04-20 11:25:00,0.0011572615273980347,-0.0003630462193720692
2026-04-20 11:30:00,0.002295613258347373,-0.0002663033150896435
2026-04-20 11:35:00,0.0016107699706591205,0.00016965554770617683
2026-04-20 11:40:00,0.0006550264122218152,0.0005388548561020991
2026-04-20 11:45:00,0.0002377040304111233,0.00022799663951249545
2026-04-20 11:50:00,0.0008448016522386581,-0.0005909271995097293
2026-04-20 11:55:00,0.0008218469908243264,-4.869481478265233e-05
2026-04-20 12:00:00,-0.00013357850574635677,-0.00011984796472045592
2026-04-20 12:05:00,-0.0010531376652558322,0.00017338063428258161
2026-04-20 12:10:00,-0.0012288845717076669,-0.000284856746349305
2026-04-20 12:15:00,-0.0025093540268219527,0.00026953412280660444
2026-04-20 12:20:00,-0.0018065005538652201,-0.00042720801028070456
2026-04-20 12:25:00,-0.0020756828258541304,-0.0006119015694635954
2026-04-20 12:30:00,-0.0014351843692015365,-0.0012791494396024868
2026-04-20 12:35:00,-0.001049209695162645,-0.00017066871756015668
2026-04-20 12:40:00,-2.0854100542422316e-05,-0.00020695049444894396
2026-04-20 12:45:00,0.0010918783265481125,-9.422483415824486e-05
2026-04-20 12:50:00,0.002172345017754651,-4.092027722584616e-06
2026-04-20 12:55:00,0.0030062875656469146,0.00029949194683194703
2026-04-20 13:00:00,0.003949717134878128,0.0005394801299250278
2026-04-20 13:05:00,0.003164411272173595,0.0008835906291877011
2026-04-20 13:10:00,0.004507552145074811,0.00022782341345848706
2026-04-20 13:15:00,0.0057000384455268005,0.0009969029552541434
2026-04-20 13:20:00,0.005006789604772521,0.0008405302862669922
2026-04-20 13:25:00,0.003614537110195215,0.001775405419159861
2026-04-20 13:30:00,0.0033011790419230636,0.00137260932732128
2026-04-20 13:35:00,0.0025886987181387155,0.0009358878025384352
2026-04-20 13:40:00,0.0023163154294980615,0.0014786222134174827
2026-04-20 13:45:00,0.0009949876759662857,0.0011306770682964113
2026-04-20 13:50:00,-0.0006347614290689307,-0.0005969298891530288
2026-04-20 13:55:00,-0.001375025309293676,-0.0008655195568655194
2026-04-20 14:00:00,-0.0013127579680727308,-0.0013258215335290283
2026-04-20 14:05:00,0.000700690010775773,-0.0003135950180793981
2026-04-20 14:10:00,0.0008351216916899773,-0.0002111966491438481
2026-04-20 14:15:00,0.00017234809789989924,-9.14558888615736e-05
2026-04-20 14:20:00,0.0006064420109570534,-4.6045673573293784e-05
2026-04-20 14:25:00,0.0038502801322657376,0.00013670067020958335
2026-04-20 14:30:00,0.003255061769438683,0.00018462915864087646
2026-04-20 14:35:00,0.002851888813626857,0.0004948066976877164
2026-04-20 14:40:00,0.0032633030250455164,0.0016380845019883673
2026-04-20 14:45:00,0.0029603675437961385,0.0015991591650277302
2026-04-20 14:50:00,0.0036884653245650156,0.0018006217657186444
2026-04-20 14:55:00,0.003030450214419389,0.002307969531551936
2026-04-20 15:00:00,0.002960107261788636,0.0010865584840428094
2026-04-20 15:05:00,0.00036989934172382277,0.0017721785404641918
2026-04-20 15:10:00,-9.137237154988043e-05,-0.000610217896652739
2026-04-20 15:15:00,0.00012457049148828503,-0.000384861178328415
2026-04-20 15:20:00,0.0018564984314313193,-0.0005202909879269834
2026-04-20 15:25:00,-0.00023424811127981116,7.879625370879499e-05
2026-04-20 15:30:00,-0.0007281969150394474,-0.0004697070755723705
2026-04-20 15:35:00,-0.0007122100718515156,0.00024383980928740787
2026-04-20 15:40:00,-0.0016105870500204844,0.00018155201653239367
2026-04-20 15:45:00,-0.0015195993839807187,-0.0005079479641917818
2026-04-20 15:50:00,-0.002508754955371728,-0.0004397961941161014
2026-04-20 15:55:00,-0.0025850761657046917,-0.0006309535277345847
2026-04-20 16:00:00,-0.004101588561708169,0.0017373420441503006
2026-04-20 16:05:00,-0.0032506479968219537,0.0013441522101106372
2026-04-20 16:10:00,-0.0034616795404822653,0.0011804754419080772
2026-04-20 16:15:00,-0.004010647723669436,-0.00020090448286339812
2026-04-20 16:20:00,-0.004480135105593419,-0.001714313398064764
2026-04-20 16:25:00,-0.0032623678484728913,-0.00237548742556188
2026-04-20 16:30:00,-0.0029160205267810824,-0.00230435830585709
2026-04-20 16:35:00,-0.0025248494656509024,-0.0024868047872911884
2026-04-20 16:40:00,-0.0028997767481566683,-0.0024609513190244335
2026-04-20 16:45:00,-0.002802360641993573,-0.0005928917652702611
2026-04-20 16:50:00,-0.0027193790092070458,0.00027450812703563735
2026-04-20 16:55:00,-0.0012117150579733504,0.0009115451496405898
2026-04-20 17:00:00,-0.0006421349120895314,0.0002915855918042093
2026-04-20 17:05:00,0.00012714438929961602,0.0003635020828732164
2026-04-20 17:10:00,4.376180657672535e-05,0.0005963923472212684
2026-04-20 17:15:00,-0.00010839407928742162,0.0005336039636188536
2026-04-20 17:20:00,-0.0012039360577045244,0.0004623807813097238
2026-04-20 17:25:00,-0.0012425373917519522,0.00013386302549258617
2026-04-20 17:30:00,-0.000816261982111044,-0.00043314072706250936
2026-04-20 17:35:00,-0.00041865101259652704,-0.0006210274439954297
2026-04-20 17:40:00,0.0003769886979281267,-0.0005495752330678326
2026-04-20 17:45:00,0.0008080185867385126,-0.0005875719955529535
2026-04-20 17:50:00,0.001874789635358809,-0.00025444970982963937
2026-04-20 17:55:00,0.001176342128456298,0.0002457952055406821
2026-04-20 18:00:00,0.002624312624471159,0.00016117092270635902
2026-04-20 18:05:00,0.0024085186146116655,0.0006766850714321475
2026-04-20 18:10:00,0.0020899997823917715,0.0006088010862073221
2026-04-20 18:15:00,0.002525445767375345,0.0004926782547150547
2026-04-20 18:20:00,0.002150652634677286,0.0008971533052877672
2026-04-20 18:25:00,0.0016605319597502444,-0.00020041034978750543
2026-04-20 18:30:00,0.001030628493472463,-0.0001007046653070395
2026-04-20 18:35:00,0.002037451082292918,-2.066097220460895e-05
2026-04-20 18:40:00,0.0015605950906110166,0.0005619928149848478
2026-04-20 18:45:00,0.0010839680947540842,0.0006370000720490069
2026-04-20 18:50:00,0.0009111276770621402,0.0005427972043694135
2026-04-20 18:55:00,0.0003557530611999482,0.0004834457756012263
2026-04-20 19:00:00,0.0008108934618498154,0.0004576429888607787
2026-04-20 19:05:00,0.0010078980569545593,0.0003766312834178354
2026-04-20 19:10:00,0.0013445317309823679,0.00027596312029841695
2026-04-20 19:15:00,0.0009664336547352548,0.0007137667817264982
2026-04-20 19:20:00,0.0010787879960076907,0.0007631607896621741
2026-04-20 19:25:00,0.0008541618043977905,0.0009278532483535318
2026-04-20 19:30:00,0.0019750033446168658,0.0008390636007717056
2026-04-20 19:35:00,0.0004946883460448248,0.0012301253947089579
2026-04-20 19:40:00,0.0010431993498194458,0.000501729328750647
2026-04-20 19:45:00,0.0012364935454183268,0.0005255683543201657
2026-04-20 19:50:00,0.001199009765851855,0.000791455929291361
2026-04-20 19:55:00,0.001340737731201358,0.0006194756191882936
2026-04-20 20:00:00,0.0013105930387382614,0.0009362230700048021
2026-04-20 20:05:00,0.0012060636773032485,-8.197719983025768e-05
2026-04-20 20:10:00,0.0010751550981620284,-8.746267790463597e-05
2026-04-20 20:15:00,0.0010298341340906347,4.199198661094851e-05
2026-04-20 20:20:00,0.0010547976617960586,0.0004617914319100523
2026-04-20 20:25:00,0.0007205860524344132,0.002740594304017045
2026-04-20 20:30:00,-7.269411669064141e-05,0.002355755546473221
2026-04-20 20:35:00,-0.00015794111323153004,0.0018794118503848098
2026-04-20 20:40:00,-0.0006108253395709085,0.0027527891028126324
2026-04-20 20:45:00,-0.0005338945238513304,0.0013994407764958087
2026-04-20 20:50:00,-0.0007915592363492152,0.000927329372518755
2026-04-20 20:55:00,6.854757048202487e-05,0.0001933320819992713
2026-04-20 21:00:00,-0.000533584151300559,0.0004483913953860921
2026-04-20 21:05:00,-0.0012039865860611343,-0.00245129127162541
2026-04-20 21:10:00,-0.001257921855060573,-0.001777830867026275
2026-04-20 21:15:00,-0.001142017216999136,-0.0014699366878942169
2026-04-20 21:20:00,-0.0006269306346773362,-0.002058620711932526
2026-04-20 21:25:00,-0.00027405223773335763,-0.0009587591236523336
2026-04-20 21:30:00,-0.00011008972323445221,7.178045678474208e-05
2026-04-20 21:35:00,0.0008434488831969844,0.0018988967954452266
2026-04-20 21:40:00,0.0010116065568102073,0.003069415450551318
2026-04-20 21:45:00,0.0010467464589609676,0.0026590587237189218
2026-04-20 21:50:00,0.0017754598794930132,0.0026684652584180834
2026-04-20 21:55:00,0.0013118839452861408,0.002615283079434306
2026-04-20 22:00:00,0.0019730481062865124,0.0015886280167918582
2026-04-20 22:05:00,0.002957551164866956,0.0005975208936392066
2026-04-20 22:10:00,0.0030403796309190767,0.0009585633860465262
2026-04-20 22:15:00,0.0038133912880056187,0.0017765951170631141
2026-04-20 22:20:00,0.003192830873926411,0.0021793194018924445
2026-04-20 22:25:00,0.002710228254226621,0.0017829537263551497
2026-04-20 22:30:00,0.002899827378765707,0.001806674978498027
2026-04-20 22:35:00,0.002791183668179542,0.001997465835391988
2026-04-20 22:40:00,0.00295003505003244,0.0014741450331820928
2026-04-20 22:45:00,0.002547898844671437,0.001562591019073926
2026-04-20 22:50:00,0.0016128300157252085,0.0014973079351485211
2026-04-20 22:55:00,0.001436530187699958,0.0006966258350480465
2026-04-21 00:00:00,0.0003978722178121785,0.0009418280861533857
2026-04-21 00:05:00,-0.0007976357258172584,0.00026940398589479406
2026-04-21 00:10:00,-0.0006607968538769882,-0.0001262430443262395
2026-04-21 00:15:00,-0.001435313296886065,0.0001396715477997945
2026-04-21 00:20:00,-0.0010396604436522239,-1.881909709685132e-05
2026-04-21 00:25:00,-0.0008576862885796288,0.0003911712367003367
2026-04-21 00:30:00,-0.0008309219463296103,0.0003737584285745468
2026-04-21 00:35:00,-0.0008431694969726067,0.00042487558573880735
2026-04-21 00:40:00,-0.0012635313441826668,0.0002102525902049944
2026-04-21 00:45:00,-0.0017531866473809998,-0.00011555049138981576
2026-04-21 00:50:00,-0.0014551638072077822,8.897528538272808e-05
2026-04-21 00:55:00,-0.0011834848269316467,0.0006486370649949899
2026-04-21 01:00:00,-0.0003274041439649267,-0.00022189847495000337
2026-04-21 01:05:00,0.0007748549606514388,0.0011147852607490765
2026-04-21 01:10:00,0.00052204501959352,0.001913531929174973
2026-04-21 01:15:00,0.0006671694857907084,0.0018735424871714227
2026-04-21 01:20:00,-7.667114609510861e-05,0.0013018164231039144
2026-04-21 01:25:00,-0.0009123577406722205,0.0018558404157320149
2026-04-21 01:30:00,-0.0012175835481453845,0.0012914473663094511
2026-04-21 01:35:00,-0.0010741540515226689,0.0006535037501918814
2026-04-21 01:40:00,-0.0003565631496602606,-3.336879531651215e-05
2026-04-21 01:45:00,0.0008127334205045855,4.868065325214974e-05
2026-04-21 01:50:00,0.0007299194716967605,-7.907618825898174e-05
2026-04-21 01:55:00,0.00034420481770425226,-7.969489235495976e-06
2026-04-21 02:00:00,-0.0014103058345344976,0.001087852191417508
2026-04-21 02:05:00,-0.0020399454796411476,0.0010303045748712592
2026-04-21 02:10:00,-0.0028185478570694755,-0.000261782046643912
2026-04-21 02:15:00,-0.002158513641415283,-0.0005760733467928211
2026-04-21 02:20:00,-0.0017318463836062392,-0.0008089732133322963
2026-04-21 02:25:00,-0.0004647929783736515,0.0002859693397768797
2026-04-21 02:30:00,1.4528473213815118e-05,0.0013682279910212259
2026-04-21 02:35:00,-0.0012705664241057235,0.0008594840120796064
2026-04-21 02:40:00,-0.0019467533979753426,0.0006564481675714151
2026-04-21 02:45:00,-0.002589777228488188,0.0016582302189141398
2026-04-21 02:50:00,-0.0029810922154673847,0.0008723536142351927
2026-04-21 02:55:00,-0.0027777507298800685,0.0007813791389821466
2026-04-21 03:00:00,-0.0023438436033647037,0.0013957398683278762
2026-04-21 03:05:00,-0.0021314572398587472,0.000456556457316456
2026-04-21 03:10:00,-0.0014923359485639054,3.832320074428359e-06
2026-04-21 03:15:00,-0.0021444609664396097,-0.000560046560621537
2026-04-21 03:20:00,-0.0023588862451937587,-0.0003231033988857386
2026-04-21 03:25:00,-0.0021608018330496748,-0.0009639324069649494
2026-04-21 03:30:00,-0.0029265555731896598,-0.0003041516638800087
2026-04-21 03:35:00,-0.0015155786266891624,0.00046787006839559025
2026-04-21 03:40:00,-0.001461515932986046,-0.001471148470978559
2026-04-21 03:45:00,-0.0017968597232478345,-0.0012403871498705644
2026-04-21 03:50:00,-0.0006405577230488291,-4.6299389121156106e-05
2026-04-21 03:55:00,-0.0005094683236510633,1.9777672903168476e-05
2026-04-21 04:00:00,0.0001206508490714242,-8.3390091966886e-05
2026-04-21 04:05:00,-0.0010216343916376047,0.00013048355155516163
2026-04-21 04:10:00,-0.00138208391932082,-6.434251086348234e-05
2026-04-21 04:15:00,-0.0019823097894100528,-3.199509825506115e-05
2026-04-21 04:20:00,-0.0023894923752934005,0.00044916552841019913
2026-04-21 04:25:00,-0.0018966231854022908,-0.00038967934149973103
2026-04-21 04:30:00,-0.0010955025098766669,-0.0008769271538786247
2026-04-21 04:35:00,-0.0023892534589275982,-0.000913388325407463
2026-04-21 04:40:00,-0.0023996012180802495,-0.000998416107180433
2026-04-21 04:45:00,-0.0017875824068500634,-0.0013452076309589673
2026-04-21 04:50:00,-0.0023515332765828845,-0.0014918260185058415
2026-04-21 04:55:00,-0.0021676196226785294,0.0004481781774444569
2026-04-21 05:00:00,-0.0020342879149986004,-0.0008897837336925831
2026-04-21 05:05:00,-0.0019045640264305774,-0.0016897515662864146
2026-04-21 05:10:00,-0.0015404421133347057,-0.0013825207667347622
2026-04-21 05:15:00,-0.0009008333316948836,-0.0014116738522419337
2026-04-21 05:20:00,-0.000423495891846315,-0.0012269258191798086
2026-04-21 05:25:00,-0.0013262324852281182,-0.0012160658737045194
2026-04-21 05:30:00,-0.001395065365789705,-0.0015118751131404729
2026-04-21 05:35:00,-0.00042553991017513226,-0.0019668684384348653
2026-04-21 05:40:00,-0.000615408384595284,-0.0004066134428322586
2026-04-21 05:45:00,-0.0011642707931471818,-0.001329563787895206
2026-04-21 05:50:00,-0.0011976774004427426,-0.0013476640868834773
2026-04-21 05:55:00,-0.001704493117463457,-0.0014340094427943368
2026-04-21 06:00:00,-0.0013661474998407641,-0.001598555795285822
2026-04-21 06:05:00,-0.0008596999509116188,-0.0016784940932282036
2026-04-21 06:10:00,-0.0008222620599092068,-0.001606209013768889
2026-04-21 06:15:00,-0.0008536207916858274,-0.0012605657549897861
2026-04-21 06:20:00,-0.0006220086906054689,-0.0010833834838638475
2026-04-21 06:25:00,-0.001043871940730412,-0.0013027707534483263
2026-04-21 06:30:00,7.303374892764225e-05,-0.0005290155011163518
2026-04-21 06:35:00,0.000642412154505223,-0.000426446369119546
2026-04-21 06:40:00,0.0008989945841886282,-0.00040517408745396123
2026-04-21 06:45:00,0.00016909117707974985,4.629715392532608e-06
2026-04-21 06:50:00,-0.0002985994039761408,1.1679291026531675e-05
2026-04-21 06:55:00,-0.0010612984351752175,-0.0001388669694169352
2026-04-21 07:00:00,-0.001781922837762906,-0.0001508396427846144
2026-04-21 07:05:00,-0.0005617080247457551,-0.00014300237194698895
2026-04-21 07:10:00,-0.0009984752150735687,-0.0003992113067193674
2026-04-21 07:15:00,-0.0018098304201501492,-0.0005062997198100579
2026-04-21 07:20:00,-0.0017846810597568208,-0.00047595946601027494
2026-04-21 07:25:00,-0.0016013282318390054,-0.0006289540616809446
2026-04-21 07:30:00,-0.002814610659884309,-0.0005955250999376937
2026-04-21 07:35:00,-0.0036827760801703135,-0.0015547395492662062
2026-04-21 07:40:00,-0.003404169736514362,-0.0021788870209835712
2026-04-21 07:45:00,-0.0026816868257473203,-0.002281412089562497
2026-04-21 07:50:00,-0.002473657243346139,-0.0018813819916003686
2026-04-21 07:55:00,-0.0014056550637011611,-0.0015543295156142777
2026-04-21 08:00:00,-0.0016091724187905498,-0.001110469784004869
2026-04-21 08:05:00,-0.0013753234072861886,-0.0010623520900258905
2026-04-21 08:10:00,-0.00032398751572770834,-0.0015021975016798724
2026-04-21 08:15:00,0.0007799244098709579,-0.0011568440599916713
2026-04-21 08:20:00,0.0006273001209375906,-0.0010907931115384613
2026-04-21 08:25:00,0.0007926225869034909,-0.001672826556943447
2026-04-21 08:30:00,0.0005773587671029645,-0.0014405961738462147
2026-04-21 08:35:00,0.0008116679803311655,-0.0012565312899854228
2026-04-21 08:40:00,0.0013735045439293714,-0.0009931025146224194
2026-04-21 08:45:00,0.0026441134794392696,-0.0010838631083677024
2026-04-21 08:50:00,0.0026093952983448077,-0.0011585741696238157
2026-04-21 08:55:00,0.001769297511051704,-0.0009842551092471992
2026-04-21 09:00:00,0.0023177259855060584,-0.0011753967098928277
2026-04-21 09:05:00,-8.575907770236313e-05,-0.0008651597373105399
2026-04-21 09:10:00,-0.0015335709572656953,-0.002166716444338748
2026-04-21 09:15:00,-0.00023203190020204545,-0.0020388978090944824
2026-04-21 09:20:00,0.0007000204023128731,-0.0020478160449590253
2026-04-21 09:25:00,0.0007982614207477923,-0.0011458054060989253
2026-04-21 09:30:00,0.0013604946691270214,-0.0006887375622605916
2026-04-21 09:35:00,0.001322777775035533,-0.00021935304391075645
2026-04-21 09:40:00,0.0011024553713951946,8.963726626054053e-05
2026-04-21 09:45:00,-0.00015865858376251651,-0.00025150291412717995
2026-04-21 09:50:00,-7.099914595265489e-05,-0.0002553703839038516
2026-04-21 09:55:00,0.00011491695173404537,-4.130188252992205e-05
2026-04-21 10:00:00,-0.00010029566334068818,0.00035057371727139415
2026-04-21 10:05:00,0.0011435465610691864,0.0002879020155571403
2026-04-21 10:10:00,0.0017279760625790175,0.0002920607778896029
2026-04-21 10:15:00,0.000800387070608366,0.0006281084567186876
2026-04-21 10:20:00,-0.00035308337208306284,0.0005405227758240431
2026-04-21 10:25:00,-0.0010972510262909907,1.5487475816378746e-05
2026-04-21 10:30:00,-0.000727038769818833,0.00015136853916464474
2026-04-21 10:35:00,-0.0010906949350566464,-8.158337568045027e-05
2026-04-21 10:40:00,-0.0008956523880989664,0.00031271607585617723
2026-04-21 10:45:00,-0.0009294933051187115,-0.0004558195267648528
2026-04-21 10:50:00,-0.00012739345695145232,-3.077669318759361e-05
2026-04-21 10:55:00,-0.0006687928955955158,6.994566600054129e-05
2026-04-21 11:00:00,-0.00044936447035759386,0.0003529694520347073
2026-04-21 11:05:00,-0.00013581917265170773,0.00010309665041060855
2026-04-21 11:10:00,-0.00034075646173015173,0.00014138064718386683
2026-04-21 11:15:00,-0.0008672891489869272,0.00010989085248178363
2026-04-21 11:20:00,-0.0006124460512566543,-0.0006452666017187909
2026-04-21 11:25:00,0.00021536515454023686,-0.0006470529010896895
2026-04-21 11:30:00,-5.016009431102475e-05,-0.00030659811598135467
2026-04-21 11:35:00,0.0008149993763950647,-0.0003334328971892344
2026-04-21 11:40:00,-0.00027574681603681483,5.7334236421964834e-05
2026-04-21 11:45:00,0.00033221029844021643,-0.00011641949125077308
2026-04-21 11:50:00,0.0004405870528234601,5.398491372649951e-05
2026-04-21 11:55:00,0.0014185629351164408,-0.00019028834859734586
2026-04-21 12:00:00,0.0008191548953284666,-5.106279386818039e-05
2026-04-21 12:05:00,-0.001011910946200345,-9.337578238920703e-05
2026-04-21 12:10:00,-0.0001233699227771723,1.142392248151006e-06
2026-04-21 12:15:00,-0.00018609494450494424,-0.00027557290628307975
2026-04-21 12:20:00,-0.0001526473337243317,3.1879575076632695e-06
2026-04-21 12:25:00,0.00010243898878670166,0.0001327419115556922
2026-04-21 12:30:00,0.0006414415311972732,1.4017519180032587e-06
2026-04-21 12:35:00,0.0006160329553175359,0.0003079264118259549
2026-04-21 12:40:00,0.0014092698870697973,9.601347443110344e-05
2026-04-21 12:45:00,0.0019429943033237862,0.00042523127264923314
2026-04-21 12:50:00,0.0007366621193209966,0.0003752834850947687
2026-04-21 12:55:00,0.0010787656379527277,0.0006407531344983677
2026-04-21 13:00:00,0.0012066127172918328,0.000360716966129624
2026-04-21 13:05:00,0.0031369331422013147,0.0006496949434186261
2026-04-21 13:10:00,0.0019971386564332505,0.00029192873000229803
2026-04-21 13:15:00,0.00025717825417359563,0.0005435734527780805
2026-04-21 13:20:00,0.00019446445491411168,0.0005142351157523751
2026-04-21 13:25:00,-0.0010290476779832858,-0.0018744660310369933
2026-04-21 13:30:00,-8.772992556949077e-05,-0.00144376792936843
2026-04-21 13:35:00,-0.0020040191561445653,-0.00030159214598546
2026-04-21 13:40:00,-0.0028958517236734593,-0.00026669040958930283
2026-04-21 13:45:00,-0.0038437241157431856,-0.0010276115049995434
2026-04-21 13:50:00,-0.0027930032267775573,-0.0015456277015471445
2026-04-21 13:55:00,-0.0032272411100908727,-0.0008023463187226658
2026-04-21 14:00:00,-0.002883255310019095,-0.0008517922081531566
2026-04-21 14:05:00,-0.005794935467418938,-0.0004508457757895544
2026-04-21 14:10:00,-0.005524841245446055,-0.0016411263680907837
2026-04-21 14:15:00,-0.003084221732230219,0.0002786252024131817
2026-04-21 14:20:00,-0.002679827331339979,-0.00030476722207898905
2026-04-21 14:25:00,-0.0007431621576383662,-0.0006619762144785815
2026-04-21 14:30:00,-0.0024051242807825446,-0.00033421696446904106
2026-04-21 14:35:00,0.000890706602444169,-0.0006722169760913895
2026-04-21 14:40:00,0.002100641311058027,-0.0007024810312285988
2026-04-21 14:45:00,0.002255801175049754,0.00015524798852943665
2026-04-21 14:50:00,0.0018851407629689731,0.0005228180651360233
2026-04-21 14:55:00,-0.00014227995278481842,0.0011243755577861336
2026-04-21 15:00:00,0.00022594615046322986,0.0009599924566793379
2026-04-21 15:05:00,0.0026098901527245033,0.0009051783276276663
2026-04-21 15:10:00,0.0028876075151327285,0.001302844769793862
2026-04-21 15:15:00,0.0019358169785110846,0.0016449124585885002
2026-04-21 15:20:00,0.0005889213792524828,0.001570109749815849
2026-04-21 15:25:00,-0.0002220090572055966,0.0013500096084010289
2026-04-21 15:30:00,-0.001536029404833883,-0.00027673864019404063
2026-04-21 15:35:00,-0.004908733368480966,-0.00019416145687807662
2026-04-21 15:40:00,-0.009214895776066712,-0.001488663777481399
2026-04-21 15:45:00,-0.012778061392131335,-0.0028875013598087707
2026-04-21 15:50:00,-0.010615095639389338,-0.004431425236575378
2026-04-21 15:55:00,-0.008274408036882619,-0.004647280644165295
2026-04-21 16:00:00,-0.009555089711925646,-0.0025423610225712725
2026-04-21 16:05:00,-0.00840063044821271,-0.00571096292105163
2026-04-21 16:10:00,-0.006410951185449321,-0.006999641192870379
2026-04-21 16:15:00,-0.004646804641904367,-0.007577488222085572
2026-04-21 16:20:00,-0.004855846627236815,-0.007680955530503425
2026-04-21 16:25:00,-0.006596841521194108,-0.007629710641858244
2026-04-21 16:30:00,-0.0050542959693871126,-0.007567494155823389
2026-04-21 16:35:00,-0.003937240793209895,-0.007400095906272993
2026-04-21 16:40:00,0.00018332056813363806,-0.0069497056283503045
2026-04-21 16:45:00,0.003920120787055836,-0.006410490160041522
2026-04-21 16:50:00,0.0004620423832015774,-0.003865746675264461
2026-04-21 16:55:00,0.0006875867663680424,-0.0029977708719806074
2026-04-21 17:00:00,0.0010659620365967015,-0.001730860500282927
2026-04-21 17:05:00,-0.0011229007476174502,-0.0011014410568519555
2026-04-21 17:10:00,-0.00384229161568328,-0.0005734026306852322
2026-04-21 17:15:00,-0.004888232994080255,-0.0028312410091812295
2026-04-21 17:20:00,-0.004016713556232787,-0.005553492127347861
2026-04-21 17:25:00,-0.004647421061989121,-0.003681056443357074
2026-04-21 17:30:00,-0.004158844476512158,-0.003090345160508367
2026-04-21 17:35:00,-0.003973972679697013,-0.004133714925334748
2026-04-21 17:40:00,-0.005213494195301038,-0.0037706631202934775
2026-04-21 17:45:00,-0.00535097844496768,-0.006306941571586095
2026-04-21 17:50:00,-0.006670698321727286,-0.006253091151265442
2026-04-21 17:55:00,-0.006723162393376114,-0.006571459070796827
2026-04-21 18:00:00,-0.005810058025666365,-0.007154858752906042
2026-04-21 18:05:00,-0.005176975870936573,-0.006649974082844568
2026-04-21 18:10:00,-0.004778579061049726,-0.004020800720925897
2026-04-21 18:15:00,-0.0065571642164439226,-0.002952004717019551
2026-04-21 18:20:00,-0.005802439220676803,-0.003887350590075722
2026-04-21 18:25:00,-0.004430784057069204,-0.004913620762164627
2026-04-21 18:30:00,-0.004152833411756873,-0.0022684647068236226
2026-04-21 18:35:00,-0.0032844581921249727,-0.00442362434923841
2026-04-21 18:40:00,-0.0007330803898781824,-0.0037746583487274195
2026-04-21 18:45:00,-0.0019463715232141965,-0.0023094130275666514
2026-04-21 18:50:00,-0.0005054999778426605,-0.0015918595215723933
2026-04-21 18:55:00,0.0001867766390315495,-0.0014776541666399756
2026-04-21 19:00:00,-0.00041387259045855274,-0.0011411315125680955
2026-04-21 19:05:00,-0.0004713866285683821,-0.0009193755096146511
2026-04-21 19:10:00,-0.0006608367368219348,-0.0009622711888907306
2026-04-21 19:15:00,-0.001115152352996418,-0.0015677071104243053
2026-04-21 19:20:00,-0.0018493439463167505,-0.0002604708999678935
2026-04-21 19:25:00,-0.000581044555644894,-0.0007036889780895156
2026-04-21 19:30:00,-0.0005931532433258724,-0.0010490753096865865
2026-04-21 19:35:00,-0.0014644107302164144,-0.0020647321537751065
2026-04-21 19:40:00,-0.0031758189134425407,-0.0022432655281981262
2026-04-21 19:45:00,-0.0021160431954019288,-0.005298569820371527
2026-04-21 19:50:00,0.00044391911205998724,-0.003698131011104722
2026-04-21 19:55:00,-0.0003353738813398621,-0.0030964930101157143
2026-04-21 20:00:00,-0.0001337493009341273,-0.006600711918587476
2026-04-21 20:05:00,0.0002760641760559679,-0.0025637811781460155
2026-04-21 20:10:00,0.000960300571367867,-0.0014581818814703327
2026-04-21 20:15:00,0.002267304581533125,-0.0008928793028637085
2026-04-21 20:20:00,0.0042341781329913175,0.00010748751202810992
2026-04-21 20:25:00,0.0036275927790967444,0.0008784821444348776
2026-04-21 20:30:00,0.0016934877030436724,-0.0002888348033779961
2026-04-21 20:35:00,-6.593829666812212e-05,-0.0003481134221515735
2026-04-21 20:40:00,-0.006745899014841683,-0.0006309782448457473
2026-04-21 20:45:00,-0.003944458852139121,-0.0014429124557729107
2026-04-21 20:50:00,-0.006004258706319376,-0.0018949328890709664
2026-04-21 20:55:00,-0.006744030298269976,-0.004062199865136763
2026-04-21 21:00:00,-0.007268404563093966,-0.003219182682616376
2026-04-21 21:05:00,-0.006095359195041894,-0.004546356667835437
2026-04-21 21:10:00,-0.0023066982044834816,-0.004771765253893711
2026-04-21 21:15:00,-0.0007566145686208614,-0.004631999539233058
2026-04-21 21:20:00,-0.001025015342948521,-0.004214143028330965
2026-04-21 21:25:00,-0.0018174642890151915,-0.003220540467412442
2026-04-21 21:30:00,4.670555966868051e-05,-0.0037079958847819282
2026-04-21 21:35:00,0.002129098041550037,-0.002775711429934381
2026-04-21 21:40:00,0.008536721689019089,-0.0011189868444615523
2026-04-21 21:45:00,0.006495477934455707,-0.002521430526440797
2026-04-21 21:50:00,0.007748289768635175,-6.213767970462389e-05
2026-04-21 21:55:00,0.008794843229882332,0.002187674725995876
2026-04-21 22:00:00,0.010655450560953739,-0.004598138352008171
2026-04-21 22:05:00,0.008472725087553812,-0.00022487401595710894
2026-04-21 22:10:00,0.004966076832879196,-0.0014574314701432506
2026-04-21 22:15:00,0.00366085830906826,-0.001896154296422421
2026-04-21 22:20:00,0.0018391853374186695,0.0008639499976119408
2026-04-21 22:25:00,0.0028881361477157697,0.002888489118451344
2026-04-21 22:30:00,0.0015527788734690517,0.003643316642883374
2026-04-21 22:35:00,0.001594913582867008,0.0034414885585627754
2026-04-21 22:40:00,0.0012027020880704953,0.0022086492405493287
2026-04-21 22:45:00,0.0005471643029117956,-0.002271631960690466
2026-04-21 22:50:00,0.000320045105775435,-0.0026715830268987783
2026-04-21 22:55:00,-0.00011865010099221251,-0.0023019355407108842
2026-04-22 00:00:00,-0.0008319212673697507,-0.004801673451981051
2026-04-22 00:05:00,0.0009104267777697572,-0.004286811327060828
2026-04-22 00:10:00,0.0012847391916093187,-0.001409221519404277
2026-04-22 00:15:00,0.002310574227855966,-0.0009528801979579519
2026-04-22 00:20:00,0.0030134400118306814,-0.0004903716473917741
2026-04-22 00:25:00,0.002319739773321672,0.0006973710238905389
2026-04-22 00:30:00,0.003125812700293551,0.001455615574858667
2026-04-22 00:35:00,0.0025250213692338264,0.0024687506234657634
2026-04-22 00:40:00,0.003039541752556829,0.002625322008887674
2026-04-22 00:45:00,0.00458819742766714,0.0031444387216838228
2026-04-22 00:50:00,0.004288457781711941,0.003885993107249497
2026-04-22 00:55:00,0.004161280775809573,0.0037264213558310176
2026-04-22 01:00:00,0.004500619299729891,0.004537186461415602
2026-04-22 01:05:00,0.004192072468777397,0.00446099141550346
2026-04-22 01:10:00,0.00329424881854834,0.004656406077022994
2026-04-22 01:15:00,0.002450730693302816,0.003934611579456849
2026-04-22 01:20:00,0.0019104339750057875,0.0028862955736979005
2026-04-22 01:25:00,0.002582204922145337,0.0030960943011959117
2026-04-22 01:30:00,0.002633579643193329,0.002809319540939674
2026-04-22 01:35:00,0.003009831708155275,0.002885803244766553
2026-04-22 01:40:00,0.0021934763981441563,0.0033807150911475277
2026-04-22 01:45:00,0.0011495648212491716,-0.004014889910688307
2026-04-22 01:50:00,0.0001687934647183198,-0.0030063460816745617
2026-04-22 01:55:00,-1.6880771113392257e-05,-0.002971096165035345
2026-04-22 02:00:00,-0.0006875157123520381,-0.0019728772436280358
2026-04-22 02:05:00,-0.0012526124085958656,-0.0016777920735828497
2026-04-22 02:10:00,-0.0010335634810854089,-0.004710214725282254
2026-04-22 02:15:00,-0.0005377597060771677,-0.0016974644523391241
2026-04-22 02:20:00,0.0009338338349103026,-0.0010544275372391802
2026-04-22 02:25:00,0.0009315874121167411,-0.001059511097055822
2026-04-22 02:30:00,0.0006720550706056372,-0.00044283414356793393
2026-04-22 02:35:00,0.0013521057628924638,-0.00017329742461859025
2026-04-22 02:40:00,0.0016309023725185057,2.768036761894604e-05
2026-04-22 02:45:00,0.0019838434932211158,0.00017360578075976778
2026-04-22 02:50:00,0.0029913525935629792,0.0007585865941876029
2026-04-22 02:55:00,0.0029477010223928346,0.0009677313355070326
2026-04-22 03:00:00,0.0026525521860314427,0.0010788751805695437
2026-04-22 03:05:00,0.003067590472275228,0.001470412060938343
2026-04-22 03:10:00,0.0036779926698695675,0.0017271571940514487
2026-04-22 03:15:00,0.0036069385740447046,0.002074541466521539
2026-04-22 03:20:00,0.0019996428356066076,0.0022765644799898725
2026-04-22 03:25:00,0.001911040414579901,-0.0002949459164414643
2026-04-22 03:30:00,0.0017843357769589119,0.0001471177635023539
2026-04-22 03:35:00,0.00045029596146939355,0.0004523745115515025
2026-04-22 03:40:00,0.00037889871438423484,0.0005788466964511793
2026-04-22 03:45:00,-0.000284067298505164,0.0007177891662161692
2026-04-22 03:50:00,0.0002755125128501845,0.0003026755625273575
2026-04-22 03:55:00,0.0005615844822166594,0.0008386732477349196
2026-04-22 04:00:00,0.0013646166946053029,0.0008264053214854533
2026-04-22 04:05:00,0.0012382730933389041,0.001213653795460738
2026-04-22 04:10:00,0.0003784064508796092,0.001394974172107738
2026-04-22 04:15:00,0.0001387114132302969,0.0007093933429182316
2026-04-22 04:20:00,0.0008953850438349065,0.00048798154928993094
2026-04-22 04:25:00,0.0015295663048657815,0.0014272492649818438
2026-04-22 04:30:00,0.0009497854241136139,0.0012404767626386353
2026-04-22 04:35:00,0.001015577531376266,0.001128572796035677
2026-04-22 04:40:00,0.001667551997980965,0.002591364841538228
2026-04-22 04:45:00,0.0015267018011613231,0.0033401769090771177
2026-04-22 04:50:00,0.000609643314486874,0.0034805730309466925
2026-04-22 04:55:00,0.000542355222322044,0.0022843496731937956
2026-04-22 05:00:00,-1.2607346301152234e-05,0.001697992844143426
2026-04-22 05:05:00,-0.00024164765997802817,0.0010758784751347123
2026-04-22 05:10:00,-4.203809072045317e-05,0.0006864092916423304
2026-04-22 05:15:00,-0.00040147516385502513,0.0007537613308697295
2026-04-22 05:20:00,-0.0007734310035356629,0.0008463077566336189
2026-04-22 05:25:00,-0.0015043346997565266,0.0004967822956966577
2026-04-22 05:30:00,-0.0012883119538429355,0.00010777809532241051
2026-04-22 05:35:00,-0.000939846729099969,0.00020606376326199265
2026-04-22 05:40:00,-0.0006284225854660264,0.002124091572478704
2026-04-22 05:45:00,-0.0002416776221441097,0.0004498009913441428
2026-04-22 05:50:00,-0.0007379259570754471,0.000597741811930497
2026-04-22 05:55:00,-0.0007547527176718916,0.0015084698751558052
2026-04-22 06:00:00,-0.001238395458674546,0.001786480035664556
2026-04-22 06:05:00,-0.0005717817463111174,0.0010328507852336332
2026-04-22 06:10:00,-0.00015345402978361733,6.960183039079442e-05
2026-04-22 06:15:00,0.002712600551406652,0.0002414461389610218
2026-04-22 06:20:00,0.002656166752030842,0.0013296243406443833
2026-04-22 06:25:00,0.002138166654773954,0.001433601542633381
2026-04-22 06:30:00,0.002230901204848479,0.0017643309048603576
2026-04-22 06:35:00,0.002592422087900559,0.0021097936089721314
2026-04-22 06:40:00,0.002307881522785493,0.0022494173321307093
2026-04-22 06:45:00,0.002386894005404372,0.0011309826044767532
2026-04-22 06:50:00,0.002789062306227663,0.0007910101910979248
2026-04-22 06:55:00,0.0027576548650660726,0.0020286509015710504
2026-04-22 07:00:00,0.0012194841411972135,0.0021796231195621257
2026-04-22 07:05:00,0.0010592197231780176,0.0021895300551460013
2026-04-22 07:10:00,0.0012668667755288965,0.0013829635452116038
2026-04-22 07:15:00,-0.0011874318254854188,0.0012804581523842128
2026-04-22 07:20:00,-0.0011182996298852999,0.00021944618134793505
2026-04-22 07:25:00,0.00018042172578169868,-0.0001973570609031003
2026-04-22 07:30:00,2.7277772709055625e-05,-0.0001558309826345738
2026-04-22 07:35:00,-0.00029167947779917824,-0.0002744083211803887
2026-04-22 07:40:00,-0.0007910936284680758,-0.00035080754643839894
2026-04-22 07:45:00,-0.0006586081792221421,-0.0005810113492495568
2026-04-22 07:50:00,-0.0002957590068106697,0.0006379219971943069
2026-04-22 07:55:00,-4.824083503685017e-05,0.0006030135661289337
2026-04-22 08:00:00,0.002107460220855728,6.967007847912866e-05
2026-04-22 08:05:00,0.0018781949253092733,0.0024798106235031873
2026-04-22 08:10:00,0.0005772260356966541,0.0015520366311948001
2026-04-22 08:15:00,3.1487236650917794e-05,0.0009612552030328807
2026-04-22 08:20:00,0.0005309810786968683,0.0023667568231341227
2026-04-22 08:25:00,-0.0001720292957543279,0.0020364815380998534
2026-04-22 08:30:00,-0.00027700889333637235,0.0006583994935329408
2026-04-22 08:35:00,-5.2469365773077925e-05,0.00045359854708523355
2026-04-22 08:40:00,3.988441915758756e-05,0.0014127532777217027
2026-04-22 08:45:00,-0.0010013278400720083,0.0014051632058718266
2026-04-22 08:50:00,-0.001318344702916363,0.0005461562811793432
2026-04-22 08:55:00,-0.0012886816095765141,-0.00010892305101840291
2026-04-22 09:00:00,-0.0019813915258577453,-0.00014583462194165637
2026-04-22 09:05:00,-0.0020357458697333186,0.00044610453581146595
2026-04-22 09:10:00,-0.0015792417043432039,-0.00036298229731538
2026-04-22 09:15:00,-0.001043805258142072,-0.00011206252877286334
2026-04-22 09:20:00,-0.0023926898913515515,0.0011556518625947237
2026-04-22 09:25:00,-0.00252510002431805,-0.0005740242903328539
2026-04-22 09:30:00,-0.002431314495622061,-0.0004529863044404897
2026-04-22 09:35:00,-0.0024039483380988713,-0.00017749978818365112
2026-04-22 09:40:00,-0.001615541478873439,-0.0009293644332540508
2026-04-22 09:45:00,-0.0012041801000108876,-0.0013605578226019827
2026-04-22 09:50:00,-0.0006367024492774931,-0.0004450590495157976
2026-04-22 09:55:00,-0.0009076908507292814,-0.0008084282349258104
2026-04-22 10:00:00,7.773444028380538e-05,-0.0010274835902325846
2026-04-22 10:05:00,0.00021216281159652794,-0.0008901422224141476
2026-04-22 10:10:00,0.0005673019900562792,-0.0005882902438851359
2026-04-22 10:15:00,0.00030044194605594043,-0.00010910341509534002
2026-04-22 10:20:00,0.0013262448098139146,0.002044934204506166
2026-04-22 10:25:00,0.000498382370524908,0.0022654190253461257
2026-04-22 10:30:00,0.0006625253816032739,0.0016851293376431364
2026-04-22 10:35:00,0.0011921897224773659,0.0017653894641959465
2026-04-22 10:40:00,0.0004897700175785502,0.0014014651060103164
2026-04-22 10:45:00,0.00051085032460918,0.0012754126486387732
2026-04-22 10:50:00,-0.0005508750010534413,0.0011907585771924589
2026-04-22 10:55:00,-0.00034690503244583226,0.0007407278956848066
2026-04-22 11:00:00,-0.002233594427208274,0.000435725667774021
2026-04-22 11:05:00,-0.002591045522571278,1.9972722572649373e-05
2026-04-22 11:10:00,-0.002546973666188279,-0.0005042741013372608
2026-04-22 11:15:00,-0.0013495448911484687,-0.0004299675812444142
2026-04-22 11:20:00,-0.002197352497189442,-0.0007131721200471573
2026-04-22 11:25:00,-0.0003763924198221247,0.0007276543683955781
2026-04-22 11:30:00,0.0004792684941179459,-0.0006769434002061236
2026-04-22 11:35:00,-0.000313153829392121,6.109045618442301e-05
2026-04-22 11:40:00,-0.000401467569020042,3.323536358009192e-05
2026-04-22 11:45:00,-0.00018496915481946985,-0.0003881103368176477
2026-04-22 11:50:00,0.000576098650748591,-0.00022850282495472763
2026-04-22 11:55:00,0.0008092579546605805,0.0007930201004754002
2026-04-22 12:00:00,0.0018154380285224647,0.00040640924575582405
2026-04-22 12:05:00,0.0017000795220649678,0.0008303651219856547
2026-04-22 12:10:00,0.0018346428540265691,0.0009588764140541037
2026-04-22 12:15:00,0.0012928250023040988,0.0011054114329607278
2026-04-22 12:20:00,0.0014388128491855667,0.0006903257520672447
2026-04-22 12:25:00,0.0006013191356526448,0.0009018305250164372
2026-04-22 12:30:00,-0.00021438119580707848,0.0004915307677548732
2026-04-22 12:35:00,-0.00046255414810758566,-0.0004548739444675987
2026-04-22 12:40:00,-0.0016306472652534154,-0.0003789211799431446
2026-04-22 12:45:00,-0.0010810720912211025,-0.00040522980902463093
2026-04-22 12:50:00,-0.0013735124634344231,-0.0005944587792142569
2026-04-22 12:55:00,-0.0017244030374587993,-0.0008427083133432439
2026-04-22 13:00:00,-0.000250136893447106,-0.0011864411654633955
2026-04-22 13:05:00,-0.000868615181344623,-0.00014888313821706476
2026-04-22 13:10:00,-0.0010536666362099822,-0.0003352481074535884
2026-04-22 13:15:00,-0.002627342900613172,-0.0005969883692622825
2026-04-22 13:20:00,-0.0010915412951284509,-0.0011847849449781967
2026-04-22 13:25:00,-0.0011167228817399177,-0.00036800884811963845
2026-04-22 13:30:00,-0.0009189969070728665,-0.0007527411740271878
2026-04-22 13:35:00,-0.0009615355009824356,0.00027322523234671797
2026-04-22 13:40:00,-0.00041492421909872235,0.00021152575678129947
2026-04-22 13:45:00,-0.0016301260954847407,0.0004475434948315721
2026-04-22 13:50:00,-0.000975013001953684,-0.00025762572916451765
2026-04-22 13:55:00,-0.0013648055059469755,-0.00026949844345761266
2026-04-22 14:00:00,-0.0032131958067385114,-0.00046845624861204774
2026-04-22 14:05:00,-0.0018259190738572073,-0.000899663922454627
2026-04-22 14:10:00,-0.0020558455583543633,-0.00042570471780746766
2026-04-22 14:15:00,-0.0008070472729251321,-0.0010765842640979067
2026-04-22 14:20:00,-0.0009537073725702783,-0.00014460750951747492
2026-04-22 14:25:00,-0.00039988382855504767,-0.0005391478037076343
2026-04-22 14:30:00,-0.0017878374987603252,-0.0008909451080740722
2026-04-22 14:35:00,-0.00034738999929295744,-0.0008338266598249872
2026-04-22 14:40:00,0.0018269035496611963,-0.0005176525468868569
2026-04-22 14:45:00,0.0026565416609134473,8.52600254746933e-07
2026-04-22 14:50:00,0.001841828540246837,0.0003831452856206382
2026-04-22 14:55:00,0.0018382609715761333,-0.00038742348337203215
2026-04-22 15:00:00,0.0007568514919089608,0.0004508536634263787
2026-04-22 15:05:00,0.0005542355432126556,-0.00025110651162041066
2026-04-22 15:10:00,0.0006365842202971095,-0.0005925336670993519
2026-04-22 15:15:00,0.0006743401205522304,-0.0003245883376600294
2026-04-22 15:20:00,-0.000469819381001102,-0.0006849427496322073
2026-04-22 15:25:00,-0.0013481548122467046,-0.0012345448906584844
2026-04-22 15:30:00,-0.0017361426773998545,-0.0011629532784419214
2026-04-22 15:35:00,-0.0024076736690243905,-0.0004277548827225331
2026-04-22 15:40:00,-0.004698174165207902,-0.0006704859689122862
2026-04-22 15:45:00,-0.004050784571479227,-0.00116404672001446
2026-04-22 15:50:00,-0.0037060528544827775,-0.0014200358440606955
2026-04-22 15:55:00,-0.003570115173543442,-0.001980944745772207
2026-04-22 16:00:00,-0.0019343773467763725,-0.002158736422792184
2026-04-22 16:05:00,-0.0021491120252221663,-0.0013280602472594016
2026-04-22 16:10:00,-0.0016513190576024073,-0.0007248134217638532
2026-04-22 16:15:00,-0.0028099387307793933,-0.000711873022077382
2026-04-22 16:20:00,-0.002360862694999355,-0.0017330572492569964
2026-04-22 16:25:00,-0.0018799159469065074,-0.0015370480885889578
2026-04-22 16:30:00,-0.0006483981941070027,-0.001501899758320802
2026-04-22 16:35:00,-0.001969236606624847,-0.0013262421360103077
2026-04-22 16:40:00,-0.0013022762073706673,-0.0015112041985016567
2026-04-22 16:45:00,-0.0019522507785083576,-0.0017652098652849915
2026-04-22 16:50:00,-0.002106703029445711,-0.001747644881321775
2026-04-22 16:55:00,-0.0016862163239252936,-0.002069033486054076
2026-04-22 17:00:00,-0.0011197239466156361,-0.0018703238678096936
2026-04-22 17:05:00,-0.0005617657331260517,-0.0017926306584433447
2026-04-22 17:10:00,-0.0015758280581295026,-0.0014697478658845867
2026-04-22 17:15:00,-0.001750706649900735,-0.0017635041624734027
2026-04-22 17:20:00,-0.0019367312518152602,-0.0016406125896554979
2026-04-22 17:25:00,-0.0016697776312266654,-0.0014883525733843492
2026-04-22 17:30:00,-0.0009490664879212574,-0.0016264460023219973
2026-04-22 17:35:00,0.0006237294358300005,-0.0017670318938794805
2026-04-22 17:40:00,0.0002432485324543876,-0.0012874038344604434
2026-04-22 17:45:00,0.0003510100031594021,-0.0009857957155756764
2026-04-22 17:50:00,0.0005625034511780314,-0.000996046868672689
2026-04-22 17:55:00,8.036052272508698e-05,-0.0006796432831621742
2026-04-22 18:00:00,0.001098608680489832,-0.0006528244033428459
2026-04-22 18:05:00,0.0006293253122553466,-0.00047770767819729895
2026-04-22 18:10:00,0.0011050296873040821,-0.0015970335216348728
2026-04-22 18:15:00,0.0017823941017773848,-0.0009272126546926929
2026-04-22 18:20:00,0.0022809751488441776,-0.000915289446649309
2026-04-22 18:25:00,0.0016993434987018219,0.0005776612174370147
2026-04-22 18:30:00,0.0017452490775315965,-1.3482165653689666e-05
2026-04-22 18:35:00,0.0009697078010084681,0.00023772036038949152
2026-04-22 18:40:00,0.0017834243507142133,-0.0013356649754101212
2026-04-22 18:45:00,0.0014365875915771653,9.706702060938925e-05
2026-04-22 18:50:00,0.0014386531113377288,2.1479161984016755e-05
2026-04-22 18:55:00,0.0017662996398666309,7.936962324952475e-05
2026-04-22 19:00:00,0.0002132437014097377,0.0007513209101894237
2026-04-22 19:05:00,0.00010977458222782843,-0.000494999012665829
2026-04-22 19:10:00,-4.223409938219902e-06,-0.0005417122652391405
2026-04-22 19:15:00,-0.00018380119944971796,-0.00029687667733139763
2026-04-22 19:20:00,-0.0006843803140252902,0.0004622346983726025
2026-04-22 19:25:00,-0.0009676799889692944,-1.5019337561279676e-05
2026-04-22 19:30:00,-0.000777168190428057,-0.0004124785716362194
2026-04-22 19:35:00,0.0005214364319314768,-0.0014723433500326347
2026-04-22 19:40:00,0.000590955444385699,-0.001002307741807958
2026-04-22 19:45:00,0.0021657651114406207,-0.0010508526862970228
2026-04-22 19:50:00,0.0010359841878759823,-0.0012376565830461237
2026-04-22 19:55:00,0.0009895381943145765,-0.0006188550406132532
2026-04-22 20:00:00,0.0010571015094900105,-0.00047095183673702016
2026-04-22 20:05:00,0.0006309701005022816,-0.0005122348960515396
2026-04-22 20:10:00,0.0006776290841834509,-0.0002957530503021814
2026-04-22 20:15:00,0.0017373667964903916,-0.0003764129188558429
2026-04-22 20:20:00,0.001967386776332347,-1.2872040199150095e-05
2026-04-22 20:25:00,0.002976111008278437,0.0002485604931110099
2026-04-22 20:30:00,0.0017730875357653275,0.0005707917404032058
2026-04-22 20:35:00,0.00041568767894695213,8.204923015184988e-05
2026-04-22 20:40:00,-2.742948775669163e-05,-0.00039666983102857743
2026-04-22 20:45:00,-0.0016887675696981574,-0.000782506165376708
2026-04-22 20:50:00,-0.00025942279628310416,-0.0010945317140166192
2026-04-22 20:55:00,-0.0003205959737826447,-0.002230917858958183
2026-04-22 21:00:00,-0.0005168062334277579,-0.0015674324242995524
2026-04-22 21:05:00,-0.0005022114289019441,-0.0011998137093995939
2026-04-22 21:10:00,-0.0005488231048751402,-0.001063494157691446
2026-04-22 21:15:00,-0.0009221384557385193,-0.0005316311485518331
2026-04-22 21:20:00,-0.0012998991032393548,-0.0007993589859824131
2026-04-22 21:25:00,-0.0016389314125806465,-0.0010227178737781963
2026-04-22 21:30:00,-0.0005885697398255729,-0.0008249202026387588
2026-04-22 21:35:00,-0.0004811161988396151,-0.0010301956478444214
2026-04-22 21:40:00,-0.0003650948284672495,-0.0005994153467825467
2026-04-22 21:45:00,-4.642339402138873e-05,-0.00030029979357775214
2026-04-22 21:50:00,-0.00042196942191807807,-0.0002923685365402797
2026-04-22 21:55:00,-0.00010759141852823007,-0.0002956472558738649
2026-04-22 22:00:00,0.000525241670699117,-0.0001690899706892003
2026-04-22 22:05:00,0.0002068234874439412,0.00045262196520995466
2026-04-22 22:10:00,8.445393148726055e-05,0.00034167344790502104
2026-04-22 22:15:00,-7.811485632380766e-05,0.0007755122468495944
2026-04-22 22:20:00,-8.86910469084512e-05,-3.193671291412086e-05
2026-04-22 22:25:00,-0.0008067411896650611,0.0003103674967495174
2026-04-22 22:30:00,-0.0009711587742167183,0.0006237763388891762
2026-04-22 22:35:00,-0.0014447389943743616,9.887518459668598e-05
2026-04-22 22:40:00,-0.0015948949852511163,-7.379998134232612e-05
2026-04-22 22:45:00,-0.0018333359589775,0.000460378713379179
2026-04-22 22:50:00,-0.0016262467072731823,-0.00017077658051728502
2026-04-22 22:55:00,-0.002864919814999922,-0.000667301106262229
2026-04-23 00:00:00,-0.003646516297465041,-0.0006235685121762998
2026-04-23 00:05:00,-0.0026349195768347045,-0.000611694901301099
2026-04-23 00:10:00,-0.0021917759087273225,-8.595291805503063e-05
2026-04-23 00:15:00,-0.0015445486956906507,0.00018650634846532197
2026-04-23 00:20:00,-0.0017416267895189463,-6.32497736629959e-05
2026-04-23 00:25:00,-0.0010400087182027562,-0.000470230401942468
2026-04-23 00:30:00,-0.0014267795150590956,-0.00041513231770115994
2026-04-23 00:35:00,-0.001194964372579932,-0.0004953001582025904
2026-04-23 00:40:00,-0.0011676807635616626,-0.00022339908451531187
2026-04-23 00:45:00,-0.0004419394234300711,-0.00016519107811851675
2026-04-23 00:50:00,-0.00067450633030397,-0.0003496821187417594
2026-04-23 00:55:00,0.00033001066487869934,-0.00045017221455950237
2026-04-23 01:00:00,-0.0007008250331050903,-0.00014779826230024837
2026-04-23 01:05:00,-0.002257982798067104,0.00016293678952751143
2026-04-23 01:10:00,-0.005876134595887095,-0.00047626863523530974
2026-04-23 01:15:00,-0.0013097689675589663,-0.0009275681133876505
2026-04-23 01:20:00,0.00012691992850299982,-0.0011064148877163455
2026-04-23 01:25:00,0.002817355409749922,-0.0008607405844079254
2026-04-23 01:30:00,0.004082560243459099,-0.00024287837321885358
2026-04-23 01:35:00,0.004282562310377713,-0.00022350302225807608
2026-04-23 01:40:00,0.004203186665019842,0.0012615583793411465
2026-04-23 01:45:00,0.0041178943615598484,0.001675890798587299
2026-04-23 01:50:00,0.004267720021449151,0.0007313185723120733
2026-04-23 01:55:00,0.004075947769184296,0.0015708007337146932
2026-04-23 02:00:00,0.004927107100362704,0.000420177490317686
2026-04-23 02:05:00,0.005953782878588498,0.0011414829549966023
2026-04-23 02:10:00,0.008186134027432956,-0.0003445887964783848
2026-04-23 02:15:00,0.002431969528078781,-0.0011772428798432133
2026-04-23 02:20:00,0.0012894390402315992,-0.0019630945002014812
2026-04-23 02:25:00,-0.0026862378224628003,-0.0018358991251420562
2026-04-23 02:30:00,-0.0036173121521017038,-0.0023890574298855802
2026-04-23 02:35:00,-0.0027494602279940494,-0.0027249587022464047
2026-04-23 02:40:00,-0.0021627515242883533,-0.0026850539334062878
2026-04-23 02:45:00,-0.0028412435782687595,-0.0019992773762316073
2026-04-23 02:50:00,-0.0048135784926355285,-0.002199412388161652
2026-04-23 02:55:00,-0.005066306664748055,-0.0027495586805726517
2026-04-23 03:00:00,-0.0050414877083131415,-0.002897885665075531
2026-04-23 03:05:00,-0.006155257888416088,-0.002968849167259501
2026-04-23 03:10:00,-0.006344669521933355,-0.0035808718286869253
2026-04-23 03:15:00,-0.0049823666670540945,-0.0027251994944256807
2026-04-23 03:20:00,-0.003803336150779657,-0.003197299333553555
2026-04-23 03:25:00,-0.0031027872650941646,-0.0037450197038204286
2026-04-23 03:30:00,-0.0036728847560976163,-0.003810108023869545
2026-04-23 03:35:00,-0.0044535485403685016,-0.003983372466328438
2026-04-23 03:40:00,-0.006911993740917666,-0.004147038687692339
2026-04-23 03:45:00,-0.005906534042853906,-0.003878935660447719
2026-04-23 03:50:00,-0.004692264901477117,-0.004315122817980274
2026-04-23 03:55:00,-0.005085720880888545,-0.004779312580845227
2026-04-23 04:00:00,-0.0025749048107623906,-0.004910209173357505
2026-04-23 04:05:00,-0.002337955450414597,-0.004385025291852978
2026-04-23 04:10:00,-0.0010904349960139115,-0.003845728218443772
2026-04-23 04:15:00,-0.0021781755507959133,-0.00322790346232481
2026-04-23 04:20:00,-0.0023820605249831317,-0.00351145981386662
2026-04-23 04:25:00,-0.0023254515641681905,-0.003994264257412675
2026-04-23 04:30:00,-0.0019286818726591548,-0.003321922350876813
2026-04-23 04:35:00,-0.0018822475252076032,-0.002929772103469393
2026-04-23 04:40:00,0.0008185350805955949,-0.0028460445605590747
2026-04-23 04:45:00,0.00011048479464292882,-0.0021200933270260915
2026-04-23 04:50:00,0.0005739259240442607,-0.001723662059557318
2026-04-23 04:55:00,0.0010166644500806399,-0.0015248093272187749
2026-04-23 05:00:00,-0.0012325295826709493,-0.0009487930957811488
2026-04-23 05:05:00,0.00013817836297747021,-0.0014303045623974494
2026-04-23 05:10:00,0.0009395879684230835,-0.0008985534698211049
2026-04-23 05:15:00,0.0008718396367406456,-0.003356716212480607
2026-04-23 05:20:00,-0.00010203300776723268,0.00010698724059366122
2026-04-23 05:25:00,0.0004931501125557958,0.0007936859963733374
2026-04-23 05:30:00,0.0005866449181155531,0.0010183144644227032
2026-04-23 05:35:00,0.00014671314735537067,0.000811320258771582
2026-04-23 05:40:00,-0.0007845046914543019,0.0007894426323863772
2026-04-23 05:45:00,-0.0009522696832959809,0.0007821744480276047
2026-04-23 05:50:00,-0.0006589800078611319,0.0006540502290892523
2026-04-23 05:55:00,8.077836334763333e-05,0.0003594728040181716
2026-04-23 06:00:00,0.0009011709455180039,0.000317986165959035
2026-04-23 06:05:00,0.0011917927054270194,0.00037327985247877183
2026-04-23 06:10:00,0.0003080436596576419,0.00034364850932817057
2026-04-23 06:15:00,0.000480250249355052,0.00034439950226939806
2026-04-23 06:20:00,0.0005100609633412745,0.0003620775288981
2026-04-23 06:25:00,5.312666354129192e-05,0.00048235098917595197
2026-04-23 06:30:00,-1.4874422687327638e-05,0.00031083946925607354
2026-04-23 06:35:00,-9.780637322620578e-05,0.0003075725483190258
2026-04-23 06:40:00,1.0634259115960276e-05,0.0008596353068264685
2026-04-23 06:45:00,0.0018357088673379707,0.00019626370090636654
2026-04-23 06:50:00,0.0019968609194283005,0.0007715149514966675
2026-04-23 06:55:00,0.0019197532303163456,0.0009478508091205266
2026-04-23 07:00:00,0.0015708554413524922,0.0008163182887148353
2026-04-23 07:05:00,0.0006282527140850647,0.0008624138397029525
2026-04-23 07:10:00,0.0008789958781800777,0.0004319839364786281
2026-04-23 07:15:00,0.0007772615302847896,-0.0003592140120587404
2026-04-23 07:20:00,0.001269771335760339,0.0006782518310934176
2026-04-23 07:25:00,0.0013505939568947412,0.0008194421129225686
2026-04-23 07:30:00,0.0013250800915312055,0.0008203997454328371
2026-04-23 07:35:00,0.00220469787463351,0.00036530943030343185
2026-04-23 07:40:00,0.0028459128352977814,0.0011003760273182056
2026-04-23 07:45:00,0.0011265264190694069,6.078822526312917e-05
2026-04-23 07:50:00,0.0005176829138093808,-0.00034306349693446564
2026-04-23 07:55:00,-0.00010184120418976761,-3.113046398408121e-05
2026-04-23 08:00:00,-0.00027790418000428474,-8.067921568411407e-05
2026-04-23 08:05:00,-0.00043081997591087884,-0.0006165848282666752
2026-04-23 08:10:00,0.0002652455181095803,-0.0004389105831818037
2026-04-23 08:15:00,0.0004435752235156798,-0.00034199335262529275
2026-04-23 08:20:00,-0.001516268317420355,-0.0002229364266939311
2026-04-23 08:25:00,-0.0013505939568947412,7.300086812636626e-05
2026-04-23 08:30:00,-0.0002568094307733304,-0.00011995480793676512
2026-04-23 08:35:00,-0.0008320315633145725,-2.201397810777515e-05
2026-04-23 08:40:00,-0.0003011984326519723,-0.00029492471941305605
2026-04-23 08:45:00,0.0008816660667676501,-0.0006084936791180642
2026-04-23 08:50:00,0.0003647630459138185,-0.0016504547368819597
2026-04-23 08:55:00,0.00139093287003611,-0.0012086728615209824
2026-04-23 09:00:00,0.0017531089308011616,-0.0005218222716489836
2026-04-23 09:05:00,0.0017115719777489602,-0.0006872863219169766
2026-04-23 09:10:00,0.0011344565315081212,-0.0007060417239583293
2026-04-23 09:15:00,0.0018697656793325024,-0.0006630093556344452
2026-04-23 09:20:00,0.002771713338173498,0.0005411833990251899
2026-04-23 09:25:00,0.0021036707352486417,-0.00020081720971392475
2026-04-23 09:30:00,-0.00024413622073282681,0.0010938572125087842
2026-04-23 09:35:00,-0.0003228108356552184,-4.034288947010163e-05
2026-04-23 09:40:00,-0.0021109330344071253,0.00014328672110974086
2026-04-23 09:45:00,-0.003029739570614254,-6.39013195460851e-05
2026-04-23 09:50:00,-0.0023882192590392037,-0.00019219658746336105
2026-04-23 09:55:00,-0.0035171131855573634,-7.782957631921921e-05
2026-04-23 10:00:00,-0.005177023759863175,-0.000580559696315141
2026-04-23 10:05:00,-0.004979531371473556,-0.0013974621026205819
2026-04-23 10:10:00,-0.004656279190129453,-0.0011951573564160582
2026-04-23 10:15:00,-0.004576725319205721,-0.0015916681569547878
2026-04-23 10:20:00,-0.0034392601709622994,-0.003071469258201081
2026-04-23 10:25:00,-0.0031071788453989058,-0.0032004529734404037
2026-04-23 10:30:00,-0.001751034811455554,-0.0025609730029082156
2026-04-23 10:35:00,-0.0016134916028569535,-0.0019430270193716848
2026-04-23 10:40:00,-0.0006209608505098885,-0.001799825984247406
2026-04-23 10:45:00,-0.0015417285082683918,-0.0016630241792826802
2026-04-23 10:50:00,-0.0016208665610797368,-0.0013687864624631907
2026-04-23 10:55:00,-0.001214864041045871,-0.0002511688026086135
2026-04-23 11:00:00,0.0008299568047664962,5.374484061822347e-05
2026-04-23 11:05:00,-0.0008564946033917664,0.00039612253661526725
2026-04-23 11:10:00,-0.0014915294561497205,-0.0002342385481549709
2026-04-23 11:15:00,-0.00240500715043801,-0.00014677199998783626
2026-04-23 11:20:00,-0.0031417463478717877,-0.001316773416029144
2026-04-23 11:25:00,-0.002973910196645946,-0.002368651402164068
2026-04-23 11:30:00,-0.0019501442175915429,-0.0022834873149349877
2026-04-23 11:35:00,-0.0013284596720364306,-0.001750147919888784
2026-04-23 11:40:00,-0.002221174898421552,-0.000418215943612326
2026-04-23 11:45:00,-0.001855349358041991,0.0010758955902070496
2026-04-23 11:50:00,-0.0012738610998770383,0.0014061964741457066
2026-04-23 11:55:00,-3.6191966453102964e-05,0.00017205754910087974
2026-04-23 12:00:00,-0.0004808653967458554,0.00029134168111388125
2026-04-23 12:05:00,0.0013994134120451918,0.0010316090033018663
2026-04-23 12:10:00,0.0017427397375069376,-0.0005851186818377479
2026-04-23 12:15:00,0.0028708540909203606,-0.00024031091850470785
2026-04-23 12:20:00,0.0029482020080671134,-0.00010521435160915347
2026-04-23 12:25:00,0.002684576810235484,-0.001302036563675766
2026-04-23 12:30:00,0.0011203074988497264,-1.1233305833418395e-05
2026-04-23 12:35:00,0.0018814640952768968,0.0002508724347196087
2026-04-23 12:40:00,0.003209851969678823,-0.0007723963402054149
2026-04-23 12:45:00,0.0034310754269881727,7.330610170504232e-05
2026-04-23 12:50:00,0.004924547160465309,0.0007020891981907326
2026-04-23 12:55:00,0.004956729114885761,0.0014003162153099927
2026-04-23 13:00:00,0.006797834335101172,0.0009858686797331567
2026-04-23 13:05:00,0.0066401588128766065,0.002281345089717721
2026-04-23 13:10:00,0.006479806764758678,0.002706167628575427
2026-04-23 13:15:00,0.006385070672324744,0.00343509626634075
2026-04-23 13:20:00,0.006758200506348899,0.00383768025306036
2026-04-23 13:25:00,0.007077356440454707,0.0001110820691456294
2026-04-23 13:30:00,0.008664356978988152,0.0008099038312678046
2026-04-23 13:35:00,0.007279585204171823,7.473022650739746e-05
2026-04-23 13:40:00,0.007342947969780411,-0.0009831340260149696
2026-04-23 13:45:00,0.006159940170180178,0.0014608329447534242
2026-04-23 13:50:00,0.004927853770769985,0.0032482920471844172
2026-04-23 13:55:00,0.004175212526636329,0.0013085387490198845
2026-04-23 14:00:00,0.0006423937841102401,0.0008358275214670925
2026-04-23 14:05:00,-0.00043355184319970874,0.0001632075470342746
2026-04-23 14:10:00,-0.0004272980024317974,-0.00011687729257119227
2026-04-23 14:15:00,-0.0011755876648571473,-0.0005651533537475396
2026-04-23 14:20:00,-0.000807392546523289,-0.0012896262834851662
2026-04-23 14:25:00,-0.0013721178960359737,-0.0010655551755079198
2026-04-23 14:30:00,-0.0027619802791658543,-0.0010648207012899365
2026-04-23 14:35:00,-0.0013624771727620555,-0.0008699504903642441
2026-04-23 14:40:00,-0.0018792989202260912,-0.001371104212311606
2026-04-23 14:45:00,0.000443371913952717,-0.0013647341351400908
2026-04-23 14:50:00,-0.000485570132200408,-0.0014616232211207398
2026-04-23 14:55:00,-0.003226596524259051,-0.0009817988416085076
2026-04-23 15:00:00,-0.0021019917442686165,-0.0015378745994125565
2026-04-23 15:05:00,-0.0012107102759468802,-0.002052013382392628
2026-04-23 15:10:00,-0.0005015676740036668,-0.002148176175956246
2026-04-23 15:15:00,-0.0006200658145623095,-0.0016043677584712296
2026-04-23 15:20:00,0.00014377202855442306,-0.0013139177910776775
2026-04-23 15:25:00,0.0009706141534877588,-0.0011343235608687996
2026-04-23 15:30:00,0.0007890097491358716,-0.0011361962818424993
2026-04-23 15:35:00,-0.0005264766045662839,-0.0007203476390938091
2026-04-23 15:40:00,-6.340691705020163e-06,-0.0004025663452971673
2026-04-23 15:45:00,-0.0014998112204693825,-0.0009084285944586254
2026-04-23 15:50:00,-6.124080202063453e-05,-0.0005957770697068973
2026-04-23 15:55:00,0.0018839744099690137,-0.0007503371217209189
2026-04-23 16:00:00,0.002063966761850722,-0.002091565401771065
2026-04-23 16:05:00,0.0016569486105719733,-0.001070502353892032
2026-04-23 16:10:00,0.0014785845936309272,-3.315138261446733e-05
2026-04-23 16:15:00,0.0030627247928727286,6.87052212089968e-06
2026-04-23 16:20:00,0.0014513622005658533,0.0008983437956844167
2026-04-23 16:25:00,0.00045009589070055256,0.0005153333942682592
2026-04-23 16:30:00,0.0007820492624599495,-1.4585084693454972e-05
2026-04-23 16:35:00,0.0006554105430112145,6.608015305348234e-05
2026-04-23 16:40:00,-0.0006004342757748304,0.001343080910189409
2026-04-23 16:45:00,-0.0012353358341865572,0.0008506527198929887
2026-04-23 16:50:00,-0.003939953678493424,0.0006887771830125381
2026-04-23 16:55:00,-0.0027520925116029105,0.0002263138649377808
2026-04-23 17:00:00,-0.0033349164169269585,0.001398862834306374
2026-04-23 17:05:00,-0.0019323145842786715,7.652941427598765e-05
2026-04-23 17:10:00,-0.0024697615066546774,0.0006274235413437048
2026-04-23 17:15:00,-0.003287143686497629,-0.0007968338112329061
2026-04-23 17:20:00,-0.002930240849810417,-0.0003508693277441277
2026-04-23 17:25:00,-0.0021741667740631243,-0.000840494308764424
2026-04-23 17:30:00,-0.000908925712458597,-0.0010220980951638136
2026-04-23 17:35:00,-0.0006955948408968737,-0.0006713200075190618
2026-04-23 17:40:00,0.001242753407908026,-0.0010913611313405852
2026-04-23 17:45:00,0.0021439408078105515,-0.0001015325381148258
2026-04-23 17:50:00,0.0035724300863133607,0.0002617599524979656
2026-04-23 17:55:00,0.002676041100812654,0.0030234491233139564
2026-04-23 18:00:00,0.0016222939740035969,0.002589155510645188
2026-04-23 18:05:00,-0.0022820988237057804,0.0010582745826178803
2026-04-23 18:10:00,-0.0006888957697626097,-0.00017420851034680905
2026-04-23 18:15:00,-0.003128047755602381,7.472558301894428e-06
2026-04-23 18:20:00,-0.0030301671964245713,-0.0005338553240305525
2026-04-23 18:25:00,-0.0034167185053615157,-0.0015979583850417977
2026-04-23 18:30:00,-0.003525136107720428,-0.0009523750769065579
2026-04-23 18:35:00,-0.006309892043521614,-0.0012391816972081046
2026-04-23 18:40:00,-0.012174682464243247,-0.002544325273701097
2026-04-23 18:45:00,-0.010902611918728766,-0.003724634946455105
2026-04-23 18:50:00,-0.007962288208277712,-0.00515973153561597
2026-04-23 18:55:00,-0.004875114220292076,-0.002073799846819965
2026-04-23 19:00:00,-0.002445035615938451,-0.004032256610695735
2026-04-23 19:05:00,0.00023566203625513538,-0.0011819459761806383
2026-04-23 19:10:00,-0.000434778466015473,0.0004129169094505077
2026-04-23 19:15:00,0.0013054264070468946,0.00023548459911919788
2026-04-23 19:20:00,0.0009000423033072025,0.00045353224004364943
2026-04-23 19:25:00,0.0020862013778266686,0.0028243235124212136
2026-04-23 19:30:00,0.001346695868335246,0.0022756481922296353
2026-04-23 19:35:00,0.0033614619788426836,0.0010226101845155246
2026-04-23 19:40:00,0.0072856497364490735,0.00207525154075905
2026-04-23 19:45:00,0.004945749652485176,0.0030000316985520623
2026-04-23 19:50:00,0.002709285313274634,0.003107594395682964
2026-04-23 19:55:00,-0.001959272423661673,0.0032416319908042234
2026-04-23 20:00:00,-0.0037703572516338824,0.004389551980509442
2026-04-23 20:05:00,-0.003057300138390673,0.001289248960113819
2026-04-23 20:10:00,-0.0036830418937210396,0.004028705267801319
2026-04-23 20:15:00,-0.0031656824256778293,-0.0003310716824703992
2026-04-23 20:20:00,-0.0023366928599450887,0.002073973105719836
2026-04-23 20:25:00,-0.0035574339490835882,-0.0001980146994888386
2026-04-23 20:30:00,-0.005208073962730708,-0.0008740639522909352
2026-04-23 20:35:00,-0.004485885510874255,-0.002512514887176768
2026-04-23 20:40:00,-0.00403889710287153,-0.0027156713480486734
2026-04-23 20:45:00,-0.0022674926705121834,0.0003705328236870168
2026-04-23 20:50:00,-0.002000419458267899,0.0011080758327736545
2026-04-23 20:55:00,-0.0011301324053540895,-0.0010262077338801976
2026-04-23 21:00:00,0.00025548983928125324,0.0017130582933310794
2026-04-23 21:05:00,0.0001085900015223018,0.0011947875692933632
2026-04-23 21:10:00,-0.0012740483645927725,0.0018681401961283149
2026-04-23 21:15:00,-0.0016931811456970536,0.0007382021634184826
2026-04-23 21:20:00,-0.0020181942314909662,0.00023491615293493414
2026-04-23 21:25:00,-0.002249298042988457,-0.0010354208265358844
2026-04-23 21:30:00,-0.0008909123275149256,-0.0011177551489602638
2026-04-23 21:35:00,-0.0006437050348129247,-0.0006648116440804172
2026-04-23 21:40:00,-0.00018969083647668583,-0.00021789854495755744
2026-04-23 21:45:00,-0.0010184276614193521,-0.0005054523143464437
2026-04-23 21:50:00,-0.0017272761578102092,-0.000983267268150532
2026-04-23 21:55:00,-0.0003769948021492553,-0.0020795589199682596
2026-04-23 22:00:00,-0.0004535393714775182,-0.0012990257376826423
2026-04-23 22:05:00,0.00013625312445242344,-0.002741014243752581
2026-04-23 22:10:00,0.0014166918466145262,-0.0018914481718790394
2026-04-23 22:15:00,0.0005945373066147397,0.0001508695352616017
2026-04-23 22:20:00,0.00038564506005300814,0.0006370983628055146
2026-04-23 22:25:00,0.0007290199268563669,-0.00014957441594715655
2026-04-23 22:30:00,0.000878129725489174,-0.00035332880341365757
2026-04-23 22:35:00,0.0004412597076779434,0.0006989571528184832
2026-04-23 22:40:00,0.0004752249149895249,0.0003307686100772654
2026-04-23 22:45:00,0.0003005227199679439,-0.0009899230098825605
2026-04-23 22:50:00,6.394931803654913e-06,-0.000514919489809878
2026-04-23 22:55:00,-4.8998460819404954e-05,-0.000587317295909497
2026-04-24 00:00:00,-0.00028116992433879773,0.006620502836514033
2026-04-24 00:05:00,-0.0014955424127727213,0.005888216640426327
2026-04-24 00:10:00,-0.0016043143081319045,0.004625779183368126
2026-04-24 00:15:00,-0.0011723655627147167,0.004251179496440972
2026-04-24 00:20:00,-0.001118993917534894,0.003552651609416612
2026-04-24 00:25:00,0.00041969141580189273,0.0017304191212569222
2026-04-24 00:30:00,0.0011540362736823795,0.0021553193856785535
2026-04-24 00:35:00,0.0010799447657845462,0.0013579179480567476
2026-04-24 00:40:00,0.0008135379979066215,0.0010493288906395838
2026-04-24 00:45:00,0.0009201886183820562,0.00041787100505792256
2026-04-24 00:50:00,0.0013867338042921062,0.000811020913714212
2026-04-24 00:55:00,0.0006580832127056624,0.000438545766526072
2026-04-24 01:00:00,-0.00041977190169006917,-0.00023414721680978034
2026-04-24 01:05:00,0.001310318786650555,-0.0004587090341819074
2026-04-24 01:10:00,0.001834204259973049,0.00012235322118430813
2026-04-24 01:15:00,0.0017750658057469337,0.0002648890166574256
2026-04-24 01:20:00,0.002466517966546178,0.000965507098910844
2026-04-24 01:25:00,0.00227222054041043,0.0008851177289536162
2026-04-24 01:30:00,0.0010591779388082756,-0.0002753957977800888
2026-04-24 01:35:00,0.0015103911379963364,-0.002015507492698415
2026-04-24 01:40:00,0.0009468740567122325,-0.002156048610936225
2026-04-24 01:45:00,0.0005980944167056634,-0.0030633766222022663
2026-04-24 01:50:00,0.0013593042626425245,-0.0034023157643563234
2026-04-24 01:55:00,0.001861158177293376,-0.00303381949916099
2026-04-24 02:00:00,0.001246015839708292,0.0008059863995480748
2026-04-24 02:05:00,0.001470198954404367,0.0009414295792938611
2026-04-24 02:10:00,0.002304491374596651,-0.00032256013083070467
2026-04-24 02:15:00,0.0017974234685951274,-0.001248577105650057
2026-04-24 02:20:00,0.0007357945211161621,-0.0006391611744816412
2026-04-24 02:25:00,-0.0014908282811472162,-0.00076427768520644
2026-04-24 02:30:00,-0.0022515629989694474,-0.0027821354122422298
2026-04-24 02:35:00,-0.0017509879043018373,-0.003946199332057725
2026-04-24 02:40:00,-0.002453079715872164,-0.002205441387189253
2026-04-24 02:45:00,-0.000549126625793761,0.0006235959646131602
2026-04-24 02:50:00,-0.0017957795506990948,0.00014351524723271416
2026-04-24 02:55:00,-0.0012928717371263332,-0.0007212513819149975
2026-04-24 03:00:00,-0.00014688523499906125,-0.0005934674784218149
2026-04-24 03:05:00,-0.0020303365541742835,0.0006248185996894301
2026-04-24 03:10:00,-0.0033585879145707764,-0.00092022736399938
2026-04-24 03:15:00,-0.002868905016692125,-0.0026231547758427324
2026-04-24 03:20:00,-0.004034376438175613,-0.0024888534065753937
2026-04-24 03:25:00,-0.0029541867104185826,-0.0009454127901241449
2026-04-24 03:30:00,-0.0009655956695215906,-6.523723316950139e-05
2026-04-24 03:35:00,-0.0026973649361714536,0.0001473702063213683
2026-04-24 03:40:00,-0.0014828551620968966,-0.0010925403787962577
2026-04-24 03:45:00,-0.0044659172529364355,-4.2246866377104e-05
2026-04-24 03:50:00,-0.0036653835494195874,-0.0017167394782775663
2026-04-24 03:55:00,-0.004824724184778972,-0.002078958831805634
2026-04-24 04:00:00,-0.005152483155402621,-0.0032978810208192984
2026-04-24 04:05:00,-0.005025431345929476,-0.0028631300543420007
2026-04-24 04:10:00,-0.004884617005178171,-0.002247680391830166
2026-04-24 04:15:00,-0.0038587371719849273,-0.0028622871631718587
2026-04-24 04:20:00,-0.002211532274657202,-0.0022671092554960902
2026-04-24 04:25:00,-0.0020684298424828995,-0.0007426309879534031
2026-04-24 04:30:00,-0.002654325511919353,-2.2624839938892722e-05
2026-04-24 04:35:00,-0.0013760039092431953,-0.00169757612753613
2026-04-24 04:40:00,-0.0017181657469418354,-0.0017413624765483533
2026-04-24 04:45:00,-0.00018820671140851175,-0.0017632397791227683
2026-04-24 04:50:00,-0.0011591600596450036,0.0008346864699235214
2026-04-24 04:55:00,-0.0011316949568094259,-0.0003831528196221987
2026-04-24 05:00:00,-0.00045162623667138746,-0.000657299774144296
2026-04-24 05:05:00,0.0008197169118417946,-0.0002940291119517408
2026-04-24 05:10:00,-5.995101147604487e-05,-0.00016343121577813496
2026-04-24 05:15:00,-0.0010617871129845469,-0.00046118619079796823
2026-04-24 05:20:00,-0.0028083136775371997,-0.001677932349754515
2026-04-24 05:25:00,-0.003269482131095458,-0.0011771505191481319
2026-04-24 05:30:00,-0.0031396056954289264,-0.0018872072486939484
2026-04-24 05:35:00,-0.0023182720319514516,-0.0010426399559261366
2026-04-24 05:40:00,-0.0015133178040134254,-0.0008748455865847947
2026-04-24 05:45:00,0.00017537556079538774,-0.0009468267065942857
2026-04-24 05:50:00,0.0002567564401143585,2.8259058582205942e-05
2026-04-24 05:55:00,0.0006462284663832918,0.000158374343341642
2026-04-24 06:00:00,0.0005842928136630121,0.00024230072188760165
2026-04-24 06:05:00,-0.0007490621023062971,0.0005101857191495396
2026-04-24 06:10:00,0.0007298731393579061,0.00035302758096061274
2026-04-24 06:15:00,0.0012372159513684977,0.00038222300869790167
2026-04-24 06:20:00,0.0031505128236677393,0.0005104529304108975
2026-04-24 06:25:00,0.0037698873842444414,0.0006548558025411598
2026-04-24 06:30:00,0.004855152318958389,0.0014793673671146662
2026-04-24 06:35:00,0.003933387812530498,0.0016661089499455106
2026-04-24 06:40:00,0.0030691961524293987,-0.0002439346817374537
2026-04-24 06:45:00,0.0009704256098910236,0.0002804179408684013
2026-04-24 06:50:00,0.0021989843103842333,-0.0032645002923911855
2026-04-24 06:55:00,0.0026362185339632305,-0.0018391285967012977
2026-04-24 07:00:00,0.002092518250156772,-0.0011225540491329603
2026-04-24 07:05:00,0.0026598376161839354,-0.0006117274467603986
2026-04-24 07:10:00,0.0017443990203140913,0.000577087880986254
2026-04-24 07:15:00,0.000767673911022726,0.00042746612791204705
2026-04-24 07:20:00,-0.0005989253746925272,0.0001011228306262448
2026-04-24 07:25:00,-0.0011829852608009617,6.790060256058648e-05
2026-04-24 07:30:00,-0.0025883355602882574,-0.00045068497865183885
2026-04-24 07:35:00,-0.001950857403825168,-0.0009804290453770317
2026-04-24 07:40:00,-0.00196448388610726,-0.0012780554838275038
2026-04-24 07:45:00,-0.0023443108818952396,-0.0014761863919764
2026-04-24 07:50:00,-0.0020278499673693773,-0.00016472134539415446
2026-04-24 07:55:00,-0.003314555329572144,-0.0011280273875391449
2026-04-24 08:00:00,-0.0019791236765005493,-0.0014994508140702908
2026-04-24 08:05:00,-0.001247788755742718,-0.0009206101010843342
2026-04-24 08:10:00,-0.00029052193751866184,-0.0010733851288556593
2026-04-24 08:15:00,0.0006175603145592845,-0.000637076277818545
2026-04-24 08:20:00,0.001797836881138437,-0.00046636328494753743
2026-04-24 08:25:00,0.002646409014300133,-0.00021995792243727528
2026-04-24 08:30:00,0.0024495775721415924,0.000997712920961711
2026-04-24 08:35:00,0.0016775820259447016,0.002255288366829188
2026-04-24 08:40:00,0.002596402184730451,0.0016641963960152394
2026-04-24 08:45:00,0.0045573739738831165,0.0023200843883766317
2026-04-24 08:50:00,0.003363257006263609,0.001892789224837314
2026-04-24 08:55:00,0.0047536361014124395,0.00029967071050727794
2026-04-24 09:00:00,0.0030482716077706584,0.0018957986106180338
2026-04-24 09:05:00,0.0022679378542651563,0.0009396581547987456
2026-04-24 09:10:00,0.0015690965971995041,0.0007732019601073094
2026-04-24 09:15:00,0.002594284219048504,-0.0004601839188807081
2026-04-24 09:20:00,0.0021463264680701144,0.00021811226195034015
2026-04-24 09:25:00,0.0007319761869055696,-0.0011200800789656063
2026-04-24 09:30:00,0.0004610291703954772,-0.0018354620606213347
2026-04-24 09:35:00,0.0010926537204412057,-0.0013135192341474766
2026-04-24 09:40:00,0.0005398030170162826,-0.0005535643773173385
2026-04-24 09:45:00,0.00011084442144237983,-0.0005578359464188681
2026-04-24 09:50:00,-0.00016416317856737805,-0.0008147881251594041
2026-04-24 09:55:00,-0.0006116227693020448,-0.0003869823521400879
2026-04-24 10:00:00,0.0006439246361615858,-0.000498961664301261
2026-04-24 10:05:00,0.0007292593223802157,-0.00038872309343289374
2026-04-24 10:10:00,0.0015815469629050227,-4.47114633104887e-05
2026-04-24 10:15:00,0.0003323327874742432,0.0001954841745467398
2026-04-24 10:20:00,-0.0011963394722886989,-0.00044340595120388645
2026-04-24 10:25:00,-0.0008066977689882293,-0.00018531178684612126
2026-04-24 10:30:00,-0.000708706661406211,0.0008457975549820314
2026-04-24 10:35:00,-0.001190880303623132,0.000975550653994547
2026-04-24 10:40:00,-0.0004224297453347958,-0.0005505762434784122
2026-04-24 10:45:00,-0.001326675975928282,0.00042758967340582056
2026-04-24 10:50:00,-0.001683694281286563,0.0006527468057311029
2026-04-24 10:55:00,-0.0018990521118400494,0.00035527633773240705
2026-04-24 11:00:00,-0.0016447494932076978,0.0006122643852007445
2026-04-24 11:05:00,-0.0016533248922137034,0.0003295871147754335
2026-04-24 11:10:00,-0.002755468957211349,5.3349132697539616e-05
2026-04-24 11:15:00,-0.0024951921873501703,-0.00031805973332782613
2026-04-24 11:20:00,-0.00069158657834123,-0.00031140234656497253
2026-04-24 11:25:00,-0.000316027283471243,0.0002864069507491528
2026-04-24 11:30:00,-0.0016135395467866687,0.00033427120104673864
2026-04-24 11:35:00,-0.0011901621798742212,0.00020473177390084682
2026-04-24 11:40:00,-0.0015055564272170585,0.00011818252067073454
2026-04-24 11:45:00,-0.0011788475142253674,-0.0006536545833618846
2026-04-24 11:50:00,-0.001047069050496674,-0.00036853380140319315
2026-04-24 11:55:00,-0.0007264336700956164,-0.00072272398913639
2026-04-24 12:00:00,0.00106054392152366,-0.0005535358893964049
2026-04-24 12:05:00,0.002741959211174816,-0.0006294935550717627
2026-04-24 12:10:00,0.002983329486259123,-0.0002884326127472117
2026-04-24 12:15:00,0.0025867773237866487,0.0007645713897807845
2026-04-24 12:20:00,0.00571893678471902,0.0015224065338524397
2026-04-24 12:25:00,0.007234997725506176,-0.0001413128455468572
2026-04-24 12:30:00,0.00787840125022754,0.0010877454342040143
2026-04-24 12:35:00,0.00637442338481975,0.0025515343014377774
2026-04-24 12:40:00,0.005562460795744073,0.0028293936476109756
2026-04-24 12:45:00,0.005293904354589429,0.003395473251497469
2026-04-24 12:50:00,0.006191666705413823,0.0042012304744295185
2026-04-24 12:55:00,0.006081455445157147,0.003977444914586684
2026-04-24 13:00:00,0.003976080672968507,0.004709670724235426
2026-04-24 13:05:00,0.001929358858198782,-0.0011460733147045836
2026-04-24 13:10:00,0.0026283515429810222,-0.003198874654422136
2026-04-24 13:15:00,0.00242501714245158,-0.001007146411011267
2026-04-24 13:20:00,-0.0004225838196294518,-0.0004717010807014637
2026-04-24 13:25:00,-0.0011965428979454629,-0.0032541846037578764
2026-04-24 13:30:00,-0.0014610571476865175,-0.0027761237425290497
2026-04-24 13:35:00,-0.00023158894553176879,-0.0025559117510503397
2026-04-24 13:40:00,-0.001335576506086511,-0.0017865530426984752
2026-04-24 13:45:00,-0.0026541050425148427,-0.001708107854280019
2026-04-24 13:50:00,-0.002648878542007793,-0.0017001925438480186
2026-04-24 13:55:00,-0.0013286241767893614,-0.002095280512738465
2026-04-24 14:00:00,-0.0021201699398929463,-0.0016531432269506396
2026-04-24 14:05:00,-0.0010290954224707605,-0.0014222685776418317
2026-04-24 14:10:00,-0.0012048667869972718,-0.0014199440521444203
2026-04-24 14:15:00,-0.000920388583709908,-0.001603649628190516
2026-04-24 14:20:00,-0.0026542533591520368,-0.0012711933286877275
2026-04-24 14:25:00,-0.002567635616298247,-0.0009227207668994232
2026-04-24 14:30:00,-0.0028198377646830863,-0.0001216778394156907
2026-04-24 14:35:00,-0.00040806697965578564,-0.0006794365542108081
2026-04-24 14:40:00,0.0021364917591721877,-0.000746684591464649
2026-04-24 14:45:00,0.004285211965527225,-0.0007348083444276045
2026-04-24 14:50:00,0.0026127563256714836,5.913706182178006e-05
2026-04-24 14:55:00,0.002220468952996768,0.00025592475081175883
2026-04-24 15:00:00,0.00331119092991905,-0.0004645117919221375
2026-04-24 15:05:00,0.0057738767000472535,0.0005197239023597817
2026-04-24 15:10:00,0.005976052170252544,0.00043149747617132967
2026-04-24 15:15:00,0.0061037786244533265,0.00044567286208646866
2026-04-24 15:20:00,0.0069524455401470675,0.0012429309674498003
2026-04-24 15:25:00,0.0057425442335290455,0.003202679618247688
2026-04-24 15:30:00,0.007858678365986194,0.0030059485647816976
2026-04-24 15:35:00,0.005511816631560862,0.004817664970403226
2026-04-24 15:40:00,0.004483457308793959,0.002081655975138447
2026-04-24 15:45:00,0.0033769286815878985,0.00016860883441895488
2026-04-24 15:50:00,0.004274598132679941,0.0003430070404221411
2026-04-24 15:55:00,0.003189261364857643,0.00022373355392294136
2026-04-24 16:00:00,0.0019204767666067823,0.0009484376585620234
2026-04-24 16:05:00,-0.0007066853999653233,0.000899341499267146
2026-04-24 16:10:00,-0.001950638066521293,0.0011053476103222548
2026-04-24 16:15:00,-0.0020248082874569917,0.0006182248432354539
2026-04-24 16:20:00,-0.0014433864939782381,0.0005509406563692453
2026-04-24 16:25:00,-0.0007832528253537419,-0.0006807553690867216
2026-04-24 16:30:00,-0.0022926297687533292,-0.0011030953008094046
2026-04-24 16:35:00,-0.002364239925372047,-0.0011195052792472866
2026-04-24 16:40:00,-0.0004630936642104899,-0.0009862343084156386
2026-04-24 16:45:00,-0.0008463387891346486,-0.00016429223339027024
2026-04-24 16:50:00,0.0006155115444084203,-0.00039466189684715387
2026-04-24 16:55:00,9.097246396727598e-05,-0.0005389076565420505
2026-04-24 17:00:00,0.0008467203852102756,-0.00012773495085480674
2026-04-24 17:05:00,-0.0006605887101702734,-0.00042355280637474996
2026-04-24 17:10:00,-0.00039609287730790754,0.00283002617072607
2026-04-24 17:15:00,-0.00020122365229546801,0.0029232970155502703
2026-04-24 17:20:00,0.0006224778205083936,0.0016830269345781143
2026-04-24 17:25:00,0.00036418302716789697,0.0010365046563771494
2026-04-24 17:30:00,0.0015797891959206112,0.0004617219109504354
2026-04-24 17:35:00,0.0010611069335357826,0.0012242812587575141
2026-04-24 17:40:00,-0.0010623305396944005,0.001111992615460226
2026-04-24 17:45:00,-0.0004636741068164696,0.0009688959446832947
2026-04-24 17:50:00,-0.0009794972768002452,0.0011079094063663779
2026-04-24 17:55:00,2.1155200901290527e-05,0.0012083070742267743
2026-04-24 18:00:00,0.0004315514977726309,0.0003723104151078981
2026-04-24 18:05:00,0.0013503533500536236,0.0003285420238618989
2026-04-24 18:10:00,0.0016130435611039218,0.00016428432081803607
2026-04-24 18:15:00,0.001752462997023585,3.677617198530445e-05
2026-04-24 18:20:00,0.00045919949850592445,0.000751318098536256
2026-04-24 18:25:00,-0.0002117181784893063,0.00014282617014974345
2026-04-24 18:30:00,-0.0010691553950632482,0.00015043739287562093
2026-04-24 18:35:00,-0.0003895771231992029,6.700927395721478e-05
2026-04-24 18:40:00,-6.352163972778158e-05,-0.0006517256577874936
2026-04-24 18:45:00,2.541236862541041e-05,-1.1504507379557785e-05
2026-04-24 18:50:00,0.00015026598165057692,-0.0004817072262464349
2026-04-24 18:55:00,-0.0006517856617822559,3.145728350451806e-05
2026-04-24 19:00:00,-0.0012232132667193696,-0.00045063854520355467
2026-04-24 19:05:00,-0.0010983465593614739,-0.00012656726611576737
2026-04-24 19:10:00,-0.0008252484148538741,0.001981304858742536
2026-04-24 19:15:00,-0.0016740868656928143,0.0025650753562438933
2026-04-24 19:20:00,-0.0011536895526536028,0.0012682955729095514
2026-04-24 19:25:00,-0.0011482930468016406,0.0005373149640587632
2026-04-24 19:30:00,-0.0002287995027234757,0.0012484220286490954
2026-04-24 19:35:00,-0.00044904885008101303,0.004633574470608735
2026-04-24 19:40:00,-0.0008176719261179244,0.002262209187502212
2026-04-24 19:45:00,-0.0007245056942757344,-3.382807640221238e-05
2026-04-24 19:50:00,-0.0010947070846381024,-0.0006616014814139201
2026-04-24 19:55:00,-0.00017995073632448566,-0.0009183661300941263
2026-04-24 20:00:00,0.0002540774145209923,0.0027013051975471655
2026-04-24 20:05:00,-6.140756733685748e-05,0.003687990359275207
2026-04-24 20:10:00,-0.00031123198361093785,0.002910256377880872
2026-04-24 20:15:00,2.11816837758505e-05,0.001897883824945147
2026-04-24 20:20:00,-0.0006992118260971125,0.0032190188316551897
2026-04-24 20:25:00,0.0003666648692419727,0.0016608013926059314
2026-04-24 20:30:00,-0.0003263417123342549,0.002418609494997439
2026-04-24 20:35:00,-0.0005531155272961996,5.181701528674928e-06
2026-04-24 20:40:00,-0.0005405388349775109,0.0003854218019819866
2026-04-24 20:45:00,-0.00039000981877812535,0.0017435757075214917
2026-04-24 20:50:00,-0.0006887760510441154,0.0006117409867965117
2026-04-24 20:55:00,-0.0012287642509658525,0.0019339107171036881
2026-04-24 21:00:00,-0.002588255941761375,-0.0006441392966085835
2026-04-24 21:05:00,-0.002775744463010099,-0.0008377237215524399
2026-04-24 21:10:00,-0.0032791087137820085,-0.000739421478790972
2026-04-24 21:15:00,-0.0031652779601660797,-0.000237186855628439
2026-04-24 21:20:00,-0.002262012329730112,-0.0012932501031668337
2026-04-24 21:25:00,-0.002318820711003866,0.00019451017339365195
2026-04-24 21:30:00,-0.002661325781179613,-0.0012367262379729908
2026-04-24 21:35:00,-0.0021114312626533405,-0.0009838728906429812
2026-04-24 21:40:00,-0.0018357721710273722,-0.0008521577074400248
2026-04-24 21:45:00,-0.002037304587643618,-0.0017310934257667465
2026-04-24 21:50:00,-0.0018270232568795564,-0.001880256680703423
2026-04-24 21:55:00,-0.001652736885668915,-0.0008605873610134206
2026-04-24 22:00:00,-0.0030568646961590673,0.00039140091068592974
2026-04-24 22:05:00,-0.005910012761656702,0.0003483885782277279
2026-04-24 22:10:00,-0.0045290713627483825,-0.001412816355491664
2026-04-24 22:15:00,-0.003736101752609855,-0.002216712286376726
2026-04-24 22:20:00,-0.0047891455439010855,-0.002832028150404844
2026-04-24 22:25:00,-0.0045620818145692965,-0.0032507359302660094
2026-04-24 22:30:00,-0.004694714298350888,-0.0032452123985387306
2026-04-24 22:35:00,-0.004530723147741611,-0.0037609952588565313
2026-04-24 22:40:00,-0.004869951098193326,-0.003869990155725832
2026-04-24 22:45:00,-0.004752838392386494,-0.0042643778433288995
2026-04-24 22:50:00,-0.005037858391107264,-0.004460376975790279
2026-04-24 22:55:00,-0.005425029699553718,-0.004502801825778625
2026-04-27 00:00:00,-0.0033075858249738133,-0.004626870449854576
2026-04-27 00:05:00,0.0004164411004250468,0.0020857967852292384
2026-04-27 00:10:00,-0.00040984132030175147,0.0024373095609740397
2026-04-27 00:15:00,-0.0010541658662557296,0.001106731644435609
2026-04-27 00:20:00,-0.0004526297437941196,0.00016212732842755685
2026-04-27 00:25:00,-0.00205472209669999,0.0001971565426418169
2026-04-27 00:30:00,-0.0009655293965540324,-5.4347939462196235e-05
2026-04-27 00:35:00,-0.0020613653105634455,-0.0002369844380049423
2026-04-27 00:40:00,-0.001630027033105108,-0.0011816439485481118
2026-04-27 00:45:00,-0.0009011549058666191,-0.0010806189174690916
2026-04-27 00:50:00,-0.0006897280972459896,-0.001172442794908398
2026-04-27 00:55:00,-0.0007710026512732782,-0.0009428656984189734
2026-04-27 01:00:00,-0.0004892822711415334,-0.0008208162672543964
2026-04-27 01:05:00,-0.0016325871365268085,-0.00041085358107815085
2026-04-27 01:10:00,-0.0008137765767486371,-0.0006528884145676489
2026-04-27 01:15:00,-0.0010232190421088916,-0.0008224280860326166
2026-04-27 01:20:00,-0.0006942879608438091,-0.0010286103780434409
2026-04-27 01:25:00,0.0008698208012418718,-0.0007385613988614233
2026-04-27 01:30:00,-0.00023725274261110485,-0.0002904682082740061
2026-04-27 01:35:00,0.0006028281801633284,-0.00022970223521881353
2026-04-27 01:40:00,0.0007779590083121235,0.00013826318239680912
2026-04-27 01:45:00,0.00038234261140246417,0.0002500247496835991
2026-04-27 01:50:00,0.0015986735910953342,3.40905232479254e-05
2026-04-27 01:55:00,0.003921444037686683,0.0008269274651624455
2026-04-27 02:00:00,0.006312341275499733,0.0007612077964894834
2026-04-27 02:05:00,0.004785499474786903,0.0007281296826195664
2026-04-27 02:10:00,0.002746243247999658,0.0014095757928397996
2026-04-27 02:15:00,0.0037438566155945097,0.0018715368671784868
2026-04-27 02:20:00,0.0037604734342426838,0.002369922599095711
2026-04-27 02:25:00,0.0035952008939545976,0.0024729483550220135
2026-04-27 02:30:00,0.004221517203379932,0.0019113310544569325
2026-04-27 02:35:00,0.0043607339255871125,0.002687428660751112
2026-04-27 02:40:00,0.0036955768757795937,0.003056025601235621
2026-04-27 02:45:00,0.004123840221613051,0.0031809435535416386
2026-04-27 02:50:00,0.0030706420299271286,0.002897622324333971
2026-04-27 02:55:00,0.0010614097750671903,0.0032998179887690476
2026-04-27 03:00:00,-0.0015046960824403044,0.0005428630624470817
2026-04-27 03:05:00,5.746594346334177e-05,-0.0010094642127175017
2026-04-27 03:10:00,0.0014543505844262228,-0.0007681400542656683
2026-04-27 03:15:00,0.0018804995245691458,-3.683932947528738e-05
2026-04-27 03:20:00,0.0017761295053517756,0.0004886701245438655
2026-04-27 03:25:00,0.0016015197652485824,0.00043301042119039935
2026-04-27 03:30:00,0.0017822283842416908,0.0005976448328455399
2026-04-27 03:35:00,0.0026922263663298196,-0.0007554458027854206
2026-04-27 03:40:00,0.0034295728804440984,-0.0005210081230968064
2026-04-27 03:45:00,0.00349671120136108,0.0016303518742125083
2026-04-27 03:50:00,0.003862155721707339,0.0020664218337352104
2026-04-27 03:55:00,0.003141459412903558,0.0025034670453086415
2026-04-27 04:00:00,0.003918526928879729,0.002707631693981212
2026-04-27 04:05:00,0.004684058164972527,0.0025401370878564565
2026-04-27 04:10:00,0.003879970166520863,0.002365323102157327
2026-04-27 04:15:00,0.0024580311202822003,0.0021023581797013496
2026-04-27 04:20:00,0.0023646895531328482,0.002662177194071953
2026-04-27 04:25:00,0.002239523737229021,0.0026414859646236213
2026-04-27 04:30:00,0.0033897906099404906,0.003096710305615098
2026-04-27 04:35:00,0.002407719426201993,0.003259458664994981
2026-04-27 04:40:00,0.002994959104094974,0.0028247519475058263
2026-04-27 04:45:00,0.0013279637831118407,0.0027509809028544263
2026-04-27 04:50:00,0.0007875749873562654,0.0026555699649239424
2026-04-27 04:55:00,0.0011903250441740454,0.0021343151200510445
2026-04-27 05:00:00,0.0013486121608927704,0.0024670384047918684
2026-04-27 05:05:00,0.001392911197452662,0.002114868521451859
2026-04-27 05:10:00,0.002039064769741472,0.002231502898643474
2026-04-27 05:15:00,0.002060679567220447,0.002581386227682069
2026-04-27 05:20:00,0.002117949346738257,0.0021827070513810547
2026-04-27 05:25:00,0.0023127959546442867,0.0024010728919634
2026-04-27 05:30:00,0.0009651958763292612,0.0019166734985145754
2026-04-27 05:35:00,0.0008908271844916271,0.0019144679764336752
2026-04-27 05:40:00,-0.00042307090876292364,0.0020554030113420427
2026-04-27 05:45:00,-2.3282418917247583e-05,0.0009007876238098347
2026-04-27 05:50:00,-0.0001058207777955289,0.0027615529432852225
2026-04-27 05:55:00,0.0001968389366471257,0.0027022870882268428
2026-04-27 06:00:00,-0.0010605296656311936,-0.0009973174472609314
2026-04-27 06:05:00,-0.001575106867631959,-0.0010608570936721088
2026-04-27 06:10:00,-0.0019500468283286665,-0.001213212541884216
2026-04-27 06:15:00,-0.0018169040557012295,-0.0007137944385775901
2026-04-27 06:20:00,-0.0016071131434145514,-0.0008146193819455759
2026-04-27 06:25:00,-0.0019142409233356972,-0.0009018393978833298
2026-04-27 06:30:00,-0.0029471890105376986,-0.0013674027419160076
2026-04-27 06:35:00,-0.00365511035873034,-0.001025777992549098
2026-04-27 06:40:00,-0.00310234153318234,-0.0018779336846002075
2026-04-27 06:45:00,-0.002734158957606425,-0.0014868425303484578
2026-04-27 06:50:00,-0.0028359313034034273,-0.0016669080413549994
2026-04-27 06:55:00,-0.003247499398840503,-0.0021108964200331625
2026-04-27 07:00:00,-0.0022072185614696593,-0.0025527125299368543
2026-04-27 07:05:00,-0.0013208515156968303,-0.0013432901990235347
2026-04-27 07:10:00,-0.0008056890561061181,-0.0020907254170301065
2026-04-27 07:15:00,-0.0012767710036829527,-0.001762995844713227
2026-04-27 07:20:00,-0.0008840599489268186,-0.001552485860916255
2026-04-27 07:25:00,-0.0007781779790914101,-0.001206570211717667
2026-04-27 07:30:00,-0.0005751950993193589,-0.0011891005826394408
2026-04-27 07:35:00,0.00027380135140298023,-0.0006739653070496877
2026-04-27 07:40:00,-0.00018678655021275858,-0.000952534143168589
2026-04-27 07:45:00,0.0005092470891998602,-0.0007539876092320891
2026-04-27 07:50:00,0.00045624165895752355,-0.0009643949976473483
2026-04-27 07:55:00,0.0005115659654872928,-0.0008607911584247007
2026-04-27 08:00:00,0.0012070468384681732,-0.0012054618813339749
2026-04-27 08:05:00,0.0007359062104761449,-0.0010553494286676339
2026-04-27 08:10:00,0.0005767697661127613,-0.00019393949138036653
2026-04-27 08:15:00,0.0007255416422751182,0.00013995437067669425
2026-04-27 08:20:00,0.0005852206512422242,0.000321131723188751
2026-04-27 08:25:00,0.00033085264846022255,0.000331173996909418
2026-04-27 08:30:00,0.0013939058665553006,0.0003888789686353588
2026-04-27 08:35:00,0.0008082317031306019,-0.00048075755684868105
2026-04-27 08:40:00,0.0008699582756541702,0.00020194456889924755
2026-04-27 08:45:00,0.00011030269616441046,-0.004034113632839364
2026-04-27 08:50:00,-0.00024401034300680635,-0.003859579062007351
2026-04-27 08:55:00,9.97354888330193e-05,-0.0030967540529943717
2026-04-27 09:00:00,-0.0009417534702009789,-0.0028497705107270177
2026-04-27 09:05:00,-0.0010350891885586577,2.604200650952293e-05
2026-04-27 09:10:00,-0.0012408910128023365,-4.741683084353008e-05
2026-04-27 09:15:00,-0.0010057161163938844,-0.00017971676221421182
2026-04-27 09:20:00,-0.0013172284113842636,-0.0003461861068479939
2026-04-27 09:25:00,-0.001103268119043932,-0.0005104416281527076
2026-04-27 09:30:00,-0.0014894500064279725,-0.0005218873787632482
2026-04-27 09:35:00,-0.0017573055781294755,0.0002518950812465438
2026-04-27 09:40:00,-0.0006195024659998438,-0.00012847045132749105
2026-04-27 09:45:00,-0.0004603822102211552,-0.00012192047746506575
2026-04-27 09:50:00,-0.0011423355419282188,-9.568364078012481e-06
2026-04-27 09:55:00,-0.001220852306440534,-5.27041776324303e-05
2026-04-27 10:00:00,-0.0012251819929627317,-0.00030955337252130824
2026-04-27 10:05:00,-0.0016035327875218996,-0.0002061434463277562
2026-04-27 10:10:00,-0.0012913120716131488,-0.00027457454746003816
2026-04-27 10:15:00,-0.0011002316268839962,-0.00028144931353141277
2026-04-27 10:20:00,-0.001176578162606745,-0.0008634433221392278
2026-04-27 10:25:00,-0.0017443723993633142,-0.0007016181382464873
2026-04-27 10:30:00,-0.0014193742688473066,-0.001000561099330768
2026-04-27 10:35:00,-0.0007118655533506768,-0.0010011571924397713
2026-04-27 10:40:00,-0.0015653161491613332,-0.0009559515543244955
2026-04-27 10:45:00,-0.0025433439010100756,-0.00034110064551697483
2026-04-27 10:50:00,-0.0013521042584763165,-0.0011024525536084046
2026-04-27 10:55:00,-0.0007034628299606993,0.0004124686637525909
2026-04-27 11:00:00,-0.00022311491892068602,8.211490740708444e-05
2026-04-27 11:05:00,-0.00018069132550024847,7.434597875788186e-05
2026-04-27 11:10:00,-0.0007611256522341847,-0.0004211779371833559
2026-04-27 11:15:00,-0.0006781585386335109,-0.0005040999218813248
2026-04-27 11:20:00,-0.0002699161469799094,-0.0007666051477693944
2026-04-27 11:25:00,0.0005825040610467624,-0.0005011904132028412
2026-04-27 11:30:00,0.000939392269575734,-0.000318706622706741
2026-04-27 11:35:00,0.0008775406478775949,-0.00011576255635543009
2026-04-27 11:40:00,0.000990023365531556,-0.0001532887722558678
2026-04-27 11:45:00,0.0017217671705900273,0.0002216528642764658
2026-04-27 11:50:00,0.001883091631329492,0.0003407174641674449
2026-04-27 11:55:00,0.0011303997973968194,-0.0001869950009909294
2026-04-27 12:00:00,7.650215166066232e-05,0.00016898973204134218
2026-04-27 12:05:00,0.0007076983205411835,-1.0612537108918808e-05
2026-04-27 12:10:00,0.0004677994586543832,0.00021883189588033512
2026-04-27 12:15:00,0.00036145833948353356,0.0001652483958270048
2026-04-27 12:20:00,-8.502804868015801e-05,0.0003770060933667538
2026-04-27 12:25:00,-1.7002609901339838e-05,0.00036322002825860843
2026-04-27 12:30:00,-0.00035057489329304303,-0.0007201337305117343
2026-04-27 12:35:00,-0.001315536589597599,-0.0006412081951284445
2026-04-27 12:40:00,-0.0013535611663044733,-0.0008096121153610914
2026-04-27 12:45:00,-0.0011815358789100117,-0.0009368649298804571
2026-04-27 12:50:00,-0.0012939787183547935,-0.0012040480968350988
2026-04-27 12:55:00,-0.0007966714428011556,-0.001295413505325473
2026-04-27 13:00:00,-0.00012113110969913521,-0.0012474604414776853
2026-04-27 13:05:00,-0.00026771884581933136,-0.0009026714826304523
2026-04-27 13:10:00,0.001081479713992195,-0.0010472353065386808
2026-04-27 13:15:00,0.00154217102776677,-0.0006561596551376861
2026-04-27 13:20:00,0.0010687019052308955,-0.0003187262308433213
2026-04-27 13:25:00,0.000395235924866455,-0.000407288160170854
2026-04-27 13:30:00,-0.000221031580785791,-0.00023131638313842308
2026-04-27 13:35:00,-9.995799645778902e-05,-0.0003621400795085912
2026-04-27 13:40:00,-0.0008913329633433165,0.00036792711917805484
2026-04-27 13:45:00,0.00010205817324759892,0.00036698580029646865
2026-04-27 13:50:00,-0.00011907065369065606,0.0002724915807503173
2026-04-27 13:55:00,-0.001293020211326379,3.3335142397147705e-06
2026-04-27 14:00:00,-0.0020124968765600215,0.0003030681407644523
2026-04-27 14:05:00,-0.0020059205825830873,-0.0009378056641486173
2026-04-27 14:10:00,-0.0027878776293057683,-0.0015086325297925848
2026-04-27 14:15:00,-0.002229053618057364,-0.001969431665055464
2026-04-27 14:20:00,-0.0021385471562265224,-0.002003554404301658
2026-04-27 14:25:00,-0.001454217912689515,-0.0018537158487383978
2026-04-27 14:30:00,-0.002306742282671692,-0.0017081353656924214
2026-04-27 14:35:00,-0.0020268349575811584,-0.0018101921715782405
2026-04-27 14:40:00,-0.0010881196940459859,-0.0001352615660270221
2026-04-27 14:45:00,-0.002919144385911565,1.0473703548961161e-06
2026-04-27 14:50:00,-0.001598194019544863,-0.0012549078714114408
2026-04-27 14:55:00,-0.000747225878990676,-0.001129657011029679
2026-04-27 15:00:00,-0.0004046901513170553,-0.00030907455817244105
2026-04-27 15:05:00,-0.0015897238166751038,0.00023535190374027764
2026-04-27 15:10:00,-0.000685932447638038,-6.79445614600952e-05
2026-04-27 15:15:00,-0.0011494033946792825,-5.873856923226271e-05
2026-04-27 15:20:00,-0.001190297619086067,-0.0003753573647269456
2026-04-27 15:25:00,-0.0023793533720972704,0.0002977025182675291
2026-04-27 15:30:00,-0.0016887393696265462,-0.00036930707084203323
2026-04-27 15:35:00,0.00030684389983726135,-0.0004815711703881308
2026-04-27 15:40:00,8.734880406890966e-05,-0.0003133050591788216
2026-04-27 15:45:00,0.0002515819829405075,-0.0004916124705565643
2026-04-27 15:50:00,-0.0030075210639566308,-7.308581666908384e-05
2026-04-27 15:55:00,-0.0035927671347888435,-0.0003833519270663242
2026-04-27 16:00:00,-0.005464412758907855,-0.0013100932944528861
2026-04-27 16:05:00,-0.0038312462928615787,-0.001905413393753026
2026-04-27 16:10:00,-0.003868765861108514,-0.0020300431045931445
2026-04-27 16:15:00,-0.0037083704776268434,-0.0027337003645598284
2026-04-27 16:20:00,-0.004163327789338922,-0.0033401555514178966
2026-04-27 16:25:00,-0.0016990435230113121,-0.0034410487895165814
2026-04-27 16:30:00,-0.0015163231861539117,-0.002775369006733919
2026-04-27 16:35:00,-0.0031068781686354185,-0.0024552559631163488
2026-04-27 16:40:00,-0.0035191578397899548,-0.0032008226667093807
2026-04-27 16:45:00,-0.0035664289835430907,-0.0034007885151425567
2026-04-27 16:50:00,-0.001971522623628985,-0.003126319871943528
2026-04-27 16:55:00,-0.0018676139233484434,-0.0028314961948094687
2026-04-27 17:00:00,0.00048826871167761965,-0.0028937942679840224
2026-04-27 17:05:00,0.0004345038965016812,-0.0024131253181865716
2026-04-27 17:10:00,1.2835212979567245e-05,-0.0023747161431257333
2026-04-27 17:15:00,-0.00018385575498847118,-0.001883640410799972
2026-04-27 17:20:00,0.00038931147976484226,-0.00162762879345274
2026-04-27 17:25:00,-0.0009382718320907202,-0.0010783644523951995
2026-04-27 17:30:00,-0.00014748364080396925,-0.0021410799198655407
2026-04-27 17:35:00,-0.0003270394304042412,-0.0019123202554507887
2026-04-27 17:40:00,-0.0005196388306369926,-0.0014381289523178326
2026-04-27 17:45:00,0.0003828791057873815,-0.0014020164329623438
2026-04-27 17:50:00,0.0009028495999565678,-0.0004113135886106979
2026-04-27 17:55:00,0.0015191718087770312,-0.0007080093437885345
2026-04-27 18:00:00,0.0007276774569877631,-0.00010478026200211478
2026-04-27 18:05:00,8.773403326500784e-05,-0.001047201590693947
2026-04-27 18:10:00,-0.0001069651423009077,-0.0007177170644216426
2026-04-27 18:15:00,-0.0012023089199768577,-0.0011506614264571759
2026-04-27 18:20:00,-0.00022030601235734082,-0.0008773598807565621
2026-04-27 18:25:00,0.0007331668539425351,-0.0008932963242300691
2026-04-27 18:30:00,0.0015506958810060922,-0.0002277010914521864
2026-04-27 18:35:00,0.0006432895612498157,-0.0008432413905895979
2026-04-27 18:40:00,0.001773785208815326,-0.00012014925997307671
2026-04-27 18:45:00,0.0013079552030710317,0.00040050262519244193
2026-04-27 18:50:00,0.0012587771436312067,0.0003524670088278459
2026-04-27 18:55:00,0.0010834063608804456,0.0007208637471029078
2026-04-27 19:00:00,0.0013170331033691696,0.0005858333416394527
2026-04-27 19:05:00,0.001810736857306594,0.0008804543264605479
2026-04-27 19:10:00,0.001571236651091823,0.001010905308201042
2026-04-27 19:15:00,0.0022451354159400694,0.0005947200787445598
2026-04-27 19:20:00,0.001991683459390714,0.0006813844006478969
2026-04-27 19:25:00,0.0008351123561904927,0.00124435805518123
2026-04-27 19:30:00,-0.00043335465205629475,0.0005738544558804438
2026-04-27 19:35:00,0.000587361493021632,-0.0003077671965808081
2026-04-27 19:40:00,-0.0001387973955306876,-2.7013343364959648e-05
2026-04-27 19:45:00,0.00035661244186613317,-0.0004192398690930528
2026-04-27 19:50:00,0.00036301981632647085,2.6943481494096353e-05
2026-04-27 19:55:00,-0.00041228260954362383,-0.002842509870851989
2026-04-27 20:00:00,-0.00023505730164252725,-0.002134779487137705
2026-04-27 20:05:00,-0.0005020600590643909,-0.0017752690668930578
2026-04-27 20:10:00,-0.0002456768891292427,-0.0014619364580662677
2026-04-27 20:15:00,-4.6989269367969655e-05,-0.0011319296497399223
2026-04-27 20:20:00,-0.00030106236808968845,-0.0007113120748529035
2026-04-27 20:25:00,-0.0003630066384658903,-0.0010092975677253686
2026-04-27 20:30:00,-0.0009249755797320347,-0.000997845933216973
2026-04-27 20:35:00,-0.0011772059279735458,-0.0008657636979449082
2026-04-27 20:40:00,-0.0005511089604972597,-0.0004928034847289994
2026-04-27 20:45:00,-0.0005787587175571929,-0.0006429690933751043
2026-04-27 20:50:00,-0.0008137748386083388,-0.0004726013685106507
2026-04-27 20:55:00,0.00017945995420554084,-0.000521935206021273
2026-04-27 21:00:00,6.411386623383919e-06,-0.0007696631683663168
2026-04-27 21:05:00,-1.7095843572789704e-05,-0.0005523532512711154
2026-04-27 21:10:00,-0.00025001148687131547,-0.0005344455670630165
2026-04-27 21:15:00,-0.0004999316436933299,-0.0003002376893119622
2026-04-27 21:20:00,-0.000749847021486616,-0.0006764062926942527
2026-04-27 21:25:00,-0.0005084307757137196,-0.000860995367437308
2026-04-27 21:30:00,7.693589961021985e-05,-0.0006212571994135318
2026-04-27 21:35:00,0.0004103633910865767,-0.0007265339885420453
2026-04-27 21:40:00,4.273330784343443e-06,-0.00028064001680326963
2026-04-27 21:45:00,-0.000202965215663653,-0.0005734627548421052
2026-04-27 21:50:00,-0.000145310323272696,-0.0005490846948086859
2026-04-27 21:55:00,0.00020292186189685424,-0.0006897999024607884
2026-04-27 22:00:00,0.0007647971524118446,-0.000439130488935756
2026-04-27 22:05:00,0.0020835386694351143,-0.00021415293260158415
2026-04-27 22:10:00,0.0021199090379599994,-0.00039917853755293964
2026-04-27 22:15:00,0.001810531035539853,3.3456444158621077e-06
2026-04-27 22:20:00,0.0018085021588962746,-5.3172825459038686e-05
2026-04-27 22:25:00,0.002072690019010892,6.749715178753487e-05
2026-04-27 22:30:00,0.0020430455519573343,-0.00117900666794476
2026-04-27 22:35:00,0.001774164916112042,-0.00042581764744879325
2026-04-27 22:40:00,0.0015500138676109998,-7.1777801355952945e-06
2026-04-27 22:45:00,0.001486033482892779,0.00018958676968287445
2026-04-27 22:50:00,0.0017465985278821705,0.0006213388966594513
2026-04-27 22:55:00,0.0012593304161843122,0.0009210028782808122
2026-04-28 00:00:00,0.0012314181750756603,0.00017864225500828946
2026-04-28 00:05:00,-0.00020047987270466194,-0.0010808343310316048
2026-04-28 00:10:00,0.00017059278902920028,-0.0014420451690900964
2026-04-28 00:15:00,0.0006781049147353002,-0.001191570398388766
2026-04-28 00:20:00,0.0006845408139533049,-0.0009915579440398722
2026-04-28 00:25:00,0.0002494576441325336,-0.0004301288437999501
2026-04-28 00:30:00,0.0006822198846005989,-0.0004583183344571542
2026-04-28 00:35:00,0.0011810303196337912,1.0985004087476418e-05
2026-04-28 00:40:00,0.0014943623123429006,-7.793688465929767e-05
2026-04-28 00:45:00,0.0016159018455752516,0.00028114619308784207
2026-04-28 00:50:00,0.0015582586046143376,0.0005510618290177606
2026-04-28 00:55:00,0.0009700965846910492,0.0007743390803784855
2026-04-28 01:00:00,0.001824063649022989,0.000891439159968866
2026-04-28 01:05:00,0.0026520383505932443,0.0009793708046813513
2026-04-28 01:10:00,0.0017022005952895825,0.0011823130629187793
2026-04-28 01:15:00,0.0012781922990825478,0.0005583060192254824
2026-04-28 01:20:00,0.0012931637760580372,0.0001881484874059788
2026-04-28 01:25:00,0.0009524835074277149,0.0007515698257967615
2026-04-28 01:30:00,0.0002684964216612684,0.0008676735816628109
2026-04-28 01:35:00,-0.0003686557425783832,0.0008598153052082052
2026-04-28 01:40:00,-0.00014060083446310045,0.00048123635466708385
2026-04-28 01:45:00,-0.00018959466209444997,0.00040321265967192767
2026-04-28 01:50:00,-0.00034938442654741664,0.0005727786313523847
2026-04-28 01:55:00,-0.0005094498797664215,0.000334428777412719
2026-04-28 02:00:00,-0.001529772260040474,0.00040124681501629606
2026-04-28 02:05:00,-0.0024153057709259684,0.0002547219420438313
2026-04-28 02:10:00,-0.002115938402324602,-0.0002516689141268941
2026-04-28 02:15:00,-0.0016768964094175942,-0.0004515962620530316
2026-04-28 02:20:00,-0.0015575414453596892,-0.00045451137060985373
2026-04-28 02:25:00,-0.0015581124630603682,-0.0006959259225994214
2026-04-28 02:30:00,-0.0018511059669510388,-0.0009381082160388039
2026-04-28 02:35:00,-0.00031548969377759306,-0.0007516053366544438
2026-04-28 02:40:00,-0.0013537614778798002,-0.0008155129226485755
2026-04-28 02:45:00,-0.001891522727509809,-0.0008974436534054811
2026-04-28 02:50:00,-0.0025943727788391158,-0.0010691365230959462
2026-04-28 02:55:00,-0.004354754261687077,-0.001468039763776469
2026-04-28 03:00:00,-0.0037084233867812344,-0.0014657621571903165
2026-04-28 03:05:00,-0.0029664011398882195,0.0012495056638051644
2026-04-28 03:10:00,-0.002261519170801307,0.0006663658065367824
2026-04-28 03:15:00,-0.002404119331238519,0.0009050208374667904
2026-04-28 03:20:00,-0.002855036847853043,-0.00025158306144896386
2026-04-28 03:25:00,-0.002652878389325153,-0.000967543918032729
2026-04-28 03:30:00,-0.002359363639159895,-0.0003813276842449625
2026-04-28 03:35:00,-0.0040376646685178486,-0.0015046566701795877
2026-04-28 03:40:00,-0.00348770468727011,0.00012190804607193636
2026-04-28 03:45:00,-0.0031212546264107743,-0.0001806975406917275
2026-04-28 03:50:00,-0.002252058119429634,-0.0019856514255772464
2026-04-28 03:55:00,-0.0001306362307520459,-0.0009843956931909915
2026-04-28 04:00:00,-0.0003210747039990025,0.00020458299636205035
2026-04-28 04:05:00,-0.0005412650544460718,9.879868131932614e-06
2026-04-28 04:10:00,-0.0009582560474541424,-0.0001280851894682761
2026-04-28 04:15:00,-0.0009260378754660792,-0.00043953861804209965
2026-04-28 04:20:00,-0.0006652812234975158,-0.00043808667527596906
2026-04-28 04:25:00,-0.00010694615271411578,-0.0002960053104018852
2026-04-28 04:30:00,-0.0002760500887948325,-6.501943900249924e-05
2026-04-28 04:35:00,0.0003938019056128894,-0.00029239969182022653
2026-04-28 04:40:00,0.00018837309916541756,0.00013711996002233062
2026-04-28 04:45:00,0.00030614265844697286,3.9451059852507266e-06
2026-04-28 04:50:00,-0.00015203084328341276,5.500016409723561e-05
2026-04-28 04:55:00,0.00040256184043307996,-8.620640714481696e-05
2026-04-28 05:00:00,-0.000698158047645947,0.0007445640788499313
2026-04-28 05:05:00,-0.0011005482440040737,0.00026123790550958007
2026-04-28 05:10:00,-0.0006593340964720085,0.00039923865516371245
2026-04-28 05:15:00,-0.0010982413188358464,9.835223942737405e-05
2026-04-28 05:20:00,-0.0012847527333743614,-0.00011805825581820512
2026-04-28 05:25:00,-0.0016012813669732395,-1.9222080144320823e-05
2026-04-28 05:30:00,-0.0007793431645257698,0.0001742825685493089
2026-04-28 05:35:00,-0.0009333910601156958,5.569889888425628e-05
2026-04-28 05:40:00,-0.00044958542559037085,0.0004715521605167868
2026-04-28 05:45:00,-0.0008394400229114751,0.0006259979210183424
2026-04-28 05:50:00,-0.0003705381519978346,5.5405027724847506e-05
2026-04-28 05:55:00,-0.0007110167195722994,-4.170168861197624e-05
2026-04-28 06:00:00,-0.0009495058675010881,-0.00017586111116085917
2026-04-28 06:05:00,-0.0029178120820461118,-0.00013712100145671857
2026-04-28 06:10:00,-0.003698606728098852,-0.0004045775819784087
2026-04-28 06:15:00,-0.0028378853969304174,-0.000723162508659074
2026-04-28 06:20:00,-0.0018143103843861752,-0.0008256466781407974
2026-04-28 06:25:00,-0.0020953824553497924,-0.0013577691403965611
2026-04-28 06:30:00,-0.005270053494292881,-0.0012003818943272957
2026-04-28 06:35:00,-0.006784640831414279,-0.0006852980959353591
2026-04-28 06:40:00,-0.009609355312559131,-0.0011094019784111274
2026-04-28 06:45:00,-0.008560861677343823,-0.0014195910809205123
2026-04-28 06:50:00,-0.007700922874699145,-0.002092766254737853
2026-04-28 06:55:00,-0.007759729409064775,-0.0013837176338020096
2026-04-28 07:00:00,-0.006248884299214552,-0.0012840814050276098
2026-04-28 07:05:00,-0.0029866890849987726,-0.002688591349963857
2026-04-28 07:10:00,-0.0024834147001158158,-0.0016935072071625065
2026-04-28 07:15:00,-0.004708930784476095,-0.0021065488154033856
2026-04-28 07:20:00,-0.007117375775086643,-0.0026865346135727204
2026-04-28 07:25:00,-0.00563011816234571,-0.003705953788021495
2026-04-28 07:30:00,-0.0031529507910548205,-0.004122775828286051
2026-04-28 07:35:00,-0.0011219495479775077,-0.000650579196596248
2026-04-28 07:40:00,0.0011063525638963512,-0.0006708922209141758
2026-04-28 07:45:00,-0.00043440440274444825,-0.0004172974308116353
2026-04-28 07:50:00,-0.001263694237554347,-0.0006364021580949608
2026-04-28 07:55:00,-0.0006673743818268463,-0.0006650983709556599
2026-04-28 08:00:00,0.0010826363033213937,-0.0004923980407376697
2026-04-28 08:05:00,-0.00131110511718191,-0.0003643398698054564
2026-04-28 08:10:00,-0.0014813619592590754,-0.001137740443946473
2026-04-28 08:15:00,-2.158246985572987e-05,-0.0010672077229487821
2026-04-28 08:20:00,0.0009226857073265649,-0.0003015769652759588
2026-04-28 08:25:00,-0.00029367814813774373,-1.2053387530238749e-05
2026-04-28 08:30:00,-0.0005833713410350327,-0.00079009934573774
2026-04-28 08:35:00,-0.0010713415039838026,5.6387803618045665e-05
2026-04-28 08:40:00,-0.0002959158238287074,-0.0008004221309952031
2026-04-28 08:45:00,0.0004689757504472425,-0.00035180206559645315
2026-04-28 08:50:00,-2.5938655083379558e-05,-0.00041849810287802907
2026-04-28 08:55:00,0.0008810991849728111,-0.0004146856521256793
2026-04-28 09:00:00,-0.004112476691195965,-0.0007439485282768071
2026-04-28 09:05:00,-0.0026490138952830478,-0.0003538173372266905
2026-04-28 09:10:00,-0.0029671592276923064,-0.0003150838041897525
2026-04-28 09:15:00,-0.0023552861107045686,-0.0008794040604033001
2026-04-28 09:20:00,-0.0018397320175456144,-0.0007844431820350895
2026-04-28 09:25:00,-0.0006243525785620818,-0.0010161098396658389
2026-04-28 09:30:00,0.001170720040056139,-0.0008924747415182785
2026-04-28 09:35:00,0.00044725183940563795,-0.0013598136753120984
2026-04-28 09:40:00,-0.00022469531194246883,-0.0005319540149012492
2026-04-28 09:45:00,-0.0004516824165943234,-0.0008870656894485831
2026-04-28 09:50:00,0.00032418484006591086,-0.0006558231532579294
2026-04-28 09:55:00,-0.0006845122362015843,-0.00041325009708049516
2026-04-28 10:00:00,0.0005495967958797365,-0.000775097149299637
2026-04-28 10:05:00,0.0011698019482153654,-0.0001650236657871241
2026-04-28 10:10:00,0.0009907523388985595,-0.00042234588482568995
2026-04-28 10:15:00,-3.894123119607684e-05,-0.00019757963052460787
2026-04-28 10:20:00,-0.0011301613522984866,-0.0007034194429936107
2026-04-28 10:25:00,-0.0018537490721310945,-0.00026145567499571954
2026-04-28 10:30:00,-0.004355005233477982,-0.0014310040445132026
2026-04-28 10:35:00,-0.004114907008608171,-0.0011369565830245067
2026-04-28 10:40:00,-0.0031098637095912096,-0.0013510869164460838
2026-04-28 10:45:00,-0.003495000341965593,-0.0012425232275929
2026-04-28 10:50:00,-0.003485085859795234,-0.0020186128954002656
2026-04-28 10:55:00,-0.0052497992718656405,-0.00184487395284468
2026-04-28 11:00:00,-0.003265225892832291,-0.0034141507000330566
2026-04-28 11:05:00,-0.003734744679229962,-0.0017813002469587768
2026-04-28 11:10:00,-0.002660811135783092,-0.0028415387311354384
2026-04-28 11:15:00,-0.0016564056328807197,-0.002396441970208098
2026-04-28 11:20:00,-0.0007411436922701853,-0.002493754138346586
2026-04-28 11:25:00,-0.0015709118092317453,-0.002394866755625818
2026-04-28 11:30:00,5.420248096932312e-05,-0.0021447977017991764
2026-04-28 11:35:00,0.0009864360434921338,-0.001269987306119821
2026-04-28 11:40:00,8.669981490072587e-06,-0.0004708201061883914
2026-04-28 11:45:00,0.0008044555560182687,-0.0009248581485752421
2026-04-28 11:50:00,-0.00034483918148531245,-0.0002681158498007485
2026-04-28 11:55:00,-0.00017155955275960366,-0.0005494099904339837
2026-04-28 12:00:00,-0.0004037474766356297,-3.10730751775545e-05
2026-04-28 12:05:00,-0.0017998170304860395,-0.0005446199337860245
2026-04-28 12:10:00,-0.003094045079240715,-0.0007472098508291276
2026-04-28 12:15:00,-0.0037647082853933256,-0.00147260894567509
2026-04-28 12:20:00,-0.0024918398668560826,-0.002321735484096824
2026-04-28 12:25:00,-0.002666442424162696,-0.002222844605836095
2026-04-28 12:30:00,-0.004689610413118217,-0.0021613979870609566
2026-04-28 12:35:00,-0.009663341502282208,-0.0028090003869696177
2026-04-28 12:40:00,-0.009016082421583249,-0.004386019214758026
2026-04-28 12:45:00,-0.011758031380470158,-0.004225605032493792
2026-04-28 12:50:00,-0.011181465499396026,-0.004111635526676264
2026-04-28 12:55:00,-0.008856719587038597,-0.004904491113517994
2026-04-28 13:00:00,-0.007997749474876414,-0.0038778780016584945
2026-04-28 13:05:00,-0.006881691317369487,-0.005821518765679568
2026-04-28 13:10:00,-0.0036578724715194966,-0.006081352791523053
2026-04-28 13:15:00,-0.003923052280162764,-0.004088981228308492
2026-04-28 13:20:00,-0.005115969986688285,-0.0036554187519714496
2026-04-28 13:25:00,-0.0041483981204279985,-0.004771156316144866
2026-04-28 13:30:00,-0.002534313809682942,-0.003857123739690697
2026-04-28 13:35:00,0.0030257473571850824,-0.003187813108094904
2026-04-28 13:40:00,0.0032883848871794186,0.00011197487226438206
2026-04-28 13:45:00,0.00850370143653656,-2.7931420710031334e-05
2026-04-28 13:50:00,0.007924575956451463,0.001348526907627236
2026-04-28 13:55:00,0.006689061189023349,0.0019039331155642659
2026-04-28 14:00:00,0.0032229228864775195,0.0029404883092414426
2026-04-28 14:05:00,0.00038720644165302076,0.002458492065232484
2026-04-28 14:10:00,-0.0011749240271718975,0.002091363792580977
2026-04-28 14:15:00,-0.00037130713642063995,-0.0014525617576633322
2026-04-28 14:20:00,-0.00015073812556209987,-0.0008416222349450156
2026-04-28 14:25:00,0.00012007462106389255,-0.000574233774591209
2026-04-28 14:30:00,-0.000310141859623414,-0.0005906441206065992
2026-04-28 14:35:00,-0.0011021906333983367,-0.001011281414353877
2026-04-28 14:40:00,-0.0012629803430215247,-0.002351079706565946
2026-04-28 14:45:00,-0.00269570701230748,-0.002256285562381424
2026-04-28 14:50:00,-0.0029640887737958366,-0.003247868686854374
2026-04-28 14:55:00,-0.0031828068245296492,-0.00296272602125711
2026-04-28 15:00:00,-0.0039760701579840685,-0.0031925857598068515
2026-04-28 15:05:00,-0.0005119319636097686,-0.0020734228593446823
2026-04-28 15:10:00,-0.0016117589700197499,0.00044335050546128976
2026-04-28 15:15:00,-0.0012437907707116835,-0.0005048755546729822
2026-04-28 15:20:00,-0.0020185834566106564,-0.0003684716807697404
2026-04-28 15:25:00,-0.0020147947770432495,-0.0008771128946446627
2026-04-28 15:30:00,-0.0016527989840540158,-0.001664443195892383
2026-04-28 15:35:00,-0.004159966434633233,-0.0013534737758479612
2026-04-28 15:40:00,-0.0038138771468734234,-0.0014870372177817467
2026-04-28 15:45:00,-0.005170003700591508,-0.002165942927817746
2026-04-28 15:50:00,-0.0039892099426044325,-0.002150298861558253
2026-04-28 15:55:00,-0.0009502641247660648,-0.0021159407066375147
2026-04-28 16:00:00,0.0022511864328702558,-0.001634573768063595
2026-04-28 16:05:00,0.0005009959861030922,9.047715372762191e-05
2026-04-28 16:10:00,0.0008510350214638862,-0.0013989853307593766
2026-04-28 16:15:00,0.00024275905626858219,-0.0011819914224722931
2026-04-28 16:20:00,0.0008206093758307276,-0.002059312664159141
2026-04-28 16:25:00,0.0010756450534259443,-0.0006762655446344484
2026-04-28 16:30:00,0.0002406565121244597,-0.0009265844983035083
2026-04-28 16:35:00,0.004081348022161535,-0.0020293330388818417
2026-04-28 16:40:00,0.0030234305907796966,0.00012904378359397588
2026-04-28 16:45:00,0.004264725211113429,-6.93406027925399e-05
2026-04-28 16:50:00,0.0043754750583921975,0.0007892417290652411
2026-04-28 16:55:00,0.002444828879244909,-0.00029441133450911036
2026-04-28 17:00:00,0.001650709459186217,-0.0028119089114522528
2026-04-28 17:05:00,0.0029527408541625277,-0.0031625455898072587
2026-04-28 17:10:00,0.0027864964756769695,-0.0021953606335926674
2026-04-28 17:15:00,0.001704214409310012,-0.001498903391301488
2026-04-28 17:20:00,0.002261393959948066,-0.0006013135637465147
2026-04-28 17:25:00,0.0013472956228888222,-0.001019810965346249
2026-04-28 17:30:00,0.0020825396582218048,-0.0004259697084911835
2026-04-28 17:35:00,0.001318224865263673,0.000769251816349151
2026-04-28 17:40:00,0.0015606398952314748,-0.0009982542006047547
2026-04-28 17:45:00,0.001046994893387776,-0.0010463503719021399
2026-04-28 17:50:00,0.0022448019399554653,-0.00229335281508271
2026-04-28 17:55:00,0.0012637268546029645,-0.0022562817208929874
2026-04-28 18:00:00,0.0013713341041849958,-0.00020119907829834114
2026-04-28 18:05:00,0.001257506793772123,-0.00025066862999779157
2026-04-28 18:10:00,0.0018018435092752583,-0.0026375678377874574
2026-04-28 18:15:00,0.0017013150030660285,-0.0007317930845840818
2026-04-28 18:20:00,0.002863639212101532,0.00029735094058516037
2026-04-28 18:25:00,0.0024671513225875685,0.0009197202172889858
2026-04-28 18:30:00,0.003264757498373072,0.0010506709852686558
2026-04-28 18:35:00,0.0030531715047050767,-0.0031680336448526997
2026-04-28 18:40:00,0.003029193395997609,-0.006099102566528332
2026-04-28 18:45:00,0.0025018003575230097,-0.001103809520007592
2026-04-28 18:50:00,0.0008377843380458216,-0.00068013530975687
2026-04-28 18:55:00,0.000589918506046061,0.0007459081605379138
2026-04-28 19:00:00,0.0008536808971637555,0.00043620696772334467
2026-04-28 19:05:00,0.0011014703346603483,-0.0024255778532139742
2026-04-28 19:10:00,0.0004940136313305032,-0.0017892714373263527
2026-04-28 19:15:00,0.0020225403592153413,-0.0005489353059062051
2026-04-28 19:20:00,0.0009418562223064697,0.0008676123449310368
2026-04-28 19:25:00,0.00117042026657721,0.0008748607073563233
2026-04-28 19:30:00,-0.0001479692313726133,0.0009526409729421416
2026-04-28 19:35:00,-0.0004958871914766405,0.0005782769955540213
2026-04-28 19:40:00,-0.00024138909756032945,-0.006816065913067952
2026-04-28 19:45:00,-6.959123849092919e-05,-0.00468994707484866
2026-04-28 19:50:00,-0.0005352305861929807,-0.0035809091228891647
2026-04-28 19:55:00,-0.00017193292917205838,-0.005098215494684928
2026-04-28 20:00:00,0.0004396226280576343,-0.0026607267951408763
2026-04-28 20:05:00,0.00010007353237462269,-0.0047864593720527305
2026-04-28 20:10:00,-5.874654457826978e-05,-0.0009171326632884718
2026-04-28 20:15:00,-0.000654863910705572,-0.004517328371368291
2026-04-28 20:20:00,-0.0007721260710784605,-0.004215184112230494
2026-04-28 20:25:00,-0.0005915654254646796,-0.0032905613056018685
2026-04-28 20:30:00,0.0003350754386239885,-0.0020919648139516495
2026-04-28 20:35:00,0.0004219547005064328,-0.0018861820485266195
2026-04-28 20:40:00,0.00017180542534234178,-0.001127295528123652
2026-04-28 20:45:00,4.349594291852554e-06,-0.0006318289358875286
2026-04-28 20:50:00,1.5234099137728663e-05,-0.0003001574838019609
2026-04-28 20:55:00,0.0002480962974562573,-0.0003086440796050636
2026-04-28 21:00:00,0.0003828800457501558,-0.00024222004687144577
2026-04-28 21:05:00,0.00026753874305462944,-0.0002648232064869754
2026-04-28 21:10:00,0.0003676530614811213,-3.5087803321831965e-05
2026-04-28 21:15:00,-0.00010446978329881063,0.00010743421087051036
2026-04-28 21:20:00,-0.0007313505933002062,5.93063270369555e-05
2026-04-28 21:25:00,-0.0007856699437063241,-0.00010596865733325223
2026-04-28 21:30:00,-0.0005483637355645499,-0.00011775899554440794
2026-04-28 21:35:00,-0.0009050286267378027,-0.00018303410429040563
2026-04-28 21:40:00,-0.0010900511619222897,-0.00041136409182968725
2026-04-28 21:45:00,-0.0010705707250959762,-0.0003942797109616439
2026-04-28 21:50:00,0.0002567684615399912,-0.0005609046147354749
2026-04-28 21:55:00,0.0002589120703397896,0.00020503422144547715
2026-04-28 22:00:00,0.00016746393311883878,-1.606924789585321e-05
2026-04-28 22:05:00,-0.0005569091685870831,-0.00044362394686665754
2026-04-28 22:10:00,-0.00021970539987314908,-0.0003838155422319873
2026-04-28 22:15:00,0.00054834464398823,-0.00040175994798584516
2026-04-28 22:20:00,0.0008684193030124021,1.1822273482351468e-05
2026-04-28 22:25:00,0.0006877669176645895,0.00021355077948245112
2026-04-28 22:30:00,0.0006223263018370062,0.00012267859605457268
2026-04-28 22:35:00,-3.700176847232228e-05,-0.00013849370374772487
2026-04-28 22:40:00,6.09523809700363e-05,-0.00025739591875807466
2026-04-28 22:45:00,0.0002068051978607599,-9.493136415264606e-05
2026-04-28 22:50:00,-0.00021759612938865303,-5.439921761268003e-05
2026-04-28 22:55:00,-0.0005461870946223968,-0.0001800078789868249
2026-04-29 00:00:00,-0.0010291502804005148,-0.00020970662302401182
2026-04-29 00:05:00,-0.0009818724507155707,-0.00034108592947329594
2026-04-29 00:10:00,-0.0012495402926280264,-9.627869095974229e-05
2026-04-29 00:15:00,-0.0010469028631625577,-0.00028093011424812516
2026-04-29 00:20:00,-0.0009489876364359162,-0.00011490807626202541
2026-04-29 00:25:00,-0.000929468234806663,-0.0003386672173729655
2026-04-29 00:30:00,-0.0012254383345666753,-0.0004194031357183389
2026-04-29 00:35:00,-0.0012697722976930947,-0.0004884784078483818
2026-04-29 00:40:00,-0.0008449569857766903,0.0002533729254326323
2026-04-29 00:45:00,-0.0010409907338022606,-7.459773048036214e-05
2026-04-29 00:50:00,-0.0005768588346981574,-7.694421119345152e-05
2026-04-29 00:55:00,0.0002807469628667292,-0.0007017697350082764
2026-04-29 01:00:00,0.0029149881575847303,-0.00047809903719484964
2026-04-29 01:05:00,0.00377200190258975,-6.228054109102446e-05
2026-04-29 01:10:00,0.0036614785950899176,0.0006449554625123647
2026-04-29 01:15:00,0.0018797243385115792,0.0009200240450624142
2026-04-29 01:20:00,0.0022817080722354888,0.0008145525512082969
2026-04-29 01:25:00,0.001881983883063043,0.0014305654304014501
2026-04-29 01:30:00,0.0023059730543106838,0.0016517187134859634
2026-04-29 01:35:00,0.003172498988995187,0.002004945329835323
2026-04-29 01:40:00,0.0030259117947366576,0.0017047809310685052
2026-04-29 01:45:00,0.002285272528350646,-0.00018289802291531523
2026-04-29 01:50:00,0.00124037906214447,0.0013587288492579721
2026-04-29 01:55:00,0.001056990589844986,-0.00043664605009315327
2026-04-29 02:00:00,-0.005391024627618535,-0.0004894448048494851
2026-04-29 02:05:00,-0.005880513588818914,-0.0005364187463881291
2026-04-29 02:10:00,-0.005486346351686322,-0.0012148436493496662
2026-04-29 02:15:00,-0.003398701489601308,-0.0010524916348110245
2026-04-29 02:20:00,-0.003746133906476601,0.0002260506924395795
2026-04-29 02:25:00,-0.00459696800151832,-0.000978597686195897
2026-04-29 02:30:00,-0.0034129874539488014,-0.001060155262444399
2026-04-29 02:35:00,-0.003918125011439955,-0.000922850340651962
2026-04-29 02:40:00,-0.002888666610356694,-0.0018766998424457513
2026-04-29 02:45:00,-0.003488770666693952,-0.0027267964285617808
2026-04-29 02:50:00,-0.003557695327033983,-0.0030135921118939436
2026-04-29 02:55:00,-0.00325065468014607,-0.002974191622479177
2026-04-29 03:00:00,0.0022604988170566997,-0.0033707263919540275
2026-04-29 03:05:00,0.0038517055666300593,0.0002901491817141457
2026-04-29 03:10:00,0.0041072559634187655,0.0020008284582086876
2026-04-29 03:15:00,0.0035508393528793647,0.002769683423459764
2026-04-29 03:20:00,0.002874522620336606,0.0015987192502493277
2026-04-29 03:25:00,0.004186062252948375,0.0022566280036248275
2026-04-29 03:30:00,0.002858734198193602,0.0033776985642392722
2026-04-29 03:35:00,0.002468031762244749,0.0028012293782421617
2026-04-29 03:40:00,0.0014083972832263925,0.002082271792691785
2026-04-29 03:45:00,0.003467030780088365,0.00191375709428529
2026-04-29 03:50:00,0.002476257758424083,0.002721173013840254
2026-04-29 03:55:00,0.0018432622672381882,0.003064876338335864
2026-04-29 04:00:00,0.0009815177314251855,0.002346984978277316
2026-04-29 04:05:00,0.00020871833970836917,0.0015298084968467511
2026-04-29 04:10:00,0.00015429197940619588,0.0006478979490840033
2026-04-29 04:15:00,-0.0002477792256314615,3.7703942221761084e-05
2026-04-29 04:20:00,0.00019351549217105912,0.0001980549831904726
2026-04-29 04:25:00,-3.4793424916301774e-05,0.0007409346948116477
2026-04-29 04:30:00,-0.0005763143660697523,0.0003879919263008751
2026-04-29 04:35:00,-0.0003372795067217993,0.0004954764150995421
2026-04-29 04:40:00,-0.0007115695630979246,0.0009172952398745914
2026-04-29 04:45:00,-0.001481599397296307,0.0007819988837401907
2026-04-29 04:50:00,0.0004287982722228634,0.00079606549673381
2026-04-29 04:55:00,0.0003504018230628958,0.0019330009989006638
2026-04-29 05:00:00,0.00016965483981046248,0.001632975027398986
2026-04-29 05:05:00,4.3477504744871e-05,0.0018402427577659363
2026-04-29 05:10:00,-0.0002520949976840825,0.0013228244520828458
2026-04-29 05:15:00,-8.912859414245133e-05,0.0009236723897446768
2026-04-29 05:20:00,-6.522575723977297e-05,0.0009459881840293372
2026-04-29 05:25:00,0.0007630028770826414,0.0006174764688540195
2026-04-29 05:30:00,0.001250072177807482,0.0008097807431778597
2026-04-29 05:35:00,0.0018264765830995344,0.0008835123761793316
2026-04-29 05:40:00,0.0018377300838832156,0.0009040957592596324
2026-04-29 05:45:00,0.002429019812060673,0.0011442830515546584
2026-04-29 05:50:00,0.0020131098029860794,0.00255999356231031
2026-04-29 05:55:00,0.0020607493375148778,0.00028292516744319674
2026-04-29 06:00:00,0.0014930257620093812,0.0005683759096905071
2026-04-29 06:05:00,0.0005194099706571365,-8.424683152479349e-05
2026-04-29 06:10:00,6.954979550677365e-05,-4.0355539506606154e-05
2026-04-29 06:15:00,0.00023693411712066847,-0.00016560167960485547
2026-04-29 06:20:00,0.00017827365923395178,8.19695832047155e-05
2026-04-29 06:25:00,-0.00017819927507112254,6.643887649788732e-05
2026-04-29 06:30:00,-0.0015524982244343732,-6.800213691019148e-05
2026-04-29 06:35:00,-0.0016632626168462394,-0.0005150543247746563
2026-04-29 06:40:00,-0.0006368423269798029,-0.0009295356293281341
2026-04-29 06:45:00,-0.0010148170669150858,-0.0014698968998779407
2026-04-29 06:50:00,-0.0014822641795682046,-0.0023665938863938873
2026-04-29 06:55:00,-0.00313410677384951,-0.0024568983029160246
2026-04-29 07:00:00,-0.001638753175877028,-0.0026352282045728893
2026-04-29 07:05:00,-0.0021511114572518863,-0.0019188685422433622
2026-04-29 07:10:00,-0.002774874707668573,-0.0004933721678405763
2026-04-29 07:15:00,-0.0032960292476609254,0.0003199843326509216
2026-04-29 07:20:00,-0.003309761583224713,-0.0007852278154989317
2026-04-29 07:25:00,-0.003461619792002324,-0.0007532026288067005
2026-04-29 07:30:00,-0.002588501792850195,-0.00040894118394114163
2026-04-29 07:35:00,-0.002191464190728354,0.002132215251254764
2026-04-29 07:40:00,-0.003120514618462522,0.0005667768538537803
2026-04-29 07:45:00,-0.0031378808594340057,-4.765286739749467e-05
2026-04-29 07:50:00,-0.003030038009947944,-0.0009264924996145121
2026-04-29 07:55:00,-0.0012358960674134778,-0.0008404849429276685
2026-04-29 08:00:00,-0.0020249797889491106,0.0008724509021661735
2026-04-29 08:05:00,-0.002834604988152023,-0.0017759689046524397
2026-04-29 08:10:00,-0.0020616517309033355,0.0014411295751711488
2026-04-29 08:15:00,-0.0020409662707319143,0.0022958179066731466
2026-04-29 08:20:00,-0.0020107969725025043,0.0010064583412467002
2026-04-29 08:25:00,-0.0021636027718283657,-3.7485497498720006e-05
2026-04-29 08:30:00,-0.0012224967085217031,0.00015171563101884134
2026-04-29 08:35:00,-0.002987769412627017,-0.0008470508376797709
2026-04-29 08:40:00,-0.0031434098976905744,-0.0015400125248498711
2026-04-29 08:45:00,-0.00315869755664977,-0.0017731286626333615
2026-04-29 08:50:00,-0.002883892629370166,-0.0020704848891953303
2026-04-29 08:55:00,-0.0033754255422522306,-0.002011656723284261
2026-04-29 09:00:00,-0.004134525194521288,-0.002039570824572117
2026-04-29 09:05:00,-0.002584302791449389,-0.002743568215964671
2026-04-29 09:10:00,-0.002759877273115663,-0.001707937083082694
2026-04-29 09:15:00,-0.001473829949800276,-0.0019661954139368635
2026-04-29 09:20:00,-0.0014850378089370508,-0.0017508505373167007
2026-04-29 09:25:00,-0.0020237408030787662,-0.0016448833059366417
2026-04-29 09:30:00,-0.0033257586355173174,-0.0016384451617661084
2026-04-29 09:35:00,-0.0020099673086093617,-0.002313169839774922
2026-04-29 09:40:00,-0.00047269322215370835,-0.002122357272951311
2026-04-29 09:45:00,0.00010063795722281554,-0.0014581804341139307
2026-04-29 09:50:00,0.0009775225285988398,-0.0014401534214884021
2026-04-29 09:55:00,0.000815952461900693,-0.0005652972444616591
2026-04-29 10:00:00,0.001168048114635667,0.00015263774591073976
2026-04-29 10:05:00,0.000980284973799428,0.0007192817193685937
2026-04-29 10:10:00,0.0015711334865713411,0.0007859919285077299
2026-04-29 10:15:00,0.002120404764211159,0.0009163695432941586
2026-04-29 10:20:00,0.0006345275061754307,0.0014312722879023518
2026-04-29 10:25:00,-0.00010293732768396069,0.0011397559197393158
2026-04-29 10:30:00,0.001014215532146423,0.001022840623555935
2026-04-29 10:35:00,0.0005105377958152246,0.0014120450384766145
2026-04-29 10:40:00,-0.0019873164521282405,0.0011813713665669743
2026-04-29 10:45:00,-0.002501446973472099,0.0007443731129572904
2026-04-29 10:50:00,-0.004225288984759601,-0.00019428051970347596
2026-04-29 10:55:00,-0.00391299893711583,-0.0012509757862667556
2026-04-29 11:00:00,-0.0026552359068787723,-0.0016319894586328504
2026-04-29 11:05:00,-0.001523356230210382,-0.003219686584731645
2026-04-29 11:10:00,-0.0011201100278963594,-0.0029487158754725497
2026-04-29 11:15:00,-0.0018687815194606827,-0.0024900903465900058
2026-04-29 11:20:00,-1.9686180410261045e-05,-0.0030606738057486677
2026-04-29 11:25:00,0.0014182878305746272,-0.001490647393979012
2026-04-29 11:30:00,0.0012931107017539745,-0.0004923039515554483
2026-04-29 11:35:00,0.001228166541370257,-5.479014466010629e-05
2026-04-29 11:40:00,0.0015625773647123253,0.0005600495358730737
2026-04-29 11:45:00,0.0020069109300973054,0.0014557359151127726
2026-04-29 11:50:00,0.002345936687630612,0.001676020311529902
2026-04-29 11:55:00,0.003184579956828415,0.002093915004580919
2026-04-29 12:00:00,0.0013142707580620083,0.001886395583942883
2026-04-29 12:05:00,0.0003941939660538907,0.001365469401777466
2026-04-29 12:10:00,-4.5968809075702666e-05,0.000976737470438305
2026-04-29 12:15:00,-0.0005470878650122302,0.0004905594376144603
2026-04-29 12:20:00,-0.0012015904460547233,0.00041010293125635553
2026-04-29 12:25:00,-0.0016789637713330308,-0.00011534299486866501
2026-04-29 12:30:00,-0.0012296195417818012,-0.00018257406315892754
2026-04-29 12:35:00,-0.0007113208652356207,-0.0006328057170838819
2026-04-29 12:40:00,8.758983437928691e-05,-0.000507739651399212
2026-04-29 12:45:00,-0.0011190790994568545,0.0005416909469039429
2026-04-29 12:50:00,-0.0013104151376452933,0.00012672024154773869
2026-04-29 12:55:00,-0.001833237293364931,0.0005133490481404199
2026-04-29 13:00:00,-0.0010753831403995662,-0.00039203404019531727
2026-04-29 13:05:00,-0.0009419434960857842,2.3304545658147744e-05
2026-04-29 13:10:00,-0.0007401697910687233,0.00048540316350394316
2026-04-29 13:15:00,-0.0006415681634415193,0.000186774875345541
2026-04-29 13:20:00,-0.0008544668318535287,0.0002337916324591839
2026-04-29 13:25:00,-0.0010872473111689374,0.00044952778511469957
2026-04-29 13:30:00,-0.002746938279193145,0.0004947379230919342
2026-04-29 13:35:00,-0.0024815431615330397,-0.00044313805279963184
2026-04-29 13:40:00,-0.002233746266481873,-0.0008062433572471344
2026-04-29 13:45:00,-0.0016886524402650593,-0.0006783489000287938
2026-04-29 13:50:00,-0.0032615707500678326,0.0007169228379670175
2026-04-29 13:55:00,-0.003353191360730534,0.0004265461364773868
2026-04-29 14:00:00,-0.003413395886171955,-0.001000504007957727
2026-04-29 14:05:00,-0.003598496424322306,-0.0011518105604621785
2026-04-29 14:10:00,-0.0034122948018762145,-0.0015177451233823408
2026-04-29 14:15:00,-0.0047886113551367515,-0.0022128371026279097
2026-04-29 14:20:00,-0.005358125040517692,-0.0022030759122036126
2026-04-29 14:25:00,-0.004706749705253088,-0.002374926893949315
2026-04-29 14:30:00,-0.0049163723226399725,-0.0026176544798820938
2026-04-29 14:35:00,-0.006796499748135787,-0.002421574284154893
2026-04-29 14:40:00,-0.00917567075595116,-0.003205435958317278
2026-04-29 14:45:00,-0.009097446199142212,-0.0030211801962230704
2026-04-29 14:50:00,-0.005364592522479228,-0.0031104980349118696
2026-04-29 14:55:00,-0.005246635307329939,-0.0006499793032389607
2026-04-29 15:00:00,-0.00492877868939523,-0.0022743879465748525
2026-04-29 15:05:00,-0.005887761609727704,-0.0034588422902183647
2026-04-29 15:10:00,-0.005126012568540617,-0.0031547061396528376
2026-04-29 15:15:00,-0.0020687542972677164,-0.003697551041153873
2026-04-29 15:20:00,-0.00022038956148051625,-0.003348208231409203
2026-04-29 15:25:00,-0.001036214690557813,0.0005560489537317012
2026-04-29 15:30:00,0.0015364863344728974,0.00022112429495899148
2026-04-29 15:35:00,0.0033753928636830466,0.0009289553912350903
2026-04-29 15:40:00,0.00524850940085031,0.0014254205366468395
2026-04-29 15:45:00,0.0041224046099781475,0.002068356288685042
2026-04-29 15:50:00,0.003929208751241475,0.0024760832504909114
2026-04-29 15:55:00,0.0036836844026151283,0.002654964634779254
2026-04-29 16:00:00,0.003857359837073915,0.0029685771550645008
2026-04-29 16:05:00,0.0045011163202577364,0.001683826057943909
2026-04-29 16:10:00,0.002616976526367054,0.0029737017331411637
2026-04-29 16:15:00,0.0017495773747917553,0.0030416909253688906
2026-04-29 16:20:00,0.0015725178276628782,0.0017377841370552684
2026-04-29 16:25:00,0.00223643990436706,0.000940758054920909
2026-04-29 16:30:00,0.0009489285636092859,0.0014873954350367491
2026-04-29 16:35:00,0.0023626059478250028,0.0013293457698278575
2026-04-29 16:40:00,0.0031697560357173415,0.0014338824668055261
2026-04-29 16:45:00,0.004601837628870342,0.0018283941011532
2026-04-29 16:50:00,0.0017125364907588647,0.0026044516859034085
2026-04-29 16:55:00,0.0019214246899341703,0.0006421090835023013
2026-04-29 17:00:00,0.004245927120830828,0.0013105435115574968
2026-04-29 17:05:00,0.004636616858141096,0.0014941886098444506
2026-04-29 17:10:00,0.004770571380289468,0.0025535717458435915
2026-04-29 17:15:00,0.004003239572847761,0.0030624782458523276
2026-04-29 17:20:00,0.003966542211738755,0.0007170395336815766
2026-04-29 17:25:00,0.0033244704164943073,-0.00011279696172477516
2026-04-29 17:30:00,0.001552450478365941,-0.0010158696375090934
2026-04-29 17:35:00,-0.0001582125501009557,-0.0011941871926720378
2026-04-29 17:40:00,-0.0005689800582100446,-0.00048298275116800444
2026-04-29 17:45:00,-0.0018087181606194491,-0.0004311056220206197
2026-04-29 17:50:00,-0.00047296562421728083,-0.00097370512232724
2026-04-29 17:55:00,-0.0004816600870594101,-0.0005970143042305107
2026-04-29 18:00:00,-0.003656174711720084,-0.0005395603270223452
2026-04-29 18:05:00,-0.0022716732239924653,-0.00012599353705482368
2026-04-29 18:10:00,-0.001929669756014718,-0.0006517666159586156
2026-04-29 18:15:00,-0.0023358392745258527,-0.0009463077232465512
2026-04-29 18:20:00,-0.0019417716149767728,-0.0012257733414412957
2026-04-29 18:25:00,-0.0024576809370540076,-0.0013193190086410191
2026-04-29 18:30:00,-0.0014996363664234735,-0.0014722616295019455
2026-04-29 18:35:00,-0.0011477901903695908,-0.0019050192232536098
2026-04-29 18:40:00,-0.001251136685507248,-0.0017763068330674669
2026-04-29 18:45:00,-0.0005104611643300672,-0.0017929895959482326
2026-04-29 18:50:00,-0.00021125691339740627,-0.0019464464734581103
2026-04-29 18:55:00,0.00034532323807745513,-0.001161344708339905
2026-04-29 19:00:00,-0.0009376053016687536,-0.0008730967611193641
2026-04-29 19:05:00,-0.003945420993870741,-0.0024906076875873596
2026-04-29 19:10:00,-0.005588244003810416,-0.0026477907040374947
2026-04-29 19:15:00,-0.003886843924295391,-0.002399922865714269
2026-04-29 19:20:00,-0.003967652267037991,-0.003899713417338308
2026-04-29 19:25:00,-0.003136317752916895,-0.003296488068254411
2026-04-29 19:30:00,-0.005065223233216898,-0.0037278717622563893
2026-04-29 19:35:00,-0.003921647133736883,-0.002253590472795866
2026-04-29 19:40:00,-0.005484736612078933,-0.0029031199830768933
2026-04-29 19:45:00,-0.003196299425709981,-0.003305882390734514
2026-04-29 19:50:00,-0.0025562217116679165,-0.0013410287565945424
2026-04-29 19:55:00,-0.0018820272010522388,-0.0015656389875535097
2026-04-29 20:00:00,-0.0008172697698327624,-0.0017682397172845438
2026-04-29 20:05:00,0.0013778221350388975,-0.00288064733879437
2026-04-29 20:10:00,0.005203621429195948,-0.00392732782856927
2026-04-29 20:15:00,0.0034295754359767727,0.001174691725279105
2026-04-29 20:20:00,0.002180526348594114,0.001302600540109289
2026-04-29 20:25:00,0.0021462687636297773,0.001964725358292338
2026-04-29 20:30:00,0.003944525773558638,0.0023166633733248307
2026-04-29 20:35:00,0.0030918674619471176,0.0036215824203564796
2026-04-29 20:40:00,0.004317944694800957,0.0028396005172447968
2026-04-29 20:45:00,0.003933304249601477,0.0033254849218801743
2026-04-29 20:50:00,0.003387787831691469,0.0032712345412081434
2026-04-29 20:55:00,0.0016730878971582541,0.002632510471615912
2026-04-29 21:00:00,0.0021595784338650503,0.0020600580913931275
2026-04-29 21:05:00,0.002837836174975905,0.0029235906930451024
2026-04-29 21:10:00,-0.0005607150032620467,0.002829876862114491
2026-04-29 21:15:00,-0.0005520785015473706,0.0020819728464194645
2026-04-29 21:20:00,-0.00015842351038131142,0.001633261437066355
2026-04-29 21:25:00,9.904901944146616e-05,0.0016659210643179517
2026-04-29 21:30:00,0.0010568800566321812,0.0017746732982097577
2026-04-29 21:35:00,0.0011091526023694342,0.0017000899542018442
2026-04-29 21:40:00,0.0009797565483449233,0.0015466441159087683
2026-04-29 21:45:00,-0.001089198886457865,0.0017589982056283187
2026-04-29 21:50:00,-0.001133124651627071,-0.001245550697852697
2026-04-29 21:55:00,0.00036286665048912425,-0.0013893799276868807
2026-04-29 22:00:00,0.00043751120583657155,-0.0008135891745033283
2026-04-29 22:05:00,-0.002738706205590802,-0.001557209098167034
2026-04-29 22:10:00,-7.478576082498023e-05,-0.0013566448560236916
2026-04-29 22:15:00,0.00033876158767576214,-0.001061706900801191
2026-04-29 22:20:00,0.0012051479743959703,-0.0007700090777503613
2026-04-29 22:25:00,0.0012845471208837722,-0.0008770068542106705
2026-04-29 22:30:00,0.0010931354607830457,-0.000680128441320189
2026-04-29 22:35:00,0.0007519392470811681,-0.0006571351781464235
2026-04-29 22:40:00,0.0009853929501524306,-0.000606051417412112
2026-04-29 22:45:00,0.0013706573709910685,-0.00010921771436408473
2026-04-29 22:50:00,0.0020101393412357282,-0.002554642860883592
2026-04-29 22:55:00,0.0006220648576800158,-0.0012996660824334287
2026-04-29 23:00:00,0.0006152696943040326,0.0001621936002476099
2026-04-30 00:00:00,0.002989104867925363,-0.0005892288722416842
2026-04-30 00:05:00,0.0012749916544567697,-0.0005195794845124382
2026-04-30 00:10:00,0.0014681063189669885,-0.0005737210890507444
2026-04-30 00:15:00,0.00038015586848239025,-0.0005956549625316008
2026-04-30 00:20:00,0.0004153649942182369,-0.0006098438717394404
2026-04-30 00:25:00,0.0005955527113812309,-0.00014078260962131718
2026-04-30 00:30:00,0.0007008609451464309,-0.0006004526211801926
2026-04-30 00:35:00,0.0013489408247977508,-0.0008573197385753384
2026-04-30 00:40:00,0.0013819546198359234,7.369310431818588e-07
2026-04-30 00:45:00,0.0014336573775644013,-3.191298804866839e-05
2026-04-30 00:50:00,0.0015743141976738428,-0.0006826136100138647
2026-04-30 00:55:00,0.0022754037027823415,0.00037785295590100194
2026-04-30 01:00:00,0.001382652542469387,0.0006873289475475105
2026-04-30 01:05:00,0.00218129875908879,-0.0026021149462214445
2026-04-30 01:10:00,0.00112379785223915,-0.0023421287441250075
2026-04-30 01:15:00,0.0022231034054360777,-0.0008192312835533407
2026-04-30 01:20:00,0.0022057936793355992,2.6916100200687338e-05
2026-04-30 01:25:00,0.0026394531056617154,0.0007544781581709171
2026-04-30 01:30:00,0.002577312534430831,0.001079543536495558
2026-04-30 01:35:00,0.0023113741250018194,0.0011146062174482655
2026-04-30 01:40:00,0.0027472454399593005,0.0011258080563250937
2026-04-30 01:45:00,0.003453841475341335,-0.00010384829893505028
2026-04-30 01:50:00,0.0033664571337226334,0.0012075905655865677
2026-04-30 01:55:00,0.0016205613315545264,0.00195388630041503
2026-04-30 02:00:00,0.0019040509000198824,0.001603449727181076
2026-04-30 02:05:00,0.000887396076782565,0.0020288332408556257
2026-04-30 02:10:00,0.0023072862822655082,0.001523493677530352
2026-04-30 02:15:00,0.0019928570359226683,0.0017452019256207476
2026-04-30 02:20:00,0.0017720811032599926,0.0015968594868987914
2026-04-30 02:25:00,0.003659118130920902,0.0015455616606527345
2026-04-30 02:30:00,0.0026974095643357288,0.0021835220271279377
2026-04-30 02:35:00,0.002264520971522188,0.0021694573920753913
2026-04-30 02:40:00,0.0019992263487242923,0.0022751783126680612
2026-04-30 02:45:00,0.0010663730781121927,0.002057683802756001
2026-04-30 02:50:00,0.0018590634672204231,0.0015058849963705367
2026-04-30 02:55:00,0.0020416691064131243,0.0018018985205366976
2026-04-30 03:00:00,0.001976898925416748,0.001770275263589386
2026-04-30 03:05:00,0.0023887660656782828,0.001928762600998535
2026-04-30 03:10:00,0.0023325448528819237,0.002208765200274153
2026-04-30 03:15:00,0.001080175819440754,0.002285215441371723
2026-04-30 03:20:00,0.0013712608232783197,0.002207223318127593
2026-04-30 03:25:00,-0.0017699274361699935,0.0021163885752428597
2026-04-30 03:30:00,-0.002047003037343842,0.0015940458174577216
2026-04-30 03:35:00,-0.0026062852232406897,0.0008538091449795236
2026-04-30 03:40:00,-0.003044175691476525,3.425799736748014e-05
2026-04-30 03:45:00,-0.0035926164723960596,-0.00041005758713903967
2026-04-30 03:50:00,-0.0039253427122147855,0.0001804098357267655
2026-04-30 03:55:00,-0.003175786225934729,-0.0005955866861023315
2026-04-30 04:00:00,-0.002239613203260049,-0.0002361188368408934
2026-04-30 04:05:00,-0.0021194164120696968,-0.0007228743834508166
2026-04-30 04:10:00,-0.0031339041411762025,-0.0007998760697793096
2026-04-30 04:15:00,-0.002194372306892234,-0.0014139133786919853
2026-04-30 04:20:00,-0.0022601945336457874,-0.0005619320830463984
2026-04-30 04:25:00,-0.0019483539294196106,-0.0011913408007400103
2026-04-30 04:30:00,-0.0015555475924440287,0.0013599516576664047
2026-04-30 04:35:00,-0.0010413481904656408,-0.0001076152365171319
2026-04-30 04:40:00,-0.00016001525659170568,-0.0010977373497573165
2026-04-30 04:45:00,-0.0007696482692818307,2.8213756161016488e-05
2026-04-30 04:50:00,-0.0014230476885845889,0.0014103757086524388
2026-04-30 04:55:00,-0.001920859451345791,0.0019295439856834371
2026-04-30 05:00:00,-0.00289881334186326,0.0006235259403875048
2026-04-30 05:05:00,-0.0029646478940321686,-0.0012281688730564268
2026-04-30 05:10:00,-0.0021818102762285463,-0.0019246616712867304
2026-04-30 05:15:00,-0.002827174765064555,-0.0009327962278236761
2026-04-30 05:20:00,-0.003319678102259971,-0.000929858355094005
2026-04-30 05:25:00,-0.0035957995594468883,-0.002469589122112748
2026-04-30 05:30:00,-0.0043332155961373076,-0.0007294495778603165
2026-04-30 05:35:00,-0.0036235625894676105,0.00015525277580516857
2026-04-30 05:40:00,-0.0037116388077880202,0.0010135072596346966
2026-04-30 05:45:00,-0.002593972503502684,0.0002685335961408966
2026-04-30 05:50:00,-0.002192251119620181,0.0001327376155994476
2026-04-30 05:55:00,-0.0029916877196942693,-0.0012327362509920615
2026-04-30 06:00:00,-0.0015779217346043595,-0.0014260238973684658
2026-04-30 06:05:00,-0.00022621776081699352,-0.0018017212237987313
2026-04-30 06:10:00,-0.00043693387294929664,-0.002434481962478513
2026-04-30 06:15:00,0.0002327925675018605,-0.00156260314392281
2026-04-30 06:20:00,0.0015262702572087505,-0.0009375364431021359
2026-04-30 06:25:00,0.0018302488248576054,3.636836945919251e-05
2026-04-30 06:30:00,0.004675205366083901,0.0007045463171521557
2026-04-30 06:35:00,0.0051118097684845765,0.0024699145299730803
2026-04-30 06:40:00,0.004195990000356531,0.002596304404218773
2026-04-30 06:45:00,0.004415173223843993,0.002882036734315102
2026-04-30 06:50:00,0.0040161930486917186,0.0017621356794805798
2026-04-30 06:55:00,0.0044852777339148275,0.002677923850722834
2026-04-30 07:00:00,0.0035325834338593154,0.0032404078631059906
2026-04-30 07:05:00,0.002803242012838325,0.003432064527379331
2026-04-30 07:10:00,0.002807099414045666,0.0035788324664023014
2026-04-30 07:15:00,0.0029732169458380753,0.0035205208899704633
2026-04-30 07:20:00,0.002968996458797335,0.0021607258832423283
2026-04-30 07:25:00,0.003193255897647518,0.0015147087122866958
2026-04-30 07:30:00,0.0032430828493623665,0.0016991585399291783
2026-04-30 07:35:00,0.0021397168336108052,0.0019671950737982086
2026-04-30 07:40:00,0.002426986466348424,0.002194761452691878
2026-04-30 07:45:00,0.0025061189942299222,0.002360441867804849
2026-04-30 07:50:00,0.003969586329978014,0.0022061825420358386
2026-04-30 07:55:00,0.005928186653930467,0.002516276984394743
2026-04-30 08:00:00,0.005150222223505807,0.001414738213745973
2026-04-30 08:05:00,0.006375567447538089,0.0029900865697051384
2026-04-30 08:10:00,0.0054883093798956395,-0.0009082349006394289
2026-04-30 08:15:00,0.004508703916897616,0.003200056849762836
2026-04-30 08:20:00,0.0037626498649565576,0.0026466719664123704
2026-04-30 08:25:00,0.004721845028198501,-0.00039936092701239927
2026-04-30 08:30:00,0.0025725325034855473,0.0006512597404444294
2026-04-30 08:35:00,0.0031487292001681766,0.0012375300494225187
2026-04-30 08:40:00,0.004701498919194691,0.0011024883966238052
2026-04-30 08:45:00,0.004791344236103612,0.0019392269552681574
2026-04-30 08:50:00,0.0035952892798363223,0.0016541916547876522
2026-04-30 08:55:00,0.002015388143677299,0.0008587526233593075
2026-04-30 09:00:00,0.008858788212242175,0.0017752205446758295
2026-04-30 09:05:00,0.005554128913207279,0.00229540000096315
2026-04-30 09:10:00,0.005954272755893442,0.0034119178920406297
2026-04-30 09:15:00,0.005739641887990032,0.0026519035544362757
2026-04-30 09:20:00,0.006075875635040973,0.003645025390237987
2026-04-30 09:25:00,0.00559882449825011,0.0035565123111237816
2026-04-30 09:30:00,0.006104759801127457,0.004785141546184116
2026-04-30 09:35:00,0.005715635756979864,0.0020518242200251798
2026-04-30 09:40:00,0.004057840021861381,0.004738988524675117
2026-04-30 09:45:00,0.0036689247130983205,0.005010627462721045
2026-04-30 09:50:00,0.0035867413786778712,0.004416921379414811
2026-04-30 09:55:00,0.0037609000165641504,0.004364910767306839
2026-04-30 10:00:00,-0.00212234151562285,0.0002553688792833696
2026-04-30 10:05:00,-0.00011688514100072211,0.0042371496797748934
2026-04-30 10:10:00,-3.464148231380193e-05,0.003996812576121138
2026-04-30 10:15:00,0.00033150500323486654,0.004027769944150416
2026-04-30 10:20:00,0.0007384940904184845,0.004302616045043114
2026-04-30 10:25:00,0.0019256197681283282,0.0029329122298018245
2026-04-30 10:30:00,0.0015885042403631644,0.0028332844609892972
2026-04-30 10:35:00,0.0017249910398504653,0.0028323766810643765
2026-04-30 10:40:00,0.0010632988600622895,0.0031897302218526252
2026-04-30 10:45:00,0.0013786015980254973,0.002043222636904018
2026-04-30 10:50:00,0.0019561051195218226,0.0017019587472663744
2026-04-30 10:55:00,0.0019583939643528225,0.001666653844444744
2026-04-30 11:00:00,0.0013937676612449934,0.0015942695175235227
2026-04-30 11:05:00,0.0013541637189327105,-0.002146339213523091
2026-04-30 11:10:00,0.0018537971908134665,-0.0004785609348033055
2026-04-30 11:15:00,0.0028295660744390716,0.0004331239308056524
2026-04-30 11:20:00,0.003216152686308149,0.0010131932722804847
2026-04-30 11:25:00,0.003893980907177408,0.0010616420656105999
2026-04-30 11:30:00,0.002412551616123082,0.000937160930648122
2026-04-30 11:35:00,0.002947450108123917,0.001804727735206517
2026-04-30 11:40:00,0.003698650926567737,0.0021026625774082323
2026-04-30 11:45:00,0.0027881791568002967,0.001871020640311563
2026-04-30 11:50:00,0.0024095720851669,0.0026162510118753453
2026-04-30 11:55:00,0.0032246047371007336,0.0027341178617415417
2026-04-30 12:00:00,0.003889661267356459,0.002271198339971487
2026-04-30 12:05:00,0.004019227778453427,0.0027153001419862395
2026-04-30 12:10:00,0.001938805198275162,0.001995725296465582
2026-04-30 12:15:00,0.0014268863599617987,0.0028634730875224087
2026-04-30 12:20:00,0.0006406972385519794,0.003021222596997218
2026-04-30 12:25:00,-0.001499706157733982,0.0018941267869952885
2026-04-30 12:30:00,-0.00108568386617236,0.0017379633142232407
2026-04-30 12:35:00,-0.0018646293517878831,0.0015108298407193925
2026-04-30 12:40:00,-0.0016359162727184184,0.00101894061281806
2026-04-30 12:45:00,-0.0003774932123015162,0.001429614307035105
2026-04-30 12:50:00,-0.0013876017975622545,0.001042184190408411
2026-04-30 12:55:00,-0.002228486490487569,0.0010280779200948632
2026-04-30 13:00:00,-0.0013171639552780334,0.00029863506940806616
2026-04-30 13:05:00,-0.0028460930737086443,0.0028990690321250546
2026-04-30 13:10:00,-4.313877743911121e-06,0.001698099781222117
2026-04-30 13:15:00,-0.0005804387978063374,-0.0011841533123933459
2026-04-30 13:20:00,-0.000800396141716675,-0.0013537131944096786
2026-04-30 13:25:00,-0.001841074602221937,-0.0009366655876616632
2026-04-30 13:30:00,-0.000572454994209437,-0.0016889425182840838
2026-04-30 13:35:00,0.0004276180874178692,-0.0009805911341004352
2026-04-30 13:40:00,-0.0008924645686452237,-0.0002897959441328285
2026-04-30 13:45:00,-0.0016108000477235151,-0.0006847426927427992
2026-04-30 13:50:00,0.0009518907404331145,-0.0006639353515931933
2026-04-30 13:55:00,0.002094874151403303,-0.00011007431058638559
2026-04-30 14:00:00,0.000991806894584002,0.00034292015131023054
2026-04-30 14:05:00,0.0018961400152495145,0.0003447335009867579
2026-04-30 14:10:00,0.001136063672763754,0.00036872356086681187
2026-04-30 14:15:00,0.0011864112025552487,0.0016556464018772177
2026-04-30 14:20:00,0.00046823400040096885,0.0007328637264842512
2026-04-30 14:25:00,0.0009371485029650017,0.0008971858064927566
2026-04-30 14:30:00,0.000233341976686674,-0.00024183592393354472
2026-04-30 14:35:00,-0.0014369169049910369,0.00017024801846187178
2026-04-30 14:40:00,-0.00011891133444486002,0.0011691042484194892
2026-04-30 14:45:00,-0.0019900891508495278,0.00010235414678941925
2026-04-30 14:50:00,-0.004655823042622131,-0.0006166291739031781
2026-04-30 14:55:00,-0.006258796499770014,0.00045510452920435656
2026-04-30 15:00:00,-0.004291244964878871,-0.00043038527120905904
2026-04-30 15:05:00,-0.004163712232175598,0.0004682843679170208
2026-04-30 15:10:00,-0.004519554788332769,0.00018885504244993474
2026-04-30 15:15:00,-0.0034985609534867734,-0.0017010414408395187
2026-04-30 15:20:00,-0.002708863783151827,-0.00143643347464872
2026-04-30 15:25:00,-0.00258684828803446,-0.0022890221546141396
2026-04-30 15:30:00,-0.0025719271931219367,-0.001445746811002624
2026-04-30 15:35:00,-0.002556978574137503,-0.000655553705885679
2026-04-30 15:40:00,-0.0016467534446533705,-0.001130488850955516
2026-04-30 15:45:00,0.00015805398767376744,-0.001024184591119721
2026-04-30 15:50:00,0.0016849130668603607,-0.0008216099286738108
2026-04-30 15:55:00,0.001991063623240308,0.0006103574639995424
2026-04-30 16:00:00,-0.0008119423079335775,0.0012707862282573586
2026-04-30 16:05:00,0.0006425324218568562,-0.0013343917274708976
2026-04-30 16:10:00,3.679163921255224e-05,-0.00019608973670677334
2026-04-30 16:15:00,-0.0005604744487062163,-0.00014808180418151938
2026-04-30 16:20:00,-0.0005127877917416868,-0.0003783260516845755
2026-04-30 16:25:00,0.0003223702244365967,-0.00030707072269836507
2026-04-30 16:30:00,0.001261914489319338,-0.00022020013651276505
2026-04-30 16:35:00,0.0005743196907861403,-0.00026622135383431365
2026-04-30 16:40:00,-0.00037257259639567053,8.065546500957225e-05
2026-04-30 16:45:00,-0.0009551999010817269,-0.0006535040949552726
2026-04-30 16:50:00,-0.0014443468899543177,-0.0007823809101058614
2026-04-30 16:55:00,-0.0010047858096502438,-0.0024003729148602752
2026-04-30 17:00:00,-0.00043980662217002475,-0.0013623448143720903
2026-04-30 17:05:00,-0.00214554956718338,0.0008423306703239266
2026-04-30 17:10:00,-0.0018932794255857033,-0.00117600245468361
2026-04-30 17:15:00,-0.0024858840882231448,-0.00044955477975296593
2026-04-30 17:20:00,-0.0021014965184118495,-0.0005891143048995787
2026-04-30 17:25:00,-0.003243579878708047,-0.0012460371345994097
2026-04-30 17:30:00,-0.0021958469652005874,-0.0018253747037963411
2026-04-30 17:35:00,-0.0010079870270374158,-0.0007864657723158737
2026-04-30 17:40:00,-0.001424419822384948,-0.001497836485470568
2026-04-30 17:45:00,-0.00028825533119736235,-0.001417801437810256
2026-04-30 17:50:00,0.0002665057536592741,-0.000979251021857043
2026-04-30 17:55:00,-0.001687017523980927,0.0002964722948241047
2026-04-30 18:00:00,0.0005437720364351861,-0.00011667038178216741
2026-04-30 18:05:00,0.000710641231929543,-4.068221341938861e-07
2026-04-30 18:10:00,0.0008517694235603557,0.0012391001963665508
2026-04-30 18:15:00,0.0021264958237932063,0.0009453374079684431
2026-04-30 18:20:00,0.001863404371299282,0.0010003919102787408
2026-04-30 18:25:00,0.0021938723476857547,0.0007902195187612336
2026-04-30 18:30:00,0.0010963606694396333,0.0008810040857805373
2026-04-30 18:35:00,0.0014282233620033224,0.0005070911105913229
2026-04-30 18:40:00,0.001931257814026921,0.00036531390992960934
2026-04-30 18:45:00,0.0006457498832137532,0.0008875222423623402
2026-04-30 18:50:00,3.6828542556932575e-05,-4.9187686685417765e-05
2026-04-30 18:55:00,0.001977296432059461,-0.0011635155169121714
2026-04-30 19:00:00,0.0013613821969489237,-0.00042935110436189577
2026-04-30 19:05:00,0.001097468033027127,-0.0011561562567614556
2026-04-30 19:10:00,0.0010393458254238652,-0.001364316708622325
2026-04-30 19:15:00,0.0012443182255612584,-0.0008230627710171852
2026-04-30 19:20:00,0.0004999280510720183,-0.0005343897204866836
2026-04-30 19:25:00,0.0007186816398281337,-0.0003506299211106278
2026-04-30 19:30:00,0.0004849618620603735,-0.00021643184548774042
2026-04-30 19:35:00,0.0007642041121531662,-0.0004234788632221148
2026-04-30 19:40:00,0.0005823298770977203,-0.0004088751753251005
2026-04-30 19:45:00,0.0011171588956280232,-0.000230729852031453
2026-04-30 19:50:00,0.0017467139928228903,-0.00022501816369997622
2026-04-30 19:55:00,0.0011624371790848187,-0.0005436808310843468
2026-04-30 20:00:00,0.00022275255203219047,0.0011058457831403072
2026-04-30 20:05:00,0.0007461097213870005,0.0010015247801935124
2026-04-30 20:10:00,0.0007571759000040146,0.0008423264746717151
2026-04-30 20:15:00,-0.00048455901752042507,0.0007132909304932146
2026-04-30 20:20:00,-0.00041767162744932307,0.0007308050625296064
2026-04-30 20:25:00,-0.0007251781062915796,0.0007777195947569901
2026-04-30 20:30:00,-0.000407005699369023,0.0002569925682355449
2026-04-30 20:35:00,1.5148285484656299e-05,0.0005213561125033642
2026-04-30 20:40:00,0.0004024536745745877,0.00018989120679322298
2026-04-30 20:45:00,-0.0002358850406807278,0.00020097402590592454
2026-04-30 20:50:00,-0.0016492332208262184,0.0001733772554702091
2026-04-30 20:55:00,-0.0012252515895987415,3.5435102377161634e-05
2026-04-30 21:00:00,-0.0015884664254475211,-0.0001799929730553389
2026-04-30 21:05:00,-0.0018825632648038493,-0.00023938482780269595
2026-04-30 21:10:00,-0.0016600459837778914,-0.00039472558302456435
2026-04-30 21:15:00,-0.0006428355979988254,-0.0007583185493327185
2026-04-30 21:20:00,-0.0005369534516770358,-0.0007337089802541884
2026-04-30 21:25:00,-0.0003140462063573324,-0.0007148617910089579
2026-04-30 21:30:00,5.846313413826465e-05,-0.0007109045990768364
2026-04-30 21:35:00,-0.0007447016125770034,-0.00019106350466883138
2026-04-30 21:40:00,-0.0010908950316270705,-0.0005957059221516364
2026-04-30 21:45:00,-0.0003615098161144914,-0.0008206381322606164
2026-04-30 21:50:00,0.0009980894237600069,-0.0007305086883408468
2026-04-30 21:55:00,0.00026422711557039236,-3.5441860926407186e-05
2026-04-30 22:00:00,-0.0002274393694357002,-0.00019102992003380674
2026-04-30 22:05:00,0.0025611476859950244,0.00012181514918781955
2026-04-30 22:10:00,0.003172680005222972,0.0006954074892504617
2026-04-30 22:15:00,0.0027783230973295048,0.0006069108119419253
2026-04-30 22:20:00,0.002839550132151203,2.697365581503595e-05
2026-04-30 22:25:00,0.0030604511176033355,0.0007858716376862797
2026-04-30 22:30:00,0.002815173515514857,0.0011572715371294092
2026-04-30 22:35:00,0.002262694002725496,0.0016777620790999418
2026-04-30 22:40:00,0.002757405375852784,0.0022597573680345952
2026-04-30 22:45:00,0.0029596661985973327,0.0023829444337463124
2026-04-30 22:50:00,0.002276071227356624,0.0023947844538575705
2026-04-30 22:55:00,0.0025693222519631576,0.002458429559211701
2026-04-30 23:00:00,0.0031427420042788867,0.002596822857561755
2026-05-01 00:00:00,0.0001576941234127105,0.0027258272726007476
2026-05-01 00:05:00,-0.0003628235486363707,1.4087302814586636e-05
2026-05-01 00:10:00,-0.00030232226920112737,-7.056405625145565e-05
2026-05-01 00:15:00,-0.00010150519250906598,-0.00014314019389558783
2026-05-01 00:20:00,-3.239387496734025e-05,-9.188722943322381e-05
2026-05-01 00:25:00,-0.0001554709585533942,-4.747336680514276e-05
2026-05-01 00:30:00,0.001045252618673942,-0.00018528976833392366
2026-05-01 00:35:00,0.0006671222344074579,0.00014610391726179413
2026-05-01 00:40:00,-0.00032817962083164787,0.00011940391169704394
2026-05-01 00:45:00,-3.670457674154193e-05,-2.621889056732043e-05
2026-05-01 00:50:00,0.0004750768310177733,0.0001595727077962152
2026-05-01 00:55:00,-0.0008490587948539741,0.00018536633723736172
2026-05-01 01:00:00,-0.0003262166993547311,-5.168857605974288e-05
2026-05-01 01:05:00,-0.0005336761663077283,2.983306376455154e-05
2026-05-01 01:10:00,-0.0016189784952569397,-0.00023355913232128267
2026-05-01 01:15:00,-0.0008340284053094393,-0.00044465971735588755
2026-05-01 01:20:00,-0.0014955794590996163,-0.0004808945865878459
2026-05-01 01:25:00,-0.0015452262616424406,-0.0009716084057705096
2026-05-01 01:30:00,-0.0024052837046859565,-0.001005841025889367
2026-05-01 01:35:00,-0.002623556010586725,-0.001155029031869929
2026-05-01 01:40:00,-0.002109828559296645,-0.0013748898682470884
2026-05-01 01:45:00,-0.00196025310476422,-0.0013141687116139378
2026-05-01 01:50:00,-0.0016507822275126927,-0.0015593341710865524
2026-05-01 01:55:00,-0.0015638944800979715,-0.0017455635656821278
2026-05-01 02:00:00,-0.0022107057301568034,-0.0007885078940462698
2026-05-01 02:05:00,-0.0018928480892554944,-0.0012710108481586158
2026-05-01 02:10:00,-0.0008137207612346486,-0.001026649068879758
2026-05-01 02:15:00,-0.002458593651009977,-2.0373945804922516e-05
2026-05-01 02:20:00,-0.001811953540833855,-0.0003906979853563074
2026-05-01 02:25:00,-0.0015454515079209585,-0.0004816859204016057
2026-05-01 02:30:00,-0.0004804529335125096,-0.0006203909452723357
2026-05-01 02:35:00,-4.32785210868758e-06,0.00012042473531903347
2026-05-01 02:40:00,-0.00020776477639472546,-8.319427507018014e-05
2026-05-01 02:45:00,-0.0005604695972944995,0.0001525097591698913
2026-05-01 02:50:00,-0.001058019136547017,-0.0001228832713507492
2026-05-01 02:55:00,0.00024242319416067915,-0.00033576193678732156
2026-05-01 03:00:00,0.0015060602284560076,-0.0006832602419751803
2026-05-01 03:05:00,0.0017372289408683628,0.0024997273250076347
2026-05-01 03:10:00,0.0026205817031002,0.0024116228456749636
2026-05-01 03:15:00,0.004130271419526821,0.0024695466329985056
2026-05-01 03:20:00,0.003225463819887864,0.0027936847252266256
2026-05-01 03:25:00,0.0028293457306034497,0.0023608066926801793
2026-05-01 03:30:00,0.002117020744499598,0.0026227911923708104
2026-05-01 03:35:00,0.0015611387805289922,0.0029494246988283367
2026-05-01 03:40:00,0.0008308002338512921,0.0025389691752645037
2026-05-01 03:45:00,0.00022941935361053822,0.0022281679763097853
2026-05-01 03:50:00,0.00011256239648460564,0.0019313550944341645
2026-05-01 03:55:00,-0.0003485018245026339,0.0024903146973926306
2026-05-01 04:00:00,-0.0013436601718002095,0.00204744752497329
2026-05-01 04:05:00,-0.0015423706022623662,0.0012841419889831154
2026-05-01 04:10:00,-0.0022028178591373404,0.0001510419086604173
2026-05-01 04:15:00,-0.002794176191278197,-0.0002310517016845352
2026-05-01 04:20:00,-0.0013313250161228751,-0.0016057841318699215
2026-05-01 04:25:00,-0.00057906133185881,-0.000598580190189381
2026-05-01 04:30:00,0.00024190691885372928,-0.0006826113854061571
2026-05-01 04:35:00,0.0003974631534866546,-0.00042768264598441817
2026-05-01 04:40:00,0.0005059306420811538,-1.3527348285544653e-06
2026-05-01 04:45:00,0.0012673505422675646,0.00024407710113803882
2026-05-01 04:50:00,0.0013346299465073486,0.0005418655503271419
2026-05-01 04:55:00,0.0017218447023257255,0.0008641063479574464
2026-05-01 05:00:00,0.0014279844050122392,0.0011882603249832855
2026-05-01 05:05:00,0.00038311066847285247,0.0012618297230195894
2026-05-01 05:10:00,0.0001796064459735902,0.0009231098447682486
2026-05-01 05:15:00,0.00043271124556021334,0.00017597709786672797
2026-05-01 05:20:00,-0.0005061954974472371,0.00021980096628547403
2026-05-01 05:25:00,-0.001970887331461668,-0.0010819203241995835
2026-05-01 05:30:00,-0.003485217329796342,-0.0008739764678774503
2026-05-01 05:35:00,-0.003080146752063584,-0.0009844613023346628
2026-05-01 05:40:00,-0.002761948365339606,-0.0013051739801030018
2026-05-01 05:45:00,-0.003435949613288969,-0.001488518614776372
2026-05-01 05:50:00,-0.0033279918469482084,-0.0015015016571574221
2026-05-01 05:55:00,-0.0038154100315797024,-0.0014176628846466104
2026-05-01 06:00:00,-0.0034631375434042155,-0.002310950923378228
2026-05-01 06:05:00,-0.001721903355605292,-0.0018176583996403256
2026-05-01 06:10:00,-0.0015656080538519745,-0.0008512978970826634
2026-05-01 06:15:00,-0.0019421749146850686,-0.00137872866967073
2026-05-01 06:20:00,-0.0014789522707641112,-0.0012206433838081426
2026-05-01 06:25:00,-0.0006303784103778298,-0.0017723466931454668
2026-05-01 06:30:00,0.00011051914755455527,-0.001135440950603585
2026-05-01 06:35:00,-0.001150998797243119,-0.0009662381523668789
2026-05-01 06:40:00,-0.0008283387728500458,-0.0007020934372470863
2026-05-01 06:45:00,0.00021902313600818957,-0.00043836608080871967
2026-05-01 06:50:00,-0.000557552078850776,-0.0005728132753430646
2026-05-01 06:55:00,-0.0008443004257490117,-9.436041599304457e-05
2026-05-01 07:00:00,-0.0008638615580576214,-0.0006677517462001058
2026-05-01 07:05:00,-0.0021310309490445434,-0.0011628087863584486
2026-05-01 07:10:00,-0.002745182737744045,-0.0005494659404185837
2026-05-01 07:15:00,-0.0036368216302609113,-0.0012414561257255742
2026-05-01 07:20:00,-0.0034297010709654074,-0.0020798802166768224
2026-05-01 07:25:00,-0.004565295670381886,0.0007391620519930714
2026-05-01 07:30:00,-0.004245331903502958,-0.0015963427625925117
2026-05-01 07:35:00,-0.003985610157794639,-0.0023815002449757328
2026-05-01 07:40:00,-0.0034987257748149148,-0.002232486245734914
2026-05-01 07:45:00,-0.004165310147048018,-0.0013283754556337299
2026-05-01 07:50:00,-0.0033910495829623244,0.0007785708122106265
2026-05-01 07:55:00,-0.0023891705251077866,-0.0025383848384438116
2026-05-01 08:00:00,-0.002711463621940524,-0.002962864406032872
2026-05-01 08:05:00,-0.0021029267126255746,-0.002497986780088753
2026-05-01 08:10:00,-0.0012829435525034683,-0.002817225358987735
2026-05-01 08:15:00,-0.0002784630597574278,-0.0025382475981870346
2026-05-01 08:20:00,-0.0016974902988362572,-0.0013735646399060176
2026-05-01 08:25:00,-0.0004920884900503353,-0.0016246985864169792
2026-05-01 08:30:00,-0.0020062372149638463,-0.0012489122772886573
2026-05-01 08:35:00,-0.0015428705240889684,-0.001130654238578228
2026-05-01 08:40:00,-0.0017888566222730162,-0.0010955459125841797
2026-05-01 08:45:00,-0.001880828423834302,-0.0008561484552672034
2026-05-01 08:50:00,-0.0027735458308768557,-0.0018491224367504153
2026-05-01 08:55:00,-0.003370618230281508,-0.0019484260796398672
2026-05-01 09:00:00,-0.002406677071338237,-0.001886995496300969
2026-05-01 09:05:00,-0.0029781847250500704,-0.002256069755597598
2026-05-01 09:10:00,-0.004741578094320076,-0.0024472153753781626
2026-05-01 09:15:00,-0.0051787251851020955,-0.0013438813906505637
2026-05-01 09:20:00,-0.004950024136446629,-0.003053865841994341
2026-05-01 09:25:00,-0.005315154115553611,-0.0019138022575287646
2026-05-01 09:30:00,-0.003072695522780222,-0.0030235391826206794
2026-05-01 09:35:00,-0.003246046870625463,-0.0016827868703305643
2026-05-01 09:40:00,-0.0030775135546203813,-0.0020799526915666134
2026-05-01 09:45:00,-0.0028464872335138836,-0.0024810714007829126
2026-05-01 09:50:00,-0.0024441230817640047,-0.002266281770652767
2026-05-01 09:55:00,-0.002168776169773068,-0.0012457901590228841
2026-05-01 10:00:00,-0.0034391154734674245,-0.002028145357851052
2026-05-01 10:05:00,-0.0029060539145877584,-0.0012696445707723793
2026-05-01 10:10:00,-0.001805258056762682,-0.0022620675994190344
2026-05-01 10:15:00,-0.0008642749763705382,-0.0015393348944732236
2026-05-01 10:20:00,0.00038517682499517036,-0.001524132010945409
2026-05-01 10:25:00,0.00036558389298768645,-0.0009098804618597393
2026-05-01 10:30:00,-0.00013561694795249934,-0.0008992150364024499
2026-05-01 10:35:00,0.0002997067490362326,-0.0006130672887357833
2026-05-01 10:40:00,-0.00014657640211801493,4.06987816374818e-05
2026-05-01 10:45:00,-0.0005886581718286266,-0.0004300356178184989
2026-05-01 10:50:00,-0.0015311640821948913,-0.00026375094671745496
2026-05-01 10:55:00,-0.0015003425127915193,-0.0005542822071760372
2026-05-01 11:00:00,-0.0005520589528842379,-0.0006191755060379207
2026-05-01 11:05:00,3.503662422410514e-05,-0.0004063958390423092
2026-05-01 11:10:00,0.00022118249507485643,-0.0008286718704519548
2026-05-01 11:15:00,0.00018166914596484673,-0.0013344232738936028
2026-05-01 11:20:00,0.00025597297765322935,-0.0008562933890809515
2026-05-01 11:25:00,0.0007438897460900762,-0.0010427706676394823
2026-05-01 11:30:00,-3.718850525480377e-05,-0.0008903439755159326
2026-05-01 11:35:00,-0.0007702306258607905,-0.0011821406158091735
2026-05-01 11:40:00,-8.314243397755661e-05,-0.0011038989633766114
2026-05-01 11:45:00,0.0001466498715050335,-0.0008923817933460726
2026-05-01 11:50:00,0.0012487650899490887,-0.00045161474296536775
2026-05-01 11:55:00,0.0011938861311744375,0.00037567585481326093
2026-05-01 12:00:00,0.0008673844305100431,0.0004970450331906439
2026-05-01 12:05:00,0.00012918694354091542,0.00027440175597426357
2026-05-01 12:10:00,-0.0002562257954554781,9.998695640198014e-05
2026-05-01 12:15:00,0.0005863691230256762,0.00011977988797314971
2026-05-01 12:20:00,0.0004330358284523328,-1.0724976759566164e-05
2026-05-01 12:25:00,-0.00024279728842557802,3.9548410448275026e-05
2026-05-01 12:30:00,0.0008724716098189589,-0.0001889409638379998
2026-05-01 12:35:00,0.0017015919892209297,0.00016742000013390704
2026-05-01 12:40:00,0.0011895912183526036,0.0008202809496564255
2026-05-01 12:45:00,0.001157122721764381,0.0005171804927630163
2026-05-01 12:50:00,0.0024448125539695553,0.0010127775527275728
2026-05-01 12:55:00,0.002313611094697521,5.547047172612665e-05
2026-05-01 13:00:00,0.0023574085558539792,0.0005868023527394644
2026-05-01 13:05:00,0.0019161368156819236,-0.0002425046548139776
2026-05-01 13:10:00,0.004163735668081259,-1.736269929746245e-05
2026-05-01 13:15:00,0.003500114384632269,-0.0016810069756686028
2026-05-01 13:20:00,0.005286263694975091,-0.0005694288638020209
2026-05-01 13:25:00,0.006984711796581777,-0.0018717146200311616
2026-05-01 13:30:00,0.0048339767003930945,-5.711769793960764e-05
2026-05-01 13:35:00,0.004776515037828943,-0.002196332130388016
2026-05-01 13:40:00,0.0035624840655312795,-0.0008641450250973313
2026-05-01 13:45:00,0.004018733291424326,0.00028945825678912667
2026-05-01 13:50:00,0.0032163728974019534,0.0004963661514083794
2026-05-01 13:55:00,0.002781048360244398,0.000568304979195896
2026-05-01 14:00:00,0.003186122465915986,0.0014805884785105714
2026-05-01 14:05:00,0.0044197738215157045,0.0026423586258827103
2026-05-01 14:10:00,0.001471189476632162,0.0014967265437272048
2026-05-01 14:15:00,0.0008148610176057502,0.0027550276763385873
2026-05-01 14:20:00,-0.0010685191581902842,0.0021804588467743405
2026-05-01 14:25:00,-0.003072145562464712,0.001548427585636194
2026-05-01 14:30:00,0.0003044749136194014,0.0005753273864192724
2026-05-01 14:35:00,0.0011845986194138902,0.0006652409354819176
2026-05-01 14:40:00,0.003460865496002441,0.00022887568461046594
2026-05-01 14:45:00,0.001862072353965516,0.00025430349256322073
2026-05-01 14:50:00,0.005085787292138377,0.0009772884951096507
2026-05-01 14:55:00,0.007655257385627223,0.001149289799515109
2026-05-01 15:00:00,0.009085888010700316,0.0021304056942369116
2026-05-01 15:05:00,0.008349956002186687,0.0032891793686967217
2026-05-01 15:10:00,0.01399074908522735,0.0044683910126439505
2026-05-01 15:15:00,0.013661775174080404,0.00456018141517089
2026-05-01 15:20:00,0.012285174770303442,0.006669433327218898
2026-05-01 15:25:00,0.011905108810296383,0.0010305347428782147
2026-05-01 15:30:00,0.00960196428679616,0.005565802028594875
2026-05-01 15:35:00,0.007621681326552832,0.007181813398000571
2026-05-01 15:40:00,0.005417193478781002,0.007651425595686343
2026-05-01 15:45:00,0.0063454037740875435,0.006066529704801859
2026-05-01 15:50:00,0.0030581063588197566,0.006586833808843538
2026-05-01 15:55:00,0.0013867680379977543,0.005670214951671879
2026-05-01 16:00:00,-0.0018226899649729233,0.004817019772955623
2026-05-01 16:05:00,-0.0018031777517002467,0.0031916880963049846
2026-05-01 16:10:00,-0.004218334893129949,0.0017902441646048275
2026-05-01 16:15:00,-0.0033570293439666443,0.000969404086341654
2026-05-01 16:20:00,-0.002892687271168981,-0.0003380624427679119
2026-05-01 16:25:00,-0.0013122187965883825,-0.0006080566169295038
2026-05-01 16:30:00,-0.0010774353773062018,0.0006212239338944858
2026-05-01 16:35:00,0.0005926679605856577,9.07902780417644e-05
2026-05-01 16:40:00,0.002332696960035463,0.0018147248741555218
2026-05-01 16:45:00,0.0029886621362180676,0.005911123900706
2026-05-01 16:50:00,0.0032145391126885414,0.005685131230526199
2026-05-01 16:55:00,0.002324243673101023,0.007853638855512136
2026-05-01 17:00:00,0.003818651286060515,0.007333663294473309
2026-05-01 17:05:00,0.002717560143677744,0.006078500074853077
2026-05-01 17:10:00,0.0015581211310085052,0.005625293096448048
2026-05-01 17:15:00,0.0017315686002259412,0.0052739489533302954
2026-05-01 17:20:00,0.0015647701515515422,0.0038855745057513945
2026-05-01 17:25:00,0.00011642397312172648,0.004884951890912135
2026-05-01 17:30:00,-0.00025875731942370805,0.00387063246967861
2026-05-01 17:35:00,-0.00019392539535445508,0.0022125869313730875
2026-05-01 17:40:00,-0.0010945257573666822,0.0014909411490364954
2026-05-01 17:45:00,-0.001193530946197896,0.002464707625260032
2026-05-01 17:50:00,-0.0009669399904677078,0.0019220256183093234
2026-05-01 17:55:00,-0.0010213118926838405,0.0007312888777361682
2026-05-01 18:00:00,-0.0011526882070036493,0.00045898456676837915
2026-05-01 18:05:00,-3.448982011811097e-05,0.00019789221572752503
2026-05-01 18:10:00,-0.00081647166004295,0.0043506685353230205
2026-05-01 18:15:00,-0.0018695338288967633,0.0007213024315312243
2026-05-01 18:20:00,-0.0017244022215407995,-0.000466144926121541
2026-05-01 18:25:00,-0.0014627518735093048,0.0012676707947317809
2026-05-01 18:30:00,-0.0014092457904890665,2.069967915744246e-05
2026-05-01 18:35:00,-0.0020838374295930606,0.0008692225224246084
2026-05-01 18:40:00,-0.002313646793911772,-0.0004573894417790828
2026-05-01 18:45:00,-0.0024561711205972614,0.0001993817398258598
2026-05-01 18:50:00,-0.002387971974341596,-0.001653400034224216
2026-05-01 18:55:00,-0.0018319232220118664,-0.0012964465937797584
2026-05-01 19:00:00,-0.0031113424912980747,-0.001533124442595945
2026-05-01 19:05:00,-0.003199788547428639,-0.001562544982260506
2026-05-01 19:10:00,-0.00525729597522151,-0.0006549779481856228
2026-05-01 19:15:00,-0.004256079430309256,0.0034134699327805235
2026-05-01 19:20:00,-0.0027825503765246395,0.0009433364091242081
2026-05-01 19:25:00,-0.002016406402191251,0.002866530414745799
2026-05-01 19:30:00,-0.0027768183932668222,0.0020573065870987985
2026-05-01 19:35:00,-0.002830697529828896,-0.0003972398819788738
2026-05-01 19:40:00,-0.0012237336642026975,0.0008514662344413391
2026-05-01 19:45:00,-0.000577146943145479,-0.0003548474617127416
2026-05-01 19:50:00,-0.0012361314985191996,-0.00024671263288072483
2026-05-01 19:55:00,-0.0011885520083207979,0.00125502033382543
2026-05-01 20:00:00,-0.0007160496002622807,-0.0006315181882860495
2026-05-01 20:05:00,-0.0002660302143819848,-0.0006062367140436817
2026-05-01 20:10:00,0.0023219766051685298,-0.00012388652795018994
2026-05-01 20:15:00,0.001829957292542872,-4.522675122965725e-05
2026-05-01 20:20:00,0.0009341409718395255,0.0005993108587767663
2026-05-01 20:25:00,0.00047799442240581413,0.0011319272847877724
2026-05-01 20:30:00,0.0002490171953830611,0.0008630712195455044
2026-05-01 20:35:00,-9.962035988664297e-05,0.0006420304632092001
2026-05-01 20:40:00,-0.002321855060854361,0.0008913374978732268
2026-05-01 20:45:00,-0.002099558781834432,0.00011802273426318975
2026-05-01 20:50:00,-0.003066663294758243,0.0001953685942106569
2026-05-01 20:55:00,-0.003044808208059635,-0.0014714534911315193
2026-05-01 21:00:00,-0.002532999121431345,-0.0016673802298596168
2026-05-01 21:05:00,-0.002685891163960008,-0.0018619301823909198
2026-05-01 21:10:00,-0.0032388341674156607,-0.0018513638080252547
2026-05-01 21:15:00,-0.0036220588752797767,0.0003091266127223105
2026-05-01 21:20:00,-0.0032711498208257694,0.00032595940518403087
2026-05-01 21:25:00,-0.0023554127989253715,8.613479163944722e-06
2026-05-01 21:30:00,-0.0008642471894866333,6.326321587729539e-05
2026-05-01 21:35:00,-0.00112466572555725,-0.0008924318553615755
2026-05-01 21:40:00,0.0005137849478646928,-0.0004125357072698242
2026-05-01 21:45:00,-0.0003857589964351149,-0.00019062900551022115
2026-05-01 21:50:00,0.0011965976437977588,-0.000906550256523868
2026-05-01 21:55:00,0.0007674896960754296,0.0008265885921371642
2026-05-01 22:00:00,0.0035322983973635758,0.00042916789694857584
2026-05-01 22:05:00,0.002460899816524531,-0.00032798129628208435
2026-05-01 22:10:00,0.002358718982030439,-0.00026353011077774895
2026-05-01 22:15:00,0.0023981320369994563,0.0006385476975023375
2026-05-01 22:20:00,0.0012027580363334067,0.0014524385433239558
2026-05-01 22:25:00,0.0015268881418606384,0.0010460939160681015
2026-05-01 22:30:00,0.001835903680433404,-0.0008294624215352189
2026-05-01 22:35:00,0.0029444197495855917,-0.0018966190939826452
2026-05-01 22:40:00,0.003057732456040796,-0.0011336945059404265
2026-05-01 22:45:00,0.0028225676814805922,-0.0009354505683824002
2026-05-01 22:50:00,0.0009030030334731265,-0.00016857407426257637
2026-05-01 22:55:00,0.0010353941054095372,-3.345812122675179e-05
2026-05-04 00:00:00,-0.0013153029147670026,0.0001510385946201639
2026-05-04 00:05:00,-0.0013965106829267881,0.0014255992511197821
2026-05-04 00:10:00,-0.0014873593458446521,-0.0004249102065437869
2026-05-04 00:15:00,-0.0011604370260531738,0.00036087842059243466
2026-05-04 00:20:00,-0.00027509810020021064,-0.0004144782216315322
2026-05-04 00:25:00,-0.0008183820308804712,-0.0011360002511030026
2026-05-04 00:30:00,-0.0011925208075336258,0.0014935002350108214
2026-05-04 00:35:00,-0.0023288390359699207,0.0035993706005097987
2026-05-04 00:40:00,-0.0031552662597089665,-8.021606351728363e-05
2026-05-04 00:45:00,-0.0025798255612805576,-0.0010039444604422838
2026-05-04 00:50:00,-0.0008271800562589249,0.0006091239986281323
2026-05-04 00:55:00,-0.0012564748007637405,0.003563505702106052
2026-05-04 01:00:00,-0.002360196369819434,0.003334884799872319
2026-05-04 01:05:00,3.8998856037864016e-05,-0.0012453381766073118
2026-05-04 01:10:00,-0.0005526400622635208,-0.0013665878776045722
2026-05-04 01:15:00,-0.0018126277433836435,-0.0014938247226190663
2026-05-04 01:20:00,-0.002477122600057058,-0.001144906941585476
2026-05-04 01:25:00,-0.0022507539116034536,-0.002041098328067961
2026-05-04 01:30:00,-0.0019595990828094045,-0.0017362480033564145
2026-05-04 01:35:00,-0.0017914388783424329,-0.0015143035454654866
2026-05-04 01:40:00,-0.0016052551680640903,-0.0007705950144882173
2026-05-04 01:45:00,-0.0010732790352125932,0.001003234597345277
2026-05-04 01:50:00,-0.0013960639340719894,0.0004169402651494201
2026-05-04 01:55:00,5.8526117298285385e-05,-0.000832764204414855
2026-05-04 02:00:00,-0.0014700791647772604,-0.00037530396812956757
2026-05-04 02:05:00,-0.003548615912652764,-0.0005117818030432556
2026-05-04 02:10:00,-0.00263736989094987,-0.000506564939471582
2026-05-04 02:15:00,-0.001794178309085126,-0.0013068190846570972
2026-05-04 02:20:00,-0.0013148017032769133,-0.0009267961554555358
2026-05-04 02:25:00,-0.002619239310085675,-0.0007118957583789397
2026-05-04 02:30:00,-0.00209172606678365,-0.0016228670878576598
2026-05-04 02:35:00,-0.0013337332165068716,-0.0017982208492824928
2026-05-04 02:40:00,-0.0009752570053702669,-0.0017351332238587627
2026-05-04 02:45:00,-0.0017739760052055686,-0.0017313249648920528
2026-05-04 02:50:00,-0.0007595486476272839,-0.002037034257411453
2026-05-04 02:55:00,-1.5173108916854972e-05,-0.001379177701646209
2026-05-04 03:00:00,0.0023788398751634077,-0.001797047015703624
2026-05-04 03:05:00,0.002041721315002576,-0.0014797092375313336
2026-05-04 03:10:00,0.0015615552263863464,7.061735171317946e-05
2026-05-04 03:15:00,0.0012124005274394278,-0.00034737767758478944
2026-05-04 03:20:00,-2.174657627307397e-06,-0.0009983694779629778
2026-05-04 03:25:00,-0.0004266833921633406,-0.0009830041226415126
2026-05-04 03:30:00,-0.0006982154463095469,0.000800585792012704
2026-05-04 03:35:00,8.476887987285409e-05,-0.0004360961247817871
2026-05-04 03:40:00,0.00047797305576402493,-0.0005599837853071583
2026-05-04 03:45:00,0.000773380122272016,-0.0008748834250266898
2026-05-04 03:50:00,0.000681450256630356,-0.00018226324279453583
2026-05-04 03:55:00,-0.0017225598802674824,-0.0005626285916800718
2026-05-04 04:00:00,-0.0015773027926595518,-0.0003674587894983473
2026-05-04 04:05:00,-4.339750378257179e-05,-0.000638733828472592
2026-05-04 04:10:00,0.00048382600998664316,-0.0006533282813617275
2026-05-04 04:15:00,0.0008291478485258352,-0.0008185228759833964
2026-05-04 04:20:00,0.002506413949314279,-0.000750812075601167
2026-05-04 04:25:00,0.003605831916097202,-0.0010914139350557766
2026-05-04 04:30:00,0.0026901246552455405,0.0005422960975233984
2026-05-04 04:35:00,0.00014126550004966987,-6.243196263754567e-05
2026-05-04 04:40:00,0.00045169178884307826,-0.0014725412087851753
2026-05-04 04:45:00,0.0011459354191227789,-0.001091030820000183
2026-05-04 04:50:00,0.0008804230068530927,-0.0013634423628003404
2026-05-04 04:55:00,0.002142986554513726,-0.0004927171687676844
2026-05-04 05:00:00,0.001035182177064442,-0.0001399436763505944
2026-05-04 05:05:00,0.0004816067535386992,-2.2753101634382873e-05
2026-05-04 05:10:00,0.0002537523369134931,-1.6952618851877685e-05
2026-05-04 05:15:00,0.000498893767668207,0.00038026211957657013
2026-05-04 05:20:00,-0.00010195835985982171,-0.0005761573553971122
2026-05-04 05:25:00,-0.00021915192632171454,-0.001887561890862791
2026-05-04 05:30:00,0.0006247763048570221,-0.0013364784798342727
2026-05-04 05:35:00,0.001904049120884821,-0.00045104756356561816
2026-05-04 05:40:00,0.0007422423002161338,-8.543390451694888e-05
2026-05-04 05:45:00,-0.0005402491135395593,-8.308920265789547e-05
2026-05-04 05:50:00,-0.0013816995364503981,-0.0007386532986641959
2026-05-04 05:55:00,-0.0020279121305470937,-0.0011567038265853482
2026-05-04 06:00:00,-0.0012610246355375665,-0.0005256477750215172
2026-05-04 06:05:00,-0.0009439070420818041,-0.0014222080343555237
2026-05-04 06:10:00,-0.001619046939238089,-0.0005831571356923458
2026-05-04 06:15:00,-6.50589868378404e-05,-0.0005864890299930712
2026-05-04 06:20:00,-0.0010983382770159977,-0.0006495678115754445
2026-05-04 06:25:00,-0.0024878093938163204,-0.0005598430714312074
2026-05-04 06:30:00,-0.0033932359073212126,-0.0012659177047613774
2026-05-04 06:35:00,-0.0029694657995484874,-0.0013194349466818247
2026-05-04 06:40:00,-0.0022522996760088176,-0.001654779724304737
2026-05-04 06:45:00,-0.0024641097892654784,-0.0016680009933380225
2026-05-04 06:50:00,-0.001866261946451786,-0.0016977896219380546
2026-05-04 06:55:00,-0.001549186986828488,-0.0014331778759112514
2026-05-04 07:00:00,-0.002276471475427755,-0.0003063768712916581
2026-05-04 07:05:00,-0.0020601581959631687,-0.001057153164684502
2026-05-04 07:10:00,-0.001369336216420436,-0.0013233249107074286
2026-05-04 07:15:00,-0.003145223616281001,-0.0014204075928984216
2026-05-04 07:20:00,-0.0025573292470735254,-0.0013998428608426958
2026-05-04 07:25:00,-0.000511364822063598,-0.0017600897472205398
2026-05-04 07:30:00,-0.0012236918694821242,-0.0016392397996772034
2026-05-04 07:35:00,-0.002197470418613179,-0.0012985467458821772
2026-05-04 07:40:00,-0.002920110648156893,-0.0018272975978804984
2026-05-04 07:45:00,-0.0012081962883616626,-0.00136169525401459
2026-05-04 07:50:00,-0.002192250502726978,-0.0016955774896619108
2026-05-04 07:55:00,-0.0023097639659646063,-0.0018592616446486548
2026-05-04 08:00:00,-0.0012502397558087353,-0.0013865953789011566
2026-05-04 08:05:00,-0.0011775859545508638,-0.0008426968654243827
2026-05-04 08:10:00,-0.0012644964430137406,-0.001182193996695293
2026-05-04 08:15:00,-0.0017768143527376878,-0.0013282857332866957
2026-05-04 08:20:00,-0.0010108162547677324,-0.0007376605602204147
2026-05-04 08:25:00,-0.0017798463835632106,0.0013562446922368834
2026-05-04 08:30:00,-0.0008064516566097524,0.00035310618470157056
2026-05-04 08:35:00,-0.0002485810179777559,0.0003131140614314242
2026-05-04 08:40:00,0.000538498865704895,5.460099828091855e-05
2026-05-04 08:45:00,-0.0006885626962134239,0.0014740831899894842
2026-05-04 08:50:00,-0.0013434120319200105,0.0007286106931737168
2026-05-04 08:55:00,-0.0020792092098833592,0.001526388780289433
2026-05-04 09:00:00,-0.002920404733227855,0.0015602029680949344
2026-05-04 09:05:00,-0.002791689562817723,0.000335082736330642
2026-05-04 09:10:00,-0.002520700065405279,0.0010090920528207149
2026-05-04 09:15:00,-0.0026842665814292843,0.0004670561528039023
2026-05-04 09:20:00,-0.0022737101804288784,-0.0008339211866877092
2026-05-04 09:25:00,-0.002431981079165979,-0.001066743186266981
2026-05-04 09:30:00,-0.0018376500716943411,-0.0017023457000100567
2026-05-04 09:35:00,-0.0013835879028594178,-0.0010686728819532933
2026-05-04 09:40:00,-0.002122973963455621,-0.0018098061032727328
2026-05-04 09:45:00,-0.002313204403519009,-0.002025447502474395
2026-05-04 09:50:00,-0.0009912686210569177,-0.001924397259211391
2026-05-04 09:55:00,-0.0005090064762462987,-0.0016624360053635713
2026-05-04 10:00:00,0.001308470401513162,-0.001234439981931296
2026-05-04 10:05:00,0.0003493877016129687,-0.0005513768574391211
2026-05-04 10:10:00,0.0008554824504063419,-0.0006268316906948016
2026-05-04 10:15:00,0.0014543265495046143,-0.001196661814762773
2026-05-04 10:20:00,0.0007097255625492238,-0.000862673284312306
2026-05-04 10:25:00,0.0014066420275451463,-0.0009377420855333204
2026-05-04 10:30:00,0.0010610984018022407,-0.001888942122508392
2026-05-04 10:35:00,0.001052050394642734,-0.001494476596360201
2026-05-04 10:40:00,0.0006790563779457415,-0.001080754429989824
2026-05-04 10:45:00,0.0010677941023757853,-0.0010385910647789393
2026-05-04 10:50:00,0.00034290669451841893,-0.0004681290397459114
2026-05-04 10:55:00,-0.00012018954999071241,-0.0007140701849222609
2026-05-04 11:00:00,-0.0046979107765210415,-0.00038869633900695115
2026-05-04 11:05:00,-0.006982471479185293,-0.001016123317632419
2026-05-04 11:10:00,-0.00920419281106355,-0.001950947889093054
2026-05-04 11:15:00,-0.00970926118866089,-0.00290029858096582
2026-05-04 11:20:00,-0.009719942145146376,-0.003799256737637775
2026-05-04 11:25:00,-0.007985526560693401,-0.004716551976028801
2026-05-04 11:30:00,-0.0053672460682676615,-0.005277010660550728
2026-05-04 11:35:00,-0.00494025797859976,-0.0054252236751261155
2026-05-04 11:40:00,-0.0050131560564530275,-0.0057285206589960305
2026-05-04 11:45:00,-0.003412640563523084,-0.005210671117356153
2026-05-04 11:50:00,-0.003820105464781065,-0.005112804328523414
2026-05-04 11:55:00,-0.0026872736202978587,-0.00442091618498123
2026-05-04 12:00:00,0.0006402315576572448,-0.0037479266486597634
2026-05-04 12:05:00,0.00409855522820024,0.0014381230595704826
2026-05-04 12:10:00,0.005204204964048387,0.0018525253882337362
2026-05-04 12:15:00,0.0066168323277988605,0.0022873312259142015
2026-05-04 12:20:00,0.006069868054602523,0.0022514777742198427
2026-05-04 12:25:00,0.003654432206131375,0.00318586590851883
2026-05-04 12:30:00,-0.00021722125825718308,0.0018855058131896077
2026-05-04 12:35:00,-0.0016785430241554877,0.0008461523257587486
2026-05-04 12:40:00,-0.0010139985329615797,0.000307752661447516
2026-05-04 12:45:00,-0.002328407168072033,0.00045261069187944094
2026-05-04 12:50:00,-0.0006139772100350882,-2.5337089644895038e-05
2026-05-04 12:55:00,-0.0006926832325397925,-4.452235464501365e-05
2026-05-04 13:00:00,0.0001775258814387115,-0.00032598187404616474
2026-05-04 13:05:00,-0.00136066516097344,0.00029819204832210247
2026-05-04 13:10:00,-0.0005082469751496177,-0.0003220694432121773
2026-05-04 13:15:00,0.000999802091856239,-0.000266156447799471
2026-05-04 13:20:00,0.0017971777552254764,7.670420061169197e-05
2026-05-04 13:25:00,0.0014348383339974902,0.0006241037134166191
2026-05-04 13:30:00,0.0020189959014160763,0.0009006385184593324
2026-05-04 13:35:00,0.0032711006199726,0.002683124302530278
2026-05-04 13:40:00,0.003520435732733418,0.0028854255722820916
2026-05-04 13:45:00,0.0031777366210299363,0.0010518732828460283
2026-05-04 13:50:00,0.0028605491780968606,0.0004899818556553005
2026-05-04 13:55:00,0.0015885139563600603,0.0006195172349440115
2026-05-04 14:00:00,0.0005367692535998003,0.0007639933130403881
2026-05-04 14:05:00,0.0028135018389541244,0.0011460975807675005
2026-05-04 14:10:00,0.0005695696617173951,0.0010151724004351767
2026-05-04 14:15:00,-0.0017552388085047,0.0011294709596067884
2026-05-04 14:20:00,-0.0022135504103797388,9.340336755197665e-05
2026-05-04 14:25:00,-0.0016058418399857999,-0.00011682857209745186
2026-05-04 14:30:00,0.0007027322561974358,7.072813493065166e-06
2026-05-04 14:35:00,-0.0004685225206397803,0.0008229741213538532
2026-05-04 14:40:00,-0.0010749828895644242,0.0001746812579682954
2026-05-04 14:45:00,-0.0018813156357406768,0.00017617905259623568
2026-05-04 14:50:00,-0.0017359424252667566,0.0004586922456071092
2026-05-04 14:55:00,-0.0007994192043216941,-0.0002504780789840416
2026-05-04 15:00:00,-0.0013172416982563107,-0.00020975932373220249
2026-05-04 15:05:00,-0.004156261015468843,-0.0004614933741731139
2026-05-04 15:10:00,-0.0011986638635637092,-0.0011420531739868712
2026-05-04 15:15:00,0.00165683438153863,-0.0008919325025099827
2026-05-04 15:20:00,0.003208161014914168,-0.0013845689091813824
2026-05-04 15:25:00,0.0021398206292069233,0.00129775936032939
2026-05-04 15:30:00,0.0013121955129324903,-0.0007243129896019498
2026-05-04 15:35:00,0.0029694310588457284,-0.0011579209741027152
2026-05-04 15:40:00,0.0021007215823729553,0.00029936439766157456
2026-05-04 15:45:00,0.002054157762390929,0.00010716365248517658
2026-05-04 15:50:00,0.0014821969437459614,0.0008512021373281684
2026-05-04 15:55:00,-0.0006268410922043444,-0.0001363996694916346
2026-05-04 16:00:00,0.00019298245673837755,-0.00033618126181147735
2026-05-04 16:05:00,0.0006781870936904966,0.001212084489543631
2026-05-04 16:10:00,-0.0028875067958953338,0.0024069430777516744
2026-05-04 16:15:00,-0.00709527125790288,0.000612145629977761
2026-05-04 16:20:00,-0.01227092877722491,-0.00042092522655318127
2026-05-04 16:25:00,-0.007098464879236488,-0.0019498788275043282
2026-05-04 16:30:00,-0.00904087477116633,-0.0014113732847518103
2026-05-04 16:35:00,-0.010078874548588246,-0.001962288029230017
2026-05-04 16:40:00,-0.008716115784411116,-0.00459957125735271
2026-05-04 16:45:00,-0.010662544934058715,-0.0037229009365953632
2026-05-04 16:50:00,-0.00940321773599706,-0.002167392769317419
2026-05-04 16:55:00,-0.008801801758155037,-0.00393270169653885
2026-05-04 17:00:00,-0.008325427062132462,0.0017151094404641465
2026-05-04 17:05:00,-0.010562830007053492,0.0005690162895346567
2026-05-04 17:10:00,-0.008537660622833343,-0.004200732161243329
2026-05-04 17:15:00,-0.003821927750417231,0.0022459849616929483
2026-05-04 17:20:00,0.00016145173899850818,0.003228589561117896
2026-05-04 17:25:00,-0.005209254098105021,0.0019603384329368334
2026-05-04 17:30:00,-0.0035946505646418103,0.00027493581647177514
2026-05-04 17:35:00,-0.004509361234228848,-0.0010175789117833007
2026-05-04 17:40:00,-0.004944995183095102,-0.0017885398539587702
2026-05-04 17:45:00,-0.002840920437467531,-0.002389486260750072
2026-05-04 17:50:00,-0.004151578182776561,-0.002302765122179143
2026-05-04 17:55:00,-0.0019460837068461245,-0.002762127815056639
2026-05-04 18:00:00,-0.00024767418587678947,-0.0030206108372584917
2026-05-04 18:05:00,0.003223238423281316,-0.0024763699784813606
2026-05-04 18:10:00,0.0029984697948997052,-0.0019410011326913847
2026-05-04 18:15:00,0.0015110982415915686,-0.0017087908436268255
2026-05-04 18:20:00,0.0009438602815006192,-0.00115221247553219
2026-05-04 18:25:00,0.0020555719524359972,-0.0015342395792564325
2026-05-04 18:30:00,0.0017006186254970856,-0.000683564173086618
2026-05-04 18:35:00,0.0025312828128161158,2.6268186191276088e-05
2026-05-04 18:40:00,0.0030998377550410794,0.0003664004394524982
2026-05-04 18:45:00,0.0027966967185104608,0.0009844404163809025
2026-05-04 18:50:00,0.002982647731400334,0.00212147627538593
2026-05-04 18:55:00,0.0022755908533866887,0.0013436055955321107
2026-05-04 19:00:00,0.0004289681833302694,0.0023431643458042373
2026-05-04 19:05:00,-0.001121199070560408,8.71072848075445e-05
2026-05-04 19:10:00,-0.0004865846498915971,-0.0010411021014189153
2026-05-04 19:15:00,-0.002643708919395138,-0.0007380544041371279
2026-05-04 19:20:00,-0.0026880339014745402,-0.0004957038221018552
2026-05-04 19:25:00,-0.0025208191067598307,-0.000980413696944187
2026-05-04 19:30:00,-0.002506602434312555,-0.0012827959303922168
2026-05-04 19:35:00,-0.002263247762860132,-0.0009740178817429143
2026-05-04 19:40:00,-0.0031929150225380454,-0.0011845686781954703
2026-05-04 19:45:00,-0.001531346423309543,-0.0017990318197098787
2026-05-04 19:50:00,-0.0021669056379867158,-0.0015668329178225682
2026-05-04 19:55:00,-0.0013563194274972545,-0.0017507891517791693
2026-05-04 20:00:00,-0.0025388954728864377,-0.0017738356168945399
2026-05-04 20:05:00,-0.00032310320994177744,-0.001406123839366824
2026-05-04 20:10:00,-0.0002632967646309936,0.0008960522110759537
2026-05-04 20:15:00,0.0006505230965956343,0.0007171554162207759
2026-05-04 20:20:00,0.0024913777188206865,-0.0002166022714815192
2026-05-04 20:25:00,0.0022444810484980593,0.0003347767896512558
2026-05-04 20:30:00,0.0019805820974667654,0.0017733015330662798
2026-05-04 20:35:00,0.0020952841663657296,0.0013271344063120743
2026-05-04 20:40:00,0.0019904072956471452,0.001299455499396637
2026-05-04 20:45:00,0.0010491810046922012,0.0010136061765372323
2026-05-04 20:50:00,0.0015763968876019163,0.000255604083498463
2026-05-04 20:55:00,0.0001726844240721448,0.0011710085868705867
2026-05-04 21:00:00,0.0008750641625923095,0.00045356659170521556
2026-05-04 21:05:00,-0.0009034724512950731,0.0006810557487762323
2026-05-04 21:10:00,-0.0009608466816253269,-0.0002491243025515906
2026-05-04 21:15:00,-0.0017556118209984817,3.1412708180880146e-05
2026-05-04 21:20:00,-0.002706289733117373,-0.0035205366584037607
2026-05-04 21:25:00,-0.0016662779590514987,-0.003653216890512527
2026-05-04 21:30:00,-0.0013561093912084488,-0.003226946534156002
2026-05-04 21:35:00,-0.0016059179080336605,-0.002830468804998947
2026-05-04 21:40:00,-0.00045352628519701454,-0.002865679027775103
2026-05-04 21:45:00,0.000199087296012479,-0.0016644678022885878
2026-05-04 21:50:00,0.00027207543956997426,-0.0020771388204145667
2026-05-04 21:55:00,0.001020000730083126,-0.0007256554719206546
2026-05-04 22:00:00,0.001467059473236887,0.0003085086009678676
2026-05-04 22:05:00,0.0015451505721753023,-0.00010770735249140045
2026-05-04 22:10:00,0.00176379573750296,0.0013276416315026634
2026-05-04 22:15:00,0.001828603310887189,0.0013846421006653794
2026-05-04 22:20:00,0.001684823375903477,0.0014122085183896405
2026-05-04 22:25:00,0.0010403663027442889,0.0013165624321894174
2026-05-04 22:30:00,0.0005931093265463261,0.0006427075470655058
2026-05-04 22:35:00,0.000924934346924644,0.0004283085356769069
2026-05-04 22:40:00,0.00016373565136973411,0.0004547598947319535
2026-05-04 22:45:00,-0.0003982142356697693,0.0001592025662492487
2026-05-04 22:50:00,-0.0006770076521505075,-0.00055125804633009
2026-05-04 22:55:00,-0.0011461902602825091,-0.0007593121931397849
2026-05-04 23:00:00,-0.0011061801192564502,-0.0010030633818712803
2026-05-05 00:00:00,-0.0005974112358231309,-0.0007487271903856997
2026-05-05 00:05:00,-0.0006657605786095644,-0.00030801679606822717
2026-05-05 00:10:00,-0.00017695826485564226,-0.0005535803663214148
2026-05-05 00:15:00,-0.00014379656129825946,-0.0004959821809336258
2026-05-05 00:20:00,0.00035170883295521094,-0.00021827224323552202
2026-05-05 00:25:00,0.00023670288478783164,0.0002532050998296894
2026-05-05 00:30:00,-2.2117630406270905e-05,0.00016511279147784718
2026-05-05 00:35:00,0.00017034512627311926,5.066584904198431e-05
2026-05-05 00:40:00,-0.00013498636326225721,0.0006693782271130936
2026-05-05 00:45:00,0.0003319237667973596,0.0004197829444560476
2026-05-05 00:50:00,0.0005511318816555644,0.0005294994810786011
2026-05-05 00:55:00,0.00042049260220622386,0.0008760612345086876
2026-05-05 01:00:00,0.001041919083398568,0.00023769591583599396
2026-05-05 01:05:00,0.0014945769106375906,0.0004949231081547946
2026-05-05 01:10:00,0.001483268191908138,0.00018064420317399685
2026-05-05 01:15:00,0.0007939413188005062,1.9596724953811293e-05
2026-05-05 01:20:00,-0.0004136577914586326,0.00012965372838980366
2026-05-05 01:25:00,-0.0008608052047076598,-0.000386933793128974
2026-05-05 01:30:00,-0.0006903159133067049,-0.00010402735773881052
2026-05-05 01:35:00,9.069141147577398e-05,-0.00023047246842238442
2026-05-05 01:40:00,0.0012982117687005967,0.0001071428160960301
2026-05-05 01:45:00,0.0015386863187778488,0.0002628594262600939
2026-05-05 01:50:00,0.0021264234819131644,0.00020999744055784906
2026-05-05 01:55:00,0.00223670228423245,0.0005328829337941383
2026-05-05 02:00:00,0.002601160726909413,0.0006685324227872471
2026-05-05 02:05:00,0.001845238881575284,0.0001265395089229275
2026-05-05 02:10:00,0.0025832767693945158,-0.0012729921417381964
2026-05-05 02:15:00,0.0029667193180067386,-0.0010474971350506804
2026-05-05 02:20:00,0.004014313816858461,0.00018312871809938916
2026-05-05 02:25:00,0.004651469091077942,0.0008172692611892618
2026-05-05 02:30:00,0.00370926780168368,-0.00042139282573696517
2026-05-05 02:35:00,0.00365839392509848,0.0017985656268568876
2026-05-05 02:40:00,0.0027236366106802024,0.0016126132607888488
2026-05-05 02:45:00,0.002733281869492288,0.0015206758959646902
2026-05-05 02:50:00,0.002035975473088314,0.001480017174635706
2026-05-05 02:55:00,0.0026699695178482585,0.000657610745043756
2026-05-05 03:00:00,0.0011064215448275405,0.00041697005422862546
2026-05-05 03:05:00,0.0009015155548901532,-0.0022573615963457456
2026-05-05 03:10:00,-5.50814268880373e-05,-0.001093195906197426
2026-05-05 03:15:00,-0.00022043522820602846,-0.0018632631166868774
2026-05-05 03:20:00,0.0001057704385836189,-0.0011533419260262134
2026-05-05 03:25:00,0.0008105763024275348,-0.0011435163258141756
2026-05-05 03:30:00,0.0014785421318084246,-0.0016003056836592883
2026-05-05 03:35:00,0.0010726790579731471,0.00042143314995408564
2026-05-05 03:40:00,0.0016979634029254953,0.00011148535953116156
2026-05-05 03:45:00,0.0010590947162203435,0.0008342544859273497
2026-05-05 03:50:00,0.0007995797676354499,0.0009468621938303949
2026-05-05 03:55:00,-0.0005462013812849165,0.0007002981070336832
2026-05-05 04:00:00,0.000332568722003046,0.0007336421486114364
2026-05-05 04:05:00,0.00043834096359418595,0.00021196703405572279
2026-05-05 04:10:00,0.0008479177521305559,0.0008619759401211524
2026-05-05 04:15:00,0.0010246117012435718,0.00065611989630205
2026-05-05 04:20:00,6.610280969709947e-06,0.0009863274663418939
2026-05-05 04:25:00,-0.0008722774923981547,0.0007544463889274501
2026-05-05 04:30:00,-0.0007092511310524685,0.00019109077637386525
2026-05-05 04:35:00,-0.0008545258452432591,0.0002624184749234516
2026-05-05 04:40:00,-0.001843448408306969,-2.0301576824214913e-05
2026-05-05 04:45:00,-0.001636454303866941,-0.00023510004840004772
2026-05-05 04:50:00,-0.0013814941500687183,-0.0008548639171416587
2026-05-05 04:55:00,-0.0009808276546543482,-0.0001136110839617763
2026-05-05 05:00:00,-0.0013243240116604937,0.0018367458739882863
2026-05-05 05:05:00,-0.0015537826706690794,-0.0002312547643890909
2026-05-05 05:10:00,-0.0020604773712289415,-0.00043049839639807124
2026-05-05 05:15:00,-0.002134138413374842,-0.0007778888668149153
2026-05-05 05:20:00,-0.0016715884640596812,0.00022139659804878905
2026-05-05 05:25:00,-0.0018020308045461064,0.0004372198968778943
2026-05-05 05:30:00,-0.0011486436356307195,0.001247318448050157
2026-05-05 05:35:00,-0.0014684938012017312,6.18219227418992e-05
2026-05-05 05:40:00,-0.0009925077513521785,0.00034325687472519593
2026-05-05 05:45:00,-0.0004409569719499018,0.0011206251686316443
2026-05-05 05:50:00,-0.00013009535566865793,0.0008333693375316156
2026-05-05 05:55:00,-0.000269069176662029,0.00018960634972671115
2026-05-05 06:00:00,0.0003483283581111607,0.0002611127220393819
2026-05-05 06:05:00,0.0022032312676252275,0.0009874599354362575
2026-05-05 06:10:00,0.0015363948889106638,0.001149969096759536
2026-05-05 06:15:00,0.0012924913795195891,0.0007959112375180732
2026-05-05 06:20:00,0.0019139352635129114,0.0008708474514619071
2026-05-05 06:25:00,0.002341787178238519,0.0011166703607898853
2026-05-05 06:30:00,0.003098974665357801,0.001294782572111899
2026-05-05 06:35:00,0.003693580525897744,0.0016523388666913417
2026-05-05 06:40:00,0.003137368067712032,0.0024338099564635033
2026-05-05 06:45:00,0.0029199222722446905,0.0021173946542638418
2026-05-05 06:50:00,0.002378729999410467,0.0027452264098581846
2026-05-05 06:55:00,0.0027402346785319054,0.0025044714198470537
2026-05-05 07:00:00,0.0015461706730963698,0.0028020106810663875
2026-05-05 07:05:00,4.4016021831794205e-06,0.0026148397314208066
2026-05-05 07:10:00,0.0008190333223154767,-0.0001926105983751424
2026-05-05 07:15:00,0.00044294446399106846,-0.0001371299264840051
2026-05-05 07:20:00,-0.0009234353772136217,0.00027516612615060366
2026-05-05 07:25:00,-0.0007447197950511963,7.787424352035114e-06
2026-05-05 07:30:00,-0.0008866428829339412,0.00022766335657500945
2026-05-05 07:35:00,-0.00014950443704364602,-0.0006764855925760205
2026-05-05 07:40:00,0.00011658023978000642,-0.0004738055552921016
2026-05-05 07:45:00,0.00018908246690330088,-0.00036347771084759483
2026-05-05 07:50:00,0.0010180400641335297,-0.0003099459818283839
2026-05-05 07:55:00,0.00044205116857298776,-0.000329851219310308
2026-05-05 08:00:00,0.002020511399503988,0.00032884080647998317
2026-05-05 08:05:00,0.001923844940076691,0.0001474411686189251
2026-05-05 08:10:00,0.002191794949924386,0.000554179770284944
2026-05-05 08:15:00,0.0035826133307974573,-0.0002597692529255094
2026-05-05 08:20:00,0.0034865098279404094,0.0012646006001555902
2026-05-05 08:25:00,0.002661253283450904,0.0017359719830759178
2026-05-05 08:30:00,0.0021020236411768423,0.0018697706915629855
2026-05-05 08:35:00,0.0012437238602895917,0.00046424805333061467
2026-05-05 08:40:00,0.001072779855485706,0.0003149590296055282
2026-05-05 08:45:00,-0.00065974523033141,0.0006974117654928387
2026-05-05 08:50:00,-0.0010862396072237601,0.0003061888722851122
2026-05-05 08:55:00,-0.0004970463235132172,-0.00020293498699007164
2026-05-05 09:00:00,-0.0005778143619110665,-0.0002976430551083084
2026-05-05 09:05:00,-0.0010175277154260698,-0.00029303254392222604
2026-05-05 09:10:00,-0.0005557380090994712,-0.0004711834988198956
2026-05-05 09:15:00,-0.0009070853205237484,-0.00040303635273192283
2026-05-05 09:20:00,0.00017356743742702463,0.00013130215912456053
2026-05-05 09:25:00,0.000503278463163781,0.000583206859968223
2026-05-05 09:30:00,-0.0002833835131497153,0.000861433122216775
2026-05-05 09:35:00,-0.0007645092355126337,0.00016017170594095982
2026-05-05 09:40:00,-0.0002966579851868545,-0.0003203087741904933
2026-05-05 09:45:00,0.0013871594368737306,0.000307497538530316
2026-05-05 09:50:00,0.002568568870040977,0.001461275419374723
2026-05-05 09:55:00,0.0028996160754051203,0.0016508503269660238
2026-05-05 10:00:00,0.0010850490544633828,0.0006190113418100305
2026-05-05 10:05:00,0.002575874953931745,0.0004287370068332887
2026-05-05 10:10:00,0.0014205810961893661,0.0017179679255985797
2026-05-05 10:15:00,0.000746812900978,0.00036823752571577846
2026-05-05 10:20:00,0.0006544517224078561,0.00010788205458230148
2026-05-05 10:25:00,0.00025923240989556007,0.0002510463168231161
2026-05-05 10:30:00,0.0004722612505165813,0.0006103938873668234
2026-05-05 10:35:00,0.0009226106139585966,0.0006116348592657518
2026-05-05 10:40:00,0.001238787376946604,0.0007241839102009272
2026-05-05 10:45:00,0.00044146474764339416,0.0013731630633360282
2026-05-05 10:50:00,-0.0006168212390846861,0.0007369975510541045
2026-05-05 10:55:00,-0.0004826858489046515,0.0005123974203355465
2026-05-05 11:00:00,0.00011195221627779972,0.00044247488345083483
2026-05-05 11:05:00,-0.0016264431131318702,0.00014505725401902598
2026-05-05 11:10:00,-0.0010405371339299307,4.430145196916717e-05
2026-05-05 11:15:00,-0.0004150712653494537,-3.945907787290968e-05
2026-05-05 11:20:00,-0.0005424178573090188,-0.000204238098121305
2026-05-05 11:25:00,-0.0009603752574562918,0.00031638580765225294
2026-05-05 11:30:00,-0.00018228837852163338,0.0007555825876304178
2026-05-05 11:35:00,-0.0008083364525397485,0.000570660209739663
2026-05-05 11:40:00,-0.002278883960000755,0.00142398409234483
2026-05-05 11:45:00,-0.002125651602332468,-5.911909047497232e-05
2026-05-05 11:50:00,-0.002867391782311657,7.536660446242179e-05
2026-05-05 11:55:00,-0.0028437954579896285,0.00047678810053945064
2026-05-05 12:00:00,-0.0027541475216210642,-0.00014186093116175317
2026-05-05 12:05:00,-0.0004680099883600519,-0.00042419721715462855
2026-05-05 12:10:00,-5.491072067265179e-05,-6.785101789779212e-05
2026-05-05 12:15:00,-0.0004987525796291692,-0.00016551544189244687
2026-05-05 12:20:00,0.00043703174885578733,-0.0001432557948645085
2026-05-05 12:25:00,0.0018035141552452671,-0.0001142464165012604
2026-05-05 12:30:00,0.000937442782010578,0.0012777667992499612
2026-05-05 12:35:00,0.0013768556509852203,0.0004519379600589148
2026-05-05 12:40:00,0.003993958389578722,0.0008759758939440098
2026-05-05 12:45:00,0.003946554307656669,0.002239138416950699
2026-05-05 12:50:00,0.004433944239908172,0.0018108876258317633
2026-05-05 12:55:00,0.004245134525122651,0.0029602993791216477
2026-05-05 13:00:00,0.003087734706188172,0.0025956126283624803
2026-05-05 13:05:00,0.001778590200911978,0.002805641044811011
2026-05-05 13:10:00,0.002785657647841333,0.0007163903361214925
2026-05-05 13:15:00,0.002679792882853249,0.0009027521942447667
2026-05-05 13:20:00,0.003786920380685288,0.0016027533562827467
2026-05-05 13:25:00,0.0038050304231802556,0.0012823025877638436
2026-05-05 13:30:00,0.002750171290662351,-6.871015089827346e-05
2026-05-05 13:35:00,0.0028902735858071793,-0.00014263270231382622
2026-05-05 13:40:00,0.0008520565413601133,0.0002335975527557767
2026-05-05 13:45:00,0.0002454584716318209,-5.563205133640022e-05
2026-05-05 13:50:00,0.0004186480360033329,0.0003344847731406722
2026-05-05 13:55:00,0.00040096099712449984,0.000776420786340115
2026-05-05 14:00:00,0.0037189745389696327,0.0005831427344613892
2026-05-05 14:05:00,0.003958614926762749,0.0018667130867800758
2026-05-05 14:10:00,0.0028609193697004542,0.0021956649869335283
2026-05-05 14:15:00,0.004085950515561265,0.0009293140174009914
2026-05-05 14:20:00,0.0010734177138953527,0.0015704746511523975
2026-05-05 14:25:00,0.0006622639833864241,0.000669689843018692
2026-05-05 14:30:00,0.0024261352437857653,0.0008617557871798648
2026-05-05 14:35:00,0.0010322491261121058,0.0011839482021160218
2026-05-05 14:40:00,0.001478969804127317,0.0014675167518890966
2026-05-05 14:45:00,0.002796598640067316,0.0016838248706211097
2026-05-05 14:50:00,0.0037075682243834507,0.001926360103400781
2026-05-05 14:55:00,0.0037280229468752424,0.0023153806594515924
2026-05-05 15:00:00,0.0010946573734287313,0.002604125140188588
2026-05-05 15:05:00,0.0016440818407907898,0.0016578907430548047
2026-05-05 15:10:00,-0.0011516949434717816,0.001585084135947748
2026-05-05 15:15:00,-0.0023690427170190986,0.001220985777931808
2026-05-05 15:20:00,0.0006138004816964582,0.0005968934645082937
2026-05-05 15:25:00,0.0016919166461075719,0.0007068336537100184
2026-05-05 15:30:00,0.00022264714448816392,0.00108213257899572
2026-05-05 15:35:00,0.0013477547291991243,0.0011092300352857846
2026-05-05 15:40:00,0.0017736271602153408,0.0013025953666281234
2026-05-05 15:45:00,0.0003211735315069575,0.0009685775840199312
2026-05-05 15:50:00,-0.00036467859009192694,0.0015999984385671729
2026-05-05 15:55:00,0.00014839579805325798,0.0009779558009924494
2026-05-05 16:00:00,0.0009647517167614694,0.000555189203982584
2026-05-05 16:05:00,-0.0007114486791301999,0.00014257907633383364
2026-05-05 16:10:00,0.0017325025443604147,0.00013791806574785438
2026-05-05 16:15:00,0.0018209904178032588,0.002042348396012184
2026-05-05 16:20:00,-0.0005766559358768575,0.0018168779239550914
2026-05-05 16:25:00,-0.0010955987276517476,0.00115788657912082
2026-05-05 16:30:00,-0.0008581189381509091,0.00042475198899434395
2026-05-05 16:35:00,-0.0010723767930986838,0.0003824730875080305
2026-05-05 16:40:00,-0.0019835251636752815,-0.00010769683878668547
2026-05-05 16:45:00,-0.0007451931564173009,0.0003512752693418305
2026-05-05 16:50:00,-0.00171161612407289,0.0006786613688556989
2026-05-05 16:55:00,-0.0030749787377661875,-0.00015308482851019396
2026-05-05 17:00:00,-0.003621533371360286,-0.0008356890048864703
2026-05-05 17:05:00,-0.003529801368621577,-0.001139248680729672
2026-05-05 17:10:00,-0.003268702000902124,-0.0014200826621768772
2026-05-05 17:15:00,-0.0030886771690319392,0.00043377850465677465
2026-05-05 17:20:00,-0.003280589377130383,-0.0008034032374901885
2026-05-05 17:25:00,-0.004218990813306789,0.0014592863800759548
2026-05-05 17:30:00,-0.004325807872570309,-0.0014012620734899083
2026-05-05 17:35:00,-0.004395418941049556,-0.0003298880562062087
2026-05-05 17:40:00,-0.003577217859319859,-0.0015482122774337379
2026-05-05 17:45:00,-0.0035412376137600177,-0.0017996400320775103
2026-05-05 17:50:00,-0.002310843259129669,-0.0007229199817728926
2026-05-05 17:55:00,-0.0015750225325330547,-0.0020358074288642863
2026-05-05 18:00:00,-0.001742216078763903,-0.002535401844460698
2026-05-05 18:05:00,-0.0020988483781341216,0.0017117592977674556
2026-05-05 18:10:00,-0.002188011975198023,0.000596849039754465
2026-05-05 18:15:00,-0.0007144657700060009,-0.00028525860782718717
2026-05-05 18:20:00,-0.0005152791337152962,-0.0002959493512081328
2026-05-05 18:25:00,-0.00027634306193036196,-0.00013651784224523122
2026-05-05 18:30:00,0.0006930371973403737,-0.0002654869036002514
2026-05-05 18:35:00,0.001068328124379292,9.49073026155483e-05
2026-05-05 18:40:00,0.000811636720881026,0.00017769861343356968
2026-05-05 18:45:00,0.0008618260938657585,-0.00012863410349252347
2026-05-05 18:50:00,-0.0002829248305147303,2.747770962564491e-05
2026-05-05 18:55:00,-0.0003903055176905923,-1.6852848257046046e-05
2026-05-05 19:00:00,0.00017545475724745074,-0.00010434285957420581
2026-05-05 19:05:00,0.0013339478491349865,-0.00012338147842065516
2026-05-05 19:10:00,0.0018046885123137457,0.0004649202692283598
2026-05-05 19:15:00,0.000322230274678148,0.0006772720506232331
2026-05-05 19:20:00,0.000554736377413434,0.0008545330052682052
2026-05-05 19:25:00,0.0007192099525905604,0.0013643302442370542
2026-05-05 19:30:00,-0.0004912173077435966,0.0008855843018460674
2026-05-05 19:35:00,-0.00027410267180627557,0.0004391698851878161
2026-05-05 19:40:00,0.0002521313332586317,0.000572778651612166
2026-05-05 19:45:00,0.00019726027461253182,0.0004911909142244077
2026-05-05 19:50:00,0.000572346471626517,0.0003313289091215347
2026-05-05 19:55:00,0.0003968823953623968,0.0010382651117121333
2026-05-05 20:00:00,-0.00024345175224560478,0.0005075096064588654
2026-05-05 20:05:00,-0.0006645575070347576,0.0003327008144851935
2026-05-05 20:10:00,-0.001587427210854031,0.0002605625440969849
2026-05-05 20:15:00,-0.0009648086809335155,-0.00013079695188144495
2026-05-05 20:20:00,-0.0010461433468531567,-5.5202254312110566e-05
2026-05-05 20:25:00,-0.0012216481045772554,-0.00013486795107174457
2026-05-05 20:30:00,-0.000509015285835801,-0.00034324173023909797
2026-05-05 20:35:00,-0.0006010960311204627,0.0003479538542251862
2026-05-05 20:40:00,-0.0013073875830968973,-0.0003144821304110617
2026-05-05 20:45:00,-0.0009954656706696596,-0.0005474189885254238
2026-05-05 20:50:00,-0.0013842806310702116,-0.0008307932923504016
2026-05-05 20:55:00,-0.0012679444329730671,-0.0008000457345550416
2026-05-05 21:00:00,-0.0009392701157757699,-0.0010385574391445131
2026-05-05 21:05:00,-0.0004323090747995195,-0.0005685692624512597
2026-05-05 21:10:00,-0.00015361421356807625,-0.00040800050700458734
2026-05-05 21:15:00,-0.00038837891788290335,-0.0001414977522506576
2026-05-05 21:20:00,-0.0001755610276585884,-0.0002677095844108909
2026-05-05 21:25:00,0.0006274599487134935,-0.00017671533903583454
2026-05-05 21:30:00,0.0002611221023975929,7.091379552664153e-05
2026-05-05 21:35:00,-0.00019312942145255363,0.0003022377118893283
2026-05-05 21:40:00,4.39006615948756e-06,-5.9484232845469544e-05
2026-05-05 21:45:00,-0.0004937150179777916,0.00022542449838281308
2026-05-05 21:50:00,-4.171171715583455e-05,-0.000225830257369941
2026-05-05 21:55:00,0.00027434571463125224,0.00016512512822532604
2026-05-05 22:00:00,0.0012265807476978807,-1.768769333532998e-05
2026-05-05 22:05:00,-0.0007355742696244505,9.830255710077467e-05
2026-05-05 22:10:00,-0.000946344950756739,2.655695962555963e-05
2026-05-05 22:15:00,-0.0012803044612716974,-0.00038630754452850357
2026-05-05 22:20:00,-0.0016012215753207215,-0.0005446051315234313
2026-05-05 22:25:00,-0.002120905538742335,-0.0007200030557741475
2026-05-05 22:30:00,-0.002436129715535529,-0.0010002657082032302
2026-05-05 22:35:00,-0.0015046135158840457,-0.0010949052549440142
2026-05-05 22:40:00,-0.0012123902482006343,-0.0012030904728429512
2026-05-05 22:45:00,-0.0016540747709310466,-0.0011477186875543382
2026-05-05 22:50:00,-0.0015687449525039199,-0.000780240208375219
2026-05-05 22:55:00,0.0006537367428833818,-0.0013347082835347118
2026-05-05 23:00:00,0.0028926277919794074,-0.0012483492323059379
2026-05-06 00:00:00,0.005056834310732228,-0.0011300255294869471
2026-05-06 00:05:00,0.005996645140742274,0.0009780935010310977
2026-05-06 00:10:00,0.008442100212636916,0.0022469123457583783
2026-05-06 00:15:00,0.008061275739866147,0.003518481105985545
2026-05-06 00:20:00,0.007619534896655011,0.003922575843867023
2026-05-06 00:25:00,0.007775252474070626,0.00018629055050530912
2026-05-06 00:30:00,0.00769686828323124,0.004812471654794328
2026-05-06 00:35:00,0.008004832046184518,0.005596833192800294
2026-05-06 00:40:00,0.008073062294476685,0.006197769721182602
2026-05-06 00:45:00,0.010018166218417335,0.0069540275565717295
2026-05-06 00:50:00,0.00704980815455869,0.007536251812809114
2026-05-06 00:55:00,0.004757556208293323,0.0028839248879498746
2026-05-06 01:00:00,0.004428872274502282,0.0016616816882548359
2026-05-06 01:05:00,0.002865144039656542,0.0014823347878683366
2026-05-06 01:10:00,0.0005358893494982198,0.0011699097321900456
2026-05-06 01:15:00,0.0023304956859337977,-0.0005373595755484187
2026-05-06 01:20:00,0.003933683301035273,-0.0006966123784565079
2026-05-06 01:25:00,0.004396453777035347,-0.0003836469892195772
2026-05-06 01:30:00,0.00536036839381282,0.0004668143705016977
2026-05-06 01:35:00,0.004680752244869524,0.0019009133513697833
2026-05-06 01:40:00,0.005413301111909519,0.0024299536507709956
2026-05-06 01:45:00,0.0035898332513308873,0.0026086555982769762
2026-05-06 01:50:00,0.004094251608739441,0.0031006989494630805
2026-05-06 01:55:00,0.0053845891617552155,0.0007860728184283154
2026-05-06 02:00:00,0.004190529470060156,0.0009073196122609989
2026-05-06 02:05:00,0.004377772289078763,0.0025990944377640747
2026-05-06 02:10:00,0.004335356405333002,-0.0010269549851735721
2026-05-06 02:15:00,0.004612278987282892,-0.0003110001866412419
2026-05-06 02:20:00,0.00458676626993082,-0.000893122747268287
2026-05-06 02:25:00,0.004865989250909308,0.00231203958383879
2026-05-06 02:30:00,0.0030329115563905162,0.0028799118777830994
2026-05-06 02:35:00,0.0034421801368687,0.0027408399007052804
2026-05-06 02:40:00,0.0029866058192968836,0.0031230528517838135
2026-05-06 02:45:00,0.004011335817823536,0.003251018103017698
2026-05-06 02:50:00,0.003033779899643818,0.0035818120516666998
2026-05-06 02:55:00,0.0013346039646204844,0.003639249825007113
2026-05-06 03:00:00,0.0027933251028802175,0.002737662388192189
2026-05-06 03:05:00,0.004404016583702486,0.0027335365021988445
2026-05-06 03:10:00,0.00472246445350244,0.0027280377855130058
2026-05-06 03:15:00,0.0035774733232116773,0.0025675972722452338
2026-05-06 03:20:00,0.0021646760251758934,0.0036175784536052417
2026-05-06 03:25:00,0.0011366780837995805,0.003151347763657598
2026-05-06 03:30:00,0.0019751065285014135,0.0027832565422145138
2026-05-06 03:35:00,0.0014003395085655512,0.002947620631058427
2026-05-06 03:40:00,0.0022184716771445068,0.0027011347747337416
2026-05-06 03:45:00,0.0015262679673693214,0.002815843379763517
2026-05-06 03:50:00,0.0030095144023558618,0.002579530974357454
2026-05-06 03:55:00,0.003088490552698886,0.0016280246344023532
2026-05-06 04:00:00,0.0027596878937927727,0.0013693847114786479
2026-05-06 04:05:00,0.002500518651311623,0.0034024707822347456
2026-05-06 04:10:00,0.003051338512255697,0.0029513049556615938
2026-05-06 04:15:00,0.0032980757388347826,0.0029241730792181255
2026-05-06 04:20:00,0.0026185613745344227,0.002661550658851512
2026-05-06 04:25:00,0.0033075914945328577,-0.0007376356111665935
2026-05-06 04:30:00,0.002516169378214528,0.003678936595275234
2026-05-06 04:35:00,0.004389265537950493,0.0013348590317614358
2026-05-06 04:40:00,0.002876459738715198,0.00405740218435798
2026-05-06 04:45:00,0.0018986440423987005,0.003049143834886613
2026-05-06 04:50:00,0.0011353881413622702,0.001233568402707335
2026-05-06 04:55:00,0.0007173392837582782,0.0009063696958396552
2026-05-06 05:00:00,0.000794774774892204,0.001108934633610572
2026-05-06 05:05:00,0.0002497083161525637,0.0011016862676571397
2026-05-06 05:10:00,0.00010112082764202057,0.0010322621938512683
2026-05-06 05:15:00,-0.0008283427058284332,0.0010249374224478728
2026-05-06 05:20:00,0.00011837363251920863,0.0005465430353369994
2026-05-06 05:25:00,0.001490657853912225,0.0008304746484766536
2026-05-06 05:30:00,0.0013277599501702042,0.0007040875553370481
2026-05-06 05:35:00,-0.00037847997733742034,0.0011163963085153426
2026-05-06 05:40:00,-2.1515578882969066e-06,0.004194810894847088
2026-05-06 05:45:00,0.0012501440584671286,0.004265707888410074
2026-05-06 05:50:00,0.0010523677629663553,0.0034326242889340286
2026-05-06 05:55:00,0.001095480124577719,0.002902275645137997
2026-05-06 06:00:00,0.001555412686105484,0.0025775655155645056
2026-05-06 06:05:00,0.0020598658265296166,0.002265398637835376
2026-05-06 06:10:00,0.0013652055356931925,0.0020732208555559045
2026-05-06 06:15:00,0.0012798769623731943,0.0017287197453709966
2026-05-06 06:20:00,0.0015870049586208523,0.003516079744877134
2026-05-06 06:25:00,-0.00011822503396530237,0.0016528576445339663
2026-05-06 06:30:00,-0.0006604316709424296,0.0019493578259914797
2026-05-06 06:35:00,-0.0005292519384223482,0.0014616048943840324
2026-05-06 06:40:00,0.0004947364446330482,0.00017166197592018872
2026-05-06 06:45:00,-0.00013118096217468178,0.000265418087905693
2026-05-06 06:50:00,0.000892245798718605,0.0006704236516223402
2026-05-06 06:55:00,0.003000499470239504,0.0007058331070645778
2026-05-06 07:00:00,0.001467140510390763,0.0009161707490694457
2026-05-06 07:05:00,0.0017104605136193385,0.001269144564491358
2026-05-06 07:10:00,0.0012667905091650056,0.0011886715455658755
2026-05-06 07:15:00,0.0014070485776738195,0.0011995792519919142
2026-05-06 07:20:00,0.0019384031957780934,0.0014680221517316286
2026-05-06 07:25:00,0.0030971771356362865,0.0010820403850431736
2026-05-06 07:30:00,0.0036452136573679184,-0.00038114443100792725
2026-05-06 07:35:00,0.004191905807649832,0.001192943262105824
2026-05-06 07:40:00,0.0030747783095357306,0.0020432492718845618
2026-05-06 07:45:00,0.003272228935259136,0.0025012027990189544
2026-05-06 07:50:00,0.002440467883436881,0.002370484847891573
2026-05-06 07:55:00,0.0014829612218978383,0.002437057426629143
2026-05-06 08:00:00,0.0019685552277213247,0.0014723736161702085
2026-05-06 08:05:00,0.0007652183978645866,0.002260567435763978
2026-05-06 08:10:00,-0.00040133449622281603,0.0018903492787266205
2026-05-06 08:15:00,0.00047215266001643386,0.0024315409839733345
2026-05-06 08:20:00,0.000508128458085011,0.001347794850774142
2026-05-06 08:25:00,0.0002914090074579434,0.0011725510438424771
2026-05-06 08:30:00,0.0004265896154738158,0.0015573991704590524
2026-05-06 08:35:00,-0.00029792109169513026,0.0006501215716125655
2026-05-06 08:40:00,0.0012855096994410786,0.0015202410928861787
2026-05-06 08:45:00,0.0022119141854055613,0.0014654034991753362
2026-05-06 08:50:00,0.002107270216891166,0.0008103295940420518
2026-05-06 08:55:00,0.002500191115764494,0.001741479375494794
2026-05-06 09:00:00,0.0021164799018684732,0.0009323497111446123
2026-05-06 09:05:00,0.002234427362653335,0.0009691079148812884
2026-05-06 09:10:00,0.004497739440372683,0.0014170213212521927
2026-05-06 09:15:00,0.0038611285488094893,0.0038423576712615887
2026-05-06 09:20:00,0.0028018567508283354,0.00373242553113999
2026-05-06 09:25:00,0.0019925889158525223,0.003770465512734984
2026-05-06 09:30:00,0.0021665790241538474,0.0029677144587841146
2026-05-06 09:35:00,0.0023488086371390438,0.002848375284273244
2026-05-06 09:40:00,0.00152974418923435,0.0029536089480815177
2026-05-06 09:45:00,0.0009620359987572158,0.003095452729685178
2026-05-06 09:50:00,0.004995555796391216,0.0026172138528774043
2026-05-06 09:55:00,0.004141798914348627,0.003529737075582282
2026-05-06 10:00:00,0.0029329728347278206,0.002961793619696069
2026-05-06 10:05:00,0.003851423224370265,0.0034257920724422965
2026-05-06 10:10:00,0.0034431372934129456,0.0035917994098146684
2026-05-06 10:15:00,0.004576315678322729,0.003924383385722648
2026-05-06 10:20:00,0.003774036197224717,0.003384415535058237
2026-05-06 10:25:00,0.004909916699183725,0.0037071519409288406
2026-05-06 10:30:00,0.005899986303552041,0.003719436552502566
2026-05-06 10:35:00,0.005846934870714193,0.003850149279727469
2026-05-06 10:40:00,0.004077140516551836,0.004464914751466999
2026-05-06 10:45:00,0.004538993716455053,0.0035187415547080873
2026-05-06 10:50:00,0.0005320133852357856,0.003588542994178135
2026-05-06 10:55:00,0.00021908204710108237,0.0030479824412013774
2026-05-06 11:00:00,0.0017952389475333064,0.0029719675359701175
2026-05-06 11:05:00,0.00021507139495113847,0.002686285128886174
2026-05-06 11:10:00,0.0005109796869025018,0.003203687363463466
2026-05-06 11:15:00,-0.0003873007949781737,0.0038151722900487905
2026-05-06 11:20:00,0.001127950081173168,0.0022703111355665134
2026-05-06 11:25:00,0.0010228831094334367,0.002094660456657114
2026-05-06 11:30:00,0.0013448472396202504,0.0017036691176345597
2026-05-06 11:35:00,0.001531772896070649,0.0013224203996651757
2026-05-06 11:40:00,0.0038082088173094775,0.0012020784697543462
2026-05-06 11:45:00,0.0020972988241538815,0.0018485053497933812
2026-05-06 11:50:00,0.004514958269531633,0.0018405770703193347
2026-05-06 11:55:00,0.0032910830817964865,0.0027523189230887553
2026-05-06 12:00:00,0.0029488581804422154,0.0026277407797169576
2026-05-06 12:05:00,0.005025018803674897,0.0033570925952672247
2026-05-06 12:10:00,0.0030497969012710513,0.0034899623668427264
2026-05-06 12:15:00,0.0029499173397482537,0.0035270704452406597
2026-05-06 12:20:00,0.0018721404069168557,0.0031936762153413787
2026-05-06 12:25:00,0.00026565081950202796,0.0024066084335569436
2026-05-06 12:30:00,0.0007279696654141077,0.0021421486903912394
2026-05-06 12:35:00,-3.821266622949793e-05,0.0020142331016025205
2026-05-06 12:40:00,-0.0030015795154909597,0.00229560212960367
2026-05-06 12:45:00,-0.0027335198206905886,0.0012321228811277083
2026-05-06 12:50:00,-0.005004400166589207,0.0025012631704260818
2026-05-06 12:55:00,-0.0052794685042698575,0.0010848976611171866
2026-05-06 13:00:00,-0.005929911853300496,0.0021913442904031273
2026-05-06 13:05:00,-0.008040235767532877,0.002642590788573903
2026-05-06 13:10:00,-0.008342553502064476,0.002040313967212129
2026-05-06 13:15:00,-0.00891666863438445,0.0016412584942442773
2026-05-06 13:20:00,-0.005733725043469917,0.0002575312470467076
2026-05-06 13:25:00,-0.004758384059284637,0.00022186655977062496
2026-05-06 13:30:00,-0.006227115435599728,-0.0012090758637560298
2026-05-06 13:35:00,-0.006440546450180662,-0.002630030617690722
2026-05-06 13:40:00,-0.0037556127823457075,-0.0037918176086109362
2026-05-06 13:45:00,-0.003669885396803352,-0.004612847725482444
2026-05-06 13:50:00,-0.004375170301164744,-0.0043438534014372384
2026-05-06 13:55:00,-0.0021097931845712736,0.001842628101729023
2026-05-06 14:00:00,-0.0007066119745591237,0.0003946300171131916
2026-05-06 14:05:00,-0.001949585048198088,0.0019894048160491954
2026-05-06 14:10:00,0.0022400351356584025,0.000403273368345471
2026-05-06 14:15:00,0.002715603334989325,-0.0032158455601142078
2026-05-06 14:20:00,0.0005955538559909712,0.0006763514998171453
2026-05-06 14:25:00,0.00022629071194657513,-0.004476328004991565
2026-05-06 14:30:00,0.0029055627928418204,-0.0039494649834119835
2026-05-06 14:35:00,0.003212679396469298,-0.002702432755956786
2026-05-06 14:40:00,0.0028403900107196733,-0.0019448373438352706
2026-05-06 14:45:00,0.004233780586822888,-0.000988212701131078
2026-05-06 14:50:00,0.0054537526763454025,0.0006737752870139707
2026-05-06 14:55:00,0.003902495961131791,0.0018932767274348692
2026-05-06 15:00:00,0.004916705152650636,0.002210579399625631
2026-05-06 15:05:00,0.007425246366988603,0.003151007582803218
2026-05-06 15:10:00,0.0058754325450305345,0.0026904513750022124
2026-05-06 15:15:00,0.00628170447097709,0.0027955967288103302
2026-05-06 15:20:00,0.004904610662393338,0.0038921464778466385
2026-05-06 15:25:00,0.004321703711331892,0.003731052375134531
2026-05-06 15:30:00,0.0019500665948477547,0.004703286408944539
2026-05-06 15:35:00,0.0028392887041022163,0.0028556518880788963
2026-05-06 15:40:00,0.00377255876986915,0.003925972377629898
2026-05-06 15:45:00,0.001111962856382931,0.003646437007506107
2026-05-06 15:50:00,-0.0001297087190526014,0.0034100379685120287
2026-05-06 15:55:00,0.0004487371103252258,0.0027348711025438383
2026-05-06 16:00:00,2.1250371881720298e-05,0.002403174022429647
2026-05-06 16:05:00,-0.0020070295268865834,0.001919162950208802
2026-05-06 16:10:00,-0.0030909428593055566,0.0016624761670544638
2026-05-06 16:15:00,-0.0023199106234876865,0.0003950588603145106
2026-05-06 16:20:00,-0.0021428078546144036,-0.00013796409737036283
2026-05-06 16:25:00,-0.0020616085502602743,0.00034533603804833127
2026-05-06 16:30:00,-0.0025782146753225987,-0.00020347528545478007
2026-05-06 16:35:00,-0.003493360430296022,0.0022042053013695685
2026-05-06 16:40:00,-0.004477638461365174,0.0016484482867292014
2026-05-06 16:45:00,-0.002710847597233723,-0.0006280920038889981
2026-05-06 16:50:00,-0.0021820520577779945,0.0007017817355058531
2026-05-06 16:55:00,-0.0033288461253011548,-0.0007456773990774705
2026-05-06 17:00:00,-0.004022230933532711,-0.0012614968770751696
2026-05-06 17:05:00,-0.003297796749803794,0.00026590090600292515
2026-05-06 17:10:00,-0.002893382956548507,-0.001438433627023544
2026-05-06 17:15:00,-0.0036095199156402913,-0.0029510624402235264
2026-05-06 17:20:00,-0.0032933015934677456,-0.0019525251332559597
2026-05-06 17:25:00,-0.0015004745081004245,0.0016286877007837366
2026-05-06 17:30:00,-0.0015539654284317805,0.0003999591521001207
2026-05-06 17:35:00,-0.0004988307425808358,-0.0001472862377516479
2026-05-06 17:40:00,-0.0008697858700763561,0.000298619794036015
2026-05-06 17:45:00,-0.0010979184358248517,0.0007734398948197985
2026-05-06 17:50:00,-0.0017085142964745614,0.00013698029388008463
2026-05-06 17:55:00,-0.000943376161142595,4.990964087375503e-05
2026-05-06 18:00:00,-0.0002155147129148105,-0.0006362244058825608
2026-05-06 18:05:00,0.0006851822671372076,-0.0006515535792486468
2026-05-06 18:10:00,0.0005443478153974723,0.0009609768583731089
2026-05-06 18:15:00,-0.0006170948269108578,0.00262129167752372
2026-05-06 18:20:00,-0.0004933299120981616,0.0008928959474467092
2026-05-06 18:25:00,-0.0011033465381675711,-0.0001497390024670419
2026-05-06 18:30:00,-0.0010843024814555235,-0.00011603561983081311
2026-05-06 18:35:00,-0.0022478227686963947,0.0021566555856583004
2026-05-06 18:40:00,-0.0015474444113756647,0.00160765252854484
2026-05-06 18:45:00,-0.0015027966795297942,0.0012492589496470648
2026-05-06 18:50:00,-0.0005445221739055484,0.0013704621588002145
2026-05-06 18:55:00,0.00036934599492610687,0.0026055723758266103
2026-05-06 19:00:00,-0.0006681773843197902,0.0016737987054584599
2026-05-06 19:05:00,-0.0002219391085009903,0.0017846391793792426
2026-05-06 19:10:00,0.00028379720852811374,0.00115998079926434
2026-05-06 19:15:00,0.001504701675377973,0.000826151371592468
2026-05-06 19:20:00,0.0013747379169846141,0.0008929535867936105
2026-05-06 19:25:00,0.0011054794915512645,0.0006317473349756389
2026-05-06 19:30:00,0.0014298368794296579,0.0008096238538407883
2026-05-06 19:35:00,0.0019343274317709103,0.0007545598320355466
2026-05-06 19:40:00,0.000979970465813551,0.0009403938983585464
2026-05-06 19:45:00,0.0012745341510331798,0.001059757898372461
2026-05-06 19:50:00,0.0011292863108085527,0.0010987004227275313
2026-05-06 19:55:00,0.00030946240225482313,0.0008408367210393889
2026-05-06 20:00:00,0.0017708673554643894,0.0007670669916146286
2026-05-06 20:05:00,0.0019381689843047667,0.0012018930291342626
2026-05-06 20:10:00,0.0017351715436930704,0.0008361570179042019
2026-05-06 20:15:00,0.001674917338267079,0.0002607757673088201
2026-05-06 20:20:00,0.0025842532674840157,0.0007360289919369857
2026-05-06 20:25:00,0.0020072241213551223,0.001030464651347372
2026-05-06 20:30:00,0.0017237544605421817,0.0010710937264035779
2026-05-06 20:35:00,0.0019625251481283357,0.0008574328488649221
2026-05-06 20:40:00,0.0019762325636953904,0.0012765205955728432
2026-05-06 20:45:00,0.0020120345167491394,0.001318725297754273
2026-05-06 20:50:00,0.002254753944713528,0.001547469611902044
2026-05-06 20:55:00,0.0015501383195992702,0.001709594734682516
2026-05-06 21:00:00,0.0009928731280446357,0.001102243388960265
2026-05-06 21:05:00,0.00042380687819054685,0.0012030447104822621
2026-05-06 21:10:00,0.0008047450584829363,0.00048521748212789243
2026-05-06 21:15:00,0.0002831374630005712,0.00013085028315111254
2026-05-06 21:20:00,-0.0011389753222115218,1.8619427262869586e-06
2026-05-06 21:25:00,-0.0010670347990373585,-0.0015765071848590061
2026-05-06 21:30:00,-0.0014934645074156094,-0.0007200807710614041
2026-05-06 21:35:00,-0.0014720656417210876,0.0006200775893537766
2026-05-06 21:40:00,-0.001534599110144086,0.00022911291068939497
2026-05-06 21:45:00,-0.0015768874237682695,-0.0002989612975792665
2026-05-06 21:50:00,-0.001339878844515141,-0.0009118434249633893
2026-05-06 21:55:00,-0.00046457608268823947,-0.0019471341301110507
2026-05-06 22:00:00,-0.0008180900610934572,0.0002645715713487993
2026-05-06 22:05:00,-0.0012399812395784693,7.350334291107645e-05
2026-05-06 22:10:00,-0.0009751445391774638,-9.548956483589177e-05
2026-05-06 22:15:00,-0.0001639119179337456,-0.0007292173713602708
2026-05-06 22:20:00,0.001045351528080829,-0.0006679243707793322
2026-05-06 22:25:00,0.001143664130227151,-0.0005956907708825929
2026-05-06 22:30:00,0.001052687753702486,-0.00027061497682320806
2026-05-06 22:35:00,0.0016359677903761138,-0.0006553029454133565
2026-05-06 22:40:00,0.0019412992340335222,-0.0002910016067993781
2026-05-06 22:45:00,0.0020260582215936296,-3.511699772711944e-05
2026-05-06 22:50:00,0.0013803242118761716,5.9490374372072596e-05
2026-05-06 22:55:00,0.001035410709508966,3.826168804546578e-05
2026-05-06 23:00:00,0.0006093702581502214,0.0006547532845254444
2026-05-07 00:00:00,0.001314501568227655,0.0006772894137745844
2026-05-07 00:05:00,0.0006090445429638436,0.0011495843858433858
2026-05-07 00:10:00,-0.0005920095916618351,0.0006655718061968946
2026-05-07 00:15:00,-0.0005172166199294281,0.0001056042968436937
2026-05-07 00:20:00,-0.0009305921643640858,-0.00023528576550711653
2026-05-07 00:25:00,-0.00037278896635584147,-0.00030180464477769567
2026-05-07 00:30:00,-0.0011095246687080618,-8.639500204295636e-05
2026-05-07 00:35:00,-0.0008583097363636938,-0.0005692626513269065
2026-05-07 00:40:00,-0.0010476690324434657,-0.000486809712266018
2026-05-07 00:45:00,-0.00015114631737489503,-0.0005543336171955471
2026-05-07 00:50:00,0.00011710860985303384,-0.0003264357935607693
2026-05-07 00:55:00,0.0007984372346871993,-0.0005449998830676886
2026-05-07 01:00:00,-0.0006389259446653028,-1.849762388918288e-05
2026-05-07 01:05:00,-0.0004684628754336728,-9.786454486552161e-05
2026-05-07 01:10:00,0.0011900518193481702,3.6940909586489904e-05
2026-05-07 01:15:00,0.0002490636178826833,0.0007509025162746341
2026-05-07 01:20:00,0.0010433968835528162,0.00038987315256492196
2026-05-07 01:25:00,-0.00014915450729979796,0.0007579163086142675
2026-05-07 01:30:00,-0.00017473986180327472,0.0005265824004271346
2026-05-07 01:35:00,-0.00015768534986548843,0.001153017592165109
2026-05-07 01:40:00,-0.0011426136395549236,0.0007674930220603131
2026-05-07 01:45:00,-0.0015788215387058102,0.000691576087276304
2026-05-07 01:50:00,-0.0023341113639983035,-2.0909567872132197e-05
2026-05-07 01:55:00,-0.0023054937190511993,8.813929428575674e-06
2026-05-07 02:00:00,-0.00018536490839693442,-1.286103866346611e-05
2026-05-07 02:05:00,0.0005663864695630849,-0.0005807898914043946
2026-05-07 02:10:00,0.002131737003322698,-7.171863872721616e-05
2026-05-07 02:15:00,0.0031176208942387262,-0.00036592633898167236
2026-05-07 02:20:00,0.0025124573217798485,-0.000547344428309985
2026-05-07 02:25:00,0.0024284487216412742,7.932050234246338e-06
2026-05-07 02:30:00,0.002813432261689286,0.0007546486999921472
2026-05-07 02:35:00,0.0043952095641923705,0.0012390803137660934
2026-05-07 02:40:00,0.005229120477764582,0.0017176195875350392
2026-05-07 02:45:00,0.006298266005146047,0.001910986079377815
2026-05-07 02:50:00,0.006738071204669183,0.00269212107410971
2026-05-07 02:55:00,0.005791975726872067,0.0033998086501311115
2026-05-07 03:00:00,0.004664143932156861,0.0036151773067007913
2026-05-07 03:05:00,0.0033024932577063737,0.003912501251453663
2026-05-07 03:10:00,-0.0011450046445702355,0.003932744832612604
2026-05-07 03:15:00,-0.0013652864816044996,-0.00019638524775624853
2026-05-07 03:20:00,-0.0013914870866535978,-0.0008310576713546962
2026-05-07 03:25:00,-0.00047841244529678306,-0.001116702562180733
2026-05-07 03:30:00,-0.0008185263793922815,-0.00039091887300882254
2026-05-07 03:35:00,-0.0023174636811127414,-0.00028134698485996536
2026-05-07 03:40:00,-0.0017499229317845533,-0.0013324601148805102
2026-05-07 03:45:00,-0.002692579849979282,-0.0013272564998201885
2026-05-07 03:50:00,-0.002262228346220141,-0.0015767951209111383
2026-05-07 03:55:00,-0.0016663008906387944,-0.001987512798368694
2026-05-07 04:00:00,-0.0011990345495735966,-0.0023603453257090264
2026-05-07 04:05:00,-0.0009382098287495921,-0.002103319292050748
2026-05-07 04:10:00,0.0002677808633446688,-0.001644052376721083
2026-05-07 04:15:00,0.0004460995045789673,-0.0006393342204091394
2026-05-07 04:20:00,0.0004569611736915391,0.00016793141610574626
2026-05-07 04:25:00,0.000569816334701656,0.00016369073392493504
2026-05-07 04:30:00,0.0005443415196921819,-0.00016369547636535176
2026-05-07 04:35:00,0.0005548959074772597,0.00018968383972378677
2026-05-07 04:40:00,-0.0001402962804650798,-0.0002282804370738195
2026-05-07 04:45:00,-0.00048454246751283847,-0.0004713590754851703
2026-05-07 04:50:00,-0.0005610432150433553,-0.0004356323903333202
2026-05-07 04:55:00,-0.0017435646697219198,-0.00046445071711375937
2026-05-07 05:00:00,-0.002225735469700396,-0.0008520303255753653
2026-05-07 05:05:00,-0.001898213422766304,-0.001206421503230566
2026-05-07 05:10:00,-0.001920682592089662,-0.0014912415730833361
2026-05-07 05:15:00,-0.002685975535566598,-0.0002788227063714874
2026-05-07 05:20:00,-0.0017226643023882104,-0.0010731722228764947
2026-05-07 05:25:00,-0.0016295171641687034,-0.0004172161420318693
2026-05-07 05:30:00,-0.002211102589166458,-0.00016305280286343273
2026-05-07 05:35:00,-0.0017550339397089942,-2.7875423937947162e-05
2026-05-07 05:40:00,-0.0012252400961010323,-0.0008258194014087746
2026-05-07 05:45:00,-0.0018957956687302158,-0.0005328761952375716
2026-05-07 05:50:00,-0.0017893640831410096,-0.0005877350860169178
2026-05-07 05:55:00,-0.0005300505800853728,-0.0012181690523738607
2026-05-07 06:00:00,0.0001979020263753739,0.00023907487724597192
2026-05-07 06:05:00,-0.00015958855975384267,0.0004785171991315277
2026-05-07 06:10:00,0.0007725451062121635,0.0009425071205726697
2026-05-07 06:15:00,3.407176792258326e-05,0.0014626779304182783
2026-05-07 06:20:00,-0.000589790258302969,0.0011051288999542196
2026-05-07 06:25:00,-0.0003833008639269053,0.0007082162577077483
2026-05-07 06:30:00,0.002021892455868368,0.0005726912741010373
2026-05-07 06:35:00,0.001850674535177177,0.0007827183012596864
2026-05-07 06:40:00,0.00116146255215277,0.0009685934398776705
2026-05-07 06:45:00,0.001978694579932494,0.0016891543045646912
2026-05-07 06:50:00,0.0019275289352869152,0.0020891969497454036
2026-05-07 06:55:00,0.001036422795751335,0.0017466553682889596
2026-05-07 07:00:00,0.0013523457601589683,0.001384178339844223
2026-05-07 07:05:00,0.002019575682821184,0.0017857916445093572
2026-05-07 07:10:00,0.001634635063515688,0.0016414736135677227
2026-05-07 07:15:00,0.002927960908978733,0.0005039919074404031
2026-05-07 07:20:00,0.00393881641304894,0.0016105163088693682
2026-05-07 07:25:00,0.004742577908210421,0.0015864683928771717
2026-05-07 07:30:00,0.00638356857275113,0.001967917069196266
2026-05-07 07:35:00,0.008043494938167584,0.003110380036261885
2026-05-07 07:40:00,0.008910583323142873,0.0011568100167448482
2026-05-07 07:45:00,0.007080504055135606,0.004551081019908863
2026-05-07 07:50:00,0.006727798411834129,0.004912876205260544
2026-05-07 07:55:00,0.007978653039044659,0.005565421565960138
2026-05-07 08:00:00,0.005989101118926143,0.006073050187874383
2026-05-07 08:05:00,0.007563636416943353,0.006192501298825969
2026-05-07 08:10:00,0.008632502054952695,0.006395691038186467
2026-05-07 08:15:00,0.007155082749605413,0.00646430768851397
2026-05-07 08:20:00,0.0056588697276964695,0.007097363019009335
2026-05-07 08:25:00,0.004747618987554603,-0.0010129125590178354
2026-05-07 08:30:00,0.0017941237776302188,-0.00023853195521663674
2026-05-07 08:35:00,-0.000670638502491272,-0.0014716890738530164
2026-05-07 08:40:00,-0.0005648693573689911,-0.0013698850739072824
2026-05-07 08:45:00,0.00033762753673372004,-0.001178865354358806
2026-05-07 08:50:00,0.0008694423244364202,-0.0009990547641105154
2026-05-07 08:55:00,0.0008479295840633227,-0.000436472254102157
2026-05-07 09:00:00,0.0032496214354313935,-0.00019100379455327314
2026-05-07 09:05:00,0.0006995187933256375,0.00014022145770103582
2026-05-07 09:10:00,-0.0013232364750361825,3.649960102901005e-05
2026-05-07 09:15:00,-0.0015506446720081613,-0.0002634522486038437
2026-05-07 09:20:00,-0.0001518948890293359,-0.0005295065910608198
2026-05-07 09:25:00,5.696136438793076e-05,8.449892893198231e-05
2026-05-07 09:30:00,-0.0009958689145630473,0.00038768263775200505
2026-05-07 09:35:00,-0.0007280885255163128,-2.5954553092293488e-05
2026-05-07 09:40:00,-0.0016711826237738592,-0.00028654478633147667
2026-05-07 09:45:00,-0.0007957171001962138,-0.000699135108518087
2026-05-07 09:50:00,-0.0013128956930810176,-0.000508229739996827
2026-05-07 09:55:00,-0.002484651648677172,-0.0008047808550211633
2026-05-07 10:00:00,-0.004923888225150108,-0.001341938173175433
2026-05-07 10:05:00,-0.0031538081181885502,-0.0009540120533939371
2026-05-07 10:10:00,-0.0018212577195999557,-0.001758819980758567
2026-05-07 10:15:00,-0.00024283556034454534,-0.0014231547071845698
2026-05-07 10:20:00,-0.0005803665335744057,-0.00027430432553901323
2026-05-07 10:25:00,-0.0009730080750607328,-0.0006703312448455473
2026-05-07 10:30:00,-0.0002491222675420346,-0.0007971375785927689
2026-05-07 10:35:00,-0.00021325090527746227,-0.0007909237809739616
2026-05-07 10:40:00,0.0005869201429309356,-0.00020666065821423312
2026-05-07 10:45:00,5.912012366238173e-05,3.1475250671116554e-05
2026-05-07 10:50:00,-9.716366593437442e-05,-0.0012754685091048643
2026-05-07 10:55:00,-0.0006660147720882748,-9.974285883218265e-05
2026-05-07 11:00:00,0.0006894947503539584,0.00013359426585256862
2026-05-07 11:05:00,2.5354487428685957e-05,6.458955562783414e-05
2026-05-07 11:10:00,0.0002302144912231796,-0.0004845782246653058
2026-05-07 11:15:00,-0.0007499950175819947,-0.0008404288543970388
2026-05-07 11:20:00,-0.0008109666786602077,-0.0009178370605174957
2026-05-07 11:25:00,-0.0006801902259940817,-0.0016658581692881045
2026-05-07 11:30:00,-0.0011683243904112572,-0.0013424975424861936
2026-05-07 11:35:00,0.00017102661405843378,-0.0014280800697591678
2026-05-07 11:40:00,0.0002764509206443222,-0.0011291728026803466
2026-05-07 11:45:00,-3.800539254683599e-05,-0.0014198244932312274
2026-05-07 11:50:00,0.0006145068142835441,-0.001125876511052418
2026-05-07 11:55:00,0.0016610386787725417,-0.00012270952970410822
2026-05-07 12:00:00,0.0012424277958071883,0.00019143244973238036
2026-05-07 12:05:00,0.0001690134897920359,-4.230382662028457e-05
2026-05-07 12:10:00,-0.001060694199070511,-0.00032964679265734244
2026-05-07 12:15:00,-0.00024307680395629916,-0.0005320982627422722
2026-05-07 12:20:00,0.0001985786842872983,-4.143917284943616e-05
2026-05-07 12:25:00,6.339130822929917e-05,-0.00016041169776320207
2026-05-07 12:30:00,0.0007543908757394746,6.576451279888859e-05
2026-05-07 12:35:00,-0.00018791971871578994,4.38574498739312e-05
2026-05-07 12:40:00,-0.0004959778410142945,-0.0003700552357880232
2026-05-07 12:45:00,6.756414373398911e-05,-0.0004232633477702031
2026-05-07 12:50:00,0.0005719332872278216,3.202619396648145e-05
2026-05-07 12:55:00,0.0014558930359349631,-0.00021690120632510978
2026-05-07 13:00:00,0.0011396469594551206,0.00037382294174830873
2026-05-07 13:05:00,0.0014671038944946702,0.00019507229544154248
2026-05-07 13:10:00,0.0029215837853158177,0.0006104631918379942
2026-05-07 13:15:00,0.002474506678273869,0.001703679609836728
2026-05-07 13:20:00,0.00025555920611708416,0.003913381939871984
2026-05-07 13:25:00,0.0012374383651785337,0.0019942954086965077
2026-05-07 13:30:00,0.002733855930920015,0.0016604819588193912
2026-05-07 13:35:00,0.0022484954473629415,0.0023153113194870046
2026-05-07 13:40:00,0.003108986625228738,0.0019273105488706382
2026-05-07 13:45:00,0.0033471494087358167,0.0026829860962353435
2026-05-07 13:50:00,0.0017601760082470719,0.0029538107941564744
2026-05-07 13:55:00,0.0012095212276790335,0.001901477294301119
2026-05-07 14:00:00,-0.00043038066145406617,0.0018525953761580666
2026-05-07 14:05:00,0.00012655557916119164,0.004374586378674434
2026-05-07 14:10:00,-0.0022664405708283653,0.00365671970493381
2026-05-07 14:15:00,-0.0002910489805358907,0.002636721919691305
2026-05-07 14:20:00,0.0019009146356907536,0.0015808958665841952
2026-05-07 14:25:00,0.00129281682260185,0.0019975483824632616
2026-05-07 14:30:00,0.0018268381846979764,0.003232607772661641
2026-05-07 14:35:00,0.001284391869711854,-0.0007424966379146014
2026-05-07 14:40:00,-0.0005325839392895659,0.00011384195577628296
2026-05-07 14:45:00,-0.00212755729337033,-0.00012787779511686927
2026-05-07 14:50:00,-0.0007964384034586658,-0.0003291456050278805
2026-05-07 14:55:00,-0.0002632729049469873,-0.0006050318745322552
2026-05-07 15:00:00,0.0014886665901574503,4.453280350209246e-05
2026-05-07 15:05:00,0.001435284421068772,0.0001820197861084032
2026-05-07 15:10:00,0.003917662512980868,0.0005522075732959552
2026-05-07 15:15:00,0.00221448099203414,0.0010601492813874743
2026-05-07 15:20:00,0.0027636915480631075,7.465239315848806e-06
2026-05-07 15:25:00,0.0026857350237747823,0.00026847256685159037
2026-05-07 15:30:00,-0.0014056117355583098,-0.0005614251578590029
2026-05-07 15:35:00,0.00029664944143448224,-0.00010925936910031305
2026-05-07 15:40:00,0.000538897462540433,-0.0002902014582130361
2026-05-07 15:45:00,0.0034544602845407724,0.0011009025034087875
2026-05-07 15:50:00,0.003547483347553282,0.00180275057138305
2026-05-07 15:55:00,0.0032575956059783806,0.0020777218289046565
2026-05-07 16:00:00,0.0028299394722122173,0.0011399542192535538
2026-05-07 16:05:00,0.002290918010380949,0.0017266495094227445
2026-05-07 16:10:00,0.0006206090793376973,0.00016212865140240816
2026-05-07 16:15:00,0.0006669647565971104,-0.00011331179478748142
2026-05-07 16:20:00,-0.002247418940450885,-3.730864577938156e-05
2026-05-07 16:25:00,-0.0035101608452663413,-0.00048205247945592544
2026-05-07 16:30:00,-0.0009543322242588914,-0.0010519357162831586
2026-05-07 16:35:00,-0.0021479616318771377,-0.000626504531607881
2026-05-07 16:40:00,-0.002667853961192179,-0.0007553619870048252
2026-05-07 16:45:00,-0.005077393590838142,-0.0011591590954778564
2026-05-07 16:50:00,-0.006046260585188534,-0.00127421008830139
2026-05-07 16:55:00,-0.007045858645470915,-0.0022557310123352196
2026-05-07 17:00:00,-0.007535442896760003,-0.002654921088485047
2026-05-07 17:05:00,-0.008760683647476952,-0.0028136521078539027
2026-05-07 17:10:00,-0.008365298255917253,-0.003723022832619666
2026-05-07 17:15:00,-0.01013009402608489,-0.002687139863813897
2026-05-07 17:20:00,-0.006070914794953808,-0.005066409940957964
2026-05-07 17:25:00,-0.004371730284200126,-0.004287350061368796
2026-05-07 17:30:00,-0.0052598722512051665,-0.0032134640163005196
2026-05-07 17:35:00,-0.006681786653446764,-0.004122800969494231
2026-05-07 17:40:00,-0.005894028556793884,-0.004544219323123051
2026-05-07 17:45:00,-0.004205693295586954,-0.005312399947471442
2026-05-07 17:50:00,-0.0031492356121383125,-0.004674487522268901
2026-05-07 17:55:00,-0.0029094902874291506,-0.004064592067391461
2026-05-07 18:00:00,-0.0014490514851424052,-0.0038154521130534125
2026-05-07 18:05:00,-0.00018655727680538803,-0.0031809670748299385
2026-05-07 18:10:00,-0.0001124073303486739,-0.0023461399687508934
2026-05-07 18:15:00,2.974540061906339e-05,-0.0015886236207056303
2026-05-07 18:20:00,-0.00043671640839804127,-0.0010435174621476516
2026-05-07 18:25:00,-0.004586715931658603,-0.005605673008400425
2026-05-07 18:30:00,-0.004174289840408463,-0.005445330804353284
2026-05-07 18:35:00,-0.001811912168735219,-0.0013151862380462475
2026-05-07 18:40:00,-0.002441842774134173,-0.002230807408518627
2026-05-07 18:45:00,-0.0032462456646360494,-0.0020981146529334463
2026-05-07 18:50:00,-0.0024916974041016005,-0.0015126708236057355
2026-05-07 18:55:00,-0.0006639733212114862,-0.0021739480710319357
2026-05-07 19:00:00,-0.0019268442013888887,-0.0010912187269103927
2026-05-07 19:05:00,-0.002016189618990083,-0.0018208878260114526
2026-05-07 19:10:00,-0.0013371312677818992,-0.0021844693393889324
2026-05-07 19:15:00,0.0004205902344871504,-0.001753717879733063
2026-05-07 19:20:00,-0.002001581981163625,-0.002142732886510017
2026-05-07 19:25:00,0.0031131919185156676,-0.0049251373966007796
2026-05-07 19:30:00,0.00294250018709441,-0.003975066750540778
2026-05-07 19:35:00,0.002041087943313258,-0.002494990696083626
2026-05-07 19:40:00,0.001345982509812771,-0.0012014090946348983
2026-05-07 19:45:00,0.0002595772310023392,-0.0012136260857145338
2026-05-07 19:50:00,-0.0005314027243592534,0.00012032951732250522
2026-05-07 19:55:00,-0.00040538891890840034,-6.062328086400734e-05
2026-05-07 20:00:00,-0.0004036644286227187,0.00022277987798519953
2026-05-07 20:05:00,0.0005967911503734769,0.0003205155062234601
2026-05-07 20:10:00,0.0003673586002701512,0.00047678770169411097
2026-05-07 20:15:00,-0.0013941490511992782,0.0004616261734558679
2026-05-07 20:20:00,-0.0013522192485204698,-0.0045433249320006724
2026-05-07 20:25:00,-0.0016457029112242338,-0.001055052747072973
2026-05-07 20:30:00,-0.0012651700008259326,-0.0056703504808914085
2026-05-07 20:35:00,-0.00039260169153187974,-0.005278141116982228
2026-05-07 20:40:00,0.0007922828247988178,-0.00425072134986494
2026-05-07 20:45:00,0.0019043414525281577,-0.0032922620230616323
2026-05-07 20:50:00,0.0005547779595733715,-0.0005149945189911454
2026-05-07 20:55:00,-0.0015806753028222431,-0.0004855543761159428
2026-05-07 21:00:00,0.0022435835413627814,-0.0019472829069067089
2026-05-07 21:05:00,0.00029507824563879126,-0.0008457338238933726
2026-05-07 21:10:00,0.0003905686219258797,-0.004111577846400303
2026-05-07 21:15:00,0.002079883987391895,-0.0023849078285987017
2026-05-07 21:20:00,0.0027514132948613934,-0.0010649662663992502
2026-05-07 21:25:00,0.0016626766973324436,-0.00036097935496728467
2026-05-07 21:30:00,0.001152728091273758,0.00045492102008518764
2026-05-07 21:35:00,-0.002750407705667257,0.00030200798055574584
2026-05-07 21:40:00,-0.0012556236478875604,-0.0035505904171220727
2026-05-07 21:45:00,-0.0015874081728384226,-0.002986652474936604
2026-05-07 21:50:00,-0.002333842504912198,-0.0010955209811768817
2026-05-07 21:55:00,-0.003704390386957357,-0.0017597620856138732
2026-05-07 22:00:00,-0.006788600587348981,-0.0019493304756015297
