timestamp,y_true,y_pred
2026-04-02 05:05:00,-0.0025059240126257265,-0.00045908468396261594
2026-04-02 05:10:00,-0.004678183637629729,-0.0010513493533069597
2026-04-02 05:15:00,-0.004684610076857609,-0.0006625643221516352
2026-04-02 05:20:00,-0.0066423714133669876,-0.002353873996248011
2026-04-02 05:25:00,-0.005464733882595496,-0.0009273453480128304
2026-04-02 05:30:00,-0.0051892211664021914,-0.0001776660969006738
2026-04-02 05:35:00,-0.004593746650073172,0.0012112522505412322
2026-04-02 05:40:00,-0.0051990292461923104,0.0001279755630307933
2026-04-02 05:45:00,-0.002684134405441796,6.04658974880375e-05
2026-04-02 05:50:00,-0.002358698630182232,0.00011936917575568412
2026-04-02 05:55:00,-0.000928284729214468,0.0003522699786741547
2026-04-02 06:00:00,-0.0009518931090450877,-0.0002664117616611118
2026-04-02 06:05:00,-0.0005246438163659661,0.0035276258494984
2026-04-02 06:10:00,0.0005353915338996984,0.0032407969625814674
2026-04-02 06:15:00,0.0008564944209084047,0.003257147239541676
2026-04-02 06:20:00,0.0015930628068012709,0.0033299349213226997
2026-04-02 06:25:00,0.002420818930623625,0.0024940796227674866
2026-04-02 06:30:00,-0.003696719028274842,0.003250930840985974
2026-04-02 06:35:00,-0.003958359755877439,0.002762711205571769
2026-04-02 06:40:00,-0.005858204716991722,0.002189880030796833
2026-04-02 06:45:00,-0.016209960566792248,0.0013210070269470873
2026-04-02 06:50:00,-0.013427190320317806,-0.005197396197821147
2026-04-02 06:55:00,-0.017069308321190135,-0.007853037456081333
2026-04-02 07:00:00,-0.018881651126470445,-0.010975343540862954
2026-04-02 07:05:00,-0.021814369731648853,-0.013767428956342248
2026-04-02 07:10:00,-0.019323844627905373,-0.016548230040391868
2026-04-02 07:15:00,-0.017595356622896574,-0.01845336310406737
2026-04-02 07:20:00,-0.018741181445308897,-0.01867828030783752
2026-04-02 07:25:00,-0.018915904639680292,-0.01883465853803387
2026-04-02 07:30:00,-0.012406792895253815,-0.019130833279284394
2026-04-02 07:35:00,-0.011297207579833213,-0.018367580553367565
2026-04-02 07:40:00,-0.010103560359514319,-0.01672854934356317
2026-04-02 07:45:00,0.0018738110540166275,-0.016057102962730066
2026-04-02 07:50:00,-0.001210465785897341,-0.015626694919099526
2026-04-02 07:55:00,0.001059509961583771,0.0032089403968324796
2026-04-02 08:00:00,0.003917928860351694,0.002290359710238904
2026-04-02 08:05:00,0.008788142077822414,0.0019897126286708825
2026-04-02 08:10:00,0.008589303203384802,0.003461165417809999
2026-04-02 08:15:00,0.00716055416665462,0.002776786580654639
2026-04-02 08:20:00,0.006756870543028981,0.004053603783044389
2026-04-02 08:25:00,0.006713824551898284,0.0037231885796260933
2026-04-02 08:30:00,0.008566825412790635,0.005040433776647693
2026-04-02 08:35:00,0.008681215793426844,0.004727807721442883
2026-04-02 08:40:00,0.01070753192218632,0.00401438951057405
2026-04-02 08:45:00,0.010677223910720457,0.003711991896067147
2026-04-02 08:50:00,0.010101565854078842,0.0047301998238664785
2026-04-02 08:55:00,0.009791218591596262,0.004666272050328144
2026-04-02 09:00:00,0.008186641254386728,0.007131506425593146
2026-04-02 09:05:00,0.0053305987813754285,0.007849727866756416
2026-04-02 09:10:00,0.004357644097487068,0.007666532372388422
2026-04-02 09:15:00,0.0039737538813309214,-0.000766215799554059
2026-04-02 09:20:00,0.00396114580638951,0.0012073250748734084
2026-04-02 09:25:00,0.002861145717805158,0.0008245162107482579
2026-04-02 09:30:00,0.0014045264298374605,0.0008511121920430499
2026-04-02 09:35:00,0.001121361622891115,0.0014753540467551478
2026-04-02 09:40:00,-0.0013896803382742462,0.0010593477800066255
2026-04-02 09:45:00,-0.004473711246177459,0.0005359760350984404
2026-04-02 09:50:00,-0.003975222140821799,0.0008287140496018816
2026-04-02 09:55:00,-0.005172533266479817,0.000508715797135764
2026-04-02 10:00:00,-0.004955039038890163,-0.0003993608796144008
2026-04-02 10:05:00,-0.0033448065111976177,-0.0017455490166513757
2026-04-02 10:10:00,-0.0038751663594513985,-0.0007011677685571273
2026-04-02 10:15:00,-0.003584531024712234,-0.0019106443498342618
2026-04-02 10:20:00,-0.0021266520598484107,-0.0010496093498111284
2026-04-02 10:25:00,-0.0031035521219830997,-0.0021358974595429192
2026-04-02 10:30:00,-0.0034966316598179503,-0.0005890413779088868
2026-04-02 10:35:00,-0.0037096019203044506,-0.0008661717527186205
2026-04-02 10:40:00,-0.0020383797297203188,-0.0016096415472195234
2026-04-02 10:45:00,-0.0016305985140014911,-0.0016753395594421342
2026-04-02 10:50:00,-0.00027451298435110516,-0.0014241687544649913
2026-04-02 10:55:00,0.00044793318538083327,-0.003321452514376219
2026-04-02 11:00:00,0.0022472818764462943,-0.0021376222535773415
2026-04-02 11:05:00,0.0029302862045632594,-0.00014040449206805146
2026-04-02 11:10:00,0.00048008305061131296,0.0009712339055418031
2026-04-02 11:15:00,-0.0023159431582371326,0.0014054026856824553
2026-04-02 11:20:00,-0.0023326376294559026,0.0007534212299059858
2026-04-02 11:25:00,-0.0002749426588692927,0.00012012266750426135
2026-04-02 11:30:00,-0.0016434675877246008,1.2673183966781069e-05
2026-04-02 11:35:00,-0.0016194335523032066,0.001271252659895476
2026-04-02 11:40:00,0.0008413621911476099,-0.00016556856833891285
2026-04-02 11:45:00,0.0018164130845601534,0.0005380585382699618
2026-04-02 11:50:00,-0.0011464195117270037,0.0013559676054747196
2026-04-02 11:55:00,-0.00023584318917357905,0.0014643627515858596
2026-04-02 12:00:00,-0.00045380777913806014,0.001778352706815236
2026-04-02 12:05:00,-0.0010586698479304602,0.0022395516468021884
2026-04-02 12:10:00,0.0006462343029500772,0.00047426169368831384
2026-04-02 12:15:00,0.002099726941178659,0.0014803229936585826
2026-04-02 12:20:00,0.0020537865373739805,0.0020339950702270154
2026-04-02 12:25:00,-0.0009054636028746899,0.0010529055720643714
2026-04-02 12:30:00,-4.117549538484866e-05,0.0014653343708847949
2026-04-02 12:35:00,-0.0014332629997131363,0.00016371245894362035
2026-04-02 12:40:00,-0.005545681416483816,-0.000658971293448635
2026-04-02 12:45:00,-0.005183328386195285,-0.0010372648879932473
2026-04-02 12:50:00,-0.00414237323202471,-0.001533279151371773
2026-04-02 12:55:00,-0.004263409286545894,-0.0024498382907734485
2026-04-02 13:00:00,-0.004121778999277126,-0.001702407894408029
2026-04-02 13:05:00,-0.004849613280384801,-0.0017783395224385456
2026-04-02 13:10:00,-0.0030944702965918225,-0.002606080370387811
2026-04-02 13:15:00,-0.0024963558177102385,-0.0027920248771709038
2026-04-02 13:20:00,0.0004755132390350525,-0.0024392140158871647
2026-04-02 13:25:00,0.002530208538976453,-0.002962690178511904
2026-04-02 13:30:00,0.0016932971580967404,-0.0016944799784445142
2026-04-02 13:35:00,0.0027519573587806434,0.0002513324698786043
2026-04-02 13:40:00,0.0041004381347597985,0.0005847010999055524
2026-04-02 13:45:00,0.0031612798060596248,0.0011951032749464676
2026-04-02 13:50:00,0.004287370554155956,0.001185937731815875
2026-04-02 13:55:00,-0.0002651655126495456,0.0009872284092309511
2026-04-02 14:00:00,-0.0030192491773384234,0.001188507618995436
2026-04-02 14:05:00,-0.0006627416669218178,0.0013408875785230565
2026-04-02 14:10:00,-0.005504938016333227,0.0011859351479384529
2026-04-02 14:15:00,-0.004869880206641142,0.00022827313978049073
2026-04-02 14:20:00,-0.009634218079622059,-2.0283457187582225e-05
2026-04-02 14:25:00,-0.0060863352007451965,-0.0004941679039084184
2026-04-02 14:30:00,-0.004899349939938347,-0.0010531213090321297
2026-04-02 14:35:00,-0.00706411318930833,-0.00020846631988010605
2026-04-02 14:40:00,-0.0037504856790757657,-0.0012370125883353685
2026-04-02 14:45:00,0.0032441071017039746,-0.0014496430286289998
2026-04-02 14:50:00,0.0032062042835665494,0.001013922419551378
2026-04-02 14:55:00,0.009902355972625898,0.002007252692187852
2026-04-02 15:00:00,0.010681740858947464,0.001790743822391573
2026-04-02 15:05:00,0.010327806446239762,0.003009293026768233
2026-04-02 15:10:00,0.01284249487913236,0.004163746896342442
2026-04-02 15:15:00,0.015037032021346874,0.0058497641853657145
2026-04-02 15:20:00,0.019820552360469534,0.00798651757884102
2026-04-02 15:25:00,0.014625181340859328,0.007593531953834519
2026-04-02 15:30:00,0.015144988347959298,0.001647144804576471
2026-04-02 15:35:00,0.021204402144714862,0.0019314344201636464
2026-04-02 15:40:00,0.019598364728192763,0.002162784910278406
2026-04-02 15:45:00,0.009968789446142878,0.003689838421180796
2026-04-02 15:50:00,0.010413776741184932,0.003735813068460483
2026-04-02 15:55:00,0.007791233690742416,0.005876331418389771
2026-04-02 16:00:00,0.008108552568646843,0.0036812155076184276
2026-04-02 16:05:00,0.004807361072897365,0.0021477925261332155
2026-04-02 16:10:00,0.005383526662180671,0.0010750387844948466
2026-04-02 16:15:00,0.0026723286471614927,0.005689177988030529
2026-04-02 16:20:00,-0.0026709091501952997,0.004045610008142161
2026-04-02 16:25:00,0.001732432787596494,0.0018092441665546468
2026-04-02 16:30:00,0.000997420915087588,0.005463376338655556
2026-04-02 16:35:00,-0.0037813612838757393,0.003872587241964719
2026-04-02 16:40:00,-0.005614024338029822,0.004700354582395249
2026-04-02 16:45:00,-0.004597384359650292,0.004944380804987464
2026-04-02 16:50:00,-0.004866147998320969,0.0022757330315881365
2026-04-02 16:55:00,-0.004522846117504642,0.0022607175985578697
2026-04-02 17:00:00,-0.004037477333659112,8.368064926626301e-05
2026-04-02 17:05:00,-0.0026669483768735347,0.0002972551929144658
2026-04-02 17:10:00,-0.0039172980247581535,0.0054948607462149066
2026-04-02 17:15:00,-0.005532570999150721,0.0010695355115039379
2026-04-02 17:20:00,-0.0022803019362811483,0.0023795739409264646
2026-04-02 17:25:00,-0.004920317670965346,0.0010031930339470998
2026-04-02 17:30:00,-0.003291408032808363,0.002840185314408681
2026-04-02 17:35:00,-0.001204313387004774,0.0010479652230755473
2026-04-02 17:40:00,-0.0016858635998531213,0.002447644973315523
2026-04-02 17:45:00,0.0003519207613766895,0.0006511625915429581
2026-04-02 17:50:00,0.0005575761879281771,0.002909869664998526
2026-04-02 17:55:00,-0.00027249447401800353,-0.0009032797552186752
2026-04-02 18:00:00,0.00019089475000910738,-0.0002210002324969595
2026-04-02 18:05:00,0.0009912887564524908,0.0005108716166256931
2026-04-02 18:10:00,0.0020709828471279224,0.003216701277732003
2026-04-02 18:15:00,0.0034158688351269006,0.003284844750238916
2026-04-02 18:20:00,0.002614823969606661,0.002787379593896988
2026-04-02 18:25:00,0.00012685075810203728,-0.0007255303871121173
2026-04-02 18:30:00,-0.0015379859715416444,0.0016092413180256921
2026-04-02 18:35:00,-0.0021658387779925903,-0.00010912168072162745
2026-04-02 18:40:00,-7.51363994346832e-05,0.0004934669052589175
2026-04-02 18:45:00,-0.0028532651406667497,-0.001791992085393829
2026-04-02 18:50:00,-0.002982356080023507,-0.0015296911462013704
2026-04-02 18:55:00,-0.0022320982281378576,-0.001148548482150261
2026-04-02 19:00:00,-0.0020201831904707035,-0.0020310966485068403
2026-04-02 19:05:00,-0.0015023364152515484,-0.0008972341908920113
2026-04-02 19:10:00,-0.0021461768746089405,-0.0013869438284764616
2026-04-02 19:15:00,-0.00185472255951602,-0.0009006498487831216
2026-04-02 19:20:00,-0.0026105247249841312,0.00012360442842392948
2026-04-02 19:25:00,0.00015048003158391055,0.0007600133888479616
2026-04-02 19:30:00,0.0015465714312075107,0.0003778062590102543
2026-04-02 19:35:00,0.0003824215062024905,0.0009913766101825048
2026-04-02 19:40:00,0.0009677541243782173,-0.0008225436538511851
2026-04-02 19:45:00,0.0045167738118099265,0.0036321599870129053
2026-04-02 19:50:00,0.0038374169025114924,-0.0004318399963637858
2026-04-02 19:55:00,0.004161561942895631,0.00042369001248746083
2026-04-02 20:00:00,0.004061977464411726,0.0005253476683881073
2026-04-02 20:05:00,0.0050367902800605435,-0.00014264473389152856
2026-04-02 20:10:00,0.004356212445129515,-0.0004953744632345337
2026-04-02 20:15:00,0.0033484484396435477,-0.00013153338458534402
2026-04-02 20:20:00,0.004523298154081701,-0.0018107180390410538
2026-04-02 20:25:00,0.0027969524388336,0.001459532719529633
2026-04-02 20:30:00,0.0010340086774025536,0.002062810661690234
2026-04-02 20:35:00,0.0019763764079314683,0.00036677947963510623
2026-04-02 20:40:00,0.0010011008657322407,-0.0004447388600068728
2026-04-02 20:45:00,0.0002912579795300019,-0.00045830504978387217
2026-04-02 20:50:00,0.001429895762791844,-0.0021369880033968542
2026-04-02 20:55:00,0.0007900052970839511,-0.00019193865067135518
2026-04-02 21:00:00,0.0006226350500746491,-0.0015656965392140726
2026-04-02 21:05:00,-0.0011075879451567516,-0.0015109703408479923
2026-04-02 21:10:00,-0.00031022380221479295,0.0025644215429249657
2026-04-02 21:15:00,-0.00037054450117146587,0.000599347699586421
2026-04-02 21:20:00,-0.0013833422979701027,-0.0002552514984476303
2026-04-02 21:25:00,0.000630004970878062,0.0013605190383810862
2026-04-02 21:30:00,0.001769491101184073,0.0017979062534879257
2026-04-02 21:35:00,0.001493101912195982,0.0017664549770314661
2026-04-02 21:40:00,0.0004091552287022182,0.0007406924742461697
2026-04-02 21:45:00,0.00022052864874133604,0.00047098240642283793
2026-04-02 21:50:00,-0.0005841265388415451,0.004872408235260957
2026-04-02 21:55:00,0.0008684994117746925,0.0025737454488485756
2026-04-02 22:00:00,-0.0082195391676958,0.0010598111703009356
2026-04-02 22:05:00,-0.008583577704621703,0.0006474172983779384
2026-04-02 22:10:00,-0.008751474306530227,-0.001308984043794939
2026-04-02 22:15:00,-0.006199634556935507,-0.0015343903956067581
2026-04-02 22:20:00,-0.005311275715548902,0.0017691135395923358
2026-04-02 22:25:00,-0.007055529527880466,0.000746048095777081
2026-04-02 22:30:00,-0.007963751983094625,-0.0009349572810902052
2026-04-02 22:35:00,-0.006354136038623892,-0.0019131499544278912
2026-04-02 22:40:00,-0.005797316915581163,-0.0009297537578749298
2026-04-02 22:45:00,-0.006066175139000762,-0.003218767300808063
2026-04-02 22:50:00,-0.006945740116879762,-0.003310609209684995
2026-04-02 22:55:00,-0.006370800906283947,-0.00397835594180582
2026-04-06 00:00:00,0.00025660571164110024,-0.001647438488281786
2026-04-06 00:05:00,-0.000651876434222487,-0.0021554042067958067
2026-04-06 00:10:00,3.453724410462655e-05,-0.0015010826918421905
2026-04-06 00:15:00,-0.0029575345807142384,-0.001978949012106212
2026-04-06 00:20:00,-0.0049520286665423185,-0.002269337504684739
2026-04-06 00:25:00,-0.005436212677537355,-0.002217473377306523
2026-04-06 00:30:00,-0.00423325439922273,-0.0016872170885541627
2026-04-06 00:35:00,-0.005974256161874081,-0.003761741564325184
2026-04-06 00:40:00,-0.007322983050295662,-0.003570888603156564
2026-04-06 00:45:00,-0.006408796295158226,-0.0032280107834496185
2026-04-06 00:50:00,-0.0048869849218284855,-0.002953955940431399
2026-04-06 00:55:00,-0.007612188551142651,-0.00440882058177024
2026-04-06 01:00:00,-0.0029430552341978,-0.0031591990748323904
2026-04-06 01:05:00,-0.0018132410429387846,-0.003916182814399749
2026-04-06 01:10:00,-0.0013283843078664148,-0.0030604963919532717
2026-04-06 01:15:00,-0.002348503719595385,-0.0022728174597957205
2026-04-06 01:20:00,-0.0004352566621292908,-0.0024108946150257784
2026-04-06 01:25:00,-0.0014326494521998967,-0.0013680717397433065
2026-04-06 01:30:00,-0.0013203382764110927,0.0004138725822902202
2026-04-06 01:35:00,-0.0008325275930385345,-0.0009291907902350109
2026-04-06 01:40:00,0.002323561120912032,-0.0013653616244898316
2026-04-06 01:45:00,0.0009988073641462591,-0.002636967577390996
2026-04-06 01:50:00,0.0009892621496199183,-0.0008604655102478815
2026-04-06 01:55:00,0.0024082933123441563,-0.0031769800624821703
2026-04-06 02:00:00,0.0014844860992297981,-0.0037180651496800964
2026-04-06 02:05:00,0.003433513132730326,-0.0020006221736702913
2026-04-06 02:10:00,0.003353202491149787,-0.0010313406098352697
2026-04-06 02:15:00,0.00224256109499521,0.00042441961329468315
2026-04-06 02:20:00,0.0034551759257404058,-0.00046478326172589977
2026-04-06 02:25:00,0.008181836290640732,0.00021439033797604896
2026-04-06 02:30:00,0.004217232363325607,-0.0005975523200397291
2026-04-06 02:35:00,0.005235115706526017,0.002098416924280477
2026-04-06 02:40:00,0.0019357865822637876,0.0008833357089746988
2026-04-06 02:45:00,0.0013136127424431265,0.0013677671413758218
2026-04-06 02:50:00,0.0009364076154803058,0.00044459375341985284
2026-04-06 02:55:00,0.0006941223685537068,-0.0004792823365652106
2026-04-06 03:00:00,-0.00031529595969637114,0.0004540370429654864
2026-04-06 03:05:00,-0.0013914193749453574,0.00029768562047821303
2026-04-06 03:10:00,-0.0012092225699067427,-0.0002691173060890954
2026-04-06 03:15:00,0.00832864442632264,-0.0012349783546965131
2026-04-06 03:20:00,0.0069176145181089055,-0.00011665039213189902
2026-04-06 03:25:00,0.004299815068250723,0.0010268305008142595
2026-04-06 03:30:00,0.005536730978812798,0.0010127633164839429
2026-04-06 03:35:00,0.003601046298399524,0.0020851172613366607
2026-04-06 03:40:00,0.00501772772515352,0.0018640902113180161
2026-04-06 03:45:00,0.006241457150384377,0.0024129295789367972
2026-04-06 03:50:00,0.00521741813772536,-0.000904226381014578
2026-04-06 03:55:00,0.004720636659472532,-0.003610430060169949
2026-04-06 04:00:00,0.0010513193729977388,-0.007935805515631843
2026-04-06 04:05:00,-0.00048151511926874946,-0.014821009897069783
2026-04-06 04:10:00,-0.0006321365021211278,-0.015338823196011203
2026-04-06 04:15:00,-0.007937361174414903,-0.014419269523684296
2026-04-06 04:20:00,-0.007183139930775795,-0.01410068038300864
2026-04-06 04:25:00,-0.0065905543261592925,-0.015381449027465346
2026-04-06 04:30:00,-0.004953607841240881,-0.012578005054382457
2026-04-06 04:35:00,-0.004781960532232787,-0.009617385282862463
2026-04-06 04:40:00,-0.003961655373517559,-0.00869773430075674
2026-04-06 04:45:00,-0.003873958161479507,-0.009007878510054126
2026-04-06 04:50:00,-0.003204841015048032,-0.005665819453414823
2026-04-06 04:55:00,-0.001548086248398306,-0.004574615731573604
2026-04-06 05:00:00,0.0029494447279763136,-0.003987346640220985
2026-04-06 05:05:00,0.0035616074351878524,-0.0027583307436073066
2026-04-06 05:10:00,0.0021536655656966275,-0.0015771327644193806
2026-04-06 05:15:00,0.0036826573982366995,-0.0015502578078013937
2026-04-06 05:20:00,0.002255798961295241,-0.001314497064319399
2026-04-06 05:25:00,0.003466424671426438,0.00043425199369931383
2026-04-06 05:30:00,0.0036615749457737934,0.000817068766533915
2026-04-06 05:35:00,0.004160457140732987,0.001033637499958804
2026-04-06 05:40:00,0.003497151223335493,0.002381026180236979
2026-04-06 05:45:00,0.003729949408938893,0.0027601028278438906
2026-04-06 05:50:00,0.004453410748469722,0.002790571819186028
2026-04-06 05:55:00,0.004004168647623985,0.0019376680922988726
2026-04-06 06:00:00,0.0031852667124177003,0.0022529200269837354
2026-04-06 06:05:00,0.005215980847529167,0.0032507903330813836
2026-04-06 06:10:00,0.006471819827440939,0.0036485502914731186
2026-04-06 06:15:00,0.007213710236671389,0.003842088465553868
2026-04-06 06:20:00,0.0066878105399208465,0.003962793666163452
2026-04-06 06:25:00,0.004489747809081734,0.004904855073955957
2026-04-06 06:30:00,0.004063942287674038,0.003896317825703831
2026-04-06 06:35:00,0.0037039504941098755,0.00408485290161856
2026-04-06 06:40:00,0.0027408929781387315,0.001532228321848442
2026-04-06 06:45:00,0.0016494849100752162,-0.007351602031618418
2026-04-06 06:50:00,0.002361782709192184,-0.007514194098410587
2026-04-06 06:55:00,-0.001479803320927786,-0.006618481384854512
2026-04-06 07:00:00,-0.002060780863393674,-0.005882782412868791
2026-04-06 07:05:00,-0.0027548551615552697,-0.004374014134300439
2026-04-06 07:10:00,-0.002729584458535328,-0.0033128648045573513
2026-04-06 07:15:00,-0.003988788709662572,-0.002597342061453926
2026-04-06 07:20:00,-0.0038612362964638436,-0.0024260951919562617
2026-04-06 07:25:00,-0.002303550500963425,-0.0028184447929455753
2026-04-06 07:30:00,-0.0019751641936149866,-0.0022503675537844216
2026-04-06 07:35:00,-0.0023367228935864404,-0.0021952407112413156
2026-04-06 07:40:00,-0.0012986248209543305,-0.002186168215275872
2026-04-06 07:45:00,-0.0007041346733753784,-0.0020282759564633195
2026-04-06 07:50:00,-0.0009217400531280617,-0.0017455637311055332
2026-04-06 07:55:00,0.0028738396457850257,-0.0013408687914793574
2026-04-06 08:00:00,0.0011253692462869225,0.0038138408460001087
2026-04-06 08:05:00,-0.00023617719410928828,0.005649480631119653
2026-04-06 08:10:00,-0.0018188558251299725,0.006159853389948944
2026-04-06 08:15:00,-0.0019208008810451815,0.006096313521946092
2026-04-06 08:20:00,-0.002131020911374293,0.0049051996757242975
2026-04-06 08:25:00,-0.0013322161879241179,0.004152811238395916
2026-04-06 08:30:00,-0.00102450332903814,0.0038868960508765264
2026-04-06 08:35:00,0.000457474726056617,0.0029235920919007735
2026-04-06 08:40:00,0.0018347546200949694,0.002522931705226146
2026-04-06 08:45:00,0.0033552150351248144,0.0025319323881546623
2026-04-06 08:50:00,0.003897655748913209,0.002298721028162568
2026-04-06 08:55:00,0.004149143936922783,0.0027570050890240905
2026-04-06 09:00:00,0.007307630646687713,0.0025050290330689818
2026-04-06 09:05:00,0.00591764576427245,0.0032198419216706046
2026-04-06 09:10:00,0.007985159712140089,0.0037339902170154043
2026-04-06 09:15:00,0.007906568090039201,-0.0009978280595812476
2026-04-06 09:20:00,0.009945215591400824,0.0007270806846415613
2026-04-06 09:25:00,0.00862358532165075,0.0014745415389615963
2026-04-06 09:30:00,0.008748497969465419,0.003368941781382955
2026-04-06 09:35:00,0.007137782939395265,0.0045824961486364175
2026-04-06 09:40:00,0.0061555754672468765,0.004926980966797665
2026-04-06 09:45:00,0.0052556199290787475,0.00550194394023286
2026-04-06 09:50:00,0.0027924189832919666,0.006180725676199793
2026-04-06 09:55:00,0.0024620867260658486,0.00569059329562484
2026-04-06 10:00:00,0.0012414941686671455,0.0057866419733664624
2026-04-06 10:05:00,0.00305215539480308,0.005211135832356641
2026-04-06 10:10:00,0.002521424917972581,0.004412066449935081
2026-04-06 10:15:00,0.0028933405220055164,0.004365000379331872
2026-04-06 10:20:00,0.0021780123131165396,0.004543970155880688
2026-04-06 10:25:00,0.0024973692680081427,0.0037296452805159874
2026-04-06 10:30:00,0.0020046270595930338,0.0032804078187422016
2026-04-06 10:35:00,0.002625313303560972,0.002901874210384592
2026-04-06 10:40:00,0.0022412061233403335,0.00036893018321448694
2026-04-06 10:45:00,0.0008236207213521141,0.0009386148485390187
2026-04-06 10:50:00,3.621393917541127e-05,0.00040238959012950674
2026-04-06 10:55:00,-0.0006517030764872089,6.287904974202401e-05
2026-04-06 11:00:00,-0.000325663222410455,-0.0020570450815786774
2026-04-06 11:05:00,-0.0013224515191776476,-0.0018948274250251101
2026-04-06 11:10:00,-0.0031591766408816113,-0.0001565049864185277
2026-04-06 11:15:00,-0.0020892685046440818,-0.002126925812632521
2026-04-06 11:20:00,-0.0026598167439519926,-0.002456986907641362
2026-04-06 11:25:00,-0.002736148764805435,-0.001054474677033209
2026-04-06 11:30:00,-0.0029530105631643266,-0.0019299179775674204
2026-04-06 11:35:00,-0.002218183192159273,-0.0027229899441540907
2026-04-06 11:40:00,-0.001712910333585782,-0.0020346474827817405
2026-04-06 11:45:00,-0.001662836423468761,-0.0017800748134872086
2026-04-06 11:50:00,-0.0006797625993844036,-0.0011900129642523766
2026-04-06 11:55:00,-0.0008269536183718174,-0.001216193942161224
2026-04-06 12:00:00,-0.0008902614932271291,-0.0006371595607908556
2026-04-06 12:05:00,2.3440288529741338e-05,-0.000989330835064861
2026-04-06 12:10:00,0.0005887083354938483,-0.00023965108882957451
2026-04-06 12:15:00,0.00027711637146232704,-6.759259826677743e-05
2026-04-06 12:20:00,-0.00027511636636035064,-0.0006823107600471238
2026-04-06 12:25:00,-0.0002729606868268064,5.836276514567192e-05
2026-04-06 12:30:00,-0.0001215433447452341,-0.0007282892210095258
2026-04-06 12:35:00,-0.0005201327734809524,-0.0007952213073066636
2026-04-06 12:40:00,-0.0023645889992867097,-0.0013235058113673596
2026-04-06 12:45:00,-0.0021288858058508,-0.0014191807364077325
2026-04-06 12:50:00,-0.0016427125939575404,-0.0005538771955413776
2026-04-06 12:55:00,-0.0023417689661702212,-0.0012981923967179574
2026-04-06 13:00:00,-0.002361538123176743,-0.0019253244058641706
2026-04-06 13:05:00,-0.0028637783863221244,-0.0024387862610485856
2026-04-06 13:10:00,-0.0036123602804050137,-0.0022340996213032786
2026-04-06 13:15:00,-0.00395938627896264,-0.0015375585598018623
2026-04-06 13:20:00,-0.005132295902063433,-0.0003424804898448357
2026-04-06 13:25:00,-0.004720337819520637,-0.0005386677133515189
2026-04-06 13:30:00,-0.0033557329348443687,-0.0007816226394773739
2026-04-06 13:35:00,-0.0027864598304301325,-0.0007648308313953952
2026-04-06 13:40:00,-0.0015809300441294027,-0.000565602154851414
2026-04-06 13:45:00,-0.0008801820750470313,-0.000809387251569442
2026-04-06 13:50:00,-0.0013930852248478232,-0.001216434736346747
2026-04-06 13:55:00,-0.00043180847186619076,-0.0017309262452829997
2026-04-06 14:00:00,-0.002170188460725697,-0.0015082091165529135
2026-04-06 14:05:00,-0.001991548878423899,-0.0017618257819128269
2026-04-06 14:10:00,-0.0008628285251557344,-0.0021217138756042765
2026-04-06 14:15:00,-0.0020284699509538484,-0.0024213478610289186
2026-04-06 14:20:00,0.0017928810095089176,-0.0027248176185110306
2026-04-06 14:25:00,0.0007839895184158507,-0.0015060553358955554
2026-04-06 14:30:00,-0.0004772529156458205,-0.001409593895160263
2026-04-06 14:35:00,-0.0006951552240650472,-0.0011292448263499715
2026-04-06 14:40:00,-0.0023632323047877435,-0.00025944189029457847
2026-04-06 14:45:00,-0.0030438752181733975,0.0014516816048369971
2026-04-06 14:50:00,0.0005066067397265783,0.0029085717879395357
2026-04-06 14:55:00,0.0011026655275649944,0.008326668210934593
2026-04-06 15:00:00,-0.000623061650800949,0.009445333545238833
2026-04-06 15:05:00,0.00024407633287282238,0.009303683980761875
2026-04-06 15:10:00,0.0007386955828962982,0.007804292141763945
2026-04-06 15:15:00,0.004449957174296415,0.008254221674742983
2026-04-06 15:20:00,0.002820966768956268,0.007826002432484387
2026-04-06 15:25:00,0.003360327394821283,0.007843809737961692
2026-04-06 15:30:00,0.004342516102346039,0.0022923726138343132
2026-04-06 15:35:00,0.0022633607196738126,0.0031294993175875418
2026-04-06 15:40:00,0.0038886585020581066,0.0011002996942823882
2026-04-06 15:45:00,0.003150734745014816,0.0011195152949820411
2026-04-06 15:50:00,0.00118535428737232,0.0030921870459278706
2026-04-06 15:55:00,0.0002818820342351813,0.0016671212324088555
2026-04-06 16:00:00,0.0006059379966139034,0.003624978926491206
2026-04-06 16:05:00,-0.0008373873576967839,0.0015882004992761167
2026-04-06 16:10:00,-0.0021619545282849373,0.002593877096131757
2026-04-06 16:15:00,-0.0037362034533199306,0.0011785356970650108
2026-04-06 16:20:00,-0.004345889479747456,-0.001502732944437634
2026-04-06 16:25:00,-0.0039343359607393324,-0.00190208433196742
2026-04-06 16:30:00,-0.005192718799467144,-0.002060102031986965
2026-04-06 16:35:00,-0.006315560238126849,0.0026434965828808234
2026-04-06 16:40:00,-0.005057352646327118,-0.00031803172900657194
2026-04-06 16:45:00,-0.003268651815147905,0.0013242755440805592
2026-04-06 16:50:00,-0.004106676544848753,0.0011035335913231181
2026-04-06 16:55:00,-0.0032357400761853228,0.0001870053020830498
2026-04-06 17:00:00,-0.001165096916215802,0.0017992467946043211
2026-04-06 17:05:00,-0.000842377870197808,-0.0020951339686804764
2026-04-06 17:10:00,0.0018065923012624552,-0.0006198279210781764
2026-04-06 17:15:00,0.00029992459263716853,0.000251668483379154
2026-04-06 17:20:00,0.0007434761385614053,-0.001426581329138578
2026-04-06 17:25:00,-0.00039214300221779297,0.0005321179308543658
2026-04-06 17:30:00,-0.00011998603034157895,0.00046482894558635084
2026-04-06 17:35:00,0.002218951694391791,-0.0009558622377239867
2026-04-06 17:40:00,0.0006349097611870747,0.0008172533684877442
2026-04-06 17:45:00,0.00020152256799477186,-0.0004610269591446057
2026-04-06 17:50:00,-0.0006003018841092,-0.0011702594502853347
2026-04-06 17:55:00,-0.0016593528902486554,-0.0017887160104783223
2026-04-06 18:00:00,-0.001677208592186119,-0.00048457990476980894
2026-04-06 18:05:00,-0.0010598744161427476,-0.0004397498101878894
2026-04-06 18:10:00,-0.0037389476055764703,-0.0013765537322172573
2026-04-06 18:15:00,-0.001923219765812334,0.0001718997288384818
2026-04-06 18:20:00,-0.0019659492033774484,-0.0005694478096462232
2026-04-06 18:25:00,-0.002001680534732486,-0.0011304281700894217
2026-04-06 18:30:00,-0.001677025153817624,-0.0011090396646585325
2026-04-06 18:35:00,-0.0011496349674189332,-0.0012713240329903844
2026-04-06 18:40:00,-0.0015751448033309856,-0.00077981630139522
2026-04-06 18:45:00,-0.0026573553288002927,-0.0011361275424538794
2026-04-06 18:50:00,-0.0015431422849410126,-0.0012648223841829538
2026-04-06 18:55:00,-0.0014149816470094834,-0.000999129586029764
2026-04-06 19:00:00,-0.0012844720288409661,-0.0022278308190438094
2026-04-06 19:05:00,-2.146655189427804e-05,-0.0008968533060374348
2026-04-06 19:10:00,0.0013959643869263516,-0.0017649003685634174
2026-04-06 19:15:00,0.0007808829951940766,-0.0016947694124669099
2026-04-06 19:20:00,0.00049345846724691,-0.0015907078745785617
2026-04-06 19:25:00,0.0009552134447599059,-0.0009120639011542996
2026-04-06 19:30:00,2.1463096352647426e-05,-0.0008434875137478279
2026-04-06 19:35:00,-0.0021032173647181907,-0.00017642635968390905
2026-04-06 19:40:00,-0.001248572416606919,-0.0002891865709128815
2026-04-06 19:45:00,-0.00036330530836004016,-9.344522267398752e-05
2026-04-06 19:50:00,-0.0009863682144786168,-0.0009936065327701648
2026-04-06 19:55:00,0.0009578544793651389,3.2358101165315854e-05
2026-04-06 20:00:00,0.0012694459424800186,-0.0004791067660505425
2026-04-06 20:05:00,-0.0015425040170882198,-0.0003790672918612527
2026-04-06 20:10:00,-0.0018602858088687668,-0.0008858534159309809
2026-04-06 20:15:00,-0.0032519725198962846,-0.0007806710444149952
2026-04-06 20:20:00,-0.0031709570584048663,3.074919864438184e-05
2026-04-06 20:25:00,-0.002281144396206969,0.0002480038784539377
2026-04-06 20:30:00,-0.001527175313004392,-0.0007058690212061802
2026-04-06 20:35:00,0.0003268367393580718,-0.00028103403770486613
2026-04-06 20:40:00,0.00030315311721906824,-0.0006634857350820199
2026-04-06 20:45:00,0.0009713850521499978,-0.00028019561260861836
2026-04-06 20:50:00,0.0008209669387930774,-0.00031872402486385364
2026-04-06 20:55:00,-0.000549687701051127,0.00016076318585950923
2026-04-06 21:00:00,-0.0007043327490219298,-0.0005476771106650872
2026-04-06 21:05:00,0.0005631393230807191,0.0008705078065447843
2026-04-06 21:10:00,0.0013665519256900183,0.0003414856215867951
2026-04-06 21:15:00,0.0018742898985593115,0.0010623278011695672
2026-04-06 21:20:00,0.001954034605603283,0.0011518855428939271
2026-04-06 21:25:00,0.001328078521741105,0.0006001261237299492
2026-04-06 21:30:00,0.0010334075112297114,0.0013931823045736516
2026-04-06 21:35:00,0.0002558042316245235,-0.0010177764204357227
2026-04-06 21:40:00,0.000270825050822765,0.00018404328053695486
2026-04-06 21:45:00,-0.001100400940636348,-0.00031400820439302356
2026-04-06 21:50:00,-0.0005973908381466941,0.0007043380835343982
2026-04-06 21:55:00,-0.0013024193309583154,-5.201466871452439e-05
2026-04-06 22:00:00,0.0014746653283008726,-0.0014215593081190214
2026-04-06 22:05:00,0.0029095111693688835,-0.00037641950195221435
2026-04-06 22:10:00,0.00145259824946109,9.939204419364148e-05
2026-04-06 22:15:00,0.0017443155947525213,-0.0014969003353433941
2026-04-06 22:20:00,0.001081781954741956,-0.004245953562351131
2026-04-06 22:25:00,0.0012834217179040763,-0.0041565311822992475
2026-04-06 22:30:00,0.0007148108899812655,-0.004102377232196561
2026-04-06 22:35:00,0.00175661675344152,-0.0047917790760681304
2026-04-06 22:40:00,0.001419556396218269,-0.0046557933844786955
2026-04-06 22:45:00,0.0023798131008447854,-0.0046545020279405505
2026-04-06 22:50:00,0.0012116005778608496,-0.0034805749391832426
2026-04-06 22:55:00,0.0018821593660049984,-0.003577916054667759
2026-04-07 00:00:00,-0.0005084816782598978,-0.00395085795630387
2026-04-07 00:05:00,-0.001633948750484393,-0.0030085841955072553
2026-04-07 00:10:00,-0.0008107917245769869,-0.002667252091209453
2026-04-07 00:15:00,-0.0013836171240253492,-0.0028617933973462207
2026-04-07 00:20:00,-0.001657492156416751,-0.003042026627037606
2026-04-07 00:25:00,-0.0017216215827158265,-0.002864903342104956
2026-04-07 00:30:00,-0.0013312893569246143,-0.002734165251091166
2026-04-07 00:35:00,-0.0011549824387024898,-0.0022175249826973404
2026-04-07 00:40:00,-0.0009661960970124284,-0.002168589662874655
2026-04-07 00:45:00,-0.0011526859177184434,-0.0017766341882636703
2026-04-07 00:50:00,0.0004185631753426122,-0.0014697093378209804
2026-04-07 00:55:00,1.2879295244516697e-05,-0.0014340682849092465
2026-04-07 01:00:00,-0.0010048504198234554,-0.001377082328021101
2026-04-07 01:05:00,-0.001277711202833487,-0.0011827987030085055
2026-04-07 01:10:00,-0.0005065421310970208,-0.0012545463783155187
2026-04-07 01:15:00,-1.931983449487973e-05,-0.0009795871579798858
2026-04-07 01:20:00,0.0011510891518096145,-0.0010111152103439121
2026-04-07 01:25:00,0.0010479232539246652,-0.0005070818491836902
2026-04-07 01:30:00,0.0014686119106528395,-0.000301471968532413
2026-04-07 01:35:00,0.0011442545400512927,-9.480329655172875e-05
2026-04-07 01:40:00,0.0012086721000503786,0.0010556702480558685
2026-04-07 01:45:00,0.0006677323435919646,0.0010864213055182914
2026-04-07 01:50:00,-0.00047867894114972387,0.0006364968124555584
2026-04-07 01:55:00,-0.001374727150627919,0.0005253403393096522
2026-04-07 02:00:00,0.0013717555789565239,0.0010226535307311282
2026-04-07 02:05:00,-0.0017527960502103923,0.001519464685279836
2026-04-07 02:10:00,-0.0036456474938457717,0.0006375748488583762
2026-04-07 02:15:00,-0.0015790477650465817,-0.0008248919402905068
2026-04-07 02:20:00,-0.0019916195307896345,3.471219903017613e-05
2026-04-07 02:25:00,-0.001067260024191441,-5.685984429783961e-05
2026-04-07 02:30:00,-0.0005708705931350977,-0.000700209277386772
2026-04-07 02:35:00,-0.0045892060199630436,-0.0006118427895029604
2026-04-07 02:40:00,-0.004020239878206766,-0.0016139630373591932
2026-04-07 02:45:00,-0.005224921881698208,-0.0019220779353058487
2026-04-07 02:50:00,-0.006637056677504916,-0.002186352124787144
2026-04-07 02:55:00,-0.005429272929054818,-0.003001916171420337
2026-04-07 03:00:00,-0.007206055220400742,-0.003576612255581065
2026-04-07 03:05:00,-0.0029447228644698953,-0.0016141591203570156
2026-04-07 03:10:00,-0.0030233702831292675,-0.0012463568493477756
2026-04-07 03:15:00,-0.004298598210874971,-0.0026554565435442995
2026-04-07 03:20:00,-0.004260796082171225,-0.0010535543790564914
2026-04-07 03:25:00,-0.004245943456275825,-0.0032897280539034273
2026-04-07 03:30:00,-0.004296260993029932,-0.0016236078688622736
2026-04-07 03:35:00,0.0006722776242540363,-0.0027731779739645847
2026-04-07 03:40:00,0.0008634565712881681,-0.0006607191500479008
2026-04-07 03:45:00,0.0035536793172585845,-0.0002187030335240562
2026-04-07 03:50:00,0.0051544894594552915,0.0006479355374030008
2026-04-07 03:55:00,0.005061642859654825,0.0033560383004737925
2026-04-07 04:00:00,0.004122872439886294,0.003280743418805027
2026-04-07 04:05:00,0.00305664950958473,0.0036359765449070335
2026-04-07 04:10:00,0.003975316460222089,0.003755605160797589
2026-04-07 04:15:00,0.002305656779892473,0.003061406076858618
2026-04-07 04:20:00,0.0026551618131449573,0.0018827019635655642
2026-04-07 04:25:00,0.0017375899305847042,0.0024390425315198045
2026-04-07 04:30:00,0.001669494423365947,0.002732854865534927
2026-04-07 04:35:00,0.0006739785335660997,0.002231926888632649
2026-04-07 04:40:00,0.00043897873594822556,0.0019526377935885188
2026-04-07 04:45:00,-0.0007592108443610357,0.001760667074279055
2026-04-07 04:50:00,-0.0005635220707773669,0.0012555554933590977
2026-04-07 04:55:00,-0.00016988644529902786,0.0016069985315304055
2026-04-07 05:00:00,0.0005206182136046067,0.0013963973776450402
2026-04-07 05:05:00,0.0005336317207156327,0.001848246373976016
2026-04-07 05:10:00,0.00024322547228727842,0.001782220072623322
2026-04-07 05:15:00,0.0016295150256677715,0.00098266910597873
2026-04-07 05:20:00,0.0015583199990327756,0.0006425627611141748
2026-04-07 05:25:00,0.0016872701224048825,0.0011488100417617053
2026-04-07 05:30:00,0.002847856630420864,0.00140582329420733
2026-04-07 05:35:00,0.0028008603597182713,0.001317051840858153
2026-04-07 05:40:00,0.003041729427527784,0.0019679829828536627
2026-04-07 05:45:00,0.002893953832316498,0.002694783714471942
2026-04-07 05:50:00,0.00300965313295265,0.002844919744515801
2026-04-07 05:55:00,0.0022942539885431046,0.00239844264083901
2026-04-07 06:00:00,0.0015409035492766066,0.002356350308885583
2026-04-07 06:05:00,0.0014595765520741821,0.002137299803224234
2026-04-07 06:10:00,0.0020145583870139205,0.001760981510481717
2026-04-07 06:15:00,0.0011564845023830372,0.0015926725713337443
2026-04-07 06:20:00,-0.0006518743769898805,0.001329242666641289
2026-04-07 06:25:00,-0.0038219543637882936,0.0004036370670509501
2026-04-07 06:30:00,-0.0058959756897571935,-0.0008768081847808943
2026-04-07 06:35:00,-0.00409323145866658,-0.0011554386673352617
2026-04-07 06:40:00,-0.006621578784898219,-0.0019992787378150163
2026-04-07 06:45:00,-0.005384250292516768,-0.0026860629879202017
2026-04-07 06:50:00,-0.004934904882457403,-0.0020488367952680997
2026-04-07 06:55:00,-0.0037340708704967085,-0.0019894871254647058
2026-04-07 07:00:00,-0.002414491555345677,-0.002362568930375592
2026-04-07 07:05:00,-0.0025185110874872407,-0.0025786448725949335
2026-04-07 07:10:00,-0.001863917409369975,-0.0024752492813971995
2026-04-07 07:15:00,-0.002600742537300249,-0.002272506123004842
2026-04-07 07:20:00,-0.0009215241109625794,-0.0024102595047427
2026-04-07 07:25:00,0.001953736332346523,-0.0016344087120367557
2026-04-07 07:30:00,0.002559407321712115,-0.00071001372948703
2026-04-07 07:35:00,0.0013461836654862225,-0.00037966595684679814
2026-04-07 07:40:00,0.004517413265329395,0.0005572832455034862
2026-04-07 07:45:00,0.0031785573382325794,0.0011884390879476736
2026-04-07 07:50:00,0.0031465314065961536,0.0014186009079764697
2026-04-07 07:55:00,0.0024866324123795636,0.0018412716208977685
2026-04-07 08:00:00,0.0013272943755247013,0.002405740157682067
2026-04-07 08:05:00,0.00237028608165879,0.002043363277047996
2026-04-07 08:10:00,0.0009850628290113406,0.0023541197735087722
2026-04-07 08:15:00,0.0020291162449783684,0.001807815037239397
2026-04-07 08:20:00,0.00124213590124711,0.002376819801134202
2026-04-07 08:25:00,-0.0002650185259156501,-6.570424149048052e-06
2026-04-07 08:30:00,-0.00010983153791244149,0.0014072797940814204
2026-04-07 08:35:00,-8.609816051219354e-06,-0.0002960260063767351
2026-04-07 08:40:00,-0.0020482948442879234,0.0011696577465773305
2026-04-07 08:45:00,-0.0016676981566465798,0.0002598833900869309
2026-04-07 08:50:00,-0.003030135790700328,-0.00045814419960182905
2026-04-07 08:55:00,-0.0017309542952812507,-0.0016879802274919486
2026-04-07 09:00:00,-0.0002988639965320061,-0.0013657046229408082
2026-04-07 09:05:00,-0.0006941571803249502,-0.0003336478207603792
2026-04-07 09:10:00,0.0025034526780487454,-0.0029407377122152908
2026-04-07 09:15:00,0.001941339532265829,-0.0007010628940502171
2026-04-07 09:20:00,0.007540169037284272,-0.0001849772398564634
2026-04-07 09:25:00,0.007885954830841868,-0.0002386261881260884
2026-04-07 09:30:00,0.008942883204055008,0.00010596240006855044
2026-04-07 09:35:00,0.007607925913845293,0.0015336705233672074
2026-04-07 09:40:00,0.00860382698367168,0.0016870097377652516
2026-04-07 09:45:00,0.008323631937603437,0.002560141560811819
2026-04-07 09:50:00,0.009675816960543315,0.002093699250163345
2026-04-07 09:55:00,0.007858696113515862,0.0012043773555540725
2026-04-07 10:00:00,0.007028625465990146,0.00035960987834051934
2026-04-07 10:05:00,0.007408781951788512,0.0026561149622298863
2026-04-07 10:10:00,0.004729971990652615,0.0022692581956166133
2026-04-07 10:15:00,0.006238678313588153,0.0021923870803943
2026-04-07 10:20:00,0.0023119375752322924,0.0033803041900390823
2026-04-07 10:25:00,0.0020418239122559356,0.0035895060789285756
2026-04-07 10:30:00,-0.00043126270971960423,0.0024873622906610095
2026-04-07 10:35:00,-0.0010429847404456183,0.0008224525144013814
2026-04-07 10:40:00,-0.003298102411667614,0.0008548080138694438
2026-04-07 10:45:00,-0.003226002472606737,0.0006316752101182588
2026-04-07 10:50:00,-0.003003611934246919,0.0005679363055271012
2026-04-07 10:55:00,-0.0023515589907550094,-0.000805828294231984
2026-04-07 11:00:00,-0.0017867566793068335,-0.0008266943686335794
2026-04-07 11:05:00,-0.0025811649224216637,-0.0013514768917870907
2026-04-07 11:10:00,-0.0019525998846301462,-0.00194594964336788
2026-04-07 11:15:00,-0.002811890355058466,-0.0018259901504676917
2026-04-07 11:20:00,-0.004654915381895108,-0.0020007376104711943
2026-04-07 11:25:00,-0.0039421555440650735,-0.002005454300089765
2026-04-07 11:30:00,-0.003272548190837554,-0.0026982358775189575
2026-04-07 11:35:00,-0.0026851287071707475,-0.0023674681508328477
2026-04-07 11:40:00,-0.0011189471918378047,-0.002574595907704874
2026-04-07 11:45:00,-0.0035073370131897263,0.0004682375118898937
2026-04-07 11:50:00,-0.0031565520320899765,-0.0006292109592578291
2026-04-07 11:55:00,-0.00441875899969979,-0.0012473034833855585
2026-04-07 12:00:00,-0.004321911452526805,-0.001882860000404951
2026-04-07 12:05:00,-0.004902864243375049,-0.0026447731651001783
2026-04-07 12:10:00,-0.008991691877286101,-0.002000180486267048
2026-04-07 12:15:00,-0.007884155304157758,-0.0034376183533584336
2026-04-07 12:20:00,-0.0059031034900787205,-0.003907893943835623
2026-04-07 12:25:00,-0.004519206773375473,-0.0048810508557761145
2026-04-07 12:30:00,-0.0038681197073060503,-0.0048447203196009935
2026-04-07 12:35:00,-0.0021141997261171497,-0.00484963455192253
2026-04-07 12:40:00,0.00021659898926529308,-0.003195316425501832
2026-04-07 12:45:00,0.0020857080761604863,-0.0015947090361795974
2026-04-07 12:50:00,0.0005861734103103089,-0.0011519748802907702
2026-04-07 12:55:00,0.0018556825923194964,-0.0006321028005454384
2026-04-07 13:00:00,0.0007645539436627047,-0.00020808386914088545
2026-04-07 13:05:00,0.0011925393581435628,-0.0003165949765227898
2026-04-07 13:10:00,0.00440928643751981,-0.00012687441672695312
2026-04-07 13:15:00,0.003727659625564428,0.0003609600931982114
2026-04-07 13:20:00,0.00491381428429527,0.0007623757733466165
2026-04-07 13:25:00,0.00401998505607537,0.0011661395703629557
2026-04-07 13:30:00,0.00244453731397698,0.0015527242361446016
2026-04-07 13:35:00,0.0019855437520153174,0.001606778607950482
2026-04-07 13:40:00,-0.0014591964135046709,0.0018679224887329143
2026-04-07 13:45:00,-0.0024125982353755404,0.00040418980298549033
2026-04-07 13:50:00,-0.0009169869784013684,-0.0004094248653117975
2026-04-07 13:55:00,-0.0017567978402670548,-0.0005738896497088251
2026-04-07 14:00:00,-0.0005991373889546736,-0.0010453405165898697
2026-04-07 14:05:00,-0.00026202186528934135,-0.0008360583886626942
2026-04-07 14:10:00,0.00038875447637742866,-0.001181733442308981
2026-04-07 14:15:00,-0.001473915617680177,-0.001289118249362958
2026-04-07 14:20:00,-0.0018699009383400522,-0.0009579312355462507
2026-04-07 14:25:00,-0.0012502186294085504,-0.001201736388208061
2026-04-07 14:30:00,-0.00310072437449449,-0.0014629259592071698
2026-04-07 14:35:00,-0.0035208694393755735,-0.0023669227657477704
2026-04-07 14:40:00,-0.003795283263364979,-0.0021661716504689046
2026-04-07 14:45:00,-0.00031193562762155125,-0.0016112956832980306
2026-04-07 14:50:00,-0.0003975506633970838,-0.00040810149308441083
2026-04-07 14:55:00,-0.0019063280353144307,0.0005836461922533512
2026-04-07 15:00:00,-0.006674859878192052,0.00038884458656917675
2026-04-07 15:05:00,-0.009157924896756597,-0.0002336955355593836
2026-04-07 15:10:00,-0.007416629626225912,-0.000514123085398719
2026-04-07 15:15:00,-0.007462995003400863,-0.0016656283604389317
2026-04-07 15:20:00,-0.003612448801055379,-0.0020926760034820123
2026-04-07 15:25:00,-0.00321958333294603,0.0015542500451050073
2026-04-07 15:30:00,0.001501065866372997,-0.0017151593377635276
2026-04-07 15:35:00,0.0016814243170859555,-0.0008833178902101325
2026-04-07 15:40:00,0.0016778111843507304,-0.00043542753163114753
2026-04-07 15:45:00,0.0002904259493412553,-0.0010279682632341265
2026-04-07 15:50:00,-0.0029317075688837235,-0.0010796043185689035
2026-04-07 15:55:00,-0.002220737852358212,-0.00021714159015358067
2026-04-07 16:00:00,0.0006225990684871618,-0.0003281130173968368
2026-04-07 16:05:00,0.004675755621768474,-0.0005385992328390895
2026-04-07 16:10:00,0.004354050883128124,-0.0010748691722489104
2026-04-07 16:15:00,0.0073189246279987685,0.0004876053314317979
2026-04-07 16:20:00,0.0008376156652278866,-0.00218374321429558
2026-04-07 16:25:00,0.0017056500283416653,-0.00033410869264972843
2026-04-07 16:30:00,-0.0015979168117681297,-0.0011939762553963508
2026-04-07 16:35:00,-0.0022044892310333353,0.00032855819638131535
2026-04-07 16:40:00,-0.0001678697334828172,0.0013575119579312689
2026-04-07 16:45:00,0.000662285856451561,-0.0003118055209222607
2026-04-07 16:50:00,0.003075703631807869,-0.00014530540074844588
2026-04-07 16:55:00,0.005089606381165623,-0.0003467771064718073
2026-04-07 17:00:00,0.007436819447983467,8.745692923625175e-05
2026-04-07 17:05:00,0.004058923402567416,-0.00011041803089916314
2026-04-07 17:10:00,0.0035627971965617178,-0.001450971207597073
2026-04-07 17:15:00,0.0016244269195873073,-0.0014401477954708861
2026-04-07 17:20:00,0.002564464990799209,0.0011159725322129608
2026-04-07 17:25:00,0.002153176873873619,-0.0009777474713500718
2026-04-07 17:30:00,0.0029315008818500132,0.0008053205637696695
2026-04-07 17:35:00,0.002923928400196729,0.00022402876145399196
2026-04-07 17:40:00,0.0032769688703009336,-0.0004085084900641357
2026-04-07 17:45:00,0.0013640442260811625,-0.0004292647628208275
2026-04-07 17:50:00,0.0014924686801887077,-0.0006039152011088207
2026-04-07 17:55:00,5.79806623903778e-05,-0.0003932490941761526
2026-04-07 18:00:00,0.0008833979660263225,0.00022729517069799597
2026-04-07 18:05:00,0.002909685978774945,0.001313224497037437
2026-04-07 18:10:00,0.0019212590152513087,0.0003183938546879987
2026-04-07 18:15:00,-0.00021257248211092872,0.0006226369843608461
2026-04-07 18:20:00,0.00011806920371704166,-0.0005440800049755584
2026-04-07 18:25:00,-0.0003581834774148973,-4.53947963070052e-05
2026-04-07 18:30:00,0.0027281930384663866,-0.0005849525456525607
2026-04-07 18:35:00,0.004519534834855676,0.0006550462707258207
2026-04-07 18:40:00,0.0023763286957549923,-0.0008314304020077732
2026-04-07 18:45:00,0.0042114074257320055,-3.194145490315391e-05
2026-04-07 18:50:00,0.003611349461680291,-8.874901195151728e-05
2026-04-07 18:55:00,0.004084533547093372,0.0012533652836480905
2026-04-07 19:00:00,0.0026775840702377707,-0.0006712963584524466
2026-04-07 19:05:00,0.002540117329454361,0.0003911099762757684
2026-04-07 19:10:00,0.0034003163616755927,-0.0003509452718245393
2026-04-07 19:15:00,0.006031072752143984,0.0013118885166958567
2026-04-07 19:20:00,0.004264745893932442,0.0006403257823955597
2026-04-07 19:25:00,0.0043025734075303745,-0.0004213630230094503
2026-04-07 19:30:00,0.002261772114856342,0.0005683983415518589
2026-04-07 19:35:00,0.000194459611243758,0.0006603095696469587
2026-04-07 19:40:00,0.0015632805550627182,0.0013285564523159577
2026-04-07 19:45:00,-0.0008896436238376992,0.0003270056419852794
2026-04-07 19:50:00,-0.0026183209543706454,-0.00022213091956412248
2026-04-07 19:55:00,-0.0027454718059676253,-0.0011398696725723018
2026-04-07 20:00:00,-0.0027504563080906763,-0.002449524013558757
2026-04-07 20:05:00,-0.0035777064429645122,-0.0010282859610261062
2026-04-07 20:10:00,-0.0034046007783938848,-0.0005216471580600511
2026-04-07 20:15:00,0.0011477089748623825,-0.003187244581332645
2026-04-07 20:20:00,0.002229012663645946,-0.0009204462166021249
2026-04-07 20:25:00,0.0011356990679178836,-0.0022776876672611526
2026-04-07 20:30:00,0.0005955894536846529,-0.0016652466682041897
2026-04-07 20:35:00,0.0012150501128118663,-0.0013149317579385774
2026-04-07 20:40:00,0.0013794725599076685,-0.0014920951370264001
2026-04-07 20:45:00,0.007163064257623475,-9.000467213910944e-05
2026-04-07 20:50:00,0.007589853181514172,0.0009643035926637071
2026-04-07 20:55:00,0.008507382049730339,-3.758615271525434e-05
2026-04-07 21:00:00,0.008602850726926903,-0.002012767322341095
2026-04-07 21:05:00,0.009669459252206636,0.0023746519040723675
2026-04-07 21:10:00,0.008755344026777578,0.0004738430114439981
2026-04-07 21:15:00,0.0036158322866324255,0.0009748609033796464
2026-04-07 21:20:00,0.003757134185381261,0.001555355241811498
2026-04-07 21:25:00,0.00536429347845413,0.00397325083293449
2026-04-07 21:30:00,0.0053061926706181595,0.0027307093195004335
2026-04-07 21:35:00,0.004739294911969338,0.001750422490302189
2026-04-07 21:40:00,0.004645437758226123,0.0025010642031461374
2026-04-07 21:45:00,0.0008705623107996274,0.0030082132067063387
2026-04-07 21:50:00,0.0019341502466314608,0.004838721259591539
2026-04-07 21:55:00,0.0007588116566434877,0.003264411549535192
2026-04-07 22:00:00,0.007983618081583543,0.0021857031644889296
2026-04-07 22:05:00,0.007913308500388183,0.0030642564407448608
2026-04-07 22:10:00,0.004895496121694265,0.0035830417381899527
2026-04-07 22:15:00,0.004950253382750347,0.004452719128985412
2026-04-07 22:20:00,0.004635943264190701,0.0038926774489681714
2026-04-07 22:25:00,0.004949310469255508,0.0033661814954283687
2026-04-07 22:30:00,0.010570668491872937,0.004728859429528579
2026-04-07 22:35:00,0.014409158237711495,0.004888193814977699
2026-04-07 22:40:00,0.01316068062813791,0.007060203448145717
2026-04-07 22:45:00,0.013077235950996524,0.007511725067542231
2026-04-07 22:50:00,0.017804399804408177,0.0069642682717613955
2026-04-07 22:55:00,0.02372560641975774,0.009227315377562037
2026-04-08 00:00:00,0.013819774373365235,0.01122527097052964
2026-04-08 00:05:00,0.014331140604813442,0.012267855270051189
2026-04-08 00:10:00,0.01805574940627075,0.013571099541767065
2026-04-08 00:15:00,0.019571980657993038,0.014930226024490184
2026-04-08 00:20:00,0.019008490549552448,0.015540804328439661
2026-04-08 00:25:00,0.016559107199874745,0.01608374467795355
2026-04-08 00:30:00,0.009815516800165014,0.01596536579596892
2026-04-08 00:35:00,0.007118106254663914,-0.0014046263419743089
2026-04-08 00:40:00,0.008963204683462678,0.000930009097862233
2026-04-08 00:45:00,0.008026490517577756,0.0007184426517689356
2026-04-08 00:50:00,0.005153508429089015,0.0016998810440273105
2026-04-08 00:55:00,0.003215070499219763,0.0028119468908062474
2026-04-08 01:00:00,0.007267320279137124,0.0021327765896184013
2026-04-08 01:05:00,0.005461403660081743,0.0019497409923427513
2026-04-08 01:10:00,0.003360574667050642,0.00240110993364052
2026-04-08 01:15:00,0.001981808193797008,0.0025147162851198133
2026-04-08 01:20:00,0.001930004278744235,0.003094033784707943
2026-04-08 01:25:00,0.001749371409273337,0.0030448022543547323
2026-04-08 01:30:00,0.0017539489118227891,0.002982143653155498
2026-04-08 01:35:00,0.002207316184104968,0.0031924984553162224
2026-04-08 01:40:00,6.024765944800947e-05,0.003018569926521507
2026-04-08 01:45:00,0.0007291393259514223,0.00048121469860044284
2026-04-08 01:50:00,0.0006866529260136645,0.0014834629111573937
2026-04-08 01:55:00,-0.002789806492030422,0.0010957217688252708
2026-04-08 02:00:00,-0.00767492417698179,0.0009977911696805505
2026-04-08 02:05:00,-0.004269617293077843,0.0014832621396583482
2026-04-08 02:10:00,-0.0029663347150616914,-0.0017582441054976054
2026-04-08 02:15:00,-0.006238243146196254,-0.0005055811991779109
2026-04-08 02:20:00,-0.005559613871268354,-0.001349724399342968
2026-04-08 02:25:00,-0.006197778247296171,-0.001845978894748886
2026-04-08 02:30:00,-0.003423471362491881,-0.0028700607037657195
2026-04-08 02:35:00,-0.004729989306103022,-0.003261977582781403
2026-04-08 02:40:00,-0.0026980800099991598,-0.0028698960447457377
2026-04-08 02:45:00,-0.0013652333146918494,-0.003818551590184136
2026-04-08 02:50:00,-0.0024749918160758,-0.003662266614709091
2026-04-08 02:55:00,-0.002202957337367195,-0.0027730114038261805
2026-04-08 03:00:00,0.001992767269918261,-0.002178114821416201
2026-04-08 03:05:00,-0.0005375814155357261,-0.0023435730322075607
2026-04-08 03:10:00,-0.0014283017888292449,4.7201959771995085e-05
2026-04-08 03:15:00,0.0018510435600802566,-0.0005814988575040037
2026-04-08 03:20:00,0.0017436904894516658,0.0001872255686468928
2026-04-08 03:25:00,0.0038043326101000474,0.000633901168707373
2026-04-08 03:30:00,0.0031535137026725835,-0.0006687266347620177
2026-04-08 03:35:00,0.003260371515787952,0.0019014146847227173
2026-04-08 03:40:00,0.0012157651240602974,0.0027020353507180954
2026-04-08 03:45:00,-0.0005803208983756747,0.0013930263615724876
2026-04-08 03:50:00,-0.0012606118756526286,0.002313455534882844
2026-04-08 03:55:00,-0.0015122789718446938,0.0009032451544939321
2026-04-08 04:00:00,-0.002806392096440291,0.001356039774587889
2026-04-08 04:05:00,-0.002902530314518259,-9.286584904737829e-06
2026-04-08 04:10:00,-0.0030898611674903265,0.0013277840199593949
2026-04-08 04:15:00,-0.003011251277815319,0.0003274711851409002
2026-04-08 04:20:00,-0.0019998820471531786,-3.094365571011332e-05
2026-04-08 04:25:00,-0.0018868224506523035,0.0012762930174741581
2026-04-08 04:30:00,-0.0030597634096345416,-0.0005887658153799677
2026-04-08 04:35:00,-0.0034125180853319392,-0.0010665609079550315
2026-04-08 04:40:00,-0.0012282635357205862,0.0004112621406115357
2026-04-08 04:45:00,-0.0015179138578247375,-0.00038637686659049637
2026-04-08 04:50:00,-0.000762130086261692,-0.0005954980053995743
2026-04-08 04:55:00,-0.0012206427594847469,0.0007729552579966785
2026-04-08 05:00:00,-0.0012206376742884828,-0.0018285504235575388
2026-04-08 05:05:00,-0.0016483754942360207,0.00024105979159777595
2026-04-08 05:10:00,-0.0002021618823366822,0.0001479555502055015
2026-04-08 05:15:00,-0.0006608992848704531,-0.0005349043948153671
2026-04-08 05:20:00,-0.0018807462638008587,-0.0011116090482145712
2026-04-08 05:25:00,-5.830478829693675e-05,0.00019531299246305938
2026-04-08 05:30:00,0.0002353786639073263,-0.0004593665599388233
2026-04-08 05:35:00,0.0014080343587075106,6.708305913164718e-05
2026-04-08 05:40:00,0.0005289628079214737,0.0006239432930578615
2026-04-08 05:45:00,-6.251497756792901e-05,0.0010108269957228699
2026-04-08 05:50:00,1.6664791878895358e-05,0.0010042292941904653
2026-04-08 05:55:00,0.0012414599161534312,-5.25435183236053e-05
2026-04-08 06:00:00,0.0017492570120047901,0.0009603506398137955
2026-04-08 06:05:00,0.0028116466436287624,-0.0008912478671742498
2026-04-08 06:10:00,0.0024877058810570674,0.0013402147015222593
2026-04-08 06:15:00,0.0031234343162704903,0.0015605487815356692
2026-04-08 06:20:00,0.0041404649479268585,-0.00025452058318882324
2026-04-08 06:25:00,0.0030024370554517787,-0.0019554376819279785
2026-04-08 06:30:00,0.004349725934410742,-0.001945830321538949
2026-04-08 06:35:00,0.0032583607369467416,-0.000595338277840298
2026-04-08 06:40:00,0.004018464554921053,-0.0008533248274048735
2026-04-08 06:45:00,0.006797442199564685,0.0008463752718878774
2026-04-08 06:50:00,0.007442168950840156,-0.0025135464827844285
2026-04-08 06:55:00,0.004921484382411023,-0.001051195052847832
2026-04-08 07:00:00,0.005115642054656533,-0.0009513522195932433
2026-04-08 07:05:00,0.0034278285352549176,0.0005853507451424526
2026-04-08 07:10:00,0.003428911630074083,0.00013024833585564323
2026-04-08 07:15:00,0.004139108813241421,0.0006920594578743604
2026-04-08 07:20:00,0.0046386571581322755,0.00016066996147278827
2026-04-08 07:25:00,0.004025809536173597,0.0008540088016550333
2026-04-08 07:30:00,0.002185376666355765,0.0017969446454060818
2026-04-08 07:35:00,0.0024161258026484944,0.0016297267982756994
2026-04-08 07:40:00,0.002803761442283559,0.001791671597287935
2026-04-08 07:45:00,0.0002545506108990736,0.0016762209105009784
2026-04-08 07:50:00,-0.0027620380433734937,0.001750564829199553
2026-04-08 07:55:00,-0.0014158186386197258,0.0011114629616124994
2026-04-08 08:00:00,-0.0036664945005302485,0.0012354021691758674
2026-04-08 08:05:00,-0.00197096726232715,0.0006679500679714727
2026-04-08 08:10:00,-0.0029030186652310164,0.0007879839016465443
2026-04-08 08:15:00,-0.003598704203325198,0.0007364149446890443
2026-04-08 08:20:00,-0.003728721974969318,-0.0007871829789996659
2026-04-08 08:25:00,-0.0036687786180706894,-5.3230677863519985e-05
2026-04-08 08:30:00,-0.004697721693053936,0.0001706078642790288
2026-04-08 08:35:00,-0.00437236239590888,0.0002953008157070803
2026-04-08 08:40:00,-0.00560084989357712,0.00015260764188292325
2026-04-08 08:45:00,-0.0036090757268105733,-0.0006007656901017293
2026-04-08 08:50:00,-0.0008089356715039742,-0.0015929390623857468
2026-04-08 08:55:00,-0.001530009339433036,-0.0003648535401710813
2026-04-08 09:00:00,0.0008078660420203221,-0.0015635549755230284
2026-04-08 09:05:00,8.306648230593794e-05,-0.0009915980602470688
2026-04-08 09:10:00,0.0006460747033063541,-0.0005476725347068215
2026-04-08 09:15:00,0.001395386729786452,0.0043446393446962585
2026-04-08 09:20:00,-0.0015710922320408827,0.005155925313456168
2026-04-08 09:25:00,-0.0021524194972037947,0.005441283341887431
2026-04-08 09:30:00,-0.001554166758440445,0.0047425552019526
2026-04-08 09:35:00,-0.0016185508560724315,0.004725880291875649
2026-04-08 09:40:00,-0.003303440161749549,0.0038342771327740917
2026-04-08 09:45:00,-0.004097475144849483,0.0023595274465318837
2026-04-08 09:50:00,-0.004633893892368235,0.003737325988224892
2026-04-08 09:55:00,-0.004007370587881809,0.003555035294735258
2026-04-08 10:00:00,-0.004260584036227755,0.003596271255029767
2026-04-08 10:05:00,-0.003803203598897298,-0.00014236862823435224
2026-04-08 10:10:00,-0.003053310469180559,-0.0017795657150247166
2026-04-08 10:15:00,-0.00454631317762022,0.000391386584787636
2026-04-08 10:20:00,-0.00120492849000442,-0.0001461090300417386
2026-04-08 10:25:00,-0.001606944342132266,-0.003058313611145185
2026-04-08 10:30:00,-0.0009749269577046249,-0.0028930065408586574
2026-04-08 10:35:00,-0.0017442246531640393,-0.0028967246872025855
2026-04-08 10:40:00,-0.0021365855979276205,-0.0029665268646667632
2026-04-08 10:45:00,-0.002003858096076172,-0.0016556844594869551
2026-04-08 10:50:00,-0.0026196904962318968,-4.230642903205351e-05
2026-04-08 10:55:00,-0.0022616152303331916,-0.0006339192405233569
2026-04-08 11:00:00,-0.0015731770355955632,-0.0013031102670219715
2026-04-08 11:05:00,-0.001957164198129746,-0.001276241603675721
2026-04-08 11:10:00,-0.0037377915858769484,-0.0030427917100021053
2026-04-08 11:15:00,-0.004288611063669734,-0.0033232532696110223
2026-04-08 11:20:00,-0.004936817842951413,-0.0036053507595185845
2026-04-08 11:25:00,-0.003773550003536741,-0.003135480172578977
2026-04-08 11:30:00,-0.0030580137989488776,-0.002358754842653872
2026-04-08 11:35:00,-0.0014109408681157731,-0.0018101094333702347
2026-04-08 11:40:00,0.0018402843533813495,-0.0012090161409742898
2026-04-08 11:45:00,0.0015283052569490252,-0.000861847530698771
2026-04-08 11:50:00,0.0014745506963826926,-0.000950241589382272
2026-04-08 11:55:00,-6.690305749579295e-05,-0.003244888167116958
2026-04-08 12:00:00,-0.0013999956316652629,-0.00395480472972701
2026-04-08 12:05:00,0.0004781686857207035,-0.003909926270038447
2026-04-08 12:10:00,0.001003124398387456,-0.0031593933751100944
2026-04-08 12:15:00,0.0016775263563495457,-0.004040033385950774
2026-04-08 12:20:00,0.0015097246261461805,-0.003056450907799195
2026-04-08 12:25:00,0.0016401546884434737,-0.0014086051034882838
2026-04-08 12:30:00,0.0009403171023958379,-0.00024097939317204443
2026-04-08 12:35:00,-0.0010072430396821375,-0.002130168021956756
2026-04-08 12:40:00,-0.00033605342104436886,-0.0011695226226900424
2026-04-08 12:45:00,0.0006256804478770306,-0.0009516279710773573
2026-04-08 12:50:00,0.0011242928725820889,6.88767011155651e-05
2026-04-08 12:55:00,0.0033292626749226173,0.001087608286546947
2026-04-08 13:00:00,0.004491839116113283,-0.00016699829436351237
2026-04-08 13:05:00,0.002179138486861021,0.0012922565592142997
2026-04-08 13:10:00,0.003640401169766605,0.0016420645359462415
2026-04-08 13:15:00,0.001781119151209154,0.0024462057441953346
2026-04-08 13:20:00,-0.0028624655982980585,0.0021359789559305337
2026-04-08 13:25:00,-0.0011760418881614498,0.0009076582544886777
2026-04-08 13:30:00,0.0012148336420736427,0.00034975637219008453
2026-04-08 13:35:00,0.0028685977331068813,0.0007268958852055214
2026-04-08 13:40:00,0.0010974956920097867,1.800889825006982e-05
2026-04-08 13:45:00,0.00024390930447282244,-0.00033003542371438954
2026-04-08 13:50:00,0.000993914698929288,4.654369789319806e-05
2026-04-08 13:55:00,0.00010627025786824618,-0.0006424292757661474
2026-04-08 14:00:00,-0.00032687052991065,-0.000696434900737412
2026-04-08 14:05:00,-0.0006042611008467702,0.00020269992830291173
2026-04-08 14:10:00,-0.002456755382098663,-0.0008699157109005652
2026-04-08 14:15:00,-0.00010222932968417808,-0.001110341879438873
2026-04-08 14:20:00,0.005391682305498691,-0.0010512464324697228
2026-04-08 14:25:00,0.0015350543572640873,-0.0015373459576468792
2026-04-08 14:30:00,-0.0022994109148015696,-0.0023226859604676075
2026-04-08 14:35:00,-0.004061046536351753,-0.002868316846440605
2026-04-08 14:40:00,-0.004361621777864144,-0.002907992507451835
2026-04-08 14:45:00,-0.001967561954124619,-0.0031922335431083903
2026-04-08 14:50:00,-0.006657413538066592,-0.0030176224659805
2026-04-08 14:55:00,-0.0046991684375345955,-0.004342367112062206
2026-04-08 15:00:00,-0.0032954869180361612,-0.004646486567398591
2026-04-08 15:05:00,-0.0022744592316836787,-0.0049552949914286205
2026-04-08 15:10:00,-0.002584118414718617,-0.00431482538199759
2026-04-08 15:15:00,-0.00415642794846427,-0.003915952203269701
2026-04-08 15:20:00,-0.004916129780978551,-0.0043587116223442
2026-04-08 15:25:00,-0.004970825524384992,-0.003841620986413799
2026-04-08 15:30:00,-0.005865353138780449,0.0030103938000412807
2026-04-08 15:35:00,-0.003321238200163279,0.0044218106275741
2026-04-08 15:40:00,-0.002865139155185048,0.001358554927690951
2026-04-08 15:45:00,-0.006791991012315535,0.001829130517226484
2026-04-08 15:50:00,-0.003656779664167331,0.001463930162031576
2026-04-08 15:55:00,-0.008514554476890979,0.0015061942927583568
2026-04-08 16:00:00,-0.008313932159580872,0.0005682619389309524
2026-04-08 16:05:00,-0.009373422363204043,0.0013361424430845445
2026-04-08 16:10:00,-0.00791494092413636,0.000889745734912167
2026-04-08 16:15:00,-0.0038498321004514224,0.0008415802196766131
2026-04-08 16:20:00,-0.004090431609181877,-3.829416008140365e-05
2026-04-08 16:25:00,-0.003529697211597238,0.002254262918423926
2026-04-08 16:30:00,0.0004731030496163413,-5.9858738375477766e-05
2026-04-08 16:35:00,-0.0002457567587601517,-0.000581434541951512
2026-04-08 16:40:00,-0.0010066335684904004,0.00019346056974239216
2026-04-08 16:45:00,0.000802939389689783,-7.584105080767279e-05
2026-04-08 16:50:00,0.001144049386198276,0.0009745644485556107
2026-04-08 16:55:00,0.004234803722136249,0.0010216710673826154
2026-04-08 17:00:00,0.0023041072733747114,0.00021969936590611176
2026-04-08 17:05:00,0.0033808636766892164,-0.0005029170306586317
2026-04-08 17:10:00,0.0022344542625631902,-0.0007891751066592013
2026-04-08 17:15:00,-0.0014101317126424817,-0.001062882570763413
2026-04-08 17:20:00,-0.000551146166550609,-0.00037773315093918167
2026-04-08 17:25:00,-2.736176782391908e-05,-7.138574259190944e-05
2026-04-08 17:30:00,-0.0001345487573090054,-0.0006584401323458869
2026-04-08 17:35:00,-0.00018488249509651666,-0.0005272358180367856
2026-04-08 17:40:00,0.0004750723733870643,0.00031497367622021613
2026-04-08 17:45:00,0.00031091326820664733,0.0006391455590265488
2026-04-08 17:50:00,0.000703865088672373,-0.0011008892175988318
2026-04-08 17:55:00,0.000817504303801897,0.0016371161854334976
2026-04-08 18:00:00,0.0005106034371795687,0.0014485267237826888
2026-04-08 18:05:00,-3.5727683599162674e-05,0.0007442131094692199
2026-04-08 18:10:00,0.0015701840677344592,0.0006619007490298437
2026-04-08 18:15:00,0.0015468297815210974,0.0007755669015081944
2026-04-08 18:20:00,-0.0007788539453255083,-6.903919444630398e-05
2026-04-08 18:25:00,-2.736251651214161e-05,-0.0004079056823220303
2026-04-08 18:30:00,-0.002465023093423113,8.510422598593665e-05
2026-04-08 18:35:00,-0.004637428203814409,-0.0010523721027833673
2026-04-08 18:40:00,-0.003790036752059578,-0.0003403596431639556
2026-04-08 18:45:00,-0.004659107830221387,-0.0004903400094298457
2026-04-08 18:50:00,-0.005150699549442805,-0.00038389406218858704
2026-04-08 18:55:00,-0.005445093449779392,-0.00021025974421693268
2026-04-08 19:00:00,-0.004227152234193454,-0.002126547343426366
2026-04-08 19:05:00,-0.003123746148919082,0.0011947358340212023
2026-04-08 19:10:00,-0.003642309052379389,-0.0010574686886429174
2026-04-08 19:15:00,-0.0056961345115826845,-0.0005009927463504194
2026-04-08 19:20:00,-0.005348345908132046,-0.00039550272086874355
2026-04-08 19:25:00,-0.005680220359451482,-0.0011328704155431774
2026-04-08 19:30:00,-0.004474006305320799,-0.0002599440064788476
2026-04-08 19:35:00,-0.004635706137110063,-0.0012697138739200123
2026-04-08 19:40:00,-0.006626977177383253,-0.0019541730860927957
2026-04-08 19:45:00,-0.006032364367422716,-0.0008944367053824946
2026-04-08 19:50:00,-0.006162531944195138,-0.0024126168037639346
2026-04-08 19:55:00,-0.006452311994577187,-0.0033588281309729373
2026-04-08 20:00:00,-0.008038194315052039,-0.002275603972766368
2026-04-08 20:05:00,-0.007531521720631318,-0.003162006315839142
2026-04-08 20:10:00,-0.005996233330829881,-0.003366302718287295
2026-04-08 20:15:00,-0.0035806109185028134,-0.001875716154112035
2026-04-08 20:20:00,-0.002592599933310069,-0.002294684164965744
2026-04-08 20:25:00,-0.0032779823768027683,-0.0022463437906822792
2026-04-08 20:30:00,-0.001326187089272679,-0.0007393329306379626
2026-04-08 20:35:00,0.001775574667686186,-0.0009439113476390054
2026-04-08 20:40:00,0.0027102816364941162,-0.0001956412719746794
2026-04-08 20:45:00,0.003350867927668588,-0.0006443131776323453
2026-04-08 20:50:00,0.004831592696284304,-0.0007086410563899823
2026-04-08 20:55:00,0.005807894267057634,0.001555780990278058
2026-04-08 21:00:00,0.006220167481428618,-0.0005477222524513603
2026-04-08 21:05:00,0.004288008537306709,0.0004900621069874376
2026-04-08 21:10:00,0.0026621473209971214,0.0010008923787385203
2026-04-08 21:15:00,0.0027935524874518336,0.0025379305020726745
2026-04-08 21:20:00,0.0029164673791015616,0.0008189683699670613
2026-04-08 21:25:00,0.0030726290042100146,0.0017350503144956766
2026-04-08 21:30:00,0.0014151015705348158,0.0004029768051109359
2026-04-08 21:35:00,-0.0002434782252525025,0.0005958753020517256
2026-04-08 21:40:00,0.00014612096512323092,0.0012416322022642992
2026-04-08 21:45:00,-0.0013423900790314747,-0.0003488948557568234
2026-04-08 21:50:00,-0.0023747349637872617,2.9258581660488062e-05
2026-04-08 21:55:00,-0.0025987837595700114,-0.0001493457544406345
2026-04-08 22:00:00,-0.0006934519808723394,-0.0006129536885034316
2026-04-08 22:05:00,-0.0011491541861161636,-0.0010483629188965753
2026-04-08 22:10:00,-0.003326140361799901,0.0005484085653130205
2026-04-08 22:15:00,-0.002498568173598059,-0.0008244771524045487
2026-04-08 22:20:00,-0.0027063501265356393,-0.0010062452904030504
2026-04-08 22:25:00,-0.0019709952273831988,-0.0013080774339547649
2026-04-08 22:30:00,-0.0014320610352953622,-0.0015748365363201895
2026-04-08 22:35:00,-0.0019351118515622545,-0.0018818062094939187
2026-04-08 22:40:00,-0.001986106391273168,-0.0014227789667684767
2026-04-08 22:45:00,-0.0009157218626203445,-0.0013313202088652365
2026-04-08 22:50:00,-0.0005044574645864941,-0.0013634303251476132
2026-04-08 22:55:00,-0.00031790437704160013,-0.0012266181394194893
2026-04-09 00:00:00,-0.003001335590573362,-0.0008680494547962888
2026-04-09 00:05:00,-0.003189835959586773,-0.0011830939043593705
2026-04-09 00:10:00,-0.0007748622353656032,-0.001584876143030414
2026-04-09 00:15:00,4.8801964819489285e-05,-0.0008939243939015554
2026-04-09 00:20:00,0.00025038512758257525,-0.0009205697612754711
2026-04-09 00:25:00,-0.0007470257264809987,-0.00036183288220625507
2026-04-09 00:30:00,-0.0013449530233220486,0.0006557433336931993
2026-04-09 00:35:00,-0.00017398315377725737,0.0032929337119023045
2026-04-09 00:40:00,7.001530792116739e-05,0.003863788555204109
2026-04-09 00:45:00,0.00047492341692567663,0.003634872831126219
2026-04-09 00:50:00,-0.00036260349705408146,0.003125875034345527
2026-04-09 00:55:00,-0.00046220127355667273,0.0025489638156708256
2026-04-09 01:00:00,-0.0018982187079394919,0.002007728127021763
2026-04-09 01:05:00,-0.0014987454800419187,0.0015648281648804312
2026-04-09 01:10:00,-0.0012729258502339746,0.0006330789170981696
2026-04-09 01:15:00,-0.0019241761821362502,8.230105772450063e-05
2026-04-09 01:20:00,-0.0005347968217908061,-0.0005762284953315842
2026-04-09 01:25:00,-0.000766705889052588,-0.0006166048271301829
2026-04-09 01:30:00,0.000341713089555995,-0.0001012444590628139
2026-04-09 01:35:00,0.00017610471274132067,0.00021077247885373585
2026-04-09 01:40:00,0.0012022252153300883,0.0009116882195470783
2026-04-09 01:45:00,-0.00032860600330231193,0.0013684252754052565
2026-04-09 01:50:00,-0.0011607908686315227,0.0019736691412107206
2026-04-09 01:55:00,-0.0018509443612142462,0.003534376305425809
2026-04-09 02:00:00,0.0016542425315329012,0.00405828962619545
2026-04-09 02:05:00,0.0032921595696588923,0.006136804899817771
2026-04-09 02:10:00,0.00382028182860239,0.007397287177276842
2026-04-09 02:15:00,0.0036010916449686903,0.006852697673058239
2026-04-09 02:20:00,0.00018890932514636916,0.004920377108852174
2026-04-09 02:25:00,-0.0004165188014315646,0.0014722998748626442
2026-04-09 02:30:00,0.001168582447519384,0.0006548125235931195
2026-04-09 02:35:00,0.0012848376108927084,-0.0014368386906027843
2026-04-09 02:40:00,-0.00023736206090774203,-0.0012624579801394612
2026-04-09 02:45:00,0.0012883650567072635,-0.0004519058990988171
2026-04-09 02:50:00,0.0029830800827728154,-0.0011870464505189552
2026-04-09 02:55:00,0.004462329401960119,0.00028139300851237636
2026-04-09 03:00:00,0.001986144280554214,0.0002305379966469011
2026-04-09 03:05:00,0.0013837166542671753,-0.0009836299988146015
2026-04-09 03:10:00,0.0005209734273137201,-0.00041689347231383506
2026-04-09 03:15:00,0.00128493228389992,-0.0002579898339773411
2026-04-09 03:20:00,0.003148888095621416,-5.3337947151284596e-05
2026-04-09 03:25:00,0.004510831398919279,0.0003666595576337719
2026-04-09 03:30:00,0.0017196362506428642,0.0004996392663910717
2026-04-09 03:35:00,0.0023998741744097885,0.0010987059889409753
2026-04-09 03:40:00,0.003096112020083197,0.0013613138697627348
2026-04-09 03:45:00,0.0008572835222793174,0.00016599092621619692
2026-04-09 03:50:00,-6.562950874489104e-05,-0.000493466487716836
2026-04-09 03:55:00,-0.0018249223333377529,-0.0010189888180639497
2026-04-09 04:00:00,-0.000667260517957402,-0.0015866661850857243
2026-04-09 04:05:00,-0.0009088415650495563,-0.0009988913828416176
2026-04-09 04:10:00,-0.0022170749215462138,-0.0009965756701312686
2026-04-09 04:15:00,-0.003959578522879426,-0.0013455978773814694
2026-04-09 04:20:00,-0.0037603193307802485,-0.0015127684644162742
2026-04-09 04:25:00,-0.002752432362756352,-0.0017336258284071974
2026-04-09 04:30:00,-0.0025614719261231045,-0.0018971751083858208
2026-04-09 04:35:00,-0.0034280363669285663,-0.0022429842611399143
2026-04-09 04:40:00,-0.0037449064725390002,-0.0015298544723588404
2026-04-09 04:45:00,-0.0031766880471177927,-0.001510706126159245
2026-04-09 04:50:00,-0.0025034857296528656,-0.0010664655567486105
2026-04-09 04:55:00,-0.0015268538332016135,-0.0013081054913460656
2026-04-09 05:00:00,-0.0008437155356215698,-0.0012108560112826245
2026-04-09 05:05:00,0.0005593848607663432,-0.0010075876277058412
2026-04-09 05:10:00,0.0019650932111208164,-0.0006673177973415674
2026-04-09 05:15:00,0.0025390711142652123,2.5485838203755334e-05
2026-04-09 05:20:00,0.0020663224491990206,0.00041033055413500463
2026-04-09 05:25:00,0.0008674416213860781,0.0007766770444912728
2026-04-09 05:30:00,0.0004517530959873284,0.0009718908617832835
2026-04-09 05:35:00,0.0007632730364868223,0.0008967993845504858
2026-04-09 05:40:00,0.0012992864231708978,0.0010419986136656068
2026-04-09 05:45:00,0.002158449638450577,0.0009370429431359184
2026-04-09 05:50:00,0.002732111835939577,0.0011572066247613991
2026-04-09 05:55:00,0.0019145578990986678,0.0016496964014304008
2026-04-09 06:00:00,0.0009560159244479394,0.001554627396961235
2026-04-09 06:05:00,-0.0009176402667812056,0.002157174636122083
2026-04-09 06:10:00,-0.0017465587279499317,0.0018279473574377254
2026-04-09 06:15:00,3.8132361670051296e-05,0.0023049641720252357
2026-04-09 06:20:00,0.0005042640077181915,0.0022639461536948045
2026-04-09 06:25:00,0.0019865522496456123,0.0018868870747815213
2026-04-09 06:30:00,0.0008117941625727099,0.0015672538753618728
2026-04-09 06:35:00,0.00036023207811020086,0.001684783171175139
2026-04-09 06:40:00,0.0005971476847399515,0.0012784295612694218
2026-04-09 06:45:00,-0.0016576474957545884,0.0011609503366992512
2026-04-09 06:50:00,-0.0032437549113115693,0.0008522646481661647
2026-04-09 06:55:00,-0.0019782274287933888,0.00011701014874840864
2026-04-09 07:00:00,0.0004766065703041278,-0.0003004623055798386
2026-04-09 07:05:00,0.0008816286964723474,-0.0003389650360788954
2026-04-09 07:10:00,0.0011724809701938455,-0.0002914957226019327
2026-04-09 07:15:00,-0.0008286470745133556,0.0003061621760054239
2026-04-09 07:20:00,-0.0012144785117431667,-0.00017779795036076954
2026-04-09 07:25:00,-0.0017957736391647217,-0.00041879603242762464
2026-04-09 07:30:00,-0.00015255853403850494,-0.00019967592630659058
2026-04-09 07:35:00,-0.0011107791221807162,-0.00043753433647551255
2026-04-09 07:40:00,-0.002259179137137579,-0.0007004011781118252
2026-04-09 07:45:00,-0.0003692111866246961,-0.0010570021362377934
2026-04-09 07:50:00,-0.00018688929200116888,-0.0016675809970106495
2026-04-09 07:55:00,0.0002737502205505393,-0.001785972385789876
2026-04-09 08:00:00,-0.001358397850651727,-0.0015314735925492106
2026-04-09 08:05:00,0.0010480416873015486,-0.0014291553305000688
2026-04-09 08:10:00,0.0010187085309887323,-0.001077257003392499
2026-04-09 08:15:00,-0.00013570074613866723,-0.0009074571456790753
2026-04-09 08:20:00,-0.000305441312038468,-0.0006101344065849318
2026-04-09 08:25:00,-0.0018881900418659114,-0.000908890546287548
2026-04-09 08:30:00,7.204443025443652e-05,-0.001149913350408858
2026-04-09 08:35:00,0.003022074865775437,-0.00047978118561097936
2026-04-09 08:40:00,0.002013587089697566,-0.00036574991177495074
2026-04-09 08:45:00,0.0012895236488681405,0.00017711337290649652
2026-04-09 08:50:00,0.001998753036552614,0.00043578969697626437
2026-04-09 08:55:00,0.0025048329646164547,0.0001332250633519386
2026-04-09 09:00:00,0.0012355609968999204,0.000983655127024407
2026-04-09 09:05:00,-0.0005715229336260563,0.0012015117023573536
2026-04-09 09:10:00,-1.270099321715179e-05,0.0011768729433410039
2026-04-09 09:15:00,0.0015890877532740433,0.0006340060044136031
2026-04-09 09:20:00,0.0026694535212996584,0.0007508226487910788
2026-04-09 09:25:00,0.0026361150087979013,0.0010734590291072708
2026-04-09 09:30:00,0.0013064935850835013,0.0017512929963634926
2026-04-09 09:35:00,-4.652195519838642e-05,0.0018039278073376363
2026-04-09 09:40:00,0.0016100695215524041,0.0017223422242358935
2026-04-09 09:45:00,0.0027072495211957204,0.0016771544536663607
2026-04-09 09:50:00,0.002405084014016623,0.0016625735703881027
2026-04-09 09:55:00,0.00024971536810447503,0.0018405376151760604
2026-04-09 10:00:00,0.0009441851812344026,0.0012847274504934384
2026-04-09 10:05:00,0.001825611309241637,0.0015603426381966346
2026-04-09 10:10:00,0.001501832094040978,0.001701299673044677
2026-04-09 10:15:00,0.0015316076832778691,0.001599049091126805
2026-04-09 10:20:00,0.0010869244494600139,0.0014022083314627729
2026-04-09 10:25:00,0.001709861532690482,0.0015772584004506774
2026-04-09 10:30:00,0.0009454545389697699,0.001265038187323014
2026-04-09 10:35:00,0.0007335260841632163,0.0013506262251428763
2026-04-09 10:40:00,-0.0007126807777400046,0.0010969397114495454
2026-04-09 10:45:00,-0.0003784471239320908,0.001497250017683832
2026-04-09 10:50:00,-0.0001607230850453334,0.0010799958337110041
2026-04-09 10:55:00,0.0006811096003627171,0.000994127983053068
2026-04-09 11:00:00,0.000651518187288147,0.00077580404343886
2026-04-09 11:05:00,-0.00048410743902316256,0.00042143916435834943
2026-04-09 11:10:00,-0.0007781328166256429,0.0007650770767148114
2026-04-09 11:15:00,-0.00032770214494171057,0.0003651287694117187
2026-04-09 11:20:00,0.001550099778619085,0.0009115252755935217
2026-04-09 11:25:00,0.0018483532214954579,9.425317012125506e-05
2026-04-09 11:30:00,0.0017658370133553092,0.000516374530864709
2026-04-09 11:35:00,0.0016511061092057133,0.00048756451945158945
2026-04-09 11:40:00,0.0029046360424498374,0.0010663544185108822
2026-04-09 11:45:00,0.0032554544898424354,0.0012797753183694186
2026-04-09 11:50:00,0.003492018783338935,0.0015677473026898714
2026-04-09 11:55:00,0.0026143640111957467,0.001579209512500135
2026-04-09 12:00:00,0.0024478575527719926,0.0016310386214292971
2026-04-09 12:05:00,0.0023992121145841594,0.002109991016054223
2026-04-09 12:10:00,0.0025246110035173075,0.0024149724692610454
2026-04-09 12:15:00,0.0029939509972418676,0.0023567634752083137
2026-04-09 12:20:00,0.001022931684602213,0.0018591777462779516
2026-04-09 12:25:00,0.0016089802686050092,0.00246946821987683
2026-04-09 12:30:00,0.0014277085387224275,0.002294150450548312
2026-04-09 12:35:00,0.001848450789402989,0.0022663650304266146
2026-04-09 12:40:00,0.0022250465883129067,0.0017724841609480738
2026-04-09 12:45:00,0.00242098755549236,0.0019396808940004028
2026-04-09 12:50:00,0.0024270860267971983,0.002094509511038891
2026-04-09 12:55:00,0.0032384020755138465,0.0023238092566932886
2026-04-09 13:00:00,0.002172491559216283,0.0014265810465351005
2026-04-09 13:05:00,0.001058384102440968,0.001670248312153038
2026-04-09 13:10:00,0.0007951464848794387,0.0021512753205770387
2026-04-09 13:15:00,-0.0007761306482443331,0.0019187680396420606
2026-04-09 13:20:00,-0.0007212162295235913,0.0014104515408649718
2026-04-09 13:25:00,-0.0016195325875294486,0.001660864033466419
2026-04-09 13:30:00,-0.0006239763091446804,0.000993941129209063
2026-04-09 13:35:00,-0.0015004196402674808,-2.2152584391268623e-05
2026-04-09 13:40:00,-0.001548159106077307,-0.00012916146238953622
2026-04-09 13:45:00,-0.002743526381527417,-0.00023306041336286786
2026-04-09 13:50:00,-0.0030954105284770606,8.398260607013007e-05
2026-04-09 13:55:00,-0.0025953620130447774,-0.0008698267435721136
2026-04-09 14:00:00,-0.0016030995279727733,-0.00112104188317168
2026-04-09 14:05:00,0.000827794564658646,-0.001459785328417345
2026-04-09 14:10:00,0.002501533176902271,-0.0011421511837921582
2026-04-09 14:15:00,0.002991535349595509,0.0006588258345597367
2026-04-09 14:20:00,0.002963782748615529,0.0011790061674379882
2026-04-09 14:25:00,0.003383691575136183,0.0011301209282683913
2026-04-09 14:30:00,0.0031159953544239727,-0.0013101653970349608
2026-04-09 14:35:00,0.006017566186390155,-0.0020160330066901805
2026-04-09 14:40:00,0.006733324808530838,-0.0021822257455651225
2026-04-09 14:45:00,0.005995254560996699,-0.001437246096145999
2026-04-09 14:50:00,0.004650026158321552,-0.0021897704082418108
2026-04-09 14:55:00,0.00435964210900508,-0.0018996988266886219
2026-04-09 15:00:00,0.006198008700211588,-0.0013344574848831309
2026-04-09 15:05:00,0.003707179437045127,-0.001432016640922823
2026-04-09 15:10:00,0.003315192756900842,-0.0008644929232464742
2026-04-09 15:15:00,0.0016268368554239743,-0.00014765436386419094
2026-04-09 15:20:00,0.003456113363801805,-0.0002516274671438843
2026-04-09 15:25:00,0.002229163453410621,-0.0014700119271325348
2026-04-09 15:30:00,-0.00014715960957722984,-0.003382374783455459
2026-04-09 15:35:00,-0.0023883941330513636,-0.0021419335920467883
2026-04-09 15:40:00,-0.004276344393678855,-0.0026794541675557748
2026-04-09 15:45:00,-0.002009827428636868,-0.0026257926172999825
2026-04-09 15:50:00,-2.9389228849652227e-05,-0.0021971567356212436
2026-04-09 15:55:00,0.0007950084796597423,-0.0021688173764528827
2026-04-09 16:00:00,-0.001851803835371868,-0.0037976685082256375
2026-04-09 16:05:00,-0.000986398278438827,-0.0022350098477781854
2026-04-09 16:10:00,-0.00018866461148014935,-0.0017177684161612317
2026-04-09 16:15:00,0.004590869294849753,-0.0016536099151360168
2026-04-09 16:20:00,0.0028716946605022997,-0.004464438738150652
2026-04-09 16:25:00,0.002900338589521212,-0.000731383303922566
2026-04-09 16:30:00,0.007584084507662681,-0.000861664017588633
2026-04-09 16:35:00,0.00684766369443679,-0.001170045828882677
2026-04-09 16:40:00,0.007322402399527306,-0.0001379629861605877
2026-04-09 16:45:00,0.004989850519244499,0.0004710715987016058
2026-04-09 16:50:00,0.005138363640748267,-0.003171972427025234
2026-04-09 16:55:00,0.005201226806402559,-0.0019446558306182979
2026-04-09 17:00:00,0.0068427435784368384,0.0019261224588904412
2026-04-09 17:05:00,0.0062920276488096505,6.872807945273383e-05
2026-04-09 17:10:00,0.004004616722482979,-0.004321990468413489
2026-04-09 17:15:00,0.002590986034064713,-0.0016888789633248981
2026-04-09 17:20:00,0.0021525432217153195,-0.0021975584458107877
2026-04-09 17:25:00,0.0030025315261816843,0.0015075689064755387
2026-04-09 17:30:00,0.0004443364388304616,-5.45746279445069e-05
2026-04-09 17:35:00,0.00013146815515874266,0.0011100679503129108
2026-04-09 17:40:00,-0.00046143423345235135,-0.0004681213207122218
2026-04-09 17:45:00,5.2238579874241964e-05,-0.0011117854465610916
2026-04-09 17:50:00,7.309491168605575e-05,-0.0021982942580478677
2026-04-09 17:55:00,-0.0009391122115314232,-0.0009940192038406833
2026-04-09 18:00:00,-0.0015314162331137027,-0.0012560582865512521
2026-04-09 18:05:00,8.971912703081841e-05,-0.000915852151569067
2026-04-09 18:10:00,0.0008015062065727108,-0.0012742832396126322
2026-04-09 18:15:00,0.0003940098053103469,-0.00016710069019389983
2026-04-09 18:20:00,-0.0004944035497498334,-0.0013374149137231138
2026-04-09 18:25:00,0.00021069518013483446,-0.0018517563546598481
2026-04-09 18:30:00,-0.00040260630758304217,-0.0003660741331893145
2026-04-09 18:35:00,0.0013220674553444667,-0.0003448660422280097
2026-04-09 18:40:00,0.0014754236171121704,-0.0005481988963723654
2026-04-09 18:45:00,0.0030751730286198153,0.002007881378832917
2026-04-09 18:50:00,0.0020111454239675197,-0.001194277483658751
2026-04-09 18:55:00,0.001766886266068468,-0.00010173115558509936
2026-04-09 19:00:00,-0.0006537565647661836,-0.0014639686560289156
2026-04-09 19:05:00,-0.0013905071953725923,-0.0018681486942031613
2026-04-09 19:10:00,-0.0019568885252922996,0.00048558837212039734
2026-04-09 19:15:00,-0.0024478743586371365,-0.0016068588460887547
2026-04-09 19:20:00,-0.002530078662209334,-0.0004127867785325942
2026-04-09 19:25:00,-0.002596104796788623,-0.0012985674761904337
2026-04-09 19:30:00,-0.003299964017907442,-0.001765698805111285
2026-04-09 19:35:00,-0.0046453712413487835,-0.00016395207684415447
2026-04-09 19:40:00,-0.005185063613494023,0.0005762353497443782
2026-04-09 19:45:00,-0.005920922857677979,-0.0015356983055041466
2026-04-09 19:50:00,-0.005789835289125023,7.538954024205382e-05
2026-04-09 19:55:00,-0.005316338071178706,-0.0018063194472417365
2026-04-09 20:00:00,-0.0020371121056026453,-0.001713671059108218
2026-04-09 20:05:00,-0.0008758004779938489,-0.0015799437827550141
2026-04-09 20:10:00,-0.0007319450406040318,-0.0021385936705094147
2026-04-09 20:15:00,-0.0025083406543497944,-0.001818579004379417
2026-04-09 20:20:00,-0.0008768873782596387,-0.0009704390786789586
2026-04-09 20:25:00,-0.001636730087309246,-0.0015035955894494271
2026-04-09 20:30:00,-0.0010702793277541645,0.0011878102740403651
2026-04-09 20:35:00,-0.0010222015506720084,-0.0001986981057629966
2026-04-09 20:40:00,0.0002661795805689593,-0.0010635929217856896
2026-04-09 20:45:00,-0.00036048120439069464,-0.0012528957476991532
2026-04-09 20:50:00,0.0001593027573214556,0.0007346269471661903
2026-04-09 20:55:00,-0.0006455669895135685,0.0012386447238276657
2026-04-09 21:00:00,-0.0012443857609003572,-0.0010930847339669684
2026-04-09 21:05:00,-0.0023657748475134355,-5.9720225347051374e-05
2026-04-09 21:10:00,-0.0021361577821430444,-0.0002904765352853051
2026-04-09 21:15:00,-0.0006830901923677857,0.0030075132221651962
2026-04-09 21:20:00,-0.0007686934789283839,-0.001263463762372079
2026-04-09 21:25:00,-0.0007984065822199682,-0.0001881475593745
2026-04-09 21:30:00,-0.0005114574972946428,-0.0003226591216903609
2026-04-09 21:35:00,-0.0014785936970849178,-0.0013640357032172917
2026-04-09 21:40:00,-0.0016191312663327295,-0.001175554925524415
2026-04-09 21:45:00,-0.0012144362073129855,-0.00032157443297302623
2026-04-09 21:50:00,-0.0007086726732161708,0.0005678783303773564
2026-04-09 21:55:00,-0.0005389902975903027,-0.0007249275210753578
2026-04-09 22:00:00,0.00045687365094870813,-0.000501354899984249
2026-04-09 22:05:00,-2.515333051178459e-05,-0.0012795848034107599
2026-04-09 22:10:00,8.176057781916768e-05,-0.000833688082004399
2026-04-09 22:15:00,-0.0009520754494438677,-0.0009037299347667068
2026-04-09 22:20:00,-0.0009748070811284038,-0.0010319713519400633
2026-04-09 22:25:00,-0.0011054093814291122,-0.001372567059665753
2026-04-09 22:30:00,-0.0008725967436955528,-0.001444504533155777
2026-04-09 22:35:00,-0.0010142574374256697,-0.0008853880349848774
2026-04-09 22:40:00,-0.0005521944620614505,-0.0009216822512230439
2026-04-09 22:45:00,-0.0008923650890064749,-0.0009006612449432047
2026-04-09 22:50:00,-0.0013138400012788765,-0.0011765108993505482
2026-04-09 22:55:00,-0.0005161929417170086,-0.0012282822011682709
2026-04-10 00:00:00,-0.0020659755970662275,-0.0014657377088765269
2026-04-10 00:05:00,-0.00178120592113018,-0.0008704008846716028
2026-04-10 00:10:00,-0.002205683412356052,-0.0006258241246449996
2026-04-10 00:15:00,-0.0012050242987839965,-0.0011601355345101003
2026-04-10 00:20:00,-0.0020554473949019325,-0.0008894723574120007
2026-04-10 00:25:00,-0.0013440777556184003,-0.0009353456253804718
2026-04-10 00:30:00,-0.0007536467726847462,-0.001109200194383161
2026-04-10 00:35:00,0.000256286369907599,-0.0005326048047886162
2026-04-10 00:40:00,-0.00027726199755839787,-0.0003860324589101398
2026-04-10 00:45:00,0.0003738404165023468,-0.0006074238600639063
2026-04-10 00:50:00,0.00017429852761807751,-0.00035118827503940076
2026-04-10 00:55:00,-0.00030858399029831673,-0.0005254118433587599
2026-04-10 01:00:00,-0.0012059002329003476,-0.0005805408462709023
2026-04-10 01:05:00,-0.001689725653553964,-0.0008647397389027257
2026-04-10 01:10:00,-0.0012277188468594602,-0.0009207733685693185
2026-04-10 01:15:00,-0.0010508573860814607,-0.0009812121556952399
2026-04-10 01:20:00,-0.0008936203465399473,-0.0008790889472798676
2026-04-10 01:25:00,-0.0009461375170189967,-0.0009088195141206319
2026-04-10 01:30:00,-0.0005356653459145377,-0.0006563982147144861
2026-04-10 01:35:00,-0.0003046100122592321,-0.0003510366027693499
2026-04-10 01:40:00,-0.0010109768557118315,-0.0002075914394460178
2026-04-10 01:45:00,-0.0012670025322520928,0.0005920354261369883
2026-04-10 01:50:00,-0.001206011714639743,-0.0005422058033485652
2026-04-10 01:55:00,-9.658326219685875e-05,-0.000786272649942331
2026-04-10 02:00:00,0.0008468032634105782,0.000423677741984437
2026-04-10 02:05:00,0.0011373061787978145,0.0008848625557088739
2026-04-10 02:10:00,0.0014398941380573405,0.0008118483177505442
2026-04-10 02:15:00,0.0017480171184871551,0.001081070098793572
2026-04-10 02:20:00,0.0011142741762526498,0.0008598296037837814
2026-04-10 02:25:00,0.0017926970803952003,0.0009881598130673434
2026-04-10 02:30:00,0.002595826104107246,0.001284022427510724
2026-04-10 02:35:00,0.0029476669229140384,0.0015784918058073377
2026-04-10 02:40:00,0.003472138242358369,0.001638939090262445
2026-04-10 02:45:00,0.0021359563791580882,0.002026265849329493
2026-04-10 02:50:00,0.0018987055024268784,0.0014912427329813439
2026-04-10 02:55:00,0.0005038100742638107,0.0018755861519929148
2026-04-10 03:00:00,-0.0012736284996766045,0.0015344070274639352
2026-04-10 03:05:00,-4.202157388277783e-05,0.001008657337590842
2026-04-10 03:10:00,-0.001690247842864423,0.0006904448624465749
2026-04-10 03:15:00,-0.0032505584632591678,0.0008411741202630698
2026-04-10 03:20:00,-0.002859660872900349,-0.0002521921598721735
2026-04-10 03:25:00,-0.003750889263578472,-0.0005216748712066179
2026-04-10 03:30:00,-0.005811641920548283,-0.0011199250101916627
2026-04-10 03:35:00,-0.005406849227613364,-0.0017375761437871814
2026-04-10 03:40:00,-0.004618868241594853,-0.0017582829404515377
2026-04-10 03:45:00,-0.003562466133230302,-0.002924109736846361
2026-04-10 03:50:00,-0.003434587579322468,-0.003119207787595376
2026-04-10 03:55:00,-0.002466890512078379,-0.002291051238743593
2026-04-10 04:00:00,1.8927146259173355e-05,-0.0022951263625707917
2026-04-10 04:05:00,-0.00032152347766079004,-0.0031689580429274766
2026-04-10 04:10:00,0.0015873169377691454,-0.001919560457227695
2026-04-10 04:15:00,0.0027760386956465766,-0.0020423374586899697
2026-04-10 04:20:00,0.002702055962865657,-0.0010854404479701167
2026-04-10 04:25:00,0.0023661923570905685,-1.875730207764571e-05
2026-04-10 04:30:00,0.003936271646171718,-0.0021255413757725206
2026-04-10 04:35:00,0.0037043464314141517,0.0004521224836497998
2026-04-10 04:40:00,0.0032243243511711484,-0.00016087732327145184
2026-04-10 04:45:00,0.003709316096886184,0.0009330391610868463
2026-04-10 04:50:00,0.0032310273735909334,0.0021296746447737073
2026-04-10 04:55:00,0.0027921330042044445,0.0018153036726144941
2026-04-10 05:00:00,0.0025434911610364708,0.0018366546855989685
2026-04-10 05:05:00,0.0017261876548442245,0.002706453388285913
2026-04-10 05:10:00,0.0014757299720731254,0.002396424554316874
2026-04-10 05:15:00,0.001911402587964517,0.0018915095568818538
2026-04-10 05:20:00,0.0018120074036733769,0.00210836577002148
2026-04-10 05:25:00,0.002045901140874662,0.002105573974289216
2026-04-10 05:30:00,0.0002498328337416922,0.0017798324649669541
2026-04-10 05:35:00,-0.0004617687082628663,0.0018485730896951268
2026-04-10 05:40:00,-0.0005667613519708681,0.0009959574457520642
2026-04-10 05:45:00,-0.0007617561049144683,0.0007829935420198764
2026-04-10 05:50:00,-0.00039044788646691586,0.0005257194718305538
2026-04-10 05:55:00,-0.001637778447157956,0.0009986459245394565
2026-04-10 06:00:00,-0.001049377500683235,0.000480497809237757
2026-04-10 06:05:00,-0.0008711213351109137,0.00016375532673966624
2026-04-10 06:10:00,-0.0015072415510068993,0.00013384437550270777
2026-04-10 06:15:00,-0.002161350866774825,-0.0005051380889338628
2026-04-10 06:20:00,-0.001232143781429329,-0.0007912796559291651
2026-04-10 06:25:00,-0.0011463653499443893,-0.000727538929675672
2026-04-10 06:30:00,9.02603802668267e-05,-0.0006243248032556667
2026-04-10 06:35:00,0.0004218970948528522,-0.0006220934441230451
2026-04-10 06:40:00,0.00048701435975573304,-0.00019719336587719027
2026-04-10 06:45:00,0.0006107101111219038,-0.0006891928823802871
2026-04-10 06:50:00,0.0008793423338229189,-0.0002292287385930291
2026-04-10 06:55:00,0.0014111690473530558,-0.0002147452357527371
2026-04-10 07:00:00,-8.189776014155825e-05,-1.5998447027900555e-05
2026-04-10 07:05:00,-0.0006154899904107225,0.00015777780678522695
2026-04-10 07:10:00,-0.0007881123646615862,0.0002860628887193777
2026-04-10 07:15:00,-0.0015662237140823265,-3.0069308105992142e-05
2026-04-10 07:20:00,-0.001469220726180609,-8.109108017124752e-05
2026-04-10 07:25:00,-0.00095420656773193,-0.0003887419259254131
2026-04-10 07:30:00,-0.001268590585551621,-0.0007781649129425151
2026-04-10 07:35:00,-0.002746570354561939,-0.000828051588405345
2026-04-10 07:40:00,-0.0028898686674878604,-0.0005131830531855825
2026-04-10 07:45:00,-0.004754908703064942,-0.0009731602506778389
2026-04-10 07:50:00,-0.004560395189606936,-0.0014498415994743852
2026-04-10 07:55:00,-0.004108845884960743,-0.0016570465371610712
2026-04-10 08:00:00,-0.002344277517414284,-0.002613769183668438
2026-04-10 08:05:00,-0.0014867202058805873,-0.0017079979287856492
2026-04-10 08:10:00,-0.0019740559146050884,-0.002192797856065405
2026-04-10 08:15:00,-3.366394129322714e-05,-0.0019737214249439024
2026-04-10 08:20:00,3.155101641816316e-05,-0.0020026380479048183
2026-04-10 08:25:00,-0.00039540073748334237,-0.0013137044319209432
2026-04-10 08:30:00,-0.0004919066737834044,-0.0006600308092261027
2026-04-10 08:35:00,0.0007677818109979029,-0.0005224981241554637
2026-04-10 08:40:00,0.000624919143810132,-0.0002499851451161416
2026-04-10 08:45:00,0.002080557025557539,0.001456342873876435
2026-04-10 08:50:00,0.0011331040255981861,0.001808922402067703
2026-04-10 08:55:00,0.0007056338306128396,0.0015936152230724145
2026-04-10 09:00:00,-0.0006211553056338914,0.001383555306461319
2026-04-10 09:05:00,-0.00041465697202092144,0.001219496482583682
2026-04-10 09:10:00,0.0006338904129421508,0.0006277238100263035
2026-04-10 09:15:00,-0.0015076226219523647,0.0012277960257514539
2026-04-10 09:20:00,-0.001707287964240578,0.0007257179291121154
2026-04-10 09:25:00,-0.0014862534839785724,0.0008007112025714249
2026-04-10 09:30:00,-0.0012266158201814648,0.0009823961758716488
2026-04-10 09:35:00,-0.0013297930260218749,0.00018124145046337695
2026-04-10 09:40:00,-0.0024429808077037762,0.00019303600414380677
2026-04-10 09:45:00,-0.003854974449575721,-0.00032012157358456557
2026-04-10 09:50:00,-0.0030209497112654304,0.0005085653341441498
2026-04-10 09:55:00,-0.0015994490685340423,-1.1029165386890556e-05
2026-04-10 10:00:00,-0.000655263145301177,-8.552013314237687e-05
2026-04-10 10:05:00,-0.0016055223291537857,0.0008856241080322305
2026-04-10 10:10:00,-0.0006675968342300109,-0.0007935489246585196
2026-04-10 10:15:00,0.002786056378505819,-0.0009662529320730645
2026-04-10 10:20:00,0.0015684560452982055,0.00011514228236371402
2026-04-10 10:25:00,0.0004275768149994974,7.273867276390316e-05
2026-04-10 10:30:00,-0.00048011523687740976,-0.00015569619120236114
2026-04-10 10:35:00,-0.00013897282261332577,0.0001760258694067731
2026-04-10 10:40:00,0.0017043980323450114,0.0003231235291271033
2026-04-10 10:45:00,0.003053167078183705,0.0007341256254422907
2026-04-10 10:50:00,0.0032419448849996257,0.0011711259279604384
2026-04-10 10:55:00,0.002195163938711886,0.0001729971784740451
2026-04-10 11:00:00,0.0006131369520705476,0.00015416965264731494
2026-04-10 11:05:00,0.0007756922071440187,0.0014795374280271692
2026-04-10 11:10:00,0.0001011158556849523,0.0009240286415475682
2026-04-10 11:15:00,-0.0013604943615117548,0.0009601562841911806
2026-04-10 11:20:00,0.0011311290840207988,0.0012345774347617547
2026-04-10 11:25:00,0.0020237683907975423,0.0010868990500182475
2026-04-10 11:30:00,0.002507532321445183,0.0011509285365233475
2026-04-10 11:35:00,0.0011848604440096722,0.001328323223404717
2026-04-10 11:40:00,0.0009951704550896778,0.0009052578448755053
2026-04-10 11:45:00,0.001806841034204254,0.0014398449381607468
2026-04-10 11:50:00,0.0011126524866416077,0.0012214007864326407
2026-04-10 11:55:00,0.001076858789495816,0.0015305979159070296
2026-04-10 12:00:00,0.002553849936834496,0.001952613527548403
2026-04-10 12:05:00,0.002064874825812524,0.001941549943343433
2026-04-10 12:10:00,0.0017783881130135626,0.0017470411325339755
2026-04-10 12:15:00,0.0012869446308290122,0.0012932093074167234
2026-04-10 12:20:00,0.00043907148642041705,0.0011867540146212826
2026-04-10 12:25:00,0.0007289832057963963,0.0018078029293977771
2026-04-10 12:30:00,-2.5212308651489934e-05,0.0013306733678677281
2026-04-10 12:35:00,0.0015069312217015352,0.0011001272957956033
2026-04-10 12:40:00,0.002486748431389074,0.0009859306672141146
2026-04-10 12:45:00,0.0010733029035989716,0.0013289453494647679
2026-04-10 12:50:00,0.0016005515026105144,0.0017421707386265056
2026-04-10 12:55:00,0.0025046752661452842,0.0019786221985391345
2026-04-10 13:00:00,0.0015661052743212167,0.0013619465567846843
2026-04-10 13:05:00,0.0020165532187519375,0.0018200171031425916
2026-04-10 13:10:00,0.002348094355710373,0.0014821841320731435
2026-04-10 13:15:00,0.001956680734373606,0.0012600488287018933
2026-04-10 13:20:00,-0.00011132524311285863,0.001556999794067602
2026-04-10 13:25:00,7.769885398190013e-05,0.0018843727329694848
2026-04-10 13:30:00,0.004433881222388081,0.0012696705559072645
2026-04-10 13:35:00,0.0030049731498955623,0.0022294525468979963
2026-04-10 13:40:00,0.0011991565413627114,0.0029840270235021267
2026-04-10 13:45:00,0.00091066852296251,0.0023781121242657335
2026-04-10 13:50:00,9.234211079700572e-05,0.0017531835203082454
2026-04-10 13:55:00,0.0004612004710526918,0.0017531261199396117
2026-04-10 14:00:00,0.0008072861680616938,0.0011846850064200901
2026-04-10 14:05:00,0.0018721709332076841,0.001276460341972647
2026-04-10 14:10:00,0.0012138887962631628,0.0017924294928955283
2026-04-10 14:15:00,0.0009412850597776412,0.0034001393320913626
2026-04-10 14:20:00,0.0032862240024247313,0.0034811484915763307
2026-04-10 14:25:00,0.0031323210008391555,0.003868134077743285
2026-04-10 14:30:00,-0.0022993907743344977,0.0037457557502168586
2026-04-10 14:35:00,-6.072300157811128e-05,0.003594575209836413
2026-04-10 14:40:00,-0.0005889164422345772,0.0039752590947687485
2026-04-10 14:45:00,0.0013351262755207927,0.003831798947059283
2026-04-10 14:50:00,0.0025151393126385813,0.0037958640953306704
2026-04-10 14:55:00,0.0002996662829755081,0.0038583740779355637
2026-04-10 15:00:00,0.0010432641284108257,0.0030637451030185985
2026-04-10 15:05:00,0.0003015675251383243,0.0025026264950469015
2026-04-10 15:10:00,0.0014865252389828498,0.003137464382753935
2026-04-10 15:15:00,0.003367943322080791,0.00241484095536033
2026-04-10 15:20:00,0.0029749078301293252,0.003003638448145784
2026-04-10 15:25:00,0.0029660184007465062,0.002132805498501451
2026-04-10 15:30:00,0.003841917144283613,0.0017317104619694514
2026-04-10 15:35:00,0.0023947147878953245,-0.0004946867751637934
2026-04-10 15:40:00,0.0023117572732758163,0.0010699297755261796
2026-04-10 15:45:00,-3.7702809702722107e-05,-0.00017116180131123874
2026-04-10 15:50:00,-0.00041665664013379455,0.000376511052427887
2026-04-10 15:55:00,0.0003980191269317146,0.00011337993490932647
2026-04-10 16:00:00,-0.00028061064410422887,0.0005350013740627728
2026-04-10 16:05:00,0.0008518556630328078,0.00012031928148696972
2026-04-10 16:10:00,0.0005500820555752739,-0.0006282937237706451
2026-04-10 16:15:00,-0.0011910808271249351,-0.0010555279795501865
2026-04-10 16:20:00,-0.0008959310920353403,-0.0005402040234526006
2026-04-10 16:25:00,-0.0030413807681650695,0.0005377546012156789
2026-04-10 16:30:00,-0.002676901831694778,-0.00024489076795446065
2026-04-10 16:35:00,-0.00555740277051342,-0.001011885409081808
2026-04-10 16:40:00,-0.0031548675189796427,0.0018294021277396586
2026-04-10 16:45:00,-0.001593194880722848,0.002514911698924549
2026-04-10 16:50:00,-0.0017732545115940468,4.291970313284473e-05
2026-04-10 16:55:00,-0.002558463298619529,0.00028449858969778794
2026-04-10 17:00:00,-0.004450021302288221,0.0002677108057922797
2026-04-10 17:05:00,-0.004899174256673078,-0.00046806609422778275
2026-04-10 17:10:00,-0.004020684993054857,-0.0005254480132945241
2026-04-10 17:15:00,-0.00427867749937505,-0.0007098019342557452
2026-04-10 17:20:00,-0.005297984016973345,-0.0005161593907544853
2026-04-10 17:25:00,-0.0038762502651259467,0.0007475982977113998
2026-04-10 17:30:00,-0.002923488119094486,-0.0005509894898727209
2026-04-10 17:35:00,0.00043682796393440526,-0.00010375105918826914
2026-04-10 17:40:00,-0.0019069586647120218,-0.0005898795264605827
2026-04-10 17:45:00,-0.00099913738263524,-0.0005694053000216907
2026-04-10 17:50:00,-0.0002454850177304735,-0.002447696284491696
2026-04-10 17:55:00,0.0003485037467942931,8.563477923092432e-05
2026-04-10 18:00:00,0.0013812055261848144,0.00016283542465693755
2026-04-10 18:05:00,0.0012249457607520498,-9.207004464355886e-05
2026-04-10 18:10:00,0.0003001713938211026,-0.00032069445350225095
2026-04-10 18:15:00,0.0009885291555313813,-0.0012283055090216285
2026-04-10 18:20:00,0.000833531966549117,-0.0019066300391149512
2026-04-10 18:25:00,0.0007667930675285817,-0.0004279695359992893
2026-04-10 18:30:00,-3.360476179814498e-05,-0.0007962743223418882
2026-04-10 18:35:00,-0.00018058842477230996,-0.001289660357287774
2026-04-10 18:40:00,0.00047497951755737233,0.0004859820381509581
2026-04-10 18:45:00,0.00042832397904390973,-0.0011189503361705758
2026-04-10 18:50:00,-0.0009153299500574974,-0.00046317122572988776
2026-04-10 18:55:00,-0.0006824254715045441,-0.0005346109161481961
2026-04-10 19:00:00,-0.0014632549094404368,-0.0008160036531289394
2026-04-10 19:05:00,-0.0012711995215060057,-0.0012205754164954224
2026-04-10 19:10:00,-0.0002015037222040661,-0.001263315087063879
2026-04-10 19:15:00,0.0002307259908373993,-0.0005104283536157613
2026-04-10 19:20:00,-5.8765381330871946e-05,-0.0002833686179107897
2026-04-10 19:25:00,0.000988610075973284,-0.000495273449836093
2026-04-10 19:30:00,0.0021107057926563755,-0.0003965400447178683
2026-04-10 19:35:00,0.00209575733205547,-0.0004951048980329555
2026-04-10 19:40:00,0.0018871791860597398,-3.1540341007769886e-05
2026-04-10 19:45:00,7.976557322031397e-05,-0.0005180356760334115
2026-04-10 19:50:00,0.001441894735460636,0.0005825125642638693
2026-04-10 19:55:00,0.0009552653162092639,-0.0005331461541708963
2026-04-10 20:00:00,0.002966326411966591,-0.00028402126958217453
2026-04-10 20:05:00,0.0019597038361123253,-0.0013222934085432639
2026-04-10 20:10:00,0.0006505430164907011,-0.0017525916500218575
2026-04-10 20:15:00,0.0003313133037909921,-0.002331962187722596
2026-04-10 20:20:00,0.0006567166294040305,-0.0011247118295550796
2026-04-10 20:25:00,-0.000690454856679068,-0.0017054313544638208
2026-04-10 20:30:00,-0.0013548716622562296,-0.0008549624340600852
2026-04-10 20:35:00,-0.0018920727400910664,-0.0008575575613642486
2026-04-10 20:40:00,-0.0008707247182346833,-5.379351890250392e-05
2026-04-10 20:45:00,-0.0009239912878218348,9.735889208578947e-05
2026-04-10 20:50:00,-0.001742288715975704,-0.00032494038241219513
2026-04-10 20:55:00,-0.0011485288231991575,5.620461021399134e-05
2026-04-10 21:00:00,-0.0028506176906599734,-0.00023832729423175065
2026-04-10 21:05:00,-0.002477050741360287,-0.0001934853171500937
2026-04-10 21:10:00,-0.002772994508307036,-0.0006667083258996823
2026-04-10 21:15:00,-0.003921981434519495,-0.00013378813969701071
2026-04-10 21:20:00,-0.0040015353362310435,-0.00025939769212742495
2026-04-10 21:25:00,-0.0038366042673079193,1.4687557873567536e-05
2026-04-10 21:30:00,-0.0036816732941460373,-0.0012748188296107107
2026-04-10 21:35:00,-0.0025879871779501684,-0.0008095475329612841
2026-04-10 21:40:00,-0.0027093366721686607,-0.0006806257512460021
2026-04-10 21:45:00,-0.0018737013385585755,-0.00037048257038933184
2026-04-10 21:50:00,-0.0021410807382622465,-0.0011481233286116679
2026-04-10 21:55:00,-0.0021304727590027994,-0.0008552959912414501
2026-04-10 22:00:00,-0.017526940535224966,-0.0008503348151370402
2026-04-10 22:05:00,-0.018522114674052403,-0.0008399794032830605
2026-04-10 22:10:00,-0.016328737245730807,-0.0026356717799909616
2026-04-10 22:15:00,-0.017221673660692716,-0.002122850331005673
2026-04-10 22:20:00,-0.01935359089782196,-0.001824495354933688
2026-04-10 22:25:00,-0.02075298696582628,-0.0026686787790049277
2026-04-10 22:30:00,-0.019774021609993753,-0.00669265962060128
2026-04-10 22:35:00,-0.01985075031225847,-0.007647301669506298
2026-04-10 22:40:00,-0.01979180898957722,-0.009598982073566152
2026-04-10 22:45:00,-0.01950773346529111,-0.01182022363062258
2026-04-10 22:50:00,-0.019912623407684293,-0.01291308080951256
2026-04-10 22:55:00,-0.019432823583469983,-0.013155000445992038
2026-04-13 00:00:00,-0.0025058130151922597,-0.01238359398566574
2026-04-13 00:05:00,-0.0020614561261194098,-0.01104947252285981
2026-04-13 00:10:00,-0.0036395887322786535,-0.006968717005448198
2026-04-13 00:15:00,-0.0037931331495641984,-0.005344538325429487
2026-04-13 00:20:00,-0.0022160209477632975,-0.00437039538913089
2026-04-13 00:25:00,0.0012536166757914913,-0.003098845417227181
2026-04-13 00:30:00,0.00018261053627455226,-0.0009481452594817496
2026-04-13 00:35:00,0.0001932358857938965,-0.0010647115884658098
2026-04-13 00:40:00,-0.0004895929390258402,-0.0007319790794994989
2026-04-13 00:45:00,0.00025109209095219853,0.00025111209097004704
2026-04-13 00:50:00,0.0023619600437640997,0.00016818261937922807
2026-04-13 00:55:00,0.002904539229160008,-0.0010119036285253888
2026-04-13 01:00:00,0.0020454201742001743,0.0007026466718131853
2026-04-13 01:05:00,0.0032051137703223986,0.0009912398257119668
2026-04-13 01:10:00,0.002751799835078117,0.00016749192345240176
2026-04-13 01:15:00,0.004561590888494393,0.001553386998959665
2026-04-13 01:20:00,0.005529801879900376,0.0023294011084333322
2026-04-13 01:25:00,0.004230893071214936,0.0019312611176230485
2026-04-13 01:30:00,0.005296209487442027,0.001612014662796388
2026-04-13 01:35:00,0.004122047404049312,0.0030899198221534725
2026-04-13 01:40:00,0.004898000458883445,0.0026445854175959184
2026-04-13 01:45:00,0.0057769864948333804,0.0026698589400515694
2026-04-13 01:50:00,0.004905569792770237,0.0035556194795581973
2026-04-13 01:55:00,0.005326241440094748,0.0012403464094803605
2026-04-13 02:00:00,0.007521680194789937,0.0029408422440520593
2026-04-13 02:05:00,0.007510414851962466,0.0034086478978204078
2026-04-13 02:10:00,0.009103512614954568,0.004153136025883576
2026-04-13 02:15:00,0.009290208022703084,0.004599403698292278
2026-04-13 02:20:00,0.009032291983270824,0.0056059719134787115
2026-04-13 02:25:00,0.00937984092113453,0.005924775690123457
2026-04-13 02:30:00,0.008839288848262683,0.007002754873447676
2026-04-13 02:35:00,0.008471225989083564,0.0071627671386645005
2026-04-13 02:40:00,0.007586593511158313,0.007763162058540156
2026-04-13 02:45:00,0.005917730845480307,0.007954178322582934
2026-04-13 02:50:00,0.0070054946989053235,0.007321004736888599
2026-04-13 02:55:00,0.005202715442752748,0.003647316242768145
2026-04-13 03:00:00,0.004058418716038403,0.00027003466654406424
2026-04-13 03:05:00,0.0034081627338196085,0.0008633578796988487
2026-04-13 03:10:00,0.0015893403134494832,0.0012237733672108993
2026-04-13 03:15:00,0.001076351104519091,0.000973328543828529
2026-04-13 03:20:00,0.001119085179972501,0.0007571552578158788
2026-04-13 03:25:00,0.000517118980676301,0.0008593458697029885
2026-04-13 03:30:00,0.0007283306095899889,0.0005294838290398937
2026-04-13 03:35:00,-0.00016325267203498584,0.0004516165981208874
2026-04-13 03:40:00,0.0001993743047066232,0.00036949457933058675
2026-04-13 03:45:00,-0.0005197477749288026,-7.192778887112225e-05
2026-04-13 03:50:00,-0.000817644213588764,-0.00031611498134876434
2026-04-13 03:55:00,-0.00011649913750844121,-0.0002542793637351088
2026-04-13 04:00:00,-0.001673984557983843,-0.00013748796211756869
2026-04-13 04:05:00,-0.0018012524630943716,-0.000632337947382593
2026-04-13 04:10:00,-0.0018587188672434252,-0.00039886333681153776
2026-04-13 04:15:00,-0.0014028754886137307,-0.000798280175422518
2026-04-13 04:20:00,-0.0008264761014906696,-0.0012273029446345984
2026-04-13 04:25:00,-0.0001483264540826923,-0.0010096089187400263
2026-04-13 04:30:00,-0.0006859712796227768,-0.0004625461630379251
2026-04-13 04:35:00,0.0005808038148682471,-0.0005415586829065433
2026-04-13 04:40:00,0.0014834534118790543,-0.00045625625953106335
2026-04-13 04:45:00,0.001744858887603229,-0.0001935108925224131
2026-04-13 04:50:00,-4.238320777893989e-05,-6.579457123080772e-05
2026-04-13 04:55:00,-0.0005593848607663432,-3.514786396059767e-05
2026-04-13 05:00:00,-9.75589065692617e-05,0.0002781961310883249
2026-04-13 05:05:00,-0.0004306618575462551,0.00017682487623794468
2026-04-13 05:10:00,0.00018242175536009597,0.00012532420420568172
2026-04-13 05:15:00,-0.0006491247650526333,0.00013337272342896027
2026-04-13 05:20:00,-0.000871718517711173,1.9116927285359973e-05
2026-04-13 05:25:00,-0.0013019785973735765,-0.0005230485851668909
2026-04-13 05:30:00,-0.001797612288951811,-0.00039058715600818
2026-04-13 05:35:00,-0.0014059555018626213,-0.0006663831746284703
2026-04-13 05:40:00,-0.0008241045744483699,-0.0008475077898439675
2026-04-13 05:45:00,-0.000417386593968061,-0.0009849865733093375
2026-04-13 05:50:00,0.0009955307848112938,-0.0005541255523964925
2026-04-13 05:55:00,0.001135393686238828,-0.0005329071148210336
2026-04-13 06:00:00,0.0014517958718460733,-2.560687937014589e-05
2026-04-13 06:05:00,0.0017342454126634266,-0.00022719016415967628
2026-04-13 06:10:00,0.0010006063830658718,0.0005124285292730578
2026-04-13 06:15:00,0.0010244066283959796,0.00034836279658086703
2026-04-13 06:20:00,0.0009056386696766339,0.0006796943273765098
2026-04-13 06:25:00,0.001655806778288138,0.0004330203893955289
2026-04-13 06:30:00,0.001983972027316483,0.0009658095604110565
2026-04-13 06:35:00,0.002238417763459566,0.0011681344795742505
2026-04-13 06:40:00,0.0006101992447433702,0.001170716886156064
2026-04-13 06:45:00,0.0008811804998973827,0.0011460009791627384
2026-04-13 06:50:00,-0.0005611880391871438,0.0008251035297769527
2026-04-13 06:55:00,0.0012948080436832043,0.001157242158971594
2026-04-13 07:00:00,0.0009060387676171899,0.0012181639672800037
2026-04-13 07:05:00,0.0015810949251875428,0.00020207118432166742
2026-04-13 07:10:00,0.0014821091004399989,0.00013267078653657035
2026-04-13 07:15:00,0.002439077239763776,0.0002731090879324493
2026-04-13 07:20:00,0.0021494613976802412,0.00022271919365210907
2026-04-13 07:25:00,0.002365522882577409,0.000919995215265272
2026-04-13 07:30:00,0.0015509439426590887,0.0013205121479034467
2026-04-13 07:35:00,0.0008677341045437714,0.0013595781895553666
2026-04-13 07:40:00,0.0011071537438915868,0.0008304006464953518
2026-04-13 07:45:00,-0.00020751588735734572,0.0015275689959092758
2026-04-13 07:50:00,0.0008977497575166637,0.0011465602966157793
2026-04-13 07:55:00,-0.0007445213516028559,0.0011175152085105904
2026-04-13 08:00:00,0.0024156158090722357,0.00038828497327474516
2026-04-13 08:05:00,-0.0002559381362861046,0.0015102663203317445
2026-04-13 08:10:00,0.0003342295511181703,0.0010923780580973646
2026-04-13 08:15:00,0.0005750261245669464,0.0010263353899899296
2026-04-13 08:20:00,0.0006555657767233214,0.0005712413435064384
2026-04-13 08:25:00,-9.721890534919453e-05,0.0008176515809852556
2026-04-13 08:30:00,0.00041641962170579916,0.000641037598194438
2026-04-13 08:35:00,0.0005202792705709669,0.0006217414535199437
2026-04-13 08:40:00,0.0012327263946723122,0.0005657019677536978
2026-04-13 08:45:00,0.0035873435187330216,0.0008141506450737447
2026-04-13 08:50:00,0.0020275555670252743,0.0012380394922241406
2026-04-13 08:55:00,0.001560319991813941,0.0011701946094705188
2026-04-13 09:00:00,-0.0002195524095203183,0.0015496524778701808
2026-04-13 09:05:00,0.0014269182577457684,0.0013908808519148713
2026-04-13 09:10:00,0.0009914543374396345,0.0011930509317849237
2026-04-13 09:15:00,0.00024513118867730554,0.001226002611869356
2026-04-13 09:20:00,0.0007079511661469695,0.0011823398748942375
2026-04-13 09:25:00,0.00016907028292045823,0.0007558042938772226
2026-04-13 09:30:00,0.00021131418482767117,0.0010744588884487596
2026-04-13 09:35:00,0.0001501115796997965,0.0008536186055414258
2026-04-13 09:40:00,-0.0022636314066932783,0.0006164615350581883
2026-04-13 09:45:00,-0.0022181108262806504,-0.0001555996394633305
2026-04-13 09:50:00,-0.001980996198531315,-0.0005912827411998056
2026-04-13 09:55:00,-0.002102138440863044,-0.0007651149200744334
2026-04-13 10:00:00,-0.0019717973937414257,-0.0011495932144613883
2026-04-13 10:05:00,-0.0034025945846423156,-0.001243348628311824
2026-04-13 10:10:00,-0.002871361065132305,-0.0016011295614503638
2026-04-13 10:15:00,-0.002672211558547133,-0.0002835619376152171
2026-04-13 10:20:00,-0.0026971214283779688,-0.0009410083700571932
2026-04-13 10:25:00,-0.0035140789698342445,-0.0005312766677216924
2026-04-13 10:30:00,-0.003922922767143788,-0.000949258646204188
2026-04-13 10:35:00,-0.003010762247708243,-0.001622947905282128
2026-04-13 10:40:00,-0.0015239591968025934,0.00028909606952379983
2026-04-13 10:45:00,-0.003153951988180026,-0.00010614061197933157
2026-04-13 10:50:00,-0.002163065403767206,0.00022952451159469713
2026-04-13 10:55:00,-0.0018117194566240613,-0.00017852775089552723
2026-04-13 11:00:00,-0.0024018362074595956,-0.0011621526602618804
2026-04-13 11:05:00,7.418484110210954e-05,-0.0011966364442963188
2026-04-13 11:10:00,-0.0003009437363896694,-0.0011829462146162328
2026-04-13 11:15:00,-0.001443804771126267,-0.0010156437892349952
2026-04-13 11:20:00,-0.0019294628510966305,-6.956044955866599e-05
2026-04-13 11:25:00,-0.000543030974593961,0.0003188142198253053
2026-04-13 11:30:00,0.00042415477195056894,-0.0001154926550523827
2026-04-13 11:35:00,0.00021838389643491496,0.0009428108238108829
2026-04-13 11:40:00,0.0007654492298900806,0.0006987175741963371
2026-04-13 11:45:00,0.001581396664372292,0.0008718948672440795
2026-04-13 11:50:00,0.0011043623430531113,0.0010530999939361873
2026-04-13 11:55:00,0.0017841974045769149,0.0011227251796924267
2026-04-13 12:00:00,0.002001930571394084,0.0013674285784557514
2026-04-13 12:05:00,0.001027423830647578,0.0010689127898348464
2026-04-13 12:10:00,0.0008136110794811913,0.0015210174964091117
2026-04-13 12:15:00,0.001471346122880135,0.0014021220634310668
2026-04-13 12:20:00,0.001772700460191956,0.001305975697075734
2026-04-13 12:25:00,0.0016599836541466573,0.001535153370415633
2026-04-13 12:30:00,0.0007185316828692834,0.0015480946097460768
2026-04-13 12:35:00,-0.00100326334106704,0.0012746976079858418
2026-04-13 12:40:00,-0.0021982647660205856,0.0013984724749988608
2026-04-13 12:45:00,-0.0026257255445543137,0.0007384510723873905
2026-04-13 12:50:00,-0.0026155618478842513,0.0003996172279627456
2026-04-13 12:55:00,-0.0035630851563297483,0.00010141424368471661
2026-04-13 13:00:00,-0.00328357396621648,-0.00039844927403030387
2026-04-13 13:05:00,-0.0017270996760618829,-0.00040217410323716
2026-04-13 13:10:00,-0.0008348077143036647,-0.0002339612920229354
2026-04-13 13:15:00,-0.0013949694330079865,-0.0002813593764320218
2026-04-13 13:20:00,-0.0025837615083297294,-0.0005524498179596747
2026-04-13 13:25:00,-0.002105659018859285,-0.0009579835801046346
2026-04-13 13:30:00,-0.0012784539870711598,-0.0011843022681135929
2026-04-13 13:35:00,-0.0001209686406191679,-0.0012751549403697694
2026-04-13 13:40:00,0.0017000472084927054,-0.0010704185365063407
2026-04-13 13:45:00,0.002727392027743747,-0.0004166724613627094
2026-04-13 13:50:00,0.003354654703327853,0.0005781982061583228
2026-04-13 13:55:00,0.0036964541960706754,0.0014658177197875162
2026-04-13 14:00:00,0.003662324580394838,0.0017324403849673562
2026-04-13 14:05:00,0.002960731205259748,0.0021033782545562983
2026-04-13 14:10:00,0.003575868206782573,0.0025689113749494358
2026-04-13 14:15:00,0.0046374232113723934,0.0028139885227966015
2026-04-13 14:20:00,0.0048227073884348215,0.003244592926337268
2026-04-13 14:25:00,0.00502460950848338,0.0035053817313481393
2026-04-13 14:30:00,0.00423615971279645,0.0037420294410601533
2026-04-13 14:35:00,0.003371026587124959,0.003856285173581533
2026-04-13 14:40:00,0.002408223431993761,0.003861958727740918
2026-04-13 14:45:00,0.0037818417531276793,0.0036844375280849456
2026-04-13 14:50:00,0.0007935458689125596,0.0037066078491833614
2026-04-13 14:55:00,0.0015335236497460158,0.0036527761634484544
2026-04-13 15:00:00,-0.0005523044035893321,0.003222521880399987
2026-04-13 15:05:00,-0.0008398890655492153,0.002507779087483214
2026-04-13 15:10:00,-0.0015007305666099313,0.002346249823062126
2026-04-13 15:15:00,-0.0035708808381968993,0.0014426785245578075
2026-04-13 15:20:00,-0.0028577617152585333,0.0005796865604060573
2026-04-13 15:25:00,-0.004076196120141873,0.004020087626606782
2026-04-13 15:30:00,-0.003004320438185104,-0.005288605791061176
2026-04-13 15:35:00,-0.001801693570754992,-0.0055771581401470195
2026-04-13 15:40:00,-0.0010964309944778705,-0.0021148835715271213
2026-04-13 15:45:00,-0.005121279050705141,-0.001665388995700835
2026-04-13 15:50:00,-0.002866081078847671,1.7809890601285138e-05
2026-04-13 15:55:00,-0.0025564744752948343,-0.0012186796645140409
2026-04-13 16:00:00,-0.0035793766255327597,-0.0006848107870802394
2026-04-13 16:05:00,-0.00418242931479007,-0.0009188290749467961
2026-04-13 16:10:00,-0.0040675061934685175,-0.0013298959492627595
2026-04-13 16:15:00,-0.0025059505537292637,-0.0012643228312328705
2026-04-13 16:20:00,-0.002634247786065913,-0.0007833226500689957
2026-04-13 16:25:00,-0.0026182778290397835,-0.001975426007016926
2026-04-13 16:30:00,-0.002093544187649954,-0.0006182347855984565
2026-04-13 16:35:00,-0.0006041137146901576,-0.0009570218523051072
2026-04-13 16:40:00,-0.0019736395240936844,-0.0014765725747525218
2026-04-13 16:45:00,-3.605395793293553e-05,-0.000715406309679454
2026-04-13 16:50:00,-0.0003458405285314825,-0.001093726937021775
2026-04-13 16:55:00,-0.0008755277839753717,-0.000704478037321803
2026-04-13 17:00:00,0.0009151472358830404,-0.000581004127771833
2026-04-13 17:05:00,0.002456010124580743,-0.0005503541454739943
2026-04-13 17:10:00,0.0025348609801838506,-0.000856464649744231
2026-04-13 17:15:00,0.004039098826112308,-0.0006043914982453125
2026-04-13 17:20:00,0.0045911085394916284,-0.00014605309447476066
2026-04-13 17:25:00,0.005773175190949331,-0.0005994825711274814
2026-04-13 17:30:00,0.005085189283601466,-0.0014067567000480014
2026-04-13 17:35:00,0.004166253917052387,-0.001428451862777882
2026-04-13 17:40:00,0.00568352866698163,-1.6674368643714957e-05
2026-04-13 17:45:00,0.004735254052505411,-0.0015694755297432459
2026-04-13 17:50:00,0.005312305477596979,-0.000966527360562467
2026-04-13 17:55:00,0.003841953514623242,-0.002664415386866416
2026-04-13 18:00:00,0.0055852292557094785,-0.0031313960145634475
2026-04-13 18:05:00,0.0026128306044679306,-0.002723095493032451
2026-04-13 18:10:00,0.0022642684980063166,-0.00398486109158283
2026-04-13 18:15:00,0.003900608198028621,-0.0016834560894634864
2026-04-13 18:20:00,0.0038327208839188387,-0.0014563614229360963
2026-04-13 18:25:00,0.0027339466376581356,0.0010765458571307938
2026-04-13 18:30:00,0.002078719835493459,0.0014554353888674859
2026-04-13 18:35:00,0.002174613154812377,0.0012530697937540032
2026-04-13 18:40:00,0.000997523146482493,0.0004920275791320462
2026-04-13 18:45:00,0.00026382022387672066,0.0011585424999642983
2026-04-13 18:50:00,-0.0015294205126679117,-0.002638044775539061
2026-04-13 18:55:00,-0.0006171039424209823,-0.0023928718768479107
2026-04-13 19:00:00,-0.0013136055075140263,0.0013420313337843227
2026-04-13 19:05:00,0.00014589696528588547,0.0012182216504746008
2026-04-13 19:10:00,-0.0001543152791043667,0.0011056676098880115
2026-04-13 19:15:00,-0.004107996293848615,-0.0003863450980892735
2026-04-13 19:20:00,-0.003280664141309231,-0.0006777195321700817
2026-04-13 19:25:00,-0.0033747072826209035,-0.001377153731570324
2026-04-13 19:30:00,-0.002146324374319164,-0.000280601385862534
2026-04-13 19:35:00,-0.0030555057650634154,-0.0007360240145052214
2026-04-13 19:40:00,-0.0022136111249171364,-0.0015664861263331115
2026-04-13 19:45:00,-0.0005826079044837229,-0.0014817168994751514
2026-04-13 19:50:00,0.0019536103112489656,-0.002327894200257473
2026-04-13 19:55:00,0.0017319971717491,-0.0017893980413585637
2026-04-13 20:00:00,0.0008238450792337204,0.00027546522611419347
2026-04-13 20:05:00,0.0010481405975006908,0.0008345193394847493
2026-04-13 20:10:00,0.0010079037829786586,-0.0005420790445330261
2026-04-13 20:15:00,0.0026441482219983214,-0.0011443222271500944
2026-04-13 20:20:00,0.002597552160287009,8.502249412514317e-05
2026-04-13 20:25:00,0.003372599007958499,-8.57313181481926e-05
2026-04-13 20:30:00,0.0022011356443716323,-0.0011685154415314427
2026-04-13 20:35:00,0.0020921724310092316,-0.0017880109623597956
2026-04-13 20:40:00,0.0016949389141185378,-0.0003216854422351334
2026-04-13 20:45:00,0.0012365818743127477,0.0009011693937140943
2026-04-13 20:50:00,0.0012230224936917722,0.0003105505077891337
2026-04-13 20:55:00,0.0006139273079295293,-0.0006779570470881511
2026-04-13 21:00:00,0.0013715686562800755,0.0016659391599645739
2026-04-13 21:05:00,0.0017578164559264309,-0.0001273628705088209
2026-04-13 21:10:00,0.001639633486233194,-0.0005250220980243651
2026-04-13 21:15:00,0.0009620781628800756,-0.000749304832728124
2026-04-13 21:20:00,-0.0001223347375223227,-0.001269974122754526
2026-04-13 21:25:00,-0.0007824767791682063,0.00021700107895750634
2026-04-13 21:30:00,-0.0009237603182672416,-0.00042410969289087476
2026-04-13 21:35:00,-0.0006328900501539891,0.0007635674951122058
2026-04-13 21:40:00,-0.0004050043403474035,-0.0006921576629382486
2026-04-13 21:45:00,-0.0005864471806589222,-0.0010952917819415143
2026-04-13 21:50:00,-0.0009192359182996768,0.0003198843495517896
2026-04-13 21:55:00,-0.0002362435597706991,0.0002536199547419321
2026-04-13 22:00:00,0.0009695131064084705,-0.00034557852413152115
2026-04-13 22:05:00,0.001123130385368043,-0.000270739909569661
2026-04-13 22:10:00,0.0014137911229656908,-0.0012901018070209788
2026-04-13 22:15:00,0.0014371724319754975,-6.057817637688955e-05
2026-04-13 22:20:00,0.0013617116667070661,-0.001210582355932292
2026-04-13 22:25:00,0.0019434631368220323,-0.0004570293790847202
2026-04-13 22:30:00,0.001753994369728673,0.0003002882337745188
2026-04-13 22:35:00,0.0019543382712896573,0.0007520014259029186
2026-04-13 22:40:00,0.002511754089889351,-0.00023647214774229146
2026-04-13 22:45:00,0.0026384127518017664,0.00024567632951751425
2026-04-13 22:50:00,0.0031064003085585767,0.0004596120162765635
2026-04-13 22:55:00,0.0037500978313627087,0.0002167816517357734
2026-04-14 00:00:00,0.00366300775873718,0.001354804370355808
2026-04-14 00:05:00,0.003506658459036416,0.0020371785625330806
2026-04-14 00:10:00,0.0028257990537277067,0.002482046312511029
2026-04-14 00:15:00,0.002496439088009339,0.0025590244999542226
2026-04-14 00:20:00,0.00241952060066275,0.0024880123897847474
2026-04-14 00:25:00,0.0014666878321705212,0.002681901986344521
2026-04-14 00:30:00,0.0016373745900111203,0.0022611919768878376
2026-04-14 00:35:00,0.002524228663807193,0.001987694691667606
2026-04-14 00:40:00,0.0016675029070878367,0.0021425074017703007
2026-04-14 00:45:00,0.001411177557766763,0.001885417602923308
2026-04-14 00:50:00,0.0006768616580856701,0.0018914912935371077
2026-04-14 00:55:00,-0.00011349664251270042,0.001780302124508845
2026-04-14 01:00:00,-0.0019034258999024445,0.0016359723584866933
2026-04-14 01:05:00,-0.001802248887225133,0.0021496811187653978
2026-04-14 01:10:00,-0.0006384703811228576,0.0015392929878705495
2026-04-14 01:15:00,0.0007831898060732811,0.003316922964980633
2026-04-14 01:20:00,0.000934680601591964,0.002961057595845769
2026-04-14 01:25:00,0.0014435429187056315,0.0020336062837707286
2026-04-14 01:30:00,0.0022685272709601634,0.0018808710958652195
2026-04-14 01:35:00,0.0024529076302002295,0.001600036485231143
2026-04-14 01:40:00,0.00219316513240031,0.0021106980061451636
2026-04-14 01:45:00,0.0026151871980513164,0.0018390597422701072
2026-04-14 01:50:00,0.002394763310592296,0.002567547004291106
2026-04-14 01:55:00,0.002540081094833724,0.001135038474844122
2026-04-14 02:00:00,0.002837006437625078,0.0018670669169184653
2026-04-14 02:05:00,0.004038985317922794,0.002158113980970119
2026-04-14 02:10:00,0.00342699521433687,0.0022431401599195687
2026-04-14 02:15:00,0.00151215044611952,0.0026292763195525926
2026-04-14 02:20:00,0.0015921950162507414,0.0021556732423034133
2026-04-14 02:25:00,0.0016594937423430878,0.002705103270124665
2026-04-14 02:30:00,2.727502562471784e-05,0.0019738717052066243
2026-04-14 02:35:00,-0.0007044114053709194,0.0024707181416305313
2026-04-14 02:40:00,0.000632919372112184,0.002300823895586981
2026-04-14 02:45:00,-0.0006542046509903088,0.0020013027229824616
2026-04-14 02:50:00,-0.0010403143694119876,0.0015688958546823367
2026-04-14 02:55:00,-0.0009585948615438156,0.0009071734564925074
2026-04-14 03:00:00,-0.0005873197831292032,0.0005826090904285924
2026-04-14 03:05:00,-0.0013431188143719908,-0.0003901327614334715
2026-04-14 03:10:00,-0.0017057376839346716,-0.0005560989159565229
2026-04-14 03:15:00,-6.0777469601092093e-05,-0.0009017929384794548
2026-04-14 03:20:00,-0.0002746247772833499,-0.0007589480932851023
2026-04-14 03:25:00,-0.00039416882257548025,-0.0004591721011760123
2026-04-14 03:30:00,0.00022027101815602634,-0.0007174072024273915
2026-04-14 03:35:00,0.00010066058517566034,-0.0008223179349325159
2026-04-14 03:40:00,-0.0001194276275224837,-0.0005023478004101069
2026-04-14 03:45:00,0.0017708151317918919,-0.0003453375673171976
2026-04-14 03:50:00,0.001974835128883967,-9.336087982735618e-05
2026-04-14 03:55:00,0.002117330188770694,0.00020641152795685042
2026-04-14 04:00:00,0.0013901311330997146,0.0004813365127535892
2026-04-14 04:05:00,-1.8870990571073776e-05,0.0006609563395908586
2026-04-14 04:10:00,0.0002893840125040015,0.0008455836759804134
2026-04-14 04:15:00,-0.0003228112274111794,0.0007771013383562859
2026-04-14 04:20:00,-0.0002096880059863082,0.0005696160718218216
2026-04-14 04:25:00,-4.194120680978131e-06,0.0005137194542153235
2026-04-14 04:30:00,5.663327751825875e-05,0.0005159571341947266
2026-04-14 04:35:00,-0.0004006053178873259,0.00034801592046178277
2026-04-14 04:40:00,-0.001014662376416453,-0.00021056582716565912
2026-04-14 04:45:00,-0.0009531261686426262,-5.998347738214171e-05
2026-04-14 04:50:00,-0.0006599408806788887,-2.1219014488904066e-05
2026-04-14 04:55:00,-0.001490049325758136,-0.0004959484163189814
2026-04-14 05:00:00,-0.0009139561308408872,-0.0005269838047357524
2026-04-14 05:05:00,-0.00023067421982325698,-0.00038590045920756445
2026-04-14 05:10:00,-0.00012371190239690577,-0.0006314324745538763
2026-04-14 05:15:00,0.0008277807880592292,-0.0003968580017424766
2026-04-14 05:20:00,0.0012637523805452133,-2.8773701077299913e-05
2026-04-14 05:25:00,0.0015820318050536741,-0.00013840904886053588
2026-04-14 05:30:00,0.001387561635842971,-0.0004991656177289353
2026-04-14 05:35:00,0.0013396158207985565,8.616893031640217e-05
2026-04-14 05:40:00,0.0012304597958561203,0.00032537660911111
2026-04-14 05:45:00,0.0008379613729267987,0.0007826920322200982
2026-04-14 05:50:00,0.0006327138396180487,0.0009852379761118404
2026-04-14 05:55:00,0.0012848016874791313,0.0010504926973624025
2026-04-14 06:00:00,0.0008971938142057212,0.0009610174580417702
2026-04-14 06:05:00,-0.00012164965334449107,0.0011141717707898755
2026-04-14 06:10:00,-0.0006229856736492678,0.0008968364069908683
2026-04-14 06:15:00,-0.0014925970390944343,0.0005343426593670825
2026-04-14 06:20:00,-0.00203998053827803,0.00037542780400171645
2026-04-14 06:25:00,-0.00244849481272702,0.0002810689423682839
2026-04-14 06:30:00,-0.0025964344044044907,-0.00018855107319345734
2026-04-14 06:35:00,-0.0029142275320506172,-0.0007893962673777264
2026-04-14 06:40:00,-0.0026640615190665073,-0.0012276049776950302
2026-04-14 06:45:00,-0.0024173313167139554,-0.001757850627854905
2026-04-14 06:50:00,-0.0026991531991065187,-0.0019458642210540813
2026-04-14 06:55:00,-0.0029430202175859677,-0.002053999635992199
2026-04-14 07:00:00,-0.0016629605151816662,-0.002228226695365056
2026-04-14 07:05:00,0.00042780569885714215,-0.0022611444305717515
2026-04-14 07:10:00,8.392958308789389e-06,-0.001957646351230584
2026-04-14 07:15:00,-0.0005414071681926202,-0.0016039624789320325
2026-04-14 07:20:00,1.049358684390711e-05,-0.0014762196816956105
2026-04-14 07:25:00,0.0006693194907487765,-0.0011637591063328914
2026-04-14 07:30:00,0.0007221414325471187,-0.001070516373901035
2026-04-14 07:35:00,0.0017487164619200968,-0.000560519526384695
2026-04-14 07:40:00,0.0018530085203938285,-0.00013555064418189954
2026-04-14 07:45:00,0.0018790217841200274,-9.041257944385251e-06
2026-04-14 07:50:00,0.0036119020179139483,0.0003826158785536733
2026-04-14 07:55:00,0.004575458374805663,0.0008864807374186641
2026-04-14 08:00:00,0.0046610369218687,0.0014990115683025324
2026-04-14 08:05:00,0.004887878426218961,0.002211866350251571
2026-04-14 08:10:00,0.005160896716287056,0.002726315736154573
2026-04-14 08:15:00,0.004385769846942722,0.0032739581900386506
2026-04-14 08:20:00,0.0016922234123946112,0.0037368267364935454
2026-04-14 08:25:00,0.0010817134891638602,0.0036077790972485852
2026-04-14 08:30:00,0.0015432975524927173,0.003363235535015474
2026-04-14 08:35:00,0.0022041023647787483,0.0032813738080622458
2026-04-14 08:40:00,0.001749125621511638,0.0029912135158016344
2026-04-14 08:45:00,0.001017726537213548,0.0027415136651068052
2026-04-14 08:50:00,-0.000713799063435161,0.002270545351691833
2026-04-14 08:55:00,-0.001178017865083092,0.001953968344841272
2026-04-14 09:00:00,-0.0018630643064838637,0.0012885336475690356
2026-04-14 09:05:00,-0.0025758645629849752,0.0005332642179289627
2026-04-14 09:10:00,-0.0021147135047794308,0.0014397432251477102
2026-04-14 09:15:00,-0.0012107614951375467,-0.000272146810229401
2026-04-14 09:20:00,0.0009674947668134593,-0.0009652908240205365
2026-04-14 09:25:00,0.002816184239383901,-0.0003592886624602696
2026-04-14 09:30:00,0.0033384472936131004,0.0002470510943029344
2026-04-14 09:35:00,0.002009206224332871,0.0004752867222883911
2026-04-14 09:40:00,0.0014451700694326775,0.0005898245521016549
2026-04-14 09:45:00,0.001432693467798174,0.0006100630334490227
2026-04-14 09:50:00,0.0018702856067527307,0.000577150912893828
2026-04-14 09:55:00,0.002254386864660063,0.0013726973052926952
2026-04-14 10:00:00,0.0016353336001930785,0.0013127181573786455
2026-04-14 10:05:00,0.0010996800328815226,0.0014094208070880951
2026-04-14 10:10:00,0.0011414977437382845,0.0015550410007388166
2026-04-14 10:15:00,0.001273455323577366,0.0012845717470810368
2026-04-14 10:20:00,0.001829815197377016,0.001632636439378225
2026-04-14 10:25:00,-0.0015159042133454648,0.0016011893599518047
2026-04-14 10:30:00,-0.0030346815386650405,0.0008876978608265869
2026-04-14 10:35:00,-0.0018271451036095954,0.00028971696983082456
2026-04-14 10:40:00,-0.0013405290299584038,0.00039699584700313677
2026-04-14 10:45:00,-0.0017843830467576538,-0.0001346724034913925
2026-04-14 10:50:00,-0.0014578527390085583,-0.0007861367202656508
2026-04-14 10:55:00,-0.0017436723136849963,-0.0010184878252643766
2026-04-14 11:00:00,-0.001187546789449101,-0.0007844731712531788
2026-04-14 11:05:00,-0.00020270178561965224,-0.0008526946717360911
2026-04-14 11:10:00,-0.0007273974126054128,-0.0009506232992554206
2026-04-14 11:15:00,0.00031549926976026654,-0.000697233878877177
2026-04-14 11:20:00,-0.0004242189367662519,-0.0010260537019258368
2026-04-14 11:25:00,0.001045697052308725,-0.00016555936135636596
2026-04-14 11:30:00,0.0021446820648929332,-0.0005711418033341895
2026-04-14 11:35:00,-0.0033052754111562166,-0.0005052488778690998
2026-04-14 11:40:00,-0.0023151238141245756,-0.0006704466266813742
2026-04-14 11:45:00,-0.0013136490423999447,-0.0008334304475898359
2026-04-14 11:50:00,-0.001455788797015245,-0.0009050970583074
2026-04-14 11:55:00,-0.002122011154950698,-0.0016255089016532934
2026-04-14 12:00:00,-0.0018531300682589347,-0.0018088477867584584
2026-04-14 12:05:00,-0.0017403277128131833,-0.0016941916394891884
2026-04-14 12:10:00,-0.0012093190163131595,-0.0005051709189218992
2026-04-14 12:15:00,-0.0020075205089291615,-0.0018358923079253248
2026-04-14 12:20:00,-0.0011879342428198214,-0.00045124982027027513
2026-04-14 12:25:00,-0.001190089146151152,-0.0010431725109941068
2026-04-14 12:30:00,-0.0021781965159100025,-0.0011548491203419223
2026-04-14 12:35:00,0.003049961960192249,-0.0007838046975617949
2026-04-14 12:40:00,0.0022816398728107146,-0.0018709679064454815
2026-04-14 12:45:00,0.0011607929895784963,-0.0005589100677003432
2026-04-14 12:50:00,0.0006014243670140473,-0.0008887633838122505
2026-04-14 12:55:00,0.0013202400982201823,-4.760624659436368e-05
2026-04-14 13:00:00,0.0007144376412338005,5.8295504494114944e-05
2026-04-14 13:05:00,-0.00028057656574098644,-7.609822241059214e-05
2026-04-14 13:10:00,-0.001426699632666839,-0.0004577714290875828
2026-04-14 13:15:00,-0.0013992813162353457,-0.00011973525581464351
2026-04-14 13:20:00,-0.0024870969849235536,-0.0005383556695651778
2026-04-14 13:25:00,-0.002101274631151284,-0.0008657742786783941
2026-04-14 13:30:00,0.00037487892792320565,-0.00018545718827289598
2026-04-14 13:35:00,-0.0009087749753327046,-0.00033083206407779605
2026-04-14 13:40:00,-0.0019376988930464023,-0.0010726979207234192
2026-04-14 13:45:00,-0.0005362278594116532,-0.0007393391483551176
2026-04-14 13:50:00,-0.0017822737718606874,0.0004864371999517149
2026-04-14 13:55:00,-0.0006850499128763232,-0.002710762290177828
2026-04-14 14:00:00,0.0006302087958331981,-0.00210171591289738
2026-04-14 14:05:00,0.00038524914999271687,-0.0020109912620468757
2026-04-14 14:10:00,0.002483365250315117,-0.0016963179664108512
2026-04-14 14:15:00,0.0036198642219194,-0.0007106423816689088
2026-04-14 14:20:00,0.005116224534402747,0.0005367530039436929
2026-04-14 14:25:00,0.0032558280288590424,0.0008863766810197111
2026-04-14 14:30:00,0.003887095365319837,0.002277389300370297
2026-04-14 14:35:00,0.0033358008038106846,0.001963721012384462
2026-04-14 14:40:00,0.004971809867669208,0.002604580008801844
2026-04-14 14:45:00,0.004511254410614285,0.0024515234174714872
2026-04-14 14:50:00,0.0057735104874101495,0.003234525250926733
2026-04-14 14:55:00,0.005058708403195666,0.003162854342594446
2026-04-14 15:00:00,0.0038062973039370007,0.003961878093652053
2026-04-14 15:05:00,0.005265521617440427,0.0038716821430881494
2026-04-14 15:10:00,0.002936056269554399,0.003941291504973478
2026-04-14 15:15:00,0.003602645833995055,0.0009227820988321116
2026-04-14 15:20:00,0.0021349932113210457,0.0024659528850329874
2026-04-14 15:25:00,0.00532461750855262,-0.00027310267391931884
2026-04-14 15:30:00,0.004007086967762419,-0.0020785113281522175
2026-04-14 15:35:00,0.003122833181608442,-0.002061963961604762
2026-04-14 15:40:00,0.0010614350805067119,-0.00036384781835832375
2026-04-14 15:45:00,0.0011256825638508161,-0.0014023240907665969
2026-04-14 15:50:00,0.002051090360444263,-0.0010044140663448382
2026-04-14 15:55:00,0.0016625246280792538,-4.478713198972669e-05
2026-04-14 16:00:00,8.548567859456568e-05,-0.00040812850007214483
2026-04-14 16:05:00,-0.0019488937601899181,5.933290659201561e-05
2026-04-14 16:10:00,-0.00021062443967778677,-0.0009138118959563878
2026-04-14 16:15:00,-0.0009661031816641241,-0.0002767310198916884
2026-04-14 16:20:00,0.0004997303642291229,-0.00013511900765991204
2026-04-14 16:25:00,-0.0013857564784682808,-0.0003942585068536444
2026-04-14 16:30:00,-0.0012410005677399027,7.875882493194985e-05
2026-04-14 16:35:00,0.0015785487080073324,-0.0003873985008238148
2026-04-14 16:40:00,0.0024480529813999397,0.0003565150868078464
2026-04-14 16:45:00,0.001881644329204235,0.000706711089116386
2026-04-14 16:50:00,0.0016810887757969795,0.000811019875475028
2026-04-14 16:55:00,0.000894701967894207,0.0013548227052387954
2026-04-14 17:00:00,0.0032950056298695074,0.0009584458219402832
2026-04-14 17:05:00,0.003767212254620844,0.0006949183668750429
2026-04-14 17:10:00,0.003119373657533231,0.0016582663035337147
2026-04-14 17:15:00,0.003227795092341168,-0.0009642971002030145
2026-04-14 17:20:00,0.0027233019071850606,-0.0005610436739975946
2026-04-14 17:25:00,0.0028754860367179447,0.00031393116466185776
2026-04-14 17:30:00,0.0016771675393680852,-2.1825777878536905e-05
2026-04-14 17:35:00,0.0008911221769754007,0.0006924589288142887
2026-04-14 17:40:00,0.001205169908574888,0.0006724246368026372
2026-04-14 17:45:00,0.0013383071583241701,0.0009740461341195134
2026-04-14 17:50:00,0.000694080807230435,0.000977062486808043
2026-04-14 17:55:00,0.00039092066472079523,0.0005362305461551007
2026-04-14 18:00:00,0.000650224121709897,0.0007428399358397303
2026-04-14 18:05:00,0.0038007004012712287,0.001795806281770586
2026-04-14 18:10:00,0.003621489223572638,0.000541545865762965
2026-04-14 18:15:00,0.0024098845918096856,0.0008118211078668304
2026-04-14 18:20:00,0.002854612694573433,0.0008662071004525351
2026-04-14 18:25:00,0.0018771791414415873,0.00110700180525597
2026-04-14 18:30:00,0.003350059105580172,0.0013672606465363292
2026-04-14 18:35:00,0.004503681607708643,0.0010754957257504186
2026-04-14 18:40:00,0.004479620280095631,0.001834489460977038
2026-04-14 18:45:00,0.0047216954855535676,0.001961776845920761
2026-04-14 18:50:00,0.004739684224835727,0.0017779977890856927
2026-04-14 18:55:00,0.005233573089640231,0.002391912459924493
2026-04-14 19:00:00,0.004512893626980485,0.0016417846528106953
2026-04-14 19:05:00,0.002814232642903036,0.0013270980942934945
2026-04-14 19:10:00,0.0024311706520503407,0.0023432854083288
2026-04-14 19:15:00,0.0017260688214157938,0.001966055979525596
2026-04-14 19:20:00,0.0008938881000428722,0.001907535604348815
2026-04-14 19:25:00,0.002487790007329238,0.0029159895460604142
2026-04-14 19:30:00,0.0010011791581590046,0.0021793594066842805
2026-04-14 19:35:00,-0.00012609206597780087,0.0017256729886939073
2026-04-14 19:40:00,-0.0005335175267120462,0.002655080139325218
2026-04-14 19:45:00,-0.000978142826859596,0.002269405735170187
2026-04-14 19:50:00,-0.0005294309981422884,0.003449986981729226
2026-04-14 19:55:00,0.00028742554790639474,0.003214668306143328
2026-04-14 20:00:00,0.0008451959177389057,0.0014860916027298256
2026-04-14 20:05:00,-0.0002787951524219068,0.0012303269943512321
2026-04-14 20:10:00,0.0005350979987124305,0.0018897532312024904
2026-04-14 20:15:00,0.0008743147366381265,0.0017624857674175959
2026-04-14 20:20:00,0.001029463839531175,0.001057108806189318
2026-04-14 20:25:00,0.0005476411785299007,0.001023094468641289
2026-04-14 20:30:00,0.0006324601047893452,0.0015905019256839798
2026-04-14 20:35:00,0.0009525315639304921,0.00039713844594116947
2026-04-14 20:40:00,0.0014530635217919752,0.0007091746386876204
2026-04-14 20:45:00,0.002009016444018741,0.0008760505716184806
2026-04-14 20:50:00,0.0016349549068799263,9.269752997423768e-05
2026-04-14 20:55:00,0.0017806095957748624,0.0006467410228845111
2026-04-14 21:00:00,0.00047291528366777413,0.0006143338672925824
2026-04-14 21:05:00,0.00043984137510122423,0.000410684090391164
2026-04-14 21:10:00,0.00027879860698654113,0.0007131405664628998
2026-04-14 21:15:00,0.00016320341482511935,0.00037542193597276904
2026-04-14 21:20:00,0.0003553117071266598,0.0002053864125955024
2026-04-14 21:25:00,4.545107089803935e-05,0.0005855760516145378
2026-04-14 21:30:00,0.00011363507245221172,0.0009448371647684444
2026-04-14 21:35:00,-0.0003821433745141434,0.0006972593384393488
2026-04-14 21:40:00,0.00021684828656098887,0.0012173303919126024
2026-04-14 21:45:00,-0.0003510800911694645,0.0009350778950407202
2026-04-14 21:50:00,-1.6522200676050147e-05,0.0010278325820123387
2026-04-14 21:55:00,-0.000743256529968761,0.0004212034283833087
2026-04-14 22:00:00,0.001056539395559497,0.0009757896783734365
2026-04-14 22:05:00,0.0008687891669225678,0.0007950660864361785
2026-04-14 22:10:00,0.0004438521900596015,0.0011128321027890713
2026-04-14 22:15:00,-0.0007708021373069585,0.001380640403530178
2026-04-14 22:20:00,0.00016934836030735312,0.0008035709855725999
2026-04-14 22:25:00,-5.371512392038369e-05,0.0009873819541069092
2026-04-14 22:30:00,-0.0002644797512783015,0.0006116571131605507
2026-04-14 22:35:00,-3.7189314275209995e-05,0.002439538724774128
2026-04-14 22:40:00,-0.0004482049672933641,0.0014212648570006714
2026-04-14 22:45:00,-0.0006983961967144126,0.0018872596722033675
2026-04-14 22:50:00,-0.0011551652561063719,0.0016573191858394612
2026-04-14 22:55:00,-0.0013495962044220988,0.001363018891607818
2026-04-15 00:00:00,-0.0022940265252628933,0.0012429504674277114
2026-04-15 00:05:00,-0.001767262751828369,0.00017891454199264146
2026-04-15 00:10:00,-0.0016029252680720418,5.440277532574184e-05
2026-04-15 00:15:00,0.00017570423854174066,-0.0005313766570148777
2026-04-15 00:20:00,-0.000857362784095983,-0.00033542050298525296
2026-04-15 00:25:00,-0.0009239384408985529,0.00018405169754172627
2026-04-15 00:30:00,0.0004834491088363535,-0.0001968432715950547
2026-04-15 00:35:00,0.000487483458970317,-0.00014175094596877201
2026-04-15 00:40:00,0.0004151644554930556,9.326948088528848e-05
2026-04-15 00:45:00,0.0007169858800590845,0.0001492146156919263
2026-04-15 00:50:00,0.0004857866169327707,0.00014984622375415236
2026-04-15 00:55:00,0.00045075688632678634,-8.839473910658452e-05
2026-04-15 01:00:00,0.00021496575099533288,8.584324330817286e-05
2026-04-15 01:05:00,-0.000942715628138302,-0.0003218529797801813
2026-04-15 01:10:00,-0.0007796690834283027,-7.987959557593774e-05
2026-04-15 01:15:00,-0.0010588270344875639,-0.0005240004948972989
2026-04-15 01:20:00,-0.0005085670922007068,-0.0002192735681553159
2026-04-15 01:25:00,-0.00040332797832931533,-0.00017465198575622565
2026-04-15 01:30:00,-0.0021608038737266355,-0.00013604273564442118
2026-04-15 01:35:00,-0.00265511585998901,-0.0001265581395957557
2026-04-15 01:40:00,-0.002534981394024527,-0.0007818292668736136
2026-04-15 01:45:00,-0.0023408850628481304,-0.000461559239145645
2026-04-15 01:50:00,-0.001580187593409832,-0.001088545296490653
2026-04-15 01:55:00,-0.0002770466841379715,0.0005816001847031801
2026-04-15 02:00:00,-0.0007463774679994373,0.0013521916499961597
2026-04-15 02:05:00,0.0012030462081220605,0.0002731421911382886
2026-04-15 02:10:00,0.003399614570177789,0.0009784299868612566
2026-04-15 02:15:00,0.006469844673954839,0.0005161036219255401
2026-04-15 02:20:00,0.0017169266073722156,0.00019285051695507548
2026-04-15 02:25:00,0.003504547412756409,1.637320045897585e-05
2026-04-15 02:30:00,0.0036406879409423,-0.00024363796456560108
2026-04-15 02:35:00,0.0033384319305707066,0.0004520901740202381
2026-04-15 02:40:00,0.0027414666847462854,0.0004452543799133297
2026-04-15 02:45:00,0.002976857151068657,0.0007839007720145525
2026-04-15 02:50:00,0.0028441935447354183,0.0010661986319314362
2026-04-15 02:55:00,0.002245175212644668,0.0011319443659729698
2026-04-15 03:00:00,0.002796563332500668,0.0015116902709955175
2026-04-15 03:05:00,0.0021338074050269995,0.0008807499725702917
2026-04-15 03:10:00,-0.0009241458497690758,0.0012722126865114913
2026-04-15 03:15:00,-0.004473072744174189,0.0006509136488088191
2026-04-15 03:20:00,-0.0014419374863177126,-0.0003067033690321687
2026-04-15 03:25:00,-0.003248053354152347,-6.993277059482406e-05
2026-04-15 03:30:00,-0.004373733196860741,-0.0007387303015147675
2026-04-15 03:35:00,-0.0032866683987951006,-0.0014777359811054868
2026-04-15 03:40:00,-0.0030872678442452894,-0.0011612000265955249
2026-04-15 03:45:00,-0.003480076835714385,-0.0012949189202580804
2026-04-15 03:50:00,-0.004281767069191034,-0.0016087855979355328
2026-04-15 03:55:00,-0.004694378272514399,-0.0014997982783695432
2026-04-15 04:00:00,-0.006391516869692637,-0.0020395985372216523
2026-04-15 04:05:00,-0.006568670737626903,-0.0021542879123794666
2026-04-15 04:10:00,-0.005056639220056169,-0.0017181260408241333
2026-04-15 04:15:00,-0.003437915154668403,-0.0027374666530700026
2026-04-15 04:20:00,-0.0030062383405518034,-0.002705757754154185
2026-04-15 04:25:00,-0.001778194101209607,-0.0026955337076494668
2026-04-15 04:30:00,-0.00023617985412727194,-0.0023359385049095786
2026-04-15 04:35:00,-0.00038104232101687785,-0.0012628550148688694
2026-04-15 04:40:00,-2.278152004464573e-05,-0.0009036865791498909
2026-04-15 04:45:00,-0.00014915077306376645,-0.0006577719712851384
2026-04-15 04:50:00,0.0005678191752149786,-0.0006853628463823108
2026-04-15 04:55:00,-7.462609221775551e-05,-0.0002767481772677868
2026-04-15 05:00:00,0.0008216586346332377,-7.172406462215979e-05
2026-04-15 05:05:00,0.0008960109448175047,3.6528194837003735e-06
2026-04-15 05:10:00,0.0009246839421770403,0.0002888794993604846
2026-04-15 05:15:00,-0.0006093832773998997,0.0014129203315329816
2026-04-15 05:20:00,0.00027366815005258616,0.0013124653996394926
2026-04-15 05:25:00,-0.0003336341597730552,0.0010597895574676179
2026-04-15 05:30:00,0.00016781773789986687,0.0010393458813267086
2026-04-15 05:35:00,-0.0005718358572579518,0.0005715027739195716
2026-04-15 05:40:00,-0.001027779134556539,0.0006004854374272738
2026-04-15 05:45:00,-0.00022584003784054119,0.00023360123370473075
2026-04-15 05:50:00,-0.0003004480843138424,0.00016577235654856244
2026-04-15 05:55:00,0.00023836938869514768,9.727296070955034e-05
2026-04-15 06:00:00,0.0007318694198996667,-7.737014991423862e-05
2026-04-15 06:05:00,0.0003958971838340375,1.434434770014839e-05
2026-04-15 06:10:00,0.00031080031330255053,-1.871001252556647e-05
2026-04-15 06:15:00,0.0014710059151585853,-0.00031417455582449636
2026-04-15 06:20:00,0.00021763710446087714,-0.00015688653901399667
2026-04-15 06:25:00,0.0002756188229877665,-0.00018092136585856172
2026-04-15 06:30:00,1.864467699697059e-05,-7.952795784446774e-05
2026-04-15 06:35:00,-0.0010637383419016544,0.00036525653267602964
2026-04-15 06:40:00,-0.0013505651708864974,-0.00016295452471066742
2026-04-15 06:45:00,-0.001737980274420181,-0.0003743969768391147
2026-04-15 06:50:00,-0.0008147720903064481,-0.0008987411004370555
2026-04-15 06:55:00,-0.0011011195827173026,-0.0007989014057066586
2026-04-15 07:00:00,-0.0007733511472043375,-0.0010235424501600435
2026-04-15 07:05:00,-0.001621892161665528,-0.0007389397350390395
2026-04-15 07:10:00,-0.0015715678065237881,-0.0011097002651952194
2026-04-15 07:15:00,-0.002790535557437579,-0.001134549152313517
2026-04-15 07:20:00,-0.0020455844515296917,-0.0011653552574822082
2026-04-15 07:25:00,-0.0023877623541963544,-0.00038288052296197764
2026-04-15 07:30:00,-0.0027652779422595586,-8.459055255777531e-06
2026-04-15 07:35:00,-0.0008385170363638395,0.0010931973746898952
2026-04-15 07:40:00,-0.00016609398881684,0.0012624696561176919
2026-04-15 07:45:00,0.0006100888968383344,0.0012376630980956177
2026-04-15 07:50:00,-0.0014258927475605532,0.0015190979188917286
2026-04-15 07:55:00,-0.0016425257884513655,0.0009723452241185784
2026-04-15 08:00:00,-0.002429680664478795,0.0003476200137534325
2026-04-15 08:05:00,-0.0016536346328113183,0.0001384090044277683
2026-04-15 08:10:00,-0.0007161101205941378,0.00022755663145108105
2026-04-15 08:15:00,-0.000685348318750556,-0.00040475238557131276
2026-04-15 08:20:00,-0.0010513893435923904,-0.00047546318635200335
2026-04-15 08:25:00,-0.00036146155501981525,-0.0004773707743221729
2026-04-15 08:30:00,-0.00042179057996172276,-0.0002981444184315461
2026-04-15 08:35:00,-0.0005088493157785479,-0.00043486524866743104
2026-04-15 08:40:00,-0.0011904553079045144,-0.0004320320515056066
2026-04-15 08:45:00,-0.0025569750662928215,-0.0008516294324537461
2026-04-15 08:50:00,-0.0009143047765185486,-0.0009739511426396417
2026-04-15 08:55:00,-4.364366403741826e-05,-0.0008283652705750501
2026-04-15 09:00:00,0.0003721030830838856,-0.001053208728050979
2026-04-15 09:05:00,-0.0001850613878850993,-0.0004876176390108519
2026-04-15 09:10:00,-0.0008974181137038073,-0.0006311957796742865
2026-04-15 09:15:00,-0.0003677895371048123,8.6209482308226e-05
2026-04-15 09:20:00,2.0789156378597795e-05,3.1736864828387305e-05
2026-04-15 09:25:00,-0.0006650981680635937,0.00015184602236777072
2026-04-15 09:30:00,-0.00044483894030378224,3.7671541416227774e-05
2026-04-15 09:35:00,-0.0007544041033256121,-0.0003303661236006026
2026-04-15 09:40:00,-3.326168213035885e-05,-0.0005101165442041836
2026-04-15 09:45:00,0.0007255906137100254,-0.00013793109115673807
2026-04-15 09:50:00,0.0009350747182601538,0.0001734495149228682
2026-04-15 09:55:00,0.001443386788468004,2.153954992690775e-05
2026-04-15 10:00:00,0.0007957110970693293,-0.00039840199639742556
2026-04-15 10:05:00,-0.0005220992668810709,0.0006228035171158492
2026-04-15 10:10:00,-0.0013455579387748884,0.0005235476571345706
2026-04-15 10:15:00,-0.001108342102465798,0.00016709379473447018
2026-04-15 10:20:00,-0.0012023232494122738,-0.00014403541901747064
2026-04-15 10:25:00,-0.0024730537316095536,-0.00032731603110724414
2026-04-15 10:30:00,-0.002306354735406302,-0.0008791657047323545
2026-04-15 10:35:00,-0.002775197403293461,-0.00043251145292151226
2026-04-15 10:40:00,-0.0030064315259661356,-0.0012377392494286915
2026-04-15 10:45:00,-0.0033683593727893424,-0.0018704126911209579
2026-04-15 10:50:00,-0.003347445369922042,-0.0020150879098129603
2026-04-15 10:55:00,-0.004140517105250652,-0.0023185778551547283
2026-04-15 11:00:00,-0.004051625722361507,0.0003951862710109131
2026-04-15 11:05:00,-0.0009492130155379641,-0.0007026795898912837
2026-04-15 11:10:00,-0.0007994570780098798,-0.0008675734166088192
2026-04-15 11:15:00,-0.0023225572306326825,-0.0002880940769952595
2026-04-15 11:20:00,-0.0020397646446586037,-0.0011111019466164178
2026-04-15 11:25:00,-0.0005253743412936274,-0.0008022877879907977
2026-04-15 11:30:00,-0.0008839853300361966,-0.0012242639298453797
2026-04-15 11:35:00,-6.046131988846071e-05,-0.0005309057095524033
2026-04-15 11:40:00,0.0009087120258488568,-0.0012633912718509205
2026-04-15 11:45:00,0.0011587631709542023,-0.0006450433319050698
2026-04-15 11:50:00,0.0009602336959151359,-0.00034325070987009583
2026-04-15 11:55:00,0.00028754073691850124,0.00030462761600751206
2026-04-15 12:00:00,0.0006191066509906307,-0.00010672999469507349
2026-04-15 12:05:00,-0.0005478727364121028,-0.00024342232669129798
2026-04-15 12:10:00,0.000247816766801634,-0.00036829912764974325
2026-04-15 12:15:00,0.0019625496936388487,-0.0006839284806065775
2026-04-15 12:20:00,0.002422668014100182,7.474929277539801e-05
2026-04-15 12:25:00,0.0020811141780452402,0.0005419255700696921
2026-04-15 12:30:00,0.0018379791576865756,0.0004966381023444916
2026-04-15 12:35:00,0.0015937055143631085,0.0004245931345620167
2026-04-15 12:40:00,0.0012096393689571272,0.00048790241778819495
2026-04-15 12:45:00,0.0017169172553490597,0.0008662005640613449
2026-04-15 12:50:00,0.002279203265862506,0.000647026185910116
2026-04-15 12:55:00,0.0025945425161033597,0.0013149748688522464
2026-04-15 13:00:00,0.0022397544801595615,0.0010975810477979046
2026-04-15 13:05:00,0.0029919335880865816,0.0013695745132487358
2026-04-15 13:10:00,0.002370935945299024,0.0011313807837668847
2026-04-15 13:15:00,0.001919236720665296,0.0017868691752395585
2026-04-15 13:20:00,0.0014054962196770049,0.0012941188786843346
2026-04-15 13:25:00,0.0013579908816065966,0.0016576808918679952
2026-04-15 13:30:00,0.002000845098738324,0.0012998413081707766
2026-04-15 13:35:00,0.0019340314350433374,0.0010252169609581778
2026-04-15 13:40:00,0.001195708485280278,0.0015856211779462228
2026-04-15 13:45:00,0.00040122947225817995,0.0004728015396379371
2026-04-15 13:50:00,-0.0002555278689904128,-1.5266118264559508e-05
2026-04-15 13:55:00,-0.0001371528321101323,-0.00018906059838515166
2026-04-15 14:00:00,0.0005196716623583342,-0.0002102836066284476
2026-04-15 14:05:00,0.00011217935413121438,-8.134488921260162e-05
2026-04-15 14:10:00,3.739078774600557e-05,0.0020208897741645897
2026-04-15 14:15:00,-7.478747894928972e-05,0.0023752106639791343
2026-04-15 14:20:00,0.0009407445866358444,0.0026820869784199325
2026-04-15 14:25:00,0.00208434615805686,0.002621101907825042
2026-04-15 14:30:00,0.0014243567368925625,0.0027330417069644664
2026-04-15 14:35:00,0.0020754387661821028,0.0025133831970194226
2026-04-15 14:40:00,0.0018935703185150032,0.002651692238485
2026-04-15 14:45:00,0.0029699077623828174,0.003062888353970089
2026-04-15 14:50:00,0.002763710855917978,0.002887712287224567
2026-04-15 14:55:00,0.0036137144582060188,0.004189784373525415
2026-04-15 15:00:00,0.0030170692596254156,0.004036816171134876
2026-04-15 15:05:00,0.00228240016583392,0.003792671511978911
2026-04-15 15:10:00,0.003030233070470345,0.003955910131569252
2026-04-15 15:15:00,0.002351050287929368,0.003225899582918838
2026-04-15 15:20:00,0.0016467668818123116,0.003037361297556959
2026-04-15 15:25:00,0.0007732581605903732,0.0030172646945761735
2026-04-15 15:30:00,-0.00010167251292259039,0.0018150791095660349
2026-04-15 15:35:00,-0.0012488980410712003,0.0008558669426661821
2026-04-15 15:40:00,-0.00027177267524081117,0.0019884651631114363
2026-04-15 15:45:00,-0.001798324745116986,0.0010035791301127067
2026-04-15 15:50:00,-0.0023897897696834036,0.0008543372428881677
2026-04-15 15:55:00,-0.0027370917673383843,0.0008636543839906957
2026-04-15 16:00:00,-0.003347549175584774,0.0012510085676390851
2026-04-15 16:05:00,-0.003689707794986674,0.0007415981018877378
2026-04-15 16:10:00,-0.0038573114115934004,0.0007102604942136419
2026-04-15 16:15:00,-0.0032177464529610234,0.0006677126434768034
2026-04-15 16:20:00,-0.00422398076206143,0.0001886718150181331
2026-04-15 16:25:00,-0.0057463240947175365,-0.0003338129452636923
2026-04-15 16:30:00,-0.004934182902264439,0.000978758398726037
2026-04-15 16:35:00,-0.0033040215780779647,-0.00038154183029789977
2026-04-15 16:40:00,-0.0032836998113321414,-0.001401123564944193
2026-04-15 16:45:00,-0.0028898930062126738,-0.0005882724476686154
2026-04-15 16:50:00,-0.001966728423017372,3.2372491922782485e-05
2026-04-15 16:55:00,-0.0029715788170445734,-0.0007528295564897625
2026-04-15 17:00:00,-0.00125848584380428,0.002820152354650157
2026-04-15 17:05:00,2.7042291023349208e-05,0.0012376136542635741
2026-04-15 17:10:00,-0.0003597223315114917,0.0010156508102314645
2026-04-15 17:15:00,-0.00045339212955930464,0.0016766784553038454
2026-04-15 17:20:00,0.0006033308204198562,0.000548647833371453
2026-04-15 17:25:00,0.002849233061786194,0.0016092932203882224
2026-04-15 17:30:00,0.002958856180574898,0.0012375586333094068
2026-04-15 17:35:00,0.0012218260844765183,-0.0003199095404982961
2026-04-15 17:40:00,0.00017484810115675486,0.0005553814936753682
2026-04-15 17:45:00,0.0006015363293894183,0.0008631236444042492
2026-04-15 17:50:00,-0.0005974368679666497,0.0007545140350835558
2026-04-15 17:55:00,0.0005413227144188681,0.0004196797753634697
2026-04-15 18:00:00,-0.0007266904982792255,-0.0008642716228462585
2026-04-15 18:05:00,-0.0008948639571588757,-0.001127262066274686
2026-04-15 18:10:00,-0.0021131203441111523,-0.0008284545906654349
2026-04-15 18:15:00,-0.0012051918369238024,-0.000707244946651727
2026-04-15 18:20:00,-0.0003432297957157715,-0.001362412921164252
2026-04-15 18:25:00,-0.0020512955731604166,-0.00027298821077038904
2026-04-15 18:30:00,-0.0018917425588593773,-0.0008997608432953935
2026-04-15 18:35:00,-0.0020969628804454743,-0.0008953955915467341
2026-04-15 18:40:00,-0.002283757772490347,-0.0009591771316390775
2026-04-15 18:45:00,-0.0022956908609454985,-0.0006267415062962443
2026-04-15 18:50:00,-0.001867468664459082,-0.0008872940258579544
2026-04-15 18:55:00,-0.0023756692739862473,-0.00028430013675238776
2026-04-15 19:00:00,-0.0010441100952807147,-0.000877580631465459
2026-04-15 19:05:00,-0.0018734812103904375,4.013411816911272e-05
2026-04-15 19:10:00,-0.00024386863313630158,-0.0004718391085954856
2026-04-15 19:15:00,-0.0012337550227421445,-0.00028837060606650344
2026-04-15 19:20:00,-0.0024517959648679977,-2.24304611890886e-05
2026-04-15 19:25:00,-0.0013942018890844565,-0.0006029927659524613
2026-04-15 19:30:00,-0.0005605095157275031,-0.0007001929428042948
2026-04-15 19:35:00,-7.087792739213228e-05,9.426384336130637e-05
2026-04-15 19:40:00,0.000738207482330111,-5.000287569608009e-05
2026-04-15 19:45:00,0.0008213878162575128,-0.00013689046927485655
2026-04-15 19:50:00,0.0008195311614631606,-0.0001928280252042923
2026-04-15 19:55:00,0.0014531628650313877,-0.0001864402934194003
2026-04-15 20:00:00,0.0011669974483492496,-0.000927362377689224
2026-04-15 20:05:00,0.0016465163233814195,1.017647058231088e-06
2026-04-15 20:10:00,0.00040849844046420003,-5.808011573867445e-05
2026-04-15 20:15:00,0.0012400032849448905,0.000407955489109951
2026-04-15 20:20:00,0.0014089029979249545,8.222842795305739e-05
2026-04-15 20:25:00,0.001627421043265187,0.00020467709981821037
2026-04-15 20:30:00,0.0007479704619139937,9.021157656092598e-06
2026-04-15 20:35:00,0.00032516326191789346,-0.00028302536031161025
2026-04-15 20:40:00,-2.084564529880595e-06,0.0004156159181024078
2026-04-15 20:45:00,0.0002479515361226703,0.0002642723589209094
2026-04-15 20:50:00,0.0004772289966545884,0.0003508332323888656
2026-04-15 20:55:00,-0.0007773983807712881,0.0003569613912887158
2026-04-15 21:00:00,-0.0015173624154378729,-0.0003689965445417479
2026-04-15 21:05:00,-0.0016256573944044561,3.298954126539317e-05
2026-04-15 21:10:00,-0.0010653635909037007,0.00011374911333513857
2026-04-15 21:15:00,-0.001458987096659925,-0.0003029709370947996
2026-04-15 21:20:00,-0.0014151599522680414,-0.0001337405929783234
2026-04-15 21:25:00,-0.0018943958449320064,-0.0005222750620328784
2026-04-15 21:30:00,-0.0019095791179442045,-0.0009146252386914858
2026-04-15 21:35:00,-0.0014265010396137257,-0.00044822620610377
2026-04-15 21:40:00,-0.0012661331965464484,-0.0008865575243286441
2026-04-15 21:45:00,-0.0022254281452145364,-0.0010842799563274901
2026-04-15 21:50:00,-0.0023800719415998373,-0.001154684970022978
2026-04-15 21:55:00,-0.00107434587369859,-0.001152582337449075
2026-04-15 22:00:00,0.0008402529593087849,-0.0014341358300805046
2026-04-15 22:05:00,0.0003274281590357475,-0.001150129287318133
2026-04-15 22:10:00,-0.000381805611340269,-0.0009334211852855826
2026-04-15 22:15:00,0.000608864840394574,-0.0009321723930815712
2026-04-15 22:20:00,0.001286023686251525,-0.0008028745918105738
2026-04-15 22:25:00,0.0015653744930599345,-0.0001604270528798593
2026-04-15 22:30:00,0.0018137701359872693,0.00011873728427917996
2026-04-15 22:35:00,0.0022285351242654627,0.000232608101479362
2026-04-15 22:40:00,0.0021662607753878405,0.0004615648784792581
2026-04-15 22:45:00,0.0030688364391604495,0.000873500473569274
2026-04-15 22:50:00,0.004600669459927431,0.0013926452390056188
2026-04-15 22:55:00,0.0034629724044208388,0.0019439515108254973
2026-04-16 00:00:00,0.002398027773084621,0.0022056810237892
2026-04-16 00:05:00,0.00300856678846273,0.0023296235452381388
2026-04-16 00:10:00,0.004322773302003924,0.0024325235065471022
2026-04-16 00:15:00,0.0032257958220291982,0.002689530962810202
2026-04-16 00:20:00,0.003042762170265334,0.0026390534406434546
2026-04-16 00:25:00,0.0028576201801211454,0.002890603932401005
2026-04-16 00:30:00,0.004011945580474574,0.002747156764468315
2026-04-16 00:35:00,0.0040399561175750165,0.0029371277446486083
2026-04-16 00:40:00,0.004532064107655387,0.003167571402156899
2026-04-16 00:45:00,0.004366002847707051,0.0034488512270897304
2026-04-16 00:50:00,0.002754836976304631,0.0036345052797389314
2026-04-16 00:55:00,0.0033660312131438275,0.0035050436674057377
2026-04-16 01:00:00,0.0040875157542608065,0.003557548312369103
2026-04-16 01:05:00,0.004234107958591693,0.003633429827387483
2026-04-16 01:10:00,0.003505274977989359,0.0036924800982637623
2026-04-16 01:15:00,0.0035156930333624103,0.0037945802803637024
2026-04-16 01:20:00,0.0026587266224780137,0.0037361812229519046
2026-04-16 01:25:00,0.0020850219012018556,0.003492220758223415
2026-04-16 01:30:00,0.00047703591533121426,0.0031816660145558974
2026-04-16 01:35:00,0.001324392325575019,0.0032940108956840096
2026-04-16 01:40:00,0.0019345650984980978,0.002751576664432917
2026-04-16 01:45:00,0.002275134844756721,0.002502187619694396
2026-04-16 01:50:00,0.0020440905067165005,0.0021412729172858424
2026-04-16 01:55:00,0.0017543119240936988,0.002570647196387826
2026-04-16 02:00:00,7.86814643447542e-05,0.0024566922321217557
2026-04-16 02:05:00,2.0701190733163344e-05,0.001865673421695616
2026-04-16 02:10:00,4.96906755547144e-05,0.0015345808169705923
2026-04-16 02:15:00,-0.000646208930229264,0.0012794652432328538
2026-04-16 02:20:00,-0.000578013741328931,0.0009641152631824312
2026-04-16 02:25:00,-0.0002881172387620978,0.0007523796905992017
2026-04-16 02:30:00,-0.00017834331550226068,0.0004493936760931741
2026-04-16 02:35:00,-0.0031116806387636586,0.0003027809293379517
2026-04-16 02:40:00,-0.003505266146911268,-0.0001712455631898267
2026-04-16 02:45:00,-0.003266301516536174,-0.0007130762910793406
2026-04-16 02:50:00,-0.0026828190439278643,-0.0010983572470200586
2026-04-16 02:55:00,-0.0028764474593181433,-0.0014271150856678095
2026-04-16 03:00:00,-0.0018444301382061212,-0.0017427426282988767
2026-04-16 03:05:00,-0.0016885543877958042,-0.0019533359247486336
2026-04-16 03:10:00,-0.001786273526073856,-0.002084971042232922
2026-04-16 03:15:00,-0.0008207900772116972,-0.0022876303463934666
2026-04-16 03:20:00,-0.0006882512471548807,-0.0021816686177459814
2026-04-16 03:25:00,-0.0009602990731565342,-0.002146137832846381
2026-04-16 03:30:00,-0.0014798167562002362,-0.002157014884987768
2026-04-16 03:35:00,0.0008722470258017978,-0.0020128281565303966
2026-04-16 03:40:00,0.0004255986212573504,-0.0015739831007863733
2026-04-16 03:45:00,-0.0005706773680014265,-0.001150231513672398
2026-04-16 03:50:00,-0.00042327867307356826,-0.0012342180840301464
2026-04-16 03:55:00,0.00022826265244724198,-0.000895321511066314
2026-04-16 04:00:00,0.00037745240814857084,-0.0006477796722721893
2026-04-16 04:05:00,0.0007027021153600543,-0.0005376932891227215
2026-04-16 04:10:00,0.001102810204553606,-0.0002793848897963816
2026-04-16 04:15:00,0.0002529414827154852,-0.00011201462394212471
2026-04-16 04:20:00,0.0004167388072122691,2.445838543156643e-05
2026-04-16 04:25:00,0.0009976138983418537,0.00014137688282780386
2026-04-16 04:30:00,0.001759760064325988,0.0002474404345976981
2026-04-16 04:35:00,0.00046281260132907676,0.0002790882860684334
2026-04-16 04:40:00,0.0005913850929584186,0.0005256630786001
2026-04-16 04:45:00,0.0015183196863439719,0.0004457557817833324
2026-04-16 04:50:00,0.0016609628899288964,0.0007089774827618822
2026-04-16 04:55:00,0.0009436242297020669,0.0007568571929934974
2026-04-16 05:00:00,0.0004747240626024052,0.0008590957916221742
2026-04-16 05:05:00,-0.00033367011526941326,0.0005819882186905163
2026-04-16 05:10:00,7.251068240954339e-05,0.000856480097225784
2026-04-16 05:15:00,0.0007087245948458332,0.0005326371622384459
2026-04-16 05:20:00,0.0005222332636201088,0.0005732245940019987
2026-04-16 05:25:00,0.0005471241921846115,0.0005650125428614517
2026-04-16 05:30:00,0.0009408644626613949,0.0005447774000540287
2026-04-16 05:35:00,0.0021286680653229695,0.00042063059150532277
2026-04-16 05:40:00,0.002053641997669331,0.0005522161685208651
2026-04-16 05:45:00,0.0011910545968483177,0.0007932123442182287
2026-04-16 05:50:00,0.0008863761672976977,0.0007918677540896943
2026-04-16 05:55:00,0.001907340315616679,0.0009926175520677308
2026-04-16 06:00:00,0.0023661104686460988,0.0009821480370051097
2026-04-16 06:05:00,0.0022940633598604876,0.0012942099724383219
2026-04-16 06:10:00,0.0015028942853820837,0.0015403376726968229
2026-04-16 06:15:00,0.0016827616157542025,0.0016219716420586162
2026-04-16 06:20:00,0.0012733540515910136,0.001729694758089252
2026-04-16 06:25:00,0.0012692524813981976,0.0016728204841033266
2026-04-16 06:30:00,-6.421589801242078e-05,0.00151914049973132
2026-04-16 06:35:00,-0.0003582607617502731,0.0015000811586782243
2026-04-16 06:40:00,-0.0010708490867319398,0.0011428253516397669
2026-04-16 06:45:00,-0.000604671311238647,0.0009981421988537423
2026-04-16 06:50:00,-0.0009920481635923295,0.0008942002500470221
2026-04-16 06:55:00,-0.0024049652038122815,0.00044491743251772657
2026-04-16 07:00:00,-0.0025443646969556255,-3.947004842492358e-05
2026-04-16 07:05:00,-0.0024391720568939235,-0.00021771727045380852
2026-04-16 07:10:00,-0.0023671493130486,-0.0008883685076543011
2026-04-16 07:15:00,-0.00224845746261515,-0.0013976048603073252
2026-04-16 07:20:00,-0.002649985130821264,-0.0016632666726548449
2026-04-16 07:25:00,-0.003332894243914808,-0.0017916764115961025
2026-04-16 07:30:00,-0.002165037168122552,-0.0021656523901975215
2026-04-16 07:35:00,-0.001670816455888513,-0.002265218681620815
2026-04-16 07:40:00,-0.0002590815883127817,-0.0022480593265514796
2026-04-16 07:45:00,0.00025889377939947167,-0.002145281937146688
2026-04-16 07:50:00,0.0005158221832974874,-0.0017086166081202296
2026-04-16 07:55:00,0.0009970741573308572,-0.0014117607674822537
2026-04-16 08:00:00,0.0010338466539216995,-0.000996735159113037
2026-04-16 08:05:00,0.0014045964509463715,-0.0006429383204009678
2026-04-16 08:10:00,0.00045190994908850257,-0.00039260086051672786
2026-04-16 08:15:00,-0.0006427534950699254,-0.00017539638191328328
2026-04-16 08:20:00,0.0009103644263586119,0.00011048718225393092
2026-04-16 08:25:00,0.0024116559103184443,0.0002875436884550784
2026-04-16 08:30:00,0.0022354672890418925,0.0004298559734771422
2026-04-16 08:35:00,0.001911051721924295,0.0003160966530496466
2026-04-16 08:40:00,0.000721116518498377,0.0006553623915642805
2026-04-16 08:45:00,-0.0009779343988736144,0.0008113775337861656
2026-04-16 08:50:00,-0.0009033817339787475,0.00033208861683894084
2026-04-16 08:55:00,-0.0009701131315669187,0.00038380598826605425
2026-04-16 09:00:00,-0.0031483742826985406,0.0005135203708364241
2026-04-16 09:05:00,-0.003972354354617735,0.0003411125150623923
2026-04-16 09:10:00,-0.002737387993143159,-0.00025596547072298146
2026-04-16 09:15:00,-0.0020616701842275376,-0.0003107371377347452
2026-04-16 09:20:00,-0.0027044854251663253,-0.001346009042949433
2026-04-16 09:25:00,-0.003462741678877279,-0.0018218905657305193
2026-04-16 09:30:00,-0.004014135793266149,-0.002223353777764334
2026-04-16 09:35:00,-0.0038922826018268353,-0.002590087868377601
2026-04-16 09:40:00,-0.0032054867157569333,-0.0029990660799771095
2026-04-16 09:45:00,-0.0027316749938517404,-0.0030173473455182413
2026-04-16 09:50:00,-0.0026277569191091033,-0.0030606181248867314
2026-04-16 09:55:00,-0.0016542635296303843,-0.003126259321826881
2026-04-16 10:00:00,0.0002596283175613223,-0.0028962720141174907
2026-04-16 10:05:00,0.001366693603999991,-0.002655575794457955
2026-04-16 10:10:00,0.0009181401868065819,-0.0006044605498747742
2026-04-16 10:15:00,0.0010095660347086977,-0.0007886951049575774
2026-04-16 10:20:00,0.0008663144473608497,-0.0008352410552073208
2026-04-16 10:25:00,0.00034494438633281277,-0.00034657370211551295
2026-04-16 10:30:00,0.0006569797050790527,-0.0009206718739699621
2026-04-16 10:35:00,0.0004219115565557985,-0.00042236624556497957
2026-04-16 10:40:00,0.0005297694172714529,-0.0006185835806333951
2026-04-16 10:45:00,0.0006150700667255649,-0.0006993965481550724
2026-04-16 10:50:00,0.00020989302806206922,-5.698449122508694e-06
2026-04-16 10:55:00,-0.00017658870148196115,0.00013130157271370934
2026-04-16 11:00:00,-0.0005234797395790025,-0.0005770224338790307
2026-04-16 11:05:00,-0.0011983523571910126,-0.0006009213844283944
2026-04-16 11:10:00,-0.0019307332286331302,-0.0006458102377028168
2026-04-16 11:15:00,-0.001770529875749105,-0.0011596521829337703
2026-04-16 11:20:00,-0.0014338767203305736,-0.0016921019209359875
2026-04-16 11:25:00,-0.0012515099789709438,-0.001676210557465793
2026-04-16 11:30:00,-0.0006902559834625066,-0.00203958102118678
2026-04-16 11:35:00,-0.0005175418747658256,-0.001740407507794774
2026-04-16 11:40:00,-0.0013114319867479907,-0.0010727811588346016
2026-04-16 11:45:00,-0.0009456186868881389,-0.0008695448450697389
2026-04-16 11:50:00,-0.00025561814529240223,-0.001096731389161892
2026-04-16 11:55:00,0.0009552844566531604,-0.0009094028619479669
2026-04-16 12:00:00,0.0015322746059656112,-0.0004426354501926971
2026-04-16 12:05:00,0.001297977310834142,0.00022916453309839826
2026-04-16 12:10:00,0.0022047655537065225,0.0008068426443665888
2026-04-16 12:15:00,0.0020673892921614367,0.0013665743826281795
2026-04-16 12:20:00,0.0018408061527566133,0.0016918303117761657
2026-04-16 12:25:00,0.001887059657354584,0.0017721610252461122
2026-04-16 12:30:00,0.0022457423968820223,0.0017167608387335146
2026-04-16 12:35:00,0.0017448531272652446,0.0018723098289817658
2026-04-16 12:40:00,0.001969617018632519,0.0018863242030381403
2026-04-16 12:45:00,0.0015125609829880204,0.001914506308770924
2026-04-16 12:50:00,0.0014580168572475571,0.00183028490036207
2026-04-16 12:55:00,0.0010290243849038205,0.0017606214423849854
2026-04-16 13:00:00,-7.261584045004099e-05,0.0014912822702392323
2026-04-16 13:05:00,-0.0004172457482258807,0.0017458198658706534
2026-04-16 13:10:00,-9.548758876221086e-05,0.001570079465238015
2026-04-16 13:15:00,0.0001432083445180865,0.0009929796242658289
2026-04-16 13:20:00,-0.0001702258402787038,0.0008361943587608242
2026-04-16 13:25:00,-0.00017027108443734562,0.0005771346924779381
2026-04-16 13:30:00,7.677710468989574e-05,0.0003273362090623467
2026-04-16 13:35:00,-0.0006394260331372692,0.0002769289514637957
2026-04-16 13:40:00,-0.0001805944051778141,0.00014639986113454311
2026-04-16 13:45:00,-0.00034054217134027454,4.8650238197610226e-05
2026-04-16 13:50:00,-0.0002947550233489693,-0.00015235337505175366
2026-04-16 13:55:00,-0.0011141322695777944,-0.00011678484660980499
2026-04-16 14:00:00,1.867314832360023e-05,-0.00021150876622912283
2026-04-16 14:05:00,-0.00010797252525129863,-0.00018894347887615188
2026-04-16 14:10:00,0.00014737919343765782,-0.00022459564881657952
2026-04-16 14:15:00,-3.528131138885726e-05,-0.0001598105445479557
2026-04-16 14:20:00,0.00013286167458481657,-0.00022965601009493342
2026-04-16 14:25:00,-4.153315487087639e-06,-6.761156461092771e-05
2026-04-16 14:30:00,0.0007093905347019813,2.909701040037673e-05
2026-04-16 14:35:00,0.001295035877490136,0.00021571716833739357
2026-04-16 14:40:00,-0.00024084328485507456,0.0004878286053231946
2026-04-16 14:45:00,-0.0002180909572544465,0.0003749647599596187
2026-04-16 14:50:00,-0.004677874607640575,0.00045719333066959695
2026-04-16 14:55:00,-0.004886108271104916,0.00015280433747717287
2026-04-16 15:00:00,-0.005740750534339867,-0.00033380000663457715
2026-04-16 15:05:00,-0.0033321092361813243,-0.001424107980289597
2026-04-16 15:10:00,-0.003374402468397264,-0.0016753917034303537
2026-04-16 15:15:00,-0.004926682027241114,-0.00170438821915365
2026-04-16 15:20:00,-0.004543911414220503,-0.0023020263825552865
2026-04-16 15:25:00,-0.0032865207469967572,-0.001173567880810138
2026-04-16 15:30:00,-0.0054619892257665725,-0.0010015496094808512
2026-04-16 15:35:00,-0.006533767745304786,-0.0007941645349380055
2026-04-16 15:40:00,-0.005868722771543489,-0.0016036369810119085
2026-04-16 15:45:00,-0.004835122082887722,-0.0016602102818314612
2026-04-16 15:50:00,-0.0006634980359319087,-0.0029539103420373335
2026-04-16 15:55:00,-0.0010811624174156265,-0.0016688122775750994
2026-04-16 16:00:00,0.0017867218208049707,-0.0010998305933680617
2026-04-16 16:05:00,0.001871258420564459,-0.0015308912146241693
2026-04-16 16:10:00,0.0011052634347379353,-0.0012452554933276574
2026-04-16 16:15:00,0.001864923833815979,-0.001073505325855559
2026-04-16 16:20:00,0.0019353507430910355,-0.0009558931333493259
2026-04-16 16:25:00,0.0004166128601994501,-0.00022434967358966356
2026-04-16 16:30:00,0.0009898195273265742,-0.00018230372776679754
2026-04-16 16:35:00,0.0034199467510696024,0.0004959564539855318
2026-04-16 16:40:00,0.0031573134448645845,-0.0009329553846983053
2026-04-16 16:45:00,0.0026786558540976557,-0.0012558888106038062
2026-04-16 16:50:00,0.0029177689779409377,-0.00056228466576239
2026-04-16 16:55:00,0.004070184421365752,-0.0013131487172134328
2026-04-16 17:00:00,0.0016421338938279462,-0.0018193346800792825
2026-04-16 17:05:00,-0.0004638455373555672,-0.0009748691611861131
2026-04-16 17:10:00,-0.00039742113742313734,-0.0014544334751628236
2026-04-16 17:15:00,0.00013530602600830832,-0.0014280742286455126
2026-04-16 17:20:00,-0.001305794517728387,-0.001618273230325747
2026-04-16 17:25:00,-0.0004061954230767384,-0.002503571831128067
2026-04-16 17:30:00,-0.0018533252052410631,-0.00124649347965941
2026-04-16 17:35:00,-0.002105603743698836,-0.0010745811313532761
2026-04-16 17:40:00,-0.0026060466658162085,-0.0015750353951659221
2026-04-16 17:45:00,-0.0032946142055578775,-0.0015539845658582108
2026-04-16 17:50:00,-0.0031536463436800943,-0.0016674042727291315
2026-04-16 17:55:00,-0.0032831994827162703,-0.0020697201508163405
2026-04-16 18:00:00,-0.003420508869844241,-0.0012074592256901848
2026-04-16 18:05:00,-0.0024496746019035953,-0.0009353031165700952
2026-04-16 18:10:00,-0.0028510770241787498,-0.00048072340029688853
2026-04-16 18:15:00,-0.002578124067028398,-0.0011970689805131918
2026-04-16 18:20:00,-0.001107199305749873,-0.0009665535594343986
2026-04-16 18:25:00,-0.00298172896069282,-0.0010065935253291021
2026-04-16 18:30:00,-0.0018442232287849691,-0.002202919804169065
2026-04-16 18:35:00,-0.002935657797239699,-0.001140212492129368
2026-04-16 18:40:00,-0.0006598854628219186,-0.0010064620182330807
2026-04-16 18:45:00,0.00020257732727735345,-0.00047295131053138066
2026-04-16 18:50:00,-0.0006139594520195857,-0.0007803055209342235
2026-04-16 18:55:00,-0.000674222295540261,1.1588997203414024e-06
2026-04-16 19:00:00,-0.00030887966669546074,-0.00013095394511426948
2026-04-16 19:05:00,-0.0009431403933337634,6.775773337773397e-05
2026-04-16 19:10:00,-0.00031520093276604655,-0.0007662723325727733
2026-04-16 19:15:00,-0.00032769127183840396,0.0005126548250997349
2026-04-16 19:20:00,-0.0005217050272978696,-9.843195439620204e-05
2026-04-16 19:25:00,0.00048260381357856375,0.0004046486516609972
2026-04-16 19:30:00,0.0011261533030104687,-0.0004591497073623136
2026-04-16 19:35:00,0.0015378060882138556,0.00039581397782030846
2026-04-16 19:40:00,0.0006598854628219186,-0.00010301813598927527
2026-04-16 19:45:00,0.00031527069172909705,0.00010121422929105509
2026-04-16 19:50:00,0.0006598868408254077,-0.0003533452331229007
2026-04-16 19:55:00,0.00024010030044330222,-0.0010732321993278456
2026-04-16 20:00:00,0.00046537010805636214,0.00011154614043210196
2026-04-16 20:05:00,0.0006490261184310953,-0.0007585335968034249
2026-04-16 20:10:00,6.263061094102795e-05,-0.0003498446270892619
2026-04-16 20:15:00,0.0006364994001195612,-0.0005368077444012663
2026-04-16 20:20:00,0.00041112629356199193,-0.00097906320621431
2026-04-16 20:25:00,0.000734948722389106,-0.0004065112834090842
2026-04-16 20:30:00,0.0006116444344730354,-0.0008591661607033798
2026-04-16 20:35:00,0.0008410315339961727,-1.8328920129560426e-05
2026-04-16 20:40:00,0.0015790327796043613,-0.0003148251669191948
2026-04-16 20:45:00,0.000968157301018735,-0.00026214543090813977
2026-04-16 20:50:00,0.0010244673301222917,-0.0005762160211423715
2026-04-16 20:55:00,0.0007387297107026569,0.0003260704296455246
2026-04-16 21:00:00,-0.00010641083564522091,-0.00015236356977588552
2026-04-16 21:05:00,-0.0005029063291690505,-0.0005341537989243598
2026-04-16 21:10:00,7.51515556718374e-05,-0.0012987728848430657
2026-04-16 21:15:00,-0.00037558999368947354,-0.0001217530887601196
2026-04-16 21:20:00,-0.0008182452436820142,0.00033108162832052777
2026-04-16 21:25:00,-0.00045092722673523156,0.00012592394050676354
2026-04-16 21:30:00,-0.0010251860482917152,-3.854572388443126e-05
2026-04-16 21:35:00,-0.0009182832922949302,-0.00025941260264507234
2026-04-16 21:40:00,-0.0018379232682868007,-0.00014315210091363835
2026-04-16 21:45:00,-0.0009493694709394873,-0.0006785846121036563
2026-04-16 21:50:00,-0.0011643436754855685,-0.0003162815372938605
2026-04-16 21:55:00,-0.0007763068220718594,-0.00047319433177435346
2026-04-16 22:00:00,-0.0003380860189796664,5.328624731265946e-05
2026-04-16 22:05:00,0.0009138079511288311,-0.0002535532550448835
2026-04-16 22:10:00,0.0012350161996685927,-0.0003353236572536345
2026-04-16 22:15:00,0.0008323676750059406,0.00051539729708684
2026-04-16 22:20:00,0.0008432830089795118,0.0007050614601135919
2026-04-16 22:25:00,0.0009809242344349656,0.0007896995893736039
2026-04-16 22:30:00,0.0014946250564449315,0.0012055490720020532
2026-04-16 22:35:00,0.0011602357665001506,0.0013571522365077165
2026-04-16 22:40:00,0.0010205583903211135,0.00147877169457009
2026-04-16 22:45:00,0.0010473848677765574,0.000986970727692522
2026-04-16 22:50:00,0.0012289897020210105,0.0011508229358917074
2026-04-16 22:55:00,0.001291425138619573,0.0011956833309849926
2026-04-16 23:00:00,0.0008220596184891349,0.0001992616353914926
2026-04-17 00:00:00,-0.0002523611948621607,0.0028105649718645474
2026-04-17 00:05:00,-0.0005004984234506793,0.0029761502471958197
2026-04-17 00:10:00,-0.0004880714600119518,0.0029163273150523885
2026-04-17 00:15:00,0.0007091429679046968,0.002586868388091904
2026-04-17 00:20:00,0.0005589050611689572,0.0023298561377005306
2026-04-17 00:25:00,7.9261284867016e-05,0.0018977534651522603
2026-04-17 00:30:00,2.294073053832335e-05,0.0017501709066644429
2026-04-17 00:35:00,0.00027948050179738004,0.0016818508720034594
2026-04-17 00:40:00,8.758009935583289e-05,0.0013651733273290735
2026-04-17 00:45:00,-0.0002961547868380876,0.0012231029344036068
2026-04-17 00:50:00,-0.0004859142321453902,0.0010488955252248085
2026-04-17 00:55:00,-0.0006676110829388904,0.0008488221592193164
2026-04-17 01:00:00,-0.0011875779504446626,0.0007078453234287089
2026-04-17 01:05:00,-0.0006823325185418838,0.0006714738132593636
2026-04-17 01:10:00,-0.0006052056214240764,0.0005476646233575667
2026-04-17 01:15:00,-0.0010054633800802293,0.0005855960830839372
2026-04-17 01:20:00,-0.001414551334965708,0.000451549970347419
2026-04-17 01:25:00,-0.0003066508845464,0.0002433471436076697
2026-04-17 01:30:00,0.00032736944350730823,0.00030006335847118144
2026-04-17 01:35:00,0.00022936592932154554,0.0005059266123344977
2026-04-17 01:40:00,0.0005086470099477935,0.0006476823332208241
2026-04-17 01:45:00,0.0011028359007791977,0.0010777598792309562
2026-04-17 01:50:00,0.00029616466972015587,0.0013499272113520302
2026-04-17 01:55:00,0.0007885678931636164,-0.0002697352955374765
2026-04-17 02:00:00,0.00012111821361315833,3.560826329439954e-05
2026-04-17 02:05:00,-0.0015353846438390661,2.5024439749275364e-05
2026-04-17 02:10:00,-0.0023596229283331382,-0.0011593676103321701
2026-04-17 02:15:00,-0.001656419734816339,-0.0006267710061600678
2026-04-17 02:20:00,-0.003237203025260982,-0.0012767310712643153
2026-04-17 02:25:00,-0.005013600740747748,-0.0010827512588503236
2026-04-17 02:30:00,-0.004536406054825193,-0.001524147197387746
2026-04-17 02:35:00,-0.004632951501458038,-0.0022053610255927825
2026-04-17 02:40:00,-0.004277348721323904,-0.0021862652425032737
2026-04-17 02:45:00,-0.004318208934765977,-0.002646581329853832
2026-04-17 02:50:00,-0.0018159091107907699,-0.0028400703966583447
2026-04-17 02:55:00,-0.0011893485859086894,-0.002510702008979063
2026-04-17 03:00:00,0.0006450205784798158,-0.0014995746116629794
2026-04-17 03:05:00,0.0013767330153449109,-0.0006637576361766442
2026-04-17 03:10:00,0.0026309672952198326,9.009274644515124e-05
2026-04-17 03:15:00,0.0012932031347467898,0.0002820785114780153
2026-04-17 03:20:00,0.0032977484139653512,0.001168241216694698
2026-04-17 03:25:00,0.004180788301868077,0.001595058442690086
2026-04-17 03:30:00,0.0035184987258176648,0.001958356156793708
2026-04-17 03:35:00,0.003971817893980045,0.0023997244004034823
2026-04-17 03:40:00,0.0028967293089134927,0.0024284219409935366
2026-04-17 03:45:00,0.0022804502639601765,0.0026782631657992152
2026-04-17 03:50:00,0.000363445720040545,0.0028804173650882614
2026-04-17 03:55:00,-0.0010068348638849756,0.001483099091492196
2026-04-17 04:00:00,-1.6694316629539685e-05,0.000734540702248728
2026-04-17 04:05:00,0.0011746775943066723,0.000468931074253153
2026-04-17 04:10:00,0.0009032548032372745,0.0003939555680740981
2026-04-17 04:15:00,0.0015813248452651862,0.00017877902383736
2026-04-17 04:20:00,0.0012247347852269996,9.00040316663948e-05
2026-04-17 04:25:00,0.0010247410086634545,-0.00030389854587118195
2026-04-17 04:30:00,0.0005758289696764507,-0.00023316374779607332
2026-04-17 04:35:00,-2.2949393459370526e-05,-0.00024568131284307315
2026-04-17 04:40:00,0.0005528936822010166,-0.0002483595140875882
2026-04-17 04:45:00,0.001385376985636455,6.105236989380768e-05
2026-04-17 04:50:00,0.0012355626511855178,0.00022630016649329094
2026-04-17 04:55:00,0.0017456493715766186,0.0003614746840325918
2026-04-17 05:00:00,0.00048819365149554983,0.0007149525972891928
2026-04-17 05:05:00,-0.00035663896314375165,0.0007905263618188747
2026-04-17 05:10:00,-0.00010634560036315577,0.0006018010622069603
2026-04-17 05:15:00,-0.00030647315316123525,0.0005327197012780745
2026-04-17 05:20:00,-0.000137629601425715,0.0004585440396747734
2026-04-17 05:25:00,0.0004317046456527862,0.0002821433243474837
2026-04-17 05:30:00,0.0006005117040448482,0.00037845127594650905
2026-04-17 05:35:00,0.0013343621019572538,0.000562576633141739
2026-04-17 05:40:00,0.001467336402054542,0.0007514418624861067
2026-04-17 05:45:00,0.0005440282611992586,0.0009114629836013989
2026-04-17 05:50:00,0.0011007018084612241,0.0008047241620149063
2026-04-17 05:55:00,0.0020632830598543705,0.0008954800879237679
2026-04-17 06:00:00,0.0013652590640980122,0.0011208057206261665
2026-04-17 06:05:00,0.00222742996982106,0.0011940229085533622
2026-04-17 06:10:00,0.001993661360961241,0.0014170954056026786
2026-04-17 06:15:00,0.0016188667095704545,0.001382797431742972
2026-04-17 06:20:00,0.0019979402243333055,0.0015361600655531432
2026-04-17 06:25:00,0.001562588213513294,0.0013757783445649712
2026-04-17 06:30:00,0.00026469445140264725,0.000755135241147017
2026-04-17 06:35:00,4.167092056306387e-06,0.0003879195309514169
2026-04-17 06:40:00,-0.0009626966248976743,0.0001303539450795405
2026-04-17 06:45:00,-0.0002855258227487667,-0.00023166520362973123
2026-04-17 06:50:00,-0.00047932345455414804,-0.0003785136851294859
2026-04-17 06:55:00,-0.0017983611216223494,-0.000619434252689844
2026-04-17 07:00:00,-0.0015196193245632372,-0.0010514335653552009
2026-04-17 07:05:00,-0.00287220558834278,-0.0009308025114898559
2026-04-17 07:10:00,-0.003583938053584035,-0.0014881454557184681
2026-04-17 07:15:00,-0.003670693251740076,-0.0016947159842332627
2026-04-17 07:20:00,-0.0035674224713755365,-0.0020319290495379723
2026-04-17 07:25:00,-0.00412844001064272,-0.002291951164045232
2026-04-17 07:30:00,-0.0032750471529467973,-0.0018403310237589449
2026-04-17 07:35:00,-0.002837638987008617,-0.002088579049110196
2026-04-17 07:40:00,-0.0023000511058182127,-0.0018544308190110964
2026-04-17 07:45:00,-0.0025504201562167594,-0.0018948675738580114
2026-04-17 07:50:00,-0.002563065726025826,-0.001966860863726196
2026-04-17 07:55:00,-0.0019457858593447952,-0.0016612383842913954
2026-04-17 08:00:00,-0.000976776589943995,-0.0019686674294751684
2026-04-17 08:05:00,-0.0002713891172909655,-0.0009497095654095673
2026-04-17 08:10:00,-9.190427758198894e-05,-0.00035896307884969474
2026-04-17 08:15:00,0.0007018101139841804,-0.00017904663458543661
2026-04-17 08:20:00,0.0002777606660728793,-0.0003443280233604033
2026-04-17 08:25:00,0.001685560868816438,-0.00011812827343064448
2026-04-17 08:30:00,0.0023952407369876028,0.00023851669356117597
2026-04-17 08:35:00,0.00017132124237306812,0.00040194344440278723
2026-04-17 08:40:00,0.00011074069867689218,0.00047742003677667274
2026-04-17 08:45:00,-0.0011102736992647522,0.00017036092141570002
2026-04-17 08:50:00,5.6424740384031224e-05,0.00016437710049420378
2026-04-17 08:55:00,4.388453353065813e-05,0.0009201429425747107
2026-04-17 09:00:00,0.00036535934541603865,0.0006668066634091822
2026-04-17 09:05:00,-0.0010925640931365166,0.0005056318635912658
2026-04-17 09:10:00,-0.0008337905035986637,0.00020260899644463832
2026-04-17 09:15:00,-0.0007770332760674847,0.0003465986769509594
2026-04-17 09:20:00,-0.000958914056386817,0.00013765570902419635
2026-04-17 09:25:00,-0.0014932592054410776,2.5472980861384725e-05
2026-04-17 09:30:00,-0.0016512039689846603,-0.0001808146229220783
2026-04-17 09:35:00,0.0006098325238070856,-6.615747943456678e-05
2026-04-17 09:40:00,0.0022706128303120465,-0.00011144179031494713
2026-04-17 09:45:00,0.0028975021760118125,0.00043022539374802063
2026-04-17 09:50:00,0.0017183838896137615,0.0006924988973975602
2026-04-17 09:55:00,0.0022501564564532117,0.0004601200201712872
2026-04-17 10:00:00,0.0017664551305820453,0.0003379401729444701
2026-04-17 10:05:00,0.0024758791993804152,0.0006113952418046559
2026-04-17 10:10:00,0.0020195424154163533,0.0008637565950290316
2026-04-17 10:15:00,0.0021291348729679527,0.0009160192417271611
2026-04-17 10:20:00,0.0021651289213764358,0.0006207867692812457
2026-04-17 10:25:00,0.0023818904173236177,0.000725014188458714
2026-04-17 10:30:00,0.002237132729723257,-0.00025520297664084285
2026-04-17 10:35:00,0.0012143799079069595,0.0006467921185550935
2026-04-17 10:40:00,-0.0004733145555437801,0.0005985000135573816
2026-04-17 10:45:00,-0.00036511998770016874,0.00025604321600940764
2026-04-17 10:50:00,-0.0003150595352963137,1.1176711512534291e-05
2026-04-17 10:55:00,-0.0011870675717098322,-0.00020798054178419338
2026-04-17 11:00:00,-0.0016433069194672356,-0.00035382619150654956
2026-04-17 11:05:00,-0.001456393992846472,-0.000625306947645204
2026-04-17 11:10:00,-0.000325524232518859,-0.0009069598839646014
2026-04-17 11:15:00,-0.0008719796784628642,-0.0006600667816235069
2026-04-17 11:20:00,-0.0004213837721120939,-0.0005668247367744738
2026-04-17 11:25:00,-0.0013123648963890844,-0.000605169879954266
2026-04-17 11:30:00,-0.0018674102784501656,-0.0009142180272784135
2026-04-17 11:35:00,-0.0020415029039639876,-0.0010349286821560505
2026-04-17 11:40:00,-0.0020376002623851974,-0.000903175795398693
2026-04-17 11:45:00,-0.000866389267544676,-0.0008854567349753481
2026-04-17 11:50:00,-0.0012048181649753076,-0.0009678253584090067
2026-04-17 11:55:00,-0.0005763087169583514,-0.000952731715830195
2026-04-17 12:00:00,-0.0012614213545454334,-0.0010318250041489246
2026-04-17 12:05:00,-0.00040516269715951125,-0.0005303180113865464
2026-04-17 12:10:00,-0.001087936025584213,-0.0007308246525885093
2026-04-17 12:15:00,-0.0012425280253740567,-0.0004729935517193976
2026-04-17 12:20:00,-0.00039860052095441745,-0.00033399116156317013
2026-04-17 12:25:00,0.000647008755102263,-0.0005781206271855137
2026-04-17 12:30:00,0.0010749692894727048,7.121245009163267e-05
2026-04-17 12:35:00,0.0014532761819268103,0.0006474352753049503
2026-04-17 12:40:00,0.0030402612541777785,0.00015350188493728695
2026-04-17 12:45:00,0.00362547735183405,0.0012463252803742826
2026-04-17 12:50:00,0.0031728343775103696,0.0012551776252476942
2026-04-17 12:55:00,0.0025407779099264616,0.001433159221598952
2026-04-17 13:00:00,0.003956444699111827,0.0016016051631237119
2026-04-17 13:05:00,0.0035073561073524218,0.00131237804862706
2026-04-17 13:10:00,0.003687086043598242,0.0011385001379545158
2026-04-17 13:15:00,0.004280732946780219,0.0020036199810505016
2026-04-17 13:20:00,0.0045026546304782755,0.0022212750251952035
2026-04-17 13:25:00,0.005333323779087351,0.0016546159410471078
2026-04-17 13:30:00,0.00503797224781799,0.002757493207791861
2026-04-17 13:35:00,0.006393492701279868,0.0023213681428986195
2026-04-17 13:40:00,0.004950597759389552,0.001932987951350648
2026-04-17 13:45:00,0.006641359149327286,0.001593924909822836
2026-04-17 13:50:00,0.008665998565794197,0.0011322976076773828
2026-04-17 13:55:00,0.009814386437927425,0.0010675100209774897
2026-04-17 14:00:00,0.008403045007590038,0.0014129077933059864
2026-04-17 14:05:00,0.012218838790939657,0.001283001897724384
2026-04-17 14:10:00,0.016403168542028723,0.0019931635288513868
2026-04-17 14:15:00,0.012038732574154665,0.001968272998115475
2026-04-17 14:20:00,0.010093452434249528,0.002803858433221289
2026-04-17 14:25:00,0.006817070665661618,0.002848737299066648
2026-04-17 14:30:00,0.007875301858371486,0.002586635416834816
2026-04-17 14:35:00,0.009144527051120122,0.0022148459231252455
2026-04-17 14:40:00,0.008606034778939176,0.002372889410913523
2026-04-17 14:45:00,0.005849729760711853,0.002181222419179642
2026-04-17 14:50:00,0.0071452608607476265,0.008814738907687629
2026-04-17 14:55:00,0.007002107029823179,0.008268630264613577
2026-04-17 15:00:00,0.006396766035992485,0.008525796451384697
2026-04-17 15:05:00,0.0018530621907828504,0.008192457961428612
2026-04-17 15:10:00,-0.003172896671411962,0.007986420612144062
2026-04-17 15:15:00,0.0013230314136478682,0.0035390340996031334
2026-04-17 15:20:00,0.0035790849844499206,0.002577813678501244
2026-04-17 15:25:00,0.004224874591447048,0.00017408041284542133
2026-04-17 15:30:00,0.0044651600157727955,0.0010539695115660383
2026-04-17 15:35:00,0.0016585419720183125,0.002046505785605257
2026-04-17 15:40:00,0.0025475471838412034,0.001418683294513256
2026-04-17 15:45:00,0.002826011430116182,0.0014593148379237581
2026-04-17 15:50:00,-0.00028704700591752896,0.0018246727767474904
2026-04-17 15:55:00,-0.0016812929409510957,0.0007989979259894714
2026-04-17 16:00:00,-0.0014099844405386364,0.001600586639601752
2026-04-17 16:05:00,9.646239564631287e-05,0.001019637206986813
2026-04-17 16:10:00,-4.519467607444483e-05,0.002264487972616211
2026-04-17 16:15:00,-0.0011092556184202351,0.0020306452142492414
2026-04-17 16:20:00,-0.0017458473894915727,0.0011240960075262919
2026-04-17 16:25:00,-0.001160370503992425,0.0009731205427994269
2026-04-17 16:30:00,-0.00083480249053558,-3.039924016989318e-05
2026-04-17 16:35:00,-0.0012251671771732475,0.001399896973664151
2026-04-17 16:40:00,-0.0038330199777174556,-0.00019883397361503564
2026-04-17 16:45:00,-0.0031939596501810996,0.0005552815075835552
2026-04-17 16:50:00,-0.0015124575388245631,0.0011332922202605877
2026-04-17 16:55:00,-0.001116956082601206,0.0010513565399897413
2026-04-17 17:00:00,-0.00033893883711044737,0.0005868143792525207
2026-04-17 17:05:00,-0.00021551392457297425,0.00014796714465009384
2026-04-17 17:10:00,0.0008521919816235624,0.0001289311914886798
2026-04-17 17:15:00,0.0011441566585776997,0.0005405504701895278
2026-04-17 17:20:00,1.0266529368863075e-05,0.0006038708774080687
2026-04-17 17:25:00,0.00044582369747026007,0.0003020645930248677
2026-04-17 17:30:00,-0.0003735279553165327,3.0764873648252035e-05
2026-04-17 17:35:00,0.0003839240575587155,0.000881032294697091
2026-04-17 17:40:00,0.0020600717413881142,0.0002685928424875406
2026-04-17 17:45:00,0.00048508767471844294,-8.094748527285544e-05
2026-04-17 17:50:00,-0.0005587717028916472,0.00028130509419157986
2026-04-17 17:55:00,-0.0001027240360773618,0.0009657602310128343
2026-04-17 18:00:00,-0.00015615593434503694,-0.0009980030654485382
2026-04-17 18:05:00,-0.002040445907185884,0.00019802073048342535
2026-04-17 18:10:00,-0.0017524022970043518,-0.0007783255453459368
2026-04-17 18:15:00,-0.001586147433304319,-0.0006572089544028068
2026-04-17 18:20:00,-0.0030991133626088185,-0.0009138661981057574
2026-04-17 18:25:00,-0.00216317668174959,-0.001003251920623878
2026-04-17 18:30:00,-0.0020589584262786786,-0.002176923189706106
2026-04-17 18:35:00,-0.0029396428640300343,-0.00190681139580357
2026-04-17 18:40:00,-0.002848626822052225,-0.0016137814551456136
2026-04-17 18:45:00,-0.0012172755917756461,-0.0017070712957216834
2026-04-17 18:50:00,-0.0009148407324826024,-0.0012394658568065711
2026-04-17 18:55:00,-0.0008036660758268255,-9.908021417670135e-06
2026-04-17 19:00:00,-0.000855180575383585,6.948686861848745e-05
2026-04-17 19:05:00,0.00043802961410221997,0.00012864559716123614
2026-04-17 19:10:00,-0.0003886973443734121,-0.00023214195520248555
2026-04-17 19:15:00,-0.0003084813897089589,-0.0005938391145702475
2026-04-17 19:20:00,0.0020226073830631464,0.0005987585744644804
2026-04-17 19:25:00,0.0006543816018922399,-0.00046190358850048337
2026-04-17 19:30:00,0.0009642518287158452,0.00028320208208401166
2026-04-17 19:35:00,0.001125485574426932,-0.00021940032167930355
2026-04-17 19:40:00,0.001488057228266726,-3.432795615509366e-05
2026-04-17 19:45:00,9.669598071049279e-05,-0.0005005577227978464
2026-04-17 19:50:00,-0.0010906787160038789,0.0003337155928084544
2026-04-17 19:55:00,-0.0010224728891419232,-0.0001489276724747848
2026-04-17 20:00:00,-0.0008620876427247737,2.1246045394386364e-06
2026-04-17 20:05:00,-0.001734734313886932,-0.0001668731018556029
2026-04-17 20:10:00,-0.0009837294426233711,-5.323507772972854e-05
2026-04-17 20:15:00,-0.0011360316676327642,-0.0006937116383868415
2026-04-17 20:20:00,-0.001993772438403596,-0.0009004688807455272
2026-04-17 20:25:00,-0.0009096653594085069,-0.00043002032404970995
2026-04-17 20:30:00,-0.0017462044040410518,-0.0005715988236677231
2026-04-17 20:35:00,-0.0005800738625456603,-0.00080885326637797
2026-04-17 20:40:00,-0.000518407595173187,-0.0003486073955243948
2026-04-17 20:45:00,-0.00043006018418800807,-0.00021453550417724278
2026-04-17 20:50:00,-0.0003954075117160727,-0.0005948301499618645
2026-04-17 20:55:00,-0.000743337537253197,-0.001137180640015079
2026-04-17 21:00:00,-0.001503744193712464,-0.0003239522665827627
2026-04-17 21:05:00,-0.001613965789227123,-0.0002699394604613864
2026-04-17 21:10:00,-0.0021766966105492003,-0.0009122608722835747
2026-04-17 21:15:00,-0.000922946406898717,-0.001227349514799583
2026-04-17 21:20:00,-0.001364391655975794,-0.0003771270328321187
2026-04-17 21:25:00,-0.0022282627437668623,-0.0011667384752808987
2026-04-17 21:30:00,-0.0022958857278663203,-0.001476921004485058
2026-04-17 21:35:00,-0.0036444631367444913,-0.0015712772588130043
2026-04-17 21:40:00,-0.005041722386094349,-0.0018039238948835607
2026-04-17 21:45:00,-0.005187613389379564,-0.0016531939203674449
2026-04-17 21:50:00,-0.004161245789905621,-0.0023406291327212896
2026-04-17 21:55:00,-0.005024269707670115,-0.002384990383793388
2026-04-17 22:00:00,-0.01600905277083342,-0.003150452114261077
2026-04-17 22:05:00,-0.011250280732177487,-0.003942189026385075
2026-04-17 22:10:00,-0.011535268786513342,-0.0043005855785874
2026-04-17 22:15:00,-0.012429089773918989,-0.004440936947302469
2026-04-17 22:20:00,-0.013339635101299763,-0.002610007153425899
2026-04-17 22:25:00,-0.012540358267012053,-0.0022225827106605463
2026-04-17 22:30:00,-0.012718287118236304,-0.0028943927973663396
2026-04-17 22:35:00,-0.012054120837388993,-0.0031842552265392426
2026-04-17 22:40:00,-0.01129125935954356,-0.0015496662439911945
2026-04-17 22:45:00,-0.010019825985542852,-0.002603241434426352
2026-04-17 22:50:00,-0.010906000064560217,-0.001997288728828086
2026-04-17 22:55:00,-0.01062485865571361,2.4841397982544447e-05
2026-04-20 00:00:00,0.0004753931769041486,-0.0015171599656816574
2026-04-20 00:05:00,-0.003525733433432876,0.0003144836396039906
2026-04-20 00:10:00,-0.0037330604952536817,0.0005696650854039812
2026-04-20 00:15:00,-0.003954090918439235,-0.00018908318974138655
2026-04-20 00:20:00,-0.0028549918923612694,-0.0008295510697443564
2026-04-20 00:25:00,-0.0033469243858554876,-0.0010691525656462916
2026-04-20 00:30:00,-0.002934081584566428,-0.0019312232978932072
2026-04-20 00:35:00,-0.00426673011306633,-0.0023457451955652218
2026-04-20 00:40:00,-0.006090396846751389,-0.002882538253482086
2026-04-20 00:45:00,-0.008686828126588608,-0.003336762505528298
2026-04-20 00:50:00,-0.006198347449924313,-0.004255546262475487
2026-04-20 00:55:00,-0.005185739122929078,-0.005103067031782957
2026-04-20 01:00:00,-0.005485977103795392,-0.004530878102096505
2026-04-20 01:05:00,-0.004942696932355162,-0.00454739810261831
2026-04-20 01:10:00,-0.004272967894616286,-0.00511078110826023
2026-04-20 01:15:00,-0.0030909201360316274,-0.004971737565423246
2026-04-20 01:20:00,-0.0017013781907557757,-0.00462382326198212
2026-04-20 01:25:00,-0.0008851748483547084,-0.004090041547931088
2026-04-20 01:30:00,-0.001090439471234106,-0.004059892831941525
2026-04-20 01:35:00,0.00023926759045700408,-0.0030878425908583895
2026-04-20 01:40:00,0.002738239424848743,-0.002312884757604869
2026-04-20 01:45:00,0.0042489525696058905,-0.0007085097033666793
2026-04-20 01:50:00,0.0023139279934802914,-0.000605488602341693
2026-04-20 01:55:00,0.003877157679058385,-7.94163255660207e-05
2026-04-20 02:00:00,0.007863736460215875,0.00037183291824504185
2026-04-20 02:05:00,0.007449815510303992,-0.0003079273633137435
2026-04-20 02:10:00,0.008746799305397346,2.467700190216164e-06
2026-04-20 02:15:00,0.007226552845576606,0.0004970138434747153
2026-04-20 02:20:00,0.0073094418917065695,0.0010151532166378192
2026-04-20 02:25:00,0.007873965907400304,0.002558111863613853
2026-04-20 02:30:00,0.008813114321768012,0.0038662442841600393
2026-04-20 02:35:00,0.008970974678812027,0.0031916166565954386
2026-04-20 02:40:00,0.00858415623933162,0.005293061954978208
2026-04-20 02:45:00,0.009646410635475888,0.004689007242927123
2026-04-20 02:50:00,0.010302253779965298,0.005512515019535539
2026-04-20 02:55:00,0.007314417567448217,0.007275785016496347
2026-04-20 03:00:00,0.0034842623275856965,0.0076772083786101055
2026-04-20 03:05:00,0.003158914668331292,0.006232763172079566
2026-04-20 03:10:00,0.0015132222217175695,0.005708519065344553
2026-04-20 03:15:00,0.0016907196881010833,0.003932888515678378
2026-04-20 03:20:00,0.0012290234353198315,0.0036599374441952733
2026-04-20 03:25:00,-0.00033318201625043287,0.002676134590052645
2026-04-20 03:30:00,-0.0014131365757652503,0.0028594534624679624
2026-04-20 03:35:00,-0.0023238052548109067,0.0015727665108086308
2026-04-20 03:40:00,-0.0020244650519032348,-0.00040278419468305353
2026-04-20 03:45:00,-0.0031147743653718862,-0.0007763221008731536
2026-04-20 03:50:00,-0.0036071778788677733,-0.0012330611048399214
2026-04-20 03:55:00,-0.002171621334127849,-0.0019457063216406945
2026-04-20 04:00:00,-0.0018834555299154232,-0.002068357770455085
2026-04-20 04:05:00,-0.002088144603103359,-0.0021495502879548406
2026-04-20 04:10:00,-0.0020473567695518113,-0.001931102420292856
2026-04-20 04:15:00,-0.0017324505159219683,-0.0020797213098149013
2026-04-20 04:20:00,-0.001769021342658661,-0.00203617136719525
2026-04-20 04:25:00,-0.0012858735968013235,-0.0022545077495964854
2026-04-20 04:30:00,-0.0019158112355022183,-0.001720418216563707
2026-04-20 04:35:00,-0.0005734525020475445,-0.0016934987687027142
2026-04-20 04:40:00,-0.0006694745917492639,-0.001829344324464978
2026-04-20 04:45:00,-0.0006466564956699727,-0.0011234821462003726
2026-04-20 04:50:00,-0.0008114809345709517,-0.0011424028059319024
2026-04-20 04:55:00,-0.001318180018131443,-0.0012663344842588928
2026-04-20 05:00:00,-0.0002920030806219387,-0.0010086624694332395
2026-04-20 05:05:00,0.00023362195484999404,-0.0008725097455897392
2026-04-20 05:10:00,0.00022119969622913516,-0.00040701877335235534
2026-04-20 05:15:00,0.0003442272601485996,0.00011642187323045073
2026-04-20 05:20:00,-0.0002023136765743061,6.345584592526443e-05
2026-04-20 05:25:00,-7.924888742749658e-05,5.929954098126578e-05
2026-04-20 05:30:00,-0.0006324602601015528,-5.022583025144525e-05
2026-04-20 05:35:00,-0.0006823154335489079,-0.00015339758778018614
2026-04-20 05:40:00,-0.0011752710164305569,-0.0002576751203454845
2026-04-20 05:45:00,0.0001585738373179879,-0.00018255868143581376
2026-04-20 05:50:00,-0.0005865953735320062,4.7101196740324846e-05
2026-04-20 05:55:00,-0.00041124387236557425,-8.314249394862745e-05
2026-04-20 06:00:00,-0.0007282933946015646,-0.0005648632855863019
2026-04-20 06:05:00,-0.0015780084053496068,-0.00041019786148362625
2026-04-20 06:10:00,-0.0012715223545729515,-0.00020865640453183166
2026-04-20 06:15:00,-0.0013191374921923682,-0.0005202097073038019
2026-04-20 06:20:00,-0.0013734774930060922,-0.000640250633736117
2026-04-20 06:25:00,-0.0014254664136839068,-0.0008805908430294659
2026-04-20 06:30:00,0.0011206213212187066,-0.0009933008421212123
2026-04-20 06:35:00,0.0004006819995048261,-0.0006400624387540038
2026-04-20 06:40:00,-0.0013606965687742445,-0.0005682944954490851
2026-04-20 06:45:00,-0.001511646646120468,-0.0007195143827666711
2026-04-20 06:50:00,0.0004342389092002463,-0.0002513204664841286
2026-04-20 06:55:00,0.0004258534877887854,-0.0005819287254080444
2026-04-20 07:00:00,8.976107903180264e-05,-0.00032407478430754105
2026-04-20 07:05:00,0.0010147197864114332,-1.4149908683849799e-05
2026-04-20 07:10:00,0.0008770849601340558,0.00013773984492532887
2026-04-20 07:15:00,-8.145950370597177e-05,5.667255515727874e-05
2026-04-20 07:20:00,-1.0443984212571422e-05,0.0003809701125571242
2026-04-20 07:25:00,-0.0002590143266125722,0.0005715318717403687
2026-04-20 07:30:00,-0.0015487504556812581,-3.4308531896784976e-05
2026-04-20 07:35:00,-0.00046539050337379706,0.00018864377816094378
2026-04-20 07:40:00,0.0019224104581905266,0.00021869474395668393
2026-04-20 07:45:00,0.0003217294867763343,0.0003652973403149487
2026-04-20 07:50:00,-0.0007830191738626979,-0.0004878028476711872
2026-04-20 07:55:00,0.0012472912665160152,-2.633006494802799e-05
2026-04-20 08:00:00,0.001522622708838739,-0.000600978386859325
2026-04-20 08:05:00,0.0008406438199273225,0.0006466719313753796
2026-04-20 08:10:00,0.00127666249412961,0.0005839175690757544
2026-04-20 08:15:00,0.003188671145938571,0.0007472115643680357
2026-04-20 08:20:00,0.0030241937507913264,0.001327782607369834
2026-04-20 08:25:00,0.002364148688219103,0.0015953609009968846
2026-04-20 08:30:00,0.0015258080505038407,0.0012246342765950269
2026-04-20 08:35:00,0.0012329158766881676,0.0018390379389166217
2026-04-20 08:40:00,0.001560284004483492,0.0013797096102863072
2026-04-20 08:45:00,0.0010772488609553932,0.0018516541646411845
2026-04-20 08:50:00,0.00024019106792749767,0.0016923210982305252
2026-04-20 08:55:00,-0.0016919365857042123,0.001060198518375237
2026-04-20 09:00:00,-0.0018817153773955653,0.0004274494319169121
2026-04-20 09:05:00,-0.0015629518969255685,0.0010289823223333743
2026-04-20 09:10:00,-0.001587730786566155,0.0004650943026264232
2026-04-20 09:15:00,-0.0029150770471808585,0.0002682114583978821
2026-04-20 09:20:00,-0.0027150979787666785,-0.00037111105089968706
2026-04-20 09:25:00,-0.0012429330645780112,0.00010711988563924257
2026-04-20 09:30:00,-0.0009056024857354572,-0.0005069055033551397
2026-04-20 09:35:00,-0.0014020127017246864,-0.0011855947499808035
2026-04-20 09:40:00,-0.0011011241754061984,-0.0005058082264517802
2026-04-20 09:45:00,0.0004109693405869308,-0.0008387646908504991
2026-04-20 09:50:00,0.0011187387805833282,0.0005910059593218039
2026-04-20 09:55:00,0.0014355137660029271,-0.000395031591551258
2026-04-20 10:00:00,0.0013480184503702475,0.0001904807016840638
2026-04-20 10:05:00,0.0014253266003461107,0.00042488146535612505
2026-04-20 10:10:00,0.0014021735984552919,0.0008175700715367172
2026-04-20 10:15:00,0.001202091282461737,0.0008367516194637073
2026-04-20 10:20:00,0.000989299368766794,0.0011114613580916382
2026-04-20 10:25:00,0.0001877902930456088,0.0010609034291977654
2026-04-20 10:30:00,-0.0008291155775399517,0.001021052876047662
2026-04-20 10:35:00,-0.00018165437069583845,0.0002733014991611756
2026-04-20 10:40:00,-6.886053553145643e-05,0.0003557510363989155
2026-04-20 10:45:00,0.00016267216173027066,-0.0003816905010083187
2026-04-20 10:50:00,-0.000373469483644584,-0.0003953317473346309
2026-04-20 10:55:00,-0.0008426972650052988,-0.0003144244089994673
2026-04-20 11:00:00,-0.0008219498614412402,-0.00023589423194327535
2026-04-20 11:05:00,0.0005045335152704666,0.0002568621856925484
2026-04-20 11:10:00,-2.0851078463834938e-06,9.169434393333215e-05
2026-04-20 11:15:00,0.0011568996799287135,-0.00032793359380687615
2026-04-20 11:20:00,0.0009362193480377812,0.00024906984434243807
2026-04-20 11:25:00,0.0011572615273980347,0.00014778290108101758
2026-04-20 11:30:00,0.002295613258347373,-0.00025709894710296673
2026-04-20 11:35:00,0.0016107699706591205,0.0005326584016077978
2026-04-20 11:40:00,0.0006550264122218152,0.0008786388130737894
2026-04-20 11:45:00,0.0002377040304111233,0.0009100602150517624
2026-04-20 11:50:00,0.0008448016522386581,0.0008470337197784546
2026-04-20 11:55:00,0.0008218469908243264,0.0009221420357743998
2026-04-20 12:00:00,-0.00013357850574635677,0.0008472089691241351
2026-04-20 12:05:00,-0.0010531376652558322,3.925943597014696e-05
2026-04-20 12:10:00,-0.0012288845717076669,0.0008297064685712531
2026-04-20 12:15:00,-0.0025093540268219527,-0.0001747162681513072
2026-04-20 12:20:00,-0.0018065005538652201,0.0004283979696824615
2026-04-20 12:25:00,-0.0020756828258541304,0.00039857509415405323
2026-04-20 12:30:00,-0.0014351843692015365,-3.567435332262239e-05
2026-04-20 12:35:00,-0.001049209695162645,0.0036162002315376185
2026-04-20 12:40:00,-2.0854100542422316e-05,0.005440682716959441
2026-04-20 12:45:00,0.0010918783265481125,0.004856457832423484
2026-04-20 12:50:00,0.002172345017754651,0.002913845237710978
2026-04-20 12:55:00,0.0030062875656469146,0.00623504867087913
2026-04-20 13:00:00,0.003949717134878128,0.006554516287756817
2026-04-20 13:05:00,0.003164411272173595,0.005634676016543316
2026-04-20 13:10:00,0.004507552145074811,0.005096989919140573
2026-04-20 13:15:00,0.0057000384455268005,0.004547333603391306
2026-04-20 13:20:00,0.005006789604772521,0.004551129832812938
2026-04-20 13:25:00,0.003614537110195215,0.004423394318957313
2026-04-20 13:30:00,0.0033011790419230636,0.004413090393702148
2026-04-20 13:35:00,0.0025886987181387155,0.0041717959703115315
2026-04-20 13:40:00,0.0023163154294980615,0.004262305504603427
2026-04-20 13:45:00,0.0009949876759662857,0.003866160346909297
2026-04-20 13:50:00,-0.0006347614290689307,0.0035872133295499513
2026-04-20 13:55:00,-0.001375025309293676,0.002453490331054071
2026-04-20 14:00:00,-0.0013127579680727308,0.0015133314916180199
2026-04-20 14:05:00,0.000700690010775773,0.001609994845622955
2026-04-20 14:10:00,0.0008351216916899773,0.0009927958679722562
2026-04-20 14:15:00,0.00017234809789989924,0.001432568651599494
2026-04-20 14:20:00,0.0006064420109570534,0.0014377638485914177
2026-04-20 14:25:00,0.0038502801322657376,0.00020359428469777382
2026-04-20 14:30:00,0.003255061769438683,0.0008145658062678994
2026-04-20 14:35:00,0.002851888813626857,0.0014230796631058231
2026-04-20 14:40:00,0.0032633030250455164,0.0016656707178658425
2026-04-20 14:45:00,0.0029603675437961385,0.0015760274090161543
2026-04-20 14:50:00,0.0036884653245650156,0.0015258825885824676
2026-04-20 14:55:00,0.003030450214419389,0.0025852338745501694
2026-04-20 15:00:00,0.002960107261788636,0.0023960084422473384
2026-04-20 15:05:00,0.00036989934172382277,0.002323211813628058
2026-04-20 15:10:00,-9.137237154988043e-05,0.002669796531599813
2026-04-20 15:15:00,0.00012457049148828503,0.0022010219232681443
2026-04-20 15:20:00,0.0018564984314313193,0.0020745958278057803
2026-04-20 15:25:00,-0.00023424811127981116,0.0036008976060225885
2026-04-20 15:30:00,-0.0007281969150394474,9.148374903773083e-05
2026-04-20 15:35:00,-0.0007122100718515156,0.0006885805255638604
2026-04-20 15:40:00,-0.0016105870500204844,-0.0006513059973103459
2026-04-20 15:45:00,-0.0015195993839807187,-0.0008727632994006679
2026-04-20 15:50:00,-0.002508754955371728,-0.0004879042361842018
2026-04-20 15:55:00,-0.0025850761657046917,-0.0008665844584658469
2026-04-20 16:00:00,-0.004101588561708169,-0.00033374895780021076
2026-04-20 16:05:00,-0.0032506479968219537,-0.0010161193378395226
2026-04-20 16:10:00,-0.0034616795404822653,-0.0019315273998873434
2026-04-20 16:15:00,-0.004010647723669436,-0.0018556663969793137
2026-04-20 16:20:00,-0.004480135105593419,-0.0017432662264238944
2026-04-20 16:25:00,-0.0032623678484728913,-0.0021500390698144575
2026-04-20 16:30:00,-0.0029160205267810824,-0.001897137952152808
2026-04-20 16:35:00,-0.0025248494656509024,-0.0020036977397077144
2026-04-20 16:40:00,-0.0028997767481566683,-0.0024114923487260206
2026-04-20 16:45:00,-0.002802360641993573,-0.0020819258367414544
2026-04-20 16:50:00,-0.0027193790092070458,-0.0014551045791565934
2026-04-20 16:55:00,-0.0012117150579733504,-0.002598875174243941
2026-04-20 17:00:00,-0.0006421349120895314,-0.0020372611780999526
2026-04-20 17:05:00,0.00012714438929961602,-0.0024496370872174925
2026-04-20 17:10:00,4.376180657672535e-05,-0.0003215853683938942
2026-04-20 17:15:00,-0.00010839407928742162,-0.0002933072719561226
2026-04-20 17:20:00,-0.0012039360577045244,-5.752423457193156e-05
2026-04-20 17:25:00,-0.0012425373917519522,-0.0003930670149246016
2026-04-20 17:30:00,-0.000816261982111044,0.0004878532534368469
2026-04-20 17:35:00,-0.00041865101259652704,-0.0001078160751917612
2026-04-20 17:40:00,0.0003769886979281267,-0.00029368617575377257
2026-04-20 17:45:00,0.0008080185867385126,6.099695592572441e-06
2026-04-20 17:50:00,0.001874789635358809,0.0001491784559957249
2026-04-20 17:55:00,0.001176342128456298,-0.0004437235382498639
2026-04-20 18:00:00,0.002624312624471159,-0.00031475134496994974
2026-04-20 18:05:00,0.0024085186146116655,-0.0004242310433464977
2026-04-20 18:10:00,0.0020899997823917715,-0.00033062774571535384
2026-04-20 18:15:00,0.002525445767375345,3.1426221802178016e-06
2026-04-20 18:20:00,0.002150652634677286,0.0005119204865689514
2026-04-20 18:25:00,0.0016605319597502444,0.0004724689701450199
2026-04-20 18:30:00,0.001030628493472463,0.0002455940253792321
2026-04-20 18:35:00,0.002037451082292918,-0.0003547869928702085
2026-04-20 18:40:00,0.0015605950906110166,7.134068698689493e-05
2026-04-20 18:45:00,0.0010839680947540842,0.0006598101213094138
2026-04-20 18:50:00,0.0009111276770621402,0.000371114128438118
2026-04-20 18:55:00,0.0003557530611999482,-0.0007649248974697022
2026-04-20 19:00:00,0.0008108934618498154,-0.0012969777773443065
2026-04-20 19:05:00,0.0010078980569545593,-0.0011501533269153868
2026-04-20 19:10:00,0.0013445317309823679,-0.001222250269281826
2026-04-20 19:15:00,0.0009664336547352548,0.00041880633709182865
2026-04-20 19:20:00,0.0010787879960076907,0.00026438428407730963
2026-04-20 19:25:00,0.0008541618043977905,0.0006523193964971246
2026-04-20 19:30:00,0.0019750033446168658,0.0006667550622393792
2026-04-20 19:35:00,0.0004946883460448248,0.00036956169821056697
2026-04-20 19:40:00,0.0010431993498194458,0.00044040083847155507
2026-04-20 19:45:00,0.0012364935454183268,0.0009503219385695451
2026-04-20 19:50:00,0.001199009765851855,0.0005029635572064722
2026-04-20 19:55:00,0.001340737731201358,-0.0001884279116878427
2026-04-20 20:00:00,0.0013105930387382614,-0.000667729357644351
2026-04-20 20:05:00,0.0012060636773032485,-0.0009395279748784261
2026-04-20 20:10:00,0.0010751550981620284,-0.0013445967467579118
2026-04-20 20:15:00,0.0010298341340906347,-0.0018632881312615856
2026-04-20 20:20:00,0.0010547976617960586,-0.0016540942992067994
2026-04-20 20:25:00,0.0007205860524344132,-0.0013072255401870298
2026-04-20 20:30:00,-7.269411669064141e-05,-0.0015962002299199256
2026-04-20 20:35:00,-0.00015794111323153004,-0.001852020578465564
2026-04-20 20:40:00,-0.0006108253395709085,-0.0016238766080092825
2026-04-20 20:45:00,-0.0005338945238513304,-0.0012154886892564623
2026-04-20 20:50:00,-0.0007915592363492152,-0.0012223173647123984
2026-04-20 20:55:00,6.854757048202487e-05,-0.0015204419425911976
2026-04-20 21:00:00,-0.000533584151300559,-0.001566744195068011
2026-04-20 21:05:00,-0.0012039865860611343,-0.0014983018586279865
2026-04-20 21:10:00,-0.001257921855060573,-0.001243433122869355
2026-04-20 21:15:00,-0.001142017216999136,-0.0012199044281187013
2026-04-20 21:20:00,-0.0006269306346773362,-0.0017330217801936642
2026-04-20 21:25:00,-0.00027405223773335763,-0.002007404075306255
2026-04-20 21:30:00,-0.00011008972323445221,-0.002575809819130038
2026-04-20 21:35:00,0.0008434488831969844,-0.0020578271482979598
2026-04-20 21:40:00,0.0010116065568102073,-0.0014631194030601076
2026-04-20 21:45:00,0.0010467464589609676,-0.00157523797810768
2026-04-20 21:50:00,0.0017754598794930132,-0.0015539232580496307
2026-04-20 21:55:00,0.0013118839452861408,-0.008774194916144264
2026-04-20 22:00:00,0.0019730481062865124,-0.010508000880419985
2026-04-20 22:05:00,0.002957551164866956,-0.009258800168961424
2026-04-20 22:10:00,0.0030403796309190767,-0.00845456490817496
2026-04-20 22:15:00,0.0038133912880056187,-0.009865776819984956
2026-04-20 22:20:00,0.003192830873926411,-0.009186650322433236
2026-04-20 22:25:00,0.002710228254226621,-0.007873328094483201
2026-04-20 22:30:00,0.002899827378765707,-0.007380829099692984
2026-04-20 22:35:00,0.002791183668179542,-0.0072217529429355835
2026-04-20 22:40:00,0.00295003505003244,-0.0076281221940173675
2026-04-20 22:45:00,0.002547898844671437,-0.004022226713124326
2026-04-20 22:50:00,0.0016128300157252085,-0.0028486219644608462
2026-04-20 22:55:00,0.001436530187699958,-0.003995317527111215
2026-04-21 00:00:00,0.0003978722178121785,-0.0006984370949355941
2026-04-21 00:05:00,-0.0007976357258172584,-0.0012345578277768584
2026-04-21 00:10:00,-0.0006607968538769882,-0.0035181433583440953
2026-04-21 00:15:00,-0.001435313296886065,-0.0009959336154093256
2026-04-21 00:20:00,-0.0010396604436522239,-0.001150592431973653
2026-04-21 00:25:00,-0.0008576862885796288,-5.8597311349584984e-05
2026-04-21 00:30:00,-0.0008309219463296103,-0.00024557984565240894
2026-04-21 00:35:00,-0.0008431694969726067,0.0001193974653883117
2026-04-21 00:40:00,-0.0012635313441826668,-0.0005376223355851291
2026-04-21 00:45:00,-0.0017531866473809998,-0.0011677170639304627
2026-04-21 00:50:00,-0.0014551638072077822,-0.0005392724492407335
2026-04-21 00:55:00,-0.0011834848269316467,-0.0015452416999954006
2026-04-21 01:00:00,-0.0003274041439649267,-0.0024624499523320338
2026-04-21 01:05:00,0.0007748549606514388,-0.0007511029118030443
2026-04-21 01:10:00,0.00052204501959352,-0.0008489354703786685
2026-04-21 01:15:00,0.0006671694857907084,-0.00042812246564606366
2026-04-21 01:20:00,-7.667114609510861e-05,-0.00038455251232305255
2026-04-21 01:25:00,-0.0009123577406722205,-3.6214375810088245e-05
2026-04-21 01:30:00,-0.0012175835481453845,-0.00032581278489437695
2026-04-21 01:35:00,-0.0010741540515226689,0.00023117991830646093
2026-04-21 01:40:00,-0.0003565631496602606,-0.0001432704214370469
2026-04-21 01:45:00,0.0008127334205045855,-6.359334140606204e-05
2026-04-21 01:50:00,0.0007299194716967605,0.0004691112789503049
2026-04-21 01:55:00,0.00034420481770425226,0.0007985068069546469
2026-04-21 02:00:00,-0.0014103058345344976,0.002886655234369897
2026-04-21 02:05:00,-0.0020399454796411476,0.002236263707552927
2026-04-21 02:10:00,-0.0028185478570694755,0.0015464716288816425
2026-04-21 02:15:00,-0.002158513641415283,0.00016104990221579559
2026-04-21 02:20:00,-0.0017318463836062392,-0.0009793451992474577
2026-04-21 02:25:00,-0.0004647929783736515,-0.0009879138717087512
2026-04-21 02:30:00,1.4528473213815118e-05,-0.0009819696222494172
2026-04-21 02:35:00,-0.0012705664241057235,-0.0006724511504738185
2026-04-21 02:40:00,-0.0019467533979753426,-0.0008617030315856262
2026-04-21 02:45:00,-0.002589777228488188,-0.0008046261633899041
2026-04-21 02:50:00,-0.0029810922154673847,-0.0013244623796077914
2026-04-21 02:55:00,-0.0027777507298800685,-0.0015437335119963646
2026-04-21 03:00:00,-0.0023438436033647037,-0.001886058193323967
2026-04-21 03:05:00,-0.0021314572398587472,-0.0020000823091041574
2026-04-21 03:10:00,-0.0014923359485639054,-0.002055299571012425
2026-04-21 03:15:00,-0.0021444609664396097,-0.0021673917391293366
2026-04-21 03:20:00,-0.0023588862451937587,-0.0020285598448196267
2026-04-21 03:25:00,-0.0021608018330496748,-0.0021157037783679582
2026-04-21 03:30:00,-0.0029265555731896598,-0.0021676402815900726
2026-04-21 03:35:00,-0.0015155786266891624,-0.002291253948757781
2026-04-21 03:40:00,-0.001461515932986046,-0.0021966654568485702
2026-04-21 03:45:00,-0.0017968597232478345,-0.0019208500365399703
2026-04-21 03:50:00,-0.0006405577230488291,-0.0018816331629058945
2026-04-21 03:55:00,-0.0005094683236510633,-0.0019508276601310252
2026-04-21 04:00:00,0.0001206508490714242,-0.0015548584832209384
2026-04-21 04:05:00,-0.0010216343916376047,-0.0016002064969928011
2026-04-21 04:10:00,-0.00138208391932082,-0.0014171296700245522
2026-04-21 04:15:00,-0.0019823097894100528,-0.0011398116524089456
2026-04-21 04:20:00,-0.0023894923752934005,-0.0012144466220311153
2026-04-21 04:25:00,-0.0018966231854022908,-0.0016750274308450278
2026-04-21 04:30:00,-0.0010955025098766669,-0.001533423298476562
2026-04-21 04:35:00,-0.0023892534589275982,-0.001561345469191141
2026-04-21 04:40:00,-0.0023996012180802495,-0.0013981120942651534
2026-04-21 04:45:00,-0.0017875824068500634,-0.0016835069179179638
2026-04-21 04:50:00,-0.0023515332765828845,-0.0019326059295315964
2026-04-21 04:55:00,-0.0021676196226785294,-0.0019944633244630143
2026-04-21 05:00:00,-0.0020342879149986004,-0.002033160410330744
2026-04-21 05:05:00,-0.0019045640264305774,-0.0013604813763641297
2026-04-21 05:10:00,-0.0015404421133347057,-0.0014846421844776853
2026-04-21 05:15:00,-0.0009008333316948836,-0.0014450097316922189
2026-04-21 05:20:00,-0.000423495891846315,-0.0013859329891865713
2026-04-21 05:25:00,-0.0013262324852281182,-0.0016389964217027554
2026-04-21 05:30:00,-0.001395065365789705,-0.0011996861218148713
2026-04-21 05:35:00,-0.00042553991017513226,-0.00115694955963155
2026-04-21 05:40:00,-0.000615408384595284,-0.0017760458964988569
2026-04-21 05:45:00,-0.0011642707931471818,-0.0017431683839882561
2026-04-21 05:50:00,-0.0011976774004427426,-0.0017006563368347385
2026-04-21 05:55:00,-0.001704493117463457,-0.0014047681061139553
2026-04-21 06:00:00,-0.0013661474998407641,-0.0014491701525643484
2026-04-21 06:05:00,-0.0008596999509116188,-0.0015014423414893125
2026-04-21 06:10:00,-0.0008222620599092068,-0.0013363305006087874
2026-04-21 06:15:00,-0.0008536207916858274,-0.001389000579139321
2026-04-21 06:20:00,-0.0006220086906054689,-0.0013351166392089843
2026-04-21 06:25:00,-0.001043871940730412,-0.0013440013570085593
2026-04-21 06:30:00,7.303374892764225e-05,-0.0011146094581424033
2026-04-21 06:35:00,0.000642412154505223,-0.0009130033340402285
2026-04-21 06:40:00,0.0008989945841886282,-0.0007488922564667409
2026-04-21 06:45:00,0.00016909117707974985,-0.00072911000742134
2026-04-21 06:50:00,-0.0002985994039761408,-0.00037721129843349994
2026-04-21 06:55:00,-0.0010612984351752175,-0.0001528738627259662
2026-04-21 07:00:00,-0.001781922837762906,-0.00028933096741378967
2026-04-21 07:05:00,-0.0005617080247457551,-0.0005532452451668821
2026-04-21 07:10:00,-0.0009984752150735687,-0.0003782493967730223
2026-04-21 07:15:00,-0.0018098304201501492,-0.0006745282485187059
2026-04-21 07:20:00,-0.0017846810597568208,-0.0004392204089559252
2026-04-21 07:25:00,-0.0016013282318390054,-0.0010001225555651037
2026-04-21 07:30:00,-0.002814610659884309,-0.0010615332668787237
2026-04-21 07:35:00,-0.0036827760801703135,-0.0013322448337077784
2026-04-21 07:40:00,-0.003404169736514362,-0.0014248605785630991
2026-04-21 07:45:00,-0.0026816868257473203,-0.0018786752227453558
2026-04-21 07:50:00,-0.002473657243346139,-0.001839423476859928
2026-04-21 07:55:00,-0.0014056550637011611,-0.0019823507691220875
2026-04-21 08:00:00,-0.0016091724187905498,-0.0023825500737924906
2026-04-21 08:05:00,-0.0013753234072861886,-0.0020232807463885045
2026-04-21 08:10:00,-0.00032398751572770834,-0.0022066409519839385
2026-04-21 08:15:00,0.0007799244098709579,-0.0018484979011004197
2026-04-21 08:20:00,0.0006273001209375906,-0.0013347859035443682
2026-04-21 08:25:00,0.0007926225869034909,-0.0015129695266901258
2026-04-21 08:30:00,0.0005773587671029645,-0.0011167240222837395
2026-04-21 08:35:00,0.0008116679803311655,-0.0005889005035130007
2026-04-21 08:40:00,0.0013735045439293714,-0.00018443633541331353
2026-04-21 08:45:00,0.0026441134794392696,0.00031078402557714797
2026-04-21 08:50:00,0.0026093952983448077,0.0006665034518589802
2026-04-21 08:55:00,0.001769297511051704,0.001110145388398682
2026-04-21 09:00:00,0.0023177259855060584,0.0013243867082649147
2026-04-21 09:05:00,-8.575907770236313e-05,0.0015587606706806989
2026-04-21 09:10:00,-0.0015335709572656953,0.0013820744865915666
2026-04-21 09:15:00,-0.00023203190020204545,5.3499743482845815e-05
2026-04-21 09:20:00,0.0007000204023128731,0.000370247413169751
2026-04-21 09:25:00,0.0007982614207477923,0.0004211006497881315
2026-04-21 09:30:00,0.0013604946691270214,0.0007389458951038039
2026-04-21 09:35:00,0.001322777775035533,0.0008828057890726374
2026-04-21 09:40:00,0.0011024553713951946,0.0007897083674994012
2026-04-21 09:45:00,-0.00015865858376251651,0.0005716205408508754
2026-04-21 09:50:00,-7.099914595265489e-05,0.0010396835963504064
2026-04-21 09:55:00,0.00011491695173404537,0.0008226771472952658
2026-04-21 10:00:00,-0.00010029566334068818,0.0005962214439085473
2026-04-21 10:05:00,0.0011435465610691864,0.00028399659268018505
2026-04-21 10:10:00,0.0017279760625790175,0.0004887141247297378
2026-04-21 10:15:00,0.000800387070608366,0.000311196873749036
2026-04-21 10:20:00,-0.00035308337208306284,0.0003712825098252024
2026-04-21 10:25:00,-0.0010972510262909907,0.00023140774908247944
2026-04-21 10:30:00,-0.000727038769818833,0.0002666016069210421
2026-04-21 10:35:00,-0.0010906949350566464,0.00019119512037166304
2026-04-21 10:40:00,-0.0008956523880989664,-0.00020835576038343674
2026-04-21 10:45:00,-0.0009294933051187115,-4.281970817988765e-05
2026-04-21 10:50:00,-0.00012739345695145232,-0.0005373537933298862
2026-04-21 10:55:00,-0.0006687928955955158,-0.0005003964346617096
2026-04-21 11:00:00,-0.00044936447035759386,-0.0004231000218808473
2026-04-21 11:05:00,-0.00013581917265170773,-0.00037072478113190234
2026-04-21 11:10:00,-0.00034075646173015173,-0.0004629691887818225
2026-04-21 11:15:00,-0.0008672891489869272,-0.0005232703381649
2026-04-21 11:20:00,-0.0006124460512566543,-0.00040102600465041153
2026-04-21 11:25:00,0.00021536515454023686,-0.0005494026827311552
2026-04-21 11:30:00,-5.016009431102475e-05,-0.00043930515202375434
2026-04-21 11:35:00,0.0008149993763950647,-0.00033545566113728887
2026-04-21 11:40:00,-0.00027574681603681483,-0.00023062273280772026
2026-04-21 11:45:00,0.00033221029844021643,-7.372936379729677e-05
2026-04-21 11:50:00,0.0004405870528234601,-0.00013937106214850667
2026-04-21 11:55:00,0.0014185629351164408,9.745705829759711e-05
2026-04-21 12:00:00,0.0008191548953284666,0.0001632900898944878
2026-04-21 12:05:00,-0.001011910946200345,-8.259628051970762e-05
2026-04-21 12:10:00,-0.0001233699227771723,-0.00024979778562171895
2026-04-21 12:15:00,-0.00018609494450494424,1.4480590418231196e-05
2026-04-21 12:20:00,-0.0001526473337243317,-0.0002568326851361087
2026-04-21 12:25:00,0.00010243898878670166,-9.431376840381949e-05
2026-04-21 12:30:00,0.0006414415311972732,-0.0002431752699000713
2026-04-21 12:35:00,0.0006160329553175359,-5.484794053548634e-05
2026-04-21 12:40:00,0.0014092698870697973,7.708113297225495e-05
2026-04-21 12:45:00,0.0019429943033237862,0.0007386463104877962
2026-04-21 12:50:00,0.0007366621193209966,0.0016230290092688754
2026-04-21 12:55:00,0.0010787656379527277,0.0013180118216384606
2026-04-21 13:00:00,0.0012066127172918328,0.0013395132893886583
2026-04-21 13:05:00,0.0031369331422013147,0.0014305173835326224
2026-04-21 13:10:00,0.0019971386564332505,0.0010066183824905244
2026-04-21 13:15:00,0.00025717825417359563,0.0016511750216076592
2026-04-21 13:20:00,0.00019446445491411168,0.001247814438294407
2026-04-21 13:25:00,-0.0010290476779832858,0.0012270902212833073
2026-04-21 13:30:00,-8.772992556949077e-05,0.0009050841804784375
2026-04-21 13:35:00,-0.0020040191561445653,0.000704262698799721
2026-04-21 13:40:00,-0.0028958517236734593,0.0003585269452847214
2026-04-21 13:45:00,-0.0038437241157431856,-0.00017594849033490556
2026-04-21 13:50:00,-0.0027930032267775573,-0.0008259663267815774
2026-04-21 13:55:00,-0.0032272411100908727,-0.001455431898192982
2026-04-21 14:00:00,-0.002883255310019095,-0.001749295220034113
2026-04-21 14:05:00,-0.005794935467418938,-0.002224962060882151
2026-04-21 14:10:00,-0.005524841245446055,-0.0027659004401267002
2026-04-21 14:15:00,-0.003084221732230219,-0.0032527873529075257
2026-04-21 14:20:00,-0.002679827331339979,-0.0033042260736746666
2026-04-21 14:25:00,-0.0007431621576383662,-0.0033134635508463794
2026-04-21 14:30:00,-0.0024051242807825446,-0.0030826719221281594
2026-04-21 14:35:00,0.000890706602444169,-0.0029961423986629983
2026-04-21 14:40:00,0.002100641311058027,-0.0023239030114588534
2026-04-21 14:45:00,0.002255801175049754,0.00022000855226262758
2026-04-21 14:50:00,0.0018851407629689731,0.0008462634725835061
2026-04-21 14:55:00,-0.00014227995278481842,0.0011018531018497728
2026-04-21 15:00:00,0.00022594615046322986,0.000632695077556138
2026-04-21 15:05:00,0.0026098901527245033,0.0001719769096195558
2026-04-21 15:10:00,0.0028876075151327285,0.0016940016356702969
2026-04-21 15:15:00,0.0019358169785110846,0.0017159641900369046
2026-04-21 15:20:00,0.0005889213792524828,0.0010596779139934443
2026-04-21 15:25:00,-0.0002220090572055966,-0.0007169343296083035
2026-04-21 15:30:00,-0.001536029404833883,-0.0013824958867555365
2026-04-21 15:35:00,-0.004908733368480966,-0.0015584630274440734
2026-04-21 15:40:00,-0.009214895776066712,-0.0016534696249315911
2026-04-21 15:45:00,-0.012778061392131335,-0.002546300564675952
2026-04-21 15:50:00,-0.010615095639389338,-0.003533144686578314
2026-04-21 15:55:00,-0.008274408036882619,-0.004390266632857485
2026-04-21 16:00:00,-0.009555089711925646,-0.005398613273725302
2026-04-21 16:05:00,-0.00840063044821271,-0.006955746065387454
2026-04-21 16:10:00,-0.006410951185449321,-0.007669872205314273
2026-04-21 16:15:00,-0.004646804641904367,-0.00806530815367705
2026-04-21 16:20:00,-0.004855846627236815,-0.008021770486249446
2026-04-21 16:25:00,-0.006596841521194108,-0.007870185273802099
2026-04-21 16:30:00,-0.0050542959693871126,-0.0076688343152745975
2026-04-21 16:35:00,-0.003937240793209895,-0.007289418762880728
2026-04-21 16:40:00,0.00018332056813363806,-0.007450251058313321
2026-04-21 16:45:00,0.003920120787055836,-0.005992288024911581
2026-04-21 16:50:00,0.0004620423832015774,-0.00507802126852076
2026-04-21 16:55:00,0.0006875867663680424,-0.0035325811083068365
2026-04-21 17:00:00,0.0010659620365967015,-0.002776711956319991
2026-04-21 17:05:00,-0.0011229007476174502,-0.0037667218714347193
2026-04-21 17:10:00,-0.00384229161568328,-0.0018021461511257269
2026-04-21 17:15:00,-0.004888232994080255,-0.0012553365757525343
2026-04-21 17:20:00,-0.004016713556232787,-0.0010761875207951444
2026-04-21 17:25:00,-0.004647421061989121,-0.0012662132415769065
2026-04-21 17:30:00,-0.004158844476512158,-0.002156179640608416
2026-04-21 17:35:00,-0.003973972679697013,-0.0023243061469203504
2026-04-21 17:40:00,-0.005213494195301038,-0.00293162514121578
2026-04-21 17:45:00,-0.00535097844496768,-0.003411998657766224
2026-04-21 17:50:00,-0.006670698321727286,-0.003086877391120877
2026-04-21 17:55:00,-0.006723162393376114,-0.004267842643005165
2026-04-21 18:00:00,-0.005810058025666365,-0.004923497438843862
2026-04-21 18:05:00,-0.005176975870936573,-0.00491183002854396
2026-04-21 18:10:00,-0.004778579061049726,-0.004786424728247744
2026-04-21 18:15:00,-0.0065571642164439226,-0.005338746162703344
2026-04-21 18:20:00,-0.005802439220676803,-0.0047551130314040894
2026-04-21 18:25:00,-0.004430784057069204,-0.005014635686240225
2026-04-21 18:30:00,-0.004152833411756873,-0.005735462496195317
2026-04-21 18:35:00,-0.0032844581921249727,-0.005105135851780517
2026-04-21 18:40:00,-0.0007330803898781824,-0.004139585796465983
2026-04-21 18:45:00,-0.0019463715232141965,-0.005147484736653691
2026-04-21 18:50:00,-0.0005054999778426605,-0.004043317923101018
2026-04-21 18:55:00,0.0001867766390315495,-0.004043869132428512
2026-04-21 19:00:00,-0.00041387259045855274,-0.004148410106653497
2026-04-21 19:05:00,-0.0004713866285683821,-0.002199564759013603
2026-04-21 19:10:00,-0.0006608367368219348,-0.0012290786377544655
2026-04-21 19:15:00,-0.001115152352996418,-0.0013301303518819705
2026-04-21 19:20:00,-0.0018493439463167505,-0.0023928812305813317
2026-04-21 19:25:00,-0.000581044555644894,-0.0019962520784662947
2026-04-21 19:30:00,-0.0005931532433258724,-0.0024057675966996043
2026-04-21 19:35:00,-0.0014644107302164144,-0.001292185317917588
2026-04-21 19:40:00,-0.0031758189134425407,-0.0012381795525703162
2026-04-21 19:45:00,-0.0021160431954019288,-0.0013415255842764379
2026-04-21 19:50:00,0.00044391911205998724,-0.0013370634846339713
2026-04-21 19:55:00,-0.0003353738813398621,-0.001393914987845364
2026-04-21 20:00:00,-0.0001337493009341273,-0.0008536104410481636
2026-04-21 20:05:00,0.0002760641760559679,-0.0008759693496853072
2026-04-21 20:10:00,0.000960300571367867,-0.00044420083190216354
2026-04-21 20:15:00,0.002267304581533125,-0.0005110379594811508
2026-04-21 20:20:00,0.0042341781329913175,0.00014460579450740972
2026-04-21 20:25:00,0.0036275927790967444,0.00027062179467384254
2026-04-21 20:30:00,0.0016934877030436724,-0.0004057087879308091
2026-04-21 20:35:00,-6.593829666812212e-05,0.0010184811741506081
2026-04-21 20:40:00,-0.006745899014841683,0.0008975802611998435
2026-04-21 20:45:00,-0.003944458852139121,-0.0004765019563086051
2026-04-21 20:50:00,-0.006004258706319376,-0.0016371815779719176
2026-04-21 20:55:00,-0.006744030298269976,-0.002419789079638578
2026-04-21 21:00:00,-0.007268404563093966,-0.0031205498414489273
2026-04-21 21:05:00,-0.006095359195041894,-0.003924219065924355
2026-04-21 21:10:00,-0.0023066982044834816,-0.004146553660087308
2026-04-21 21:15:00,-0.0007566145686208614,-0.004427850415636742
2026-04-21 21:20:00,-0.001025015342948521,-0.0046623575327307855
2026-04-21 21:25:00,-0.0018174642890151915,-0.004200109534140587
2026-04-21 21:30:00,4.670555966868051e-05,-0.003530507755075396
2026-04-21 21:35:00,0.002129098041550037,-0.0020910628093962864
2026-04-21 21:40:00,0.008536721689019089,-0.0009225421768922051
2026-04-21 21:45:00,0.006495477934455707,-0.002932542047202154
2026-04-21 21:50:00,0.007748289768635175,0.0010312004475966643
2026-04-21 21:55:00,0.008794843229882332,0.0002333651198269321
2026-04-21 22:00:00,0.010655450560953739,0.0017382485439537845
2026-04-21 22:05:00,0.008472725087553812,0.0041170013217477625
2026-04-21 22:10:00,0.004966076832879196,0.006034955292827044
2026-04-21 22:15:00,0.00366085830906826,0.006641236178043781
2026-04-21 22:20:00,0.0018391853374186695,0.0068785211183733305
2026-04-21 22:25:00,0.0028881361477157697,0.006556624629235709
2026-04-21 22:30:00,0.0015527788734690517,0.006267723635670141
2026-04-21 22:35:00,0.001594913582867008,0.005677575927784157
2026-04-21 22:40:00,0.0012027020880704953,0.004931502085517098
2026-04-21 22:45:00,0.0005471643029117956,0.004382921563031731
2026-04-21 22:50:00,0.000320045105775435,0.003761182363130411
2026-04-21 22:55:00,-0.00011865010099221251,0.0028700514961191997
2026-04-22 00:00:00,-0.0008319212673697507,0.0035368244066924983
2026-04-22 00:05:00,0.0009104267777697572,0.0019645763872473067
2026-04-22 00:10:00,0.0012847391916093187,0.001403993119958695
2026-04-22 00:15:00,0.002310574227855966,0.0012311745944859874
2026-04-22 00:20:00,0.0030134400118306814,0.001117452044798716
2026-04-22 00:25:00,0.002319739773321672,0.0026425796612006575
2026-04-22 00:30:00,0.003125812700293551,0.0019842224422956297
2026-04-22 00:35:00,0.0025250213692338264,0.0024958228566642963
2026-04-22 00:40:00,0.003039541752556829,0.0024103121414528624
2026-04-22 00:45:00,0.00458819742766714,0.0023950827654379524
2026-04-22 00:50:00,0.004288457781711941,0.0027552972911728093
2026-04-22 00:55:00,0.004161280775809573,0.002447645799202868
2026-04-22 01:00:00,0.004500619299729891,0.002404422197088531
2026-04-22 01:05:00,0.004192072468777397,0.0026553939947717357
2026-04-22 01:10:00,0.00329424881854834,0.0029374029796466377
2026-04-22 01:15:00,0.002450730693302816,0.0031381754136119216
2026-04-22 01:20:00,0.0019104339750057875,0.0030318206023180238
2026-04-22 01:25:00,0.002582204922145337,0.002873346650697891
2026-04-22 01:30:00,0.002633579643193329,0.002812689644037692
2026-04-22 01:35:00,0.003009831708155275,0.002761161340148628
2026-04-22 01:40:00,0.0021934763981441563,0.0026304191234053586
2026-04-22 01:45:00,0.0011495648212491716,0.0023852039492439463
2026-04-22 01:50:00,0.0001687934647183198,0.001423930690343457
2026-04-22 01:55:00,-1.6880771113392257e-05,-0.0007855046115174819
2026-04-22 02:00:00,-0.0006875157123520381,-0.0010543086216161313
2026-04-22 02:05:00,-0.0012526124085958656,-0.0011485789696701319
2026-04-22 02:10:00,-0.0010335634810854089,-0.000923781796122969
2026-04-22 02:15:00,-0.0005377597060771677,-0.0012928853632126899
2026-04-22 02:20:00,0.0009338338349103026,-0.0009246256872046829
2026-04-22 02:25:00,0.0009315874121167411,-0.0003453095820488176
2026-04-22 02:30:00,0.0006720550706056372,-0.00042120972622302835
2026-04-22 02:35:00,0.0013521057628924638,0.00013614792953979494
2026-04-22 02:40:00,0.0016309023725185057,2.3968948778457134e-05
2026-04-22 02:45:00,0.0019838434932211158,0.0004511067088859454
2026-04-22 02:50:00,0.0029913525935629792,0.0004935166255422637
2026-04-22 02:55:00,0.0029477010223928346,9.261841100984758e-06
2026-04-22 03:00:00,0.0026525521860314427,0.0004891750636632641
2026-04-22 03:05:00,0.003067590472275228,0.0012687892058117344
2026-04-22 03:10:00,0.0036779926698695675,0.0011035838851201003
2026-04-22 03:15:00,0.0036069385740447046,0.0011931547234385073
2026-04-22 03:20:00,0.0019996428356066076,0.0012821466560450812
2026-04-22 03:25:00,0.001911040414579901,0.0020600467256960864
2026-04-22 03:30:00,0.0017843357769589119,0.001947019881317433
2026-04-22 03:35:00,0.00045029596146939355,0.0017339228943319754
2026-04-22 03:40:00,0.00037889871438423484,0.0016407350539254417
2026-04-22 03:45:00,-0.000284067298505164,0.0009573961758975201
2026-04-22 03:50:00,0.0002755125128501845,0.0005105880886911436
2026-04-22 03:55:00,0.0005615844822166594,0.0002144186999071219
2026-04-22 04:00:00,0.0013646166946053029,0.0004755920903366051
2026-04-22 04:05:00,0.0012382730933389041,0.0004134234933830062
2026-04-22 04:10:00,0.0003784064508796092,0.0005026296218312103
2026-04-22 04:15:00,0.0001387114132302969,0.0006810442520392486
2026-04-22 04:20:00,0.0008953850438349065,0.000503709258509666
2026-04-22 04:25:00,0.0015295663048657815,0.00043458473372579113
2026-04-22 04:30:00,0.0009497854241136139,0.0006244144599568194
2026-04-22 04:35:00,0.001015577531376266,0.0006858865826943766
2026-04-22 04:40:00,0.001667551997980965,0.000800567067198597
2026-04-22 04:45:00,0.0015267018011613231,0.0010850738088723033
2026-04-22 04:50:00,0.000609643314486874,0.0010875405004137787
2026-04-22 04:55:00,0.000542355222322044,0.0005834687841462854
2026-04-22 05:00:00,-1.2607346301152234e-05,0.0006492847880461552
2026-04-22 05:05:00,-0.00024164765997802817,0.00021084573310301545
2026-04-22 05:10:00,-4.203809072045317e-05,0.00022521693260257568
2026-04-22 05:15:00,-0.00040147516385502513,-0.0001267077380577404
2026-04-22 05:20:00,-0.0007734310035356629,0.0002666162458176576
2026-04-22 05:25:00,-0.0015043346997565266,-6.584737476934389e-05
2026-04-22 05:30:00,-0.0012883119538429355,-0.0005807933463641006
2026-04-22 05:35:00,-0.000939846729099969,-0.00014479953906481254
2026-04-22 05:40:00,-0.0006284225854660264,-0.0006119780734442546
2026-04-22 05:45:00,-0.0002416776221441097,-0.000666386480775188
2026-04-22 05:50:00,-0.0007379259570754471,-0.00039195334930569294
2026-04-22 05:55:00,-0.0007547527176718916,-0.0003100409633520023
2026-04-22 06:00:00,-0.001238395458674546,-0.0006063378035231908
2026-04-22 06:05:00,-0.0005717817463111174,-0.0006874356634198739
2026-04-22 06:10:00,-0.00015345402978361733,-0.00032791186982948693
2026-04-22 06:15:00,0.002712600551406652,-0.0005540874976614023
2026-04-22 06:20:00,0.002656166752030842,0.00019577077392273962
2026-04-22 06:25:00,0.002138166654773954,0.0005150608182775535
2026-04-22 06:30:00,0.002230901204848479,0.0004883678918381584
2026-04-22 06:35:00,0.002592422087900559,0.0006272873844070167
2026-04-22 06:40:00,0.002307881522785493,0.0011321890337177643
2026-04-22 06:45:00,0.002386894005404372,0.0011942604654793573
2026-04-22 06:50:00,0.002789062306227663,0.001785878969927767
2026-04-22 06:55:00,0.0027576548650660726,0.0017750389638039263
2026-04-22 07:00:00,0.0012194841411972135,0.0016527847704607501
2026-04-22 07:05:00,0.0010592197231780176,0.0013386696051062952
2026-04-22 07:10:00,0.0012668667755288965,0.0016456871122551714
2026-04-22 07:15:00,-0.0011874318254854188,0.0008568667275938581
2026-04-22 07:20:00,-0.0011182996298852999,0.0003209677862600668
2026-04-22 07:25:00,0.00018042172578169868,0.0008115861519534815
2026-04-22 07:30:00,2.7277772709055625e-05,0.0010419756859656767
2026-04-22 07:35:00,-0.00029167947779917824,0.000744650240306901
2026-04-22 07:40:00,-0.0007910936284680758,0.0001644428499046873
2026-04-22 07:45:00,-0.0006586081792221421,0.00010761513441215174
2026-04-22 07:50:00,-0.0002957590068106697,0.00039647011435429204
2026-04-22 07:55:00,-4.824083503685017e-05,-7.124449186585433e-05
2026-04-22 08:00:00,0.002107460220855728,0.00013972167030523562
2026-04-22 08:05:00,0.0018781949253092733,0.0005560038946318576
2026-04-22 08:10:00,0.0005772260356966541,0.00035431456177870087
2026-04-22 08:15:00,3.1487236650917794e-05,0.0006098228617901843
2026-04-22 08:20:00,0.0005309810786968683,0.00038930042163987035
2026-04-22 08:25:00,-0.0001720292957543279,0.00046284340919659425
2026-04-22 08:30:00,-0.00027700889333637235,0.0005521739223934567
2026-04-22 08:35:00,-5.2469365773077925e-05,0.0005392416829568884
2026-04-22 08:40:00,3.988441915758756e-05,0.0009155580212001283
2026-04-22 08:45:00,-0.0010013278400720083,0.00038006036397682447
2026-04-22 08:50:00,-0.001318344702916363,0.0004129774719975985
2026-04-22 08:55:00,-0.0012886816095765141,0.00015557852621641532
2026-04-22 09:00:00,-0.0019813915258577453,-0.00019495990912761038
2026-04-22 09:05:00,-0.0020357458697333186,-0.0005668929870762029
2026-04-22 09:10:00,-0.0015792417043432039,-0.0005381258964173768
2026-04-22 09:15:00,-0.001043805258142072,0.00010905803334717303
2026-04-22 09:20:00,-0.0023926898913515515,-0.00028258831993407637
2026-04-22 09:25:00,-0.00252510002431805,-0.0008314875509230767
2026-04-22 09:30:00,-0.002431314495622061,-0.0008629691873909929
2026-04-22 09:35:00,-0.0024039483380988713,-0.0015500780808592532
2026-04-22 09:40:00,-0.001615541478873439,-0.001842833564934992
2026-04-22 09:45:00,-0.0012041801000108876,-0.0014788565604612462
2026-04-22 09:50:00,-0.0006367024492774931,-0.0016356899515746837
2026-04-22 09:55:00,-0.0009076908507292814,-0.0011870030293009309
2026-04-22 10:00:00,7.773444028380538e-05,-0.000730234502550598
2026-04-22 10:05:00,0.00021216281159652794,-0.000746400377119275
2026-04-22 10:10:00,0.0005673019900562792,-0.00025790679296691215
2026-04-22 10:15:00,0.00030044194605594043,2.556076681578118e-05
2026-04-22 10:20:00,0.0013262448098139146,0.00047435211295316797
2026-04-22 10:25:00,0.000498382370524908,0.0004724144322722441
2026-04-22 10:30:00,0.0006625253816032739,0.0007780594003510813
2026-04-22 10:35:00,0.0011921897224773659,0.00026738018201071754
2026-04-22 10:40:00,0.0004897700175785502,-0.00045181107399101046
2026-04-22 10:45:00,0.00051085032460918,0.00036490590980963334
2026-04-22 10:50:00,-0.0005508750010534413,-0.00012589017474541888
2026-04-22 10:55:00,-0.00034690503244583226,0.0001729118844934817
2026-04-22 11:00:00,-0.002233594427208274,-2.803597855146719e-06
2026-04-22 11:05:00,-0.002591045522571278,-0.00021503927270321164
2026-04-22 11:10:00,-0.002546973666188279,-0.0004367936742141692
2026-04-22 11:15:00,-0.0013495448911484687,-8.855034433729773e-05
2026-04-22 11:20:00,-0.002197352497189442,-0.0005482663072412037
2026-04-22 11:25:00,-0.0003763924198221247,-0.0009738885651654454
2026-04-22 11:30:00,0.0004792684941179459,-0.00020042824265473113
2026-04-22 11:35:00,-0.000313153829392121,-0.0004866693041259204
2026-04-22 11:40:00,-0.000401467569020042,0.0001750905875592849
2026-04-22 11:45:00,-0.00018496915481946985,-8.735427119151013e-06
2026-04-22 11:50:00,0.000576098650748591,0.00047796479428774055
2026-04-22 11:55:00,0.0008092579546605805,-0.0003818690144106029
2026-04-22 12:00:00,0.0018154380285224647,5.6208267528150174e-05
2026-04-22 12:05:00,0.0017000795220649678,0.00022800536376321525
2026-04-22 12:10:00,0.0018346428540265691,0.000490204391436646
2026-04-22 12:15:00,0.0012928250023040988,-0.00022303118740582304
2026-04-22 12:20:00,0.0014388128491855667,0.000858852895546639
2026-04-22 12:25:00,0.0006013191356526448,0.00019775048048434817
2026-04-22 12:30:00,-0.00021438119580707848,0.0004075720411117871
2026-04-22 12:35:00,-0.00046255414810758566,0.0009035632139696309
2026-04-22 12:40:00,-0.0016306472652534154,0.0007611496633494698
2026-04-22 12:45:00,-0.0010810720912211025,0.00014991066974356947
2026-04-22 12:50:00,-0.0013735124634344231,2.8397540024861152e-05
2026-04-22 12:55:00,-0.0017244030374587993,-1.4084619790682104e-05
2026-04-22 13:00:00,-0.000250136893447106,0.00020853495940534425
2026-04-22 13:05:00,-0.000868615181344623,-0.00022666965088016035
2026-04-22 13:10:00,-0.0010536666362099822,0.00013351648360607993
2026-04-22 13:15:00,-0.002627342900613172,-0.0005224756442191869
2026-04-22 13:20:00,-0.0010915412951284509,-0.0004091046410973113
2026-04-22 13:25:00,-0.0011167228817399177,-0.0007926536605452682
2026-04-22 13:30:00,-0.0009189969070728665,-0.001082050587664204
2026-04-22 13:35:00,-0.0009615355009824356,-0.0006985504972380173
2026-04-22 13:40:00,-0.00041492421909872235,-0.0012444252600907692
2026-04-22 13:45:00,-0.0016301260954847407,-0.0013425379229975343
2026-04-22 13:50:00,-0.000975013001953684,-0.0014516924552707134
2026-04-22 13:55:00,-0.0013648055059469755,-0.001175921823800719
2026-04-22 14:00:00,-0.0032131958067385114,-0.0013017278522316292
2026-04-22 14:05:00,-0.0018259190738572073,-0.001289235891082817
2026-04-22 14:10:00,-0.0020558455583543633,-0.0019272569515215005
2026-04-22 14:15:00,-0.0008070472729251321,-0.0013364888396619706
2026-04-22 14:20:00,-0.0009537073725702783,-0.0013888769558576771
2026-04-22 14:25:00,-0.00039988382855504767,-0.0003257025466948245
2026-04-22 14:30:00,-0.0017878374987603252,-0.000645540722898335
2026-04-22 14:35:00,-0.00034738999929295744,3.2764380350304597e-05
2026-04-22 14:40:00,0.0018269035496611963,5.91725405745655e-05
2026-04-22 14:45:00,0.0026565416609134473,0.0010015435621826118
2026-04-22 14:50:00,0.001841828540246837,0.0007911417448470915
2026-04-22 14:55:00,0.0018382609715761333,0.0012971116196293612
2026-04-22 15:00:00,0.0007568514919089608,-0.0001635970798481288
2026-04-22 15:05:00,0.0005542355432126556,-0.0005196922182552011
2026-04-22 15:10:00,0.0006365842202971095,0.0014732060579227097
2026-04-22 15:15:00,0.0006743401205522304,0.00014793252931865594
2026-04-22 15:20:00,-0.000469819381001102,0.0008669620594256765
2026-04-22 15:25:00,-0.0013481548122467046,-0.00012425814874460344
2026-04-22 15:30:00,-0.0017361426773998545,-0.0013031146002439346
2026-04-22 15:35:00,-0.0024076736690243905,-0.0009457937132513954
2026-04-22 15:40:00,-0.004698174165207902,-0.0011227448571654028
2026-04-22 15:45:00,-0.004050784571479227,-0.0010761666014853255
2026-04-22 15:50:00,-0.0037060528544827775,-0.0012374664766831827
2026-04-22 15:55:00,-0.003570115173543442,-0.0012381974535216101
2026-04-22 16:00:00,-0.0019343773467763725,-0.0007484213203785583
2026-04-22 16:05:00,-0.0021491120252221663,-0.001561887749139681
2026-04-22 16:10:00,-0.0016513190576024073,-0.0023849044846548802
2026-04-22 16:15:00,-0.0028099387307793933,-0.0022659097774891616
2026-04-22 16:20:00,-0.002360862694999355,-0.0017929189025063016
2026-04-22 16:25:00,-0.0018799159469065074,-0.002101699802365752
2026-04-22 16:30:00,-0.0006483981941070027,-0.0015671999054941653
2026-04-22 16:35:00,-0.001969236606624847,-0.002206816325767497
2026-04-22 16:40:00,-0.0013022762073706673,-0.0007853948134123595
2026-04-22 16:45:00,-0.0019522507785083576,-0.0020823063835820337
2026-04-22 16:50:00,-0.002106703029445711,-0.0001952470532064844
2026-04-22 16:55:00,-0.0016862163239252936,-0.0014782005313350383
2026-04-22 17:00:00,-0.0011197239466156361,-0.00032659476769971373
2026-04-22 17:05:00,-0.0005617657331260517,-0.0015976688029418521
2026-04-22 17:10:00,-0.0015758280581295026,-0.0009590140468022322
2026-04-22 17:15:00,-0.001750706649900735,-0.0017091560008303112
2026-04-22 17:20:00,-0.0019367312518152602,-0.0024127420703233104
2026-04-22 17:25:00,-0.0016697776312266654,-0.0020291724717890016
2026-04-22 17:30:00,-0.0009490664879212574,-0.00182924175813475
2026-04-22 17:35:00,0.0006237294358300005,-0.000830850710323093
2026-04-22 17:40:00,0.0002432485324543876,-0.00042637052110666625
2026-04-22 17:45:00,0.0003510100031594021,-0.0026835421575685126
2026-04-22 17:50:00,0.0005625034511780314,-0.0016892361482602552
2026-04-22 17:55:00,8.036052272508698e-05,-0.0019510307737246504
2026-04-22 18:00:00,0.001098608680489832,-0.0017000450409102696
2026-04-22 18:05:00,0.0006293253122553466,-0.0010667388888340958
2026-04-22 18:10:00,0.0011050296873040821,-0.0008191733296077311
2026-04-22 18:15:00,0.0017823941017773848,-0.00043032803957181447
2026-04-22 18:20:00,0.0022809751488441776,-0.0007048885841140316
2026-04-22 18:25:00,0.0016993434987018219,-0.0005913731818802966
2026-04-22 18:30:00,0.0017452490775315965,0.00013960308917966764
2026-04-22 18:35:00,0.0009697078010084681,0.00031202176319388835
2026-04-22 18:40:00,0.0017834243507142133,0.000542109643885758
2026-04-22 18:45:00,0.0014365875915771653,-0.0002799061158653567
2026-04-22 18:50:00,0.0014386531113377288,0.0007303998893263522
2026-04-22 18:55:00,0.0017662996398666309,0.0010826957636882256
2026-04-22 19:00:00,0.0002132437014097377,4.7419410255383655e-05
2026-04-22 19:05:00,0.00010977458222782843,0.0007065388164334888
2026-04-22 19:10:00,-4.223409938219902e-06,0.00036120648647890353
2026-04-22 19:15:00,-0.00018380119944971796,0.0006284891753847606
2026-04-22 19:20:00,-0.0006843803140252902,8.032969602328521e-05
2026-04-22 19:25:00,-0.0009676799889692944,0.000513862443834491
2026-04-22 19:30:00,-0.000777168190428057,0.0005130621392957198
2026-04-22 19:35:00,0.0005214364319314768,0.0002388743334977264
2026-04-22 19:40:00,0.000590955444385699,-0.0001786356438782997
2026-04-22 19:45:00,0.0021657651114406207,0.0003186219620439117
2026-04-22 19:50:00,0.0010359841878759823,0.0006147997169387425
2026-04-22 19:55:00,0.0009895381943145765,0.0006725139349510676
2026-04-22 20:00:00,0.0010571015094900105,-5.056307468983264e-06
2026-04-22 20:05:00,0.0006309701005022816,0.0003710782452743583
2026-04-22 20:10:00,0.0006776290841834509,0.0003191604567144978
2026-04-22 20:15:00,0.0017373667964903916,7.077910864823816e-05
2026-04-22 20:20:00,0.001967386776332347,0.0005719899617584285
2026-04-22 20:25:00,0.002976111008278437,-2.9697667044773923e-05
2026-04-22 20:30:00,0.0017730875357653275,0.00040941804066915033
2026-04-22 20:35:00,0.00041568767894695213,0.0006544092677726704
2026-04-22 20:40:00,-2.742948775669163e-05,0.000423909395626689
2026-04-22 20:45:00,-0.0016887675696981574,0.0004542762332524486
2026-04-22 20:50:00,-0.00025942279628310416,0.0009624077115928654
2026-04-22 20:55:00,-0.0003205959737826447,0.0005003733342387781
2026-04-22 21:00:00,-0.0005168062334277579,0.00017854202477548666
2026-04-22 21:05:00,-0.0005022114289019441,-0.00026615011953110983
2026-04-22 21:10:00,-0.0005488231048751402,-1.717104166366721e-05
2026-04-22 21:15:00,-0.0009221384557385193,-0.00023236905049097553
2026-04-22 21:20:00,-0.0012998991032393548,0.0002160340232704646
2026-04-22 21:25:00,-0.0016389314125806465,-0.00020367526664895617
2026-04-22 21:30:00,-0.0005885697398255729,0.0003798297586205162
2026-04-22 21:35:00,-0.0004811161988396151,-0.0006484322069759605
2026-04-22 21:40:00,-0.0003650948284672495,-0.0004452127984538389
2026-04-22 21:45:00,-4.642339402138873e-05,-0.0004224349122862471
2026-04-22 21:50:00,-0.00042196942191807807,-0.0004414089875029406
2026-04-22 21:55:00,-0.00010759141852823007,7.708917524798457e-07
2026-04-22 22:00:00,0.000525241670699117,4.131024737070059e-05
2026-04-22 22:05:00,0.0002068234874439412,-4.715900391005219e-05
2026-04-22 22:10:00,8.445393148726055e-05,-0.00014782820244479194
2026-04-22 22:15:00,-7.811485632380766e-05,-0.00010350791975552388
2026-04-22 22:20:00,-8.86910469084512e-05,-5.844626389774689e-05
2026-04-22 22:25:00,-0.0008067411896650611,4.3157543829844676e-05
2026-04-22 22:30:00,-0.0009711587742167183,-2.761476300667554e-05
2026-04-22 22:35:00,-0.0014447389943743616,-0.00013003836159959357
2026-04-22 22:40:00,-0.0015948949852511163,-0.0005243942320832697
2026-04-22 22:45:00,-0.0018333359589775,-0.0005865748346392546
2026-04-22 22:50:00,-0.0016262467072731823,-0.0008550834484355557
2026-04-22 22:55:00,-0.002864919814999922,-0.001123457315156674
2026-04-23 00:00:00,-0.003646516297465041,-0.0013264576848572547
2026-04-23 00:05:00,-0.0026349195768347045,-0.0018000614879303545
2026-04-23 00:10:00,-0.0021917759087273225,-0.0018253068715530273
2026-04-23 00:15:00,-0.0015445486956906507,-0.00196384026470473
2026-04-23 00:20:00,-0.0017416267895189463,-0.0017483980069889116
2026-04-23 00:25:00,-0.0010400087182027562,-0.0013519135162211814
2026-04-23 00:30:00,-0.0014267795150590956,-0.0014297335256478153
2026-04-23 00:35:00,-0.001194964372579932,-0.0013986615320565445
2026-04-23 00:40:00,-0.0011676807635616626,-0.0014410585900716344
2026-04-23 00:45:00,-0.0004419394234300711,-0.0013918302918111054
2026-04-23 00:50:00,-0.00067450633030397,-0.001151327309561221
2026-04-23 00:55:00,0.00033001066487869934,-0.0010943095709193033
2026-04-23 01:00:00,-0.0007008250331050903,-0.0010379598948185046
2026-04-23 01:05:00,-0.002257982798067104,-0.0010393685148665291
2026-04-23 01:10:00,-0.005876134595887095,-0.0015473605923172731
2026-04-23 01:15:00,-0.0013097689675589663,-0.002155384795853962
2026-04-23 01:20:00,0.00012691992850299982,-0.0020076351191652938
2026-04-23 01:25:00,0.002817355409749922,-0.001569328266955933
2026-04-23 01:30:00,0.004082560243459099,0.0003519529079612745
2026-04-23 01:35:00,0.004282562310377713,0.0015970369811809013
2026-04-23 01:40:00,0.004203186665019842,0.0025971887319038373
2026-04-23 01:45:00,0.0041178943615598484,0.0011379671895433464
2026-04-23 01:50:00,0.004267720021449151,0.0018261710412496945
2026-04-23 01:55:00,0.004075947769184296,-0.0005292537299047406
2026-04-23 02:00:00,0.004927107100362704,0.0008373312193048379
2026-04-23 02:05:00,0.005953782878588498,0.0018508607910698303
2026-04-23 02:10:00,0.008186134027432956,0.0028442538965287732
2026-04-23 02:15:00,0.002431969528078781,0.0016929977179040705
2026-04-23 02:20:00,0.0012894390402315992,0.003074716801561245
2026-04-23 02:25:00,-0.0026862378224628003,0.0024577555946768857
2026-04-23 02:30:00,-0.0036173121521017038,0.0011574165098338952
2026-04-23 02:35:00,-0.0027494602279940494,0.0023495240115628552
2026-04-23 02:40:00,-0.0021627515242883533,0.0008895112530744061
2026-04-23 02:45:00,-0.0028412435782687595,-0.00033181730058863887
2026-04-23 02:50:00,-0.0048135784926355285,-0.00131057651325928
2026-04-23 02:55:00,-0.005066306664748055,-0.0016269554247225909
2026-04-23 03:00:00,-0.0050414877083131415,-4.460978090874714e-05
2026-04-23 03:05:00,-0.006155257888416088,-0.0020005622683342823
2026-04-23 03:10:00,-0.006344669521933355,-0.0029829377131210116
2026-04-23 03:15:00,-0.0049823666670540945,-0.00367250351135395
2026-04-23 03:20:00,-0.003803336150779657,-0.003724075781693417
2026-04-23 03:25:00,-0.0031027872650941646,-0.003889391311080746
2026-04-23 03:30:00,-0.0036728847560976163,-0.003747894336011716
2026-04-23 03:35:00,-0.0044535485403685016,-0.0035015996348727787
2026-04-23 03:40:00,-0.006911993740917666,-0.003566805116397191
2026-04-23 03:45:00,-0.005906534042853906,-0.0039521441909114805
2026-04-23 03:50:00,-0.004692264901477117,-0.004302897788052146
2026-04-23 03:55:00,-0.005085720880888545,-0.00411219546917219
2026-04-23 04:00:00,-0.0025749048107623906,-0.0044922785293407454
2026-04-23 04:05:00,-0.002337955450414597,-0.0038431897114855375
2026-04-23 04:10:00,-0.0010904349960139115,-0.0033279026491828977
2026-04-23 04:15:00,-0.0021781755507959133,-0.002549727719581021
2026-04-23 04:20:00,-0.0023820605249831317,-0.0020813617329154908
2026-04-23 04:25:00,-0.0023254515641681905,-0.001990539799602144
2026-04-23 04:30:00,-0.0019286818726591548,-0.0016864325280255507
2026-04-23 04:35:00,-0.0018822475252076032,-0.0016034314268079477
2026-04-23 04:40:00,0.0008185350805955949,-0.0016205650275938433
2026-04-23 04:45:00,0.00011048479464292882,-0.001117016068134504
2026-04-23 04:50:00,0.0005739259240442607,-0.0007362841600814255
2026-04-23 04:55:00,0.0010166644500806399,-0.00045206357245203304
2026-04-23 05:00:00,-0.0012325295826709493,-0.00016247841401566463
2026-04-23 05:05:00,0.00013817836297747021,-7.603307217530066e-05
2026-04-23 05:10:00,0.0009395879684230835,2.040682453477844e-05
2026-04-23 05:15:00,0.0008718396367406456,-5.64046352426232e-05
2026-04-23 05:20:00,-0.00010203300776723268,0.00029445262203464954
2026-04-23 05:25:00,0.0004931501125557958,0.00032752619653565496
2026-04-23 05:30:00,0.0005866449181155531,0.00018901009939292505
2026-04-23 05:35:00,0.00014671314735537067,0.0003975290950113231
2026-04-23 05:40:00,-0.0007845046914543019,0.00038373784735212216
2026-04-23 05:45:00,-0.0009522696832959809,0.0001151342818030353
2026-04-23 05:50:00,-0.0006589800078611319,0.00019297362881793783
2026-04-23 05:55:00,8.077836334763333e-05,8.392469964711874e-05
2026-04-23 06:00:00,0.0009011709455180039,-0.0002133934820311145
2026-04-23 06:05:00,0.0011917927054270194,8.282639343164384e-05
2026-04-23 06:10:00,0.0003080436596576419,0.00026177525455762856
2026-04-23 06:15:00,0.000480250249355052,0.00033553269801662945
2026-04-23 06:20:00,0.0005100609633412745,0.00045450510860752934
2026-04-23 06:25:00,5.312666354129192e-05,0.0004280104485493562
2026-04-23 06:30:00,-1.4874422687327638e-05,7.794342446398102e-05
2026-04-23 06:35:00,-9.780637322620578e-05,9.771296575096763e-05
2026-04-23 06:40:00,1.0634259115960276e-05,-1.6517297395344416e-06
2026-04-23 06:45:00,0.0018357088673379707,0.0002928696422528284
2026-04-23 06:50:00,0.0019968609194283005,0.0002617642446328735
2026-04-23 06:55:00,0.0019197532303163456,0.0004507909254944095
2026-04-23 07:00:00,0.0015708554413524922,0.0009020657719786608
2026-04-23 07:05:00,0.0006282527140850647,0.0010804866986661949
2026-04-23 07:10:00,0.0008789958781800777,0.0008502875880019257
2026-04-23 07:15:00,0.0007772615302847896,0.0006546626965587848
2026-04-23 07:20:00,0.001269771335760339,0.0005057133404485894
2026-04-23 07:25:00,0.0013505939568947412,0.0008252438127531733
2026-04-23 07:30:00,0.0013250800915312055,0.0009349971776196297
2026-04-23 07:35:00,0.00220469787463351,0.001069571619077042
2026-04-23 07:40:00,0.0028459128352977814,0.0010525349739723452
2026-04-23 07:45:00,0.0011265264190694069,0.0011670918218094968
2026-04-23 07:50:00,0.0005176829138093808,0.0010359411169846195
2026-04-23 07:55:00,-0.00010184120418976761,0.0010234229003217282
2026-04-23 08:00:00,-0.00027790418000428474,0.0012355905612314129
2026-04-23 08:05:00,-0.00043081997591087884,0.0007598332382711763
2026-04-23 08:10:00,0.0002652455181095803,0.0005613406064831559
2026-04-23 08:15:00,0.0004435752235156798,0.0005312939086822606
2026-04-23 08:20:00,-0.001516268317420355,0.000554936176608236
2026-04-23 08:25:00,-0.0013505939568947412,-0.00012805849495066922
2026-04-23 08:30:00,-0.0002568094307733304,-0.0011393460542442253
2026-04-23 08:35:00,-0.0008320315633145725,-0.000940529152477872
2026-04-23 08:40:00,-0.0003011984326519723,-0.0009115696304905163
2026-04-23 08:45:00,0.0008816660667676501,-0.000869515814316874
2026-04-23 08:50:00,0.0003647630459138185,-0.0012043485190285177
2026-04-23 08:55:00,0.00139093287003611,-0.0005926620015685785
2026-04-23 09:00:00,0.0017531089308011616,-0.0003426183311780465
2026-04-23 09:05:00,0.0017115719777489602,-0.00039379917713080505
2026-04-23 09:10:00,0.0011344565315081212,0.0002197759715313375
2026-04-23 09:15:00,0.0018697656793325024,-0.0008862774337528976
2026-04-23 09:20:00,0.002771713338173498,-4.233005859282785e-05
2026-04-23 09:25:00,0.0021036707352486417,-0.0004537130812891698
2026-04-23 09:30:00,-0.00024413622073282681,-0.0005195502171695292
2026-04-23 09:35:00,-0.0003228108356552184,0.00021129653065404558
2026-04-23 09:40:00,-0.0021109330344071253,-0.00015291220243427984
2026-04-23 09:45:00,-0.003029739570614254,-0.0003871914615571765
2026-04-23 09:50:00,-0.0023882192590392037,0.0007947163455545429
2026-04-23 09:55:00,-0.0035171131855573634,-0.0005640451806605913
2026-04-23 10:00:00,-0.005177023759863175,0.00018300138832132943
2026-04-23 10:05:00,-0.004979531371473556,-0.0006738245172124388
2026-04-23 10:10:00,-0.004656279190129453,-0.0015346588629097833
2026-04-23 10:15:00,-0.004576725319205721,-0.0014023104086704125
2026-04-23 10:20:00,-0.0034392601709622994,-0.0011828806252112479
2026-04-23 10:25:00,-0.0031071788453989058,-0.001167857994676954
2026-04-23 10:30:00,-0.001751034811455554,0.0005393231220518976
2026-04-23 10:35:00,-0.0016134916028569535,-0.00035977508736121234
2026-04-23 10:40:00,-0.0006209608505098885,-0.0005068706815800653
2026-04-23 10:45:00,-0.0015417285082683918,-0.0007756393201470037
2026-04-23 10:50:00,-0.0016208665610797368,-0.0007157106252927474
2026-04-23 10:55:00,-0.001214864041045871,-0.0011219459794300664
2026-04-23 11:00:00,0.0008299568047664962,0.0006809879442833579
2026-04-23 11:05:00,-0.0008564946033917664,-0.00010240676278435344
2026-04-23 11:10:00,-0.0014915294561497205,-0.000765177575905729
2026-04-23 11:15:00,-0.00240500715043801,-0.0011299353177248097
2026-04-23 11:20:00,-0.0031417463478717877,-0.0016411828576776402
2026-04-23 11:25:00,-0.002973910196645946,-0.0011409554583945408
2026-04-23 11:30:00,-0.0019501442175915429,-0.0017098408924468703
2026-04-23 11:35:00,-0.0013284596720364306,-0.001005943753597433
2026-04-23 11:40:00,-0.002221174898421552,-0.0011596655251694492
2026-04-23 11:45:00,-0.001855349358041991,-0.0012983644733495917
2026-04-23 11:50:00,-0.0012738610998770383,-0.0012942230554460477
2026-04-23 11:55:00,-3.6191966453102964e-05,-0.000806519609095639
2026-04-23 12:00:00,-0.0004808653967458554,-0.0008653441122396847
2026-04-23 12:05:00,0.0013994134120451918,-0.0004175253305123025
2026-04-23 12:10:00,0.0017427397375069376,-0.00014678943340887718
2026-04-23 12:15:00,0.0028708540909203606,-0.000138423112727193
2026-04-23 12:20:00,0.0029482020080671134,-0.00012761299034693752
2026-04-23 12:25:00,0.002684576810235484,0.000544484822974996
2026-04-23 12:30:00,0.0011203074988497264,-0.0003672894187549984
2026-04-23 12:35:00,0.0018814640952768968,0.00043361322715585284
2026-04-23 12:40:00,0.003209851969678823,0.0007327184575839164
2026-04-23 12:45:00,0.0034310754269881727,0.001115299945979087
2026-04-23 12:50:00,0.004924547160465309,0.0010143788038835734
2026-04-23 12:55:00,0.004956729114885761,0.0015800034135606102
2026-04-23 13:00:00,0.006797834335101172,0.0012411248243929184
2026-04-23 13:05:00,0.0066401588128766065,0.0021366851835150965
2026-04-23 13:10:00,0.006479806764758678,0.002768083120002808
2026-04-23 13:15:00,0.006385070672324744,0.003135889813528021
2026-04-23 13:20:00,0.006758200506348899,0.003481165287930318
2026-04-23 13:25:00,0.007077356440454707,0.004439002989482377
2026-04-23 13:30:00,0.008664356978988152,0.004796740081346121
2026-04-23 13:35:00,0.007279585204171823,0.0051778130005473025
2026-04-23 13:40:00,0.007342947969780411,0.005666575178834562
2026-04-23 13:45:00,0.006159940170180178,0.0059272625516771345
2026-04-23 13:50:00,0.004927853770769985,0.006202212842893833
2026-04-23 13:55:00,0.004175212526636329,0.006320876446255571
2026-04-23 14:00:00,0.0006423937841102401,0.00607452618522002
2026-04-23 14:05:00,-0.00043355184319970874,0.002429774685760511
2026-04-23 14:10:00,-0.0004272980024317974,0.0010540158424511485
2026-04-23 14:15:00,-0.0011755876648571473,0.0006450624431135976
2026-04-23 14:20:00,-0.000807392546523289,8.321414777377453e-06
2026-04-23 14:25:00,-0.0013721178960359737,-0.0005711622039636594
2026-04-23 14:30:00,-0.0027619802791658543,-0.0005632131041355179
2026-04-23 14:35:00,-0.0013624771727620555,-0.0007334494996709883
2026-04-23 14:40:00,-0.0018792989202260912,4.702698439176579e-05
2026-04-23 14:45:00,0.000443371913952717,3.300230301835562e-05
2026-04-23 14:50:00,-0.000485570132200408,-0.0006964763626865554
2026-04-23 14:55:00,-0.003226596524259051,-0.0006312245231364385
2026-04-23 15:00:00,-0.0021019917442686165,-0.0011644304116068833
2026-04-23 15:05:00,-0.0012107102759468802,-0.0012155610169941528
2026-04-23 15:10:00,-0.0005015676740036668,-0.0004570089917631695
2026-04-23 15:15:00,-0.0006200658145623095,-0.001442009367987598
2026-04-23 15:20:00,0.00014377202855442306,-0.0012286283998428219
2026-04-23 15:25:00,0.0009706141534877588,-0.0006338205938680016
2026-04-23 15:30:00,0.0007890097491358716,-0.00040697771440188676
2026-04-23 15:35:00,-0.0005264766045662839,-0.0006161010753921465
2026-04-23 15:40:00,-6.340691705020163e-06,0.00025180660152762603
2026-04-23 15:45:00,-0.0014998112204693825,-0.0003057350255484478
2026-04-23 15:50:00,-6.124080202063453e-05,-0.00033527768652651157
2026-04-23 15:55:00,0.0018839744099690137,-0.0017631964036949484
2026-04-23 16:00:00,0.002063966761850722,-0.0015155666704382716
2026-04-23 16:05:00,0.0016569486105719733,-0.002138866239988821
2026-04-23 16:10:00,0.0014785845936309272,-0.0021815324150956158
2026-04-23 16:15:00,0.0030627247928727286,-0.002066914677186944
2026-04-23 16:20:00,0.0014513622005658533,-0.00164415424177561
2026-04-23 16:25:00,0.00045009589070055256,-0.0007660642972959342
2026-04-23 16:30:00,0.0007820492624599495,-0.0011873274223580296
2026-04-23 16:35:00,0.0006554105430112145,-0.0010034154856551096
2026-04-23 16:40:00,-0.0006004342757748304,-0.0006366947957737047
2026-04-23 16:45:00,-0.0012353358341865572,-0.0003463320386559402
2026-04-23 16:50:00,-0.003939953678493424,-0.0003794211003759985
2026-04-23 16:55:00,-0.0027520925116029105,-0.001198105305271256
2026-04-23 17:00:00,-0.0033349164169269585,-0.0006420050497725712
2026-04-23 17:05:00,-0.0019323145842786715,-0.0009726611827256367
2026-04-23 17:10:00,-0.0024697615066546774,-0.0016523199107404268
2026-04-23 17:15:00,-0.003287143686497629,-0.001558972916550801
2026-04-23 17:20:00,-0.002930240849810417,0.00019093363065532428
2026-04-23 17:25:00,-0.0021741667740631243,0.00011464073275525148
2026-04-23 17:30:00,-0.000908925712458597,0.00012414184586838752
2026-04-23 17:35:00,-0.0006955948408968737,0.0007013654149236352
2026-04-23 17:40:00,0.001242753407908026,0.0006433813664033902
2026-04-23 17:45:00,0.0021439408078105515,0.0009521901999634954
2026-04-23 17:50:00,0.0035724300863133607,0.001139552639145013
2026-04-23 17:55:00,0.002676041100812654,0.0005845703460357996
2026-04-23 18:00:00,0.0016222939740035969,0.00146899757080001
2026-04-23 18:05:00,-0.0022820988237057804,0.0009343770909808615
2026-04-23 18:10:00,-0.0006888957697626097,0.0008965080640822305
2026-04-23 18:15:00,-0.003128047755602381,0.0005606646104631877
2026-04-23 18:20:00,-0.0030301671964245713,0.000971555922325355
2026-04-23 18:25:00,-0.0034167185053615157,0.00037581120685860363
2026-04-23 18:30:00,-0.003525136107720428,-0.0005199970911672006
2026-04-23 18:35:00,-0.006309892043521614,0.0007632067829819168
2026-04-23 18:40:00,-0.012174682464243247,-0.0001637399528919618
2026-04-23 18:45:00,-0.010902611918728766,-5.146700906834904e-05
2026-04-23 18:50:00,-0.007962288208277712,-0.000575803142604054
2026-04-23 18:55:00,-0.004875114220292076,-0.00034375812141187757
2026-04-23 19:00:00,-0.002445035615938451,0.0019187833927415535
2026-04-23 19:05:00,0.00023566203625513538,0.0007452560602124816
2026-04-23 19:10:00,-0.000434778466015473,-0.0008911083742260281
2026-04-23 19:15:00,0.0013054264070468946,0.0007702502246545932
2026-04-23 19:20:00,0.0009000423033072025,-0.0003107910112485039
2026-04-23 19:25:00,0.0020862013778266686,3.310440001555528e-05
2026-04-23 19:30:00,0.001346695868335246,-0.0014301435506233365
2026-04-23 19:35:00,0.0033614619788426836,0.0010111233961505146
2026-04-23 19:40:00,0.0072856497364490735,0.0013233320937115105
2026-04-23 19:45:00,0.004945749652485176,-0.0007369560371010686
2026-04-23 19:50:00,0.002709285313274634,-0.0006072716830283863
2026-04-23 19:55:00,-0.001959272423661673,0.00015661284610825693
2026-04-23 20:00:00,-0.0037703572516338824,0.0001937856616834305
2026-04-23 20:05:00,-0.003057300138390673,0.0007312245418123614
2026-04-23 20:10:00,-0.0036830418937210396,0.00015785026777846378
2026-04-23 20:15:00,-0.0031656824256778293,-0.0008978961801078595
2026-04-23 20:20:00,-0.0023366928599450887,-0.0005262073812099112
2026-04-23 20:25:00,-0.0035574339490835882,-0.0003427542136616904
2026-04-23 20:30:00,-0.005208073962730708,-0.0012523677756395512
2026-04-23 20:35:00,-0.004485885510874255,0.0005119884691552779
2026-04-23 20:40:00,-0.00403889710287153,0.0005006650540494753
2026-04-23 20:45:00,-0.0022674926705121834,6.692271642696216e-05
2026-04-23 20:50:00,-0.002000419458267899,-0.0014835052293616937
2026-04-23 20:55:00,-0.0011301324053540895,0.0012917778420842405
2026-04-23 21:00:00,0.00025548983928125324,-0.0004681948663835846
2026-04-23 21:05:00,0.0001085900015223018,-0.0013560685832216231
2026-04-23 21:10:00,-0.0012740483645927725,-0.0006085753790279322
2026-04-23 21:15:00,-0.0016931811456970536,-0.001663273161748519
2026-04-23 21:20:00,-0.0020181942314909662,-0.0012643092213916575
2026-04-23 21:25:00,-0.002249298042988457,-0.00026060920601140956
2026-04-23 21:30:00,-0.0008909123275149256,-0.0003157771134541389
2026-04-23 21:35:00,-0.0006437050348129247,-0.00027453564562467884
2026-04-23 21:40:00,-0.00018969083647668583,-0.0003145952396213177
2026-04-23 21:45:00,-0.0010184276614193521,-0.0011159915447160871
2026-04-23 21:50:00,-0.0017272761578102092,-0.0008954100683194542
2026-04-23 21:55:00,-0.0003769948021492553,-3.142164038728311e-05
2026-04-23 22:00:00,-0.0004535393714775182,-0.00072854014646854
2026-04-23 22:05:00,0.00013625312445242344,-0.0012626300592995356
2026-04-23 22:10:00,0.0014166918466145262,9.285296854894918e-05
2026-04-23 22:15:00,0.0005945373066147397,-0.0005393552283176196
2026-04-23 22:20:00,0.00038564506005300814,-0.000934696633580933
2026-04-23 22:25:00,0.0007290199268563669,-0.00042568050755666657
2026-04-23 22:30:00,0.000878129725489174,-0.0012475019598330139
2026-04-23 22:35:00,0.0004412597076779434,-0.001133585841059442
2026-04-23 22:40:00,0.0004752249149895249,-0.0018143515425830628
2026-04-23 22:45:00,0.0003005227199679439,-0.0016766974709677806
2026-04-23 22:50:00,6.394931803654913e-06,-0.0017370987920782349
2026-04-23 22:55:00,-4.8998460819404954e-05,-0.0018115082492078697
2026-04-24 00:00:00,-0.00028116992433879773,-0.0016448703927032333
2026-04-24 00:05:00,-0.0014955424127727213,-0.0018789100099017642
2026-04-24 00:10:00,-0.0016043143081319045,-0.001967175892198382
2026-04-24 00:15:00,-0.0011723655627147167,-0.0019242826900235208
2026-04-24 00:20:00,-0.001118993917534894,-0.0017180146327964968
2026-04-24 00:25:00,0.00041969141580189273,-0.0008419701777283319
2026-04-24 00:30:00,0.0011540362736823795,-0.0005228648579241285
2026-04-24 00:35:00,0.0010799447657845462,-0.0001481453786140317
2026-04-24 00:40:00,0.0008135379979066215,-0.0005875675684883558
2026-04-24 00:45:00,0.0009201886183820562,-0.00015090833261789446
2026-04-24 00:50:00,0.0013867338042921062,7.091577103872651e-05
2026-04-24 00:55:00,0.0006580832127056624,0.00044157214384135223
2026-04-24 01:00:00,-0.00041977190169006917,9.027342393169549e-06
2026-04-24 01:05:00,0.001310318786650555,-0.0005659766003022581
2026-04-24 01:10:00,0.001834204259973049,0.00022066073861095952
2026-04-24 01:15:00,0.0017750658057469337,0.0014339807789489215
2026-04-24 01:20:00,0.002466517966546178,0.002407020793777504
2026-04-24 01:25:00,0.00227222054041043,0.003007448573841686
2026-04-24 01:30:00,0.0010591779388082756,0.0030784992620746347
2026-04-24 01:35:00,0.0015103911379963364,0.0032006401863786268
2026-04-24 01:40:00,0.0009468740567122325,0.0030940130154496217
2026-04-24 01:45:00,0.0005980944167056634,0.0028583794443688103
2026-04-24 01:50:00,0.0013593042626425245,0.002542602216024183
2026-04-24 01:55:00,0.001861158177293376,0.0015911457731767934
2026-04-24 02:00:00,0.001246015839708292,0.002157495894503571
2026-04-24 02:05:00,0.001470198954404367,0.0022370388350578738
2026-04-24 02:10:00,0.002304491374596651,0.0006955464984175105
2026-04-24 02:15:00,0.0017974234685951274,-8.21083261484486e-06
2026-04-24 02:20:00,0.0007357945211161621,0.001060372133381736
2026-04-24 02:25:00,-0.0014908282811472162,-0.00020646863938413365
2026-04-24 02:30:00,-0.0022515629989694474,-0.0009296472363325575
2026-04-24 02:35:00,-0.0017509879043018373,-0.0010810401600639468
2026-04-24 02:40:00,-0.002453079715872164,-0.0013144669923429073
2026-04-24 02:45:00,-0.000549126625793761,-0.0017372079438515528
2026-04-24 02:50:00,-0.0017957795506990948,-0.0017285200753932653
2026-04-24 02:55:00,-0.0012928717371263332,-0.0019289687477359327
2026-04-24 03:00:00,-0.00014688523499906125,-0.0013094468340579914
2026-04-24 03:05:00,-0.0020303365541742835,-0.0010760360533058435
2026-04-24 03:10:00,-0.0033585879145707764,-0.001556800909429377
2026-04-24 03:15:00,-0.002868905016692125,-0.0015548997769702436
2026-04-24 03:20:00,-0.004034376438175613,-0.001806070296366904
2026-04-24 03:25:00,-0.0029541867104185826,-0.0021142510511923977
2026-04-24 03:30:00,-0.0009655956695215906,-0.0026377196440633198
2026-04-24 03:35:00,-0.0026973649361714536,-0.002320130017654139
2026-04-24 03:40:00,-0.0014828551620968966,-0.002379196756565723
2026-04-24 03:45:00,-0.0044659172529364355,-0.0021937825470960096
2026-04-24 03:50:00,-0.0036653835494195874,-0.0025327889645994778
2026-04-24 03:55:00,-0.004824724184778972,-0.0030968218663317954
2026-04-24 04:00:00,-0.005152483155402621,-0.0027233303377119855
2026-04-24 04:05:00,-0.005025431345929476,-0.0023459253704273685
2026-04-24 04:10:00,-0.004884617005178171,-0.0037132627367953493
2026-04-24 04:15:00,-0.0038587371719849273,-0.003991949515042437
2026-04-24 04:20:00,-0.002211532274657202,-0.0034262044811793867
2026-04-24 04:25:00,-0.0020684298424828995,-0.003538001491741068
2026-04-24 04:30:00,-0.002654325511919353,-0.003128070900450963
2026-04-24 04:35:00,-0.0013760039092431953,-0.0027171810334278667
2026-04-24 04:40:00,-0.0017181657469418354,-0.0014352074859956898
2026-04-24 04:45:00,-0.00018820671140851175,-0.0005109002942983914
2026-04-24 04:50:00,-0.0011591600596450036,-0.0005959606261432229
2026-04-24 04:55:00,-0.0011316949568094259,-0.0004881631433377623
2026-04-24 05:00:00,-0.00045162623667138746,-0.00034007767004117797
2026-04-24 05:05:00,0.0008197169118417946,-0.0007389530948935887
2026-04-24 05:10:00,-5.995101147604487e-05,-0.0004497487907491008
2026-04-24 05:15:00,-0.0010617871129845469,-0.00036375522432580647
2026-04-24 05:20:00,-0.0028083136775371997,-0.001225136954243455
2026-04-24 05:25:00,-0.003269482131095458,-0.0013520699187645091
2026-04-24 05:30:00,-0.0031396056954289264,-0.0018287054553719237
2026-04-24 05:35:00,-0.0023182720319514516,-0.0021791673241467833
2026-04-24 05:40:00,-0.0015133178040134254,-0.0023106483968363192
2026-04-24 05:45:00,0.00017537556079538774,-0.0021482172704421327
2026-04-24 05:50:00,0.0002567564401143585,-0.001333384898629851
2026-04-24 05:55:00,0.0006462284663832918,-0.0008890456354435068
2026-04-24 06:00:00,0.0005842928136630121,-6.279677928171472e-05
2026-04-24 06:05:00,-0.0007490621023062971,-4.0298900741702145e-05
2026-04-24 06:10:00,0.0007298731393579061,0.00022160192169043178
2026-04-24 06:15:00,0.0012372159513684977,0.00047550965628010685
2026-04-24 06:20:00,0.0031505128236677393,0.0005836960851015743
2026-04-24 06:25:00,0.0037698873842444414,-0.0005839574145995372
2026-04-24 06:30:00,0.004855152318958389,0.0002830028320539251
2026-04-24 06:35:00,0.003933387812530498,0.0006835628013141457
2026-04-24 06:40:00,0.0030691961524293987,0.001661503636884219
2026-04-24 06:45:00,0.0009704256098910236,0.0018259804231364853
2026-04-24 06:50:00,0.0021989843103842333,0.0012434499844273747
2026-04-24 06:55:00,0.0026362185339632305,0.001750344258549853
2026-04-24 07:00:00,0.002092518250156772,0.0017205425181769133
2026-04-24 07:05:00,0.0026598376161839354,0.0015549593815327525
2026-04-24 07:10:00,0.0017443990203140913,0.0015761717081354664
2026-04-24 07:15:00,0.000767673911022726,0.001645866055934188
2026-04-24 07:20:00,-0.0005989253746925272,0.0006301209905370433
2026-04-24 07:25:00,-0.0011829852608009617,0.0003562204793157115
2026-04-24 07:30:00,-0.0025883355602882574,-0.00042095491895032986
2026-04-24 07:35:00,-0.001950857403825168,-0.0005577571778035352
2026-04-24 07:40:00,-0.00196448388610726,-0.0007966364486297205
2026-04-24 07:45:00,-0.0023443108818952396,-0.001202077587723113
2026-04-24 07:50:00,-0.0020278499673693773,-0.001436297946504587
2026-04-24 07:55:00,-0.003314555329572144,-0.001587098917739593
2026-04-24 08:00:00,-0.0019791236765005493,-0.0021264950378388995
2026-04-24 08:05:00,-0.001247788755742718,-0.002002179016190074
2026-04-24 08:10:00,-0.00029052193751866184,-0.002040198035193419
2026-04-24 08:15:00,0.0006175603145592845,-0.0014360327961956893
2026-04-24 08:20:00,0.001797836881138437,-0.0010423363170534302
2026-04-24 08:25:00,0.002646409014300133,-0.0005895963247830091
2026-04-24 08:30:00,0.0024495775721415924,9.712082529558704e-05
2026-04-24 08:35:00,0.0016775820259447016,0.00026258066399342415
2026-04-24 08:40:00,0.002596402184730451,0.0006214679390139933
2026-04-24 08:45:00,0.0045573739738831165,0.0009610433831431671
2026-04-24 08:50:00,0.003363257006263609,0.0005053023419888203
2026-04-24 08:55:00,0.0047536361014124395,0.0013511107341409392
2026-04-24 09:00:00,0.0030482716077706584,0.0015730251169244144
2026-04-24 09:05:00,0.0022679378542651563,0.0013465349794955206
2026-04-24 09:10:00,0.0015690965971995041,0.0016471585248665804
2026-04-24 09:15:00,0.002594284219048504,0.00042826053232349276
2026-04-24 09:20:00,0.0021463264680701144,0.0010055079707574383
2026-04-24 09:25:00,0.0007319761869055696,0.0007166595998900552
2026-04-24 09:30:00,0.0004610291703954772,0.000836777671202714
2026-04-24 09:35:00,0.0010926537204412057,0.00035788937813687247
2026-04-24 09:40:00,0.0005398030170162826,0.0005689852611353295
2026-04-24 09:45:00,0.00011084442144237983,-0.0008102050241243837
2026-04-24 09:50:00,-0.00016416317856737805,-0.0014153812947796283
2026-04-24 09:55:00,-0.0006116227693020448,-0.0019004601851963642
2026-04-24 10:00:00,0.0006439246361615858,-0.0009946820858088787
2026-04-24 10:05:00,0.0007292593223802157,-0.0030080491152447435
2026-04-24 10:10:00,0.0015815469629050227,-0.0028117678541571644
2026-04-24 10:15:00,0.0003323327874742432,-0.0023275962467472367
2026-04-24 10:20:00,-0.0011963394722886989,-0.0023220559827954847
2026-04-24 10:25:00,-0.0008066977689882293,-0.0011931472322749465
2026-04-24 10:30:00,-0.000708706661406211,-0.0013965245531382883
2026-04-24 10:35:00,-0.001190880303623132,0.0015044707715964594
2026-04-24 10:40:00,-0.0004224297453347958,0.0012473562752462948
2026-04-24 10:45:00,-0.001326675975928282,0.0008182220898489996
2026-04-24 10:50:00,-0.001683694281286563,0.00046607912242102644
2026-04-24 10:55:00,-0.0018990521118400494,4.945025383104004e-05
2026-04-24 11:00:00,-0.0016447494932076978,-0.0004650562948916148
2026-04-24 11:05:00,-0.0016533248922137034,-0.0007258539082597522
2026-04-24 11:10:00,-0.002755468957211349,-0.0009586689600590404
2026-04-24 11:15:00,-0.0024951921873501703,-0.0007934940410945824
2026-04-24 11:20:00,-0.00069158657834123,-0.001419689135181837
2026-04-24 11:25:00,-0.000316027283471243,-0.0010419112857770344
2026-04-24 11:30:00,-0.0016135395467866687,-0.0011722994733253571
2026-04-24 11:35:00,-0.0011901621798742212,-0.0016067283429006527
2026-04-24 11:40:00,-0.0015055564272170585,-0.0016117539496149397
2026-04-24 11:45:00,-0.0011788475142253674,-0.0017161845656303648
2026-04-24 11:50:00,-0.001047069050496674,-0.001091162756662009
2026-04-24 11:55:00,-0.0007264336700956164,-0.0015819277931752912
2026-04-24 12:00:00,0.00106054392152366,-0.0020760584188874503
2026-04-24 12:05:00,0.002741959211174816,-0.00031508203804722005
2026-04-24 12:10:00,0.002983329486259123,0.0017537373736366756
2026-04-24 12:15:00,0.0025867773237866487,0.0021934776640068687
2026-04-24 12:20:00,0.00571893678471902,0.0023499630894276676
2026-04-24 12:25:00,0.007234997725506176,0.002781317231630692
2026-04-24 12:30:00,0.00787840125022754,0.002820510294768968
2026-04-24 12:35:00,0.00637442338481975,0.003972463132340696
2026-04-24 12:40:00,0.005562460795744073,0.004781331654213395
2026-04-24 12:45:00,0.005293904354589429,0.004399210098039963
2026-04-24 12:50:00,0.006191666705413823,0.00522615477199491
2026-04-24 12:55:00,0.006081455445157147,0.005765237377840812
2026-04-24 13:00:00,0.003976080672968507,0.005839929653950704
2026-04-24 13:05:00,0.001929358858198782,0.005522071978848
2026-04-24 13:10:00,0.0026283515429810222,0.0043767050613198214
2026-04-24 13:15:00,0.00242501714245158,0.003884507193389308
2026-04-24 13:20:00,-0.0004225838196294518,0.004032311159969646
2026-04-24 13:25:00,-0.0011965428979454629,0.0027877479801269728
2026-04-24 13:30:00,-0.0014610571476865175,0.0025760743055531295
2026-04-24 13:35:00,-0.00023158894553176879,0.0016509391315581764
2026-04-24 13:40:00,-0.001335576506086511,0.0016337304068403844
2026-04-24 13:45:00,-0.0026541050425148427,0.0008178398887469324
2026-04-24 13:50:00,-0.002648878542007793,0.002747983555594651
2026-04-24 13:55:00,-0.0013286241767893614,0.00047359679621795735
2026-04-24 14:00:00,-0.0021201699398929463,-0.0001670758130938925
2026-04-24 14:05:00,-0.0010290954224707605,-0.000620079542287752
2026-04-24 14:10:00,-0.0012048667869972718,-0.0010342122111694034
2026-04-24 14:15:00,-0.000920388583709908,-0.000672019917085348
2026-04-24 14:20:00,-0.0026542533591520368,-0.0012751418845902438
2026-04-24 14:25:00,-0.002567635616298247,-0.0012282907135818903
2026-04-24 14:30:00,-0.0028198377646830863,-0.0008006265258226216
2026-04-24 14:35:00,-0.00040806697965578564,-0.001800873677552825
2026-04-24 14:40:00,0.0021364917591721877,-0.001469069689223274
2026-04-24 14:45:00,0.004285211965527225,-0.00041219242817298234
2026-04-24 14:50:00,0.0026127563256714836,-0.0005454158535622959
2026-04-24 14:55:00,0.002220468952996768,0.0001042699977353212
2026-04-24 15:00:00,0.00331119092991905,0.00016109250763128702
2026-04-24 15:05:00,0.0057738767000472535,0.0010821564857072417
2026-04-24 15:10:00,0.005976052170252544,0.0015445031778205931
2026-04-24 15:15:00,0.0061037786244533265,0.002529937764838212
2026-04-24 15:20:00,0.0069524455401470675,0.0014037210084235075
2026-04-24 15:25:00,0.0057425442335290455,0.0015924567767219028
2026-04-24 15:30:00,0.007858678365986194,-0.0009755167662466729
2026-04-24 15:35:00,0.005511816631560862,-0.0013037055398754482
2026-04-24 15:40:00,0.004483457308793959,-0.0008450308472087571
2026-04-24 15:45:00,0.0033769286815878985,-0.001664918825331579
2026-04-24 15:50:00,0.004274598132679941,0.0006197784310770015
2026-04-24 15:55:00,0.003189261364857643,0.0008570613429374893
2026-04-24 16:00:00,0.0019204767666067823,7.758296812762142e-05
2026-04-24 16:05:00,-0.0007066853999653233,0.0012439355794505078
2026-04-24 16:10:00,-0.001950638066521293,-0.0013639238662102044
2026-04-24 16:15:00,-0.0020248082874569917,0.00018278042881800333
2026-04-24 16:20:00,-0.0014433864939782381,-0.0006817773971304229
2026-04-24 16:25:00,-0.0007832528253537419,0.0004862232062208008
2026-04-24 16:30:00,-0.0022926297687533292,-4.7862494675997874e-05
2026-04-24 16:35:00,-0.002364239925372047,-0.00293521250357392
2026-04-24 16:40:00,-0.0004630936642104899,-0.0037327877940375002
2026-04-24 16:45:00,-0.0008463387891346486,-0.0030049345441911946
2026-04-24 16:50:00,0.0006155115444084203,-0.003152487903512974
2026-04-24 16:55:00,9.097246396727598e-05,-0.002521853003233833
2026-04-24 17:00:00,0.0008467203852102756,-0.0029686308042293553
2026-04-24 17:05:00,-0.0006605887101702734,-0.0025456015192237454
2026-04-24 17:10:00,-0.00039609287730790754,-0.0012257138053132506
2026-04-24 17:15:00,-0.00020122365229546801,-0.0026572108345889107
2026-04-24 17:20:00,0.0006224778205083936,-0.001299662583848196
2026-04-24 17:25:00,0.00036418302716789697,-0.0011337606711080738
2026-04-24 17:30:00,0.0015797891959206112,-0.0012819120078214293
2026-04-24 17:35:00,0.0010611069335357826,-0.00026349819543513333
2026-04-24 17:40:00,-0.0010623305396944005,0.0004144709447567109
2026-04-24 17:45:00,-0.0004636741068164696,0.0004757290889321892
2026-04-24 17:50:00,-0.0009794972768002452,0.0004802114700690359
2026-04-24 17:55:00,2.1155200901290527e-05,-0.0014160369890352735
2026-04-24 18:00:00,0.0004315514977726309,-0.0014251736552138797
2026-04-24 18:05:00,0.0013503533500536236,0.0001344922790151852
2026-04-24 18:10:00,0.0016130435611039218,-0.0019105377528580425
2026-04-24 18:15:00,0.001752462997023585,-0.0009399440209811194
2026-04-24 18:20:00,0.00045919949850592445,-0.002204126433407765
2026-04-24 18:25:00,-0.0002117181784893063,-0.000769008154012664
2026-04-24 18:30:00,-0.0010691553950632482,-0.0012313978905217422
2026-04-24 18:35:00,-0.0003895771231992029,-0.0007884171301099439
2026-04-24 18:40:00,-6.352163972778158e-05,-0.00048179978384121474
2026-04-24 18:45:00,2.541236862541041e-05,-0.0008964338796828518
2026-04-24 18:50:00,0.00015026598165057692,-0.00238303030890146
2026-04-24 18:55:00,-0.0006517856617822559,-0.0018926632306545648
2026-04-24 19:00:00,-0.0012232132667193696,-0.0014442902805667202
2026-04-24 19:05:00,-0.0010983465593614739,-0.0005384719293290116
2026-04-24 19:10:00,-0.0008252484148538741,-0.0005252162861843552
2026-04-24 19:15:00,-0.0016740868656928143,-0.00042534706086364194
2026-04-24 19:20:00,-0.0011536895526536028,-0.0007492331634786325
2026-04-24 19:25:00,-0.0011482930468016406,-0.0019383583853022257
2026-04-24 19:30:00,-0.0002287995027234757,-0.0006427686096911526
2026-04-24 19:35:00,-0.00044904885008101303,-0.0014451509435534297
2026-04-24 19:40:00,-0.0008176719261179244,-0.0013131098682855422
2026-04-24 19:45:00,-0.0007245056942757344,-0.00036812720052111983
2026-04-24 19:50:00,-0.0010947070846381024,-0.0013733442886143799
2026-04-24 19:55:00,-0.00017995073632448566,-0.001236619490257584
2026-04-24 20:00:00,0.0002540774145209923,-0.001051989186051008
2026-04-24 20:05:00,-6.140756733685748e-05,-0.0006715124729630498
2026-04-24 20:10:00,-0.00031123198361093785,-0.00024173275898634468
2026-04-24 20:15:00,2.11816837758505e-05,-7.831693662606516e-06
2026-04-24 20:20:00,-0.0006992118260971125,-0.00038658923447621574
2026-04-24 20:25:00,0.0003666648692419727,-0.0002275905524746181
2026-04-24 20:30:00,-0.0003263417123342549,-0.001506082300963304
2026-04-24 20:35:00,-0.0005531155272961996,0.00023726026050602004
2026-04-24 20:40:00,-0.0005405388349775109,0.0003096480297455629
2026-04-24 20:45:00,-0.00039000981877812535,-0.0008048187905615455
2026-04-24 20:50:00,-0.0006887760510441154,-6.3389818570443756e-06
2026-04-24 20:55:00,-0.0012287642509658525,-0.000643474406441486
2026-04-24 21:00:00,-0.002588255941761375,8.854722194638867e-05
2026-04-24 21:05:00,-0.002775744463010099,-0.0007763473631100951
2026-04-24 21:10:00,-0.0032791087137820085,8.14227993132968e-06
2026-04-24 21:15:00,-0.0031652779601660797,-0.000542922138288469
2026-04-24 21:20:00,-0.002262012329730112,-0.00018461054774765765
2026-04-24 21:25:00,-0.002318820711003866,-0.0005464257513510105
2026-04-24 21:30:00,-0.002661325781179613,-0.0008970645924365741
2026-04-24 21:35:00,-0.0021114312626533405,-0.0007278051666929486
2026-04-24 21:40:00,-0.0018357721710273722,-0.0012272621164231092
2026-04-24 21:45:00,-0.002037304587643618,-0.0005532218023685779
2026-04-24 21:50:00,-0.0018270232568795564,-0.0006211624473717537
2026-04-24 21:55:00,-0.001652736885668915,-0.0003969359298911483
2026-04-24 22:00:00,-0.0030568646961590673,-0.000613303004044961
2026-04-24 22:05:00,-0.005910012761656702,-0.0007725226989889157
2026-04-24 22:10:00,-0.0045290713627483825,-0.0010208466844018476
2026-04-24 22:15:00,-0.003736101752609855,-0.001442395486937989
2026-04-24 22:20:00,-0.0047891455439010855,-0.002064555459777374
2026-04-24 22:25:00,-0.0045620818145692965,-0.0013573241815941408
2026-04-24 22:30:00,-0.004694714298350888,-0.0023356992916321343
2026-04-24 22:35:00,-0.004530723147741611,-0.0028203994847242736
2026-04-24 22:40:00,-0.004869951098193326,-0.003079480976255143
2026-04-24 22:45:00,-0.004752838392386494,-0.0029891617863877767
2026-04-24 22:50:00,-0.005037858391107264,-0.003859617799493654
2026-04-24 22:55:00,-0.005425029699553718,-0.00407400523180239
2026-04-27 00:00:00,-0.0033075858249738133,-0.0033984488359346645
2026-04-27 00:05:00,0.0004164411004250468,-0.004146261405801301
2026-04-27 00:10:00,-0.00040984132030175147,-0.0026295046431041476
2026-04-27 00:15:00,-0.0010541658662557296,-0.002231207467148011
2026-04-27 00:20:00,-0.0004526297437941196,-0.0012688136284440426
2026-04-27 00:25:00,-0.00205472209669999,-0.0008149820989345693
2026-04-27 00:30:00,-0.0009655293965540324,-0.0010821569662464552
2026-04-27 00:35:00,-0.0020613653105634455,-0.0009420657737441273
2026-04-27 00:40:00,-0.001630027033105108,-0.001130146498291154
2026-04-27 00:45:00,-0.0009011549058666191,-0.0012875960745721844
2026-04-27 00:50:00,-0.0006897280972459896,-0.0013506679049103635
2026-04-27 00:55:00,-0.0007710026512732782,-0.000998298249143143
2026-04-27 01:00:00,-0.0004892822711415334,-0.000826046573030431
2026-04-27 01:05:00,-0.0016325871365268085,-0.0008381334782478523
2026-04-27 01:10:00,-0.0008137765767486371,-0.0009652019913842627
2026-04-27 01:15:00,-0.0010232190421088916,-0.001010189892544755
2026-04-27 01:20:00,-0.0006942879608438091,-0.0010413122662997413
2026-04-27 01:25:00,0.0008698208012418718,-0.001183478826903843
2026-04-27 01:30:00,-0.00023725274261110485,-0.0006647394382424831
2026-04-27 01:35:00,0.0006028281801633284,-0.0008062409407464002
2026-04-27 01:40:00,0.0007779590083121235,-0.00026686996041422036
2026-04-27 01:45:00,0.00038234261140246417,-0.00026350560959370985
2026-04-27 01:50:00,0.0015986735910953342,0.00012965655214906293
2026-04-27 01:55:00,0.003921444037686683,0.00016848254750522127
2026-04-27 02:00:00,0.006312341275499733,0.00044187814500093285
2026-04-27 02:05:00,0.004785499474786903,0.0009606981013011355
2026-04-27 02:10:00,0.002746243247999658,0.0014636767977919054
2026-04-27 02:15:00,0.0037438566155945097,0.0019441280497508526
2026-04-27 02:20:00,0.0037604734342426838,0.0019768564393073855
2026-04-27 02:25:00,0.0035952008939545976,0.0024993770496697615
2026-04-27 02:30:00,0.004221517203379932,0.0025985254279984283
2026-04-27 02:35:00,0.0043607339255871125,0.0031055965810433245
2026-04-27 02:40:00,0.0036955768757795937,0.003255260448097022
2026-04-27 02:45:00,0.004123840221613051,0.0030803096108988283
2026-04-27 02:50:00,0.0030706420299271286,0.0035147404703606555
2026-04-27 02:55:00,0.0010614097750671903,0.0031723242869772777
2026-04-27 03:00:00,-0.0015046960824403044,0.001869630591628933
2026-04-27 03:05:00,5.746594346334177e-05,0.0009551808988691139
2026-04-27 03:10:00,0.0014543505844262228,0.00046251723754973684
2026-04-27 03:15:00,0.0018804995245691458,0.0005026449310607019
2026-04-27 03:20:00,0.0017761295053517756,0.0008295988753804905
2026-04-27 03:25:00,0.0016015197652485824,0.0007562998638482373
2026-04-27 03:30:00,0.0017822283842416908,0.0010143245812571492
2026-04-27 03:35:00,0.0026922263663298196,0.0013413946748154827
2026-04-27 03:40:00,0.0034295728804440984,0.001445744229882704
2026-04-27 03:45:00,0.00349671120136108,0.0018007313614403768
2026-04-27 03:50:00,0.003862155721707339,0.0022151362847807475
2026-04-27 03:55:00,0.003141459412903558,0.002368022175349381
2026-04-27 04:00:00,0.003918526928879729,0.0024944712344352822
2026-04-27 04:05:00,0.004684058164972527,0.0027963201143865264
2026-04-27 04:10:00,0.003879970166520863,0.0027570343097351375
2026-04-27 04:15:00,0.0024580311202822003,0.0029379117853256496
2026-04-27 04:20:00,0.0023646895531328482,0.003205993948626984
2026-04-27 04:25:00,0.002239523737229021,0.0029666377185992294
2026-04-27 04:30:00,0.0033897906099404906,0.002654770822504629
2026-04-27 04:35:00,0.002407719426201993,0.0022016085415111977
2026-04-27 04:40:00,0.002994959104094974,0.0017125353039383453
2026-04-27 04:45:00,0.0013279637831118407,0.0014009834851048827
2026-04-27 04:50:00,0.0007875749873562654,0.0013091002512989592
2026-04-27 04:55:00,0.0011903250441740454,0.001411243993310822
2026-04-27 05:00:00,0.0013486121608927704,0.0010936294679033242
2026-04-27 05:05:00,0.001392911197452662,0.0012934897155373823
2026-04-27 05:10:00,0.002039064769741472,0.0012217333048821705
2026-04-27 05:15:00,0.002060679567220447,0.0013392844799313202
2026-04-27 05:20:00,0.002117949346738257,0.0015522656619192609
2026-04-27 05:25:00,0.0023127959546442867,0.0014659539508990241
2026-04-27 05:30:00,0.0009651958763292612,0.0018068102239596952
2026-04-27 05:35:00,0.0008908271844916271,0.0016058276203917182
2026-04-27 05:40:00,-0.00042307090876292364,0.0015197060089414958
2026-04-27 05:45:00,-2.3282418917247583e-05,0.001291373406654234
2026-04-27 05:50:00,-0.0001058207777955289,0.0010320719700591717
2026-04-27 05:55:00,0.0001968389366471257,0.0008682390719865977
2026-04-27 06:00:00,-0.0010605296656311936,0.0005255553876945005
2026-04-27 06:05:00,-0.001575106867631959,0.0005652041408334487
2026-04-27 06:10:00,-0.0019500468283286665,0.00015561200614565943
2026-04-27 06:15:00,-0.0018169040557012295,-7.123945328413503e-05
2026-04-27 06:20:00,-0.0016071131434145514,-0.00029199717890717055
2026-04-27 06:25:00,-0.0019142409233356972,-0.0005195040303688313
2026-04-27 06:30:00,-0.0029471890105376986,-0.0008316112614251618
2026-04-27 06:35:00,-0.00365511035873034,-0.0007604647120435367
2026-04-27 06:40:00,-0.00310234153318234,-0.0013587407838124902
2026-04-27 06:45:00,-0.002734158957606425,-0.001665259126037176
2026-04-27 06:50:00,-0.0028359313034034273,-0.0020522886106038372
2026-04-27 06:55:00,-0.003247499398840503,-0.0022592723071992466
2026-04-27 07:00:00,-0.0022072185614696593,-0.0024128334392332466
2026-04-27 07:05:00,-0.0013208515156968303,-0.0024938419294850645
2026-04-27 07:10:00,-0.0008056890561061181,-0.0023909847442781652
2026-04-27 07:15:00,-0.0012767710036829527,-0.0022116715477803538
2026-04-27 07:20:00,-0.0008840599489268186,-0.002090717040533259
2026-04-27 07:25:00,-0.0007781779790914101,-0.0018208567220189603
2026-04-27 07:30:00,-0.0005751950993193589,-0.0018188011610014885
2026-04-27 07:35:00,0.00027380135140298023,-0.001539900180887836
2026-04-27 07:40:00,-0.00018678655021275858,-0.0009781416986032613
2026-04-27 07:45:00,0.0005092470891998602,-0.0007660599227476482
2026-04-27 07:50:00,0.00045624165895752355,-0.0008014641274606035
2026-04-27 07:55:00,0.0005115659654872928,-0.0004856823561979607
2026-04-27 08:00:00,0.0012070468384681732,-0.0002470333541608024
2026-04-27 08:05:00,0.0007359062104761449,0.00011287179192762355
2026-04-27 08:10:00,0.0005767697661127613,0.000293003918398479
2026-04-27 08:15:00,0.0007255416422751182,0.00039783435967194686
2026-04-27 08:20:00,0.0005852206512422242,0.0011794865320965977
2026-04-27 08:25:00,0.00033085264846022255,0.0012174774817626402
2026-04-27 08:30:00,0.0013939058665553006,0.001238722814397393
2026-04-27 08:35:00,0.0008082317031306019,0.0013377392690492157
2026-04-27 08:40:00,0.0008699582756541702,0.0012774836890062059
2026-04-27 08:45:00,0.00011030269616441046,0.0011746690412240295
2026-04-27 08:50:00,-0.00024401034300680635,0.0010762486500970002
2026-04-27 08:55:00,9.97354888330193e-05,0.0008864292323826981
2026-04-27 09:00:00,-0.0009417534702009789,0.0007996071080533176
2026-04-27 09:05:00,-0.0010350891885586577,0.0005158070953530398
2026-04-27 09:10:00,-0.0012408910128023365,0.00040564537136515575
2026-04-27 09:15:00,-0.0010057161163938844,2.3647981465248926e-05
2026-04-27 09:20:00,-0.0013172284113842636,-0.0001970650990041976
2026-04-27 09:25:00,-0.001103268119043932,-0.00041800101016081635
2026-04-27 09:30:00,-0.0014894500064279725,-0.0005980420862618894
2026-04-27 09:35:00,-0.0017573055781294755,-0.0007229379501015792
2026-04-27 09:40:00,-0.0006195024659998438,-0.0009700421011744395
2026-04-27 09:45:00,-0.0004603822102211552,-0.0008214328397163884
2026-04-27 09:50:00,-0.0011423355419282188,-0.0007337971827866892
2026-04-27 09:55:00,-0.001220852306440534,-0.00088756852037435
2026-04-27 10:00:00,-0.0012251819929627317,-0.0009195045840968316
2026-04-27 10:05:00,-0.0016035327875218996,-0.0009063757460032687
2026-04-27 10:10:00,-0.0012913120716131488,-0.0008355935389915499
2026-04-27 10:15:00,-0.0011002316268839962,-0.0009806980981843265
2026-04-27 10:20:00,-0.001176578162606745,-0.0012064262784274495
2026-04-27 10:25:00,-0.0017443723993633142,-0.0009988694953253364
2026-04-27 10:30:00,-0.0014193742688473066,-0.001254647878028503
2026-04-27 10:35:00,-0.0007118655533506768,-0.001534430765152221
2026-04-27 10:40:00,-0.0015653161491613332,-0.001267876222203365
2026-04-27 10:45:00,-0.0025433439010100756,-0.001482753862120783
2026-04-27 10:50:00,-0.0013521042584763165,-0.0013609287138508794
2026-04-27 10:55:00,-0.0007034628299606993,-0.0014393552058372288
2026-04-27 11:00:00,-0.00022311491892068602,-0.0016998999739806328
2026-04-27 11:05:00,-0.00018069132550024847,-0.0010937860934158502
2026-04-27 11:10:00,-0.0007611256522341847,-0.001389525982861957
2026-04-27 11:15:00,-0.0006781585386335109,-0.0009204652687312761
2026-04-27 11:20:00,-0.0002699161469799094,-0.0008426179610104466
2026-04-27 11:25:00,0.0005825040610467624,-0.00112870107377997
2026-04-27 11:30:00,0.000939392269575734,-0.0009890332959980302
2026-04-27 11:35:00,0.0008775406478775949,-0.0012975006249710062
2026-04-27 11:40:00,0.000990023365531556,-0.0005625492806005556
2026-04-27 11:45:00,0.0017217671705900273,0.00019214796462660035
2026-04-27 11:50:00,0.001883091631329492,0.0005824608375149088
2026-04-27 11:55:00,0.0011303997973968194,0.0012154260984228037
2026-04-27 12:00:00,7.650215166066232e-05,0.0017351694307641387
2026-04-27 12:05:00,0.0007076983205411835,0.0017357152423473276
2026-04-27 12:10:00,0.0004677994586543832,0.0017652554587346664
2026-04-27 12:15:00,0.00036145833948353356,0.001935758350344518
2026-04-27 12:20:00,-8.502804868015801e-05,0.001708279204577607
2026-04-27 12:25:00,-1.7002609901339838e-05,0.001638231983971852
2026-04-27 12:30:00,-0.00035057489329304303,0.001800021212143457
2026-04-27 12:35:00,-0.001315536589597599,0.002040602755307002
2026-04-27 12:40:00,-0.0013535611663044733,0.0015588972260250167
2026-04-27 12:45:00,-0.0011815358789100117,0.0013152567118396373
2026-04-27 12:50:00,-0.0012939787183547935,0.0013987764861791432
2026-04-27 12:55:00,-0.0007966714428011556,0.0007027228940267863
2026-04-27 13:00:00,-0.00012113110969913521,0.0006628539426066871
2026-04-27 13:05:00,-0.00026771884581933136,-0.0001427487849789121
2026-04-27 13:10:00,0.001081479713992195,-0.00010317344501634379
2026-04-27 13:15:00,0.00154217102776677,-0.00036064769790645297
2026-04-27 13:20:00,0.0010687019052308955,-0.00020025745720137045
2026-04-27 13:25:00,0.000395235924866455,3.2829761390416076e-06
2026-04-27 13:30:00,-0.000221031580785791,-5.2695393087401365e-06
2026-04-27 13:35:00,-9.995799645778902e-05,-0.00010478678845677957
2026-04-27 13:40:00,-0.0008913329633433165,-0.00013705130169411315
2026-04-27 13:45:00,0.00010205817324759892,-0.00023994244350676304
2026-04-27 13:50:00,-0.00011907065369065606,-0.00011550884092283449
2026-04-27 13:55:00,-0.001293020211326379,-0.0001809543068989635
2026-04-27 14:00:00,-0.0020124968765600215,-0.00042617384640478194
2026-04-27 14:05:00,-0.0020059205825830873,-0.0006745565148555242
2026-04-27 14:10:00,-0.0027878776293057683,-0.0010033136684482876
2026-04-27 14:15:00,-0.002229053618057364,-0.0010380535909617766
2026-04-27 14:20:00,-0.0021385471562265224,-0.0009170125643590052
2026-04-27 14:25:00,-0.001454217912689515,-0.0005612278249308382
2026-04-27 14:30:00,-0.002306742282671692,-0.00076961573937765
2026-04-27 14:35:00,-0.0020268349575811584,0.00047704257787562604
2026-04-27 14:40:00,-0.0010881196940459859,0.002053059954347741
2026-04-27 14:45:00,-0.002919144385911565,0.002062548970106479
2026-04-27 14:50:00,-0.001598194019544863,0.001361882266466204
2026-04-27 14:55:00,-0.000747225878990676,0.0030810302466134126
2026-04-27 15:00:00,-0.0004046901513170553,0.00249759516529109
2026-04-27 15:05:00,-0.0015897238166751038,0.0020841096200853995
2026-04-27 15:10:00,-0.000685932447638038,0.0016717533139839228
2026-04-27 15:15:00,-0.0011494033946792825,0.0014168281743640737
2026-04-27 15:20:00,-0.001190297619086067,0.0008564875809903035
2026-04-27 15:25:00,-0.0023793533720972704,0.0006747812658762381
2026-04-27 15:30:00,-0.0016887393696265462,-0.000812400183320955
2026-04-27 15:35:00,0.00030684389983726135,-0.001083358230910259
2026-04-27 15:40:00,8.734880406890966e-05,-0.00036541990816898995
2026-04-27 15:45:00,0.0002515819829405075,-0.0007088729689844396
2026-04-27 15:50:00,-0.0030075210639566308,-0.00015446873431409775
2026-04-27 15:55:00,-0.0035927671347888435,-0.0009481993529967918
2026-04-27 16:00:00,-0.005464412758907855,-0.001113143798352677
2026-04-27 16:05:00,-0.0038312462928615787,-0.0015344181642986548
2026-04-27 16:10:00,-0.003868765861108514,-0.0016012625064845006
2026-04-27 16:15:00,-0.0037083704776268434,-0.0016169841552771986
2026-04-27 16:20:00,-0.004163327789338922,-0.0014616750118940812
2026-04-27 16:25:00,-0.0016990435230113121,-0.00231408951777533
2026-04-27 16:30:00,-0.0015163231861539117,-0.002065012442992452
2026-04-27 16:35:00,-0.0031068781686354185,-0.001974718112086063
2026-04-27 16:40:00,-0.0035191578397899548,-0.002260573672209282
2026-04-27 16:45:00,-0.0035664289835430907,-0.0022578928875066724
2026-04-27 16:50:00,-0.001971522623628985,-0.0019493135421882154
2026-04-27 16:55:00,-0.0018676139233484434,-0.0013848199767292012
2026-04-27 17:00:00,0.00048826871167761965,0.0009053589262828715
2026-04-27 17:05:00,0.0004345038965016812,-0.0014907179791242686
2026-04-27 17:10:00,1.2835212979567245e-05,-0.000692214785984459
2026-04-27 17:15:00,-0.00018385575498847118,-0.0003019819075978585
2026-04-27 17:20:00,0.00038931147976484226,0.00027690429483405004
2026-04-27 17:25:00,-0.0009382718320907202,0.0005745406248944948
2026-04-27 17:30:00,-0.00014748364080396925,-0.0007057294196494721
2026-04-27 17:35:00,-0.0003270394304042412,-0.0001916391246257371
2026-04-27 17:40:00,-0.0005196388306369926,4.565640328124412e-05
2026-04-27 17:45:00,0.0003828791057873815,-0.00038771481924821554
2026-04-27 17:50:00,0.0009028495999565678,-0.0005318830606800683
2026-04-27 17:55:00,0.0015191718087770312,-0.0003628527024481691
2026-04-27 18:00:00,0.0007276774569877631,-0.0002810676730948357
2026-04-27 18:05:00,8.773403326500784e-05,-0.0004191336114295269
2026-04-27 18:10:00,-0.0001069651423009077,-0.000494459584523782
2026-04-27 18:15:00,-0.0012023089199768577,-9.192667641942995e-05
2026-04-27 18:20:00,-0.00022030601235734082,-0.0001902275619847499
2026-04-27 18:25:00,0.0007331668539425351,-0.0001882898660248845
2026-04-27 18:30:00,0.0015506958810060922,-0.0006639831606565516
2026-04-27 18:35:00,0.0006432895612498157,0.0002768200118778666
2026-04-27 18:40:00,0.001773785208815326,0.00018114620124802563
2026-04-27 18:45:00,0.0013079552030710317,0.0002836143058580534
2026-04-27 18:50:00,0.0012587771436312067,0.00028977601889626086
2026-04-27 18:55:00,0.0010834063608804456,0.0003808997231637808
2026-04-27 19:00:00,0.0013170331033691696,0.0004939628900345262
2026-04-27 19:05:00,0.001810736857306594,4.190247921033012e-05
2026-04-27 19:10:00,0.001571236651091823,0.0006308318632623731
2026-04-27 19:15:00,0.0022451354159400694,0.0010389876865811267
2026-04-27 19:20:00,0.001991683459390714,9.85227749869046e-05
2026-04-27 19:25:00,0.0008351123561904927,0.0003966859134389906
2026-04-27 19:30:00,-0.00043335465205629475,-2.432391574363088e-05
2026-04-27 19:35:00,0.000587361493021632,0.0009167432061687158
2026-04-27 19:40:00,-0.0001387973955306876,0.0004494175324717121
2026-04-27 19:45:00,0.00035661244186613317,0.0007862258781891084
2026-04-27 19:50:00,0.00036301981632647085,0.0004418749777416119
2026-04-27 19:55:00,-0.00041228260954362383,0.0005325310972246449
2026-04-27 20:00:00,-0.00023505730164252725,0.0006933199707487175
2026-04-27 20:05:00,-0.0005020600590643909,-0.00018204614372888914
2026-04-27 20:10:00,-0.0002456768891292427,-0.00012586101836450036
2026-04-27 20:15:00,-4.6989269367969655e-05,-0.00028575384932937335
2026-04-27 20:20:00,-0.00030106236808968845,-0.00032469631171525655
2026-04-27 20:25:00,-0.0003630066384658903,-0.0002805221218956348
2026-04-27 20:30:00,-0.0009249755797320347,-0.0002812638218554421
2026-04-27 20:35:00,-0.0011772059279735458,-0.0007548494501943602
2026-04-27 20:40:00,-0.0005511089604972597,-0.0008452163259305646
2026-04-27 20:45:00,-0.0005787587175571929,-0.0006763122749451796
2026-04-27 20:50:00,-0.0008137748386083388,-0.00062172244201197
2026-04-27 20:55:00,0.00017945995420554084,-0.0006456396333071059
2026-04-27 21:00:00,6.411386623383919e-06,-0.0006385836687386474
2026-04-27 21:05:00,-1.7095843572789704e-05,-0.0007295470558386174
2026-04-27 21:10:00,-0.00025001148687131547,-0.0005857220220499044
2026-04-27 21:15:00,-0.0004999316436933299,-0.00039917890095877637
2026-04-27 21:20:00,-0.000749847021486616,-0.0005325816074476446
2026-04-27 21:25:00,-0.0005084307757137196,-0.0004942297712342777
2026-04-27 21:30:00,7.693589961021985e-05,-9.178178751642372e-05
2026-04-27 21:35:00,0.0004103633910865767,-0.0002216973722200404
2026-04-27 21:40:00,4.273330784343443e-06,-0.0004145827954005253
2026-04-27 21:45:00,-0.000202965215663653,-8.540964229123371e-06
2026-04-27 21:50:00,-0.000145310323272696,-8.705094052200141e-05
2026-04-27 21:55:00,0.00020292186189685424,-0.0003061756686949806
2026-04-27 22:00:00,0.0007647971524118446,-0.0004825013002694898
2026-04-27 22:05:00,0.0020835386694351143,4.632221388944726e-05
2026-04-27 22:10:00,0.0021199090379599994,-9.572022382362702e-05
2026-04-27 22:15:00,0.001810531035539853,8.476842003568055e-05
2026-04-27 22:20:00,0.0018085021588962746,0.0006982338298761556
2026-04-27 22:25:00,0.002072690019010892,0.0005395436574712621
2026-04-27 22:30:00,0.0020430455519573343,0.0012380171195011489
2026-04-27 22:35:00,0.001774164916112042,0.0014116676719839471
2026-04-27 22:40:00,0.0015500138676109998,0.0015775935534572726
2026-04-27 22:45:00,0.001486033482892779,0.0016515858546252205
2026-04-27 22:50:00,0.0017465985278821705,0.0017232972794302933
2026-04-27 22:55:00,0.0012593304161843122,0.0017275206741321554
2026-04-28 00:00:00,0.0012314181750756603,-0.0025769117847861444
2026-04-28 00:05:00,-0.00020047987270466194,-0.0008803716448096369
2026-04-28 00:10:00,0.00017059278902920028,-0.00021631065845351312
2026-04-28 00:15:00,0.0006781049147353002,-0.00021354369214276862
2026-04-28 00:20:00,0.0006845408139533049,-2.0442598129302294e-05
2026-04-28 00:25:00,0.0002494576441325336,-0.00198582127346285
2026-04-28 00:30:00,0.0006822198846005989,-0.000926513711849699
2026-04-28 00:35:00,0.0011810303196337912,2.8709214441622494e-06
2026-04-28 00:40:00,0.0014943623123429006,0.00039276908669639557
2026-04-28 00:45:00,0.0016159018455752516,0.00035155942474834016
2026-04-28 00:50:00,0.0015582586046143376,0.0007698683570432296
2026-04-28 00:55:00,0.0009700965846910492,0.0009404112161258337
2026-04-28 01:00:00,0.001824063649022989,0.0009573038581730903
2026-04-28 01:05:00,0.0026520383505932443,0.0009507772457632477
2026-04-28 01:10:00,0.0017022005952895825,0.0011148596145896907
2026-04-28 01:15:00,0.0012781922990825478,0.0012761417749572177
2026-04-28 01:20:00,0.0012931637760580372,0.0012529426121574555
2026-04-28 01:25:00,0.0009524835074277149,0.0012945543490940153
2026-04-28 01:30:00,0.0002684964216612684,0.0012910013957712157
2026-04-28 01:35:00,-0.0003686557425783832,0.0009061297690606502
2026-04-28 01:40:00,-0.00014060083446310045,0.0005979474334529014
2026-04-28 01:45:00,-0.00018959466209444997,0.0005434417069877231
2026-04-28 01:50:00,-0.00034938442654741664,0.0009312344178915771
2026-04-28 01:55:00,-0.0005094498797664215,0.0015623638761882454
2026-04-28 02:00:00,-0.001529772260040474,0.0006325185604124904
2026-04-28 02:05:00,-0.0024153057709259684,-0.000444235920329625
2026-04-28 02:10:00,-0.002115938402324602,2.435477446838556e-07
2026-04-28 02:15:00,-0.0016768964094175942,-0.0005283277870084893
2026-04-28 02:20:00,-0.0015575414453596892,-0.0007089400003314205
2026-04-28 02:25:00,-0.0015581124630603682,-0.0009001439560991926
2026-04-28 02:30:00,-0.0018511059669510388,-0.0012301641825148357
2026-04-28 02:35:00,-0.00031548969377759306,-0.0012687050379338468
2026-04-28 02:40:00,-0.0013537614778798002,-0.0009174741187796875
2026-04-28 02:45:00,-0.001891522727509809,-0.0010520092043733583
2026-04-28 02:50:00,-0.0025943727788391158,-0.0007045140640954267
2026-04-28 02:55:00,-0.004354754261687077,-0.0006058269282207523
2026-04-28 03:00:00,-0.0037084233867812344,-0.0010699708253857133
2026-04-28 03:05:00,-0.0029664011398882195,-0.0002583542464568162
2026-04-28 03:10:00,-0.002261519170801307,0.00018965930683327182
2026-04-28 03:15:00,-0.002404119331238519,-0.0003558944828128707
2026-04-28 03:20:00,-0.002855036847853043,-0.001154888076594593
2026-04-28 03:25:00,-0.002652878389325153,-0.0016203374158676787
2026-04-28 03:30:00,-0.002359363639159895,-0.001915034796650683
2026-04-28 03:35:00,-0.0040376646685178486,-0.002323172300780631
2026-04-28 03:40:00,-0.00348770468727011,-0.0025966169845286374
2026-04-28 03:45:00,-0.0031212546264107743,-0.0025920394304141756
2026-04-28 03:50:00,-0.002252058119429634,-0.002821079527857957
2026-04-28 03:55:00,-0.0001306362307520459,-0.0028651952672817836
2026-04-28 04:00:00,-0.0003210747039990025,-0.0025917947060790005
2026-04-28 04:05:00,-0.0005412650544460718,-0.002289000279849701
2026-04-28 04:10:00,-0.0009582560474541424,-0.0022284096141758514
2026-04-28 04:15:00,-0.0009260378754660792,-0.0016905209362136828
2026-04-28 04:20:00,-0.0006652812234975158,-0.0014919923912124074
2026-04-28 04:25:00,-0.00010694615271411578,-0.0013339968690325485
2026-04-28 04:30:00,-0.0002760500887948325,-0.0008725765478126026
2026-04-28 04:35:00,0.0003938019056128894,-0.000814898630298662
2026-04-28 04:40:00,0.00018837309916541756,-0.0005421366170250816
2026-04-28 04:45:00,0.00030614265844697286,-0.00033587452305892143
2026-04-28 04:50:00,-0.00015203084328341276,-0.00020776954640168378
2026-04-28 04:55:00,0.00040256184043307996,-0.00022071515420757698
2026-04-28 05:00:00,-0.000698158047645947,-0.00010193650107989598
2026-04-28 05:05:00,-0.0011005482440040737,-0.00014819846430048352
2026-04-28 05:10:00,-0.0006593340964720085,-0.00043292843784869265
2026-04-28 05:15:00,-0.0010982413188358464,-0.0003811346696971147
2026-04-28 05:20:00,-0.0012847527333743614,-0.0005756460860611853
2026-04-28 05:25:00,-0.0016012813669732395,-0.0006529726448961545
2026-04-28 05:30:00,-0.0007793431645257698,-0.00038552992216961423
2026-04-28 05:35:00,-0.0009333910601156958,-0.00038777320055291385
2026-04-28 05:40:00,-0.00044958542559037085,-0.0005199457186288536
2026-04-28 05:45:00,-0.0008394400229114751,-0.0005588942569975221
2026-04-28 05:50:00,-0.0003705381519978346,-0.0006029194807233574
2026-04-28 05:55:00,-0.0007110167195722994,-0.0008032420430216468
2026-04-28 06:00:00,-0.0009495058675010881,-0.001017892468978261
2026-04-28 06:05:00,-0.0029178120820461118,-0.0009284068794268816
2026-04-28 06:10:00,-0.003698606728098852,-0.001805558604091235
2026-04-28 06:15:00,-0.0028378853969304174,-0.0022475564512328336
2026-04-28 06:20:00,-0.0018143103843861752,-0.0024160915119967215
2026-04-28 06:25:00,-0.0020953824553497924,-0.0023954465865186347
2026-04-28 06:30:00,-0.005270053494292881,-0.0023346562479548243
2026-04-28 06:35:00,-0.006784640831414279,-0.0027549619564239
2026-04-28 06:40:00,-0.009609355312559131,-0.003137753255472339
2026-04-28 06:45:00,-0.008560861677343823,-0.0035919809198903933
2026-04-28 06:50:00,-0.007700922874699145,-0.0046249210784053115
2026-04-28 06:55:00,-0.007759729409064775,-0.005503794897387519
2026-04-28 07:00:00,-0.006248884299214552,-0.006179705466346615
2026-04-28 07:05:00,-0.0029866890849987726,-0.006513245515611117
2026-04-28 07:10:00,-0.0024834147001158158,-0.006329551420186009
2026-04-28 07:15:00,-0.004708930784476095,-0.006165075845687595
2026-04-28 07:20:00,-0.007117375775086643,-0.005959385448633686
2026-04-28 07:25:00,-0.00563011816234571,-0.006090448392756206
2026-04-28 07:30:00,-0.0031529507910548205,-0.006020619032914126
2026-04-28 07:35:00,-0.0011219495479775077,-0.005603332271653902
2026-04-28 07:40:00,0.0011063525638963512,-0.004889624168752682
2026-04-28 07:45:00,-0.00043440440274444825,-0.00456063670690638
2026-04-28 07:50:00,-0.001263694237554347,-0.0031849005625746696
2026-04-28 07:55:00,-0.0006673743818268463,-0.0026286511377306447
2026-04-28 08:00:00,0.0010826363033213937,-0.001934768642353838
2026-04-28 08:05:00,-0.00131110511718191,-0.0016286439103768218
2026-04-28 08:10:00,-0.0014813619592590754,-0.0012879863644871487
2026-04-28 08:15:00,-2.158246985572987e-05,-0.001059329398365689
2026-04-28 08:20:00,0.0009226857073265649,-0.0006380596889199831
2026-04-28 08:25:00,-0.00029367814813774373,-0.0005816324178942935
2026-04-28 08:30:00,-0.0005833713410350327,-0.0002830334587827347
2026-04-28 08:35:00,-0.0010713415039838026,-0.00043573494318222174
2026-04-28 08:40:00,-0.0002959158238287074,-0.0005143239661382468
2026-04-28 08:45:00,0.0004689757504472425,-0.0004891210396729367
2026-04-28 08:50:00,-2.5938655083379558e-05,-0.0003021652965702594
2026-04-28 08:55:00,0.0008810991849728111,-0.00024929033869588736
2026-04-28 09:00:00,-0.004112476691195965,-0.0005356467882414327
2026-04-28 09:05:00,-0.0026490138952830478,-0.0010258434132595438
2026-04-28 09:10:00,-0.0029671592276923064,-0.0010094010773893838
2026-04-28 09:15:00,-0.0023552861107045686,-0.002308490131312138
2026-04-28 09:20:00,-0.0018397320175456144,-0.0018903470646250283
2026-04-28 09:25:00,-0.0006243525785620818,-0.0014924076893667016
2026-04-28 09:30:00,0.001170720040056139,-0.0012007233928678594
2026-04-28 09:35:00,0.00044725183940563795,-0.000325688552789811
2026-04-28 09:40:00,-0.00022469531194246883,-0.0012909838818343095
2026-04-28 09:45:00,-0.0004516824165943234,0.00011851636129084112
2026-04-28 09:50:00,0.00032418484006591086,-0.001836460580478833
2026-04-28 09:55:00,-0.0006845122362015843,-0.00016018429558039144
2026-04-28 10:00:00,0.0005495967958797365,-0.00021905552185439204
2026-04-28 10:05:00,0.0011698019482153654,-0.0014394885435538682
2026-04-28 10:10:00,0.0009907523388985595,-9.944588227070904e-05
2026-04-28 10:15:00,-3.894123119607684e-05,-0.0006815148114150518
2026-04-28 10:20:00,-0.0011301613522984866,0.00027058795616048437
2026-04-28 10:25:00,-0.0018537490721310945,-0.0004121198886163596
2026-04-28 10:30:00,-0.004355005233477982,-0.00014920839618080508
2026-04-28 10:35:00,-0.004114907008608171,-0.0005269379562968447
2026-04-28 10:40:00,-0.0031098637095912096,-0.0015568239803630732
2026-04-28 10:45:00,-0.003495000341965593,-0.001961462105304536
2026-04-28 10:50:00,-0.003485085859795234,-0.001605372633050653
2026-04-28 10:55:00,-0.0052497992718656405,-0.002483586091013342
2026-04-28 11:00:00,-0.003265225892832291,-0.0030244414598887145
2026-04-28 11:05:00,-0.003734744679229962,-0.003312680578358067
2026-04-28 11:10:00,-0.002660811135783092,-0.003445530430342009
2026-04-28 11:15:00,-0.0016564056328807197,-0.0035021494726493506
2026-04-28 11:20:00,-0.0007411436922701853,-0.0033418933120600435
2026-04-28 11:25:00,-0.0015709118092317453,-0.003061358916314852
2026-04-28 11:30:00,5.420248096932312e-05,-0.002906556634503111
2026-04-28 11:35:00,0.0009864360434921338,-0.00230617275380783
2026-04-28 11:40:00,8.669981490072587e-06,-0.0019418508611722318
2026-04-28 11:45:00,0.0008044555560182687,-0.0013733253384151814
2026-04-28 11:50:00,-0.00034483918148531245,-0.0009456469949267994
2026-04-28 11:55:00,-0.00017155955275960366,-0.0008871252888216644
2026-04-28 12:00:00,-0.0004037474766356297,-0.0008123016227676301
2026-04-28 12:05:00,-0.0017998170304860395,-0.0004135125713290384
2026-04-28 12:10:00,-0.003094045079240715,-0.0007629573114745388
2026-04-28 12:15:00,-0.0037647082853933256,-0.0006589848333731164
2026-04-28 12:20:00,-0.0024918398668560826,-0.0014068344056288307
2026-04-28 12:25:00,-0.002666442424162696,-0.0014696123973303404
2026-04-28 12:30:00,-0.004689610413118217,-0.0017642863402303468
2026-04-28 12:35:00,-0.009663341502282208,-0.001981312478173608
2026-04-28 12:40:00,-0.009016082421583249,-0.0031811607834904138
2026-04-28 12:45:00,-0.011758031380470158,-0.00414640457308401
2026-04-28 12:50:00,-0.011181465499396026,-0.005544616178922838
2026-04-28 12:55:00,-0.008856719587038597,-0.006806328300958887
2026-04-28 13:00:00,-0.007997749474876414,-0.007616080236807198
2026-04-28 13:05:00,-0.006881691317369487,-0.008251436954965328
2026-04-28 13:10:00,-0.0036578724715194966,-0.008381644275541708
2026-04-28 13:15:00,-0.003923052280162764,-0.008098736699915215
2026-04-28 13:20:00,-0.005115969986688285,-0.007758481788304949
2026-04-28 13:25:00,-0.0041483981204279985,-0.007416113568955698
2026-04-28 13:30:00,-0.002534313809682942,-0.006858360073117521
2026-04-28 13:35:00,0.0030257473571850824,-0.006198304203489934
2026-04-28 13:40:00,0.0032883848871794186,-0.005654379842261614
2026-04-28 13:45:00,0.00850370143653656,-0.0033908151597253945
2026-04-28 13:50:00,0.007924575956451463,-0.002034053814005187
2026-04-28 13:55:00,0.006689061189023349,0.0005635518958496802
2026-04-28 14:00:00,0.0032229228864775195,0.0027332686408015738
2026-04-28 14:05:00,0.00038720644165302076,0.0029907442571977614
2026-04-28 14:10:00,-0.0011749240271718975,0.003475192538888811
2026-04-28 14:15:00,-0.00037130713642063995,0.002523086673396551
2026-04-28 14:20:00,-0.00015073812556209987,0.0021593980119700824
2026-04-28 14:25:00,0.00012007462106389255,0.0015109737050922067
2026-04-28 14:30:00,-0.000310141859623414,0.0013444316222270061
2026-04-28 14:35:00,-0.0011021906333983367,0.0010587380813744472
2026-04-28 14:40:00,-0.0012629803430215247,0.0005824085426600877
2026-04-28 14:45:00,-0.00269570701230748,0.00044051117631695473
2026-04-28 14:50:00,-0.0029640887737958366,0.0003081958829225649
2026-04-28 14:55:00,-0.0031828068245296492,-0.0005439189041127408
2026-04-28 15:00:00,-0.0039760701579840685,-0.0008658257941394445
2026-04-28 15:05:00,-0.0005119319636097686,-0.001109997467877765
2026-04-28 15:10:00,-0.0016117589700197499,-0.0013705517090312344
2026-04-28 15:15:00,-0.0012437907707116835,-0.001126711018886984
2026-04-28 15:20:00,-0.0020185834566106564,-0.0015228336136516151
2026-04-28 15:25:00,-0.0020147947770432495,-0.0014007863616661257
2026-04-28 15:30:00,-0.0016527989840540158,0.0006414375737850974
2026-04-28 15:35:00,-0.004159966434633233,-0.0003438302219796524
2026-04-28 15:40:00,-0.0038138771468734234,-0.0006522789747146696
2026-04-28 15:45:00,-0.005170003700591508,-0.001059119155103871
2026-04-28 15:50:00,-0.0039892099426044325,-0.0018786191311610987
2026-04-28 15:55:00,-0.0009502641247660648,-0.0025510318325789342
2026-04-28 16:00:00,0.0022511864328702558,-0.002274896977568179
2026-04-28 16:05:00,0.0005009959861030922,-0.0025819871232017817
2026-04-28 16:10:00,0.0008510350214638862,-0.001440802210434262
2026-04-28 16:15:00,0.00024275905626858219,-0.0015572810395189651
2026-04-28 16:20:00,0.0008206093758307276,-0.00135857786516511
2026-04-28 16:25:00,0.0010756450534259443,-0.0006826369281996688
2026-04-28 16:30:00,0.0002406565121244597,-0.0005831675479855881
2026-04-28 16:35:00,0.004081348022161535,-2.731758964176174e-05
2026-04-28 16:40:00,0.0030234305907796966,-0.0008317483810552762
2026-04-28 16:45:00,0.004264725211113429,0.000436943240208416
2026-04-28 16:50:00,0.0043754750583921975,0.0011857135664379503
2026-04-28 16:55:00,0.002444828879244909,0.000546583410235157
2026-04-28 17:00:00,0.001650709459186217,0.0012648762893861193
2026-04-28 17:05:00,0.0029527408541625277,0.0022080900443297367
2026-04-28 17:10:00,0.0027864964756769695,0.002301777297126894
2026-04-28 17:15:00,0.001704214409310012,0.002300517542669364
2026-04-28 17:20:00,0.002261393959948066,0.002662829145320694
2026-04-28 17:25:00,0.0013472956228888222,0.0024133264692144983
2026-04-28 17:30:00,0.0020825396582218048,0.002509753304024025
2026-04-28 17:35:00,0.001318224865263673,0.002106596903789767
2026-04-28 17:40:00,0.0015606398952314748,0.002531148918295643
2026-04-28 17:45:00,0.001046994893387776,0.0021935185788057917
2026-04-28 17:50:00,0.0022448019399554653,0.0017470233913617042
2026-04-28 17:55:00,0.0012637268546029645,0.001859798437752893
2026-04-28 18:00:00,0.0013713341041849958,0.0017624021229158127
2026-04-28 18:05:00,0.001257506793772123,0.001595632131999535
2026-04-28 18:10:00,0.0018018435092752583,0.0017443108760183757
2026-04-28 18:15:00,0.0017013150030660285,0.0017222506566882787
2026-04-28 18:20:00,0.002863639212101532,0.0016952721744126172
2026-04-28 18:25:00,0.0024671513225875685,0.0016037216454455364
2026-04-28 18:30:00,0.003264757498373072,0.001981561834240075
2026-04-28 18:35:00,0.0030531715047050767,0.001814519849457341
2026-04-28 18:40:00,0.003029193395997609,0.0020108513216209882
2026-04-28 18:45:00,0.0025018003575230097,0.00210795773153966
2026-04-28 18:50:00,0.0008377843380458216,0.0022468025775777725
2026-04-28 18:55:00,0.000589918506046061,0.0022652116725688566
2026-04-28 19:00:00,0.0008536808971637555,0.0028567344251082204
2026-04-28 19:05:00,0.0011014703346603483,0.0018784882632712158
2026-04-28 19:10:00,0.0004940136313305032,0.001519334700881326
2026-04-28 19:15:00,0.0020225403592153413,0.0018401629716106149
2026-04-28 19:20:00,0.0009418562223064697,0.0016577209475793606
2026-04-28 19:25:00,0.00117042026657721,0.0013176014768861524
2026-04-28 19:30:00,-0.0001479692313726133,0.001390452734035143
2026-04-28 19:35:00,-0.0004958871914766405,0.001166087718248659
2026-04-28 19:40:00,-0.00024138909756032945,0.0008912578079233672
2026-04-28 19:45:00,-6.959123849092919e-05,0.0007139994324667558
2026-04-28 19:50:00,-0.0005352305861929807,0.0006213885910543694
2026-04-28 19:55:00,-0.00017193292917205838,0.00040790780329145597
2026-04-28 20:00:00,0.0004396226280576343,0.00028687458815914135
2026-04-28 20:05:00,0.00010007353237462269,0.00020076182535280228
2026-04-28 20:10:00,-5.874654457826978e-05,0.00010399143884208519
2026-04-28 20:15:00,-0.000654863910705572,0.00013536111350675407
2026-04-28 20:20:00,-0.0007721260710784605,8.852501090452819e-06
2026-04-28 20:25:00,-0.0005915654254646796,0.00011126101677937713
2026-04-28 20:30:00,0.0003350754386239885,0.0005977350443844984
2026-04-28 20:35:00,0.0004219547005064328,-0.0001572755454425091
2026-04-28 20:40:00,0.00017180542534234178,-2.0621760033112554e-05
2026-04-28 20:45:00,4.349594291852554e-06,-2.8968780820793247e-05
2026-04-28 20:50:00,1.5234099137728663e-05,3.604920832509887e-05
2026-04-28 20:55:00,0.0002480962974562573,7.823786190775775e-05
2026-04-28 21:00:00,0.0003828800457501558,5.4958042308216505e-05
2026-04-28 21:05:00,0.00026753874305462944,3.888292121889069e-05
2026-04-28 21:10:00,0.0003676530614811213,0.00010608337952124491
2026-04-28 21:15:00,-0.00010446978329881063,0.0003861826332813771
2026-04-28 21:20:00,-0.0007313505933002062,9.317909162366885e-05
2026-04-28 21:25:00,-0.0007856699437063241,3.3124571426221076e-05
2026-04-28 21:30:00,-0.0005483637355645499,0.0009483183570413579
2026-04-28 21:35:00,-0.0009050286267378027,1.81173644976076e-05
2026-04-28 21:40:00,-0.0010900511619222897,1.7594100847897712e-05
2026-04-28 21:45:00,-0.0010705707250959762,-0.00031525666896669647
2026-04-28 21:50:00,0.0002567684615399912,-0.0003618418786569075
2026-04-28 21:55:00,0.0002589120703397896,-0.00032613611331445573
2026-04-28 22:00:00,0.00016746393311883878,0.0004780509224994704
2026-04-28 22:05:00,-0.0005569091685870831,-0.000262328109782415
2026-04-28 22:10:00,-0.00021970539987314908,-0.00032219996260443535
2026-04-28 22:15:00,0.00054834464398823,-9.239116370658879e-05
2026-04-28 22:20:00,0.0008684193030124021,-0.00010773429069870408
2026-04-28 22:25:00,0.0006877669176645895,0.00015271646786655602
2026-04-28 22:30:00,0.0006223263018370062,0.00025251016125804734
2026-04-28 22:35:00,-3.700176847232228e-05,0.00034500072159640615
2026-04-28 22:40:00,6.09523809700363e-05,0.00029416781941406277
2026-04-28 22:45:00,0.0002068051978607599,0.00032040220768992294
2026-04-28 22:50:00,-0.00021759612938865303,0.0002465163884131427
2026-04-28 22:55:00,-0.0005461870946223968,0.00018913396888721372
2026-04-29 00:00:00,-0.0010291502804005148,-0.0004778765250847515
2026-04-29 00:05:00,-0.0009818724507155707,-0.0006258534492592132
2026-04-29 00:10:00,-0.0012495402926280264,-0.0007940223533519037
2026-04-29 00:15:00,-0.0010469028631625577,-0.0008946859860625288
2026-04-29 00:20:00,-0.0009489876364359162,-0.0009630501885493932
2026-04-29 00:25:00,-0.000929468234806663,-0.000948424816375464
2026-04-29 00:30:00,-0.0012254383345666753,-0.0009413592467247742
2026-04-29 00:35:00,-0.0012697722976930947,-0.001050901332303864
2026-04-29 00:40:00,-0.0008449569857766903,-0.001069939572712015
2026-04-29 00:45:00,-0.0010409907338022606,-0.001061436736142828
2026-04-29 00:50:00,-0.0005768588346981574,-0.0011321842771483714
2026-04-29 00:55:00,0.0002807469628667292,-0.0010564961456727426
2026-04-29 01:00:00,0.0029149881575847303,-0.00077100214797205
2026-04-29 01:05:00,0.00377200190258975,-4.880067468984008e-05
2026-04-29 01:10:00,0.0036614785950899176,0.0005271655315595237
2026-04-29 01:15:00,0.0018797243385115792,0.0008088203770083827
2026-04-29 01:20:00,0.0022817080722354888,0.0013245885508231287
2026-04-29 01:25:00,0.001881983883063043,0.0015860064013912426
2026-04-29 01:30:00,0.0023059730543106838,0.0017444804325074234
2026-04-29 01:35:00,0.003172498988995187,0.0020223851682458108
2026-04-29 01:40:00,0.0030259117947366576,0.002368663489161445
2026-04-29 01:45:00,0.002285272528350646,0.0020254659578170767
2026-04-29 01:50:00,0.00124037906214447,0.002321386688438596
2026-04-29 01:55:00,0.001056990589844986,0.00218295006688712
2026-04-29 02:00:00,-0.005391024627618535,-0.0003940205715350077
2026-04-29 02:05:00,-0.005880513588818914,-0.0033126869323812356
2026-04-29 02:10:00,-0.005486346351686322,-0.0036492465351141462
2026-04-29 02:15:00,-0.003398701489601308,-0.003923149323100315
2026-04-29 02:20:00,-0.003746133906476601,-0.003813897665393015
2026-04-29 02:25:00,-0.00459696800151832,-0.0036231632404818766
2026-04-29 02:30:00,-0.0034129874539488014,-0.004239289644225342
2026-04-29 02:35:00,-0.003918125011439955,-0.0038998455926836854
2026-04-29 02:40:00,-0.002888666610356694,-0.004050138615933226
2026-04-29 02:45:00,-0.003488770666693952,-0.0035986690177710005
2026-04-29 02:50:00,-0.003557695327033983,-0.0032145213486132673
2026-04-29 02:55:00,-0.00325065468014607,-0.0032811369693170507
2026-04-29 03:00:00,0.0022604988170566997,-0.0031444157971997704
2026-04-29 03:05:00,0.0038517055666300593,-0.0025104569273481764
2026-04-29 03:10:00,0.0041072559634187655,-0.0021705554512273166
2026-04-29 03:15:00,0.0035508393528793647,-0.0017004590429700488
2026-04-29 03:20:00,0.002874522620336606,-0.00024176802167223685
2026-04-29 03:25:00,0.004186062252948375,0.0005450984852572886
2026-04-29 03:30:00,0.002858734198193602,0.001579578027954768
2026-04-29 03:35:00,0.002468031762244749,0.002251377661591329
2026-04-29 03:40:00,0.0014083972832263925,0.0025476583657499134
2026-04-29 03:45:00,0.003467030780088365,0.002795689295087778
2026-04-29 03:50:00,0.002476257758424083,0.0029473969179572056
2026-04-29 03:55:00,0.0018432622672381882,0.0029623541980586697
2026-04-29 04:00:00,0.0009815177314251855,0.0028026875355829854
2026-04-29 04:05:00,0.00020871833970836917,0.0026017466712346896
2026-04-29 04:10:00,0.00015429197940619588,0.0024145345254269176
2026-04-29 04:15:00,-0.0002477792256314615,0.002023479465358993
2026-04-29 04:20:00,0.00019351549217105912,0.0020016976213946356
2026-04-29 04:25:00,-3.4793424916301774e-05,0.0010885253457603077
2026-04-29 04:30:00,-0.0005763143660697523,0.0014844974504851643
2026-04-29 04:35:00,-0.0003372795067217993,0.0007368902709038386
2026-04-29 04:40:00,-0.0007115695630979246,0.00040914617027728103
2026-04-29 04:45:00,-0.001481599397296307,0.00018817553016369146
2026-04-29 04:50:00,0.0004287982722228634,-0.00013416331583257325
2026-04-29 04:55:00,0.0003504018230628958,-0.00013230743437204256
2026-04-29 05:00:00,0.00016965483981046248,-0.00011230389347404907
2026-04-29 05:05:00,4.3477504744871e-05,-5.2430416930478705e-05
2026-04-29 05:10:00,-0.0002520949976840825,-0.00011239605328632949
2026-04-29 05:15:00,-8.912859414245133e-05,-0.00020831848170217975
2026-04-29 05:20:00,-6.522575723977297e-05,-0.00028524729330959566
2026-04-29 05:25:00,0.0007630028770826414,-0.00036529033136404286
2026-04-29 05:30:00,0.001250072177807482,-0.00016965668471131834
2026-04-29 05:35:00,0.0018264765830995344,6.362846770611866e-05
2026-04-29 05:40:00,0.0018377300838832156,0.00024799578503505686
2026-04-29 05:45:00,0.002429019812060673,0.0005957577935685878
2026-04-29 05:50:00,0.0020131098029860794,0.0006949187032182124
2026-04-29 05:55:00,0.0020607493375148778,0.0010567942815296186
2026-04-29 06:00:00,0.0014930257620093812,0.0011087640062306297
2026-04-29 06:05:00,0.0005194099706571365,-0.0005114132814966077
2026-04-29 06:10:00,6.954979550677365e-05,-0.0017019350702668651
2026-04-29 06:15:00,0.00023693411712066847,-0.0019498437358068178
2026-04-29 06:20:00,0.00017827365923395178,-0.0017128707528043829
2026-04-29 06:25:00,-0.00017819927507112254,-0.001540965567030182
2026-04-29 06:30:00,-0.0015524982244343732,-0.0015781259780508442
2026-04-29 06:35:00,-0.0016632626168462394,-0.0022770516246574004
2026-04-29 06:40:00,-0.0006368423269798029,-0.0021186210031607393
2026-04-29 06:45:00,-0.0010148170669150858,-0.001706052871463333
2026-04-29 06:50:00,-0.0014822641795682046,-0.0012492357984885388
2026-04-29 06:55:00,-0.00313410677384951,-0.001570802445179493
2026-04-29 07:00:00,-0.001638753175877028,-0.0015849233056826947
2026-04-29 07:05:00,-0.0021511114572518863,-0.001503722062731018
2026-04-29 07:10:00,-0.002774874707668573,-0.001527332194110814
2026-04-29 07:15:00,-0.0032960292476609254,-0.0020092346198433446
2026-04-29 07:20:00,-0.003309761583224713,-0.0019717813689480034
2026-04-29 07:25:00,-0.003461619792002324,-0.002087757061486518
2026-04-29 07:30:00,-0.002588501792850195,-0.002218498029763141
2026-04-29 07:35:00,-0.002191464190728354,-0.002379239740579169
2026-04-29 07:40:00,-0.003120514618462522,-0.0018629906947075277
2026-04-29 07:45:00,-0.0031378808594340057,-0.001944627365353061
2026-04-29 07:50:00,-0.003030038009947944,-0.002601955814243208
2026-04-29 07:55:00,-0.0012358960674134778,-0.002434330413565063
2026-04-29 08:00:00,-0.0020249797889491106,-0.002402916920328057
2026-04-29 08:05:00,-0.002834604988152023,-0.001266640568627138
2026-04-29 08:10:00,-0.0020616517309033355,-0.0014781072614891036
2026-04-29 08:15:00,-0.0020409662707319143,-0.0019730594472011395
2026-04-29 08:20:00,-0.0020107969725025043,-0.002233907794483668
2026-04-29 08:25:00,-0.0021636027718283657,-0.001974125348745901
2026-04-29 08:30:00,-0.0012224967085217031,-0.001559625661899101
2026-04-29 08:35:00,-0.002987769412627017,-0.0015803325585568625
2026-04-29 08:40:00,-0.0031434098976905744,-0.0015911476807547423
2026-04-29 08:45:00,-0.00315869755664977,-0.002192349367112931
2026-04-29 08:50:00,-0.002883892629370166,-0.0024127761759018137
2026-04-29 08:55:00,-0.0033754255422522306,-0.0019550588486220545
2026-04-29 09:00:00,-0.004134525194521288,-0.002336292041297541
2026-04-29 09:05:00,-0.002584302791449389,-0.0027318273496668116
2026-04-29 09:10:00,-0.002759877273115663,-0.0027862078163218822
2026-04-29 09:15:00,-0.001473829949800276,-0.002164227987800109
2026-04-29 09:20:00,-0.0014850378089370508,-0.002412839665973706
2026-04-29 09:25:00,-0.0020237408030787662,-0.0020618340421486607
2026-04-29 09:30:00,-0.0033257586355173174,-0.0019412257514629285
2026-04-29 09:35:00,-0.0020099673086093617,-0.0018513478494601187
2026-04-29 09:40:00,-0.00047269322215370835,-0.0019798997843941133
2026-04-29 09:45:00,0.00010063795722281554,-0.002004693889727891
2026-04-29 09:50:00,0.0009775225285988398,-0.0017366088668885865
2026-04-29 09:55:00,0.000815952461900693,-0.0012405019081745776
2026-04-29 10:00:00,0.001168048114635667,-0.0007950490034480471
2026-04-29 10:05:00,0.000980284973799428,-0.0007171929649584335
2026-04-29 10:10:00,0.0015711334865713411,-0.00031883508360653387
2026-04-29 10:15:00,0.002120404764211159,-0.0004714356338869395
2026-04-29 10:20:00,0.0006345275061754307,-0.0001241830367724798
2026-04-29 10:25:00,-0.00010293732768396069,-0.0009417042521043396
2026-04-29 10:30:00,0.001014215532146423,-0.00027796834771102736
2026-04-29 10:35:00,0.0005105377958152246,-0.0012275872657487158
2026-04-29 10:40:00,-0.0019873164521282405,-0.0006807674079522359
2026-04-29 10:45:00,-0.002501446973472099,-0.0008137674901323119
2026-04-29 10:50:00,-0.004225288984759601,-0.0015966127029546332
2026-04-29 10:55:00,-0.00391299893711583,-0.002161265252061274
2026-04-29 11:00:00,-0.0026552359068787723,-0.002377306685635126
2026-04-29 11:05:00,-0.001523356230210382,-0.002167760159536335
2026-04-29 11:10:00,-0.0011201100278963594,-0.002554893101491512
2026-04-29 11:15:00,-0.0018687815194606827,-0.00213600043434071
2026-04-29 11:20:00,-1.9686180410261045e-05,-0.0012776772165053192
2026-04-29 11:25:00,0.0014182878305746272,-0.0012173523713560788
2026-04-29 11:30:00,0.0012931107017539745,-0.0014782290340148668
2026-04-29 11:35:00,0.001228166541370257,-0.0007373590966156025
2026-04-29 11:40:00,0.0015625773647123253,-0.0003963285328390027
2026-04-29 11:45:00,0.0020069109300973054,-0.00038051472040214867
2026-04-29 11:50:00,0.002345936687630612,-0.00013377532015984136
2026-04-29 11:55:00,0.003184579956828415,0.0004979324280077916
2026-04-29 12:00:00,0.0013142707580620083,0.00019264055960927239
2026-04-29 12:05:00,0.0003941939660538907,-0.00020871378133361076
2026-04-29 12:10:00,-4.5968809075702666e-05,-0.0001381992385630622
2026-04-29 12:15:00,-0.0005470878650122302,-0.0005447535326417196
2026-04-29 12:20:00,-0.0012015904460547233,-0.0002858815093458364
2026-04-29 12:25:00,-0.0016789637713330308,-0.0009119643958647792
2026-04-29 12:30:00,-0.0012296195417818012,-0.00261535325310683
2026-04-29 12:35:00,-0.0007113208652356207,-0.002631296824674994
2026-04-29 12:40:00,8.758983437928691e-05,-0.0022644530183555407
2026-04-29 12:45:00,-0.0011190790994568545,-0.001999066201979765
2026-04-29 12:50:00,-0.0013104151376452933,-0.000940376391767291
2026-04-29 12:55:00,-0.001833237293364931,-0.0007591353569398516
2026-04-29 13:00:00,-0.0010753831403995662,-0.000873008990573701
2026-04-29 13:05:00,-0.0009419434960857842,-0.00037029828849302566
2026-04-29 13:10:00,-0.0007401697910687233,-0.0010012343210585998
2026-04-29 13:15:00,-0.0006415681634415193,-0.0008004871774465917
2026-04-29 13:20:00,-0.0008544668318535287,-0.000640626878726
2026-04-29 13:25:00,-0.0010872473111689374,-0.0007791466994298298
2026-04-29 13:30:00,-0.002746938279193145,-0.0011432962834939666
2026-04-29 13:35:00,-0.0024815431615330397,-0.0004205745570418912
2026-04-29 13:40:00,-0.002233746266481873,-9.517453835033377e-05
2026-04-29 13:45:00,-0.0016886524402650593,-0.0005490730481052772
2026-04-29 13:50:00,-0.0032615707500678326,-0.0005623149396764087
2026-04-29 13:55:00,-0.003353191360730534,-0.0005078709694971154
2026-04-29 14:00:00,-0.003413395886171955,-0.0012331453541142747
2026-04-29 14:05:00,-0.003598496424322306,-0.002088471439745935
2026-04-29 14:10:00,-0.0034122948018762145,-0.0017352560839608792
2026-04-29 14:15:00,-0.0047886113551367515,-0.0018940494181016575
2026-04-29 14:20:00,-0.005358125040517692,-0.0015145812884024806
2026-04-29 14:25:00,-0.004706749705253088,-0.002863044316615524
2026-04-29 14:30:00,-0.0049163723226399725,-0.0023169488670910284
2026-04-29 14:35:00,-0.006796499748135787,-0.002580431526495353
2026-04-29 14:40:00,-0.00917567075595116,-0.004023984254056162
2026-04-29 14:45:00,-0.009097446199142212,-0.004329597491122428
2026-04-29 14:50:00,-0.005364592522479228,-0.004946464670779176
2026-04-29 14:55:00,-0.005246635307329939,-0.005297947561068498
2026-04-29 15:00:00,-0.00492877868939523,-0.0055427082789490266
2026-04-29 15:05:00,-0.005887761609727704,-0.005726940794887284
2026-04-29 15:10:00,-0.005126012568540617,-0.005870893637933483
2026-04-29 15:15:00,-0.0020687542972677164,-0.005902458052555125
2026-04-29 15:20:00,-0.00022038956148051625,-0.0048199478905150955
2026-04-29 15:25:00,-0.001036214690557813,-0.0025785584844254124
2026-04-29 15:30:00,0.0015364863344728974,-0.00235274406567285
2026-04-29 15:35:00,0.0033753928636830466,-0.003142156585730533
2026-04-29 15:40:00,0.00524850940085031,-0.0013012220586081545
2026-04-29 15:45:00,0.0041224046099781475,-0.0019713957331390923
2026-04-29 15:50:00,0.003929208751241475,-0.0016908729480775886
2026-04-29 15:55:00,0.0036836844026151283,-0.0013401370424627201
2026-04-29 16:00:00,0.003857359837073915,-0.0011961461307552173
2026-04-29 16:05:00,0.0045011163202577364,-0.000421117629828438
2026-04-29 16:10:00,0.002616976526367054,0.0006953760565031424
2026-04-29 16:15:00,0.0017495773747917553,0.0008048033915562984
2026-04-29 16:20:00,0.0015725178276628782,0.0012557604448546831
2026-04-29 16:25:00,0.00223643990436706,-4.079546728342368e-05
2026-04-29 16:30:00,0.0009489285636092859,0.0017936273353952917
2026-04-29 16:35:00,0.0023626059478250028,0.0007312531971747465
2026-04-29 16:40:00,0.0031697560357173415,0.0011033692406295784
2026-04-29 16:45:00,0.004601837628870342,0.0022794597982106874
2026-04-29 16:50:00,0.0017125364907588647,0.001575476125681034
2026-04-29 16:55:00,0.0019214246899341703,0.0017060496828744766
2026-04-29 17:00:00,0.004245927120830828,0.0023041026948316156
2026-04-29 17:05:00,0.004636616858141096,0.0026018707706562142
2026-04-29 17:10:00,0.004770571380289468,0.003037911432987809
2026-04-29 17:15:00,0.004003239572847761,0.0020772608387817975
2026-04-29 17:20:00,0.003966542211738755,0.0010429052868817048
2026-04-29 17:25:00,0.0033244704164943073,0.001453854206841155
2026-04-29 17:30:00,0.001552450478365941,0.0021202756979769224
2026-04-29 17:35:00,-0.0001582125501009557,0.0017387198486745262
2026-04-29 17:40:00,-0.0005689800582100446,0.0023411176758014415
2026-04-29 17:45:00,-0.0018087181606194491,0.0020491331604692545
2026-04-29 17:50:00,-0.00047296562421728083,0.0032608249884257113
2026-04-29 17:55:00,-0.0004816600870594101,0.0015754907471807298
2026-04-29 18:00:00,-0.003656174711720084,0.0023709515048563907
2026-04-29 18:05:00,-0.0022716732239924653,0.0020887948725465187
2026-04-29 18:10:00,-0.001929669756014718,0.002601312329344257
2026-04-29 18:15:00,-0.0023358392745258527,0.003492981014567798
2026-04-29 18:20:00,-0.0019417716149767728,0.0018765553178951325
2026-04-29 18:25:00,-0.0024576809370540076,0.0029643008504336298
2026-04-29 18:30:00,-0.0014996363664234735,0.0019944882843697157
2026-04-29 18:35:00,-0.0011477901903695908,0.0012371193124450486
2026-04-29 18:40:00,-0.001251136685507248,0.001798770181610362
2026-04-29 18:45:00,-0.0005104611643300672,0.0015346715776295876
2026-04-29 18:50:00,-0.00021125691339740627,0.0009174220079426849
2026-04-29 18:55:00,0.00034532323807745513,0.0012040707768434865
2026-04-29 19:00:00,-0.0009376053016687536,0.001116737063302572
2026-04-29 19:05:00,-0.003945420993870741,0.0005410314825122063
2026-04-29 19:10:00,-0.005588244003810416,0.000678037585937628
2026-04-29 19:15:00,-0.003886843924295391,8.076677669721431e-05
2026-04-29 19:20:00,-0.003967652267037991,-0.00025346450983716897
2026-04-29 19:25:00,-0.003136317752916895,0.0002091197750176612
2026-04-29 19:30:00,-0.005065223233216898,-0.000601375181354599
2026-04-29 19:35:00,-0.003921647133736883,0.0007993108834100326
2026-04-29 19:40:00,-0.005484736612078933,9.103723544907266e-05
2026-04-29 19:45:00,-0.003196299425709981,-0.0011243368164484697
2026-04-29 19:50:00,-0.0025562217116679165,-0.0011544075585355898
2026-04-29 19:55:00,-0.0018820272010522388,0.00028323398605587246
2026-04-29 20:00:00,-0.0008172697698327624,0.0009998442120280329
2026-04-29 20:05:00,0.0013778221350388975,0.0015268207396527949
2026-04-29 20:10:00,0.005203621429195948,0.0006157138513571358
2026-04-29 20:15:00,0.0034295754359767727,-0.0016386649871486083
2026-04-29 20:20:00,0.002180526348594114,0.0009695507656162377
2026-04-29 20:25:00,0.0021462687636297773,0.0004744946749312769
2026-04-29 20:30:00,0.003944525773558638,0.00161824712608665
2026-04-29 20:35:00,0.0030918674619471176,0.0014296155112860339
2026-04-29 20:40:00,0.004317944694800957,0.002089062940128971
2026-04-29 20:45:00,0.003933304249601477,-0.00030212010214832134
2026-04-29 20:50:00,0.003387787831691469,0.0008421754814684711
2026-04-29 20:55:00,0.0016730878971582541,0.0007243222827294643
2026-04-29 21:00:00,0.0021595784338650503,-0.00026126570874668455
2026-04-29 21:05:00,0.002837836174975905,-0.0002283651427660877
2026-04-29 21:10:00,-0.0005607150032620467,0.002201393550184919
2026-04-29 21:15:00,-0.0005520785015473706,-0.0007814331404922388
2026-04-29 21:20:00,-0.00015842351038131142,0.0013878388285816054
2026-04-29 21:25:00,9.904901944146616e-05,0.0015339193650461627
2026-04-29 21:30:00,0.0010568800566321812,0.0005382691440229087
2026-04-29 21:35:00,0.0011091526023694342,-0.0008655942691160438
2026-04-29 21:40:00,0.0009797565483449233,-7.781912669484545e-05
2026-04-29 21:45:00,-0.001089198886457865,0.0012756340044967885
2026-04-29 21:50:00,-0.001133124651627071,-0.0015017093341349347
2026-04-29 21:55:00,0.00036286665048912425,0.0010291616847214998
2026-04-29 22:00:00,0.00043751120583657155,-0.0017167896528365184
2026-04-29 22:05:00,-0.002738706205590802,-0.00039841197214775736
2026-04-29 22:10:00,-7.478576082498023e-05,0.0013076008589504085
2026-04-29 22:15:00,0.00033876158767576214,-0.00020729207034755158
2026-04-29 22:20:00,0.0012051479743959703,-0.0013006860446987537
2026-04-29 22:25:00,0.0012845471208837722,-0.0005546830191290612
2026-04-29 22:30:00,0.0010931354607830457,-0.00011376485541500901
2026-04-29 22:35:00,0.0007519392470811681,-0.00033706528348536707
2026-04-29 22:40:00,0.0009853929501524306,-0.0007231973044759464
2026-04-29 22:45:00,0.0013706573709910685,-0.0006057516350825562
2026-04-29 22:50:00,0.0020101393412357282,0.00023546104970910954
2026-04-29 22:55:00,0.0006220648576800158,0.0002633008224570874
2026-04-29 23:00:00,0.0006152696943040326,-9.889589858510502e-06
2026-04-30 00:00:00,0.002989104867925363,0.00017047148943029572
2026-04-30 00:05:00,0.0012749916544567697,-0.0005141133244204573
2026-04-30 00:10:00,0.0014681063189669885,-0.0005945253165341141
2026-04-30 00:15:00,0.00038015586848239025,4.7775055804709814e-05
2026-04-30 00:20:00,0.0004153649942182369,-0.0007181031639324106
2026-04-30 00:25:00,0.0005955527113812309,-0.00042274111805538277
2026-04-30 00:30:00,0.0007008609451464309,-9.95625081174254e-05
2026-04-30 00:35:00,0.0013489408247977508,7.750367204807826e-05
2026-04-30 00:40:00,0.0013819546198359234,0.00028219069566676034
2026-04-30 00:45:00,0.0014336573775644013,0.0001783493903893274
2026-04-30 00:50:00,0.0015743141976738428,0.000553072778396048
2026-04-30 00:55:00,0.0022754037027823415,0.0004615376696625939
2026-04-30 01:00:00,0.001382652542469387,0.0017799034005535788
2026-04-30 01:05:00,0.00218129875908879,0.0019202492245844831
2026-04-30 01:10:00,0.00112379785223915,0.0016281502024333048
2026-04-30 01:15:00,0.0022231034054360777,0.001683013239248198
2026-04-30 01:20:00,0.0022057936793355992,0.0021327031143977253
2026-04-30 01:25:00,0.0026394531056617154,0.00163943662545131
2026-04-30 01:30:00,0.002577312534430831,0.002028693005326107
2026-04-30 01:35:00,0.0023113741250018194,0.002032768464161244
2026-04-30 01:40:00,0.0027472454399593005,0.002277166983058176
2026-04-30 01:45:00,0.003453841475341335,0.000982067388706337
2026-04-30 01:50:00,0.0033664571337226334,0.0005735411026711336
2026-04-30 01:55:00,0.0016205613315545264,-0.0017246273578403223
2026-04-30 02:00:00,0.0019040509000198824,-0.001147299962085187
2026-04-30 02:05:00,0.000887396076782565,-0.0011876254089586737
2026-04-30 02:10:00,0.0023072862822655082,-0.0001291251435728547
2026-04-30 02:15:00,0.0019928570359226683,-2.4407199970969554e-05
2026-04-30 02:20:00,0.0017720811032599926,7.37359339732432e-06
2026-04-30 02:25:00,0.003659118130920902,0.0008842310643695623
2026-04-30 02:30:00,0.0026974095643357288,0.0009505408150342929
2026-04-30 02:35:00,0.002264520971522188,0.0012086715712718039
2026-04-30 02:40:00,0.0019992263487242923,-0.000325675916651384
2026-04-30 02:45:00,0.0010663730781121927,0.001403120834783355
2026-04-30 02:50:00,0.0018590634672204231,0.001994237810919255
2026-04-30 02:55:00,0.0020416691064131243,0.002050930511207405
2026-04-30 03:00:00,0.001976898925416748,0.0010657126609598603
2026-04-30 03:05:00,0.0023887660656782828,0.0018834458557266754
2026-04-30 03:10:00,0.0023325448528819237,0.0019511939999868472
2026-04-30 03:15:00,0.001080175819440754,0.0013623895503102968
2026-04-30 03:20:00,0.0013712608232783197,0.0022202516075902324
2026-04-30 03:25:00,-0.0017699274361699935,0.00039789337769566865
2026-04-30 03:30:00,-0.002047003037343842,0.0017356951968951389
2026-04-30 03:35:00,-0.0026062852232406897,0.0010750030872365489
2026-04-30 03:40:00,-0.003044175691476525,2.1502041967908282e-06
2026-04-30 03:45:00,-0.0035926164723960596,0.001121761763030204
2026-04-30 03:50:00,-0.0039253427122147855,0.00014296571137679083
2026-04-30 03:55:00,-0.003175786225934729,-0.0005670628075306646
2026-04-30 04:00:00,-0.002239613203260049,-0.0003181207968651804
2026-04-30 04:05:00,-0.0021194164120696968,-0.0009905460391600362
2026-04-30 04:10:00,-0.0031339041411762025,-0.0009188126343095252
2026-04-30 04:15:00,-0.002194372306892234,3.5116451164758257e-05
2026-04-30 04:20:00,-0.0022601945336457874,-0.001014332471922553
2026-04-30 04:25:00,-0.0019483539294196106,-0.0008636777597493929
2026-04-30 04:30:00,-0.0015555475924440287,-0.000843295109287443
2026-04-30 04:35:00,-0.0010413481904656408,-0.0011526269405338048
2026-04-30 04:40:00,-0.00016001525659170568,-0.001270714409893571
2026-04-30 04:45:00,-0.0007696482692818307,-0.0011401650657057948
2026-04-30 04:50:00,-0.0014230476885845889,-0.0013533572645770995
2026-04-30 04:55:00,-0.001920859451345791,-0.001210730582700944
2026-04-30 05:00:00,-0.00289881334186326,-0.001163674280046219
2026-04-30 05:05:00,-0.0029646478940321686,-0.0013271282061570666
2026-04-30 05:10:00,-0.0021818102762285463,-0.0008923447421184141
2026-04-30 05:15:00,-0.002827174765064555,-0.00159543181484618
2026-04-30 05:20:00,-0.003319678102259971,-0.0013017080467468162
2026-04-30 05:25:00,-0.0035957995594468883,-0.002024693453896615
2026-04-30 05:30:00,-0.0043332155961373076,-0.001935546840115332
2026-04-30 05:35:00,-0.0036235625894676105,-0.0015617605802344548
2026-04-30 05:40:00,-0.0037116388077880202,-0.0016085739831788882
2026-04-30 05:45:00,-0.002593972503502684,-0.0022396179556967623
2026-04-30 05:50:00,-0.002192251119620181,-0.0027864914416192333
2026-04-30 05:55:00,-0.0029916877196942693,-0.002643751482141658
2026-04-30 06:00:00,-0.0015779217346043595,-0.002212631232916744
2026-04-30 06:05:00,-0.00022621776081699352,-0.002606750850273375
2026-04-30 06:10:00,-0.00043693387294929664,-0.0018990321386952406
2026-04-30 06:15:00,0.0002327925675018605,-0.0014182366594085146
2026-04-30 06:20:00,0.0015262702572087505,-0.00133252319186423
2026-04-30 06:25:00,0.0018302488248576054,-0.0008308980512245899
2026-04-30 06:30:00,0.004675205366083901,-7.446689546744011e-05
2026-04-30 06:35:00,0.0051118097684845765,-0.0016160311835848873
2026-04-30 06:40:00,0.004195990000356531,-1.8894657683348936e-05
2026-04-30 06:45:00,0.004415173223843993,-0.0009934492354560817
2026-04-30 06:50:00,0.0040161930486917186,-0.001157593713738145
2026-04-30 06:55:00,0.0044852777339148275,-0.001498751636881432
2026-04-30 07:00:00,0.0035325834338593154,-0.0016844237569237613
2026-04-30 07:05:00,0.002803242012838325,-0.0007887097515276547
2026-04-30 07:10:00,0.002807099414045666,-0.0022036440574627635
2026-04-30 07:15:00,0.0029732169458380753,-0.0019463563705865183
2026-04-30 07:20:00,0.002968996458797335,-0.0018046794643706043
2026-04-30 07:25:00,0.003193255897647518,-0.0012489040282939938
2026-04-30 07:30:00,0.0032430828493623665,-0.0009793014245686176
2026-04-30 07:35:00,0.0021397168336108052,-0.0005484891272850876
2026-04-30 07:40:00,0.002426986466348424,-0.0008807256281538446
2026-04-30 07:45:00,0.0025061189942299222,-1.035652748507883e-07
2026-04-30 07:50:00,0.003969586329978014,-0.0011314334361693758
2026-04-30 07:55:00,0.005928186653930467,-0.00046940514852364667
2026-04-30 08:00:00,0.005150222223505807,-0.0015896493747109988
2026-04-30 08:05:00,0.006375567447538089,-0.0015561677471328083
2026-04-30 08:10:00,0.0054883093798956395,-0.0012017986815863134
2026-04-30 08:15:00,0.004508703916897616,-0.001714637579852498
2026-04-30 08:20:00,0.0037626498649565576,-0.0008616464342923347
2026-04-30 08:25:00,0.004721845028198501,-0.0014453344632469232
2026-04-30 08:30:00,0.0025725325034855473,-7.729577984772889e-05
2026-04-30 08:35:00,0.0031487292001681766,-0.0016633577809924288
2026-04-30 08:40:00,0.004701498919194691,-0.001537210578034443
2026-04-30 08:45:00,0.004791344236103612,-0.0017388048529334262
2026-04-30 08:50:00,0.0035952892798363223,4.1802450989520235e-05
2026-04-30 08:55:00,0.002015388143677299,-0.0008969843200235467
2026-04-30 09:00:00,0.008858788212242175,-0.0009607628237606187
2026-04-30 09:05:00,0.005554128913207279,0.001137504172180053
2026-04-30 09:10:00,0.005954272755893442,0.001618291384907061
2026-04-30 09:15:00,0.005739641887990032,-0.00039543400105222293
2026-04-30 09:20:00,0.006075875635040973,-0.0010748940572571134
2026-04-30 09:25:00,0.00559882449825011,-0.0003455817801371712
2026-04-30 09:30:00,0.006104759801127457,0.001133105142201929
2026-04-30 09:35:00,0.005715635756979864,-0.0007599866974470759
2026-04-30 09:40:00,0.004057840021861381,0.0006558557967327783
2026-04-30 09:45:00,0.0036689247130983205,0.0008116417464009237
2026-04-30 09:50:00,0.0035867413786778712,0.0005770709799583793
2026-04-30 09:55:00,0.0037609000165641504,0.0003306718817298595
2026-04-30 10:00:00,-0.00212234151562285,0.0007574520721680913
2026-04-30 10:05:00,-0.00011688514100072211,0.000710822942772467
2026-04-30 10:10:00,-3.464148231380193e-05,0.0008775350899965881
2026-04-30 10:15:00,0.00033150500323486654,0.001168626997104156
2026-04-30 10:20:00,0.0007384940904184845,0.0008700680011905168
2026-04-30 10:25:00,0.0019256197681283282,1.1883366691015534e-05
2026-04-30 10:30:00,0.0015885042403631644,0.00013722586739602923
2026-04-30 10:35:00,0.0017249910398504653,-0.00010095932575449496
2026-04-30 10:40:00,0.0010632988600622895,-0.00037678868199390517
2026-04-30 10:45:00,0.0013786015980254973,-0.0006142481115213162
2026-04-30 10:50:00,0.0019561051195218226,-0.0008417394682167061
2026-04-30 10:55:00,0.0019583939643528225,0.0002349229791135178
2026-04-30 11:00:00,0.0013937676612449934,0.000490490993994139
2026-04-30 11:05:00,0.0013541637189327105,-0.0010367310111375468
2026-04-30 11:10:00,0.0018537971908134665,0.00016703527274356162
2026-04-30 11:15:00,0.0028295660744390716,0.0003004860090011312
2026-04-30 11:20:00,0.003216152686308149,0.0005876551713115332
2026-04-30 11:25:00,0.003893980907177408,2.684453243004299e-05
2026-04-30 11:30:00,0.002412551616123082,0.00037494240566858733
2026-04-30 11:35:00,0.002947450108123917,0.0005948628156193818
2026-04-30 11:40:00,0.003698650926567737,0.0011740470668812745
2026-04-30 11:45:00,0.0027881791568002967,0.0006413128791046126
2026-04-30 11:50:00,0.0024095720851669,0.0003784447793330657
2026-04-30 11:55:00,0.0032246047371007336,0.0009050445145424645
2026-04-30 12:00:00,0.003889661267356459,0.0005379664033677821
2026-04-30 12:05:00,0.004019227778453427,0.0002632484304229102
2026-04-30 12:10:00,0.001938805198275162,-0.00030225394759582667
2026-04-30 12:15:00,0.0014268863599617987,0.00017627993056832002
2026-04-30 12:20:00,0.0006406972385519794,-0.0002458400609363261
2026-04-30 12:25:00,-0.001499706157733982,-0.00027557707898487164
2026-04-30 12:30:00,-0.00108568386617236,-4.45458433331406e-05
2026-04-30 12:35:00,-0.0018646293517878831,-0.0005184098604962751
2026-04-30 12:40:00,-0.0016359162727184184,-0.0008825307777283628
2026-04-30 12:45:00,-0.0003774932123015162,-0.000686615525685005
2026-04-30 12:50:00,-0.0013876017975622545,-0.0013151323633035534
2026-04-30 12:55:00,-0.002228486490487569,-0.0012779652764965425
2026-04-30 13:00:00,-0.0013171639552780334,-0.0012700866317317976
2026-04-30 13:05:00,-0.0028460930737086443,-0.00128175553036423
2026-04-30 13:10:00,-4.313877743911121e-06,-0.0011113529148014448
2026-04-30 13:15:00,-0.0005804387978063374,-0.0015918500059437732
2026-04-30 13:20:00,-0.000800396141716675,-0.0013881960268190246
2026-04-30 13:25:00,-0.001841074602221937,-0.0016584430581406795
2026-04-30 13:30:00,-0.000572454994209437,-0.0017763521377117256
2026-04-30 13:35:00,0.0004276180874178692,-0.001879773858436953
2026-04-30 13:40:00,-0.0008924645686452237,-0.002370915559294711
2026-04-30 13:45:00,-0.0016108000477235151,-0.002174272060064243
2026-04-30 13:50:00,0.0009518907404331145,-0.0027034573225881557
2026-04-30 13:55:00,0.002094874151403303,-0.0036756109653834986
2026-04-30 14:00:00,0.000991806894584002,-0.00364910853380821
2026-04-30 14:05:00,0.0018961400152495145,-0.0038884810391673335
2026-04-30 14:10:00,0.001136063672763754,-0.004309505122280171
2026-04-30 14:15:00,0.0011864112025552487,-0.004660874892549257
2026-04-30 14:20:00,0.00046823400040096885,-0.004816249242353423
2026-04-30 14:25:00,0.0009371485029650017,-0.004209335480496511
2026-04-30 14:30:00,0.000233341976686674,-0.004172003013345527
2026-04-30 14:35:00,-0.0014369169049910369,-0.004956460680080542
2026-04-30 14:40:00,-0.00011891133444486002,-0.004454088559004338
2026-04-30 14:45:00,-0.0019900891508495278,-0.005046949295895883
2026-04-30 14:50:00,-0.004655823042622131,-0.004774833029650463
2026-04-30 14:55:00,-0.006258796499770014,-0.004671952326415667
2026-04-30 15:00:00,-0.004291244964878871,-0.005094810967362961
2026-04-30 15:05:00,-0.004163712232175598,-0.004334559284308388
2026-04-30 15:10:00,-0.004519554788332769,-0.004497181889890435
2026-04-30 15:15:00,-0.0034985609534867734,-0.004435841576788926
2026-04-30 15:20:00,-0.002708863783151827,-0.0035273779423576823
2026-04-30 15:25:00,-0.00258684828803446,-6.322650352620332e-05
2026-04-30 15:30:00,-0.0025719271931219367,0.00021223931678501995
2026-04-30 15:35:00,-0.002556978574137503,-0.0005110369895057385
2026-04-30 15:40:00,-0.0016467534446533705,-0.0005854160595377221
2026-04-30 15:45:00,0.00015805398767376744,0.0014160960872029208
2026-04-30 15:50:00,0.0016849130668603607,4.612948196971508e-05
2026-04-30 15:55:00,0.001991063623240308,0.0007381848730037766
2026-04-30 16:00:00,-0.0008119423079335775,0.0009981764028709113
2026-04-30 16:05:00,0.0006425324218568562,0.000542174653814232
2026-04-30 16:10:00,3.679163921255224e-05,-0.0011368743753485695
2026-04-30 16:15:00,-0.0005604744487062163,-5.7764737228211446e-05
2026-04-30 16:20:00,-0.0005127877917416868,0.0005559661919762908
2026-04-30 16:25:00,0.0003223702244365967,-0.0002377310673249639
2026-04-30 16:30:00,0.001261914489319338,0.00029441358686637645
2026-04-30 16:35:00,0.0005743196907861403,0.0004810757739410633
2026-04-30 16:40:00,-0.00037257259639567053,0.0005471381892475913
2026-04-30 16:45:00,-0.0009551999010817269,0.0009303646245057437
2026-04-30 16:50:00,-0.0014443468899543177,0.00033160702449039196
2026-04-30 16:55:00,-0.0010047858096502438,-0.0007949970075425654
2026-04-30 17:00:00,-0.00043980662217002475,0.0008018175371959392
2026-04-30 17:05:00,-0.00214554956718338,0.0002875514860403224
2026-04-30 17:10:00,-0.0018932794255857033,-0.0008036176269032352
2026-04-30 17:15:00,-0.0024858840882231448,0.0019046053352057694
2026-04-30 17:20:00,-0.0021014965184118495,-0.00044822762114013975
2026-04-30 17:25:00,-0.003243579878708047,0.0016794761165494598
2026-04-30 17:30:00,-0.0021958469652005874,0.000280357696014683
2026-04-30 17:35:00,-0.0010079870270374158,0.0006490192151236503
2026-04-30 17:40:00,-0.001424419822384948,0.0020050714315143596
2026-04-30 17:45:00,-0.00028825533119736235,-2.533516816702775e-05
2026-04-30 17:50:00,0.0002665057536592741,-0.000852111742677781
2026-04-30 17:55:00,-0.001687017523980927,-0.0002936768890672635
2026-04-30 18:00:00,0.0005437720364351861,-0.0011530291971848178
2026-04-30 18:05:00,0.000710641231929543,0.0002461377144852868
2026-04-30 18:10:00,0.0008517694235603557,-0.000214218882212755
2026-04-30 18:15:00,0.0021264958237932063,0.00010936836104063984
2026-04-30 18:20:00,0.001863404371299282,-0.000783680398531049
2026-04-30 18:25:00,0.0021938723476857547,0.00011578402200096624
2026-04-30 18:30:00,0.0010963606694396333,0.0012506220748198745
2026-04-30 18:35:00,0.0014282233620033224,-0.00033198265414906834
2026-04-30 18:40:00,0.001931257814026921,6.959940328158568e-05
2026-04-30 18:45:00,0.0006457498832137532,0.0012967177085952194
2026-04-30 18:50:00,3.6828542556932575e-05,1.686196376944006e-06
2026-04-30 18:55:00,0.001977296432059461,0.0009557960103309608
2026-04-30 19:00:00,0.0013613821969489237,-0.0001374166800452823
2026-04-30 19:05:00,0.001097468033027127,-0.0009671207076840749
2026-04-30 19:10:00,0.0010393458254238652,0.000382002311046828
2026-04-30 19:15:00,0.0012443182255612584,-0.0007346968596456541
2026-04-30 19:20:00,0.0004999280510720183,-0.0010796565491658814
2026-04-30 19:25:00,0.0007186816398281337,0.0001309617388556864
2026-04-30 19:30:00,0.0004849618620603735,-0.0007447011603818397
2026-04-30 19:35:00,0.0007642041121531662,-9.081944793086025e-05
2026-04-30 19:40:00,0.0005823298770977203,-0.00039662103409308686
2026-04-30 19:45:00,0.0011171588956280232,0.0002614570916739719
2026-04-30 19:50:00,0.0017467139928228903,-0.0005212556583814175
2026-04-30 19:55:00,0.0011624371790848187,-0.00011654810859995863
2026-04-30 20:00:00,0.00022275255203219047,0.0004692274285987825
2026-04-30 20:05:00,0.0007461097213870005,0.0003206624413971409
2026-04-30 20:10:00,0.0007571759000040146,0.00031228532761909975
2026-04-30 20:15:00,-0.00048455901752042507,-4.1055609607833e-05
2026-04-30 20:20:00,-0.00041767162744932307,-0.0008177299032298685
2026-04-30 20:25:00,-0.0007251781062915796,0.00018192058725052273
2026-04-30 20:30:00,-0.000407005699369023,-0.00037178054939929065
2026-04-30 20:35:00,1.5148285484656299e-05,-7.224276954129189e-05
2026-04-30 20:40:00,0.0004024536745745877,-0.00026952928868152905
2026-04-30 20:45:00,-0.0002358850406807278,-0.0006597178118310912
2026-04-30 20:50:00,-0.0016492332208262184,0.0003934752140936104
2026-04-30 20:55:00,-0.0012252515895987415,0.0008357352772951691
2026-04-30 21:00:00,-0.0015884664254475211,7.900359096758595e-05
2026-04-30 21:05:00,-0.0018825632648038493,-0.00037805202688885456
2026-04-30 21:10:00,-0.0016600459837778914,0.00045133738792836386
2026-04-30 21:15:00,-0.0006428355979988254,0.00038019968309793955
2026-04-30 21:20:00,-0.0005369534516770358,0.00025421881972303577
2026-04-30 21:25:00,-0.0003140462063573324,0.0003317414739706921
2026-04-30 21:30:00,5.846313413826465e-05,-0.0006165190605247424
2026-04-30 21:35:00,-0.0007447016125770034,-0.0004076468307453068
2026-04-30 21:40:00,-0.0010908950316270705,-0.00026765744141018084
2026-04-30 21:45:00,-0.0003615098161144914,0.00015508911309597618
2026-04-30 21:50:00,0.0009980894237600069,-0.00023225306308591776
2026-04-30 21:55:00,0.00026422711557039236,-0.00027311774965498763
2026-04-30 22:00:00,-0.0002274393694357002,-7.463146226475391e-05
2026-04-30 22:05:00,0.0025611476859950244,-0.0001533856150003802
2026-04-30 22:10:00,0.003172680005222972,-3.711173274416684e-05
2026-04-30 22:15:00,0.0027783230973295048,-0.00024846263662710826
2026-04-30 22:20:00,0.002839550132151203,0.001269827886837011
2026-04-30 22:25:00,0.0030604511176033355,0.0014761828527358137
2026-04-30 22:30:00,0.002815173515514857,0.0014402689267569338
2026-04-30 22:35:00,0.002262694002725496,0.0023142917165700576
2026-04-30 22:40:00,0.002757405375852784,0.00115893642061398
2026-04-30 22:45:00,0.0029596661985973327,0.002266193312126806
2026-04-30 22:50:00,0.002276071227356624,0.0025630485313857675
2026-04-30 22:55:00,0.0025693222519631576,0.0023922659643760297
2026-04-30 23:00:00,0.0031427420042788867,0.00142198565161473
2026-05-01 00:00:00,0.0001576941234127105,0.002217190935644097
2026-05-01 00:05:00,-0.0003628235486363707,0.0023490685631208388
2026-05-01 00:10:00,-0.00030232226920112737,0.0019684008869108403
2026-05-01 00:15:00,-0.00010150519250906598,0.0015267596706951912
2026-05-01 00:20:00,-3.239387496734025e-05,0.0010323401482544663
2026-05-01 00:25:00,-0.0001554709585533942,0.000719749468026474
2026-05-01 00:30:00,0.001045252618673942,0.0008843192723858773
2026-05-01 00:35:00,0.0006671222344074579,0.0005227288498137491
2026-05-01 00:40:00,-0.00032817962083164787,0.0005611557442435996
2026-05-01 00:45:00,-3.670457674154193e-05,0.0008011199750789732
2026-05-01 00:50:00,0.0004750768310177733,0.0006731834801993505
2026-05-01 00:55:00,-0.0008490587948539741,0.0007460626952217098
2026-05-01 01:00:00,-0.0003262166993547311,0.0005159938423953649
2026-05-01 01:05:00,-0.0005336761663077283,0.0008200619094404112
2026-05-01 01:10:00,-0.0016189784952569397,0.0007644708725413127
2026-05-01 01:15:00,-0.0008340284053094393,0.000717515340161958
2026-05-01 01:20:00,-0.0014955794590996163,0.00019337882307692456
2026-05-01 01:25:00,-0.0015452262616424406,0.0008067259395663527
2026-05-01 01:30:00,-0.0024052837046859565,0.0008053987655275
2026-05-01 01:35:00,-0.002623556010586725,0.0006139091881201122
2026-05-01 01:40:00,-0.002109828559296645,0.0004311875696079025
2026-05-01 01:45:00,-0.00196025310476422,0.000516246890777348
2026-05-01 01:50:00,-0.0016507822275126927,0.00019923770116673319
2026-05-01 01:55:00,-0.0015638944800979715,0.0017637996261918526
2026-05-01 02:00:00,-0.0022107057301568034,0.0012217976732480998
2026-05-01 02:05:00,-0.0018928480892554944,0.0017728894044626692
2026-05-01 02:10:00,-0.0008137207612346486,0.0013290380701502715
2026-05-01 02:15:00,-0.002458593651009977,0.0018147384965352285
2026-05-01 02:20:00,-0.001811953540833855,0.0019138618908311653
2026-05-01 02:25:00,-0.0015454515079209585,0.002076770831583576
2026-05-01 02:30:00,-0.0004804529335125096,0.0018760865702901273
2026-05-01 02:35:00,-4.32785210868758e-06,0.002063382049754656
2026-05-01 02:40:00,-0.00020776477639472546,0.001485281690554572
2026-05-01 02:45:00,-0.0005604695972944995,0.0019345318064521188
2026-05-01 02:50:00,-0.001058019136547017,0.0013066711692586574
2026-05-01 02:55:00,0.00024242319416067915,0.0013529749635426188
2026-05-01 03:00:00,0.0015060602284560076,0.0013192402633911376
2026-05-01 03:05:00,0.0017372289408683628,0.0016828959393773478
2026-05-01 03:10:00,0.0026205817031002,0.0018808705055388167
2026-05-01 03:15:00,0.004130271419526821,0.0017934354245251409
2026-05-01 03:20:00,0.003225463819887864,0.0019350987115335045
2026-05-01 03:25:00,0.0028293457306034497,-0.0008170202875651989
2026-05-01 03:30:00,0.002117020744499598,-0.0014602367794375151
2026-05-01 03:35:00,0.0015611387805289922,-0.001720455931906086
2026-05-01 03:40:00,0.0008308002338512921,-0.0018133051133724138
2026-05-01 03:45:00,0.00022941935361053822,-0.0018153865178384227
2026-05-01 03:50:00,0.00011256239648460564,-0.0025837282942379938
2026-05-01 03:55:00,-0.0003485018245026339,-0.0020382999790088314
2026-05-01 04:00:00,-0.0013436601718002095,-0.002470467689107924
2026-05-01 04:05:00,-0.0015423706022623662,-0.002233424544863101
2026-05-01 04:10:00,-0.0022028178591373404,-0.0024086103513911226
2026-05-01 04:15:00,-0.002794176191278197,-0.0022201730768594383
2026-05-01 04:20:00,-0.0013313250161228751,-0.0016368524782410165
2026-05-01 04:25:00,-0.00057906133185881,-0.0017251610178157812
2026-05-01 04:30:00,0.00024190691885372928,-0.0019128001896825389
2026-05-01 04:35:00,0.0003974631534866546,-0.0011360538552621004
2026-05-01 04:40:00,0.0005059306420811538,-0.0015196062992983714
2026-05-01 04:45:00,0.0012673505422675646,-0.001024354021177236
2026-05-01 04:50:00,0.0013346299465073486,-0.0013319006718536194
2026-05-01 04:55:00,0.0017218447023257255,-0.001218414960760251
2026-05-01 05:00:00,0.0014279844050122392,-0.000878650990066404
2026-05-01 05:05:00,0.00038311066847285247,-0.0015598248800755775
2026-05-01 05:10:00,0.0001796064459735902,-0.0018722335449902609
2026-05-01 05:15:00,0.00043271124556021334,-0.001472777226187122
2026-05-01 05:20:00,-0.0005061954974472371,-0.0019815767968874597
2026-05-01 05:25:00,-0.001970887331461668,-0.0019546782539614583
2026-05-01 05:30:00,-0.003485217329796342,-0.0019439867217084681
2026-05-01 05:35:00,-0.003080146752063584,-0.001631954219612161
2026-05-01 05:40:00,-0.002761948365339606,-0.0013531352582232187
2026-05-01 05:45:00,-0.003435949613288969,-0.0020615121826571513
2026-05-01 05:50:00,-0.0033279918469482084,-0.002296983966334149
2026-05-01 05:55:00,-0.0038154100315797024,-0.002219381696160712
2026-05-01 06:00:00,-0.0034631375434042155,-0.001953720157170089
2026-05-01 06:05:00,-0.001721903355605292,-0.001948072085250296
2026-05-01 06:10:00,-0.0015656080538519745,-0.0012728026629533812
2026-05-01 06:15:00,-0.0019421749146850686,-0.0009716680756189333
2026-05-01 06:20:00,-0.0014789522707641112,-0.0004501531230790541
2026-05-01 06:25:00,-0.0006303784103778298,-9.725793210470029e-05
2026-05-01 06:30:00,0.00011051914755455527,0.0029656091712020193
2026-05-01 06:35:00,-0.001150998797243119,0.0032556401279149705
2026-05-01 06:40:00,-0.0008283387728500458,0.003316622557198227
2026-05-01 06:45:00,0.00021902313600818957,0.003106679626921875
2026-05-01 06:50:00,-0.000557552078850776,0.0030404435293689895
2026-05-01 06:55:00,-0.0008443004257490117,0.0031395823448524536
2026-05-01 07:00:00,-0.0008638615580576214,0.0029565702404218846
2026-05-01 07:05:00,-0.0021310309490445434,0.002703447885356327
2026-05-01 07:10:00,-0.002745182737744045,0.002476642186716573
2026-05-01 07:15:00,-0.0036368216302609113,0.0022168757164982805
2026-05-01 07:20:00,-0.0034297010709654074,0.002930480279537834
2026-05-01 07:25:00,-0.004565295670381886,0.002907844305894283
2026-05-01 07:30:00,-0.004245331903502958,0.0033773417695779832
2026-05-01 07:35:00,-0.003985610157794639,0.0017571728522347385
2026-05-01 07:40:00,-0.0034987257748149148,0.002193872900186217
2026-05-01 07:45:00,-0.004165310147048018,0.0026194146392458715
2026-05-01 07:50:00,-0.0033910495829623244,0.0031520959907451614
2026-05-01 07:55:00,-0.0023891705251077866,0.003598039430529925
2026-05-01 08:00:00,-0.002711463621940524,0.004581883182696517
2026-05-01 08:05:00,-0.0021029267126255746,0.004197791629206363
2026-05-01 08:10:00,-0.0012829435525034683,0.003689976992738488
2026-05-01 08:15:00,-0.0002784630597574278,0.003967458541977848
2026-05-01 08:20:00,-0.0016974902988362572,0.0037366077188795877
2026-05-01 08:25:00,-0.0004920884900503353,0.002929834238411975
2026-05-01 08:30:00,-0.0020062372149638463,0.0027696135090564855
2026-05-01 08:35:00,-0.0015428705240889684,0.003927012811456373
2026-05-01 08:40:00,-0.0017888566222730162,0.004318939255725297
2026-05-01 08:45:00,-0.001880828423834302,0.0036848642586232044
2026-05-01 08:50:00,-0.0027735458308768557,0.0034897112960061787
2026-05-01 08:55:00,-0.003370618230281508,0.0031981416040164044
2026-05-01 09:00:00,-0.002406677071338237,0.0021355046341267306
2026-05-01 09:05:00,-0.0029781847250500704,0.0017946368416627966
2026-05-01 09:10:00,-0.004741578094320076,0.0022837151792805877
2026-05-01 09:15:00,-0.0051787251851020955,0.0037522224965463795
2026-05-01 09:20:00,-0.004950024136446629,0.0017281055462780295
2026-05-01 09:25:00,-0.005315154115553611,0.00281810944392096
2026-05-01 09:30:00,-0.003072695522780222,0.0017044997488714808
2026-05-01 09:35:00,-0.003246046870625463,0.0012684180254421298
2026-05-01 09:40:00,-0.0030775135546203813,0.0011690434635750007
2026-05-01 09:45:00,-0.0028464872335138836,0.0018415059156987165
2026-05-01 09:50:00,-0.0024441230817640047,0.00043494463037373546
2026-05-01 09:55:00,-0.002168776169773068,0.0018357336627902025
2026-05-01 10:00:00,-0.0034391154734674245,0.0021162210435896824
2026-05-01 10:05:00,-0.0029060539145877584,0.0018252649575841568
2026-05-01 10:10:00,-0.001805258056762682,-0.0002789035243889583
2026-05-01 10:15:00,-0.0008642749763705382,0.00022076255849236626
2026-05-01 10:20:00,0.00038517682499517036,-5.266673392917477e-05
2026-05-01 10:25:00,0.00036558389298768645,0.000507017637572275
2026-05-01 10:30:00,-0.00013561694795249934,0.001301914449173656
2026-05-01 10:35:00,0.0002997067490362326,0.0004553284909569837
2026-05-01 10:40:00,-0.00014657640211801493,0.0010752121529444853
2026-05-01 10:45:00,-0.0005886581718286266,0.0014506353418771057
2026-05-01 10:50:00,-0.0015311640821948913,0.0010370144511155429
2026-05-01 10:55:00,-0.0015003425127915193,0.0012358087137648384
2026-05-01 11:00:00,-0.0005520589528842379,-0.00037307156778828594
2026-05-01 11:05:00,3.503662422410514e-05,0.0015283784646647175
2026-05-01 11:10:00,0.00022118249507485643,0.0013391186385004453
2026-05-01 11:15:00,0.00018166914596484673,0.0009717994526226098
2026-05-01 11:20:00,0.00025597297765322935,0.0005975866077477018
2026-05-01 11:25:00,0.0007438897460900762,0.0009929885435412845
2026-05-01 11:30:00,-3.718850525480377e-05,0.0005472283695146475
2026-05-01 11:35:00,-0.0007702306258607905,0.0009906916065675236
2026-05-01 11:40:00,-8.314243397755661e-05,0.0012506101071441242
2026-05-01 11:45:00,0.0001466498715050335,0.0017632687362685872
2026-05-01 11:50:00,0.0012487650899490887,0.0009976953436763368
2026-05-01 11:55:00,0.0011938861311744375,0.0010204701653554866
2026-05-01 12:00:00,0.0008673844305100431,0.0011955362659377957
2026-05-01 12:05:00,0.00012918694354091542,0.0008760437500504948
2026-05-01 12:10:00,-0.0002562257954554781,0.0009907567218618346
2026-05-01 12:15:00,0.0005863691230256762,0.0006484249638910218
2026-05-01 12:20:00,0.0004330358284523328,0.00029229269359434405
2026-05-01 12:25:00,-0.00024279728842557802,0.0003096502036247655
2026-05-01 12:30:00,0.0008724716098189589,0.0003451452905051927
2026-05-01 12:35:00,0.0017015919892209297,0.00023699544383032342
2026-05-01 12:40:00,0.0011895912183526036,-0.0008737879738736513
2026-05-01 12:45:00,0.001157122721764381,-0.0005430094919552004
2026-05-01 12:50:00,0.0024448125539695553,0.00018477207876547189
2026-05-01 12:55:00,0.002313611094697521,0.00020015023708068778
2026-05-01 13:00:00,0.0023574085558539792,0.00021661618374285336
2026-05-01 13:05:00,0.0019161368156819236,0.0009002586246106291
2026-05-01 13:10:00,0.004163735668081259,-8.397256495675926e-05
2026-05-01 13:15:00,0.003500114384632269,-0.0007180954141437917
2026-05-01 13:20:00,0.005286263694975091,0.00048565095728424435
2026-05-01 13:25:00,0.006984711796581777,0.0008891379912151509
2026-05-01 13:30:00,0.0048339767003930945,0.00013591774240007788
2026-05-01 13:35:00,0.004776515037828943,0.0014070986660381063
2026-05-01 13:40:00,0.0035624840655312795,0.0013904147767735313
2026-05-01 13:45:00,0.004018733291424326,0.0010341903110914852
2026-05-01 13:50:00,0.0032163728974019534,0.0007978703305284964
2026-05-01 13:55:00,0.002781048360244398,0.00019619753106553167
2026-05-01 14:00:00,0.003186122465915986,0.0016106016974862041
2026-05-01 14:05:00,0.0044197738215157045,0.0017467622117174706
2026-05-01 14:10:00,0.001471189476632162,0.00043173244192057586
2026-05-01 14:15:00,0.0008148610176057502,0.0005799574588462141
2026-05-01 14:20:00,-0.0010685191581902842,0.00045165031314297195
2026-05-01 14:25:00,-0.003072145562464712,0.0012091916486518268
2026-05-01 14:30:00,0.0003044749136194014,0.0007800266393438256
2026-05-01 14:35:00,0.0011845986194138902,0.0005446477484775121
2026-05-01 14:40:00,0.003460865496002441,-0.00034683603926798085
2026-05-01 14:45:00,0.001862072353965516,0.0002643239805432712
2026-05-01 14:50:00,0.005085787292138377,9.121186538991017e-06
2026-05-01 14:55:00,0.007655257385627223,-0.0011245572685114561
2026-05-01 15:00:00,0.009085888010700316,-0.0026298865948164345
2026-05-01 15:05:00,0.008349956002186687,-0.002437064580552608
2026-05-01 15:10:00,0.01399074908522735,-0.001310004841562955
2026-05-01 15:15:00,0.013661775174080404,0.0017636730859441258
2026-05-01 15:20:00,0.012285174770303442,0.0047876997664918165
2026-05-01 15:25:00,0.011905108810296383,-0.001014916802725215
2026-05-01 15:30:00,0.00960196428679616,-0.0005040454019160912
2026-05-01 15:35:00,0.007621681326552832,-0.0009800762624451267
2026-05-01 15:40:00,0.005417193478781002,0.001336623956066843
2026-05-01 15:45:00,0.0063454037740875435,-0.0006323091360981546
2026-05-01 15:50:00,0.0030581063588197566,0.001991378700564675
2026-05-01 15:55:00,0.0013867680379977543,0.0018927317076446193
2026-05-01 16:00:00,-0.0018226899649729233,0.0022537735272904545
2026-05-01 16:05:00,-0.0018031777517002467,-0.00013077677072997703
2026-05-01 16:10:00,-0.004218334893129949,0.0017614239575262794
2026-05-01 16:15:00,-0.0033570293439666443,-0.0009763733454420129
2026-05-01 16:20:00,-0.002892687271168981,-0.0001778123380425498
2026-05-01 16:25:00,-0.0013122187965883825,0.0010178708447547047
2026-05-01 16:30:00,-0.0010774353773062018,-0.00011528595179366746
2026-05-01 16:35:00,0.0005926679605856577,0.00032657213654540293
2026-05-01 16:40:00,0.002332696960035463,-0.00026397781941053854
2026-05-01 16:45:00,0.0029886621362180676,0.00034546137917117984
2026-05-01 16:50:00,0.0032145391126885414,-0.0001764806945314949
2026-05-01 16:55:00,0.002324243673101023,-0.0003183752782879405
2026-05-01 17:00:00,0.003818651286060515,-0.0009315524052097296
2026-05-01 17:05:00,0.002717560143677744,0.00035588726124108724
2026-05-01 17:10:00,0.0015581211310085052,0.0007907827641304339
2026-05-01 17:15:00,0.0017315686002259412,0.000677877263037463
2026-05-01 17:20:00,0.0015647701515515422,0.0005055563027276908
2026-05-01 17:25:00,0.00011642397312172648,8.289530600459258e-05
2026-05-01 17:30:00,-0.00025875731942370805,-0.0001744660164690463
2026-05-01 17:35:00,-0.00019392539535445508,-8.297676467477624e-05
2026-05-01 17:40:00,-0.0010945257573666822,6.931257347475793e-05
2026-05-01 17:45:00,-0.001193530946197896,-0.0001266729015466981
2026-05-01 17:50:00,-0.0009669399904677078,0.0005619043839320175
2026-05-01 17:55:00,-0.0010213118926838405,0.0006853731123884154
2026-05-01 18:00:00,-0.0011526882070036493,0.00022662549851712184
2026-05-01 18:05:00,-3.448982011811097e-05,0.0006691679230260468
2026-05-01 18:10:00,-0.00081647166004295,8.905220608369538e-05
2026-05-01 18:15:00,-0.0018695338288967633,-0.0002086537913553806
2026-05-01 18:20:00,-0.0017244022215407995,0.0006476620314391133
2026-05-01 18:25:00,-0.0014627518735093048,0.0003003029719203199
2026-05-01 18:30:00,-0.0014092457904890665,-0.0004220365332524832
2026-05-01 18:35:00,-0.0020838374295930606,-0.0003852384682382522
2026-05-01 18:40:00,-0.002313646793911772,0.0002637574697598562
2026-05-01 18:45:00,-0.0024561711205972614,0.0006081783272698189
2026-05-01 18:50:00,-0.002387971974341596,-6.731458825582701e-05
2026-05-01 18:55:00,-0.0018319232220118664,0.0005514421772537818
2026-05-01 19:00:00,-0.0031113424912980747,0.0007595049215068478
2026-05-01 19:05:00,-0.003199788547428639,-0.0003098223193037845
2026-05-01 19:10:00,-0.00525729597522151,-0.00038676280475626957
2026-05-01 19:15:00,-0.004256079430309256,0.0004205779999977543
2026-05-01 19:20:00,-0.0027825503765246395,0.00038052012984095035
2026-05-01 19:25:00,-0.002016406402191251,0.000336209454384776
2026-05-01 19:30:00,-0.0027768183932668222,0.00016102699802607288
2026-05-01 19:35:00,-0.002830697529828896,0.0003066603647968872
2026-05-01 19:40:00,-0.0012237336642026975,-0.0001388569528743284
2026-05-01 19:45:00,-0.000577146943145479,5.284272608405654e-06
2026-05-01 19:50:00,-0.0012361314985191996,-0.0003063525091808713
2026-05-01 19:55:00,-0.0011885520083207979,-0.00013261826750070614
2026-05-01 20:00:00,-0.0007160496002622807,0.0006089429151947722
2026-05-01 20:05:00,-0.0002660302143819848,-0.00042159451192849007
2026-05-01 20:10:00,0.0023219766051685298,0.00016338020215368975
2026-05-01 20:15:00,0.001829957292542872,-0.0007470523887026295
2026-05-01 20:20:00,0.0009341409718395255,-0.0001231021173557093
2026-05-01 20:25:00,0.00047799442240581413,-0.0012003033260420814
2026-05-01 20:30:00,0.0002490171953830611,-0.0009870379210422456
2026-05-01 20:35:00,-9.962035988664297e-05,-0.00022738741017557586
2026-05-01 20:40:00,-0.002321855060854361,0.0011289597460459747
2026-05-01 20:45:00,-0.002099558781834432,-0.0004168745702596731
2026-05-01 20:50:00,-0.003066663294758243,-0.0005347844866803627
2026-05-01 20:55:00,-0.003044808208059635,-0.0002429131969845963
2026-05-01 21:00:00,-0.002532999121431345,-0.0003144045424096563
2026-05-01 21:05:00,-0.002685891163960008,-0.0007353805865005153
2026-05-01 21:10:00,-0.0032388341674156607,-0.0005231352381101428
2026-05-01 21:15:00,-0.0036220588752797767,-0.0006678553533196965
2026-05-01 21:20:00,-0.0032711498208257694,-0.0011530824516892818
2026-05-01 21:25:00,-0.0023554127989253715,-0.0006482736312137924
2026-05-01 21:30:00,-0.0008642471894866333,0.00011128334170313128
2026-05-01 21:35:00,-0.00112466572555725,-0.0010805000278585996
2026-05-01 21:40:00,0.0005137849478646928,0.00030375142923420016
2026-05-01 21:45:00,-0.0003857589964351149,-0.0003927356222290225
2026-05-01 21:50:00,0.0011965976437977588,-0.0002486240329437334
2026-05-01 21:55:00,0.0007674896960754296,-0.0004579670235681895
2026-05-01 22:00:00,0.0035322983973635758,-0.0008234701595566112
2026-05-01 22:05:00,0.002460899816524531,-0.0008140242879560848
2026-05-01 22:10:00,0.002358718982030439,-0.00038002087617367995
2026-05-01 22:15:00,0.0023981320369994563,-9.950776644342825e-05
2026-05-01 22:20:00,0.0012027580363334067,0.0008978880978681715
2026-05-01 22:25:00,0.0015268881418606384,0.00039419664269084806
2026-05-01 22:30:00,0.001835903680433404,0.0009929370977718082
2026-05-01 22:35:00,0.0029444197495855917,0.0009205006465488856
2026-05-01 22:40:00,0.003057732456040796,0.0011111954182082095
2026-05-01 22:45:00,0.0028225676814805922,0.0008536156065881209
2026-05-01 22:50:00,0.0009030030334731265,0.000931591289894931
2026-05-01 22:55:00,0.0010353941054095372,0.00128568204737957
2026-05-04 00:00:00,-0.0013153029147670026,0.0012713272269205785
2026-05-04 00:05:00,-0.0013965106829267881,0.00013027320869687134
2026-05-04 00:10:00,-0.0014873593458446521,-0.00027587534015818555
2026-05-04 00:15:00,-0.0011604370260531738,-0.000793495972170396
2026-05-04 00:20:00,-0.00027509810020021064,-0.0008205079625808537
2026-05-04 00:25:00,-0.0008183820308804712,-0.0005250578945389465
2026-05-04 00:30:00,-0.0011925208075336258,-0.0006566886890111155
2026-05-04 00:35:00,-0.0023288390359699207,-0.0007450424946364942
2026-05-04 00:40:00,-0.0031552662597089665,-0.0008606584112495406
2026-05-04 00:45:00,-0.0025798255612805576,-0.0012852758696749059
2026-05-04 00:50:00,-0.0008271800562589249,-0.0014145039088282224
2026-05-04 00:55:00,-0.0012564748007637405,-0.001811372757334073
2026-05-04 01:00:00,-0.002360196369819434,-0.001615793456007168
2026-05-04 01:05:00,3.8998856037864016e-05,-0.0017860904345945823
2026-05-04 01:10:00,-0.0005526400622635208,-0.0014770401276956232
2026-05-04 01:15:00,-0.0018126277433836435,-0.0016144730034624547
2026-05-04 01:20:00,-0.002477122600057058,-0.0014652076893260986
2026-05-04 01:25:00,-0.0022507539116034536,-0.0019065451067062692
2026-05-04 01:30:00,-0.0019595990828094045,-0.001884064155835177
2026-05-04 01:35:00,-0.0017914388783424329,-0.001803952402044426
2026-05-04 01:40:00,-0.0016052551680640903,-0.0018348115266571359
2026-05-04 01:45:00,-0.0010732790352125932,-0.0019135770747774504
2026-05-04 01:50:00,-0.0013960639340719894,-0.0018245621568544893
2026-05-04 01:55:00,5.8526117298285385e-05,-0.0016818146009925177
2026-05-04 02:00:00,-0.0014700791647772604,-0.0011543574889718248
2026-05-04 02:05:00,-0.003548615912652764,-0.001368308041105646
2026-05-04 02:10:00,-0.00263736989094987,-0.0016398644790325493
2026-05-04 02:15:00,-0.001794178309085126,-0.0017851995558668874
2026-05-04 02:20:00,-0.0013148017032769133,-0.001715407785588815
2026-05-04 02:25:00,-0.002619239310085675,-0.0022142758182559143
2026-05-04 02:30:00,-0.00209172606678365,-0.0024199816642378295
2026-05-04 02:35:00,-0.0013337332165068716,-0.0016589928405266405
2026-05-04 02:40:00,-0.0009752570053702669,-0.0019073169522777873
2026-05-04 02:45:00,-0.0017739760052055686,-0.001813797451815041
2026-05-04 02:50:00,-0.0007595486476272839,-0.0015289393177716096
2026-05-04 02:55:00,-1.5173108916854972e-05,-0.0019508239213070718
2026-05-04 03:00:00,0.0023788398751634077,-0.0002992081618858879
2026-05-04 03:05:00,0.002041721315002576,0.0002066157615470716
2026-05-04 03:10:00,0.0015615552263863464,0.00040384163661215145
2026-05-04 03:15:00,0.0012124005274394278,0.00118306916073974
2026-05-04 03:20:00,-2.174657627307397e-06,0.0009867042601414398
2026-05-04 03:25:00,-0.0004266833921633406,0.00043369811940335666
2026-05-04 03:30:00,-0.0006982154463095469,-0.0004892325143437354
2026-05-04 03:35:00,8.476887987285409e-05,-3.1099456690272637e-05
2026-05-04 03:40:00,0.00047797305576402493,-0.00021234392913891496
2026-05-04 03:45:00,0.000773380122272016,0.00014500556970218378
2026-05-04 03:50:00,0.000681450256630356,-0.0004765736054637238
2026-05-04 03:55:00,-0.0017225598802674824,-0.00025397261148895733
2026-05-04 04:00:00,-0.0015773027926595518,0.00016586805524588163
2026-05-04 04:05:00,-4.339750378257179e-05,-3.5023572188554804e-05
2026-05-04 04:10:00,0.00048382600998664316,6.215435141740893e-05
2026-05-04 04:15:00,0.0008291478485258352,0.0002550092964032848
2026-05-04 04:20:00,0.002506413949314279,0.0008800028917427364
2026-05-04 04:25:00,0.003605831916097202,0.0006200359906186561
2026-05-04 04:30:00,0.0026901246552455405,-0.0003365078994658261
2026-05-04 04:35:00,0.00014126550004966987,0.0002585008581487012
2026-05-04 04:40:00,0.00045169178884307826,0.0003348437334299409
2026-05-04 04:45:00,0.0011459354191227789,0.0006520952098726632
2026-05-04 04:50:00,0.0008804230068530927,0.00045070288469332823
2026-05-04 04:55:00,0.002142986554513726,0.0009210429662490355
2026-05-04 05:00:00,0.001035182177064442,0.0010525293051708248
2026-05-04 05:05:00,0.0004816067535386992,0.0006136277687009636
2026-05-04 05:10:00,0.0002537523369134931,0.0003020740435347667
2026-05-04 05:15:00,0.000498893767668207,0.0004703000327609307
2026-05-04 05:20:00,-0.00010195835985982171,0.0004210753382179068
2026-05-04 05:25:00,-0.00021915192632171454,0.000322403159764434
2026-05-04 05:30:00,0.0006247763048570221,-0.0004888118770635697
2026-05-04 05:35:00,0.001904049120884821,-0.00031728670021105305
2026-05-04 05:40:00,0.0007422423002161338,-0.0014708780583818231
2026-05-04 05:45:00,-0.0005402491135395593,-0.0007341182745719265
2026-05-04 05:50:00,-0.0013816995364503981,-0.0010585568166301905
2026-05-04 05:55:00,-0.0020279121305470937,-0.0011542062792846727
2026-05-04 06:00:00,-0.0012610246355375665,-0.0007776357616335868
2026-05-04 06:05:00,-0.0009439070420818041,-0.00141892708045447
2026-05-04 06:10:00,-0.001619046939238089,-0.0010776596825573359
2026-05-04 06:15:00,-6.50589868378404e-05,-0.0013966910493628743
2026-05-04 06:20:00,-0.0010983382770159977,-0.001162452674906917
2026-05-04 06:25:00,-0.0024878093938163204,-0.0009740970823578191
2026-05-04 06:30:00,-0.0033932359073212126,-0.0014598898032300142
2026-05-04 06:35:00,-0.0029694657995484874,-0.0017925240806232734
2026-05-04 06:40:00,-0.0022522996760088176,-0.001566507714503256
2026-05-04 06:45:00,-0.0024641097892654784,-0.0019636667107677712
2026-05-04 06:50:00,-0.001866261946451786,-0.0023571049621420883
2026-05-04 06:55:00,-0.001549186986828488,-0.00223079421703712
2026-05-04 07:00:00,-0.002276471475427755,-0.0020828750777222185
2026-05-04 07:05:00,-0.0020601581959631687,-0.002500449903803201
2026-05-04 07:10:00,-0.001369336216420436,-0.001984150369179379
2026-05-04 07:15:00,-0.003145223616281001,-0.0025558436206153086
2026-05-04 07:20:00,-0.0025573292470735254,-0.001734374291588536
2026-05-04 07:25:00,-0.000511364822063598,-0.0011747773212386948
2026-05-04 07:30:00,-0.0012236918694821242,-0.0025914349089695217
2026-05-04 07:35:00,-0.002197470418613179,-0.0019515443123428948
2026-05-04 07:40:00,-0.002920110648156893,-0.002669772435253497
2026-05-04 07:45:00,-0.0012081962883616626,-0.001798473097727771
2026-05-04 07:50:00,-0.002192250502726978,-0.0026531324872619793
2026-05-04 07:55:00,-0.0023097639659646063,-0.0021836614144755597
2026-05-04 08:00:00,-0.0012502397558087353,-0.0016842434632921182
2026-05-04 08:05:00,-0.0011775859545508638,-0.0025178179306705522
2026-05-04 08:10:00,-0.0012644964430137406,-0.002333633561622079
2026-05-04 08:15:00,-0.0017768143527376878,-0.0018077538397865225
2026-05-04 08:20:00,-0.0010108162547677324,-0.0013490610670537557
2026-05-04 08:25:00,-0.0017798463835632106,-0.0018444230227177135
2026-05-04 08:30:00,-0.0008064516566097524,-0.0014853421186151608
2026-05-04 08:35:00,-0.0002485810179777559,-0.0014336055038524633
2026-05-04 08:40:00,0.000538498865704895,-0.0014108099820273857
2026-05-04 08:45:00,-0.0006885626962134239,-0.0018233495946838763
2026-05-04 08:50:00,-0.0013434120319200105,-0.001136394386771544
2026-05-04 08:55:00,-0.0020792092098833592,-0.0012626315621034917
2026-05-04 09:00:00,-0.002920404733227855,-0.0010526357039764222
2026-05-04 09:05:00,-0.002791689562817723,-0.0017761955188804223
2026-05-04 09:10:00,-0.002520700065405279,-0.002233984507665783
2026-05-04 09:15:00,-0.0026842665814292843,-0.0007713366069324532
2026-05-04 09:20:00,-0.0022737101804288784,-0.0017905962258697103
2026-05-04 09:25:00,-0.002431981079165979,-0.0016931337820758675
2026-05-04 09:30:00,-0.0018376500716943411,-0.0023268595072017096
2026-05-04 09:35:00,-0.0013835879028594178,-0.0022792684496938014
2026-05-04 09:40:00,-0.002122973963455621,-0.0016083986496274994
2026-05-04 09:45:00,-0.002313204403519009,-0.0013597921210078915
2026-05-04 09:50:00,-0.0009912686210569177,-0.0015179094755796208
2026-05-04 09:55:00,-0.0005090064762462987,-0.0008214805227849442
2026-05-04 10:00:00,0.001308470401513162,-0.0003491938513468693
2026-05-04 10:05:00,0.0003493877016129687,0.000122797676849553
2026-05-04 10:10:00,0.0008554824504063419,0.000532136511286064
2026-05-04 10:15:00,0.0014543265495046143,0.00034299466379427346
2026-05-04 10:20:00,0.0007097255625492238,0.0008128565675978365
2026-05-04 10:25:00,0.0014066420275451463,0.0008583528346488215
2026-05-04 10:30:00,0.0010610984018022407,0.0007788816588080604
2026-05-04 10:35:00,0.001052050394642734,0.001272905516344214
2026-05-04 10:40:00,0.0006790563779457415,0.0010133553082016893
2026-05-04 10:45:00,0.0010677941023757853,0.001100211914383379
2026-05-04 10:50:00,0.00034290669451841893,0.0010207703656372243
2026-05-04 10:55:00,-0.00012018954999071241,0.0009372328143922337
2026-05-04 11:00:00,-0.0046979107765210415,0.0007389442619011925
2026-05-04 11:05:00,-0.006982471479185293,0.0005823521749020825
2026-05-04 11:10:00,-0.00920419281106355,-0.0005010264381056366
2026-05-04 11:15:00,-0.00970926118866089,-0.0012329308409058668
2026-05-04 11:20:00,-0.009719942145146376,-0.0028922027156302738
2026-05-04 11:25:00,-0.007985526560693401,-0.004424820560875527
2026-05-04 11:30:00,-0.0053672460682676615,-0.005555483906775255
2026-05-04 11:35:00,-0.00494025797859976,-0.0062110785183425825
2026-05-04 11:40:00,-0.0050131560564530275,-0.006580661218029204
2026-05-04 11:45:00,-0.003412640563523084,-0.006822233061029078
2026-05-04 11:50:00,-0.003820105464781065,-0.006596574837027117
2026-05-04 11:55:00,-0.0026872736202978587,-0.00592431330498292
2026-05-04 12:00:00,0.0006402315576572448,0.0006271018603465515
2026-05-04 12:05:00,0.00409855522820024,0.0014049050422498322
2026-05-04 12:10:00,0.005204204964048387,0.0026008184454157897
2026-05-04 12:15:00,0.0066168323277988605,0.0040898388063898275
2026-05-04 12:20:00,0.006069868054602523,0.0047233429528756145
2026-05-04 12:25:00,0.003654432206131375,0.004972543334125912
2026-05-04 12:30:00,-0.00021722125825718308,0.004814266747830534
2026-05-04 12:35:00,-0.0016785430241554877,0.00351491787749752
2026-05-04 12:40:00,-0.0010139985329615797,0.003956023728486127
2026-05-04 12:45:00,-0.002328407168072033,0.0011315115505793818
2026-05-04 12:50:00,-0.0006139772100350882,0.004241589964050153
2026-05-04 12:55:00,-0.0006926832325397925,0.0016267369512064762
2026-05-04 13:00:00,0.0001775258814387115,0.002080460564300712
2026-05-04 13:05:00,-0.00136066516097344,0.00041914699340001786
2026-05-04 13:10:00,-0.0005082469751496177,0.0003072219749691204
2026-05-04 13:15:00,0.000999802091856239,0.00034492525869032626
2026-05-04 13:20:00,0.0017971777552254764,0.0003437845231874631
2026-05-04 13:25:00,0.0014348383339974902,0.0004248937701759475
2026-05-04 13:30:00,0.0020189959014160763,0.0005734389899899283
2026-05-04 13:35:00,0.0032711006199726,0.0010743148559806581
2026-05-04 13:40:00,0.003520435732733418,0.0003951510040223087
2026-05-04 13:45:00,0.0031777366210299363,0.0012772531275749514
2026-05-04 13:50:00,0.0028605491780968606,0.0010811387645229883
2026-05-04 13:55:00,0.0015885139563600603,0.0022313078274363253
2026-05-04 14:00:00,0.0005367692535998003,0.0016123483632017566
2026-05-04 14:05:00,0.0028135018389541244,0.0020644554842111722
2026-05-04 14:10:00,0.0005695696617173951,0.0015815125511505974
2026-05-04 14:15:00,-0.0017552388085047,0.0013883831723599013
2026-05-04 14:20:00,-0.0022135504103797388,0.0019216427517240286
2026-05-04 14:25:00,-0.0016058418399857999,0.00327675553573541
2026-05-04 14:30:00,0.0007027322561974358,0.004671355106936484
2026-05-04 14:35:00,-0.0004685225206397803,0.00777989457715076
2026-05-04 14:40:00,-0.0010749828895644242,0.008182738467309247
2026-05-04 14:45:00,-0.0018813156357406768,0.00647424821102984
2026-05-04 14:50:00,-0.0017359424252667566,0.005621720995337318
2026-05-04 14:55:00,-0.0007994192043216941,0.0040221840351970205
2026-05-04 15:00:00,-0.0013172416982563107,0.0021254907531242785
2026-05-04 15:05:00,-0.004156261015468843,0.0010074032930854565
2026-05-04 15:10:00,-0.0011986638635637092,0.0003562703133971307
2026-05-04 15:15:00,0.00165683438153863,0.0008357379884032225
2026-05-04 15:20:00,0.003208161014914168,0.0008903518581765511
2026-05-04 15:25:00,0.0021398206292069233,0.008106802731949277
2026-05-04 15:30:00,0.0013121955129324903,0.0010419121792566983
2026-05-04 15:35:00,0.0029694310588457284,-0.000998623888019317
2026-05-04 15:40:00,0.0021007215823729553,-0.0011046337880315665
2026-05-04 15:45:00,0.002054157762390929,-0.0003203357458420285
2026-05-04 15:50:00,0.0014821969437459614,-0.0006892097027082644
2026-05-04 15:55:00,-0.0006268410922043444,-0.0007299526869268993
2026-05-04 16:00:00,0.00019298245673837755,-5.4394274078875665e-05
2026-05-04 16:05:00,0.0006781870936904966,6.278458991829144e-05
2026-05-04 16:10:00,-0.0028875067958953338,0.0011797270196254308
2026-05-04 16:15:00,-0.00709527125790288,0.0014305042401033035
2026-05-04 16:20:00,-0.01227092877722491,0.00030548623065138216
2026-05-04 16:25:00,-0.007098464879236488,0.00017509793621214913
2026-05-04 16:30:00,-0.00904087477116633,-0.0008228251460413892
2026-05-04 16:35:00,-0.010078874548588246,-0.001347769686716841
2026-05-04 16:40:00,-0.008716115784411116,-0.0006136268241008413
2026-05-04 16:45:00,-0.010662544934058715,-0.0012804370112996296
2026-05-04 16:50:00,-0.00940321773599706,-0.0005245036564067516
2026-05-04 16:55:00,-0.008801801758155037,0.0017380533799772758
2026-05-04 17:00:00,-0.008325427062132462,-0.001908468727895857
2026-05-04 17:05:00,-0.010562830007053492,-0.0023457025442207573
2026-05-04 17:10:00,-0.008537660622833343,-0.0016212678415248951
2026-05-04 17:15:00,-0.003821927750417231,-0.0014169984946339387
2026-05-04 17:20:00,0.00016145173899850818,-0.0017923042170343375
2026-05-04 17:25:00,-0.005209254098105021,-0.0008141383783411424
2026-05-04 17:30:00,-0.0035946505646418103,0.00032142293450016657
2026-05-04 17:35:00,-0.004509361234228848,-0.0024320429117042825
2026-05-04 17:40:00,-0.004944995183095102,-0.0009643667912771489
2026-05-04 17:45:00,-0.002840920437467531,-0.0016966235492169785
2026-05-04 17:50:00,-0.004151578182776561,-0.0034537871221606846
2026-05-04 17:55:00,-0.0019460837068461245,-0.0034634341303027534
2026-05-04 18:00:00,-0.00024767418587678947,-0.0010912950407807383
2026-05-04 18:05:00,0.003223238423281316,-0.00273545845939225
2026-05-04 18:10:00,0.0029984697948997052,-0.0018108975872657064
2026-05-04 18:15:00,0.0015110982415915686,-0.0046268649037194635
2026-05-04 18:20:00,0.0009438602815006192,-0.0016039683820696716
2026-05-04 18:25:00,0.0020555719524359972,-0.0016061127831802494
2026-05-04 18:30:00,0.0017006186254970856,-0.0014914698356753822
2026-05-04 18:35:00,0.0025312828128161158,2.582391515149579e-05
2026-05-04 18:40:00,0.0030998377550410794,-0.0009711349176014523
2026-05-04 18:45:00,0.0027966967185104608,-0.003159614688868055
2026-05-04 18:50:00,0.002982647731400334,-0.0016505594084437667
2026-05-04 18:55:00,0.0022755908533866887,-0.00048659918653044684
2026-05-04 19:00:00,0.0004289681833302694,-0.0037705001377969964
2026-05-04 19:05:00,-0.001121199070560408,-0.0008832142273759141
2026-05-04 19:10:00,-0.0004865846498915971,-0.0004233718303006714
2026-05-04 19:15:00,-0.002643708919395138,-0.003690009415709035
2026-05-04 19:20:00,-0.0026880339014745402,-0.0014037722221846832
2026-05-04 19:25:00,-0.0025208191067598307,-0.00042179493977353473
2026-05-04 19:30:00,-0.002506602434312555,-0.001033322880555406
2026-05-04 19:35:00,-0.002263247762860132,-0.00047257593704845937
2026-05-04 19:40:00,-0.0031929150225380454,-0.002328104183784428
2026-05-04 19:45:00,-0.001531346423309543,-0.0018064240501523645
2026-05-04 19:50:00,-0.0021669056379867158,-0.0017146122175103517
2026-05-04 19:55:00,-0.0013563194274972545,-0.0004247298534816754
2026-05-04 20:00:00,-0.0025388954728864377,-0.002326093608630154
2026-05-04 20:05:00,-0.00032310320994177744,-0.001840732126996403
2026-05-04 20:10:00,-0.0002632967646309936,-0.0020481666696590827
2026-05-04 20:15:00,0.0006505230965956343,-0.001080068505562404
2026-05-04 20:20:00,0.0024913777188206865,-0.0028322609158503704
2026-05-04 20:25:00,0.0022444810484980593,-0.0009097835112542724
2026-05-04 20:30:00,0.0019805820974667654,-0.000433746270562471
2026-05-04 20:35:00,0.0020952841663657296,-0.0012490773288259668
2026-05-04 20:40:00,0.0019904072956471452,-0.00037599843058475036
2026-05-04 20:45:00,0.0010491810046922012,-0.002031007735721867
2026-05-04 20:50:00,0.0015763968876019163,0.0004410448708136931
2026-05-04 20:55:00,0.0001726844240721448,-0.0011940069236100928
2026-05-04 21:00:00,0.0008750641625923095,-0.0015207340321038583
2026-05-04 21:05:00,-0.0009034724512950731,-0.0034888520904060786
2026-05-04 21:10:00,-0.0009608466816253269,-0.0019393814956760074
2026-05-04 21:15:00,-0.0017556118209984817,-0.00029980377850239196
2026-05-04 21:20:00,-0.002706289733117373,-0.0016981248020485548
2026-05-04 21:25:00,-0.0016662779590514987,0.00018685714779070707
2026-05-04 21:30:00,-0.0013561093912084488,-0.001948080045353368
2026-05-04 21:35:00,-0.0016059179080336605,0.0008734301007781233
2026-05-04 21:40:00,-0.00045352628519701454,-0.0007266996640097349
2026-05-04 21:45:00,0.000199087296012479,-0.0017384286241573404
2026-05-04 21:50:00,0.00027207543956997426,-3.312239026969286e-05
2026-05-04 21:55:00,0.001020000730083126,-0.0011489283906758409
2026-05-04 22:00:00,0.001467059473236887,0.0001069694875469242
2026-05-04 22:05:00,0.0015451505721753023,-5.370501744585106e-05
2026-05-04 22:10:00,0.00176379573750296,0.00031553071840455444
2026-05-04 22:15:00,0.001828603310887189,0.00017445840451687684
2026-05-04 22:20:00,0.001684823375903477,0.0012076304557554788
2026-05-04 22:25:00,0.0010403663027442889,0.00041066267577743185
2026-05-04 22:30:00,0.0005931093265463261,0.00012059898600028953
2026-05-04 22:35:00,0.000924934346924644,0.0010349080667769036
2026-05-04 22:40:00,0.00016373565136973411,0.00025704577274379876
2026-05-04 22:45:00,-0.0003982142356697693,0.00018560421137962568
2026-05-04 22:50:00,-0.0006770076521505075,0.00035921421697465754
2026-05-04 22:55:00,-0.0011461902602825091,0.0003238516534474771
2026-05-04 23:00:00,-0.0011061801192564502,7.185361197663705e-05
2026-05-05 00:00:00,-0.0005974112358231309,-0.00022218423533527286
2026-05-05 00:05:00,-0.0006657605786095644,-0.0007555908599073328
2026-05-05 00:10:00,-0.00017695826485564226,-0.000520629530161154
2026-05-05 00:15:00,-0.00014379656129825946,-0.0006339243188727264
2026-05-05 00:20:00,0.00035170883295521094,-0.00045009598867651985
2026-05-05 00:25:00,0.00023670288478783164,-0.0006214220346160889
2026-05-05 00:30:00,-2.2117630406270905e-05,-0.0006489925644967965
2026-05-05 00:35:00,0.00017034512627311926,-0.0003341930875599805
2026-05-05 00:40:00,-0.00013498636326225721,-0.00029078254017170116
2026-05-05 00:45:00,0.0003319237667973596,-0.0001970960138857292
2026-05-05 00:50:00,0.0005511318816555644,-0.00018878305940000674
2026-05-05 00:55:00,0.00042049260220622386,-0.00015348073881099174
2026-05-05 01:00:00,0.001041919083398568,4.544439781367426e-05
2026-05-05 01:05:00,0.0014945769106375906,0.00019672360162977117
2026-05-05 01:10:00,0.001483268191908138,0.0002347561941610618
2026-05-05 01:15:00,0.0007939413188005062,0.0004374427094377444
2026-05-05 01:20:00,-0.0004136577914586326,-1.309058121105381e-05
2026-05-05 01:25:00,-0.0008608052047076598,-0.00017415949959417935
2026-05-05 01:30:00,-0.0006903159133067049,-0.0005218182138674477
2026-05-05 01:35:00,9.069141147577398e-05,-0.0008492414411253813
2026-05-05 01:40:00,0.0012982117687005967,-0.0006808525187377791
2026-05-05 01:45:00,0.0015386863187778488,-0.000665929555028159
2026-05-05 01:50:00,0.0021264234819131644,-0.0003509169929772475
2026-05-05 01:55:00,0.00223670228423245,0.0005351234600573087
2026-05-05 02:00:00,0.002601160726909413,0.0006671968699249379
2026-05-05 02:05:00,0.001845238881575284,0.0006596987078996004
2026-05-05 02:10:00,0.0025832767693945158,0.0012414023524013335
2026-05-05 02:15:00,0.0029667193180067386,0.0011537426574589579
2026-05-05 02:20:00,0.004014313816858461,0.001605733903001375
2026-05-05 02:25:00,0.004651469091077942,0.0015956288842855792
2026-05-05 02:30:00,0.00370926780168368,0.0022834483906003606
2026-05-05 02:35:00,0.00365839392509848,0.002362720209902955
2026-05-05 02:40:00,0.0027236366106802024,0.00265208896477876
2026-05-05 02:45:00,0.002733281869492288,0.0027484769626200806
2026-05-05 02:50:00,0.002035975473088314,0.0029101885276157356
2026-05-05 02:55:00,0.0026699695178482585,0.002929758970198894
2026-05-05 03:00:00,0.0011064215448275405,0.002789762543820172
2026-05-05 03:05:00,0.0009015155548901532,0.0023657543935099194
2026-05-05 03:10:00,-5.50814268880373e-05,0.002053910858350602
2026-05-05 03:15:00,-0.00022043522820602846,0.0016980533406393593
2026-05-05 03:20:00,0.0001057704385836189,0.0014778324615046345
2026-05-05 03:25:00,0.0008105763024275348,0.001023631554750919
2026-05-05 03:30:00,0.0014785421318084246,0.0011846945750700498
2026-05-05 03:35:00,0.0010726790579731471,0.0010459289641373355
2026-05-05 03:40:00,0.0016979634029254953,0.000896207088337446
2026-05-05 03:45:00,0.0010590947162203435,0.0010403245828009915
2026-05-05 03:50:00,0.0007995797676354499,0.0010736221386843752
2026-05-05 03:55:00,-0.0005462013812849165,0.0008516631939238215
2026-05-05 04:00:00,0.000332568722003046,0.0009621031283909322
2026-05-05 04:05:00,0.00043834096359418595,0.0007651777723412528
2026-05-05 04:10:00,0.0008479177521305559,0.000779506649079822
2026-05-05 04:15:00,0.0010246117012435718,0.000989493966640612
2026-05-05 04:20:00,6.610280969709947e-06,0.001101151294310354
2026-05-05 04:25:00,-0.0008722774923981547,0.0006637187494317479
2026-05-05 04:30:00,-0.0007092511310524685,0.0005737717279110207
2026-05-05 04:35:00,-0.0008545258452432591,0.00013812919500817277
2026-05-05 04:40:00,-0.001843448408306969,0.00011090946535687858
2026-05-05 04:45:00,-0.001636454303866941,0.0006921785724058625
2026-05-05 04:50:00,-0.0013814941500687183,0.00041750413815338215
2026-05-05 04:55:00,-0.0009808276546543482,8.043287544753551e-05
2026-05-05 05:00:00,-0.0013243240116604937,-0.0005271347472992208
2026-05-05 05:05:00,-0.0015537826706690794,-0.0006881324407949277
2026-05-05 05:10:00,-0.0020604773712289415,-0.0006835179807416615
2026-05-05 05:15:00,-0.002134138413374842,-0.0008095873318506958
2026-05-05 05:20:00,-0.0016715884640596812,-0.0010140969294224172
2026-05-05 05:25:00,-0.0018020308045461064,-0.0013297743884075706
2026-05-05 05:30:00,-0.0011486436356307195,-0.0013886621247571809
2026-05-05 05:35:00,-0.0014684938012017312,-0.0013723748579578738
2026-05-05 05:40:00,-0.0009925077513521785,-0.001308422085821746
2026-05-05 05:45:00,-0.0004409569719499018,-0.0014873846656240533
2026-05-05 05:50:00,-0.00013009535566865793,-0.0011672880280909138
2026-05-05 05:55:00,-0.000269069176662029,-0.0009155164442182193
2026-05-05 06:00:00,0.0003483283581111607,-0.0008577377637166144
2026-05-05 06:05:00,0.0022032312676252275,-0.0005922873398380625
2026-05-05 06:10:00,0.0015363948889106638,-0.00012271029505548576
2026-05-05 06:15:00,0.0012924913795195891,-0.0003833127383929706
2026-05-05 06:20:00,0.0019139352635129114,-0.00096296152918412
2026-05-05 06:25:00,0.002341787178238519,-0.0008316710014807621
2026-05-05 06:30:00,0.003098974665357801,-0.0006095462846359719
2026-05-05 06:35:00,0.003693580525897744,8.692020010343331e-05
2026-05-05 06:40:00,0.003137368067712032,0.00033383676941558713
2026-05-05 06:45:00,0.0029199222722446905,0.0007057767222889193
2026-05-05 06:50:00,0.002378729999410467,0.0012162594845108433
2026-05-05 06:55:00,0.0027402346785319054,0.0015808075564907509
2026-05-05 07:00:00,0.0015461706730963698,0.0016723052380617936
2026-05-05 07:05:00,4.4016021831794205e-06,0.0014320417150479742
2026-05-05 07:10:00,0.0008190333223154767,0.0014523954257382467
2026-05-05 07:15:00,0.00044294446399106846,0.0018991807952188204
2026-05-05 07:20:00,-0.0009234353772136217,0.001294309322200108
2026-05-05 07:25:00,-0.0007447197950511963,0.001356912110433882
2026-05-05 07:30:00,-0.0008866428829339412,0.0002648190187911009
2026-05-05 07:35:00,-0.00014950443704364602,0.00026185782816665114
2026-05-05 07:40:00,0.00011658023978000642,0.00026946988714204737
2026-05-05 07:45:00,0.00018908246690330088,0.0002670049893295696
2026-05-05 07:50:00,0.0010180400641335297,0.0001958720704310714
2026-05-05 07:55:00,0.00044205116857298776,6.722342378702124e-05
2026-05-05 08:00:00,0.002020511399503988,0.00039954691010934886
2026-05-05 08:05:00,0.001923844940076691,0.001299487108115679
2026-05-05 08:10:00,0.002191794949924386,0.0013704587232561672
2026-05-05 08:15:00,0.0035826133307974573,0.002067669057173511
2026-05-05 08:20:00,0.0034865098279404094,0.0024654276107725745
2026-05-05 08:25:00,0.002661253283450904,0.002157317052376603
2026-05-05 08:30:00,0.0021020236411768423,0.0015799072838941328
2026-05-05 08:35:00,0.0012437238602895917,0.0022274640158122276
2026-05-05 08:40:00,0.001072779855485706,0.0020865327763688823
2026-05-05 08:45:00,-0.00065974523033141,0.0022684439941691357
2026-05-05 08:50:00,-0.0010862396072237601,0.001650296873708127
2026-05-05 08:55:00,-0.0004970463235132172,0.0022276064452412623
2026-05-05 09:00:00,-0.0005778143619110665,0.001409728119914061
2026-05-05 09:05:00,-0.0010175277154260698,0.0011104055989083774
2026-05-05 09:10:00,-0.0005557380090994712,0.0002800234885069856
2026-05-05 09:15:00,-0.0009070853205237484,0.0006891300368182593
2026-05-05 09:20:00,0.00017356743742702463,0.0007824749803913114
2026-05-05 09:25:00,0.000503278463163781,0.0002687063972255641
2026-05-05 09:30:00,-0.0002833835131497153,0.00011657694558220516
2026-05-05 09:35:00,-0.0007645092355126337,0.00021054107499325064
2026-05-05 09:40:00,-0.0002966579851868545,0.0008902987886957081
2026-05-05 09:45:00,0.0013871594368737306,0.00027665202332852814
2026-05-05 09:50:00,0.002568568870040977,0.0001761069233957399
2026-05-05 09:55:00,0.0028996160754051203,0.0007369188154041826
2026-05-05 10:00:00,0.0010850490544633828,2.6222955857643446e-06
2026-05-05 10:05:00,0.002575874953931745,0.0009134672856612038
2026-05-05 10:10:00,0.0014205810961893661,0.000471812818328554
2026-05-05 10:15:00,0.000746812900978,0.0013494014374998288
2026-05-05 10:20:00,0.0006544517224078561,0.0006237189669774384
2026-05-05 10:25:00,0.00025923240989556007,0.0015044104674906658
2026-05-05 10:30:00,0.0004722612505165813,0.0011574448979061644
2026-05-05 10:35:00,0.0009226106139585966,0.0013804630615580776
2026-05-05 10:40:00,0.001238787376946604,0.0008845695583326903
2026-05-05 10:45:00,0.00044146474764339416,0.0007214938757428096
2026-05-05 10:50:00,-0.0006168212390846861,0.0011088447061948369
2026-05-05 10:55:00,-0.0004826858489046515,0.0005668667782463918
2026-05-05 11:00:00,0.00011195221627779972,0.0016781175267158788
2026-05-05 11:05:00,-0.0016264431131318702,0.0008021595357098721
2026-05-05 11:10:00,-0.0010405371339299307,0.0009888443154506762
2026-05-05 11:15:00,-0.0004150712653494537,0.0007980040158818712
2026-05-05 11:20:00,-0.0005424178573090188,0.00021840392663760488
2026-05-05 11:25:00,-0.0009603752574562918,0.0004826859499874057
2026-05-05 11:30:00,-0.00018228837852163338,-0.00012678151056606834
2026-05-05 11:35:00,-0.0008083364525397485,3.773447827897628e-05
2026-05-05 11:40:00,-0.002278883960000755,7.731206797344116e-05
2026-05-05 11:45:00,-0.002125651602332468,-0.00012010982766321364
2026-05-05 11:50:00,-0.002867391782311657,-0.0005066389072971762
2026-05-05 11:55:00,-0.0028437954579896285,-0.0009117199715169205
2026-05-05 12:00:00,-0.0027541475216210642,-0.0007016291612456213
2026-05-05 12:05:00,-0.0004680099883600519,-0.0014199569220817812
2026-05-05 12:10:00,-5.491072067265179e-05,-0.0015446307897191774
2026-05-05 12:15:00,-0.0004987525796291692,-0.0012803077238199778
2026-05-05 12:20:00,0.00043703174885578733,-0.001126285878594981
2026-05-05 12:25:00,0.0018035141552452671,-0.0007540432443280426
2026-05-05 12:30:00,0.000937442782010578,-0.0005644886774220409
2026-05-05 12:35:00,0.0013768556509852203,-5.97512879948313e-05
2026-05-05 12:40:00,0.003993958389578722,0.00031723762743539753
2026-05-05 12:45:00,0.003946554307656669,-0.00040985556893744814
2026-05-05 12:50:00,0.004433944239908172,0.0007082681691187904
2026-05-05 12:55:00,0.004245134525122651,0.0004911520338976231
2026-05-05 13:00:00,0.003087734706188172,0.0021776175305446193
2026-05-05 13:05:00,0.001778590200911978,0.0020062666037986674
2026-05-05 13:10:00,0.002785657647841333,0.0021491267282865915
2026-05-05 13:15:00,0.002679792882853249,0.002512172454438417
2026-05-05 13:20:00,0.003786920380685288,0.0021524833541188837
2026-05-05 13:25:00,0.0038050304231802556,0.0029226945157917574
2026-05-05 13:30:00,0.002750171290662351,0.0031329160730296174
2026-05-05 13:35:00,0.0028902735858071793,0.0030301850035423165
2026-05-05 13:40:00,0.0008520565413601133,0.0031930688920639425
2026-05-05 13:45:00,0.0002454584716318209,0.002986805201424545
2026-05-05 13:50:00,0.0004186480360033329,0.0025344320403556096
2026-05-05 13:55:00,0.00040096099712449984,0.002149898573651488
2026-05-05 14:00:00,0.0037189745389696327,0.002156136375800351
2026-05-05 14:05:00,0.003958614926762749,0.0016753817283044028
2026-05-05 14:10:00,0.0028609193697004542,0.002109894630806634
2026-05-05 14:15:00,0.004085950515561265,0.001976782840981023
2026-05-05 14:20:00,0.0010734177138953527,0.002404393283493038
2026-05-05 14:25:00,0.0006622639833864241,0.0021064445854360623
2026-05-05 14:30:00,0.0024261352437857653,0.002381416363988153
2026-05-05 14:35:00,0.0010322491261121058,0.0022222263305220254
2026-05-05 14:40:00,0.001478969804127317,0.002274279523461926
2026-05-05 14:45:00,0.002796598640067316,0.0020730468092253897
2026-05-05 14:50:00,0.0037075682243834507,0.0018087582950447826
2026-05-05 14:55:00,0.0037280229468752424,0.0021416615634309074
2026-05-05 15:00:00,0.0010946573734287313,0.0026658290360649746
2026-05-05 15:05:00,0.0016440818407907898,0.0025001675529028973
2026-05-05 15:10:00,-0.0011516949434717816,0.0018572157387452522
2026-05-05 15:15:00,-0.0023690427170190986,0.00174413942244199
2026-05-05 15:20:00,0.0006138004816964582,0.0019415811054298582
2026-05-05 15:25:00,0.0016919166461075719,-0.0012147557327901503
2026-05-05 15:30:00,0.00022264714448816392,-0.00047037104708552756
2026-05-05 15:35:00,0.0013477547291991243,-0.0010729172504395333
2026-05-05 15:40:00,0.0017736271602153408,0.0009782982049048323
2026-05-05 15:45:00,0.0003211735315069575,0.00022653212493501634
2026-05-05 15:50:00,-0.00036467859009192694,-0.0031792129619773145
2026-05-05 15:55:00,0.00014839579805325798,-0.0009946891215296414
2026-05-05 16:00:00,0.0009647517167614694,-0.00014361374084350062
2026-05-05 16:05:00,-0.0007114486791301999,-0.0011808359255204197
2026-05-05 16:10:00,0.0017325025443604147,-5.4354359147054234e-05
2026-05-05 16:15:00,0.0018209904178032588,0.0012315359519423003
2026-05-05 16:20:00,-0.0005766559358768575,-0.000906411859399637
2026-05-05 16:25:00,-0.0010955987276517476,-0.0006950412002145462
2026-05-05 16:30:00,-0.0008581189381509091,0.0010502582996447041
2026-05-05 16:35:00,-0.0010723767930986838,0.00029608102585380067
2026-05-05 16:40:00,-0.0019835251636752815,-0.000501415788443198
2026-05-05 16:45:00,-0.0007451931564173009,-0.0006454355155281809
2026-05-05 16:50:00,-0.00171161612407289,-0.0008271865302287969
2026-05-05 16:55:00,-0.0030749787377661875,-0.0011868309894189487
2026-05-05 17:00:00,-0.003621533371360286,-0.0011081234973966709
2026-05-05 17:05:00,-0.003529801368621577,0.0005765104956410613
2026-05-05 17:10:00,-0.003268702000902124,-0.0020196688852555777
2026-05-05 17:15:00,-0.0030886771690319392,0.0001757629541636107
2026-05-05 17:20:00,-0.003280589377130383,-0.0008458819574230313
2026-05-05 17:25:00,-0.004218990813306789,-0.001991947378156039
2026-05-05 17:30:00,-0.004325807872570309,-0.001984638493239684
2026-05-05 17:35:00,-0.004395418941049556,-0.002031291556730851
2026-05-05 17:40:00,-0.003577217859319859,-0.0022889338255047908
2026-05-05 17:45:00,-0.0035412376137600177,-0.0029450547006490777
2026-05-05 17:50:00,-0.002310843259129669,-0.0009187509213535096
2026-05-05 17:55:00,-0.0015750225325330547,-0.002126045630047575
2026-05-05 18:00:00,-0.001742216078763903,-0.0029601029753415133
2026-05-05 18:05:00,-0.0020988483781341216,-0.0015509780849781451
2026-05-05 18:10:00,-0.002188011975198023,-0.0018985572963014557
2026-05-05 18:15:00,-0.0007144657700060009,-0.0024656455537602766
2026-05-05 18:20:00,-0.0005152791337152962,-0.0020195813495334923
2026-05-05 18:25:00,-0.00027634306193036196,-0.0028834545407328566
2026-05-05 18:30:00,0.0006930371973403737,-0.0013480486152143178
2026-05-05 18:35:00,0.001068328124379292,-0.0027199840831875145
2026-05-05 18:40:00,0.000811636720881026,-0.001883659819772445
2026-05-05 18:45:00,0.0008618260938657585,-0.0014488339211142323
2026-05-05 18:50:00,-0.0002829248305147303,-0.0009404900667639377
2026-05-05 18:55:00,-0.0003903055176905923,6.965986667812849e-05
2026-05-05 19:00:00,0.00017545475724745074,-0.000621405483295661
2026-05-05 19:05:00,0.0013339478491349865,-0.0003162667895821314
2026-05-05 19:10:00,0.0018046885123137457,-0.0006202159503514638
2026-05-05 19:15:00,0.000322230274678148,-0.0006331937879263136
2026-05-05 19:20:00,0.000554736377413434,0.00014651138324305515
2026-05-05 19:25:00,0.0007192099525905604,-0.00023915394576688699
2026-05-05 19:30:00,-0.0004912173077435966,0.0002961135613820708
2026-05-05 19:35:00,-0.00027410267180627557,8.725204858459286e-05
2026-05-05 19:40:00,0.0002521313332586317,0.0004850669942136153
2026-05-05 19:45:00,0.00019726027461253182,-7.242371604486814e-05
2026-05-05 19:50:00,0.000572346471626517,2.930083410473029e-05
2026-05-05 19:55:00,0.0003968823953623968,0.00024826166979872706
2026-05-05 20:00:00,-0.00024345175224560478,-1.6927610336753453e-05
2026-05-05 20:05:00,-0.0006645575070347576,7.09681431074405e-05
2026-05-05 20:10:00,-0.001587427210854031,0.00018021321830646444
2026-05-05 20:15:00,-0.0009648086809335155,-0.00026486936693589805
2026-05-05 20:20:00,-0.0010461433468531567,-0.0001428871697888295
2026-05-05 20:25:00,-0.0012216481045772554,-7.928233616942225e-05
2026-05-05 20:30:00,-0.000509015285835801,-0.0003638725799150673
2026-05-05 20:35:00,-0.0006010960311204627,-0.0004086708309945947
2026-05-05 20:40:00,-0.0013073875830968973,-0.000595734581637685
2026-05-05 20:45:00,-0.0009954656706696596,-0.000742581751807251
2026-05-05 20:50:00,-0.0013842806310702116,-0.0008764262348102298
2026-05-05 20:55:00,-0.0012679444329730671,-0.0008016022495260747
2026-05-05 21:00:00,-0.0009392701157757699,-0.0008146662419148032
2026-05-05 21:05:00,-0.0004323090747995195,-0.0008857110443345217
2026-05-05 21:10:00,-0.00015361421356807625,-0.0008807080783213484
2026-05-05 21:15:00,-0.00038837891788290335,-0.0007694309954845828
2026-05-05 21:20:00,-0.0001755610276585884,-0.0009887381137754286
2026-05-05 21:25:00,0.0006274599487134935,-0.0007288471872186639
2026-05-05 21:30:00,0.0002611221023975929,-0.0006275001769179868
2026-05-05 21:35:00,-0.00019312942145255363,-0.0004909880202419028
2026-05-05 21:40:00,4.39006615948756e-06,-0.0002446587120953259
2026-05-05 21:45:00,-0.0004937150179777916,-0.00013735905334260392
2026-05-05 21:50:00,-4.171171715583455e-05,-0.00022256876032838497
2026-05-05 21:55:00,0.00027434571463125224,-0.00023363093744090406
2026-05-05 22:00:00,0.0012265807476978807,-8.266347552250286e-05
2026-05-05 22:05:00,-0.0007355742696244505,-0.00011168995641790174
2026-05-05 22:10:00,-0.000946344950756739,-0.00013002108986052714
2026-05-05 22:15:00,-0.0012803044612716974,-0.000268593538327428
2026-05-05 22:20:00,-0.0016012215753207215,-0.00035478048401379846
2026-05-05 22:25:00,-0.002120905538742335,-0.0005284425374382306
2026-05-05 22:30:00,-0.002436129715535529,-0.0006426494329425574
2026-05-05 22:35:00,-0.0015046135158840457,-0.0008600384415428656
2026-05-05 22:40:00,-0.0012123902482006343,-0.001273669726979941
2026-05-05 22:45:00,-0.0016540747709310466,-0.001153482713358534
2026-05-05 22:50:00,-0.0015687449525039199,-0.0014781773581456074
2026-05-05 22:55:00,0.0006537367428833818,-0.001323155321203797
2026-05-05 23:00:00,0.0028926277919794074,-0.0010661242369900596
2026-05-06 00:00:00,0.005056834310732228,-1.1895518545504804e-05
2026-05-06 00:05:00,0.005996645140742274,0.0009761740776355356
2026-05-06 00:10:00,0.008442100212636916,0.002246137925872964
2026-05-06 00:15:00,0.008061275739866147,0.0033522653475870855
2026-05-06 00:20:00,0.007619534896655011,0.004236018145798048
2026-05-06 00:25:00,0.007775252474070626,0.0053557396642965605
2026-05-06 00:30:00,0.00769686828323124,0.005751578403321947
2026-05-06 00:35:00,0.008004832046184518,0.006416847472424526
2026-05-06 00:40:00,0.008073062294476685,0.006889868608680471
2026-05-06 00:45:00,0.010018166218417335,0.0072116378873966994
2026-05-06 00:50:00,0.00704980815455869,0.007589582058434462
2026-05-06 00:55:00,0.004757556208293323,0.007648114075372615
2026-05-06 01:00:00,0.004428872274502282,0.007336487764483004
2026-05-06 01:05:00,0.002865144039656542,0.006966726496336445
2026-05-06 01:10:00,0.0005358893494982198,0.006392109995581064
2026-05-06 01:15:00,0.0023304956859337977,0.006846154261286725
2026-05-06 01:20:00,0.003933683301035273,0.005437122627162876
2026-05-06 01:25:00,0.004396453777035347,0.004767295564804675
2026-05-06 01:30:00,0.00536036839381282,0.004003136849650013
2026-05-06 01:35:00,0.004680752244869524,0.003999484319257293
2026-05-06 01:40:00,0.005413301111909519,0.003920484437384132
2026-05-06 01:45:00,0.0035898332513308873,0.004497036924175906
2026-05-06 01:50:00,0.004094251608739441,0.004255476792389825
2026-05-06 01:55:00,0.0053845891617552155,0.002293917708024276
2026-05-06 02:00:00,0.004190529470060156,0.0028656414625729664
2026-05-06 02:05:00,0.004377772289078763,0.002460612961046161
2026-05-06 02:10:00,0.004335356405333002,0.0033740975923637413
2026-05-06 02:15:00,0.004612278987282892,0.0030198511208393685
2026-05-06 02:20:00,0.00458676626993082,0.0034985510969335653
2026-05-06 02:25:00,0.004865989250909308,0.0039795003203917274
2026-05-06 02:30:00,0.0030329115563905162,0.003957611665447769
2026-05-06 02:35:00,0.0034421801368687,0.003922482359607186
2026-05-06 02:40:00,0.0029866058192968836,0.0034879441123646594
2026-05-06 02:45:00,0.004011335817823536,0.003317920447385644
2026-05-06 02:50:00,0.003033779899643818,0.003011075203246374
2026-05-06 02:55:00,0.0013346039646204844,0.002885867059185078
2026-05-06 03:00:00,0.0027933251028802175,0.0023768161560359
2026-05-06 03:05:00,0.004404016583702486,0.0027171311544757657
2026-05-06 03:10:00,0.00472246445350244,0.002996204231422673
2026-05-06 03:15:00,0.0035774733232116773,0.0025747050803508666
2026-05-06 03:20:00,0.0021646760251758934,0.002979694576300427
2026-05-06 03:25:00,0.0011366780837995805,0.0027794233135990474
2026-05-06 03:30:00,0.0019751065285014135,0.0025817912167281592
2026-05-06 03:35:00,0.0014003395085655512,0.002377034501115955
2026-05-06 03:40:00,0.0022184716771445068,0.002454679670097566
2026-05-06 03:45:00,0.0015262679673693214,0.003077039404942346
2026-05-06 03:50:00,0.0030095144023558618,0.0026349491536826787
2026-05-06 03:55:00,0.003088490552698886,0.002507981826178164
2026-05-06 04:00:00,0.0027596878937927727,0.00249482762825287
2026-05-06 04:05:00,0.002500518651311623,0.002187875477399912
2026-05-06 04:10:00,0.003051338512255697,0.00272016926690475
2026-05-06 04:15:00,0.0032980757388347826,0.002582271479824979
2026-05-06 04:20:00,0.0026185613745344227,0.0026074660224553446
2026-05-06 04:25:00,0.0033075914945328577,0.0028305535337664377
2026-05-06 04:30:00,0.002516169378214528,0.0023648866537741993
2026-05-06 04:35:00,0.004389265537950493,0.0031907043222452
2026-05-06 04:40:00,0.002876459738715198,0.0023136569287554387
2026-05-06 04:45:00,0.0018986440423987005,0.003012268114074606
2026-05-06 04:50:00,0.0011353881413622702,0.002401464555656111
2026-05-06 04:55:00,0.0007173392837582782,0.0026087871469766665
2026-05-06 05:00:00,0.000794774774892204,0.0030688287657955355
2026-05-06 05:05:00,0.0002497083161525637,0.002101533065709211
2026-05-06 05:10:00,0.00010112082764202057,0.001667388019312686
2026-05-06 05:15:00,-0.0008283427058284332,0.0013952555737405908
2026-05-06 05:20:00,0.00011837363251920863,0.0012658015184826294
2026-05-06 05:25:00,0.001490657853912225,0.0010439015714040047
2026-05-06 05:30:00,0.0013277599501702042,0.000794854456947488
2026-05-06 05:35:00,-0.00037847997733742034,0.0006767931758152878
2026-05-06 05:40:00,-2.1515578882969066e-06,0.0006161826478150119
2026-05-06 05:45:00,0.0012501440584671286,0.0007306592934216681
2026-05-06 05:50:00,0.0010523677629663553,0.0006440526891657285
2026-05-06 05:55:00,0.001095480124577719,0.0007729286627764856
2026-05-06 06:00:00,0.001555412686105484,0.0009662018585897538
2026-05-06 06:05:00,0.0020598658265296166,0.0010946638703757164
2026-05-06 06:10:00,0.0013652055356931925,0.0011012330063060044
2026-05-06 06:15:00,0.0012798769623731943,0.0014610378758132653
2026-05-06 06:20:00,0.0015870049586208523,0.0013851187315613086
2026-05-06 06:25:00,-0.00011822503396530237,0.0013881239901019637
2026-05-06 06:30:00,-0.0006604316709424296,0.001244074304442819
2026-05-06 06:35:00,-0.0005292519384223482,0.0011655404742253663
2026-05-06 06:40:00,0.0004947364446330482,0.001374367084688142
2026-05-06 06:45:00,-0.00013118096217468178,0.0002485346526163585
2026-05-06 06:50:00,0.000892245798718605,5.5003965427852525e-05
2026-05-06 06:55:00,0.003000499470239504,0.001518810473318681
2026-05-06 07:00:00,0.001467140510390763,0.0016280177883403095
2026-05-06 07:05:00,0.0017104605136193385,0.0010461331496338954
2026-05-06 07:10:00,0.0012667905091650056,0.0016384450168057162
2026-05-06 07:15:00,0.0014070485776738195,0.001329231541050782
2026-05-06 07:20:00,0.0019384031957780934,0.0009165397613837091
2026-05-06 07:25:00,0.0030971771356362865,0.0006637392645394854
2026-05-06 07:30:00,0.0036452136573679184,0.0014413572014495045
2026-05-06 07:35:00,0.004191905807649832,0.0012772342513316568
2026-05-06 07:40:00,0.0030747783095357306,0.001900952522060533
2026-05-06 07:45:00,0.003272228935259136,0.002248827206660101
2026-05-06 07:50:00,0.002440467883436881,0.002278042039472174
2026-05-06 07:55:00,0.0014829612218978383,0.002050256348477912
2026-05-06 08:00:00,0.0019685552277213247,0.002109191358923441
2026-05-06 08:05:00,0.0007652183978645866,0.001663123774742088
2026-05-06 08:10:00,-0.00040133449622281603,0.0017938605543509963
2026-05-06 08:15:00,0.00047215266001643386,0.0016625686690556966
2026-05-06 08:20:00,0.000508128458085011,0.0005491951017817212
2026-05-06 08:25:00,0.0002914090074579434,0.0014637257825426346
2026-05-06 08:30:00,0.0004265896154738158,0.0013431714228193602
2026-05-06 08:35:00,-0.00029792109169513026,0.00021548180544257291
2026-05-06 08:40:00,0.0012855096994410786,0.000647029464846038
2026-05-06 08:45:00,0.0022119141854055613,0.0003989619673318626
2026-05-06 08:50:00,0.002107270216891166,0.0007865098463223337
2026-05-06 08:55:00,0.002500191115764494,0.0009303269163099367
2026-05-06 09:00:00,0.0021164799018684732,0.0014019847211310013
2026-05-06 09:05:00,0.002234427362653335,0.0016768272847540915
2026-05-06 09:10:00,0.004497739440372683,0.001859749163104976
2026-05-06 09:15:00,0.0038611285488094893,0.0014320411685197476
2026-05-06 09:20:00,0.0028018567508283354,0.001981881635289064
2026-05-06 09:25:00,0.0019925889158525223,0.001529818799056229
2026-05-06 09:30:00,0.0021665790241538474,0.0018683523481642713
2026-05-06 09:35:00,0.0023488086371390438,0.0014330177359861192
2026-05-06 09:40:00,0.00152974418923435,0.0021221231019148503
2026-05-06 09:45:00,0.0009620359987572158,0.001950816563178677
2026-05-06 09:50:00,0.004995555796391216,0.0019080331253676836
2026-05-06 09:55:00,0.004141798914348627,0.0016347941854552236
2026-05-06 10:00:00,0.0029329728347278206,0.002088735009256936
2026-05-06 10:05:00,0.003851423224370265,0.0023795453244041627
2026-05-06 10:10:00,0.0034431372934129456,0.0025447301574873116
2026-05-06 10:15:00,0.004576315678322729,0.0023042819829189763
2026-05-06 10:20:00,0.003774036197224717,0.0030054354567354696
2026-05-06 10:25:00,0.004909916699183725,0.002634108461760068
2026-05-06 10:30:00,0.005899986303552041,0.003073974573593728
2026-05-06 10:35:00,0.005846934870714193,0.003689129909269721
2026-05-06 10:40:00,0.004077140516551836,0.003156995214114317
2026-05-06 10:45:00,0.004538993716455053,0.0037123037038126433
2026-05-06 10:50:00,0.0005320133852357856,0.0038155082230861203
2026-05-06 10:55:00,0.00021908204710108237,0.0032346866200692608
2026-05-06 11:00:00,0.0017952389475333064,0.002908733763346521
2026-05-06 11:05:00,0.00021507139495113847,0.0023142854190702
2026-05-06 11:10:00,0.0005109796869025018,0.0031050373598344398
2026-05-06 11:15:00,-0.0003873007949781737,0.0017603919653700535
2026-05-06 11:20:00,0.001127950081173168,0.001904687619489241
2026-05-06 11:25:00,0.0010228831094334367,0.0013903373304805925
2026-05-06 11:30:00,0.0013448472396202504,0.0010799892500976923
2026-05-06 11:35:00,0.001531772896070649,0.0012062913377689458
2026-05-06 11:40:00,0.0038082088173094775,0.0012798303993656352
2026-05-06 11:45:00,0.0020972988241538815,0.0010228649416657934
2026-05-06 11:50:00,0.004514958269531633,0.0023015311632766165
2026-05-06 11:55:00,0.0032910830817964865,0.0018253467329893494
2026-05-06 12:00:00,0.0029488581804422154,0.002686471092378401
2026-05-06 12:05:00,0.005025018803674897,0.0021712170919645107
2026-05-06 12:10:00,0.0030497969012710513,0.002528361535725529
2026-05-06 12:15:00,0.0029499173397482537,0.0027643163629698874
2026-05-06 12:20:00,0.0018721404069168557,0.0016175844825067878
2026-05-06 12:25:00,0.00026565081950202796,0.002035867849278651
2026-05-06 12:30:00,0.0007279696654141077,0.0015023468963740894
2026-05-06 12:35:00,-3.821266622949793e-05,0.0022862613461178067
2026-05-06 12:40:00,-0.0030015795154909597,0.0018000077538009424
2026-05-06 12:45:00,-0.0027335198206905886,0.002248312913587602
2026-05-06 12:50:00,-0.005004400166589207,0.0008729546753963784
2026-05-06 12:55:00,-0.0052794685042698575,0.0018556251776561709
2026-05-06 13:00:00,-0.005929911853300496,0.0016895154970876407
2026-05-06 13:05:00,-0.008040235767532877,-0.0003990190365349564
2026-05-06 13:10:00,-0.008342553502064476,0.0011746432967293164
2026-05-06 13:15:00,-0.00891666863438445,-0.0005857977420425816
2026-05-06 13:20:00,-0.005733725043469917,-0.00039930700073333505
2026-05-06 13:25:00,-0.004758384059284637,-0.0009550483488348182
2026-05-06 13:30:00,-0.006227115435599728,-0.0012820000347183202
2026-05-06 13:35:00,-0.006440546450180662,-0.002374657707850015
2026-05-06 13:40:00,-0.0037556127823457075,-0.00370732573301584
2026-05-06 13:45:00,-0.003669885396803352,-0.0031821244625103123
2026-05-06 13:50:00,-0.004375170301164744,-0.003152438456632634
2026-05-06 13:55:00,-0.0021097931845712736,-0.0038774058932738204
2026-05-06 14:00:00,-0.0007066119745591237,-0.0040253301646282795
2026-05-06 14:05:00,-0.001949585048198088,-0.00408287961310842
2026-05-06 14:10:00,0.0022400351356584025,-0.0035574326716371753
2026-05-06 14:15:00,0.002715603334989325,-0.0028734983195510795
2026-05-06 14:20:00,0.0005955538559909712,-0.003420518972764311
2026-05-06 14:25:00,0.00022629071194657513,-0.0007567147536077536
2026-05-06 14:30:00,0.0029055627928418204,-0.0012503418877494903
2026-05-06 14:35:00,0.003212679396469298,-6.023391622800168e-05
2026-05-06 14:40:00,0.0028403900107196733,0.000532068658459665
2026-05-06 14:45:00,0.004233780586822888,0.0007708726531631146
2026-05-06 14:50:00,0.0054537526763454025,-0.00014620813311997066
2026-05-06 14:55:00,0.003902495961131791,0.0015343482755523674
2026-05-06 15:00:00,0.004916705152650636,0.001958019908094342
2026-05-06 15:05:00,0.007425246366988603,0.0005749545025386699
2026-05-06 15:10:00,0.0058754325450305345,0.0018549177289009255
2026-05-06 15:15:00,0.00628170447097709,0.0031008076986840973
2026-05-06 15:20:00,0.004904610662393338,0.003213432548544387
2026-05-06 15:25:00,0.004321703711331892,0.0026692136991613795
2026-05-06 15:30:00,0.0019500665948477547,0.0007518943169744882
2026-05-06 15:35:00,0.0028392887041022163,0.0016029534582752722
2026-05-06 15:40:00,0.00377255876986915,0.0017441965533905493
2026-05-06 15:45:00,0.001111962856382931,0.0015947471384118261
2026-05-06 15:50:00,-0.0001297087190526014,0.001777193359038533
2026-05-06 15:55:00,0.0004487371103252258,0.0018850556288307254
2026-05-06 16:00:00,2.1250371881720298e-05,0.0013513649680196179
2026-05-06 16:05:00,-0.0020070295268865834,0.0005506429600730171
2026-05-06 16:10:00,-0.0030909428593055566,0.0004157353527473577
2026-05-06 16:15:00,-0.0023199106234876865,0.0009002857907459643
2026-05-06 16:20:00,-0.0021428078546144036,0.0007392377321258631
2026-05-06 16:25:00,-0.0020616085502602743,0.0014925018348876952
2026-05-06 16:30:00,-0.0025782146753225987,-0.001023112301284176
2026-05-06 16:35:00,-0.003493360430296022,-0.00032609829444898416
2026-05-06 16:40:00,-0.004477638461365174,-0.0010838333604448293
2026-05-06 16:45:00,-0.002710847597233723,0.000500548734189391
2026-05-06 16:50:00,-0.0021820520577779945,-0.0005355453306052498
2026-05-06 16:55:00,-0.0033288461253011548,-0.0006515151795109254
2026-05-06 17:00:00,-0.004022230933532711,-0.00034985290959950205
2026-05-06 17:05:00,-0.003297796749803794,5.4714851748175284e-05
2026-05-06 17:10:00,-0.002893382956548507,-0.0010535639187565769
2026-05-06 17:15:00,-0.0036095199156402913,-0.0015278360318778867
2026-05-06 17:20:00,-0.0032933015934677456,-0.0013391870724754824
2026-05-06 17:25:00,-0.0015004745081004245,-0.0012052698799822064
2026-05-06 17:30:00,-0.0015539654284317805,-0.0017063086037674873
2026-05-06 17:35:00,-0.0004988307425808358,-0.0013608183826292102
2026-05-06 17:40:00,-0.0008697858700763561,-0.0014309849938918449
2026-05-06 17:45:00,-0.0010979184358248517,-0.0016080235803937102
2026-05-06 17:50:00,-0.0017085142964745614,-0.0009395210962631176
2026-05-06 17:55:00,-0.000943376161142595,-0.002004403335133656
2026-05-06 18:00:00,-0.0002155147129148105,-0.0016324298525354438
2026-05-06 18:05:00,0.0006851822671372076,-0.0014069094097469309
2026-05-06 18:10:00,0.0005443478153974723,-0.002407254923321321
2026-05-06 18:15:00,-0.0006170948269108578,-0.0007298406303635504
2026-05-06 18:20:00,-0.0004933299120981616,-0.0015168341348714373
2026-05-06 18:25:00,-0.0011033465381675711,-0.0010687896506375461
2026-05-06 18:30:00,-0.0010843024814555235,-0.001175220922440267
2026-05-06 18:35:00,-0.0022478227686963947,-0.0011955492880484342
2026-05-06 18:40:00,-0.0015474444113756647,-0.0008076310350922994
2026-05-06 18:45:00,-0.0015027966795297942,-0.0008652442979413291
2026-05-06 18:50:00,-0.0005445221739055484,-0.0014602871866355983
2026-05-06 18:55:00,0.00036934599492610687,-0.0009871055314575156
2026-05-06 19:00:00,-0.0006681773843197902,-0.002618427402248368
2026-05-06 19:05:00,-0.0002219391085009903,-0.0015022744416138968
2026-05-06 19:10:00,0.00028379720852811374,-0.0009874016040086213
2026-05-06 19:15:00,0.001504701675377973,-0.0011996067200425809
2026-05-06 19:20:00,0.0013747379169846141,-0.0010628688044881096
2026-05-06 19:25:00,0.0011054794915512645,-0.0013164855465569864
2026-05-06 19:30:00,0.0014298368794296579,-0.001005605501135716
2026-05-06 19:35:00,0.0019343274317709103,-0.0014094202476115168
2026-05-06 19:40:00,0.000979970465813551,-0.001467188671309432
2026-05-06 19:45:00,0.0012745341510331798,-0.00029805826624049886
2026-05-06 19:50:00,0.0011292863108085527,-6.747079207924074e-05
2026-05-06 19:55:00,0.00030946240225482313,-0.0006230506781676516
2026-05-06 20:00:00,0.0017708673554643894,9.716650483527147e-05
2026-05-06 20:05:00,0.0019381689843047667,-0.0009551123416750856
2026-05-06 20:10:00,0.0017351715436930704,-0.0006202317788883269
2026-05-06 20:15:00,0.001674917338267079,-0.0010345632773743323
2026-05-06 20:20:00,0.0025842532674840157,-0.000568708074468893
2026-05-06 20:25:00,0.0020072241213551223,-0.0007240443537003468
2026-05-06 20:30:00,0.0017237544605421817,-0.00024500077656545755
2026-05-06 20:35:00,0.0019625251481283357,9.161230635595046e-05
2026-05-06 20:40:00,0.0019762325636953904,-0.0005854768649836456
2026-05-06 20:45:00,0.0020120345167491394,-0.0005023494924335818
2026-05-06 20:50:00,0.002254753944713528,-0.0003080085079314083
2026-05-06 20:55:00,0.0015501383195992702,-0.00010809655023635071
2026-05-06 21:00:00,0.0009928731280446357,-0.0007738059144665803
2026-05-06 21:05:00,0.00042380687819054685,-0.0007656056738714652
2026-05-06 21:10:00,0.0008047450584829363,0.0001946068303529821
2026-05-06 21:15:00,0.0002831374630005712,0.00015143759661662522
2026-05-06 21:20:00,-0.0011389753222115218,7.427378993785523e-05
2026-05-06 21:25:00,-0.0010670347990373585,0.00022399903204567184
2026-05-06 21:30:00,-0.0014934645074156094,-4.2844097872142504e-05
2026-05-06 21:35:00,-0.0014720656417210876,-0.00018503518673671318
2026-05-06 21:40:00,-0.001534599110144086,-0.0007676306257462628
2026-05-06 21:45:00,-0.0015768874237682695,-0.0006079696514119733
2026-05-06 21:50:00,-0.001339878844515141,-0.0005643494837270423
2026-05-06 21:55:00,-0.00046457608268823947,-0.0004284475030814365
2026-05-06 22:00:00,-0.0008180900610934572,-0.00011823684042393931
2026-05-06 22:05:00,-0.0012399812395784693,-4.8023008191632056e-05
2026-05-06 22:10:00,-0.0009751445391774638,-0.0005890323178114582
2026-05-06 22:15:00,-0.0001639119179337456,-0.0006316719520128353
2026-05-06 22:20:00,0.001045351528080829,-0.0005715003161357995
2026-05-06 22:25:00,0.001143664130227151,7.137059064746204e-05
2026-05-06 22:30:00,0.001052687753702486,-1.4389319469559198e-06
2026-05-06 22:35:00,0.0016359677903761138,0.0006157404652471936
2026-05-06 22:40:00,0.0019412992340335222,0.0005250206065008959
2026-05-06 22:45:00,0.0020260582215936296,8.090785416501072e-06
2026-05-06 22:50:00,0.0013803242118761716,0.00023656076088434031
2026-05-06 22:55:00,0.001035410709508966,0.0007478353379687585
2026-05-06 23:00:00,0.0006093702581502214,0.0028655919899602546
2026-05-07 00:00:00,0.001314501568227655,0.003761869251778106
2026-05-07 00:05:00,0.0006090445429638436,0.004259142758488942
2026-05-07 00:10:00,-0.0005920095916618351,0.0032880213282153554
2026-05-07 00:15:00,-0.0005172166199294281,0.001957816933800584
2026-05-07 00:20:00,-0.0009305921643640858,0.0023435039357587464
2026-05-07 00:25:00,-0.00037278896635584147,0.001516258426658905
2026-05-07 00:30:00,-0.0011095246687080618,0.0007244508258963108
2026-05-07 00:35:00,-0.0008583097363636938,0.0008288554744715005
2026-05-07 00:40:00,-0.0010476690324434657,8.478193642123492e-05
2026-05-07 00:45:00,-0.00015114631737489503,-0.00021535322650035815
2026-05-07 00:50:00,0.00011710860985303384,-0.00019338586303029257
2026-05-07 00:55:00,0.0007984372346871993,-0.0003427530600451732
2026-05-07 01:00:00,-0.0006389259446653028,0.00034061945935937954
2026-05-07 01:05:00,-0.0004684628754336728,-6.049191596562416e-05
2026-05-07 01:10:00,0.0011900518193481702,-0.00011292286411096872
2026-05-07 01:15:00,0.0002490636178826833,0.001419306432606811
2026-05-07 01:20:00,0.0010433968835528162,0.000721675455852963
2026-05-07 01:25:00,-0.00014915450729979796,0.001303368053928803
2026-05-07 01:30:00,-0.00017473986180327472,0.0006163808796343793
2026-05-07 01:35:00,-0.00015768534986548843,0.00023705220657806427
2026-05-07 01:40:00,-0.0011426136395549236,6.465829405416535e-05
2026-05-07 01:45:00,-0.0015788215387058102,8.186298241865943e-05
2026-05-07 01:50:00,-0.0023341113639983035,0.0006038793138888967
2026-05-07 01:55:00,-0.0023054937190511993,0.0015806111886097025
2026-05-07 02:00:00,-0.00018536490839693442,0.003088224479370559
2026-05-07 02:05:00,0.0005663864695630849,0.0031729170109732995
2026-05-07 02:10:00,0.002131737003322698,0.0026457847254456736
2026-05-07 02:15:00,0.0031176208942387262,0.0030200014390113694
2026-05-07 02:20:00,0.0025124573217798485,0.0032722700248006397
2026-05-07 02:25:00,0.0024284487216412742,0.00293431210530988
2026-05-07 02:30:00,0.002813432261689286,0.0029166186953622085
2026-05-07 02:35:00,0.0043952095641923705,0.0024806503561926262
2026-05-07 02:40:00,0.005229120477764582,0.0032516629594510306
2026-05-07 02:45:00,0.006298266005146047,0.0025032391625082
2026-05-07 02:50:00,0.006738071204669183,0.0033053790460042527
2026-05-07 02:55:00,0.005791975726872067,0.0031944954735788167
2026-05-07 03:00:00,0.004664143932156861,0.003565858859270117
2026-05-07 03:05:00,0.0033024932577063737,0.0037090341743032094
2026-05-07 03:10:00,-0.0011450046445702355,0.003136886039468661
2026-05-07 03:15:00,-0.0013652864816044996,0.0024954863252149907
2026-05-07 03:20:00,-0.0013914870866535978,0.0023920184206351796
2026-05-07 03:25:00,-0.00047841244529678306,0.0012434721479146855
2026-05-07 03:30:00,-0.0008185263793922815,0.0015749834034283264
2026-05-07 03:35:00,-0.0023174636811127414,0.0007318767442118806
2026-05-07 03:40:00,-0.0017499229317845533,0.0006727640261631091
2026-05-07 03:45:00,-0.002692579849979282,0.0017247315884993365
2026-05-07 03:50:00,-0.002262228346220141,0.0006757576622036938
2026-05-07 03:55:00,-0.0016663008906387944,0.0014019598223764882
2026-05-07 04:00:00,-0.0011990345495735966,0.0009817752691178951
2026-05-07 04:05:00,-0.0009382098287495921,0.0003548769787457912
2026-05-07 04:10:00,0.0002677808633446688,-8.213951195924912e-05
2026-05-07 04:15:00,0.0004460995045789673,0.0003607562075983956
2026-05-07 04:20:00,0.0004569611736915391,0.00034047011426082226
2026-05-07 04:25:00,0.000569816334701656,0.0005719010356373022
2026-05-07 04:30:00,0.0005443415196921819,0.0008964092985462278
2026-05-07 04:35:00,0.0005548959074772597,0.0012184728102161498
2026-05-07 04:40:00,-0.0001402962804650798,0.0008509532044974651
2026-05-07 04:45:00,-0.00048454246751283847,0.0004324011781439085
2026-05-07 04:50:00,-0.0005610432150433553,0.0004791938604663846
2026-05-07 04:55:00,-0.0017435646697219198,0.0006133895140426505
2026-05-07 05:00:00,-0.002225735469700396,4.861874150565078e-06
2026-05-07 05:05:00,-0.001898213422766304,-0.00023863015648870623
2026-05-07 05:10:00,-0.001920682592089662,-0.0003935968277439523
2026-05-07 05:15:00,-0.002685975535566598,-0.0003757212891588701
2026-05-07 05:20:00,-0.0017226643023882104,-0.00029277093059981496
2026-05-07 05:25:00,-0.0016295171641687034,-0.0012714110674885534
2026-05-07 05:30:00,-0.002211102589166458,-0.0012644784182984808
2026-05-07 05:35:00,-0.0017550339397089942,-0.0014129094223951397
2026-05-07 05:40:00,-0.0012252400961010323,-0.0006859083723493631
2026-05-07 05:45:00,-0.0018957956687302158,-0.0007329525252047338
2026-05-07 05:50:00,-0.0017893640831410096,-0.0010860691705290937
2026-05-07 05:55:00,-0.0005300505800853728,-0.0006078072381989356
2026-05-07 06:00:00,0.0001979020263753739,-0.0008996326114676002
2026-05-07 06:05:00,-0.00015958855975384267,-0.0007316601069814093
2026-05-07 06:10:00,0.0007725451062121635,-0.00043568140785259023
2026-05-07 06:15:00,3.407176792258326e-05,-0.0005736423527080614
2026-05-07 06:20:00,-0.000589790258302969,-0.00022166709405243133
2026-05-07 06:25:00,-0.0003833008639269053,-0.00023689576973808394
2026-05-07 06:30:00,0.002021892455868368,-0.0001229727896992
2026-05-07 06:35:00,0.001850674535177177,-0.0003262104080557245
2026-05-07 06:40:00,0.00116146255215277,-0.00017817469166317903
2026-05-07 06:45:00,0.001978694579932494,0.0005464895893848324
2026-05-07 06:50:00,0.0019275289352869152,0.00118931971633082
2026-05-07 06:55:00,0.001036422795751335,0.0017944202634688736
2026-05-07 07:00:00,0.0013523457601589683,0.0011269654569342575
2026-05-07 07:05:00,0.002019575682821184,0.002024349051475921
2026-05-07 07:10:00,0.001634635063515688,0.0020482428140778815
2026-05-07 07:15:00,0.002927960908978733,0.001592828445099883
2026-05-07 07:20:00,0.00393881641304894,0.00244370802556626
2026-05-07 07:25:00,0.004742577908210421,0.002640532112399944
2026-05-07 07:30:00,0.00638356857275113,0.001784382834317361
2026-05-07 07:35:00,0.008043494938167584,0.002829041809056947
2026-05-07 07:40:00,0.008910583323142873,0.0023784893021971355
2026-05-07 07:45:00,0.007080504055135606,0.003940834753484514
2026-05-07 07:50:00,0.006727798411834129,0.0034291715206050183
2026-05-07 07:55:00,0.007978653039044659,0.003025646833626544
2026-05-07 08:00:00,0.005989101118926143,0.0023578798873322517
2026-05-07 08:05:00,0.007563636416943353,0.002374776092774694
2026-05-07 08:10:00,0.008632502054952695,0.001488664306435603
2026-05-07 08:15:00,0.007155082749605413,0.0026302540864643897
2026-05-07 08:20:00,0.0056588697276964695,0.0022537034542930976
2026-05-07 08:25:00,0.004747618987554603,0.002654802205790809
2026-05-07 08:30:00,0.0017941237776302188,0.002984482556705306
2026-05-07 08:35:00,-0.000670638502491272,0.0029104590621043414
2026-05-07 08:40:00,-0.0005648693573689911,0.0018771637706289064
2026-05-07 08:45:00,0.00033762753673372004,0.001725886224723033
2026-05-07 08:50:00,0.0008694423244364202,0.0023002305400488744
2026-05-07 08:55:00,0.0008479295840633227,0.001910471780972949
2026-05-07 09:00:00,0.0032496214354313935,0.002071784370203905
2026-05-07 09:05:00,0.0006995187933256375,0.001659234078198184
2026-05-07 09:10:00,-0.0013232364750361825,0.001496784595055599
2026-05-07 09:15:00,-0.0015506446720081613,0.0027811817283826946
2026-05-07 09:20:00,-0.0001518948890293359,0.0024266993048641865
2026-05-07 09:25:00,5.696136438793076e-05,0.0027104753163644775
2026-05-07 09:30:00,-0.0009958689145630473,0.0020195112394028073
2026-05-07 09:35:00,-0.0007280885255163128,0.00232762309819367
2026-05-07 09:40:00,-0.0016711826237738592,0.001852543519100413
2026-05-07 09:45:00,-0.0007957171001962138,0.0016893374243588887
2026-05-07 09:50:00,-0.0013128956930810176,0.002111742336732313
2026-05-07 09:55:00,-0.002484651648677172,0.0025731643083322588
2026-05-07 10:00:00,-0.004923888225150108,0.0023579239213367604
2026-05-07 10:05:00,-0.0031538081181885502,0.0032604400791942795
2026-05-07 10:10:00,-0.0018212577195999557,0.0026750199463799525
2026-05-07 10:15:00,-0.00024283556034454534,0.0024959794866182706
2026-05-07 10:20:00,-0.0005803665335744057,0.0013448298460542424
2026-05-07 10:25:00,-0.0009730080750607328,0.002854943368572223
2026-05-07 10:30:00,-0.0002491222675420346,0.003640633122070423
2026-05-07 10:35:00,-0.00021325090527746227,0.003449787584465315
2026-05-07 10:40:00,0.0005869201429309356,0.003080161991726503
2026-05-07 10:45:00,5.912012366238173e-05,0.0020478882330000133
2026-05-07 10:50:00,-9.716366593437442e-05,0.0027063981103097783
2026-05-07 10:55:00,-0.0006660147720882748,0.0016510929149546473
2026-05-07 11:00:00,0.0006894947503539584,0.0013633149100116806
2026-05-07 11:05:00,2.5354487428685957e-05,0.0014453039605727463
2026-05-07 11:10:00,0.0002302144912231796,0.001299348075392699
2026-05-07 11:15:00,-0.0007499950175819947,0.0017019779416583268
2026-05-07 11:20:00,-0.0008109666786602077,0.0009310086233729261
2026-05-07 11:25:00,-0.0006801902259940817,0.0009265954784909568
2026-05-07 11:30:00,-0.0011683243904112572,0.0013181405027581955
2026-05-07 11:35:00,0.00017102661405843378,0.0015616722654307727
2026-05-07 11:40:00,0.0002764509206443222,0.0012445592024490633
2026-05-07 11:45:00,-3.800539254683599e-05,0.0013732348766232053
2026-05-07 11:50:00,0.0006145068142835441,0.0018892496312927585
2026-05-07 11:55:00,0.0016610386787725417,0.001884211663453717
2026-05-07 12:00:00,0.0012424277958071883,0.0013004190320116842
2026-05-07 12:05:00,0.0001690134897920359,0.0012392565807791492
2026-05-07 12:10:00,-0.001060694199070511,0.0013541611951549517
2026-05-07 12:15:00,-0.00024307680395629916,0.0018123118646685124
2026-05-07 12:20:00,0.0001985786842872983,0.0012271716645624916
2026-05-07 12:25:00,6.339130822929917e-05,0.0007061069543902054
2026-05-07 12:30:00,0.0007543908757394746,0.0015000677733322345
2026-05-07 12:35:00,-0.00018791971871578994,0.000818365104156604
2026-05-07 12:40:00,-0.0004959778410142945,-0.001058164533850609
2026-05-07 12:45:00,6.756414373398911e-05,-0.003371928715850562
2026-05-07 12:50:00,0.0005719332872278216,-0.004493205043025911
2026-05-07 12:55:00,0.0014558930359349631,-0.004568738077470859
2026-05-07 13:00:00,0.0011396469594551206,-0.004920749850286241
2026-05-07 13:05:00,0.0014671038944946702,-0.00421814884533163
2026-05-07 13:10:00,0.0029215837853158177,-0.004122443855620983
2026-05-07 13:15:00,0.002474506678273869,-0.0031064154617550647
2026-05-07 13:20:00,0.00025555920611708416,-0.003272222960909984
2026-05-07 13:25:00,0.0012374383651785337,-0.0024708853675979507
2026-05-07 13:30:00,0.002733855930920015,-0.0022034145893289427
2026-05-07 13:35:00,0.0022484954473629415,-0.0033513337253695224
2026-05-07 13:40:00,0.003108986625228738,-0.0007998592551327167
2026-05-07 13:45:00,0.0033471494087358167,-0.0007498374176115332
2026-05-07 13:50:00,0.0017601760082470719,-0.00020186176805238565
2026-05-07 13:55:00,0.0012095212276790335,0.0005753145275880754
2026-05-07 14:00:00,-0.00043038066145406617,0.0003350182560426924
2026-05-07 14:05:00,0.00012655557916119164,-0.00025735704521552235
2026-05-07 14:10:00,-0.0022664405708283653,0.0008690199987147749
2026-05-07 14:15:00,-0.0002910489805358907,0.0006937419410120829
2026-05-07 14:20:00,0.0019009146356907536,0.0007617495627258298
2026-05-07 14:25:00,0.00129281682260185,-0.0005215492481575037
2026-05-07 14:30:00,0.0018268381846979764,0.00019334268537097955
2026-05-07 14:35:00,0.001284391869711854,0.0033442119686244707
2026-05-07 14:40:00,-0.0005325839392895659,0.0036799291560664486
2026-05-07 14:45:00,-0.00212755729337033,0.0036868399126786426
2026-05-07 14:50:00,-0.0007964384034586658,0.004307142303945393
2026-05-07 14:55:00,-0.0002632729049469873,0.0036120377918638633
2026-05-07 15:00:00,0.0014886665901574503,0.004493041469833922
2026-05-07 15:05:00,0.001435284421068772,0.004413000799547076
2026-05-07 15:10:00,0.003917662512980868,0.004248473050598794
2026-05-07 15:15:00,0.00221448099203414,0.004134385754525119
2026-05-07 15:20:00,0.0027636915480631075,0.003861168634550656
2026-05-07 15:25:00,0.0026857350237747823,0.003653578463709712
2026-05-07 15:30:00,-0.0014056117355583098,-0.00020777344361888974
2026-05-07 15:35:00,0.00029664944143448224,5.34688962188389e-05
2026-05-07 15:40:00,0.000538897462540433,-0.0004936883562477715
2026-05-07 15:45:00,0.0034544602845407724,-0.001245358344396428
2026-05-07 15:50:00,0.003547483347553282,-0.001123112275749638
2026-05-07 15:55:00,0.0032575956059783806,-0.0005309441128607356
2026-05-07 16:00:00,0.0028299394722122173,-0.0007580829304533391
2026-05-07 16:05:00,0.002290918010380949,-0.00025172922026092713
2026-05-07 16:10:00,0.0006206090793376973,-0.00015608102072601623
2026-05-07 16:15:00,0.0006669647565971104,0.0004462342862043617
2026-05-07 16:20:00,-0.002247418940450885,4.043528617629357e-05
2026-05-07 16:25:00,-0.0035101608452663413,0.0006563672952227085
2026-05-07 16:30:00,-0.0009543322242588914,-7.213526488759392e-06
2026-05-07 16:35:00,-0.0021479616318771377,-0.0006096873442105768
2026-05-07 16:40:00,-0.002667853961192179,3.95274152430027e-05
2026-05-07 16:45:00,-0.005077393590838142,-0.0007114523843452148
2026-05-07 16:50:00,-0.006046260585188534,-0.0006829805230509987
2026-05-07 16:55:00,-0.007045858645470915,-0.0007314310153661494
2026-05-07 17:00:00,-0.007535442896760003,-0.00018799441293391444
2026-05-07 17:05:00,-0.008760683647476952,-0.0005568997706958749
2026-05-07 17:10:00,-0.008365298255917253,-0.0004059239945198571
2026-05-07 17:15:00,-0.01013009402608489,0.0003988301062081729
2026-05-07 17:20:00,-0.006070914794953808,-0.0015132637870468072
2026-05-07 17:25:00,-0.004371730284200126,-0.0017911333312645556
2026-05-07 17:30:00,-0.0052598722512051665,-0.0016136456635418395
2026-05-07 17:35:00,-0.006681786653446764,-0.0010613233495359313
2026-05-07 17:40:00,-0.005894028556793884,8.595444369960304e-05
2026-05-07 17:45:00,-0.004205693295586954,-0.003213568560188307
2026-05-07 17:50:00,-0.0031492356121383125,8.760608544116585e-05
2026-05-07 17:55:00,-0.0029094902874291506,-0.0018177708441097019
2026-05-07 18:00:00,-0.0014490514851424052,-0.0021864017189944522
2026-05-07 18:05:00,-0.00018655727680538803,-0.00188098253893327
2026-05-07 18:10:00,-0.0001124073303486739,-0.0026638676179997238
2026-05-07 18:15:00,2.974540061906339e-05,-0.0019214277508607363
2026-05-07 18:20:00,-0.00043671640839804127,-0.002778651235117422
2026-05-07 18:25:00,-0.004586715931658603,-0.0013065733935233128
2026-05-07 18:30:00,-0.004174289840408463,-0.0006795941767897305
2026-05-07 18:35:00,-0.001811912168735219,-0.0018095606425716005
2026-05-07 18:40:00,-0.002441842774134173,-0.0008114261411572023
2026-05-07 18:45:00,-0.0032462456646360494,-0.0011832965427601122
2026-05-07 18:50:00,-0.0024916974041016005,-0.0008938977505731676
2026-05-07 18:55:00,-0.0006639733212114862,-0.003317087400100983
2026-05-07 19:00:00,-0.0019268442013888887,-0.0008261173576581544
2026-05-07 19:05:00,-0.002016189618990083,-5.612368386349631e-05
2026-05-07 19:10:00,-0.0013371312677818992,-0.0012764911303869589
2026-05-07 19:15:00,0.0004205902344871504,-0.0016676753699612118
2026-05-07 19:20:00,-0.002001581981163625,-0.0016635389725183597
2026-05-07 19:25:00,0.0031131919185156676,-0.001833955887525343
2026-05-07 19:30:00,0.00294250018709441,0.0010663244052214747
2026-05-07 19:35:00,0.002041087943313258,-0.00208311267385335
2026-05-07 19:40:00,0.001345982509812771,-0.0009300445424263766
2026-05-07 19:45:00,0.0002595772310023392,-0.000826726797015316
2026-05-07 19:50:00,-0.0005314027243592534,-0.0013259523310547867
2026-05-07 19:55:00,-0.00040538891890840034,-0.0019464455981203562
2026-05-07 20:00:00,-0.0004036644286227187,-0.001912471510221074
2026-05-07 20:05:00,0.0005967911503734769,-0.0009262972345119296
2026-05-07 20:10:00,0.0003673586002701512,-0.001096100368368496
2026-05-07 20:15:00,-0.0013941490511992782,0.00028106890361022304
2026-05-07 20:20:00,-0.0013522192485204698,-0.0014591372876928026
2026-05-07 20:25:00,-0.0016457029112242338,-0.0011980747066702637
2026-05-07 20:30:00,-0.0012651700008259326,-0.001541846908997029
2026-05-07 20:35:00,-0.00039260169153187974,-0.001994768402524514
2026-05-07 20:40:00,0.0007922828247988178,-0.0009038208892599841
2026-05-07 20:45:00,0.0019043414525281577,-0.0014574785090568007
2026-05-07 20:50:00,0.0005547779595733715,-0.000785639437341334
2026-05-07 20:55:00,-0.0015806753028222431,-0.002006288941736238
2026-05-07 21:00:00,0.0022435835413627814,-0.0012659516679250867
2026-05-07 21:05:00,0.00029507824563879126,-0.0006325203382370561
2026-05-07 21:10:00,0.0003905686219258797,0.00039091604188062933
2026-05-07 21:15:00,0.002079883987391895,-0.0003050980389451672
2026-05-07 21:20:00,0.0027514132948613934,-0.0016362487937950654
2026-05-07 21:25:00,0.0016626766973324436,-0.00041340325074296725
2026-05-07 21:30:00,0.001152728091273758,-2.643442974585871e-05
2026-05-07 21:35:00,-0.002750407705667257,0.000658603448967657
2026-05-07 21:40:00,-0.0012556236478875604,-0.0013699190673948445
2026-05-07 21:45:00,-0.0015874081728384226,-0.0007812732611036496
2026-05-07 21:50:00,-0.002333842504912198,-0.0010894769264711323
2026-05-07 21:55:00,-0.003704390386957357,-0.0010494798665596037
2026-05-07 22:00:00,-0.006788600587348981,-1.2904113324314443e-05
