timestamp,y_true,y_pred
2026-04-02 00:05:00,0.001964666040617402,-0.00014339802263285434
2026-04-02 00:10:00,0.002683258735819649,0.0003403871519606313
2026-04-02 00:15:00,0.003023221548943411,0.0004184277521907785
2026-04-02 00:20:00,0.0012154871303149406,0.0009635002992426228
2026-04-02 00:25:00,0.0006995262775149058,0.00020033010614434806
2026-04-02 00:30:00,0.0007345071128543879,0.0008257471729266087
2026-04-02 00:35:00,0.0009148317462877031,0.0008771937758293901
2026-04-02 00:40:00,7.118182772813952e-05,0.001132843617854985
2026-04-02 00:45:00,-0.0002719767706764742,0.0005858083680276521
2026-04-02 00:50:00,0.0018250679013327442,0.0002964621680963382
2026-04-02 00:55:00,0.003066470769880425,0.0008833683026349642
2026-04-02 01:00:00,0.003546621480765566,0.0010080279247101475
2026-04-02 01:05:00,0.001120983911132356,0.0013896919189592901
2026-04-02 01:10:00,0.0008094666307538745,0.0010222053842130993
2026-04-02 01:15:00,-0.0006569925620727446,0.0010456154486713882
2026-04-02 01:20:00,-0.0002691719847867091,0.0006410981582139893
2026-04-02 01:25:00,-0.0011330192834204666,0.0006132990815150084
2026-04-02 01:30:00,-0.0018397885987493368,-4.939521276715796e-06
2026-04-02 01:35:00,-0.0013114235626119353,-0.00048606576790032475
2026-04-02 01:40:00,-0.001426967414579039,-0.0007468046783250235
2026-04-02 01:45:00,-0.0004725008764356886,-0.0006439858091748913
2026-04-02 01:50:00,0.000989991559411152,-0.0008863352855072253
2026-04-02 01:55:00,0.0020447577069528933,-0.0005343019597695362
2026-04-02 02:00:00,0.0029046447721849944,6.683972547829216e-06
2026-04-02 02:05:00,0.0008138157135793023,-0.0001613829846306845
2026-04-02 02:10:00,-0.0005969127682803332,0.00015902268968542808
2026-04-02 02:15:00,-0.0011433102995841438,5.530286467042024e-05
2026-04-02 02:20:00,-0.0004840362036730994,-3.339112840791698e-05
2026-04-02 02:25:00,-0.00038630477003032127,-0.00040766099832000724
2026-04-02 02:30:00,-0.00048651183465153736,3.888591377715241e-06
2026-04-02 02:35:00,-0.0007432011014127937,3.836073719354792e-05
2026-04-02 02:40:00,-0.00043659958558528444,1.0013858655676128e-06
2026-04-02 02:45:00,-0.009544087606229823,0.0005930963835862496
2026-04-02 02:50:00,-0.008681544118104512,-0.0005752922760374294
2026-04-02 02:55:00,-0.0074978198708191,-5.233008879054048e-05
2026-04-02 03:00:00,-0.0032820984185040203,-0.0003171422293585452
2026-04-02 03:05:00,-0.006861605253291714,-0.0002494252020485007
2026-04-02 03:10:00,-0.011773810410655727,7.789433530335286e-05
2026-04-02 03:15:00,-0.010075957263786961,-0.0023975394644873797
2026-04-02 03:20:00,-0.0035826414267692286,-0.0012002612581318269
2026-04-02 03:25:00,-0.0009973872692405905,-0.0009046220031658822
2026-04-02 03:30:00,0.0034643594231784647,-0.0025185841743963462
2026-04-02 03:35:00,0.0007703095024691464,-0.0012443243263301972
2026-04-02 03:40:00,0.0011337048211874645,1.0242720565697092e-06
2026-04-02 03:45:00,0.0006492974510621252,9.203782119171753e-06
2026-04-02 03:50:00,-0.002169874949704109,-0.00045197245514114025
2026-04-02 03:55:00,-0.001157159654109563,0.000997848169934949
2026-04-02 04:00:00,-0.0017018416581411344,0.00019777191122575006
2026-04-02 04:05:00,0.0015613371026379497,9.159087678626952e-05
2026-04-02 04:10:00,-0.00018765847066504193,0.00011681801564564166
2026-04-02 04:15:00,-0.004403274633846266,-0.0010016640144105166
2026-04-02 04:20:00,-0.008208793187151286,-0.0006263415720937934
2026-04-02 04:25:00,-0.0025988489582076113,-0.0002417689769704387
2026-04-02 04:30:00,0.0013565910140442838,-0.0016380303164692982
2026-04-02 04:35:00,0.004438680053699073,-0.0008581129998459057
2026-04-02 04:40:00,0.0021764885974864256,-0.0021876443184869142
2026-04-02 04:45:00,0.0007438456735027188,1.6032090382589188e-06
2026-04-02 04:50:00,0.0004485521452988195,0.0010666032407575482
2026-04-02 04:55:00,0.0006761174057068331,0.001384600229605882
2026-04-02 05:00:00,0.0021322811632700223,0.0008153630291223761
2026-04-02 05:05:00,0.0031661755521401602,0.00122424396555058
2026-04-02 05:10:00,0.0003773178713295522,0.0016213832326229737
2026-04-02 05:15:00,0.00020466464915891436,0.0007364348830194049
2026-04-02 05:20:00,-0.002335817265684881,0.0009865679659339915
2026-04-02 05:25:00,-0.0012326723676441276,0.0008999922520729782
2026-04-02 05:30:00,-0.0027558253158979085,0.0006712660246475059
2026-04-02 05:35:00,-0.001941426778465427,0.0005492773902710362
2026-04-02 05:40:00,-0.0018475864356481964,-0.0009067051404190164
2026-04-02 05:45:00,-0.00022447193072849814,-0.0002488452526230342
2026-04-02 05:50:00,-0.0013948555206155788,-0.0007347911960682739
2026-04-02 05:55:00,-0.0019752427056669575,-0.0005758243112690718
2026-04-02 06:00:00,-0.001908977479390117,-0.0009272951117424002
2026-04-02 06:05:00,-0.0009702718486011008,-0.0007770857545446369
2026-04-02 06:10:00,-0.0004092323736362147,-0.0009553610845840988
2026-04-02 06:15:00,-0.00029994644038566776,-0.0010948561727267768
2026-04-02 06:20:00,-0.00028719250239106486,-0.0010891987772427031
2026-04-02 06:25:00,-0.0009669677312409419,-0.0010848920932580424
2026-04-02 06:30:00,-0.00025073855493751296,-0.0012769993605209226
2026-04-02 06:35:00,0.0002936212414255124,-0.0008179379149550035
2026-04-02 06:40:00,0.002423158081329646,-0.0008837604762514735
2026-04-02 06:45:00,0.00150776936566821,-0.00040549851127669325
2026-04-02 06:50:00,0.0004391992932006872,-9.560611112133397e-05
2026-04-02 06:55:00,-0.000511566442552791,-0.0004531840427382419
2026-04-02 07:00:00,-0.00010058994943662469,-0.0002970272158552734
2026-04-02 07:05:00,0.0011474347745661362,0.0002176115769773934
2026-04-02 07:10:00,0.0014761950230877119,-0.00034343757987223257
2026-04-02 07:15:00,-0.004853159889568914,9.40742206163858e-05
2026-04-02 07:20:00,-0.005838615065069774,-2.6927611667048427e-05
2026-04-02 07:25:00,-0.009245991378856289,-0.0013651625833789633
2026-04-02 07:30:00,-0.012763980093454919,-0.0012005705672885616
2026-04-02 07:35:00,-0.009175209323014855,-0.003431894118864665
2026-04-02 07:40:00,-0.008787945522868768,-0.005094719494942391
2026-04-02 07:45:00,-0.001163921194009987,-0.006514499687399738
2026-04-02 07:50:00,-0.00794798011813036,-0.006389678258340275
2026-04-02 07:55:00,-0.002766102749268029,-0.0058227727898331775
2026-04-02 08:00:00,0.0011857045541372457,-0.005686644678447567
2026-04-02 08:05:00,0.004220623060906092,-0.004682627647524968
2026-04-02 08:10:00,0.001884135011312793,-0.0035949074592268432
2026-04-02 08:15:00,0.00033540383807384444,-0.0023314934622870338
2026-04-02 08:20:00,0.0016053588004059094,-0.0010916712696695747
2026-04-02 08:25:00,-0.00043364709869031515,-0.0010512734081883374
2026-04-02 08:30:00,0.0015166238558155243,-0.0008026544761158531
2026-04-02 08:35:00,0.0009115324709210171,5.215209566889243e-05
2026-04-02 08:40:00,0.002375124798229322,5.257925601848709e-05
2026-04-02 08:45:00,0.0008801966123250793,3.926331154141805e-05
2026-04-02 08:50:00,0.002050627745589395,0.0008613452643404326
2026-04-02 08:55:00,0.0047636904925330015,0.0006937189124830948
2026-04-02 09:00:00,0.004428329860440172,0.0010990731568807583
2026-04-02 09:05:00,0.0021893515261126595,0.0015207656167086252
2026-04-02 09:10:00,8.656359826275661e-06,0.002195370205352949
2026-04-02 09:15:00,0.0017416750842098594,-0.0005266745794760289
2026-04-02 09:20:00,0.0035297040508037725,-0.00010200990188164529
2026-04-02 09:25:00,0.0035600602715977203,-5.323729709604323e-05
2026-04-02 09:30:00,0.003627022353745346,0.0012107260603865509
2026-04-02 09:35:00,0.002331882531573015,0.0009572668203310393
2026-04-02 09:40:00,0.001458811467639265,0.0013187792886031377
2026-04-02 09:45:00,-0.0016103860440086493,0.0009711540421584045
2026-04-02 09:50:00,-0.0027203393271140186,0.0012919570077070638
2026-04-02 09:55:00,-0.0006698840015761931,0.0006955564023404363
2026-04-02 10:00:00,0.00021544248738436522,-0.00016246061072925632
2026-04-02 10:05:00,0.0008198985511267409,0.00040307347296218883
2026-04-02 10:10:00,-0.0014878420198556341,0.0001289767536283861
2026-04-02 10:15:00,-0.0008275523672836016,-0.0006470762183386832
2026-04-02 10:20:00,0.0006899198673053775,0.0008953228827271915
2026-04-02 10:25:00,-0.0006907657844816839,-0.0001599422703246394
2026-04-02 10:30:00,-0.002251215322269573,0.00015989167053116304
2026-04-02 10:35:00,-0.002764701232139899,-0.0005483345246229588
2026-04-02 10:40:00,-0.0023240414605663062,-0.0008708859074962009
2026-04-02 10:45:00,-0.002091713836721354,-0.0007479921175521124
2026-04-02 10:50:00,-0.002089923697489837,-0.0007868652526661578
2026-04-02 10:55:00,0.0006274829054522257,-0.001364397709713351
2026-04-02 11:00:00,0.0015859505015622943,-0.0010007798311888803
2026-04-02 11:05:00,0.002038053002475948,-0.0006550386503871376
2026-04-02 11:10:00,-0.0007162277823873353,0.0003187399699512469
2026-04-02 11:15:00,-0.0007396530023893177,0.0008253174629361874
2026-04-02 11:20:00,-0.0008930299931506624,0.0003420355955379025
2026-04-02 11:25:00,0.000374406607781097,0.000197008596589788
2026-04-02 11:30:00,-0.0003851821764531138,-3.607447069144336e-05
2026-04-02 11:35:00,0.0006703877038134465,0.0005346247362254759
2026-04-02 11:40:00,0.00016227145453484582,0.0008543998923954997
2026-04-02 11:45:00,0.0017861665537264315,-0.0006833704717046116
2026-04-02 11:50:00,0.0011148754914245274,7.683904451137117e-05
2026-04-02 11:55:00,0.0006596327706827054,0.0008940461601586155
2026-04-02 12:00:00,-0.0029772745331211325,0.0008398141172430672
2026-04-02 12:05:00,-0.003224870831543214,0.00011023451875531049
2026-04-02 12:10:00,-0.001471253491867941,-0.00012865637674587703
2026-04-02 12:15:00,-6.717743187678593e-05,0.0001493143981171079
2026-04-02 12:20:00,-0.0001798259159979665,0.00018725759155424648
2026-04-02 12:25:00,0.0014907114577979996,-5.798400221606272e-05
2026-04-02 12:30:00,0.0030746984958316403,0.00015996431770601307
2026-04-02 12:35:00,0.0011434017443896494,0.0001514595225100459
2026-04-02 12:40:00,-0.0009149339257863431,9.097859338334685e-05
2026-04-02 12:45:00,-0.000484054309971782,0.0003405080278285517
2026-04-02 12:50:00,0.001202625155221071,-0.0004294499716064001
2026-04-02 12:55:00,0.0015417102628063617,0.00046507509595915286
2026-04-02 13:00:00,-0.0004237398128044134,0.000414260514803281
2026-04-02 13:05:00,-0.00011241444623877328,0.00013177521360067894
2026-04-02 13:10:00,-0.003022951397692708,0.00011524717079407928
2026-04-02 13:15:00,-0.0022080798684402936,-0.000528871072809237
2026-04-02 13:20:00,-0.0036668754530850833,-0.0004275782034600485
2026-04-02 13:25:00,-0.003149506355811127,-0.0011932289297837562
2026-04-02 13:30:00,-0.002067454394978796,1.945793434174473e-05
2026-04-02 13:35:00,-0.001565708487921924,-0.0007189005174928779
2026-04-02 13:40:00,0.00036733820415157936,-0.00029480502110068406
2026-04-02 13:45:00,0.0005774950769463771,-0.00026673692859539264
2026-04-02 13:50:00,0.0004953851068609794,-0.0004591581176972108
2026-04-02 13:55:00,0.002710649252760433,-0.0005335349095726291
2026-04-02 14:00:00,0.001201683368762474,-0.0008438881738211261
2026-04-02 14:05:00,0.0052127120731810805,-0.0009529830229341878
2026-04-02 14:10:00,0.0026017274378755673,0.0011206974638432912
2026-04-02 14:15:00,0.0019815731073666853,0.0007603516232128785
2026-04-02 14:20:00,-0.0013904313333394924,-0.0001042446837736038
2026-04-02 14:25:00,-0.0015792767600277813,0.0008329790732554132
2026-04-02 14:30:00,-0.0005994717470159117,0.0008114601853362788
2026-04-02 14:35:00,-3.0295292546611563e-05,0.0008784948883097185
2026-04-02 14:40:00,-0.003998265443257765,8.650588621387359e-05
2026-04-02 14:45:00,-0.005603033906451671,7.71906165564968e-06
2026-04-02 14:50:00,-0.004454727114216794,-5.7527717100662976e-05
2026-04-02 14:55:00,-0.0025291232509232486,-0.0015876220061848678
2026-04-02 15:00:00,-0.0006489476605402444,-0.000642439032917141
2026-04-02 15:05:00,-0.0037587643395191606,-0.0008054277741267693
2026-04-02 15:10:00,0.002020330253463598,-0.0021444972696392883
2026-04-02 15:15:00,0.0019521033740694804,-0.0010746603534373704
2026-04-02 15:20:00,0.0011796735569742367,-0.0004159116304020537
2026-04-02 15:25:00,0.0007565727616416495,-0.0003468198074476106
2026-04-02 15:30:00,0.00754398529462641,2.810566002679891e-06
2026-04-02 15:35:00,0.010240022180328268,-0.0014823849030596165
2026-04-02 15:40:00,0.009654576208443899,0.0002116403859509491
2026-04-02 15:45:00,0.0018345998507918182,-0.00015672504214047568
2026-04-02 15:50:00,0.0026668750484564185,0.00043210083881947047
2026-04-02 15:55:00,0.0004110156555832134,0.0007555269277249866
2026-04-02 16:00:00,0.003706343501859166,0.0005306696099198161
2026-04-02 16:05:00,0.0057339815747106115,0.0005132530380730953
2026-04-02 16:10:00,0.003803016715190566,0.00014261472742028964
2026-04-02 16:15:00,0.0020600597006819044,0.0014638958596205752
2026-04-02 16:20:00,0.0025635233412195646,0.002331172749147685
2026-04-02 16:25:00,0.005729756148975085,2.0801616546750817e-05
2026-04-02 16:30:00,0.0023677863928099896,0.001768115081144894
2026-04-02 16:35:00,-0.0005506032232016622,0.0002722651036269712
2026-04-02 16:40:00,-0.002152554829006448,0.0027696863119274513
2026-04-02 16:45:00,-2.5637026704217192e-05,0.0009905187415928597
2026-04-02 16:50:00,-0.002939540619831149,0.0005000648773669088
2026-04-02 16:55:00,-0.001996691372978532,0.0009435803668889444
2026-04-02 17:00:00,-0.001729880419626184,0.0004237673114393344
2026-04-02 17:05:00,-0.001744288648382053,0.001058308510527585
2026-04-02 17:10:00,0.00015192284060638883,0.0018676876165874695
2026-04-02 17:15:00,0.0003851519686079996,0.0014776246444589058
2026-04-02 17:20:00,0.001453071207539125,0.002403266429150232
2026-04-02 17:25:00,-0.0016167009766512308,0.00022134663691895416
2026-04-02 17:30:00,-0.00322701888192789,0.0015511802171151547
2026-04-02 17:35:00,-0.0016353899376468917,0.0018388302425348794
2026-04-02 17:40:00,-0.0010613766084812681,0.00025187405336508256
2026-04-02 17:45:00,0.0005342699992869626,0.0009261605068371944
2026-04-02 17:50:00,-0.000740340998383715,0.0012060990713766851
2026-04-02 17:55:00,-0.0013911432802320434,0.00025424642384906556
2026-04-02 18:00:00,-0.0032249740851177933,-0.001101234513119266
2026-04-02 18:05:00,-0.0013576422077896666,0.0008743845971685966
2026-04-02 18:10:00,-0.0008510968056008039,0.0006446374695282143
2026-04-02 18:15:00,0.002626314934950358,0.0011233693986396288
2026-04-02 18:20:00,0.0025290597568154993,0.0012904001622280879
2026-04-02 18:25:00,0.0016177530944609941,-0.00040639020466373167
2026-04-02 18:30:00,0.0004163099122571623,0.0010496811060961993
2026-04-02 18:35:00,0.0001264996372860594,0.000367724664300265
2026-04-02 18:40:00,0.0003519925173538496,0.00022531362532347593
2026-04-02 18:45:00,0.0003732439879193805,0.00022975371821997944
2026-04-02 18:50:00,-0.0003066284298594013,0.0005016099569669794
2026-04-02 18:55:00,0.0009523340409138825,0.0016070738720845132
2026-04-02 19:00:00,0.0,0.0001371532169402199
2026-04-02 19:05:00,0.00026589300536450367,-0.0002661169572922785
2026-04-02 19:10:00,-0.002795228894626689,-9.6064897868078e-05
2026-04-02 19:15:00,-0.002327539871718187,-0.00012275671399952103
2026-04-02 19:20:00,-0.002251602990783752,0.00042006998979755123
2026-04-02 19:25:00,0.0014157659369242737,0.0015753855981091413
2026-04-02 19:30:00,-0.000898969256867943,0.0008937430257555007
2026-04-02 19:35:00,-0.0006900176647448575,-0.0002431678020006313
2026-04-02 19:40:00,-0.0018049693113493248,0.0003076606115152852
2026-04-02 19:45:00,0.0012063259381154268,0.002477857142590807
2026-04-02 19:50:00,0.0011733912349125575,0.0008945499390240484
2026-04-02 19:55:00,0.0010382553944427997,0.00040582075363260515
2026-04-02 20:00:00,0.00016546063095468355,0.0012345163768966276
2026-04-02 20:05:00,-0.0008422953043680792,0.0008882784691320782
2026-04-02 20:10:00,-0.000498571988433838,0.00018299518871759006
2026-04-02 20:15:00,0.0010737541190053435,-0.000604652387054794
2026-04-02 20:20:00,0.0007413432404028697,-0.0005149490162875324
2026-04-02 20:25:00,0.0022330400297185804,9.489911096981966e-05
2026-04-02 20:30:00,0.0020712331237344728,0.000774746520267498
2026-04-02 20:35:00,0.0027649777315641444,-0.000181523219393092
2026-04-02 20:40:00,0.0013888385071680887,-0.0001003292706806006
2026-04-02 20:45:00,0.0007515295907172259,0.0011116781903952931
2026-04-02 20:50:00,0.0023727646124616086,-0.001465193247357036
2026-04-02 20:55:00,0.0012329058966766837,0.00015331681133020294
2026-04-02 21:00:00,-0.0005480683938134945,3.027065680197813e-05
2026-04-02 21:05:00,-0.001355787430346922,0.0007317156900132579
2026-04-02 21:10:00,-0.002057831994729753,0.001235858707771941
2026-04-02 21:15:00,-0.0012406856432356506,0.0010406790144721998
2026-04-02 21:20:00,-0.0018055785057473628,-0.00015231384885412203
2026-04-02 21:25:00,0.0004371884566172213,-0.00014469654224208252
2026-04-02 21:30:00,0.001328482425861921,-2.515596263181492e-05
2026-04-02 21:35:00,0.00221849708642452,0.0003761710567671645
2026-04-02 21:40:00,0.001177742938519799,0.0003639474486945632
2026-04-02 21:45:00,0.0010829066612618732,0.00048567639322212255
2026-04-02 21:50:00,-0.00016471909548698704,0.0013961549175387422
2026-04-02 21:55:00,0.0001326767973779397,0.0009215512297561636
2026-04-02 22:00:00,-0.0015412479450596095,-0.0002926876202432426
2026-04-02 22:05:00,-0.001631541783160273,0.00041724730366933196
2026-04-02 22:10:00,-0.001117603221636898,-0.00035606724208146084
2026-04-02 22:15:00,0.0008993499591198884,-0.0006592244301626236
2026-04-02 22:20:00,0.001070865704418722,-0.00016217569584889944
2026-04-02 22:25:00,0.00021633871444137753,0.0001461464178292163
2026-04-02 22:30:00,-0.000220480026580816,0.00019869173497472388
2026-04-02 22:35:00,0.00014126863538699297,7.986493617083312e-05
2026-04-02 22:40:00,0.0016370871215922733,7.338307364728708e-05
2026-04-02 22:45:00,-0.0073571611551752625,-0.00037970112394436587
2026-04-02 22:50:00,-0.008164170261267145,-0.0011577658776684462
2026-04-02 22:55:00,-0.00948729692092698,-0.002369622092034713
2026-04-06 00:00:00,0.000478656665700683,-0.0018913121452911452
2026-04-06 00:05:00,0.0016407602059125281,-0.0015165381108707238
2026-04-06 00:10:00,0.0005783415570128625,-0.0004116996452533322
2026-04-06 00:15:00,-0.0008647674670392291,-0.0012721049207928031
2026-04-06 00:20:00,2.8005381343731983e-05,-0.0012986062424827664
2026-04-06 00:25:00,0.0014745513267406807,-0.0005717020577906519
2026-04-06 00:30:00,0.0016770968175130463,-0.0002659602212126616
2026-04-06 00:35:00,-0.0004503354428688766,-0.001018863374935664
2026-04-06 00:40:00,0.00106360313088949,-0.0010562751772677517
2026-04-06 00:45:00,-0.0010343803045334,-0.0013737014014159451
2026-04-06 00:50:00,-0.0018703065786098705,-0.0001817198126371351
2026-04-06 00:55:00,-0.0030819587705384066,-0.0007958508414776588
2026-04-06 01:00:00,-0.0027354836266546556,-9.414547079796771e-05
2026-04-06 01:05:00,-0.0026593920264073034,-0.0010349866801030098
2026-04-06 01:10:00,-0.004892408364629119,-0.002447621660611639
2026-04-06 01:15:00,-0.002140487285547721,-0.00239916713841095
2026-04-06 01:20:00,-0.0009942221139880303,-0.0012890255153921704
2026-04-06 01:25:00,-0.0004122190460176256,-0.0007111644097319762
2026-04-06 01:30:00,-0.0004984450784224492,-0.0004367425280866167
2026-04-06 01:35:00,0.0006369357971767187,-0.00013948601792182114
2026-04-06 01:40:00,0.0007743976300425004,-0.000543440070166352
2026-04-06 01:45:00,0.0024313607564270256,-0.0004913409563720864
2026-04-06 01:50:00,0.0012034373002798304,0.0003987599632044038
2026-04-06 01:55:00,0.00320184547273783,-0.0011408192040666563
2026-04-06 02:00:00,-0.0021409321120522407,-0.0003479750039810096
2026-04-06 02:05:00,-0.0012814076455978096,-0.00046779411055259074
2026-04-06 02:10:00,-0.004996673508962601,-0.0014691635732310205
2026-04-06 02:15:00,-0.0011123218423634285,0.00044647245308379694
2026-04-06 02:20:00,-0.001391493044897274,-4.519175426091968e-05
2026-04-06 02:25:00,0.0033439915270943033,0.00016085423825939606
2026-04-06 02:30:00,0.0018207005621349026,-0.00035349621403136486
2026-04-06 02:35:00,0.0024587255398351715,0.0004470782346018866
2026-04-06 02:40:00,0.0008591298214746246,0.00020147535955793803
2026-04-06 02:45:00,0.0029170394915105646,0.0008658609778560518
2026-04-06 02:50:00,0.003647688283390238,-0.0006927353254467225
2026-04-06 02:55:00,0.004146754651543461,6.32199824529098e-05
2026-04-06 03:00:00,-0.0013828571162868286,-0.00017455134181104982
2026-04-06 03:05:00,-0.0012597448525877297,-0.0007486470475562136
2026-04-06 03:10:00,-0.0001680397094716568,0.00056596273522944
2026-04-06 03:15:00,0.0008623494259669684,-0.0009420861981734908
2026-04-06 03:20:00,0.000388446735888337,0.0005036603988197071
2026-04-06 03:25:00,-0.0029020581812826407,0.0003836532356636629
2026-04-06 03:30:00,-0.0010829190587475779,7.61095743502046e-05
2026-04-06 03:35:00,-0.0018399825512105394,-0.00046446207138129124
2026-04-06 03:40:00,-0.00038253439223545627,-0.00012716398563155024
2026-04-06 03:45:00,0.001288130789371067,-0.001318577494838686
2026-04-06 03:50:00,0.0013198612929645748,-0.0001451249549955487
2026-04-06 03:55:00,0.002243409713083011,0.0003883192315150923
2026-04-06 04:00:00,0.0072610832697321825,2.4543152781246955e-05
2026-04-06 04:05:00,0.007049289040466533,0.0013061838506773474
2026-04-06 04:10:00,0.005340997928685809,0.0011724930768256443
2026-04-06 04:15:00,-0.0019295640215428733,-0.0003135559086480994
2026-04-06 04:20:00,-0.0029281214838210445,-0.0025216011477438055
2026-04-06 04:25:00,-0.0021841455243798436,-0.004314495144321855
2026-04-06 04:30:00,-0.00037819288717599875,-0.0042365047961377845
2026-04-06 04:35:00,-0.00022361071188470305,-0.003285142510671883
2026-04-06 04:40:00,-0.000679625457916444,-0.0024258645706874446
2026-04-06 04:45:00,-0.0039020069880155717,-0.0011455254989723588
2026-04-06 04:50:00,-0.004379071964029535,-0.0017737452889388106
2026-04-06 04:55:00,-0.003109363448510649,-0.0010850771849360307
2026-04-06 05:00:00,-0.0017275972776804593,-0.0015221147264121758
2026-04-06 05:05:00,0.0003476642289594878,-0.0009943506815312296
2026-04-06 05:10:00,-0.0006174198953523558,-0.0010105716586107667
2026-04-06 05:15:00,0.0010541893116311485,-0.001170311564249252
2026-04-06 05:20:00,-0.0005269420852780371,-0.0005330910925287637
2026-04-06 05:25:00,0.00044475342826189035,-0.0009208340063161191
2026-04-06 05:30:00,0.0007014567925853754,-0.0008404136130553268
2026-04-06 05:35:00,0.0013535088053000521,-0.0006340480319924233
2026-04-06 05:40:00,0.0017339436672028086,0.00032264421411926943
2026-04-06 05:45:00,0.002921395901440249,0.0011468330624594828
2026-04-06 05:50:00,0.0023873764862063496,0.0007943095981492201
2026-04-06 05:55:00,0.0005923883655842843,0.0006213472733569567
2026-04-06 06:00:00,-0.0009943846074200735,3.246674140305914e-05
2026-04-06 06:05:00,-0.0009581442449331234,-0.0006304084965690719
2026-04-06 06:10:00,0.0006953392103774547,0.0007953555852965058
2026-04-06 06:15:00,0.0010331068591682424,-0.00038052139890008016
2026-04-06 06:20:00,0.0013777160941597089,0.0002339706205414736
2026-04-06 06:25:00,0.0004754799801709453,0.0006150367877835418
2026-04-06 06:30:00,0.000769831255750475,0.0004794245884473851
2026-04-06 06:35:00,0.0016464624130367866,-0.00033869316778615833
2026-04-06 06:40:00,0.0022409610914913003,5.816207753028047e-05
2026-04-06 06:45:00,0.0023767132049190565,0.0005361167919319424
2026-04-06 06:50:00,0.003149946585265795,0.0007674568136672584
2026-04-06 06:55:00,0.0030600395454012386,0.0007617411977421569
2026-04-06 07:00:00,0.003034058916833615,0.0008598379535021634
2026-04-06 07:05:00,0.0005136854474585562,0.001821063283324197
2026-04-06 07:10:00,-0.0012867328079817497,0.0014229533499651172
2026-04-06 07:15:00,-0.0021166610898291083,0.0013304414638071749
2026-04-06 07:20:00,-0.0016061439516512621,0.0005698301257526094
2026-04-06 07:25:00,-0.0012733748507720577,0.0004012629561148782
2026-04-06 07:30:00,-0.0016446261218483471,4.858764452046876e-05
2026-04-06 07:35:00,0.000304294628119095,0.0005820304739740435
2026-04-06 07:40:00,-0.0019797352075752173,2.6492956632905886e-05
2026-04-06 07:45:00,-0.001333552568549834,0.00023361091820525628
2026-04-06 07:50:00,-0.0019666912854816587,-0.0001638450967180794
2026-04-06 07:55:00,0.0018102584077936967,0.00026189137519781974
2026-04-06 08:00:00,0.0011060510705647175,-1.2804404522590377e-05
2026-04-06 08:05:00,-0.0005926956874500178,-0.00018516769283793814
2026-04-06 08:10:00,-0.0008606988504098467,0.000101338701769153
2026-04-06 08:15:00,-0.00010303657378152309,-0.00013811294109591262
2026-04-06 08:20:00,-8.163054877385889e-05,-0.00041475143772096824
2026-04-06 08:25:00,-0.00026844917076296326,8.674391017312746e-05
2026-04-06 08:30:00,-0.00037359660160873887,0.000539222804872045
2026-04-06 08:35:00,0.0017192774685774737,-0.0007381283584794085
2026-04-06 08:40:00,0.002192729259164139,0.0002541110496542915
2026-04-06 08:45:00,0.0004959513511124669,0.000513661463138703
2026-04-06 08:50:00,-0.0012811284264628853,0.00028309208856452223
2026-04-06 08:55:00,-0.0028824370631213014,-0.0006121626667286072
2026-04-06 09:00:00,-0.0019401190567673865,3.2902893776095924e-05
2026-04-06 09:05:00,-0.0024875394047150223,-0.00054371632080636
2026-04-06 09:10:00,-0.00037405921320399216,-0.000758465145235223
2026-04-06 09:15:00,0.0007932609782255184,-0.0008484964560863251
2026-04-06 09:20:00,0.002506865088657051,-0.0012313865772412122
2026-04-06 09:25:00,0.002898521637256124,0.0004703858642752086
2026-04-06 09:30:00,0.004006121762554216,0.0008398973292564844
2026-04-06 09:35:00,0.005159458491434066,0.0005362647591617656
2026-04-06 09:40:00,0.004507118575991953,0.0014239943694175498
2026-04-06 09:45:00,0.004448366962675365,0.00247320821240307
2026-04-06 09:50:00,0.0007388615888963557,0.0026428644139193797
2026-04-06 09:55:00,0.0009535787120960038,0.0013642522807894514
2026-04-06 10:00:00,-0.0013411816134158983,0.002022685678738364
2026-04-06 10:05:00,0.001540030422413352,0.0013884620608899678
2026-04-06 10:10:00,0.00026436639630667,0.001210344291400365
2026-04-06 10:15:00,0.001635190857651736,0.0011991406987685604
2026-04-06 10:20:00,-0.0003005675633485083,0.0014373260536864455
2026-04-06 10:25:00,0.0004305117828522498,0.001111283420289546
2026-04-06 10:30:00,0.0005132437221675445,0.0011398180875200998
2026-04-06 10:35:00,0.0008140945353307671,0.001038518048526596
2026-04-06 10:40:00,0.000813629834810925,0.0011174620844293616
2026-04-06 10:45:00,0.00043424120226376317,0.0012035421978542603
2026-04-06 10:50:00,0.000998598000407469,0.0008521460552540133
2026-04-06 10:55:00,0.0010129169040027364,0.0010941367062670313
2026-04-06 11:00:00,0.0003106647399224727,0.0005333881442406502
2026-04-06 11:05:00,0.0006658873407268118,0.00034033440073748413
2026-04-06 11:10:00,0.0002403107463422316,0.0006044933286245844
2026-04-06 11:15:00,0.0007464773952392534,-6.26592009815375e-05
2026-04-06 11:20:00,0.00014673342709592418,-0.0011529660376251888
2026-04-06 11:25:00,0.00017434863818444057,0.00045352740561229956
2026-04-06 11:30:00,-0.0006677626160733752,0.0005171526526000134
2026-04-06 11:35:00,-0.0017750048290547937,-0.0004989385390810428
2026-04-06 11:40:00,-0.0020792793650166175,-0.0013091300432011516
2026-04-06 11:45:00,-0.0007150427414988059,-0.0009214702140450831
2026-04-06 11:50:00,-0.0003600674579455898,0.00038418694555915887
2026-04-06 11:55:00,-0.001494556660391666,-0.0005953118537053358
2026-04-06 12:00:00,-0.001452940542311154,-0.0005112910932095512
2026-04-06 12:05:00,-0.0006714778840475333,0.0001016465981347235
2026-04-06 12:10:00,0.0006633386224184079,0.0002639635688297131
2026-04-06 12:15:00,-0.0001172646632809915,-0.00047861733041716333
2026-04-06 12:20:00,0.0005883669788886436,-0.0007890012858652725
2026-04-06 12:25:00,0.0011975870694040935,0.00034409059559085075
2026-04-06 12:30:00,0.0006224115236221905,-2.162122690901345e-05
2026-04-06 12:35:00,-0.0002365842362799242,-0.0001913590930386856
2026-04-06 12:40:00,-0.0011933226498026528,0.0001257334502656511
2026-04-06 12:45:00,5.753218874282595e-05,3.7292340928964884e-05
2026-04-06 12:50:00,0.00034313542996855517,0.0005645903479033827
2026-04-06 12:55:00,-7.889470652600039e-05,0.00028947299522567215
2026-04-06 13:00:00,-0.00028556267762169796,-0.00032539868440843543
2026-04-06 13:05:00,-0.0009700345389376253,-0.0006784544250834859
2026-04-06 13:10:00,-0.00019833039990224677,-0.00025199606514189084
2026-04-06 13:15:00,-0.0005159243794885526,-0.00029569550674411364
2026-04-06 13:20:00,0.00034335057176804185,-0.00020421472107682104
2026-04-06 13:25:00,-0.0008940412430558098,-0.0002589742604650686
2026-04-06 13:30:00,-0.0013849309374833751,-0.0003475483961717461
2026-04-06 13:35:00,-0.0013591640567565122,-0.0002715457798076518
2026-04-06 13:40:00,-0.0011705026166861643,-0.00036529560627445703
2026-04-06 13:45:00,-0.0001751201285831172,0.00012660801983428353
2026-04-06 13:50:00,-0.0008779303623960288,0.00013633721745620286
2026-04-06 13:55:00,-0.0013494860207607928,8.984104469296383e-05
2026-04-06 14:00:00,-0.001883410833407595,-0.0006274177579688844
2026-04-06 14:05:00,-0.0032385520546789337,-0.0006366116287532306
2026-04-06 14:10:00,-0.00130630793901787,-0.00047890065312214457
2026-04-06 14:15:00,8.772896462971858e-05,-0.0006423946724458617
2026-04-06 14:20:00,0.0026891866434013423,-0.0005263236123530087
2026-04-06 14:25:00,0.0022453665323354244,-0.00020205490505907262
2026-04-06 14:30:00,0.0010906199223139623,-0.00027382575127361456
2026-04-06 14:35:00,3.4210548825797105e-05,-8.66393317281541e-05
2026-04-06 14:40:00,-2.13810444229523e-05,-0.00013660231242571655
2026-04-06 14:45:00,-0.001465126514261783,-6.202702251991685e-06
2026-04-06 14:50:00,-0.0014763940159721045,-0.0002617607885501045
2026-04-06 14:55:00,-0.0017805060740503365,-6.336591599198524e-05
2026-04-06 15:00:00,-0.0017416923236357462,0.000334217249521395
2026-04-06 15:05:00,0.0005458778332538827,0.0002833685858392921
2026-04-06 15:10:00,0.0003405101045537151,-0.0007825253929310873
2026-04-06 15:15:00,0.0016389459999377465,-0.0005269979772914695
2026-04-06 15:20:00,0.00020115040982737753,-0.00034066335840398835
2026-04-06 15:25:00,-0.0009018552908681698,-0.0006501276978281217
2026-04-06 15:30:00,-0.0014760023802136146,-0.0002802084785465744
2026-04-06 15:35:00,0.0012359725126174226,-0.00030629975016243993
2026-04-06 15:40:00,0.0034445167879297856,-0.0012947260198612586
2026-04-06 15:45:00,0.0009556870531106654,0.0001361979530376268
2026-04-06 15:50:00,-0.0017389244228258605,0.0005466954825487093
2026-04-06 15:55:00,-0.0021444760187190326,0.0003465395070696472
2026-04-06 16:00:00,0.003331326501461618,-1.5617532282258464e-05
2026-04-06 16:05:00,0.003122768269337328,0.0001226880322028194
2026-04-06 16:10:00,0.0029621419164787,-0.0009269510068452378
2026-04-06 16:15:00,0.0015315049279873705,0.00031089626945299037
2026-04-06 16:20:00,-0.00035645563945507774,-0.00043172215414537425
2026-04-06 16:25:00,-0.0003735241836313463,0.0003108366632722969
2026-04-06 16:30:00,-0.0026677837375448377,-0.00024991800279606976
2026-04-06 16:35:00,0.00015796608031592996,0.0010380486912599863
2026-04-06 16:40:00,-0.00016225967989313972,0.00028811130516361646
2026-04-06 16:45:00,-0.0015891096952902473,0.001053964623992655
2026-04-06 16:50:00,-0.0037616660678949643,0.0008054882685603223
2026-04-06 16:55:00,-0.004588312581239151,3.880723238847997e-06
2026-04-06 17:00:00,-0.0010108149484722162,0.00022023537965805184
2026-04-06 17:05:00,-0.0003857338527133436,-0.0009017423988258911
2026-04-06 17:10:00,0.0011897604840243048,0.00020128557593363658
2026-04-06 17:15:00,7.498958184015692e-05,-0.0003522102443065205
2026-04-06 17:20:00,-0.0023261263978344715,-0.0004910528666341346
2026-04-06 17:25:00,-0.0014965408692191318,-0.0003954337107780382
2026-04-06 17:30:00,-0.0007437167532255984,-0.002017166171007498
2026-04-06 17:35:00,0.0023668497735940264,-0.0020478346964892067
2026-04-06 17:40:00,0.0016593528902486554,-0.00030800137123774743
2026-04-06 17:45:00,0.0005144452036418556,-0.0007873891127391389
2026-04-06 17:50:00,-0.0004973673932440192,-0.00031168589641775217
2026-04-06 17:55:00,0.00045401979620862676,-0.0008117322766066463
2026-04-06 18:00:00,0.00045420656038075435,-0.000616646397223235
2026-04-06 18:05:00,0.0012001201560458696,-0.00027196020773580227
2026-04-06 18:10:00,-0.0010089748194559434,-0.0002592664876942542
2026-04-06 18:15:00,-0.00034492104113859057,-0.0009615408994625567
2026-04-06 18:20:00,-0.0008506508420040859,7.241156952333966e-05
2026-04-06 18:25:00,-0.00046948810581426415,-5.584719611635956e-05
2026-04-06 18:30:00,-0.00042220815488924757,8.715144976165894e-05
2026-04-06 18:35:00,-0.0004524038049069645,-0.0003317142065162302
2026-04-06 18:40:00,-0.0006349097611870747,-0.0004035735584881645
2026-04-06 18:45:00,-0.0013642859565390353,-7.863997021144931e-05
2026-04-06 18:50:00,-0.0009569399252775668,-0.0009438804573029095
2026-04-06 18:55:00,-0.0016255749191191882,-0.0007002299524235877
2026-04-06 19:00:00,0.0002081953867545394,-0.000776956428763714
2026-04-06 19:05:00,0.00029404536881116883,-0.0004693510745149857
2026-04-06 19:10:00,0.0007282922513880408,-0.0006406260617781301
2026-04-06 19:15:00,-9.872642914388052e-05,-0.0005169593506112131
2026-04-06 19:20:00,-3.433660604557076e-05,0.0002910933425357581
2026-04-06 19:25:00,-4.295237441276356e-05,-0.00040940934626850265
2026-04-06 19:30:00,-0.0014025383298719163,-0.0008415148229646785
2026-04-06 19:35:00,-0.0008459111224290439,-0.0006962365829024891
2026-04-06 19:40:00,-0.0004747466048655724,-0.0006402393538337898
2026-04-06 19:45:00,8.597343420291281e-06,-0.0005580170044286182
2026-04-06 19:50:00,0.0005647358077691678,-0.0001159327443783692
2026-04-06 19:55:00,0.0011853711148166468,-0.0002641351944522866
2026-04-06 20:00:00,0.002273550410789582,-6.704226522654549e-05
2026-04-06 20:05:00,0.0008089703879523569,-0.00029825511432615334
2026-04-06 20:10:00,0.00028754130922159504,0.0005069952013295736
2026-04-06 20:15:00,-0.0008581463279853097,0.00014653100221539885
2026-04-06 20:20:00,-0.0026310124380106714,0.00012749119828377173
2026-04-06 20:25:00,-0.0022467382357795884,-0.0004461105853801796
2026-04-06 20:30:00,-0.0017873067345846039,0.00046840668264755967
2026-04-06 20:35:00,0.00027093802781053,0.00061460053147568
2026-04-06 20:40:00,0.0017316802911064855,6.209830754719337e-05
2026-04-06 20:45:00,0.00164134859426035,0.00038172643659550024
2026-04-06 20:50:00,8.600005159564716e-06,-0.0005238771289660486
2026-04-06 20:55:00,-0.001632769173417259,-0.0006970566743865059
2026-04-06 21:00:00,-0.002247868051586721,-0.0009285347372381037
2026-04-06 21:05:00,-0.0008194826533642896,9.902481895010442e-05
2026-04-06 21:10:00,-0.00013331727811660699,-0.0004377678805440233
2026-04-06 21:15:00,0.000866650878906583,-0.00014429727478481238
2026-04-06 21:20:00,0.0008667813597522667,0.00015156814286611784
2026-04-06 21:25:00,0.00033755927764644866,3.501899364471172e-05
2026-04-06 21:30:00,0.0007112536305697859,-2.399748339306076e-05
2026-04-06 21:35:00,0.0007650682272455356,-0.0006796083388731732
2026-04-06 21:40:00,0.0008788394728362903,-9.168831576365338e-05
2026-04-06 21:45:00,-3.436920691157752e-05,-0.00010000572665104526
2026-04-06 21:50:00,-0.0002492276105527935,0.0006340441382833939
2026-04-06 21:55:00,0.0002834704533238863,-0.0005760710443859986
2026-04-06 22:00:00,0.0003307545959945202,0.00022601263402647706
2026-04-06 22:05:00,0.0005714126291582744,-0.0005475297160323671
2026-04-06 22:10:00,-0.00017179068206552017,0.0004333353204760749
2026-04-06 22:15:00,2.576849157698291e-05,0.00027847425015436615
2026-04-06 22:20:00,-0.000831449014226493,3.876799136755369e-05
2026-04-06 22:25:00,-0.0007196941932718914,6.367967687794722e-06
2026-04-06 22:30:00,-0.0014225548212962735,-0.0004897734741215853
2026-04-06 22:35:00,-8.812684252568204e-05,-4.095638437872653e-05
2026-04-06 22:40:00,-0.0006944049089447901,0.0005271731283114419
2026-04-06 22:45:00,0.002540697062025643,-6.884467895009917e-05
2026-04-06 22:50:00,0.003257674396962784,0.0004666101035567509
2026-04-06 22:55:00,0.003038488033743292,-0.00030865821721480795
2026-04-07 00:00:00,0.0006004048624461689,0.001015439418659828
2026-04-07 00:05:00,-0.001256316585468653,0.0006431521294622121
2026-04-07 00:10:00,-0.0003409672136225339,0.0002562500100338112
2026-04-07 00:15:00,-0.0010037362131942729,0.00017735955535117125
2026-04-07 00:20:00,-0.000156614215526929,-0.00035641729511037883
2026-04-07 00:25:00,-0.0005835595149576989,-0.00036755118706334586
2026-04-07 00:30:00,0.00024244738956724632,-0.0005197172046041868
2026-04-07 00:35:00,-0.0006331430181063524,-0.00031094364611595934
2026-04-07 00:40:00,-0.00023180193915806058,-0.00018181253626902617
2026-04-07 00:45:00,-0.0003475977170790401,-0.00011413506108767832
2026-04-07 00:50:00,0.0004121250686175415,-2.461205143120436e-05
2026-04-07 00:55:00,0.00034553694316130645,-0.0002176925222745424
2026-04-07 01:00:00,-0.0002747305833192826,-0.00028034184861228887
2026-04-07 01:05:00,-0.0012798599914010111,-8.797230243585292e-05
2026-04-07 01:10:00,-0.0012517970717613736,-0.00042380166208766916
2026-04-07 01:15:00,-0.0009514084460935379,-0.0007601476852541028
2026-04-07 01:20:00,0.0003458955021873322,-0.0009101091756102985
2026-04-07 01:25:00,0.00017186597074569931,-0.0004146505377626173
2026-04-07 01:30:00,0.00042105082877341715,-0.00012568063101582152
2026-04-07 01:35:00,0.0009404025959387496,-0.0006678596346935485
2026-04-07 01:40:00,0.0007472734530988845,-0.00037391162337421145
2026-04-07 01:45:00,-0.00019976221918405201,-0.0001343779056660852
2026-04-07 01:50:00,-0.0012841493095585577,-0.00015733745700083134
2026-04-07 01:55:00,-0.00017388448318023109,-0.00013682324649528076
2026-04-07 02:00:00,0.000710800002009293,0.00018863687824877373
2026-04-07 02:05:00,0.0011489403632420903,-0.0002608841540364999
2026-04-07 02:10:00,0.0003026683132603125,-0.00018860547505124983
2026-04-07 02:15:00,0.0005365232990541813,0.00029553943493427804
2026-04-07 02:20:00,0.00033906089042901044,0.00017058152215706032
2026-04-07 02:25:00,0.0003326148168714127,0.0007241545605771846
2026-04-07 02:30:00,-0.00037982873828745767,0.0005885079462342169
2026-04-07 02:35:00,-0.0006825308852622669,0.00015387852197687872
2026-04-07 02:40:00,-0.0018361257975794132,0.0005716705709450043
2026-04-07 02:45:00,0.0005042610161805072,0.00019173604848423908
2026-04-07 02:50:00,-0.002558266418619226,0.0005707632723208592
2026-04-07 02:55:00,-0.0024448048263980837,-0.0003893443555012047
2026-04-07 03:00:00,-0.0022400033419938126,-0.00016983181442746412
2026-04-07 03:05:00,0.0009101168826628481,0.00014211401698627685
2026-04-07 03:10:00,0.0028810557829146433,0.0010103618063269195
2026-04-07 03:15:00,0.0015447004709656653,0.0006220580707487611
2026-04-07 03:20:00,-0.0022585255987443986,0.0014432278148334531
2026-04-07 03:25:00,-0.0026203650371439124,0.0010264836889953993
2026-04-07 03:30:00,-0.005033880026850568,0.0007048506992191298
2026-04-07 03:35:00,-0.002730381542804139,-0.0005375998149373572
2026-04-07 03:40:00,-0.003245158848427465,0.0004633653105834886
2026-04-07 03:45:00,-0.001476872322522027,0.0002618116086082413
2026-04-07 03:50:00,0.0011340673944157942,-0.0011342362723474229
2026-04-07 03:55:00,-3.890218047253313e-05,-0.0006350994260086962
2026-04-07 04:00:00,0.0006674536675319587,-0.0005326161389841138
2026-04-07 04:05:00,-0.00040595633503848205,-0.0003985989631295879
2026-04-07 04:10:00,0.001658482609768086,-0.000656704677007586
2026-04-07 04:15:00,0.001547037688810704,-0.00013675191920879687
2026-04-07 04:20:00,0.002674548107680863,0.0002226970539090994
2026-04-07 04:25:00,0.0024890349904200804,0.0007682031284765489
2026-04-07 04:30:00,0.002816060283437949,0.0009529477237392724
2026-04-07 04:35:00,0.0017518302923971163,0.0005326110825178618
2026-04-07 04:40:00,0.0009530274399391914,0.00039975045558202684
2026-04-07 04:45:00,-0.0009076791998943179,0.0005232362553619001
2026-04-07 04:50:00,-0.0009637725554547671,0.0001760724579188631
2026-04-07 04:55:00,-0.0011252285799052686,0.0009592223762762044
2026-04-07 05:00:00,-0.0011497619924618618,0.0009725469665758648
2026-04-07 05:05:00,-0.0008074440314782549,0.0005277825369209827
2026-04-07 05:10:00,-0.0005792439198692989,0.0004010461047192694
2026-04-07 05:15:00,0.0009108753322841778,0.00020431604361981017
2026-04-07 05:20:00,0.0006933648281020055,0.0007224979240883999
2026-04-07 05:25:00,0.0011904237957836017,0.0007345932785349441
2026-04-07 05:30:00,0.0003873550157109662,0.000489693527538224
2026-04-07 05:35:00,0.0005143296880536496,0.0005889123300538251
2026-04-07 05:40:00,0.00034416225869193795,0.0005292289856255454
2026-04-07 05:45:00,0.0003721498580713245,2.4433314757851847e-05
2026-04-07 05:50:00,0.0001333812360382325,-0.0005373521766648202
2026-04-07 05:55:00,-0.0007121166623189623,-0.00036543667826513136
2026-04-07 06:00:00,-4.086518039869702e-05,-0.00015046067506747023
2026-04-07 06:05:00,0.000217244246838888,9.842118982881235e-05
2026-04-07 06:10:00,0.0008648007302483052,0.00014031511338800573
2026-04-07 06:15:00,0.0021292169370372704,0.00023321460137898001
2026-04-07 06:20:00,0.0019359051887875012,0.0007353986948730621
2026-04-07 06:25:00,0.002544883100906503,0.00034543454147755413
2026-04-07 06:30:00,0.00043345221760660024,0.0009076561454879325
2026-04-07 06:35:00,0.0007231224612880283,0.0004558808481026026
2026-04-07 06:40:00,-0.00040331318029274144,0.001113489836059002
2026-04-07 06:45:00,-0.000980900424968567,0.0008347293151897275
2026-04-07 06:50:00,-0.0014166953448402353,0.0008992519229168081
2026-04-07 06:55:00,-0.0009918122638481464,0.0006925212887806865
2026-04-07 07:00:00,-0.00042528422729226634,0.0004360406209197994
2026-04-07 07:05:00,-0.0018942066822251746,0.0002915074459158176
2026-04-07 07:10:00,-0.004971712020553909,-9.407575058079592e-05
2026-04-07 07:15:00,-0.00492324325510296,-0.000896540262778184
2026-04-07 07:20:00,-0.001505451892889198,-0.0016569955013704676
2026-04-07 07:25:00,-0.0002547413202034221,-0.001946216568257518
2026-04-07 07:30:00,0.0009451776148470259,-0.0019854478548583672
2026-04-07 07:35:00,-0.00011855096250279473,-0.001653494685291811
2026-04-07 07:40:00,0.002484194734108769,-0.0016586840047709262
2026-04-07 07:45:00,0.001988858312202524,-0.0007023256604468126
2026-04-07 07:50:00,0.0009996984501299266,-0.0001784555500953644
2026-04-07 07:55:00,0.0008783411972785871,-5.5016514372908026e-05
2026-04-07 08:00:00,-0.0006115352092468385,0.0005532669921925988
2026-04-07 08:05:00,-0.00029721970570051326,-0.0004006357490696965
2026-04-07 08:10:00,-0.001154058278837411,-0.0001596402732851555
2026-04-07 08:15:00,0.00023690660390940366,-0.00044606238218717405
2026-04-07 08:20:00,0.0007622558835596038,0.00033596770485861744
2026-04-07 08:25:00,0.0023089356127794503,0.00012793984695359028
2026-04-07 08:30:00,0.0015643276313674903,-0.0002852933454810349
2026-04-07 08:35:00,0.0016817967786071364,0.0007016497663123618
2026-04-07 08:40:00,0.0004534138811589372,0.0007519878969256227
2026-04-07 08:45:00,0.0001375953494946458,0.0002071384862742122
2026-04-07 08:50:00,0.0002234531251925631,0.0007967511943303258
2026-04-07 08:55:00,-0.0006232283860896359,0.0008038134244854416
2026-04-07 09:00:00,9.028666020682863e-05,-8.750703397954567e-05
2026-04-07 09:05:00,-0.0014253698861121933,-5.2185812883971604e-05
2026-04-07 09:10:00,-0.0024041396337644017,0.000570779728966882
2026-04-07 09:15:00,-0.0019020411789814062,-0.000545538237847133
2026-04-07 09:20:00,-0.0004884898337387256,-0.0010036695666588611
2026-04-07 09:25:00,0.000525659294407177,-0.0007228856218833958
2026-04-07 09:30:00,6.46101263335197e-06,-0.0005997279717157073
2026-04-07 09:35:00,-0.0013397291960419722,-0.00041827571978649
2026-04-07 09:40:00,0.00077075443016561,-0.0006441392329654674
2026-04-07 09:45:00,0.0015064295096092195,-0.0004659874116040297
2026-04-07 09:50:00,0.002559431735567941,-0.00014619275009058525
2026-04-07 09:55:00,0.00361117858724036,-0.0001589499050961188
2026-04-07 10:00:00,0.0023304901890046636,0.000137829137877091
2026-04-07 10:05:00,0.006808956331497029,0.00015096876525839763
2026-04-07 10:10:00,0.002978362519028721,0.0016716657996559362
2026-04-07 10:15:00,0.005099502492807773,8.88905299611786e-05
2026-04-07 10:20:00,-0.0004207329571777052,0.001180567038722099
2026-04-07 10:25:00,0.0012435314472369896,-0.00034403974534393504
2026-04-07 10:30:00,-0.0006127902538182184,0.0014500483128700257
2026-04-07 10:35:00,0.0007281618506560505,0.0001932898282149874
2026-04-07 10:40:00,2.5623560009790936e-05,0.00027733582299516873
2026-04-07 10:45:00,0.0002114230379959281,0.00015327140496028334
2026-04-07 10:50:00,0.0002923967268131378,0.0010070757419684499
2026-04-07 10:55:00,0.00048245446437711337,0.0007408043773237675
2026-04-07 11:00:00,0.0015405430366026707,0.0006700218343030207
2026-04-07 11:05:00,0.0017121119549408093,0.0001883820983851975
2026-04-07 11:10:00,0.0002902144406320417,0.0003808938067994798
2026-04-07 11:15:00,-0.0015704385304999846,0.000588340365972376
2026-04-07 11:20:00,-0.003775655272855616,0.000767567170322612
2026-04-07 11:25:00,-0.00409639487668656,0.0007475242998375349
2026-04-07 11:30:00,-0.0034075300167053513,-0.0007524971886281109
2026-04-07 11:35:00,-0.0012324653431452504,-0.000672962251756372
2026-04-07 11:40:00,0.0009721669809223954,-0.00046342909651858063
2026-04-07 11:45:00,0.0016506688312958318,-0.0004244220388433363
2026-04-07 11:50:00,0.0007148437386383932,-0.0002404912760984753
2026-04-07 11:55:00,0.0008814135705019766,0.00043199718232532323
2026-04-07 12:00:00,0.0005154093608510379,0.00016479130542259402
2026-04-07 12:05:00,-0.00036163850453263535,0.00047877102195213495
2026-04-07 12:10:00,-0.0016993412188028856,0.00042702610693859
2026-04-07 12:15:00,-0.0020310963662790726,0.00034758063326403935
2026-04-07 12:20:00,-0.001805868598131255,0.00014164643950730267
2026-04-07 12:25:00,-0.001273186524459291,-0.00019939050488722618
2026-04-07 12:30:00,-0.0036423188390575234,-0.0009741912909040909
2026-04-07 12:35:00,-0.0017038886680644794,-0.0008349449661278021
2026-04-07 12:40:00,-0.00232764482693959,-0.0008539250402652535
2026-04-07 12:45:00,0.0008360943919587527,-0.000867831252875199
2026-04-07 12:50:00,-0.0010314684726466794,-0.0009572547987114785
2026-04-07 12:55:00,-0.0036915193070843344,-0.00025822937367250007
2026-04-07 13:00:00,-0.003046834490779915,-0.0007563772014951642
2026-04-07 13:05:00,-0.0013618777512363067,-0.001117106650996575
2026-04-07 13:10:00,0.002773143885107743,-0.0011883690144434947
2026-04-07 13:15:00,0.0019849392305726354,-0.001425088524909344
2026-04-07 13:20:00,0.001983035165830316,-0.0007308624359858493
2026-04-07 13:25:00,0.0034626192381814747,0.0003990270583972364
2026-04-07 13:30:00,0.002311508944409013,-0.0002648978599933987
2026-04-07 13:35:00,0.0009964844683629792,0.0006661755142256149
2026-04-07 13:40:00,-0.0006885612238853867,0.0014369673947703717
2026-04-07 13:45:00,-0.0004850597405390289,0.0003506230667422055
2026-04-07 13:50:00,-0.0004251025248134255,0.0007274947961247179
2026-04-07 13:55:00,-0.0011379154618840204,0.00045148389300116436
2026-04-07 14:00:00,-8.372880887819178e-05,0.0003693117536563857
2026-04-07 14:05:00,0.002359397174915401,0.00011860369369409818
2026-04-07 14:10:00,0.0023838425036633026,0.00033168859337015576
2026-04-07 14:15:00,0.0007018169189851875,-0.00044323854365766824
2026-04-07 14:20:00,-0.0009452353664496371,0.0009007155499485017
2026-04-07 14:25:00,-0.0020165622313985665,0.0001331113778208804
2026-04-07 14:30:00,-0.0025456266049435072,0.00027785858957900104
2026-04-07 14:35:00,-0.0019060462620537066,-0.00032456226932915986
2026-04-07 14:40:00,-0.0009861626506477705,-0.0001267550610672584
2026-04-07 14:45:00,0.001328401105881838,7.628778969755901e-05
2026-04-07 14:50:00,0.00022986258829860162,-0.00012922836976690674
2026-04-07 14:55:00,0.001007636854760463,5.6710980242322226e-05
2026-04-07 15:00:00,-0.0009585070376036953,-0.0005314971118379333
2026-04-07 15:05:00,0.0007515181018646899,0.00012408147139232189
2026-04-07 15:10:00,0.0007448693978773235,0.00039008696819215345
2026-04-07 15:15:00,-0.0009249918378291255,0.00048475782984990146
2026-04-07 15:20:00,-0.0025962038674851584,-0.000842414559554804
2026-04-07 15:25:00,-0.004561626865354995,0.0007525161008497884
2026-04-07 15:30:00,0.00024316214192943164,-0.000209823334962248
2026-04-07 15:35:00,0.001217272513924783,-0.00042937428686488417
2026-04-07 15:40:00,0.0009027925774027779,-0.00016797162364571528
2026-04-07 15:45:00,-0.005034523144688663,6.20882707235917e-05
2026-04-07 15:50:00,-0.008530511645060912,-0.0006506110846170583
2026-04-07 15:55:00,-0.004502664736151019,-0.00014203256626507755
2026-04-07 16:00:00,-0.0017466421628125062,-0.0005031079825717576
2026-04-07 16:05:00,0.006296994197565908,-0.0011242607149057322
2026-04-07 16:10:00,0.004941915691157206,-0.0016554939194528542
2026-04-07 16:15:00,0.008039069031944734,0.0002632925766235572
2026-04-07 16:20:00,0.002697669250656176,-8.063386573714507e-05
2026-04-07 16:25:00,0.00033576765194176517,-0.0002746334697539531
2026-04-07 16:30:00,-0.00096747777510231,-0.0007099399015292177
2026-04-07 16:35:00,-0.003395859372044896,2.4012768544174454e-05
2026-04-07 16:40:00,-0.0029957564593061647,0.0009338871497153636
2026-04-07 16:45:00,-0.004702350025542756,-0.00027498833100600076
2026-04-07 16:50:00,-0.0009230484544087147,0.00041318894150976906
2026-04-07 16:55:00,0.002072123999335318,-0.0006521794336421595
2026-04-07 17:00:00,0.0049496833966991005,-0.0004718450165165708
2026-04-07 17:05:00,0.002458854241025321,-0.0013677967820996293
2026-04-07 17:10:00,0.002293514836370747,-0.00030461893891234256
2026-04-07 17:15:00,-0.0008777724078221638,-7.163240286130104e-05
2026-04-07 17:20:00,-0.0003444356456050457,0.0004344535928484641
2026-04-07 17:25:00,-0.0015377521098827174,0.00030531260536625844
2026-04-07 17:30:00,0.0012927248931173807,0.0002328357068142886
2026-04-07 17:35:00,0.0018843334907963083,-0.0001500743674807445
2026-04-07 17:40:00,0.002261719655342276,-0.00027099348116235955
2026-04-07 17:45:00,0.0020721835659891497,-0.0007459619961627859
2026-04-07 17:50:00,6.017131635083217e-05,-0.0003366580575270077
2026-04-07 17:55:00,0.0005453148147314124,0.00011711977362123581
2026-04-07 18:00:00,-0.0008627091316970592,0.0002907260979587293
2026-04-07 18:05:00,0.0009643958292571142,0.00019634315130304139
2026-04-07 18:10:00,0.0008838945136826482,9.947719179828722e-05
2026-04-07 18:15:00,0.0004293015544405421,0.00033429301006722667
2026-04-07 18:20:00,1.5027763792474502e-05,0.00040287810938409435
2026-04-07 18:25:00,-0.00041396011345540273,-0.0004724725865855671
2026-04-07 18:30:00,-0.00027473176265147004,0.000490416964288762
2026-04-07 18:35:00,0.00045287377078828683,0.0006623608952324104
2026-04-07 18:40:00,-0.00095726855256828,0.0003240989449543527
2026-04-07 18:45:00,0.0015915373059343096,0.0011037249607069933
2026-04-07 18:50:00,0.0014773886149370696,0.00016654636844678364
2026-04-07 18:55:00,0.0024085931675923433,0.0006203124158279009
2026-04-07 19:00:00,-0.0019586795798343104,-0.0008851246392945218
2026-04-07 19:05:00,-0.0018272209458007893,0.0003652700858177529
2026-04-07 19:10:00,-0.0013955479789835579,0.0005314954395441422
2026-04-07 19:15:00,0.0033700670750178574,0.0005432658888496407
2026-04-07 19:20:00,0.004416493394931109,-0.0003071007797284509
2026-04-07 19:25:00,0.002320552059714487,-0.0004527021888082279
2026-04-07 19:30:00,0.001208482624614149,-0.0007145579888972529
2026-04-07 19:35:00,-0.00045531160238709845,0.00030266110943386564
2026-04-07 19:40:00,0.0007509362987700996,0.0009588553959324773
2026-04-07 19:45:00,5.771395044007477e-05,0.0001479403776645351
2026-04-07 19:50:00,0.0004061564827111397,0.00032469036218590554
2026-04-07 19:55:00,0.0017243759821745641,0.001231512657980868
2026-04-07 20:00:00,0.0013948091020719033,-0.0010790319595723168
2026-04-07 20:05:00,-0.00010259238132270809,-0.0002736112450536147
2026-04-07 20:10:00,-0.000493290933128776,-4.505078589542005e-05
2026-04-07 20:15:00,-0.0003992335622697851,-0.00012060761681610181
2026-04-07 20:20:00,0.00034620711224242484,0.0010415912373500373
2026-04-07 20:25:00,-0.00041874079275316944,-0.0014527403849657445
2026-04-07 20:30:00,-0.0019429331140798922,-1.1307920481841663e-06
2026-04-07 20:35:00,-0.003268092168001502,0.000394573574633725
2026-04-07 20:40:00,-0.003557816062260244,-0.0006525798608633478
2026-04-07 20:45:00,-0.0018030987338129023,-0.0005478399002865117
2026-04-07 20:50:00,-0.0005532290058827272,-0.000956053847895108
2026-04-07 20:55:00,0.0010652470097483047,-0.0012133216311808576
2026-04-07 21:00:00,0.005292974385024962,-0.0007553027798665754
2026-04-07 21:05:00,0.00570412672528775,-0.0013753773361153694
2026-04-07 21:10:00,0.004047008913182992,0.0006712876719945594
2026-04-07 21:15:00,-0.0009513530834475148,-4.464060507025261e-05
2026-04-07 21:20:00,-0.0006677554385916551,-0.0012761728681959092
2026-04-07 21:25:00,-0.00017496730076338451,1.2307971896212021e-05
2026-04-07 21:30:00,0.00462454168985893,-0.0009380785803146216
2026-04-07 21:35:00,0.0031067109007008042,-8.643805381547148e-05
2026-04-07 21:40:00,0.0035700934275624263,-0.0007749403814896139
2026-04-07 21:45:00,-0.0003633122645094744,-0.000555348216964388
2026-04-07 21:50:00,0.0015263770648097363,0.002208110933109097
2026-04-07 21:55:00,0.0013132089867955443,0.0011185267830541488
2026-04-07 22:00:00,0.00030595594473048493,0.0003407136547165383
2026-04-07 22:05:00,-0.0002081983415376243,4.282506162795846e-05
2026-04-07 22:10:00,0.0006559583648595435,0.00012506450710098445
2026-04-07 22:15:00,0.0007390073005382192,0.0001654613839913716
2026-04-07 22:20:00,0.0003144052879964221,-0.0004078167220104154
2026-04-07 22:25:00,-0.0008938230209913911,-0.0007939331987593807
2026-04-07 22:30:00,0.00018891133004039773,-0.00037248189354193573
2026-04-07 22:35:00,0.0003015662353629267,-0.0007985460849043545
2026-04-07 22:40:00,-0.000316532674020209,-0.0008612828577719982
2026-04-07 22:45:00,0.0067497435062744415,-0.0004920045275423908
2026-04-07 22:50:00,0.007505535318566459,0.0008604797433493194
2026-04-07 22:55:00,0.005449893451846322,0.00040842626163515054
2026-04-08 00:00:00,-0.0027274087541027114,0.002280124317205011
2026-04-08 00:05:00,-0.003485563577735107,0.001671676023978906
2026-04-08 00:10:00,0.0007097727124207864,0.0010740622741385924
2026-04-08 00:15:00,0.006359422409660809,0.0004052212305777444
2026-04-08 00:20:00,0.010087620261517216,0.0015209032190565237
2026-04-08 00:25:00,0.007317547137891012,0.0029874211104701466
2026-04-08 00:30:00,0.0026954787891639853,0.003206224317848176
2026-04-08 00:35:00,0.0036968078020596096,0.0011135327938026727
2026-04-08 00:40:00,0.010248393117599619,0.0019260357708175502
2026-04-08 00:45:00,0.007492281928643152,0.0035091675032033216
2026-04-08 00:50:00,0.004032276118971723,0.005124168055217624
2026-04-08 00:55:00,-0.0002199635616406681,0.005481018438264298
2026-04-08 01:00:00,0.003024797530525092,0.00504757755113975
2026-04-08 01:05:00,0.0011917863670038997,0.004863711087856836
2026-04-08 01:10:00,-0.0007868694939752174,0.00446684498254794
2026-04-08 01:15:00,-0.003397041448167215,0.003513857348004063
2026-04-08 01:20:00,-0.001802764033371318,0.0028177135997693573
2026-04-08 01:25:00,-0.00027835537852105574,0.0019272967484669132
2026-04-08 01:30:00,0.000906452506576727,0.00112521751654198
2026-04-08 01:35:00,0.001732209976484711,0.0005423891739735311
2026-04-08 01:40:00,0.0045002589333567045,0.0005540605776686658
2026-04-08 01:45:00,0.00673311169020252,0.0007494210059691916
2026-04-08 01:50:00,0.00434017134996445,0.0034677987422581215
2026-04-08 01:55:00,-7.445939380978928e-05,0.002100535555696832
2026-04-08 02:00:00,-0.0022607145548150243,0.00031326697515912763
2026-04-08 02:05:00,-0.002339613014333608,0.0007311179338368216
2026-04-08 02:10:00,-0.0023980727517525224,-0.0007994908588156252
2026-04-08 02:15:00,-0.0036249007301414338,0.0005561745496296492
2026-04-08 02:20:00,-0.0015254521280105848,-0.0007474525101315196
2026-04-08 02:25:00,-0.0019674791283463833,-0.00033633490731274017
2026-04-08 02:30:00,-0.00011835707929463979,-0.0008867744723219022
2026-04-08 02:35:00,0.00021154671839340722,-0.0005338554300518424
2026-04-08 02:40:00,0.0016502047818782728,-0.00010808886347075632
2026-04-08 02:45:00,-0.0016709518127306922,-0.00016036816442837232
2026-04-08 02:50:00,-0.0006160988691270575,-0.000579463948676229
2026-04-08 02:55:00,-0.0002509876168410585,-0.0005219927329632791
2026-04-08 03:00:00,-0.0008240335240294883,-0.0006272807500841983
2026-04-08 03:05:00,-0.003629609592524119,-0.0008502004851668744
2026-04-08 03:10:00,-0.005629516283987002,-0.0005145510765804836
2026-04-08 03:15:00,-0.0008101289464370609,-6.401346838710053e-05
2026-04-08 03:20:00,-0.0006958275628452526,-0.0012030249138134746
2026-04-08 03:25:00,0.0015322191089506276,-0.0008589453172672748
2026-04-08 03:30:00,0.001939880968505392,-0.0006262349464369098
2026-04-08 03:35:00,0.002466544208420629,-0.0009193719543549966
2026-04-08 03:40:00,0.0021453274545102374,-0.00042500622465818747
2026-04-08 03:45:00,0.001687048771879418,-0.001518148476491173
2026-04-08 03:50:00,0.0013213115314130164,-0.0004073685435290391
2026-04-08 03:55:00,0.0005236679316968917,0.0002444455459017545
2026-04-08 04:00:00,-0.0009657572338674925,-0.0006632949217263744
2026-04-08 04:05:00,-0.001348337687536727,-0.00026992446266753953
2026-04-08 04:10:00,-0.0003968818850577094,-0.00020651304993918478
2026-04-08 04:15:00,0.000492341196155266,3.21741238461009e-05
2026-04-08 04:20:00,0.0008208534634910336,0.0001576207236366162
2026-04-08 04:25:00,-0.0010563483770891224,0.0005411122625216648
2026-04-08 04:30:00,-0.0017939536325428662,-8.235166709996175e-05
2026-04-08 04:35:00,-0.0020544391830199515,0.00017289441136449942
2026-04-08 04:40:00,-0.0005827166413947538,0.00040264618974328884
2026-04-08 04:45:00,-0.0005390224261851984,-2.2873111158547748e-07
2026-04-08 04:50:00,-0.0003206069074526141,3.891104247014568e-05
2026-04-08 04:55:00,-0.0010539142639487409,0.00010028961273933494
2026-04-08 05:00:00,-0.0011706164152425202,-0.0002134704212412529
2026-04-08 05:05:00,-0.0004456894201716466,-0.0001281833669008547
2026-04-08 05:10:00,0.0008061568317803136,-1.8020939087390102e-05
2026-04-08 05:15:00,0.0004438290643360432,0.0002268544347367182
2026-04-08 05:20:00,-0.000591782574687727,0.00020217430253848285
2026-04-08 05:25:00,-0.0003977894621574052,0.00034963452703125195
2026-04-08 05:30:00,-0.0002521040807330621,0.0002200191341876227
2026-04-08 05:35:00,0.0005959488160502957,-0.00010147490862238583
2026-04-08 05:40:00,-0.0005750958651589144,-5.633235546732716e-05
2026-04-08 05:45:00,-0.00024174624264894362,-0.0004326301282708477
2026-04-08 05:50:00,-0.0012068523154269428,-0.00034872147255027313
2026-04-08 05:55:00,-3.54333868006762e-05,-0.0012816485170876373
2026-04-08 06:00:00,-0.0006108780258244906,-0.000901075193714381
2026-04-08 06:05:00,-0.0006780601897364846,-0.0008936955722495548
2026-04-08 06:10:00,0.0009500139258200591,-0.0004014849086535024
2026-04-08 06:15:00,0.0013401070131138226,-0.00033792851662808697
2026-04-08 06:20:00,0.0026969980478206423,0.00029773993131303867
2026-04-08 06:25:00,0.00018947813406100522,-0.0003823710980143634
2026-04-08 06:30:00,-0.0005499977222083174,-2.387009875803525e-05
2026-04-08 06:35:00,-0.0007954207507783195,-0.00016697523335070904
2026-04-08 06:40:00,0.00013740124307304313,0.000372050110754345
2026-04-08 06:45:00,0.0015700257469237755,0.00027726430641262395
2026-04-08 06:50:00,0.0015881295363229242,-0.00011758018001581067
2026-04-08 06:55:00,0.00121081257810296,-0.0005450683709717796
2026-04-08 07:00:00,0.0007632992784412096,0.0007023149364191591
2026-04-08 07:05:00,0.0006507581145616115,0.0003889521575586022
2026-04-08 07:10:00,0.0014647451002147704,0.00041139056543203933
2026-04-08 07:15:00,0.0025663986312540743,-9.56454066182447e-06
2026-04-08 07:20:00,0.0018148938368405254,-0.00037643721973948754
2026-04-08 07:25:00,0.0012055056335302794,-0.0003985214526658957
2026-04-08 07:30:00,0.0018977185429456256,0.0002907556952363524
2026-04-08 07:35:00,0.0033883874631150945,0.0008464337507081499
2026-04-08 07:40:00,0.0010404210705630135,0.0013434884969220522
2026-04-08 07:45:00,-0.0001117743979843766,0.0007537061893000427
2026-04-08 07:50:00,-0.002426210879262314,0.000847854525550957
2026-04-08 07:55:00,-0.00028176017423398036,0.0010399954133510406
2026-04-08 08:00:00,-0.00021323396297390218,-8.327450807865021e-05
2026-04-08 08:05:00,0.0018615867374389694,0.0004231884262552408
2026-04-08 08:10:00,0.0020616430063142843,-0.000414555941754506
2026-04-08 08:15:00,0.0006126664843684182,0.0002470183147611885
2026-04-08 08:20:00,-0.0004076375186432557,0.0006979734472279969
2026-04-08 08:25:00,-1.6542460359758593e-05,2.4263566056859936e-05
2026-04-08 08:30:00,-3.3107512511065806e-05,0.0002865372898875777
2026-04-08 08:35:00,-0.0017897763829068936,-0.00028602251843911253
2026-04-08 08:40:00,-0.003179159010340271,-9.71187300875256e-05
2026-04-08 08:45:00,-0.004032819509413699,0.00017090265415183034
2026-04-08 08:50:00,-0.0016351400982159703,8.427303866135653e-05
2026-04-08 08:55:00,-0.001768960200845271,-0.00011525149848327476
2026-04-08 09:00:00,-0.00014544366576885182,-0.0006128980555341004
2026-04-08 09:05:00,0.00010383202479680165,-0.0007921099459078047
2026-04-08 09:10:00,0.0012958830534746113,-0.00011376852743965449
2026-04-08 09:15:00,-0.0004863510053603193,-0.00037278779659820257
2026-04-08 09:20:00,-0.0010512779395828176,-0.0005541311484906874
2026-04-08 09:25:00,-0.0019486137358661892,-0.0012549613272084365
2026-04-08 09:30:00,0.0010555384537322965,-0.0008567887622995185
2026-04-08 09:35:00,0.001773650341498012,-0.0007211789823195938
2026-04-08 09:40:00,0.0008916815438038128,-0.0007241368826016641
2026-04-08 09:45:00,0.0003841222594171967,-0.0003741585670753766
2026-04-08 09:50:00,-0.0007431379444060582,-0.0005346879284319037
2026-04-08 09:55:00,0.0004071238418941192,-0.00022164567509376387
2026-04-08 10:00:00,0.00044207702199727805,-0.0003155619951517346
2026-04-08 10:05:00,-0.001550326689550019,-3.3957202810134145e-05
2026-04-08 10:10:00,-0.0015026111470355374,-0.0007882452019633299
2026-04-08 10:15:00,-0.0034359044935872163,2.4361358400790544e-05
2026-04-08 10:20:00,-0.0010987365636143664,0.0003464536271574285
2026-04-08 10:25:00,-0.0030996344004119436,-0.00028448655264393287
2026-04-08 10:30:00,-0.0014877699326767413,-0.0007269320668645726
2026-04-08 10:35:00,-0.0012416926947977913,-0.0010632581708442431
2026-04-08 10:40:00,0.00018775111767155295,-0.00049445491496006
2026-04-08 10:45:00,0.0002210133680389248,-0.0011395946323768833
2026-04-08 10:50:00,8.755234906487885e-05,-0.00016949438083123435
2026-04-08 10:55:00,0.001361183960595369,-0.00024090872723819476
2026-04-08 11:00:00,0.00015634788060481242,-0.0003385713120833023
2026-04-08 11:05:00,0.001047948419342859,-6.2186712193659e-05
2026-04-08 11:10:00,-5.6245019987244405e-05,-0.0009647023290847242
2026-04-08 11:15:00,0.00013548172632837918,-0.0007585719266991627
2026-04-08 11:20:00,-0.0016380327267739858,-0.00038604008624250894
2026-04-08 11:25:00,-0.003629275656207298,-0.00040870500890290504
2026-04-08 11:30:00,-0.0025167010710482884,0.00018311162173186723
2026-04-08 11:35:00,-0.0021171585378656488,-0.00014371514284721956
2026-04-08 11:40:00,6.272148526598187e-05,-0.0003961691027123682
2026-04-08 11:45:00,0.0006516944285195336,-0.0005375376646978347
2026-04-08 11:50:00,0.0007500786471670295,-0.0001585576868170331
2026-04-08 11:55:00,-0.00011499239494838775,-0.00039935496162450283
2026-04-08 12:00:00,-0.0025590861474693583,-0.0008041103505829696
2026-04-08 12:05:00,-0.001931705225478808,-0.0008882628815668544
2026-04-08 12:10:00,-9.200343764703689e-05,-0.0006184101406343378
2026-04-08 12:15:00,0.0013660789910492355,-0.0011618570574916435
2026-04-08 12:20:00,0.0018878442480616542,-0.0012252373620061559
2026-04-08 12:25:00,0.0019845587007107923,-0.0006109567868001468
2026-04-08 12:30:00,0.0020696179848496143,0.00013452005633311074
2026-04-08 12:35:00,0.000768333026632817,-0.0008520023275221546
2026-04-08 12:40:00,-0.0018444659256111606,-0.0004579944755124682
2026-04-08 12:45:00,-0.0022766064600947544,-0.00042529996932495604
2026-04-08 12:50:00,-0.0002463033634949596,-0.0006235428366311796
2026-04-08 12:55:00,0.0009550350609348612,0.00010188267824703736
2026-04-08 13:00:00,0.0005184358405454503,-0.0003361024086512235
2026-04-08 13:05:00,-0.000900149285053331,-0.000515860108721492
2026-04-08 13:10:00,0.0005450268524089807,-0.0004756770993711848
2026-04-08 13:15:00,0.0006288697370955276,-0.00022382002624578417
2026-04-08 13:20:00,-0.0006291234177666638,-5.898938021055497e-05
2026-04-08 13:25:00,8.350591222949788e-06,0.00015809531968284305
2026-04-08 13:30:00,0.001754981330330807,-0.00028246420423858916
2026-04-08 13:35:00,0.0028998689388970433,0.00015563523267914366
2026-04-08 13:40:00,0.0018208501703558255,0.0005122498695022971
2026-04-08 13:45:00,0.0015895522081414981,0.0006364942953156765
2026-04-08 13:50:00,0.0008085422507839723,0.0007666183642354822
2026-04-08 13:55:00,0.001266173555778849,0.0009738367632294658
2026-04-08 14:00:00,-0.002192284124358679,0.0006924167848241804
2026-04-08 14:05:00,-0.00594175337021241,0.0010384511524037488
2026-04-08 14:10:00,-0.004271416205519074,-0.0006469602622557727
2026-04-08 14:15:00,6.258422796001639e-05,-0.00039663822426363326
2026-04-08 14:20:00,0.005101939913638276,-0.00037297922981666137
2026-04-08 14:25:00,0.0022818881713941863,-0.0009207099376432886
2026-04-08 14:30:00,0.0007840569927299867,-0.0008484487506994964
2026-04-08 14:35:00,0.00102518590471945,-0.0006539805503396425
2026-04-08 14:40:00,0.000829624736214285,-0.00017322000822620067
2026-04-08 14:45:00,0.0010187723737580257,0.00024519219968457246
2026-04-08 14:50:00,-0.0007896335489920858,0.0010015180365110577
2026-04-08 14:55:00,-0.0012968520841880604,0.00039060606071316187
2026-04-08 15:00:00,-0.001967642924132207,-0.0002759258499171106
2026-04-08 15:05:00,5.419003613305051e-05,-0.0007227536968291822
2026-04-08 15:10:00,-0.00027960646615632356,-0.00015270687907642896
2026-04-08 15:15:00,-0.002134597357157375,8.213294602128757e-05
2026-04-08 15:20:00,-0.004350788928212168,6.981084552798667e-05
2026-04-08 15:25:00,-0.003614787963734045,-0.00032343739095574633
2026-04-08 15:30:00,0.001115905953406937,0.0005404932578827729
2026-04-08 15:35:00,-0.0015711810969953888,0.00028656379456609395
2026-04-08 15:40:00,0.0004920780765438337,0.00012633064196654708
2026-04-08 15:45:00,-0.00030915259015351637,-0.00039254147625339164
2026-04-08 15:50:00,0.0035933207573908277,-0.000219368223652192
2026-04-08 15:55:00,0.0008181979386279181,4.12021975564306e-06
2026-04-08 16:00:00,-0.0028285839545603153,-0.0001109393989875903
2026-04-08 16:05:00,-0.0025874805131618217,0.0004033234557032835
2026-04-08 16:10:00,-0.0026663135758226986,0.0006029819345541774
2026-04-08 16:15:00,-0.0038435225474735546,0.0005045929714270962
2026-04-08 16:20:00,-0.002755897347396896,0.0001241309292173676
2026-04-08 16:25:00,-0.0015091015945341013,-0.00022308076270564233
2026-04-08 16:30:00,0.00018926807987185157,-0.000510869794907343
2026-04-08 16:35:00,-0.001906722560999441,-0.0008478960336262355
2026-04-08 16:40:00,-0.005157337245162097,-0.0004096903856060139
2026-04-08 16:45:00,-0.001831093737418854,-0.0007817518610209214
2026-04-08 16:50:00,-0.0021233219416458837,-0.0009933199731646989
2026-04-08 16:55:00,0.0014178114913825368,-0.0009003632921265628
2026-04-08 17:00:00,0.0016355161045691347,-0.0011105291212075562
2026-04-08 17:05:00,0.0026955102408603437,-0.00046088305943985103
2026-04-08 17:10:00,0.0017189301367164234,-0.0009560412266895759
2026-04-08 17:15:00,0.00047941260259420915,-0.0006242134807090463
2026-04-08 17:20:00,0.0010887775030248292,-0.001319183325656662
2026-04-08 17:25:00,0.0010139620485727363,-0.0013179019324395475
2026-04-08 17:30:00,0.0005191044199452932,-0.000731264482657193
2026-04-08 17:35:00,-0.0005169164160410133,-0.0005741934674521387
2026-04-08 17:40:00,8.410004546455241e-05,-0.001147727365110481
2026-04-08 17:45:00,-0.0003299258537339256,-0.0002884415452846154
2026-04-08 17:50:00,0.00011349234884505677,-0.0012304898113251672
2026-04-08 17:55:00,-0.0005825379681905218,-0.00031020396236512774
2026-04-08 18:00:00,-0.0020787228814480585,-0.0003186297319972516
2026-04-08 18:05:00,-0.0012364996023794816,-0.0010071982432586003
2026-04-08 18:10:00,-0.000542885893670686,-0.0009358163263869922
2026-04-08 18:15:00,0.0017549955579276855,-0.0006190732533599296
2026-04-08 18:20:00,0.0014550411744789216,-0.0007908855958755177
2026-04-08 18:25:00,0.0015163961897837197,-0.0006039341966110728
2026-04-08 18:30:00,0.0009645664454609459,-0.000643830990257665
2026-04-08 18:35:00,0.0003718311677278763,-0.0009594891547327046
2026-04-08 18:40:00,0.00042653197587938507,0.00015376629214056023
2026-04-08 18:45:00,-0.00013023568476100422,-0.0011302826690468256
2026-04-08 18:50:00,-0.0006261004234264789,-0.0007390306938294465
2026-04-08 18:55:00,0.00017014179574204036,-0.0006041500186420403
2026-04-08 19:00:00,-0.0010424965371065298,-0.0003250940968378493
2026-04-08 19:05:00,-0.0019796258641058273,-0.0010323146596702092
2026-04-08 19:10:00,-0.0021404324779172867,-7.82723192707774e-05
2026-04-08 19:15:00,-0.002256857317016525,-0.00012172391324452103
2026-04-08 19:20:00,-0.002403533084009979,-0.00034957357402999394
2026-04-08 19:25:00,-0.0022462780457637166,-0.0015552797784995525
2026-04-08 19:30:00,-0.0012295182913373282,-0.00021268154277743204
2026-04-08 19:35:00,-0.00014144017790052033,-0.0001813367107882859
2026-04-08 19:40:00,-0.0012285247218404294,-0.0007405005497190405
2026-04-08 19:45:00,0.0003017199112669289,-0.0003563005944228291
2026-04-08 19:50:00,0.0014008529770972444,3.523654412174688e-05
2026-04-08 19:55:00,0.001972926193142044,-0.00032069553462910674
2026-04-08 20:00:00,-0.00251147881449576,-0.0006702514701776396
2026-04-08 20:05:00,-0.004204225623318791,-0.0007841852583902003
2026-04-08 20:10:00,-0.00417834378498938,-0.0008708526885141915
2026-04-08 20:15:00,-0.0010347291107546397,0.00029961732820397844
2026-04-08 20:20:00,-0.0016908933129879955,-0.0006601816239600024
2026-04-08 20:25:00,-0.0031930348636954875,-0.0017996508271793136
2026-04-08 20:30:00,-0.0027878763534392448,-0.0018506186522702114
2026-04-08 20:35:00,-0.0016682659849855952,-0.0013895294748956096
2026-04-08 20:40:00,-0.001053859539034363,-0.0013173298602842697
2026-04-08 20:45:00,-0.001704110036362394,-0.001752403013012528
2026-04-08 20:50:00,3.1863200661064184e-05,-0.001391642860447795
2026-04-08 20:55:00,0.0024290048568893496,-0.001155738495763824
2026-04-08 21:00:00,0.001946104582053465,-0.00043490847265945565
2026-04-08 21:05:00,0.0007346961640024574,-0.0010852598638155003
2026-04-08 21:10:00,-0.0014600928309622674,-0.0004412235369630073
2026-04-08 21:15:00,0.0012196947184754947,-0.0007691491871727845
2026-04-08 21:20:00,0.0026772812880082597,-0.0016632530275062173
2026-04-08 21:25:00,0.002795229149601397,-0.0007277324099856046
2026-04-08 21:30:00,0.0018891786635020225,-0.0005339006270509714
2026-04-08 21:35:00,0.0013877520436125224,0.00017599423596023983
2026-04-08 21:40:00,0.0020437530915291546,0.0003703254252280852
2026-04-08 21:45:00,0.0011651895173976357,0.00013696156244724476
2026-04-08 21:50:00,-0.0005117209583165305,0.0007800729758700353
2026-04-08 21:55:00,-0.0007167420891711629,0.00042189752136621974
2026-04-08 22:00:00,-0.0014805104119233192,0.0004857811677756374
2026-04-08 22:05:00,-0.0006368449942026899,-0.00047133796406148917
2026-04-08 22:10:00,-0.0010496111477493741,0.00016816011606531745
2026-04-08 22:15:00,-0.0001587561984415231,-0.00023049133261731334
2026-04-08 22:20:00,-0.0004826643163458044,-0.0005046141035670818
2026-04-08 22:25:00,-0.00013127888948538669,-0.0008484980810380195
2026-04-08 22:30:00,-0.000868312986064268,-0.00041787907416435664
2026-04-08 22:35:00,-0.0007435046949222368,-0.00018034969086592827
2026-04-08 22:40:00,-0.0007011516331640877,-0.00023863562026716392
2026-04-08 22:45:00,0.001814127615556771,-0.0005859857530091752
2026-04-08 22:50:00,0.0007138598193545675,-0.00025247976722203634
2026-04-08 22:55:00,-0.0014440986914010523,-0.0004409199750642477
2026-04-09 00:00:00,-0.003285626604649039,-0.0005376195894677654
2026-04-09 00:05:00,-0.0021940409346221657,-0.0006891921594001712
2026-04-09 00:10:00,0.0003055339866673279,-0.000991453220664238
2026-04-09 00:15:00,0.0009077509398611738,-0.0003462349051924935
2026-04-09 00:20:00,0.0002885739586275804,-0.0004903025980115534
2026-04-09 00:25:00,-0.00014639005337535593,-0.0005974304269680321
2026-04-09 00:30:00,-0.00035197381338925027,-0.000364970326828558
2026-04-09 00:35:00,0.0006871496920535236,-0.00012803895972560546
2026-04-09 00:40:00,0.0009670503810674802,-0.00014791824783414302
2026-04-09 00:45:00,-0.0002714861123962464,-2.952755545453723e-05
2026-04-09 00:50:00,-0.0019715186756457115,-1.7488954297220106e-05
2026-04-09 00:55:00,-0.0019010565497250553,-0.00032149924160740833
2026-04-09 01:00:00,-0.00023548904925618785,-0.0006361766227002838
2026-04-09 01:05:00,0.0012461801525471827,-0.0004994738701787631
2026-04-09 01:10:00,0.0003333704955519323,-0.0006097191712592109
2026-04-09 01:15:00,-0.00048600404828036403,-0.00028198334843305056
2026-04-09 01:20:00,-0.00013579432273225223,-0.0003646808379791592
2026-04-09 01:25:00,0.0006706509810268102,-0.0003113018804672995
2026-04-09 01:30:00,0.001467902626858475,-0.0002571152858934947
2026-04-09 01:35:00,0.0004985293487766995,0.00012307908889100402
2026-04-09 01:40:00,0.0004348337995896401,-2.47878175416816e-05
2026-04-09 01:45:00,-0.002644628237261415,0.00015060683175459224
2026-04-09 01:50:00,-0.0031076606586335487,9.364868478668743e-05
2026-04-09 01:55:00,-0.0027117811264023572,-0.000309192681565976
2026-04-09 02:00:00,-0.00026144652345294617,-0.0005661323042300777
2026-04-09 02:05:00,0.0022101288107982953,-0.0006072879889858098
2026-04-09 02:10:00,0.000839590456733319,-1.4418019203905435e-05
2026-04-09 02:15:00,0.0017798852234118812,0.0001714959910916115
2026-04-09 02:20:00,0.0005751072117998746,0.0005318987109072851
2026-04-09 02:25:00,0.0026395820854094865,0.0001275657563481366
2026-04-09 02:30:00,0.000797583534000168,0.0004167900965046077
2026-04-09 02:35:00,-0.0008383662325961438,-0.0003983058559458136
2026-04-09 02:40:00,-0.0026183357769546944,-0.000412395783200833
2026-04-09 02:45:00,-0.0006617797024262018,-0.0005917123594027764
2026-04-09 02:50:00,0.0013452897796568664,-0.0006490099142872613
2026-04-09 02:55:00,0.002959445063414279,0.000503794043473975
2026-04-09 03:00:00,0.0016854025899828429,0.0005996142696111292
2026-04-09 03:05:00,-0.0008931214337142279,0.001150939562972844
2026-04-09 03:10:00,-0.0033972101733006355,0.001012483032643012
2026-04-09 03:15:00,-0.0006526239740374251,7.487228292027089e-07
2026-04-09 03:20:00,0.0016710354975462138,0.00034824064907059283
2026-04-09 03:25:00,0.002818738825933309,0.0007359788223428226
2026-04-09 03:30:00,0.0009173661431880475,0.0010866351390873615
2026-04-09 03:35:00,0.0008598762392839632,0.0012209518726985433
2026-04-09 03:40:00,0.0020813556859131666,0.0012335713559718314
2026-04-09 03:45:00,3.599952142074869e-05,0.0012249820430594034
2026-04-09 03:50:00,-0.0002540736488487738,0.0010970922415825027
2026-04-09 03:55:00,-0.00098191091123212,0.0008602970472857429
2026-04-09 04:00:00,0.0009841905933285489,0.0005344008682390305
2026-04-09 04:05:00,0.0008720500076400128,0.0008118668484636664
2026-04-09 04:10:00,0.0005926477983049239,0.0006607125358420185
2026-04-09 04:15:00,-0.0002179200072944809,0.0005289263570892769
2026-04-09 04:20:00,0.0009220215763345863,0.0009295077175467799
2026-04-09 04:25:00,0.0014040194470972267,0.001018495673170207
2026-04-09 04:30:00,5.501341482450073e-05,0.00026500640114827614
2026-04-09 04:35:00,-0.0016056274438707163,0.0003147738139008201
2026-04-09 04:40:00,-0.0028396786675077834,0.0005195095255037922
2026-04-09 04:45:00,-0.0014885445188159707,0.00014880823164826828
2026-04-09 04:50:00,-0.001097285705153439,-0.0005567073973264067
2026-04-09 04:55:00,-0.001374063499440581,-0.0006029048236121133
2026-04-09 05:00:00,-0.0023081274115934747,-0.0005692033190496863
2026-04-09 05:05:00,-0.0019794277580906794,-0.0005170500946731337
2026-04-09 05:10:00,5.7290357094785804e-05,-0.0013282120965864537
2026-04-09 05:15:00,0.0011801865894618402,-0.0011572240482239224
2026-04-09 05:20:00,0.0012543045401862685,-0.0011199139840185894
2026-04-09 05:25:00,0.0004115453373145783,-0.0005876241820794064
2026-04-09 05:30:00,-0.0005602027061701875,-0.0004309732214936457
2026-04-09 05:35:00,-0.0006810768065950157,-0.0004830384516984651
2026-04-09 05:40:00,-0.0006216260281703967,-0.0003644141231618049
2026-04-09 05:45:00,0.0008444279926802523,-0.0003879027553143394
2026-04-09 05:50:00,0.00196558488526577,-0.00016572843514299946
2026-04-09 05:55:00,0.002117883544881849,-0.00011248543835573705
2026-04-09 06:00:00,0.0010746592382933073,0.00021632615466900265
2026-04-09 06:05:00,-0.00047249016965800195,0.00011859001108450038
2026-04-09 06:10:00,-0.0010403612326399525,0.0003379052542834534
2026-04-09 06:15:00,-0.0009071314288160437,0.0003353797760136957
2026-04-09 06:20:00,-4.874487252592985e-05,-5.880415425518755e-05
2026-04-09 06:25:00,0.0008433901390993981,6.459748341723847e-05
2026-04-09 06:30:00,0.001146493836293061,-0.00014980087532562587
2026-04-09 06:35:00,0.0012877619928577388,0.00038440458880664746
2026-04-09 06:40:00,-6.35455224262671e-06,0.0001111696686931546
2026-04-09 06:45:00,-0.0003580057213223853,0.000309549585069558
2026-04-09 06:50:00,-0.0016841672174550126,0.00019613975902829146
2026-04-09 06:55:00,-0.0015432330821667506,-0.0003393066732517865
2026-04-09 07:00:00,0.00015677567551541927,-0.0001375800220598965
2026-04-09 07:05:00,0.0009494141048413951,-0.00015461042510178264
2026-04-09 07:10:00,0.0026927497449555915,-0.00015282388897520878
2026-04-09 07:15:00,-0.00013346962791338512,0.0004830073612006044
2026-04-09 07:20:00,-0.00019277680213392046,0.00035648313654713004
2026-04-09 07:25:00,-0.0005460144258062627,5.5611226030059964e-05
2026-04-09 07:30:00,-0.0013229478220342372,5.747286678897535e-05
2026-04-09 07:35:00,-0.0023162249965640314,3.897399983560141e-05
2026-04-09 07:40:00,-0.002581729665775967,-0.00011933755259269171
2026-04-09 07:45:00,0.0017762483447363309,-0.0008116116206577126
2026-04-09 07:50:00,0.002441216390328904,-0.00018648901753237559
2026-04-09 07:55:00,0.0016074753168204836,-3.157182274808058e-05
2026-04-09 08:00:00,-0.0011484779693020641,0.0008923857055958168
2026-04-09 08:05:00,-0.001146693103374119,0.00035454261211355413
2026-04-09 08:10:00,-0.0002755048644029756,-2.189987389666369e-05
2026-04-09 08:15:00,0.0005426189125614655,-3.0961811552839013e-05
2026-04-09 08:20:00,-8.907741257146995e-05,-0.00024215003914267286
2026-04-09 08:25:00,-0.0010094199237791202,0.00043161845320460496
2026-04-09 08:30:00,-0.0015396004746204284,-0.0002842392510356435
2026-04-09 08:35:00,-0.001392335166384484,0.0005012486327799494
2026-04-09 08:40:00,-4.880030808784852e-05,-0.0003008009804744823
2026-04-09 08:45:00,0.0007870616807093,-0.00020467392947339256
2026-04-09 08:50:00,0.0036761473696316216,-4.096485061161612e-05
2026-04-09 08:55:00,0.0023524336272586766,-4.564036982368979e-05
2026-04-09 09:00:00,7.421913521099555e-05,0.00033842453295876386
2026-04-09 09:05:00,-0.0025001761027141356,0.0004099393888466508
2026-04-09 09:10:00,-0.0031824034372576193,0.000879850196275774
2026-04-09 09:15:00,0.0007503640889545693,0.0003428578795103272
2026-04-09 09:20:00,0.003238438765242435,0.0004860687335822389
2026-04-09 09:25:00,0.0028923572077843573,0.00024040286689744727
2026-04-09 09:30:00,-0.00032212125600672437,0.0009377134115068349
2026-04-09 09:35:00,-0.002415656995607307,0.0004830454192260839
2026-04-09 09:40:00,0.0004424455668310401,7.76024401362444e-05
2026-04-09 09:45:00,0.0007330990287410799,0.0003052353717774521
2026-04-09 09:50:00,0.0011058713994529512,0.00021511313147879027
2026-04-09 09:55:00,-0.0001651003305749299,0.0004090677968396595
2026-04-09 10:00:00,0.00042774589158511844,-0.00015064927277449596
2026-04-09 10:05:00,0.0007408003522115791,0.000420865856696094
2026-04-09 10:10:00,-0.0005335874352425662,0.0004318756020000951
2026-04-09 10:15:00,0.00046776992076402735,0.0003317068544341651
2026-04-09 10:20:00,0.0005224632887443903,5.905886552050581e-07
2026-04-09 10:25:00,0.0018663117205388602,0.0006863661476589454
2026-04-09 10:30:00,0.0010786346801054947,-4.5972759478857645e-05
2026-04-09 10:35:00,3.594897360770233e-05,0.0002872411964762401
2026-04-09 10:40:00,-0.000917908586616889,0.00017629663443655981
2026-04-09 10:45:00,-0.0010299653112202378,0.0006394328148499398
2026-04-09 10:50:00,0.0005263986946779653,0.00038296475387647683
2026-04-09 10:55:00,0.001087016395361573,0.0002556044489472106
2026-04-09 11:00:00,0.001015168393628585,-0.00010591760001369052
2026-04-09 11:05:00,2.1134924299559543e-06,-0.00042355095464600685
2026-04-09 11:10:00,-0.00032555799659306217,0.0002771283404898375
2026-04-09 11:15:00,-0.00011838322354407183,0.0002519735568340843
2026-04-09 11:20:00,0.00016906492344759272,0.0006972290779079279
2026-04-09 11:25:00,-0.0005562305898916264,-0.00016021502230894626
2026-04-09 11:30:00,-0.00024526698279636605,9.538614371195339e-05
2026-04-09 11:35:00,-0.0008583001956008474,-9.787103172732732e-06
2026-04-09 11:40:00,0.00047588179148583265,-0.00014666857969453047
2026-04-09 11:45:00,0.0,0.0004265077336291796
2026-04-09 11:50:00,0.00020301434070013613,-1.97805620592547e-05
2026-04-09 11:55:00,-0.000372226021626787,5.10467245781129e-05
2026-04-09 12:00:00,3.5948061398727305e-05,0.00022858433745529582
2026-04-09 12:05:00,0.0020363207100722036,0.00012160098038047772
2026-04-09 12:10:00,0.0023009280415280386,4.781280368309151e-05
2026-04-09 12:15:00,0.001975155934752948,0.0006541898188335858
2026-04-09 12:20:00,0.00027007125403422094,-6.652591972191106e-05
2026-04-09 12:25:00,0.0005000522310627531,0.0002513739644271262
2026-04-09 12:30:00,0.0012443504936907601,0.0006588289383849199
2026-04-09 12:35:00,0.0009826124785323742,0.00040951875641098874
2026-04-09 12:40:00,0.00018560976023174192,0.00034207664102694086
2026-04-09 12:45:00,-0.0008075969370704428,0.00031006909282064446
2026-04-09 12:50:00,-0.0008897923280546394,0.0003861701756508636
2026-04-09 12:55:00,-0.00046197902930522616,0.0009281663118374171
2026-04-09 13:00:00,0.0005820415058686024,-0.0002362521492776498
2026-04-09 13:05:00,0.0006600402800902572,1.7091507077722825e-05
2026-04-09 13:10:00,0.0013852973066157404,0.00012064429550418478
2026-04-09 13:15:00,0.0004089134762335078,0.00034004549886630214
2026-04-09 13:20:00,0.0010955903588349969,0.0004933714508702194
2026-04-09 13:25:00,0.0011161185507706506,0.00016414936113496193
2026-04-09 13:30:00,0.0022376295104606925,0.00010549081932561883
2026-04-09 13:35:00,0.0015612477159265836,0.0004234492051359412
2026-04-09 13:40:00,0.0011989652474326817,0.0005624413540814748
2026-04-09 13:45:00,-0.0010560929333465197,0.00011199960965882719
2026-04-09 13:50:00,-0.0022584942524108698,0.0005593174170470147
2026-04-09 13:55:00,-0.002905234619939634,0.0007215902169541532
2026-04-09 14:00:00,-0.0023665807015920137,0.0006353739745753158
2026-04-09 14:05:00,-0.001119560051874302,-0.00034387267220174566
2026-04-09 14:10:00,-0.001029381765793147,0.0005774029596872291
2026-04-09 14:15:00,0.0005610678153331605,-0.0003622638405904634
2026-04-09 14:20:00,0.00031638694809110746,0.00011680443048739339
2026-04-09 14:25:00,0.0011874920322227922,-0.00014522959945527185
2026-04-09 14:30:00,0.00011807943807795596,-0.00045581307742033794
2026-04-09 14:35:00,-3.374317228299617e-05,0.00017113523716873736
2026-04-09 14:40:00,0.0001517623404652113,0.0003594559652705268
2026-04-09 14:45:00,8.433392020812391e-05,0.00018204653527105832
2026-04-09 14:50:00,0.0016647108407248368,0.0003259949891003552
2026-04-09 14:55:00,0.0021916605700074143,0.00060569210780577
2026-04-09 15:00:00,0.0022280541759762684,0.00039359066714631663
2026-04-09 15:05:00,0.0010164281320825808,0.0007328298214074624
2026-04-09 15:10:00,-0.00014722336755923493,0.000794195731078664
2026-04-09 15:15:00,0.0006855278201616244,0.000801706340294122
2026-04-09 15:20:00,0.003370170385865734,0.0002886541512825012
2026-04-09 15:25:00,0.004537125265617448,-0.00023391236649975312
2026-04-09 15:30:00,0.0029973386446506822,-0.0006172781086489723
2026-04-09 15:35:00,-0.0014012832003515996,-0.00039356931346596876
2026-04-09 15:40:00,-0.0022219203590605474,-0.0004620926466637699
2026-04-09 15:45:00,0.00028708805942301296,0.00020657198191323219
2026-04-09 15:50:00,0.0007218641194484121,-0.001082111896029765
2026-04-09 15:55:00,0.0011472112179031768,-0.0010289766661420792
2026-04-09 16:00:00,-0.0023431176688113453,-0.0006684089124580473
2026-04-09 16:05:00,0.0007653620588392585,-0.0003893658418354514
2026-04-09 16:10:00,-0.0012332526710494562,-0.0015163825323928925
2026-04-09 16:15:00,-0.0010884686448395797,-0.0003315850168821703
2026-04-09 16:20:00,-0.0024743371109874346,-0.0008363628330477184
2026-04-09 16:25:00,-0.001968382581472028,0.00035874567745941137
2026-04-09 16:30:00,0.0011346708255910443,-0.0006273251198452189
2026-04-09 16:35:00,0.0009577217038501118,-0.0012756329905766958
2026-04-09 16:40:00,0.0028494325142780497,-0.00030208887688949434
2026-04-09 16:45:00,0.0004451116526880128,-0.0008715475318669576
2026-04-09 16:50:00,-0.00023514493014076265,-0.0007924588426203612
2026-04-09 16:55:00,0.00016353812676328516,-0.00045591104869483346
2026-04-09 17:00:00,0.004099555461410276,-0.00016593805443574242
2026-04-09 17:05:00,0.004623454997780385,0.0002294117219547058
2026-04-09 17:10:00,0.001855750529951905,-5.892396978970926e-05
2026-04-09 17:15:00,0.0019047465679733477,0.0006572254005260264
2026-04-09 17:20:00,0.0015016319229470554,-0.00016612264884278405
2026-04-09 17:25:00,0.002453681228534066,0.0007622089773532719
2026-04-09 17:30:00,-0.0014595631628271377,0.0012911984222040626
2026-04-09 17:35:00,-0.000751578349838411,0.0010569590938120852
2026-04-09 17:40:00,0.000728256921153303,0.0008207986900576266
2026-04-09 17:45:00,0.0022980047118803526,0.0007541544053876133
2026-04-09 17:50:00,0.0009185190779206209,0.0005036873735903523
2026-04-09 17:55:00,-0.0010330719571562952,0.00041607120762552794
2026-04-09 18:00:00,-0.00015220208296184978,0.0004391510548025633
2026-04-09 18:05:00,0.0004839705706860542,0.001384168422957087
2026-04-09 18:10:00,0.0008536653336506106,0.0012108211909603753
2026-04-09 18:15:00,-0.00024190302726090351,0.0005430334734386898
2026-04-09 18:20:00,-0.0005194431436095215,0.0009296169815212985
2026-04-09 18:25:00,-0.0010102845310999697,0.000974778956581386
2026-04-09 18:30:00,-0.0018516610217833573,-3.8387521172621034e-05
2026-04-09 18:35:00,-0.0008099515933110979,0.0006288357751514308
2026-04-09 18:40:00,0.0002505789430742311,0.000395944801832077
2026-04-09 18:45:00,0.000714349898892408,0.00013730256321069356
2026-04-09 18:50:00,0.0009351432932653836,0.00012789349871920354
2026-04-09 18:55:00,0.0007075464609478388,0.00021973698226275326
2026-04-09 19:00:00,0.0017732239554621998,-0.00011596920739440303
2026-04-09 19:05:00,-0.00010015210609459757,0.00024343206519641204
2026-04-09 19:10:00,0.0002628543072127343,-4.010874509046517e-05
2026-04-09 19:15:00,-0.0010385191401542926,0.00013750367735096872
2026-04-09 19:20:00,0.0012970278614847786,0.00026415062670450713
2026-04-09 19:25:00,0.0002544439058773662,0.00022783502169338246
2026-04-09 19:30:00,0.0016261183144195002,0.0007698837502999035
2026-04-09 19:35:00,-0.00012087362468804486,7.620157182262763e-05
2026-04-09 19:40:00,0.0005420415920305288,0.0010338915477482013
2026-04-09 19:45:00,-0.003014579694493591,-0.0004131885983937111
2026-04-09 19:50:00,-0.0024665093260747284,0.0012068896228748037
2026-04-09 19:55:00,-0.003016228330412929,0.00026583084459571703
2026-04-09 20:00:00,-2.089383840875314e-05,0.0008921698354770202
2026-04-09 20:05:00,-0.0012397235729313394,9.577540578162898e-05
2026-04-09 20:10:00,-0.00037636196428358915,0.00023369941316299603
2026-04-09 20:15:00,-0.001890608799424598,-0.00017747234220707173
2026-04-09 20:20:00,-0.0008182647176546709,0.00028583926623276557
2026-04-09 20:25:00,-0.002334514910828034,-0.00036626436009318654
2026-04-09 20:30:00,-0.0009948405253510373,0.00036609690096767297
2026-04-09 20:35:00,-0.001265337672464284,0.00016884193253006955
2026-04-09 20:40:00,0.00041076713434584633,0.00035825745485947686
2026-04-09 20:45:00,0.000869231057581743,-0.0007114955476918724
2026-04-09 20:50:00,0.0024475254850564454,0.0002484231870319516
2026-04-09 20:55:00,0.001568164700161745,-0.00036589464974333836
2026-04-09 21:00:00,-0.0004921223871559022,-0.00018325820303791206
2026-04-09 21:05:00,-0.0012408104731971292,-0.00020051878440537115
2026-04-09 21:10:00,-0.0012811470109888035,0.0004341871026376159
2026-04-09 21:15:00,-0.000452547472828968,0.0007953264114065517
2026-04-09 21:20:00,-0.0009635788900670406,-0.00020396569119349658
2026-04-09 21:25:00,-0.0004316052429498285,0.0002975281100347355
2026-04-09 21:30:00,-0.0002850424019875675,0.00021913249002368014
2026-04-09 21:35:00,-8.383336447082002e-05,-0.0005807909735978553
2026-04-09 21:40:00,-0.0005009794357366815,-0.0001882549065013477
2026-04-09 21:45:00,-1.4673498927919582e-05,-9.044460824504339e-05
2026-04-09 21:50:00,-7.755211977844567e-05,-0.00013258884303343367
2026-04-09 21:55:00,7.7573907532269e-05,0.0007182833887223274
2026-04-09 22:00:00,6.917318137666939e-05,0.0006539939648475517
2026-04-09 22:05:00,0.00035627089538792234,-7.706540361052493e-05
2026-04-09 22:10:00,5.660418893427277e-05,-9.924511755141081e-05
2026-04-09 22:15:00,-0.0002809147777558252,-0.0004132369012382143
2026-04-09 22:20:00,-0.0016734791082235745,-0.0002950236951544573
2026-04-09 22:25:00,-0.0012523299270625898,-0.00017994772348116375
2026-04-09 22:30:00,-0.0009880211120059101,-0.00039049428337637664
2026-04-09 22:35:00,0.000686087659397927,-0.00040877485725220963
2026-04-09 22:40:00,0.0005791615330057454,-0.00017709846729490467
2026-04-09 22:45:00,0.001656636359333774,2.5001211891409478e-05
2026-04-09 22:50:00,0.0006059672229259405,-2.2976216456548704e-05
2026-04-09 22:55:00,0.0006983247829417394,-2.5494190981745355e-06
2026-04-10 00:00:00,-0.0013397759190159064,0.000234213080493186
2026-04-10 00:05:00,-0.0005933828552286968,5.9673825489564016e-05
2026-04-10 00:10:00,-0.001130565770314007,0.0002938063460820845
2026-04-10 00:15:00,-0.00020143607200751035,-0.00033987389701009015
2026-04-10 00:20:00,-0.0017129294645208404,-0.0001625874667661573
2026-04-10 00:25:00,-0.0006991150076949282,-0.0002731210773867886
2026-04-10 00:30:00,-0.0010077894573168322,-0.0005733071434397549
2026-04-10 00:35:00,0.00038650509554472023,-0.00019012750569463062
2026-04-10 00:40:00,0.0006151630533501873,-0.00015447447454141185
2026-04-10 00:45:00,0.00048302585127402153,-0.0004330396964656239
2026-04-10 00:50:00,0.00013860130307463692,-1.8110087248435345e-05
2026-04-10 00:55:00,-0.000991165687697304,-0.0003007226927406021
2026-04-10 01:00:00,-0.0004788246207336755,-0.0003214114454554237
2026-04-10 01:05:00,-0.0008676243290004493,-0.00038637092572881595
2026-04-10 01:10:00,-0.0002689601135763553,-0.00011897197770348868
2026-04-10 01:15:00,0.00024994145409173996,-0.00013781207260987792
2026-04-10 01:20:00,0.0005988043002886911,2.9047668083846083e-05
2026-04-10 01:25:00,0.0003677007503650742,-0.00037068675955192516
2026-04-10 01:30:00,0.00011969773187026078,-0.0005772532348787724
2026-04-10 01:35:00,0.00030451725325519874,-0.00032564565030359136
2026-04-10 01:40:00,0.0005838410606102684,0.00018142242533929778
2026-04-10 01:45:00,-0.001096714798128673,0.0009313948554402321
2026-04-10 01:50:00,-0.0017254228780974046,-0.00031415647733500784
2026-04-10 01:55:00,-0.0019103005442584475,-0.00032973011101534934
2026-04-10 02:00:00,-0.0003237817739147886,-0.00020972754094466075
2026-04-10 02:05:00,-7.151902198643256e-05,5.062624103959143e-06
2026-04-10 02:10:00,1.262121626410817e-05,1.3121158295190129e-05
2026-04-10 02:15:00,0.000765133494258663,6.753045321665364e-05
2026-04-10 02:20:00,0.0011878146345694063,-0.0003999500731647588
2026-04-10 02:25:00,0.00030286141167223946,0.000368172592981996
2026-04-10 02:30:00,-0.0006116394544672943,2.7819499994838195e-05
2026-04-10 02:35:00,-0.0005968844491253122,0.0006300249510891139
2026-04-10 02:40:00,0.0014982346541252411,-4.766545866042745e-05
2026-04-10 02:45:00,0.0010170909975339981,0.00019900187501411572
2026-04-10 02:50:00,0.000617895015340153,0.000203708717859476
2026-04-10 02:55:00,-0.0003738231440042483,-0.00012197762025232166
2026-04-10 03:00:00,0.0005774320811617883,0.00012018527321505188
2026-04-10 03:05:00,-9.455102453159725e-05,2.3008821951624677e-05
2026-04-10 03:10:00,0.000365424158601968,0.0002848462931437087
2026-04-10 03:15:00,0.001612942479878754,0.0003918624876683891
2026-04-10 03:20:00,0.003021207381230795,0.0001475026728890758
2026-04-10 03:25:00,0.0019823025736354083,0.00013761402094329255
2026-04-10 03:30:00,-0.0010715091794164522,0.0006572356346144022
2026-04-10 03:35:00,-0.0016458458696124723,0.0005789287010366171
2026-04-10 03:40:00,-0.0014700935139693172,0.0003895483276352949
2026-04-10 03:45:00,-0.0023924938813006946,-0.00022376420125306794
2026-04-10 03:50:00,-0.0013228320609695032,-0.0006563818242472698
2026-04-10 03:55:00,-0.002567881061132482,-0.0001978711164085994
2026-04-10 04:00:00,-0.0013994978824207749,-0.0007972317369057686
2026-04-10 04:05:00,-0.0029121903235491686,-0.0012214674298152298
2026-04-10 04:10:00,-0.001695217262112081,-0.0007636280778392705
2026-04-10 04:15:00,-0.0009481409774103611,-0.0014306369801045022
2026-04-10 04:20:00,0.00047401902651778016,-0.0014770042464838534
2026-04-10 04:25:00,0.0011143235956190267,-0.0013926429509931557
2026-04-10 04:30:00,0.0011776666079015286,-0.0010505223313863905
2026-04-10 04:35:00,0.00032641577867842386,-0.0005228682022833235
2026-04-10 04:40:00,0.0006818842155471572,-0.000296783804758366
2026-04-10 04:45:00,0.0011888993981887808,-7.283373648710698e-05
2026-04-10 04:50:00,0.0017902320406921746,1.523711784755414e-05
2026-04-10 04:55:00,0.0014863263887150424,0.0002281454170398587
2026-04-10 05:00:00,0.0013576136669666283,0.0005453281508421406
2026-04-10 05:05:00,0.00011138911697727849,0.0007777145740712149
2026-04-10 05:10:00,-0.0009163418427906578,0.000682591021584481
2026-04-10 05:15:00,0.00021209197311478079,0.00034678322383873886
2026-04-10 05:20:00,0.0014763094950662747,0.0003652350354043969
2026-04-10 05:25:00,0.0019724555896996065,0.0002889788424988594
2026-04-10 05:30:00,0.0009507110586159939,0.0008912862053728124
2026-04-10 05:35:00,-0.0001469032791447944,0.0006415544086967378
2026-04-10 05:40:00,0.00024969286858045336,0.0007638325433126366
2026-04-10 05:45:00,2.3074462339067736e-05,0.000600743250827645
2026-04-10 05:50:00,0.0002853923219454657,0.0007048154138115186
2026-04-10 05:55:00,0.00016992335658372326,0.00013115925575457458
2026-04-10 06:00:00,0.0007255250938946745,5.342238685764143e-05
2026-04-10 06:05:00,0.00019720886580643082,0.00013619534725911825
2026-04-10 06:10:00,-0.00034617067398912127,0.0005029220813512753
2026-04-10 06:15:00,-0.001449477781108044,0.00029618350000707095
2026-04-10 06:20:00,-0.0007974666168699684,-9.018977595819181e-05
2026-04-10 06:25:00,-0.0006402069031459234,0.0001640705810324732
2026-04-10 06:30:00,-6.087788004016659e-05,-4.974987737413496e-05
2026-04-10 06:35:00,-7.558245734884395e-05,-0.0002789455500733284
2026-04-10 06:40:00,-0.0008213242266066345,8.49926937210135e-05
2026-04-10 06:45:00,-0.00026454693342969904,-0.00029387752130025264
2026-04-10 06:50:00,-0.00019528112669853215,-0.00013524481882715188
2026-04-10 06:55:00,0.00030046025273477994,-9.032277382727532e-05
2026-04-10 07:00:00,-0.00038644827219691535,4.961593870563569e-05
2026-04-10 07:05:00,-0.00016381358051198447,-0.00019062244450492258
2026-04-10 07:10:00,1.470552707338868e-05,-0.00018609875327025657
2026-04-10 07:15:00,0.0008021334659336077,-0.00020709351929024957
2026-04-10 07:20:00,0.0008565742594122128,-5.448151250441594e-05
2026-04-10 07:25:00,0.000993172806554199,0.00022999706937077403
2026-04-10 07:30:00,0.0004595718508149105,0.0001981058658721707
2026-04-10 07:35:00,0.0003818627816212228,-5.0053940669990743e-05
2026-04-10 07:40:00,0.00010283046099068827,0.0001854825468470222
2026-04-10 07:45:00,-0.0009571548046931611,0.0002810424679733823
2026-04-10 07:50:00,-0.0016901134509321736,1.2313477428774312e-05
2026-04-10 07:55:00,-0.001898821159279862,-0.00017038754524332147
2026-04-10 08:00:00,-0.0018707742261376836,-0.0009096451765312733
2026-04-10 08:05:00,-0.001017544316281871,-0.0009922071364511593
2026-04-10 08:10:00,-0.00015138867599695516,-0.0012130753781108667
2026-04-10 08:15:00,0.0010997665944643131,-0.0013178975024230038
2026-04-10 08:20:00,-0.0004207753689691174,-0.0009471447775271016
2026-04-10 08:25:00,-0.0009424892932017315,-0.0006176021425510444
2026-04-10 08:30:00,-0.00302674626669841,-0.000569770298178258
2026-04-10 08:35:00,-0.0014319620534237743,-0.001146860414601829
2026-04-10 08:40:00,-0.0011161467564821947,-0.0010620707583789684
2026-04-10 08:45:00,0.0014534763809574969,-6.786220905348246e-05
2026-04-10 08:50:00,0.0013835615327941753,0.00010718306688183783
2026-04-10 08:55:00,0.00023596881107579293,0.0007750763091326089
2026-04-10 09:00:00,0.00043983934998337304,0.0005283860980901012
2026-04-10 09:05:00,0.0005007269060168795,0.0006376527151306938
2026-04-10 09:10:00,0.001427266501124791,0.00042195824785213167
2026-04-10 09:15:00,0.0006415238619741359,0.0003565938825579377
2026-04-10 09:20:00,0.00031545542561062234,0.000707972532671889
2026-04-10 09:25:00,7.783058809174292e-05,0.0006973867183306282
2026-04-10 09:30:00,-0.00045428256735746686,0.00043781976672221614
2026-04-10 09:35:00,-0.001066639838823491,0.000249231448551231
2026-04-10 09:40:00,-0.0010354320696794872,-0.00016596086981179116
2026-04-10 09:45:00,-0.0012482359502339335,0.0002958489245839125
2026-04-10 09:50:00,-0.0001641994648249323,0.00011628427185050791
2026-04-10 09:55:00,0.00016422539340510411,0.00017760818835937917
2026-04-10 10:00:00,-0.00044662796633510027,-5.911323943901813e-06
2026-04-10 10:05:00,-0.0007919040862027771,0.0003487858975693641
2026-04-10 10:10:00,-0.0006928773957959322,-0.0002798729657119282
2026-04-10 10:15:00,0.0009225306637450359,-0.00012887445432771706
2026-04-10 10:20:00,0.0006929503638293255,0.0005525602913271716
2026-04-10 10:25:00,-0.0008788967356334609,0.00017098463764194361
2026-04-10 10:30:00,-0.003082641196751723,0.00023189451283166777
2026-04-10 10:35:00,-0.0027577965240670466,-0.0004088289558139075
2026-04-10 10:40:00,-0.0001919003305097533,-0.0005596386881205729
2026-04-10 10:45:00,0.0019514753540406105,-0.0005820594132884785
2026-04-10 10:50:00,0.0012512279172867125,-3.247909362617329e-05
2026-04-10 10:55:00,0.0010960776277091355,-0.00018845797680512838
2026-04-10 11:00:00,0.0029946915574718957,0.0002876749243085574
2026-04-10 11:05:00,0.002382074288249214,0.00031818518476415994
2026-04-10 11:10:00,0.0004022962534335761,0.0008218695297122934
2026-04-10 11:15:00,-0.002343640951638193,0.0015743994488968916
2026-04-10 11:20:00,-0.0010144785040822057,0.0010400430063962588
2026-04-10 11:25:00,0.0003979244817120531,0.0009104673476673964
2026-04-10 11:30:00,0.0004506411183093917,0.00045998333155403246
2026-04-10 11:35:00,0.000623121183545905,0.00026596214029080524
2026-04-10 11:40:00,0.00029886557585712126,0.0005816457995134686
2026-04-10 11:45:00,-0.0004885547720725469,0.0004173491997649129
2026-04-10 11:50:00,-0.0012150247605688946,0.0005168408927872292
2026-04-10 11:55:00,-0.0009979704553177982,0.0003753151531550962
2026-04-10 12:00:00,0.0010210602438895933,0.0003350674914579191
2026-04-10 12:05:00,0.0027375111651259942,0.0005547670950017644
2026-04-10 12:10:00,0.002324948788546166,0.0008699794513098635
2026-04-10 12:15:00,0.0015243857313187448,0.0008945634215584295
2026-04-10 12:20:00,-0.0009607471440933324,0.0012004456968582886
2026-04-10 12:25:00,-0.0006306734539958114,0.0010778005543595364
2026-04-10 12:30:00,-0.0002500501689315371,0.0005345370477527062
2026-04-10 12:35:00,0.0005509132261778404,0.0003865521509064443
2026-04-10 12:40:00,0.00038055391026325935,0.0004198458742929786
2026-04-10 12:45:00,0.00025845413055769484,0.00039666178537974396
2026-04-10 12:50:00,-0.0002628024213979785,0.000512548043881957
2026-04-10 12:55:00,-0.0002964411318000515,0.0005561284821534546
2026-04-10 13:00:00,-0.0002458450621158903,-0.0003822597746342659
2026-04-10 13:05:00,0.0011117078257338875,0.0002522723970252383
2026-04-10 13:10:00,0.0012755438813289999,0.00024333211656370494
2026-04-10 13:15:00,0.00021222879183824261,-4.9729232072031864e-05
2026-04-10 13:20:00,0.00010711259118778571,0.0006478786578939884
2026-04-10 13:25:00,0.0011270917715968665,0.0006178302019060757
2026-04-10 13:30:00,0.0008484650433189245,0.0003341558765289313
2026-04-10 13:35:00,0.0006445335070868197,9.446777814067878e-05
2026-04-10 13:40:00,0.0003984807450194694,6.023943998883997e-05
2026-04-10 13:45:00,0.0007512565012799399,0.0004277376869704362
2026-04-10 13:50:00,0.00015319929474344463,0.0005656632406052959
2026-04-10 13:55:00,-0.0004530220422349629,0.0004892699352197172
2026-04-10 14:00:00,0.0001447303979364989,0.0001665744607371011
2026-04-10 14:05:00,-0.0010161706361309086,0.00045379905048334305
2026-04-10 14:10:00,-0.0009948516203994728,-0.00045969449017355514
2026-04-10 14:15:00,0.0026894292798527175,-3.334863122405352e-05
2026-04-10 14:20:00,0.0032234109841962066,0.0005790296161051325
2026-04-10 14:25:00,0.0022485494589776778,-0.0004466548801787812
2026-04-10 14:30:00,-0.0026747476561066463,0.0004176934858550075
2026-04-10 14:35:00,-0.002268097532011737,0.0003594095157359534
2026-04-10 14:40:00,-0.00033947532529055024,0.00018397111498988865
2026-04-10 14:45:00,0.0006478741463791238,0.0002887585989365822
2026-04-10 14:50:00,0.001933028117154123,0.0006642635658621076
2026-04-10 14:55:00,0.0002996662829755081,0.0008514549683791323
2026-04-10 15:00:00,0.00027872928965244625,6.702310609871265e-05
2026-04-10 15:05:00,0.0003978824330861386,0.00028559036551902066
2026-04-10 15:10:00,0.0009235805841765199,0.00023528338552584137
2026-04-10 15:15:00,-0.0005512465542594214,0.0003982349519738463
2026-04-10 15:20:00,-0.00012353601980663598,-1.3616850499421932e-05
2026-04-10 15:25:00,-0.001472687984096055,-0.0006210271416296468
2026-04-10 15:30:00,0.000959769393748644,-0.0005492959931009334
2026-04-10 15:35:00,0.0003077647822049556,-0.00041963060211843377
2026-04-10 15:40:00,0.0005491073999195351,-0.00010585047870080546
2026-04-10 15:45:00,0.00035601199926915683,-5.829719944312347e-05
2026-04-10 15:50:00,-0.0002805436703461339,2.0215945398734553e-05
2026-04-10 15:55:00,0.0014865252389828498,-2.081733279552099e-05
2026-04-10 16:00:00,0.0026034084833224114,-0.0003890973159921903
2026-04-10 16:05:00,0.0030712227380771395,-0.0002880195629012522
2026-04-10 16:10:00,0.0024030737459401763,-0.00035177739045005353
2026-04-10 16:15:00,-7.727273205659912e-05,-6.666823292394209e-05
2026-04-10 16:20:00,-0.0007037290620406367,6.674405361146142e-05
2026-04-10 16:25:00,-0.002126949111566745,-0.0005653097313738447
2026-04-10 16:30:00,-0.002919850560237691,-0.00039846624548388625
2026-04-10 16:35:00,-0.0025036066458241635,-0.0009041099550620336
2026-04-10 16:40:00,-0.0013646307464245666,-0.0005077649161675281
2026-04-10 16:45:00,0.00011310416486765007,-0.0008725206813981911
2026-04-10 16:50:00,0.0009879686328204684,-0.0003014955810447704
2026-04-10 16:55:00,0.0016385881676264091,-0.00024596542681552076
2026-04-10 17:00:00,0.0016929383003017051,-0.0005059281006416622
2026-04-10 17:05:00,0.0013234359830089915,-0.0007264730481267568
2026-04-10 17:10:00,-0.0011883890778001671,-0.0002072799440787889
2026-04-10 17:15:00,-0.001563093736626442,-1.6462213401587928e-05
2026-04-10 17:20:00,-0.005365200740518716,0.00031627227857923703
2026-04-10 17:25:00,-0.002240435862381318,-7.305794343647924e-05
2026-04-10 17:30:00,-0.0018361436092657613,7.126626719982912e-05
2026-04-10 17:35:00,0.0012805416130952096,0.0004659714073733248
2026-04-10 17:40:00,-0.0007682265260644527,0.00022020321102342972
2026-04-10 17:45:00,-0.0027437222566977226,0.00011784893132283497
2026-04-10 17:50:00,-0.0021379511122585626,-0.0006035492539046414
2026-04-10 17:55:00,0.00017636647319108079,-0.0007383583477470157
2026-04-10 18:00:00,0.001864282103214876,-0.00032291768880076603
2026-04-10 18:05:00,0.0009246262227087243,-0.0007683811115404084
2026-04-10 18:10:00,-0.0010439543498712567,-0.000632455921733547
2026-04-10 18:15:00,-0.00020790435634587823,-0.0004117571795997467
2026-04-10 18:20:00,0.0003696112403890339,-0.0005276483960174565
2026-04-10 18:25:00,-0.00027114426196739316,0.00021265008957435316
2026-04-10 18:30:00,8.820712719348478e-05,-0.0008892077762765807
2026-04-10 18:35:00,0.0005982286314303309,-0.0006533831775573083
2026-04-10 18:40:00,0.0014872358854418621,-0.0004260237771739519
2026-04-10 18:45:00,-0.0003633793478776681,-0.0005368497063802505
2026-04-10 18:50:00,-0.0006675203337760394,-0.0005078711217086471
2026-04-10 18:55:00,0.0001280341202178903,-0.00018078908519921763
2026-04-10 19:00:00,0.001471605732561443,-0.000462796091857761
2026-04-10 19:05:00,0.0005332124285057915,-0.0002508330189063761
2026-04-10 19:10:00,-0.0005773326761637776,0.00011872495056685282
2026-04-10 19:15:00,-0.0012300382736754045,-0.00022157222935850572
2026-04-10 19:20:00,-0.000644509150932393,-8.436034636537212e-05
2026-04-10 19:25:00,-0.0005629578119386025,0.00018894594466062407
2026-04-10 19:30:00,0.0005501358680355395,0.00012692384301584407
2026-04-10 19:35:00,-0.00013651289385485654,-0.0003377366986665327
2026-04-10 19:40:00,0.00032983089637994567,-0.00037608727177219377
2026-04-10 19:45:00,-0.0022549582363620146,5.77237744088519e-05
2026-04-10 19:50:00,-0.0010233899052245476,0.0005189904104879343
2026-04-10 19:55:00,0.0006089558695183683,-0.00016900368406264513
2026-04-10 20:00:00,0.003165586632839279,7.46237557327017e-05
2026-04-10 20:05:00,0.0017456465686809253,-0.00033570745295347483
2026-04-10 20:10:00,0.0006127811220135726,-0.0003229784486848433
2026-04-10 20:15:00,0.0006499415281435716,-0.0007091031516185661
2026-04-10 20:20:00,0.001510013562453949,0.0005246145480899536
2026-04-10 20:25:00,0.0003356112981478532,-0.00045054915724167445
2026-04-10 20:30:00,-0.001480804351400522,-0.00012003805292466132
2026-04-10 20:35:00,-0.0007903754904496907,-0.00032421889039335066
2026-04-10 20:40:00,-0.0006020829734705302,0.000507439250643307
2026-04-10 20:45:00,0.0006316026023842625,-0.00041001689009311366
2026-04-10 20:50:00,-0.0005055808045728583,-2.4776952191399165e-05
2026-04-10 20:55:00,0.00030423356979980554,0.00030562340424701155
2026-04-10 21:00:00,0.00053057352466368,-0.0004179587167307415
2026-04-10 21:05:00,0.00044265936197263045,-0.00011748627211487915
2026-04-10 21:10:00,-0.0007282167511561966,0.00020475948221335217
2026-04-10 21:15:00,-0.00103624343790365,2.6916971889612166e-05
2026-04-10 21:20:00,-0.001038775807041148,-0.00019202937024899165
2026-04-10 21:25:00,0.00015534143659223787,0.00016693923049670187
2026-04-10 21:30:00,-0.0010499239769661273,-0.00012755309422474934
2026-04-10 21:35:00,-0.0006405914663343282,-0.0001705617858503621
2026-04-10 21:40:00,-0.0008798870784350044,-0.00041719011806749204
2026-04-10 21:45:00,-0.001295023800453876,0.00028159886629693635
2026-04-10 21:50:00,-0.0012403428299574415,-0.00020754409488813483
2026-04-10 21:55:00,-0.0013202321153080732,-0.00040754989517630965
2026-04-10 22:00:00,-0.0005407902191958414,6.032885866478987e-05
2026-04-10 22:05:00,-0.001081825232898126,-3.438227523838712e-05
2026-04-10 22:10:00,-0.0017918265101570796,-0.0004971458905960964
2026-04-10 22:15:00,-0.0007959352975301925,-0.0002071268138865844
2026-04-10 22:20:00,0.0003747723512397272,-0.0002786492097285266
2026-04-10 22:25:00,0.0012826090317314964,-0.0003111279725609171
2026-04-10 22:30:00,0.0007580479786213346,0.00015848107063165726
2026-04-10 22:35:00,-0.0001936850266464063,-3.119730109741198e-05
2026-04-10 22:40:00,-0.0003010231652691431,0.00020269284262492578
2026-04-10 22:45:00,-0.016948262997120267,0.000442027294793005
2026-04-10 22:50:00,-0.0176213767657476,-0.0003791283567811771
2026-04-10 22:55:00,-0.01551849660203608,3.853203063539494e-05
2026-04-13 00:00:00,-0.0002355233446635907,-0.001225278155525261
2026-04-13 00:05:00,-0.001913301456667682,-5.936973800967e-05
2026-04-13 00:10:00,-0.006216076230252554,0.00018787539371724224
2026-04-13 00:15:00,-0.0033482832468312296,-0.0004972038219079874
2026-04-13 00:20:00,-0.00012238706319678272,-0.0010797237258503617
2026-04-13 00:25:00,0.0022437870079805577,-0.0013651475368710395
2026-04-13 00:30:00,0.0010243361233239767,-0.0009475442909812287
2026-04-13 00:35:00,-0.0002555581220722303,-0.001246985386003941
2026-04-13 00:40:00,5.79622408380942e-05,-0.0011110189043069428
2026-04-13 00:45:00,5.365745297858382e-05,0.0003469920302717084
2026-04-13 00:50:00,0.00022979051581728527,-0.00034492944782229753
2026-04-13 00:55:00,0.0002747382491552486,-0.00021527144277837162
2026-04-13 01:00:00,-0.0015228434790355294,0.0001938630713169071
2026-04-13 01:05:00,-0.0020678662783115698,3.391421375400529e-07
2026-04-13 01:10:00,-0.0013228708221824093,-0.0003588209594753187
2026-04-13 01:15:00,0.0006274604390075211,-0.0005951828212641033
2026-04-13 01:20:00,0.0022868697703604113,-0.0002260317031686979
2026-04-13 01:25:00,0.0005005773931632262,8.907954114124778e-06
2026-04-13 01:30:00,0.001092817678001623,0.000355736486015622
2026-04-13 01:35:00,0.001913166035897973,0.0002450703035990888
2026-04-13 01:40:00,0.0034520944090239425,0.00018769202056254444
2026-04-13 01:45:00,0.0018479855362265596,0.0006906600618433104
2026-04-13 01:50:00,0.0010729442423755842,0.0008853643010812042
2026-04-13 01:55:00,0.0001219988550733575,0.0003783009181824664
2026-04-13 02:00:00,0.0009933272352586897,0.00041173984854721914
2026-04-13 02:05:00,0.00025682183126640723,-0.00029290563480269456
2026-04-13 02:10:00,0.00015622241395440994,0.00024251739820559413
2026-04-13 02:15:00,0.001362079037955155,0.00011602113258459375
2026-04-13 02:20:00,0.0008791152945093472,0.0004382164554119861
2026-04-13 02:25:00,0.0011676847808317348,0.00023079987393678474
2026-04-13 02:30:00,0.001573594685392976,-0.0001065730245245544
2026-04-13 02:35:00,0.0026966884246188982,0.0001716086008251988
2026-04-13 02:40:00,0.0038803353902352455,0.000635376702760843
2026-04-13 02:45:00,0.003592679236183116,0.0006449028034293044
2026-04-13 02:50:00,0.003677789301567813,0.0010001335623001243
2026-04-13 02:55:00,0.0038992700299331773,0.001206080932923314
2026-04-13 03:00:00,0.0027618550631718364,-0.003297838486322978
2026-04-13 03:05:00,0.0017786989625747651,0.0013040405062501148
2026-04-13 03:10:00,0.00043255072013437257,0.0013959029433138856
2026-04-13 03:15:00,0.0009111598635147544,0.0007103691380576723
2026-04-13 03:20:00,0.00031804930032208745,0.0005141755556340269
2026-04-13 03:25:00,-0.0006255626291444827,0.000499561733789362
2026-04-13 03:30:00,-0.0013479633173894001,0.0003225407341233027
2026-04-13 03:35:00,0.0012309571344406578,-3.114688444448629e-05
2026-04-13 03:40:00,0.0014964573218296806,8.297880869307696e-05
2026-04-13 03:45:00,0.0017333671067412126,0.00047699789547843446
2026-04-13 03:50:00,8.045733648209819e-05,0.0004311720623965557
2026-04-13 03:55:00,0.00028589490062991274,0.0002948050601007124
2026-04-13 04:00:00,-0.00022021254834747594,0.0005546191644966705
2026-04-13 04:05:00,-0.0005103785912723424,0.00048363994426176503
2026-04-13 04:10:00,-0.0006396706126388096,0.00044918285208494786
2026-04-13 04:15:00,0.0005631393685856523,0.00025929878382061083
2026-04-13 04:20:00,-0.0009642885516853994,0.00013614644482077876
2026-04-13 04:25:00,-0.0009433073051141605,6.861651574790346e-05
2026-04-13 04:30:00,-0.0025960417019081916,-7.612581950983908e-05
2026-04-13 04:35:00,0.0005765655928868796,-0.00047943257602488275
2026-04-13 04:40:00,0.0011805838796146162,-0.0007471196401823946
2026-04-13 04:45:00,0.0005791303236861722,0.00011411553818656838
2026-04-13 04:50:00,-0.0009031509130235094,-0.00034408435988817024
2026-04-13 04:55:00,-0.0014563248291050712,-0.000566887603722916
2026-04-13 05:00:00,5.089652102263642e-05,0.00032106814780445675
2026-04-13 05:05:00,0.00046439777033135954,-0.0001711090029422672
2026-04-13 05:10:00,0.0010707218005219232,0.0001551781281796036
2026-04-13 05:15:00,0.0012800435775766061,0.0004423752678965582
2026-04-13 05:20:00,0.0004429913646735173,0.0006192226016728341
2026-04-13 05:25:00,0.0006884725608475861,0.000104145774156141
2026-04-13 05:30:00,-0.00016521153468218586,0.0005793553533565494
2026-04-13 05:35:00,-4.6621429760307365e-05,0.0005534580492532518
2026-04-13 05:40:00,-0.0008622543930307813,0.0005095215129296439
2026-04-13 05:45:00,-0.0012632874704863184,0.0006423338968162787
2026-04-13 05:50:00,-0.0012914295627908245,0.0007885800034840488
2026-04-13 05:55:00,-0.000714518212978632,2.297141192369131e-05
2026-04-13 06:00:00,-0.0005006693374607352,-9.130215622625813e-05
2026-04-13 06:05:00,2.334111016644158e-05,-0.00021108351928879408
2026-04-13 06:10:00,-0.0004136785522117492,-0.00034559855444799714
2026-04-13 06:15:00,0.0001315560536774285,-0.0004553200962663281
2026-04-13 06:20:00,-9.124561947793097e-05,-3.6296407426782354e-05
2026-04-13 06:25:00,0.0011663465837727927,-0.00024440230002992566
2026-04-13 06:30:00,0.001215014160301564,9.497178377681649e-05
2026-04-13 06:35:00,0.0023548648569136077,0.0004401229215894889
2026-04-13 06:40:00,0.0010972438676564167,0.000420321857017073
2026-04-13 06:45:00,0.0006058949953278159,0.00046009159800053053
2026-04-13 06:50:00,-0.0005527149349386917,0.00032614404057717595
2026-04-13 06:55:00,-0.0008493055161515883,0.0007674192961526371
2026-04-13 07:00:00,-0.0009280585809108288,0.0005004193305915284
2026-04-13 07:05:00,-0.0008052656328203511,0.000220860615161844
2026-04-13 07:10:00,0.00024152184301051705,8.138021845006334e-06
2026-04-13 07:15:00,0.0010911214525979318,-4.564693805787739e-05
2026-04-13 07:20:00,0.001241533474305001,-3.859277580140319e-05
2026-04-13 07:25:00,0.00012073905022802478,0.0005034010843321311
2026-04-13 07:30:00,0.00011222263288246381,0.00024048302691049604
2026-04-13 07:35:00,-0.00044474094573310197,5.8420941407427266e-05
2026-04-13 07:40:00,0.0017818526665962509,-9.813346232803887e-05
2026-04-13 07:45:00,0.0006307532630476231,0.00043617435226583033
2026-04-13 07:50:00,0.0015895680294359948,0.00036035941026723597
2026-04-13 07:55:00,-0.0006620044593947938,0.00038946005136199674
2026-04-13 08:00:00,0.0006049798912357573,6.471771816340798e-05
2026-04-13 08:05:00,-0.00023689916032765268,0.0004567153039290656
2026-04-13 08:10:00,0.001124935625147927,0.00035156168093955525
2026-04-13 08:15:00,0.00020298815549324445,0.0006500999276511134
2026-04-13 08:20:00,-4.0193818831468775e-05,6.683051293340026e-05
2026-04-13 08:25:00,-0.0011376300884577972,0.0007252326955079981
2026-04-13 08:30:00,-0.0016462371971339707,0.00018771997561670847
2026-04-13 08:35:00,-0.00041472529276020964,0.0002558216756230524
2026-04-13 08:40:00,-6.98224288981919e-05,-0.0007384001989863316
2026-04-13 08:45:00,0.0032538849594772046,0.00016101016645611872
2026-04-13 08:50:00,0.0004358801356332265,0.00038310123448130726
2026-04-13 08:55:00,0.00041674644332623245,7.251219419754227e-05
2026-04-13 09:00:00,-0.001235609793269532,0.00046300176684957125
2026-04-13 09:05:00,0.0006746047526817733,0.0007200819765235716
2026-04-13 09:10:00,0.0006934871686805621,0.0001239232268124751
2026-04-13 09:15:00,4.438165263209726e-05,0.00017441793809062735
2026-04-13 09:20:00,-0.00017548032498382327,0.000252636198464941
2026-04-13 09:25:00,0.00019231521156370945,0.00012971291051728953
2026-04-13 09:30:00,0.0015246866998932518,0.0003568726379888399
2026-04-13 09:35:00,0.0010925510036940977,0.00037968281613263587
2026-04-13 09:40:00,0.00025777116824343693,1.1909387930736461e-05
2026-04-13 09:45:00,-0.0005530109687761353,0.0006293935991689965
2026-04-13 09:50:00,-0.0001647571736462794,0.000476962017499145
2026-04-13 09:55:00,-0.00015211921104807402,0.00044226186602935885
2026-04-13 10:00:00,-0.0007709261950719082,0.00013028123933687285
2026-04-13 10:05:00,-4.436233891702557e-05,0.0007829501513527522
2026-04-13 10:10:00,-0.00012889688583861414,0.0007587011695214265
2026-04-13 10:15:00,1.0564648782462882e-05,-9.976325300203602e-05
2026-04-13 10:20:00,-0.0007333199114309963,9.985722100831036e-06
2026-04-13 10:25:00,-0.002240386478050027,-0.0012571542326412677
2026-04-13 10:30:00,-0.0009047383112150698,0.00026824579271342487
2026-04-13 10:35:00,-0.001038556774537014,0.00013230434000380527
2026-04-13 10:40:00,0.00041926413407367136,1.5082712815645714e-05
2026-04-13 10:45:00,-0.00030669753623691065,-0.0005858909823205612
2026-04-13 10:50:00,-0.0015863555597572798,-0.00010815380608202004
2026-04-13 10:55:00,-0.0009213418353173353,0.00025388255808273793
2026-04-13 11:00:00,-0.0014713403598776154,-0.00022359354758967636
2026-04-13 11:05:00,0.0006611108173473212,-8.018845414478749e-05
2026-04-13 11:10:00,-0.0007716147905405535,-0.000403171720361915
2026-04-13 11:15:00,-0.0012401465598141925,0.00021850890786716343
2026-04-13 11:20:00,-0.0010469607307612705,-0.000338480682725421
2026-04-13 11:25:00,-0.000250266705018376,2.097601747092997e-05
2026-04-13 11:30:00,-0.00013576753225130744,-0.00015066292135555622
2026-04-13 11:35:00,-0.00019085993059597683,-0.00011118186510446545
2026-04-13 11:40:00,0.00013150387425220345,-0.0004908574066615485
2026-04-13 11:45:00,0.00044541824448351974,-0.00014156963020074567
2026-04-13 11:50:00,0.0006508946851120356,-5.527933903449095e-05
2026-04-13 11:55:00,0.0005894338849170566,-0.0006511771276522166
2026-04-13 12:00:00,-0.0005133089235442867,-0.00042504089612267564
2026-04-13 12:05:00,-0.0013425368748514188,-0.0004933217904789382
2026-04-13 12:10:00,-0.001013702028744845,-0.0001479153968422205
2026-04-13 12:15:00,0.0006278129832626433,-8.720747172882707e-05
2026-04-13 12:20:00,0.001100886016770275,-0.00025994791567864354
2026-04-13 12:25:00,0.0010582134994656656,-0.0005444221219573835
2026-04-13 12:30:00,0.0010214743601704157,-0.00011552868688839189
2026-04-13 12:35:00,0.0006951185160222195,0.00013630119174236322
2026-04-13 12:40:00,0.0011502520489390378,0.00018033292293984028
2026-04-13 12:45:00,0.0008659521515053115,0.0006396044862517848
2026-04-13 12:50:00,0.0005739561727065023,0.0005641604719409379
2026-04-13 12:55:00,-0.000381152440178667,0.0001527202597185401
2026-04-13 13:00:00,-0.0010438933720582355,0.00015971999507813077
2026-04-13 13:05:00,-0.0005972602453070408,0.00027098584389252537
2026-04-13 13:10:00,-0.00016732945407937905,0.00020617968436115457
2026-04-13 13:15:00,-0.00012500145674820828,6.345427343557502e-05
2026-04-13 13:20:00,-0.001675077784488721,-5.7579685510755954e-05
2026-04-13 13:25:00,-0.0028000349207015773,-0.00011746585740804414
2026-04-13 13:30:00,-0.0023227828672531814,-7.392876450887035e-05
2026-04-13 13:35:00,-0.0009171799907949918,-0.0012990506620344042
2026-04-13 13:40:00,-0.00021456834137012493,-0.0005252664065552152
2026-04-13 13:45:00,0.0002081037298431454,-0.0004932330911811098
2026-04-13 13:50:00,0.0014624183445288708,-0.0008756526201355182
2026-04-13 13:55:00,0.0023471250018474166,-0.0006479833851916184
2026-04-13 14:00:00,0.0008447111611502578,-0.00032480091969993934
2026-04-13 14:05:00,-0.0014539220775748873,-5.8144449529578855e-05
2026-04-13 14:10:00,-0.0014381807586349993,-0.0004312043120542324
2026-04-13 14:15:00,-8.486010811381561e-06,-8.897865216505952e-05
2026-04-13 14:20:00,0.0007877150832218405,1.0268080250431426e-05
2026-04-13 14:25:00,0.001005671306650413,-2.370032580488392e-05
2026-04-13 14:30:00,0.0016830631475617253,-0.0007024848459346317
2026-04-13 14:35:00,0.002558443353152029,0.00030247516061523354
2026-04-13 14:40:00,0.001781838646207845,-2.3398189925928105e-05
2026-04-13 14:45:00,0.0011430362824942364,0.0004700580613451332
2026-04-13 14:50:00,0.0010684948464607658,0.0007024690086183713
2026-04-13 14:55:00,0.0022265390125593143,0.0004829589770421469
2026-04-13 15:00:00,0.0018198097921278134,0.0009359979909349975
2026-04-13 15:05:00,0.0004080541056001863,0.0010537400564737298
2026-04-13 15:10:00,1.0560543065807337e-05,0.0010824764940531731
2026-04-13 15:15:00,-0.0004097495093873249,0.0009079104250981563
2026-04-13 15:20:00,-0.0006639657180880221,0.0008362799265128309
2026-04-13 15:25:00,-0.0016107147698392055,0.00043291355918286195
2026-04-13 15:30:00,0.0012287451878929545,-0.00032119318394838734
2026-04-13 15:35:00,-1.9037365060370348e-05,-2.6855474225985656e-05
2026-04-13 15:40:00,0.0009071388639600997,-0.004137804748602006
2026-04-13 15:45:00,-0.003191109874222775,-0.003642732445275418
2026-04-13 15:50:00,-0.0005649400880010091,3.328243977389385e-05
2026-04-13 15:55:00,-0.0008077152037966329,-0.00028110080813669754
2026-04-13 16:00:00,-0.0011987666424797538,-0.003951707806238202
2026-04-13 16:05:00,-0.0016098185441091317,-0.00042061756288358526
2026-04-13 16:10:00,-0.002564905010466134,-4.440383000941774e-05
2026-04-13 16:15:00,0.0001568108906244703,-0.0001834563020742888
2026-04-13 16:20:00,0.0003921024264155193,-0.00017934599738411998
2026-04-13 16:25:00,0.0013690503558247968,1.0944562563339986e-05
2026-04-13 16:30:00,-0.0008882134246270823,-0.00028486631913864253
2026-04-13 16:35:00,-0.0010834248731530494,-0.0004363714160376029
2026-04-13 16:40:00,-0.0005529046168568641,-0.00028767093562766824
2026-04-13 16:45:00,-0.0016492074490503938,0.00034532798873075995
2026-04-13 16:50:00,-0.0018812883239434086,-0.00041557877177594176
2026-04-13 16:55:00,-0.002318746921970316,-0.0001929491293667531
2026-04-13 17:00:00,-0.0001253405706762578,-0.0003431546383337101
2026-04-13 17:05:00,-6.163701538497435e-05,-0.0004514204307313741
2026-04-13 17:10:00,-0.0011156766460374001,-0.0005267844164448558
2026-04-13 17:15:00,0.0005692172567037801,-0.0010395060224409319
2026-04-13 17:20:00,0.0024222364977912747,-0.0004634988981484453
2026-04-13 17:25:00,0.002013688660770896,-0.00023046549989451056
2026-04-13 17:30:00,0.001169276805089936,-0.0008349263055653021
2026-04-13 17:35:00,-0.0008251516869943742,-0.000726726241310995
2026-04-13 17:40:00,0.0005452071232614486,-1.8877354784273577e-05
2026-04-13 17:45:00,-0.000698006255234418,-0.00041133348391913605
2026-04-13 17:50:00,0.000920562329168817,9.633158928650265e-05
2026-04-13 17:55:00,0.0010916418421889063,-0.0004567950677574722
2026-04-13 18:00:00,0.0029986110195530102,-0.00016050595803121363
2026-04-13 18:05:00,0.002073461399525911,-0.0005360186877841861
2026-04-13 18:10:00,0.0021226375647280804,-0.0002676248990088711
2026-04-13 18:15:00,0.0016153077141929373,0.0003416287330465389
2026-04-13 18:20:00,0.0019973818753520334,0.0006190523863207134
2026-04-13 18:25:00,0.0019240421368031946,0.00108919574486916
2026-04-13 18:30:00,0.0008193415739938814,0.001240403250378859
2026-04-13 18:35:00,0.00032089987355021776,0.001086522087580347
2026-04-13 18:40:00,-0.0012963680290969393,0.0008429446078475756
2026-04-13 18:45:00,0.00015196894796964955,0.000914519027937264
2026-04-13 18:50:00,-0.0017789125439602316,0.000532809299645745
2026-04-13 18:55:00,-0.00048604317442801914,0.0005120107841433664
2026-04-13 19:00:00,0.0013139899618721529,0.0004355032288329969
2026-04-13 19:05:00,0.003293351678976819,0.0004731102364246937
2026-04-13 19:10:00,0.0025923157043798994,0.0004539312601917344
2026-04-13 19:15:00,-0.000206580648342225,0.0009662124040389789
2026-04-13 19:20:00,0.00033927414624557173,0.0010773196550170547
2026-04-13 19:25:00,0.00018761864562755193,0.0010361648492778414
2026-04-13 19:30:00,-0.0009955580376228568,0.0012791358606151911
2026-04-13 19:35:00,-0.003383133793930071,0.0006679090951981377
2026-04-13 19:40:00,-0.0029109951180004145,0.00047939173562573813
2026-04-13 19:45:00,-0.0014254567834210974,-0.00014402452712716888
2026-04-13 19:50:00,-0.00010359506600643442,-0.0003814285638217027
2026-04-13 19:55:00,-2.325451111140353e-05,-0.00032924134340502233
2026-04-13 20:00:00,-0.0014804008244624356,0.00035026299469123433
2026-04-13 20:05:00,-0.00013320942761829713,0.00011415220987810829
2026-04-13 20:10:00,-0.0006280762991366373,-0.00012122846787012516
2026-04-13 20:15:00,0.0017550912711872257,-5.4668442921021283e-05
2026-04-13 20:20:00,0.0005644325224913871,-7.111683166229364e-05
2026-04-13 20:25:00,0.001348714803331319,0.0001367803615652396
2026-04-13 20:30:00,0.0005681584322125843,5.46137433989734e-05
2026-04-13 20:35:00,0.00162598228238231,0.00031324858051016936
2026-04-13 20:40:00,0.001034613178665822,0.0003301826726347304
2026-04-13 20:45:00,-1.9003799703654067e-05,0.0004153295004635545
2026-04-13 20:50:00,-0.0010090647797547092,0.0005695356016873872
2026-04-13 20:55:00,-0.000747347899881845,0.00018595364149170675
2026-04-13 21:00:00,0.00033990231830216544,0.0006100782517816708
2026-04-13 21:05:00,0.001416202135168021,0.0005075688852301279
2026-04-13 21:10:00,0.001736618925843203,0.0007428065909742207
2026-04-13 21:15:00,0.0013120786935605366,0.0004849023011239049
2026-04-13 21:20:00,5.905279321360979e-05,0.0005906248953209306
2026-04-13 21:25:00,-0.0003289452905086421,0.0004932798578533228
2026-04-13 21:30:00,-0.0003963953378463003,0.00038580111159974514
2026-04-13 21:35:00,0.0007568323450648506,0.0006113121178648138
2026-04-13 21:40:00,-4.639842752318657e-05,9.014908759620306e-05
2026-04-13 21:45:00,0.00011598298226367376,0.00040156446109103995
2026-04-13 21:50:00,-0.0004742708175200505,0.00014833758789894452
2026-04-13 21:55:00,0.0002783582784218197,0.0006721266816162064
2026-04-13 22:00:00,-6.958817509783444e-05,-0.00011496603072040317
2026-04-13 22:05:00,-0.00046394905828073263,0.00046550089463258686
2026-04-13 22:10:00,-0.0006854913395581974,0.00016483679530022159
2026-04-13 22:15:00,-0.0005737597875867806,0.0006505981575162836
2026-04-13 22:20:00,-0.00045150251941805664,-0.00038757548470628474
2026-04-13 22:25:00,4.852714831216076e-05,-0.00015314380723540093
2026-04-13 22:30:00,-5.908220023798094e-05,0.0003354891930643765
2026-04-13 22:35:00,0.000470486476919163,0.0004355423313791678
2026-04-13 22:40:00,0.00012236235305351784,0.00042876393938382206
2026-04-13 22:45:00,0.0016719432693310665,0.0002593600281632924
2026-04-13 22:50:00,0.0015680954861476692,0.00020342603543721194
2026-04-13 22:55:00,0.0019283929611582096,0.0005558518954160624
2026-04-14 00:00:00,0.0003980711504691925,-5.6391525421975455e-05
2026-04-14 00:05:00,-0.0002253677769417095,0.0002187114966576637
2026-04-14 00:10:00,-0.00015581932570185586,0.0001718574499859277
2026-04-14 00:15:00,-0.000256937849833605,9.650844699401668e-05
2026-04-14 00:20:00,0.00014112408516453456,0.0001416558706029551
2026-04-14 00:25:00,0.0006168181013794793,0.00013546186127838487
2026-04-14 00:30:00,0.0008253361818351124,0.0003130076482422947
2026-04-14 00:35:00,0.0016225485141880824,0.0002840840513625498
2026-04-14 00:40:00,0.0013607060945268756,0.0005928343662851519
2026-04-14 00:45:00,0.0026965382762664802,0.0007404002812571016
2026-04-14 00:50:00,0.0019683536366255083,0.0008559691007247092
2026-04-14 00:55:00,0.0010040941835232076,0.001164048241517325
2026-04-14 01:00:00,-0.0007684975202586486,0.0011036936537537694
2026-04-14 01:05:00,-0.0013125056353153752,0.0009255807995320826
2026-04-14 01:10:00,-0.0015149305472590413,0.0003255448016211048
2026-04-14 01:15:00,-0.0011160023478318237,0.0006118014880489158
2026-04-14 01:20:00,0.0002458321483089776,4.534595241621415e-05
2026-04-14 01:25:00,0.0008176331762967948,4.054456198172802e-05
2026-04-14 01:30:00,0.000599139149590755,0.00030050082946420987
2026-04-14 01:35:00,-0.00022481849153344058,-0.0001492712784950501
2026-04-14 01:40:00,-0.00042029345507366145,0.00024134502607826145
2026-04-14 01:45:00,-0.0006180651814027271,-0.0004314212354039837
2026-04-14 01:50:00,-0.0005107569086852948,0.00017923602285492397
2026-04-14 01:55:00,0.0004791204449130504,0.0002743599966397985
2026-04-14 02:00:00,0.001918118185717077,0.0002595419129062202
2026-04-14 02:05:00,0.0014244238535017217,0.00047652596876506957
2026-04-14 02:10:00,0.0005670827525694477,0.0005000850097940642
2026-04-14 02:15:00,0.0003693351170550585,0.0004630587224548588
2026-04-14 02:20:00,0.0017640591769172431,-4.4573646449670624e-05
2026-04-14 02:25:00,0.0015672553899914732,0.0006591862288411749
2026-04-14 02:30:00,0.000945799076681908,0.0005484159179290854
2026-04-14 02:35:00,-0.000282962811141374,0.0007732957734196624
2026-04-14 02:40:00,-7.337749264024751e-05,0.0005150949278492072
2026-04-14 02:45:00,-0.00039624594182896544,0.0003086204159942819
2026-04-14 02:50:00,0.0011334650986452033,1.023928455306756e-06
2026-04-14 02:55:00,0.0013660345644161964,0.000408366891446847
2026-04-14 03:00:00,0.000593262194211519,0.00045468026022715385
2026-04-14 03:05:00,-0.001022366448170331,0.00032781979655572077
2026-04-14 03:10:00,-0.0012004187194243343,0.00040244366866968814
2026-04-14 03:15:00,-0.0011155403034397438,0.00040356085585350836
2026-04-14 03:20:00,-0.0005325472447044177,0.0002856336479956279
2026-04-14 03:25:00,0.0005406810197605694,-7.168915953485803e-05
2026-04-14 03:30:00,0.00026431940006688137,0.00020406423572588296
2026-04-14 03:35:00,-0.0006188657751824422,0.00014264590815886376
2026-04-14 03:40:00,-0.001664891726296247,-0.00013157314426869108
2026-04-14 03:45:00,-0.00032936107396785985,-0.0002738399783585254
2026-04-14 03:50:00,0.0008306606536852001,-0.0003940252675892848
2026-04-14 03:55:00,0.0006188917420253404,-0.0003109202596825636
2026-04-14 04:00:00,0.0011198045077396301,9.465942248604648e-05
2026-04-14 04:05:00,4.6127588918309925e-05,0.0001103372791553976
2026-04-14 04:10:00,0.00011115014193485706,0.00014030410948786908
2026-04-14 04:15:00,-0.0008344918156826253,5.046406905526665e-05
2026-04-14 04:20:00,-0.0001572618822454075,0.00010755830955952399
2026-04-14 04:25:00,0.0008154222148135659,-0.0001444745387700252
2026-04-14 04:30:00,0.001814863513702747,0.0002916291180498479
2026-04-14 04:35:00,0.0012553087685258646,0.00040382643246705596
2026-04-14 04:40:00,0.0005718660899969308,0.0002542160575644864
2026-04-14 04:45:00,-0.0007100450726600371,0.00022765184007219653
2026-04-14 04:50:00,-0.0011630454657698408,0.00015348320798620407
2026-04-14 04:55:00,-0.0012090544342413523,0.00027704575712020005
2026-04-14 05:00:00,-0.0005931378527712639,-0.00038553784838188626
2026-04-14 05:05:00,-0.0001446894264969245,2.677886624090424e-05
2026-04-14 05:10:00,-0.00018242799125012255,-0.0004390795185945924
2026-04-14 05:15:00,-0.00045504731075318716,0.00037301377238212956
2026-04-14 05:20:00,-0.0003481791941464252,-0.00016828798147808097
2026-04-14 05:25:00,-0.00019504604092190903,-0.00040379246698138025
2026-04-14 05:30:00,0.0008051040675418619,-0.00022159958983761774
2026-04-14 05:35:00,0.0009959732057343018,0.0002105163807977563
2026-04-14 05:40:00,9.647914065524787e-05,0.00020936378794777537
2026-04-14 05:45:00,-0.0006708750348582981,9.671962434259778e-05
2026-04-14 05:50:00,-0.0007337788049142091,3.986870104967127e-05
2026-04-14 05:55:00,0.00015728298911987793,9.957566963095021e-05
2026-04-14 06:00:00,0.0011485990661288525,-0.0003177865671733061
2026-04-14 06:05:00,0.0013497371738715458,-7.625983064780238e-05
2026-04-14 06:10:00,0.0015233157162004574,0.0002834552340587385
2026-04-14 06:15:00,0.00010473353703055466,0.0003558797782478792
2026-04-14 06:20:00,-0.00027231575389308205,0.0003298191382126791
2026-04-14 06:25:00,-0.0005466180501194629,0.0001586126306384644
2026-04-14 06:30:00,0.00025550380462568967,0.00026205030725954566
2026-04-14 06:35:00,0.0002890712245537941,0.0004460994397164618
2026-04-14 06:40:00,0.00015082103227825883,0.00022308691476799882
2026-04-14 06:45:00,-0.0006116425935793757,0.00026446100944276603
2026-04-14 06:50:00,-0.001488142297876749,5.230412495659601e-05
2026-04-14 06:55:00,-0.0017505043720085212,0.000159009052281852
2026-04-14 07:00:00,-0.001241191787171303,-0.0003522583550629062
2026-04-14 07:05:00,-0.0005685937110619932,-0.0001433471940500235
2026-04-14 07:10:00,-0.0003021934228772949,-0.0002839560402524477
2026-04-14 07:15:00,-0.0009991038282795017,-0.0002152505936771592
2026-04-14 07:20:00,-0.0011465627476656692,-0.000599015583839895
2026-04-14 07:25:00,-0.0007621847564589501,-0.0006498780506037614
2026-04-14 07:30:00,0.00043460689231622496,-0.0006219011950412241
2026-04-14 07:35:00,0.0005041455574978926,-0.0006221005644835032
2026-04-14 07:40:00,-0.0001281376662412015,-0.0005977818336197728
2026-04-14 07:45:00,0.00014272820795291352,-0.0004154199923733677
2026-04-14 07:50:00,0.001638816600086912,-0.0003375498982837698
2026-04-14 07:55:00,0.0012009088038862359,-0.0003230304422042732
2026-04-14 08:00:00,-0.000119638440182257,0.0002855945912041823
2026-04-14 08:05:00,-0.0009859058230752282,-9.538623332941003e-05
2026-04-14 08:10:00,0.0003587331095626922,0.00014144226950129992
2026-04-14 08:15:00,0.00026444477246023723,3.3752006772525254e-05
2026-04-14 08:20:00,0.0005916601274105204,2.0892739438621928e-05
2026-04-14 08:25:00,0.00042150427318610184,-5.02598390161075e-06
2026-04-14 08:30:00,0.0015914872438891337,8.336058887743544e-05
2026-04-14 08:35:00,0.002367331113491744,0.00017587234468814225
2026-04-14 08:40:00,0.0025943121881706332,0.0004619298522751079
2026-04-14 08:45:00,0.002924743345701586,0.0007612143138606145
2026-04-14 08:50:00,0.002914793008391925,0.0009052525817374461
2026-04-14 08:55:00,0.0017863471453676283,0.0010448810418330742
2026-04-14 09:00:00,-0.0003949055151082348,0.0016489796090990887
2026-04-14 09:05:00,-0.004181560836899578,0.0014234672612761267
2026-04-14 09:10:00,-0.003720450117560503,0.001308150745820916
2026-04-14 09:15:00,-0.0025780275219897675,0.0002173013295044028
2026-04-14 09:20:00,0.0011035390797946576,0.00016640620942784417
2026-04-14 09:25:00,0.0010889164055338796,-0.00022943052303230383
2026-04-14 09:30:00,0.0010659162286099644,0.0005663546942012367
2026-04-14 09:35:00,-0.0005505703147221652,5.9794571338012854e-05
2026-04-14 09:40:00,-0.00033283129842409664,-0.000330277322205293
2026-04-14 09:45:00,4.395250200417422e-05,-0.0005060080130745467
2026-04-14 09:50:00,0.0010527275088421106,-0.00024823603427221456
2026-04-14 09:55:00,0.0008496515056712894,-6.112724604736213e-05
2026-04-14 10:00:00,0.00025739729623808216,-0.00010512082204180954
2026-04-14 10:05:00,-0.0006382015071011438,-0.0001403065931828447
2026-04-14 10:10:00,0.0012104476266028286,-7.883169909521603e-05
2026-04-14 10:15:00,0.0019711812667608797,-6.92708137296814e-05
2026-04-14 10:20:00,0.0021452505373140696,0.000809429650285003
2026-04-14 10:25:00,-0.0002820977644173439,0.00029340751430654617
2026-04-14 10:30:00,-0.0008398375972049621,-3.459735036205607e-06
2026-04-14 10:35:00,-0.0006894909323023057,0.0004171402627062403
2026-04-14 10:40:00,0.0004763854968032888,0.0008993308690468794
2026-04-14 10:45:00,0.00024659263439907875,0.00024368996848327663
2026-04-14 10:50:00,0.00028212193497090254,8.603166362194848e-05
2026-04-14 10:55:00,-0.00026323761525048894,0.00036071258557628035
2026-04-14 11:00:00,-0.00010448098037763032,0.0006143334824307331
2026-04-14 11:05:00,9.193365739434967e-05,0.0008429151230145502
2026-04-14 11:10:00,-0.0014469543304809207,0.0002485509234397108
2026-04-14 11:15:00,-0.002336955595481527,0.000264183891510867
2026-04-14 11:20:00,-0.0015117097636725418,-0.0002380594652136493
2026-04-14 11:25:00,-0.00010672258103028298,0.0002911317635697381
2026-04-14 11:30:00,0.00041046089470242464,-0.0005650341292911488
2026-04-14 11:35:00,-0.00032019856770126864,0.0006452360213674558
2026-04-14 11:40:00,7.324221307669632e-05,6.22260917684911e-08
2026-04-14 11:45:00,0.0008434288917076316,9.757699355109527e-05
2026-04-14 11:50:00,0.0015372728883598086,0.00030487675280948417
2026-04-14 11:55:00,0.0007530372858290946,-0.0002723921555303846
2026-04-14 12:00:00,0.0013985650788317372,0.00040772367854770086
2026-04-14 12:05:00,-0.00012958349375224998,-0.00015213572881926388
2026-04-14 12:10:00,0.0003261401344332171,0.00039156294992917924
2026-04-14 12:15:00,-0.0005077728003488602,-0.00017773774848522158
2026-04-14 12:20:00,-0.0043927662380625065,0.00046016204957690667
2026-04-14 12:25:00,-0.0034675434474635836,-0.00043315285245093635
2026-04-14 12:30:00,-0.0030478702125904533,0.000526888295568638
2026-04-14 12:35:00,0.001529288046439703,-0.0008814117045675223
2026-04-14 12:40:00,0.00026635487225057375,-0.0008332006381522938
2026-04-14 12:45:00,0.00030394786584864164,-0.001064012594077692
2026-04-14 12:50:00,0.0012527339725618702,-0.0008033506008963058
2026-04-14 12:55:00,0.0016657294244666332,-0.0007260666538104136
2026-04-14 13:00:00,0.0012441746381615104,-0.0005357878317771077
2026-04-14 13:05:00,0.00042280997624111194,-2.9923775645191553e-05
2026-04-14 13:10:00,0.0003453700045952246,0.00046476075712545276
2026-04-14 13:15:00,-0.0006784488073297013,0.0003168975577261012
2026-04-14 13:20:00,-0.00015487003505043617,0.0003431947951337632
2026-04-14 13:25:00,4.185571498283025e-06,0.00029282455540292825
2026-04-14 13:30:00,0.0002911192928980455,-0.0009443225079505973
2026-04-14 13:35:00,-0.0009192495467384987,-0.00024861774168716955
2026-04-14 13:40:00,-0.0006950449023399585,0.000163586604601556
2026-04-14 13:45:00,-0.00014240748249605417,-0.0002533827473571677
2026-04-14 13:50:00,0.0003707330398068365,-7.351716552882517e-06
2026-04-14 13:55:00,-0.0010812103064203882,0.0004106235337138421
2026-04-14 14:00:00,-0.0008695443193076358,-0.00032439510257166584
2026-04-14 14:05:00,-0.0017837104429414552,-0.00020835230579406105
2026-04-14 14:10:00,-0.00032920499388922053,-0.0002237045233304015
2026-04-14 14:15:00,0.00109571143682885,-0.0005974624873206057
2026-04-14 14:20:00,0.0014234519745404128,-0.0001575464209146355
2026-04-14 14:25:00,0.00016776130960316493,-0.0004851660856784517
2026-04-14 14:30:00,-0.0006199874944368133,0.00018704392150427107
2026-04-14 14:35:00,-0.0017927483432664815,-8.536399495330265e-05
2026-04-14 14:40:00,0.0005576040778301206,-0.00031894736536613143
2026-04-14 14:45:00,0.0010240291727487971,6.765915556001009e-05
2026-04-14 14:50:00,0.0025382559616602407,0.00011599157014899851
2026-04-14 14:55:00,0.002087204856771052,3.3483022749934875e-05
2026-04-14 15:00:00,0.002120111106778566,0.0008342016856603404
2026-04-14 15:05:00,0.0029472649414685748,0.0007170097949790657
2026-04-14 15:10:00,0.0004432577846547048,0.0007460905464537001
2026-04-14 15:15:00,0.0013629425802292872,0.00023056401773107645
2026-04-14 15:20:00,-0.00035697175605164944,0.0008095616886234679
2026-04-14 15:25:00,0.0018837431484133305,0.00028338905865285703
2026-04-14 15:30:00,4.171550857634543e-06,0.0004448038108410419
2026-04-14 15:35:00,0.0006449613403329835,-0.0004888859646440004
2026-04-14 15:40:00,0.000644502613356579,0.0002766141171924579
2026-04-14 15:45:00,0.00031907206607151295,-0.0002904943900242961
2026-04-14 15:50:00,0.0020302670916905186,-0.0005919098197102211
2026-04-14 15:55:00,-3.5447276870215205e-05,-4.827071365745298e-05
2026-04-14 16:00:00,0.0019164596368366205,6.429541717700041e-06
2026-04-14 16:05:00,-0.0001832634646508069,0.00035930057969861957
2026-04-14 16:10:00,0.002831819023652926,0.00019629906790061567
2026-04-14 16:15:00,0.0017673837139966508,0.0007013392477494387
2026-04-14 16:20:00,0.0006308682142357469,0.0005256893198385336
2026-04-14 16:25:00,-0.002379439279632578,0.0003788394287055934
2026-04-14 16:30:00,-0.002877232853053968,7.746502588124264e-06
2026-04-14 16:35:00,-0.0004267814808311954,0.00018610274858335576
2026-04-14 16:40:00,0.001245592160929121,4.7050458003319296e-05
2026-04-14 16:45:00,-0.0007211248191847375,0.00019430482251191525
2026-04-14 16:50:00,-0.0019697170289436627,0.0007119569124354434
2026-04-14 16:55:00,-0.0019085963446272558,0.00011974414752472483
2026-04-14 17:00:00,0.0008648707765779307,0.00029282804568716366
2026-04-14 17:05:00,0.002265360659768234,0.0008662539583135256
2026-04-14 17:10:00,0.0016566869848624322,0.000197423052198073
2026-04-14 17:15:00,0.0014924863279208722,-0.0003347240351324322
2026-04-14 17:20:00,0.0017096865580139564,-2.9036008290247366e-05
2026-04-14 17:25:00,0.0014543701802356424,0.0009634609215595527
2026-04-14 17:30:00,0.0002454120438901697,0.0003473699544092829
2026-04-14 17:35:00,-0.0003242414130415483,0.00016428932445762244
2026-04-14 17:40:00,-0.00030775885257661173,0.00043024166782552555
2026-04-14 17:45:00,0.0006922364814805348,0.00021677433694179555
2026-04-14 17:50:00,0.00011640644988020199,5.948093528364455e-05
2026-04-14 17:55:00,0.00031607534501176815,0.0006912162929017242
2026-04-14 18:00:00,0.0007976602390495913,-0.0002609214717851343
2026-04-14 18:05:00,0.0012214503123324505,0.0004101872426225549
2026-04-14 18:10:00,0.001412799364047146,0.00030996001799428257
2026-04-14 18:15:00,-5.814122505221064e-05,-3.045225872290736e-06
2026-04-14 18:20:00,-0.00012249317219570344,0.0002253134764140719
2026-04-14 18:25:00,-0.0002159459479074144,0.00018185876740859825
2026-04-14 18:30:00,-9.344833715374534e-05,0.0003990422994255374
2026-04-14 18:35:00,-0.0005212827827865141,0.0004441698290784973
2026-04-14 18:40:00,-0.0011220080964307044,0.00028839245697082213
2026-04-14 18:45:00,4.15344486626168e-06,0.0006161795538261651
2026-04-14 18:50:00,0.0032230260439209957,0.00019103149805725593
2026-04-14 18:55:00,0.003546643903863611,0.0006599254604193729
2026-04-14 19:00:00,0.00255732070914938,-1.3648512114495445e-05
2026-04-14 19:05:00,0.00027536260563465476,0.00043068774604800014
2026-04-14 19:10:00,-0.000331510718083905,0.0005788121776355303
2026-04-14 19:15:00,0.0008820332887182758,0.00040948550545144785
2026-04-14 19:20:00,0.0015265757409395064,0.0001426255163478212
2026-04-14 19:25:00,0.002386495190746629,0.0006937370954655872
2026-04-14 19:30:00,0.0012781880428196501,0.0003985228122376765
2026-04-14 19:35:00,-0.0002852801656594295,0.00016748741529028658
2026-04-14 19:40:00,-0.0003680552868861042,0.0003172610245911025
2026-04-14 19:45:00,-0.00020464841370682052,0.00023118821362713831
2026-04-14 19:50:00,0.0012975744619883045,0.001219105034100202
2026-04-14 19:55:00,0.0007442414662737207,0.0010406764600249584
2026-04-14 20:00:00,-0.00022950409641531166,0.00037653402873865787
2026-04-14 20:05:00,-0.0016449819372255092,0.000432038628153974
2026-04-14 20:10:00,-0.0002748913628050076,0.0014585524402190824
2026-04-14 20:15:00,0.00015714362546148664,0.000977615836719807
2026-04-14 20:20:00,0.0005065955749188333,0.0008580700290860744
2026-04-14 20:25:00,-0.0006348123432946551,0.00036049943953285376
2026-04-14 20:30:00,-0.0007011339421989504,0.000702535643668105
2026-04-14 20:35:00,-0.0006886190978239171,0.0003443729771808497
2026-04-14 20:40:00,0.00045288778773233673,0.0009834458554798277
2026-04-14 20:45:00,0.0016186903308916811,0.0003970967450336102
2026-04-14 20:50:00,0.0015482103077086862,9.583256828642048e-05
2026-04-14 20:55:00,0.0009919139170797564,-0.0004699439318681999
2026-04-14 21:00:00,-0.0002003852775160908,0.00012430082312524455
2026-04-14 21:05:00,-0.0003367229452724274,0.00035033471839413243
2026-04-14 21:10:00,-0.00026234818298753737,0.000492316768667126
2026-04-14 21:15:00,-8.471100638729467e-05,2.8842886627222025e-06
2026-04-14 21:20:00,0.0004296632993181504,8.715713160783373e-05
2026-04-14 21:25:00,0.0002706099999674194,-3.839433662554392e-05
2026-04-14 21:30:00,0.0006754223970304452,0.0006677356932198126
2026-04-14 21:35:00,-6.195754874482873e-06,6.794486884937596e-05
2026-04-14 21:40:00,0.000780433861715224,0.0005194913890540934
2026-04-14 21:45:00,8.258917054071446e-05,-0.00016737701163621995
2026-04-14 21:50:00,0.0003530967759299841,0.0008595072204879485
2026-04-14 21:55:00,-0.0005098970717085649,0.0002252173224018697
2026-04-14 22:00:00,-0.0005100971463587456,0.00041377647741464143
2026-04-14 22:05:00,-0.0004212526132469918,0.00026400536849219026
2026-04-14 22:10:00,-0.0004956957190760392,0.000201510954188976
2026-04-14 22:15:00,-0.0001342793487602023,0.0001131987297665175
2026-04-14 22:20:00,-0.0003077917823226528,0.00012380607543784614
2026-04-14 22:25:00,0.00044200721563036893,-3.436649446516462e-05
2026-04-14 22:30:00,0.00021070723340876896,-0.000252681181103627
2026-04-14 22:35:00,0.00035942541896361035,5.177629552321019e-05
2026-04-14 22:40:00,-0.00017967095481452589,-0.00017320201527190403
2026-04-14 22:45:00,0.001490208657269676,0.00048722870680795497
2026-04-14 22:50:00,0.001238408143528602,0.000325744548916342
2026-04-14 22:55:00,0.0006772116483197976,0.0007801065886908263
2026-04-15 00:00:00,-0.002337438679225201,-7.833856218771035e-05
2026-04-15 00:05:00,-0.0011206934198622065,-0.000439571275736058
2026-04-15 00:10:00,-0.0009932630330560244,-0.0006392612530631884
2026-04-15 00:15:00,0.00037204303726845467,2.7603841167064815e-05
2026-04-15 00:20:00,-0.0005143294569052159,-0.0006523111999766878
2026-04-15 00:25:00,4.75173722573885e-05,-0.0008028376860541546
2026-04-15 00:30:00,-0.00022320921202734212,-0.0005471463384766882
2026-04-15 00:35:00,-0.0007585505228675515,-0.0005564443528474964
2026-04-15 00:40:00,-0.0010810621919432606,-0.0005151768302838583
2026-04-15 00:45:00,-0.00010542167127880475,-0.0006729060683157251
2026-04-15 00:50:00,0.000626310647806605,-0.000465531018960875
2026-04-15 00:55:00,0.0004238825846698546,-0.00041760537701102427
2026-04-15 01:00:00,0.00013229208457943287,-0.00010253502648636893
2026-04-15 01:05:00,-0.00021079345212982048,-0.00023721557415122378
2026-04-15 01:10:00,-0.00031427620588253546,-0.00010791060941306687
2026-04-15 01:15:00,0.0006797879075630675,-0.00023708587411311384
2026-04-15 01:20:00,0.000830516786161084,6.08629645247773e-05
2026-04-15 01:25:00,0.001386620268648997,0.00020420240762968414
2026-04-15 01:30:00,1.0327559195388858e-05,5.805853195991809e-05
2026-04-15 01:35:00,-0.0007602473649050978,-0.0004400128575009547
2026-04-15 01:40:00,-0.0010454697611095298,6.237934829859284e-05
2026-04-15 01:45:00,-0.0006074418003425563,-0.0004067066395912187
2026-04-15 01:50:00,-0.0008021915972644678,-0.0005672909587811336
2026-04-15 01:55:00,-0.0008065433850852344,-0.0005460692295170545
2026-04-15 02:00:00,-0.001141500700903464,-0.00020693600344074315
2026-04-15 02:05:00,0.0002233550838077747,-0.00014912627557893342
2026-04-15 02:10:00,6.206489921645186e-05,0.0004757289092239644
2026-04-15 02:15:00,-0.00042218893167600413,0.000486933106269616
2026-04-15 02:20:00,-0.0013160319816272192,-0.00016539709631675922
2026-04-15 02:25:00,-0.0007450331470462146,-3.242700288601275e-05
2026-04-15 02:30:00,-0.000169753629926106,0.0001761845609290256
2026-04-15 02:35:00,0.00031468090167408036,-0.00035788478145984236
2026-04-15 02:40:00,0.0012124649487770256,6.116583512512228e-05
2026-04-15 02:45:00,0.0009870657945061367,0.00015395002475783999
2026-04-15 02:50:00,0.0019810422042674247,0.00031261739565636423
2026-04-15 02:55:00,0.0028701178692305263,0.00019156117169709508
2026-04-15 03:00:00,0.006074721441050812,0.00036921504982541706
2026-04-15 03:05:00,0.0007372354830579297,0.0004743188043852272
2026-04-15 03:10:00,0.00016699774179507187,0.0002504695024374702
2026-04-15 03:15:00,-0.003251345664688543,0.0003990626755517097
2026-04-15 03:20:00,0.0003054733415712718,-0.0005452357794279613
2026-04-15 03:25:00,-0.0015081138750563383,1.283729902592947e-05
2026-04-15 03:30:00,-0.0008335844197997488,0.0011449009007126385
2026-04-15 03:35:00,-0.00017955748416120798,-0.0005789599000745417
2026-04-15 03:40:00,0.000716173476675408,-3.5483722056125474e-05
2026-04-15 03:45:00,0.0008067719759381475,-0.00046083461997260876
2026-04-15 03:50:00,0.001270656064559006,-0.00012377711100022186
2026-04-15 03:55:00,-0.0002992031931832173,-0.00037063989453739866
2026-04-15 04:00:00,-0.0011949146356240448,0.000434855526823096
2026-04-15 04:05:00,-0.0028385094082867823,-0.00034869367313911706
2026-04-15 04:10:00,-0.0021569097625881994,-0.0001250299188460025
2026-04-15 04:15:00,-0.0031520061173750946,-0.00047584108105158207
2026-04-15 04:20:00,-0.0015392575709061163,-0.000646390140827634
2026-04-15 04:25:00,-0.0013473283651492807,0.0008682835823144204
2026-04-15 04:30:00,6.007194134660665e-05,0.0004435939183171972
2026-04-15 04:35:00,-0.001174656154557141,0.00037566731954849454
2026-04-15 04:40:00,-0.0008909369515937016,-0.0002218355551179252
2026-04-15 04:45:00,-0.0021046680580401045,-0.0006430146713241041
2026-04-15 04:50:00,-0.001016247603876863,-0.001245451881421405
2026-04-15 04:55:00,-0.0006614641407249877,0.00027791927392439126
2026-04-15 05:00:00,0.0017586870794001896,-0.000937289756301671
2026-04-15 05:05:00,0.000723922988788317,0.0001107430559902353
2026-04-15 05:10:00,0.001121535356258363,-0.00017138358847244766
2026-04-15 05:15:00,4.972918316603625e-05,-9.743249535786754e-05
2026-04-15 05:20:00,0.0010859384486288093,0.00026667461877283224
2026-04-15 05:25:00,0.00040808421601568057,0.0008917691980567562
2026-04-15 05:30:00,0.00014710102241011214,-0.0003514712533817596
2026-04-15 05:35:00,-0.00022579465832528456,-0.0003152653519374889
2026-04-15 05:40:00,-0.0009427815237668113,7.872267692320058e-05
2026-04-15 05:45:00,-0.0011338586503431003,0.0003445517854315534
2026-04-15 05:50:00,-0.000688055834274337,-0.000818375903705553
2026-04-15 05:55:00,0.0003378458936698081,-0.0012552682145623075
2026-04-15 06:00:00,0.0003276451673670522,-0.00035198888732885283
2026-04-15 06:05:00,0.00010158019402339846,-9.502323296727461e-05
2026-04-15 06:10:00,-0.00013678274569173254,-0.0005915363081834364
2026-04-15 06:15:00,0.0008269301984658028,-0.00039351603452898493
2026-04-15 06:20:00,0.0002404344413182713,9.531265391114009e-05
2026-04-15 06:25:00,-0.00028606075876780324,-0.0002294662417225289
2026-04-15 06:30:00,-0.0002465567533302959,0.00021336926321953044
2026-04-15 06:35:00,4.559311461882487e-05,-5.57428640798299e-05
2026-04-15 06:40:00,0.00032336699948487535,-0.0001293160890923156
2026-04-15 06:45:00,-0.0001761491926028924,8.6804579995614e-05
2026-04-15 06:50:00,8.289433873542862e-06,-0.00010466751380463356
2026-04-15 06:55:00,0.00041027681827721096,-1.9451355590891612e-05
2026-04-15 07:00:00,0.0010667816626259707,-5.949189422037996e-05
2026-04-15 07:05:00,-7.667988534976189e-05,0.0004148030437473275
2026-04-15 07:10:00,-0.00017196423600651656,0.000306831125372668
2026-04-15 07:15:00,-0.0006254310396958118,0.00023575165353293157
2026-04-15 07:20:00,-0.0010409410050442602,-5.729299989645548e-05
2026-04-15 07:25:00,-0.0019122447526420672,-0.000353659201162601
2026-04-15 07:30:00,-0.0020031817047474476,-0.0009718152525836334
2026-04-15 07:35:00,0.0002945593662140311,0.00017912073046665893
2026-04-15 07:40:00,0.0005728125876540702,-0.0002788924452821666
2026-04-15 07:45:00,0.0007884799346129512,-0.00016925318523866164
2026-04-15 07:50:00,-0.000798830637485537,-0.00028219200709736817
2026-04-15 07:55:00,-6.017140552927458e-05,-4.159822592624604e-05
2026-04-15 08:00:00,-0.0009504027476072707,0.00031230757225737696
2026-04-15 08:05:00,-0.0005003721752139256,-6.531024359285328e-05
2026-04-15 08:10:00,-0.0009881587836790828,1.9624552937694096e-05
2026-04-15 08:15:00,-0.0006001734245177914,-0.0004390272657917992
2026-04-15 08:20:00,0.00016612641012159202,-9.877764637023508e-05
2026-04-15 08:25:00,0.00030942361273744723,-0.0001438532654597486
2026-04-15 08:30:00,0.0013721851343504454,-0.00035665291793652394
2026-04-15 08:35:00,-0.0002928163449826826,-0.00011893933727628666
2026-04-15 08:40:00,-0.0009036192119804554,-0.00023776399924188752
2026-04-15 08:45:00,-0.002251289626704178,-0.0002742651430025753
2026-04-15 08:50:00,-0.001026572522736302,-0.00020654013247434037
2026-04-15 08:55:00,0.0008662442623279532,-0.00030769372505114423
2026-04-15 09:00:00,0.0007939295981209682,1.1069748856691382e-05
2026-04-15 09:05:00,0.00010187311400500221,-0.00028745430565424505
2026-04-15 09:10:00,-0.0006335102181047603,0.00010739192656677334
2026-04-15 09:15:00,-0.00033661568572895817,6.582700093268049e-05
2026-04-15 09:20:00,0.0007086664379354346,7.874238856782482e-05
2026-04-15 09:25:00,-0.0005195701401472519,8.666370751245812e-06
2026-04-15 09:30:00,-0.0007629993519806533,0.0004118630543529275
2026-04-15 09:35:00,-0.0006982718057226833,-0.00045082359358300685
2026-04-15 09:40:00,0.00024319243188664075,-0.0004062567757077467
2026-04-15 09:45:00,0.0006777885226725289,0.00023693993223068162
2026-04-15 09:50:00,-0.0002973291341028528,0.00017094133616353915
2026-04-15 09:55:00,1.2469812661564106e-05,-0.00019805816955763416
2026-04-15 10:00:00,5.403697793227025e-05,-7.663863563126081e-05
2026-04-15 10:05:00,0.0003077236582686993,0.0004479429972398062
2026-04-15 10:10:00,-0.00040119027246454664,9.100240265045049e-05
2026-04-15 10:15:00,-0.0004136650889279281,0.00041532406405050563
2026-04-15 10:20:00,-6.652682176877533e-05,-0.0002821048997730044
2026-04-15 10:25:00,0.00011226634578598294,-0.00021496687214466782
2026-04-15 10:30:00,0.0004074302020331544,0.0001661135356112458
2026-04-15 10:35:00,0.0009912070158630826,0.0005299734934217716
2026-04-15 10:40:00,0.0017198409024850037,-0.000292061383125274
2026-04-15 10:45:00,0.0007479090060318327,-0.0002446795548858941
2026-04-15 10:50:00,-0.0017545031192440774,0.0002878669209664602
2026-04-15 10:55:00,-0.0027764749145813283,-0.00011983530642917093
2026-04-15 11:00:00,-0.001850016221602857,0.0009172654887463316
2026-04-15 11:05:00,-0.00037250032426250357,-0.0001559487368296414
2026-04-15 11:10:00,-0.0015286860652992118,0.00038087504484095753
2026-04-15 11:15:00,-0.001611677721868432,4.043191754270424e-05
2026-04-15 11:20:00,-0.0016394009756499628,-0.0001944864262747412
2026-04-15 11:25:00,-0.0004211114485705991,-0.0007705189777099525
2026-04-15 11:30:00,-0.0006545744353498861,-0.0007343359797081665
2026-04-15 11:35:00,0.0004189590492345019,-0.0007391405880837883
2026-04-15 11:40:00,0.0005857553232004875,-0.000208525590274569
2026-04-15 11:45:00,6.464265645966805e-05,-0.00026900876674493496
2026-04-15 11:50:00,0.0006437292351400004,3.891432978031105e-05
2026-04-15 11:55:00,0.0005645851126594437,0.00029479348347582
2026-04-15 12:00:00,-0.00012094772987403246,0.0006508478578494952
2026-04-15 12:05:00,-0.0014630519533831432,0.0003834137511847851
2026-04-15 12:10:00,-0.0012546033285829594,-0.000118049052504596
2026-04-15 12:15:00,-0.00017310582127194607,-5.623078897572581e-05
2026-04-15 12:20:00,0.00033990234912018025,-3.892158584271614e-05
2026-04-15 12:25:00,0.001012974918571885,-7.279366914044026e-05
2026-04-15 12:30:00,0.0013881740656405128,-0.00019804280115264992
2026-04-15 12:35:00,0.0014396540650380985,-0.0002982309305739462
2026-04-15 12:40:00,-3.541596572986805e-05,-6.972396633610044e-05
2026-04-15 12:45:00,-0.0004750138635039036,0.00015737110453468758
2026-04-15 12:50:00,-0.0008643771971872383,-0.00017304570166260983
2026-04-15 12:55:00,0.0005248611425425764,0.0002528803516956011
2026-04-15 13:00:00,0.0012224953127741855,0.00022088490559448625
2026-04-15 13:05:00,0.0015074887971291417,0.00020646929650530444
2026-04-15 13:10:00,0.0005786940826606468,0.00017040311161281053
2026-04-15 13:15:00,-0.00029767635722421915,0.0003335808443070558
2026-04-15 13:20:00,-0.0004890601506168935,0.00021141004253008328
2026-04-15 13:25:00,0.000141500109483772,0.0003459701231666197
2026-04-15 13:30:00,0.001267112163302997,-0.00022429630616604794
2026-04-15 13:35:00,0.002125151816537496,-2.4373753111369185e-05
2026-04-15 13:40:00,0.0013494871814163645,0.00022412557171838863
2026-04-15 13:45:00,4.7823361306598144e-05,4.99265593506802e-05
2026-04-15 13:50:00,-0.00015164687496316276,8.169344004533286e-05
2026-04-15 13:55:00,0.0003012545717382409,0.00029179942352015127
2026-04-15 14:00:00,0.0009019775532799201,5.336390657708296e-05
2026-04-15 14:05:00,-7.894857128043498e-05,0.00033696656260761703
2026-04-15 14:10:00,-0.0004342509810317807,0.0003892076458576254
2026-04-15 14:15:00,-0.00021606797915119103,0.0002628421684055917
2026-04-15 14:20:00,3.947506474943907e-05,0.00019204931131975626
2026-04-15 14:25:00,-2.0782286842546682e-05,0.00026907282849001414
2026-04-15 14:30:00,-0.0003325034631771473,1.1554430714695619e-05
2026-04-15 14:35:00,-6.440748749625413e-05,-0.00028188989563560714
2026-04-15 14:40:00,1.662586402595423e-05,-0.0003407686289717484
2026-04-15 14:45:00,0.00016626555140675237,-0.0004297471327032913
2026-04-15 14:50:00,0.00021606034815846442,-0.00015833439559470656
2026-04-15 14:55:00,0.00047579819159437875,0.00041108743358167846
2026-04-15 15:00:00,0.00030751841197229624,0.00044883246690437646
2026-04-15 15:05:00,0.000749616661224195,-7.081216665758019e-05
2026-04-15 15:10:00,0.0016127043892790738,0.0005553933503512885
2026-04-15 15:15:00,0.0012830762366906612,0.0006081530287399107
2026-04-15 15:20:00,0.0011741692442956975,0.00046764008324062773
2026-04-15 15:25:00,-0.00021155812638440352,0.00020797354996580596
2026-04-15 15:30:00,0.0012130475623131076,0.0003631622620501146
2026-04-15 15:35:00,0.000623864602239621,1.0572387924552683e-05
2026-04-15 15:40:00,0.0017367700037169698,0.0012211133238343138
2026-04-15 15:45:00,0.00021342704864935058,0.0003124618553408654
2026-04-15 15:50:00,-0.0002652503419255936,0.000702925299437508
2026-04-15 15:55:00,-0.00010768319614129496,0.0005104438324074743
2026-04-15 16:00:00,-0.00035850055972375117,0.0005192119360346827
2026-04-15 16:05:00,0.00011398337720258667,0.0005132571350543563
2026-04-15 16:10:00,-0.0006442705206008981,0.0003502963584760529
2026-04-15 16:15:00,-0.0011696465641612974,0.00019652638072650957
2026-04-15 16:20:00,-0.0017214956785878144,-0.00018910445285577049
2026-04-15 16:25:00,-0.001256588962215588,-0.00027706898671602974
2026-04-15 16:30:00,-0.0004836046698812879,0.000614929322824214
2026-04-15 16:35:00,-0.0005170271263725823,0.00033586631808520074
2026-04-15 16:40:00,-0.0007285490883806034,-0.0006722370316460313
2026-04-15 16:45:00,-0.0013357973818184377,-0.00023229699800705373
2026-04-15 16:50:00,-0.001565168367228864,0.00019490600419525854
2026-04-15 16:55:00,-0.001227902840396311,0.00017320374176852123
2026-04-15 17:00:00,-0.00022869783710000036,0.0005386017226387163
2026-04-15 17:05:00,-0.00042028958987216924,-0.00011590522780456042
2026-04-15 17:10:00,-0.002533283203725034,-0.0002915942353797276
2026-04-15 17:15:00,-0.002886083013464713,-0.00025293509896667327
2026-04-15 17:20:00,-0.0008015364946043491,-9.824827434949116e-05
2026-04-15 17:25:00,0.0012060353211698072,5.8673904801611766e-05
2026-04-15 17:30:00,0.0015606852261704773,0.0005037728485167135
2026-04-15 17:35:00,0.0008202660286880104,-0.00011216603970695572
2026-04-15 17:40:00,-0.0004164280940930354,-0.000302630610024658
2026-04-15 17:45:00,0.000295609780589956,-6.246752771610704e-05
2026-04-15 17:50:00,0.00042860234681185716,0.000256183511433728
2026-04-15 17:55:00,0.0013839536451367707,5.6717778305579015e-05
2026-04-15 18:00:00,0.0005763958771449751,-0.000253600439232655
2026-04-15 18:05:00,0.00015599893952433774,-0.00013506945330889086
2026-04-15 18:10:00,0.0006756721895726514,-7.037091704101784e-05
2026-04-15 18:15:00,0.0005261652966694896,-0.0004413551335500595
2026-04-15 18:20:00,-0.00018304123054768695,-0.00022256821482833728
2026-04-15 18:25:00,-0.0014683496394596318,-0.0002608480858524243
2026-04-15 18:30:00,-0.0007966346250150025,-0.0004317197981845767
2026-04-15 18:35:00,-0.0009989969237551577,-0.00017574815947539086
2026-04-15 18:40:00,-4.9953480830922103e-05,-0.00045811564760472656
2026-04-15 18:45:00,-0.0010326170470786877,-0.00046677232586180234
2026-04-15 18:50:00,0.00013117525761963122,-0.0006984651068580938
2026-04-15 18:55:00,-0.0012704894133932498,-0.0006517872051495678
2026-04-15 19:00:00,9.78945385003982e-05,-0.0008219621226759929
2026-04-15 19:05:00,0.0007076331009674419,-0.0007575197043232223
2026-04-15 19:10:00,0.0007374969605233872,-0.00043239842066111165
2026-04-15 19:15:00,-0.00016038542526608524,-0.0004985619540511198
2026-04-15 19:20:00,-0.0019367743152773897,-0.0002740615814620366
2026-04-15 19:25:00,-0.001700811838789562,-0.0001790034938977436
2026-04-15 19:30:00,-0.0012005829271011237,-0.0004966057822709041
2026-04-15 19:35:00,-0.0007695027077687655,-0.0005580219422740318
2026-04-15 19:40:00,-0.00014186498232682254,-0.0005157937862636223
2026-04-15 19:45:00,0.00021896371858609598,-0.000511364446666945
2026-04-15 19:50:00,0.00012516271168827586,-0.0003498257866844149
2026-04-15 19:55:00,0.0008613112274566959,-0.0003259698248653304
2026-04-15 20:00:00,-9.17503889610316e-05,-0.00021515883630816642
2026-04-15 20:05:00,0.00012931834648988172,-7.256712601711829e-05
2026-04-15 20:10:00,-0.00041283629542476774,-0.00011494667496815889
2026-04-15 20:15:00,0.0005128600817485562,-4.319308372927676e-05
2026-04-15 20:20:00,0.00044414372219847564,-3.5150809988421415e-05
2026-04-15 20:25:00,0.00043159753262500544,9.768772743997222e-05
2026-04-15 20:30:00,0.00018131440488389217,-0.00014999162754603506
2026-04-15 20:35:00,0.0001209063810865274,0.0001209678587938007
2026-04-15 20:40:00,0.0005730904003744541,0.00011401723876737005
2026-04-15 20:45:00,0.0005645733506778328,0.00012260341578288825
2026-04-15 20:50:00,0.0009521478736065347,0.00011761757454832749
2026-04-15 20:55:00,-0.0001833531971104918,0.00022372633645760125
2026-04-15 21:00:00,-1.8744552365390632e-05,-1.806059031531754e-05
2026-04-15 21:05:00,-0.00010829497896658324,0.00012615673170950846
2026-04-15 21:10:00,0.0008060863073762192,0.0004278442386921636
2026-04-15 21:15:00,2.0827258717659447e-05,-4.4634966077760426e-07
2026-04-15 21:20:00,-0.0006395960138085854,0.00038987327530590844
2026-04-15 21:25:00,-0.0011979080751700621,0.00018038346333631186
2026-04-15 21:30:00,-0.0003187045209074313,0.0002975131383428224
2026-04-15 21:35:00,0.00027297211582322234,0.00019082513526038142
2026-04-15 21:40:00,-0.00020222341586695336,0.00010672981341542893
2026-04-15 21:45:00,-0.0012007406008827104,-0.00015900481195689985
2026-04-15 21:50:00,-0.0011507385174525098,-0.00033966410566279545
2026-04-15 21:55:00,-0.0004713184072429044,-0.00010415710233666445
2026-04-15 22:00:00,3.963076641255725e-05,-0.00011699436212490389
2026-04-15 22:05:00,0.0001022024631698315,-0.0001449153970154287
2026-04-15 22:10:00,-2.294594665208649e-05,-0.00014173090915681013
2026-04-15 22:15:00,-0.0004297647625666201,-0.00020490364397769144
2026-04-15 22:20:00,-0.0006509371011542697,-0.00041927677346646525
2026-04-15 22:25:00,-0.0005696454267845041,-0.0001229333032358823
2026-04-15 22:30:00,-0.0006345535481777631,-0.0003082904642391819
2026-04-15 22:35:00,-0.0006805987861628893,-0.00027151976044107205
2026-04-15 22:40:00,-1.0436093019094983e-05,-0.0005800253987366298
2026-04-15 22:45:00,0.0018649405036406108,-0.0003754736170857416
2026-04-15 22:50:00,0.001556761583183075,0.00012777015682415626
2026-04-15 22:55:00,0.0002212218551154166,-0.00012581185024133072
2026-04-16 00:00:00,-0.0001917573525016536,0.00020788613860192134
2026-04-16 00:05:00,0.001060797990385609,0.00022123249822763143
2026-04-16 00:10:00,0.001924234157748117,0.00046219973641349886
2026-04-16 00:15:00,0.0007751405330260752,0.0007143854641958795
2026-04-16 00:20:00,0.00029157433685966794,0.0008457178284160525
2026-04-16 00:25:00,3.1240855543401835e-05,0.0006692002151995072
2026-04-16 00:30:00,0.000620512754995417,0.0005938972309055493
2026-04-16 00:35:00,0.0016915355494990791,0.0005954047815231767
2026-04-16 00:40:00,0.0012862755360139033,0.0007666400610075076
2026-04-16 00:45:00,0.0011941318375647825,0.0009355043919389656
2026-04-16 00:50:00,-3.53410882816263e-05,0.0009552546458574838
2026-04-16 00:55:00,0.0010810227526985017,0.0009399763646188179
2026-04-16 01:00:00,0.0006360106964429235,0.0008415018066637684
2026-04-16 01:05:00,0.0010949933721882132,0.0008175687747156539
2026-04-16 01:10:00,0.00045908103586533855,0.0010430351501459249
2026-04-16 01:15:00,0.001561290291471451,0.0007651651199498583
2026-04-16 01:20:00,0.0012887682841693504,0.0010603515198326916
2026-04-16 01:25:00,0.0017056847830776434,0.0010568534223050186
2026-04-16 01:30:00,0.0009745700222278941,0.0011857138281787317
2026-04-16 01:35:00,0.0004064164082286936,0.0010129948544572401
2026-04-16 01:40:00,0.00012024264150234387,0.0008693570018186014
2026-04-16 01:45:00,0.0009156447441185378,0.0006465068839768849
2026-04-16 01:50:00,0.0014439298940054357,0.001107237729375226
2026-04-16 01:55:00,0.001220266517544033,0.0007844097547647888
2026-04-16 02:00:00,6.418797554452738e-05,0.0007627206124978645
2026-04-16 02:05:00,-0.000480387963925466,0.0004752832244525562
2026-04-16 02:10:00,-0.0009611720409221647,0.0005359427963258497
2026-04-16 02:15:00,-0.001477366826559745,9.289643041952228e-06
2026-04-16 02:20:00,-4.5566012733644357e-05,1.0687651252454633e-05
2026-04-16 02:25:00,0.0015552279803738855,-0.00026151165433790333
2026-04-16 02:30:00,0.002772668951653401,3.9472633483298584e-05
2026-04-16 02:35:00,0.0011261145893701752,0.00019347216006745637
2026-04-16 02:40:00,-6.001053290205505e-05,0.0008842547147257379
2026-04-16 02:45:00,-0.001280808636293429,0.0008650071801620544
2026-04-16 02:50:00,-0.0005794594219779015,0.0005000791790780609
2026-04-16 02:55:00,-0.0004843547309949514,0.0002512848049695263
2026-04-16 03:00:00,-0.0006607024190294908,0.0002224483119184035
2026-04-16 03:05:00,-0.0010791028959875604,-0.00044513149929117197
2026-04-16 03:10:00,-0.001298979955238977,-6.664159564037821e-05
2026-04-16 03:15:00,-0.0010095012118327418,-0.00015219030307603504
2026-04-16 03:20:00,-0.002579232910168372,-0.0004308713729889913
2026-04-16 03:25:00,-0.0016619209277752844,-0.0005616685027257702
2026-04-16 03:30:00,-0.0003152892493805126,-0.0008293439720031839
2026-04-16 03:35:00,0.0015549761842059695,-0.0008156982936488552
2026-04-16 03:40:00,0.0005688081546910695,-0.0006628153381794923
2026-04-16 03:45:00,0.00014106274203662394,-0.00045338942419917
2026-04-16 03:50:00,0.0004148052341541586,-0.0006478872767854489
2026-04-16 03:55:00,0.0006058192022493358,-0.00028039356443907326
2026-04-16 04:00:00,0.0003629376419649333,-0.0003790027465583039
2026-04-16 04:05:00,-7.879975534663686e-05,7.557685144262444e-05
2026-04-16 04:10:00,-0.00047300550232165506,-0.00017619956605834837
2026-04-16 04:15:00,-0.0016685278908212808,-0.00018498278103483092
2026-04-16 04:20:00,-0.0010187346372116934,-0.00023150565166181868
2026-04-16 04:25:00,-0.0002760232333613999,-0.00026302866605790393
2026-04-16 04:30:00,0.0005938501388182971,-0.0005379791913368612
2026-04-16 04:35:00,0.00025945048533060344,-0.0002489759976733311
2026-04-16 04:40:00,0.0003714721858809611,-0.00019294112466136426
2026-04-16 04:45:00,0.0010891925181866213,-0.0002501590825782286
2026-04-16 04:50:00,0.0015407860225877812,0.0001108887308494979
2026-04-16 04:55:00,0.0014803667543556998,9.318259121726942e-06
2026-04-16 05:00:00,0.00023842671653184766,-0.00022270449591938209
2026-04-16 05:05:00,-0.0003647630634944221,0.0003192686247065746
2026-04-16 05:10:00,-0.0005782018085334073,0.00029227314724102825
2026-04-16 05:15:00,-0.00016170930921077797,0.00046637700317037046
2026-04-16 05:20:00,-0.0009726608430948858,0.00015247721968696438
2026-04-16 05:25:00,-0.000682252038744835,0.0001852451763637104
2026-04-16 05:30:00,0.00035240976083628084,-4.1803541096252575e-05
2026-04-16 05:35:00,0.001457600773930423,-0.00016958611768879667
2026-04-16 05:40:00,0.0007237113226246095,-0.00011695152046090658
2026-04-16 05:45:00,4.559689444505466e-05,-0.00015434605125346195
2026-04-16 05:50:00,-0.00045384698261052847,0.0002035544022327713
2026-04-16 05:55:00,0.0006092532070631762,-6.8332966293484954e-06
2026-04-16 06:00:00,0.00047242724877527564,0.00018089726204604763
2026-04-16 06:05:00,0.0004911403153951,8.487016814646502e-05
2026-04-16 06:10:00,-0.00010358829875833919,0.0003111172810431861
2026-04-16 06:15:00,7.043055860478376e-05,-4.486767634198716e-06
2026-04-16 06:20:00,0.0006337739586079749,0.0002667033697479971
2026-04-16 06:25:00,0.0008242657667398845,0.00011899393896288188
2026-04-16 06:30:00,0.0006025998950232037,-7.309759622272245e-05
2026-04-16 06:35:00,0.00021530887590515135,0.00037136809775537786
2026-04-16 06:40:00,0.0005774096405719575,0.00017967985514076072
2026-04-16 06:45:00,0.0012206527662428357,0.000305321317082974
2026-04-16 06:50:00,0.0009538402099522614,0.0004901516819975008
2026-04-16 06:55:00,0.00020480717682858085,0.00013607891610891188
2026-04-16 07:00:00,-0.00021092160411662064,0.0004451417570072328
2026-04-16 07:05:00,-0.0005295689928743741,0.00037724590295580546
2026-04-16 07:10:00,-0.0003372301027422253,0.0004685901926031295
2026-04-16 07:15:00,-0.0016765469551618395,6.298057339630809e-05
2026-04-16 07:20:00,-0.0009978408547333117,7.527404761294756e-05
2026-04-16 07:25:00,-0.0015158358013902529,0.00020052037444961523
2026-04-16 07:30:00,6.21444817969774e-05,-0.000424385009662951
2026-04-16 07:35:00,-0.00041847852593690504,-0.0002572546512322753
2026-04-16 07:40:00,-0.0007567064765083842,-0.00038363337560601144
2026-04-16 07:45:00,-0.0007190406194741428,-0.0005928317124414946
2026-04-16 07:50:00,-0.0004932836833493326,-0.000653597743481246
2026-04-16 07:55:00,0.0002426230675922625,-0.0006655577653078362
2026-04-16 08:00:00,8.498563022385497e-05,-0.0005020241013842538
2026-04-16 08:05:00,-0.0007403820668017147,-0.0003251858362194347
2026-04-16 08:10:00,-0.0013029750336084334,-0.0004411411925930113
2026-04-16 08:15:00,-0.0015931266606692418,-0.0004998903043129973
2026-04-16 08:20:00,-1.8672179800560684e-05,-0.0005064529021924142
2026-04-16 08:25:00,0.0015579768542117733,-0.00044898460464581924
2026-04-16 08:30:00,0.0024860754293190013,-0.00038927535936074506
2026-04-16 08:35:00,0.0017681601132490954,-0.0003011051380793414
2026-04-16 08:40:00,0.0004994492691352548,0.00035118247891763413
2026-04-16 08:45:00,5.591225504808506e-05,0.0003195174972863917
2026-04-16 08:50:00,0.00039549058429955153,0.00033438812895191937
2026-04-16 08:55:00,-0.0003025411406500922,0.0005451890809972859
2026-04-16 09:00:00,-0.00159161451876777,0.000393968781832311
2026-04-16 09:05:00,-0.0012346140913894743,0.00041793294197307336
2026-04-16 09:10:00,0.0006567709276215083,-4.2006458264402795e-05
2026-04-16 09:15:00,0.0012850941234425761,9.625412110240922e-05
2026-04-16 09:20:00,0.0009820151157651225,0.00048318422262028863
2026-04-16 09:25:00,-0.00013256253760829395,0.0005699607498002352
2026-04-16 09:30:00,-0.0007273262585965057,0.0005539929566509524
2026-04-16 09:35:00,-0.0010462733426539472,0.0003598351012890179
2026-04-16 09:40:00,-0.001191780380930041,-2.7526363097624156e-05
2026-04-16 09:45:00,-0.002114527628776841,0.0001337593616716226
2026-04-16 09:50:00,-0.0026734820363394363,-0.0004693589808244083
2026-04-16 09:55:00,-0.0020698160022263323,-0.0008725434690749639
2026-04-16 10:00:00,-0.0005049104202967669,-0.0009559286676359618
2026-04-16 10:05:00,3.325483806193574e-05,-0.0010296334582715816
2026-04-16 10:10:00,-6.858275811261194e-05,0.0005655074006322786
2026-04-16 10:15:00,-0.0006673714855960355,0.00045333548123911683
2026-04-16 10:20:00,-0.00020578206089538753,0.00044400922617183857
2026-04-16 10:25:00,0.00012469242551205184,0.0005775484393664041
2026-04-16 10:30:00,0.0005551345408179031,0.00029998631826201946
2026-04-16 10:35:00,0.0002182523400637848,0.0004909695280233959
2026-04-16 10:40:00,0.0003594428051965082,0.000213116953403225
2026-04-16 10:45:00,0.0008767756826362216,0.00017779002628451215
2026-04-16 10:50:00,0.001320968486769658,0.0001299301323531185
2026-04-16 10:55:00,0.0005025877142106339,0.0006061985139293924
2026-04-16 11:00:00,0.0002450272968506084,0.0004771262306481168
2026-04-16 11:05:00,-0.0004671243185772056,0.00027478354632169076
2026-04-16 11:10:00,-0.0006417785585863811,0.00018915370317293585
2026-04-16 11:15:00,-0.0010199578152256805,-2.0879499462960094e-05
2026-04-16 11:20:00,-0.0006501849517004388,-4.643205187407234e-06
2026-04-16 11:25:00,0.00030951745645069195,3.418522558687908e-06
2026-04-16 11:30:00,0.0005132249024644153,8.846185342072534e-05
2026-04-16 11:35:00,6.233811570055536e-06,-0.0001929263533203336
2026-04-16 11:40:00,-0.00034691531355690586,-9.690101087359014e-05
2026-04-16 11:45:00,-0.00026177412366834574,-0.00022826457541313245
2026-04-16 11:50:00,-8.727689848342379e-05,0.00021328342762503666
2026-04-16 11:55:00,-0.0012515568129405352,0.00013353857963906005
2026-04-16 12:00:00,-0.001002022839319494,-0.00026364061363451504
2026-04-16 12:05:00,-0.0007026486817167665,7.821123185523538e-05
2026-04-16 12:10:00,3.744469107580528e-05,-0.00022907442891387795
2026-04-16 12:15:00,6.0316077060917905e-05,-0.0002672956275901897
2026-04-16 12:20:00,0.0002661498938643092,-0.00041947587708983695
2026-04-16 12:25:00,0.00024959544867364514,-0.00020324404216544707
2026-04-16 12:30:00,0.00025786219903878305,3.614488479040611e-05
2026-04-16 12:35:00,0.0002681575410434789,-0.0002862959753044238
2026-04-16 12:40:00,0.0019198011298442452,5.082027703105042e-05
2026-04-16 12:45:00,0.0022161191691854043,-0.00012110269987650413
2026-04-16 12:50:00,0.0014663185576431204,0.0003090750214575708
2026-04-16 12:55:00,-2.0757158871731463e-06,0.0004709707232707958
2026-04-16 13:00:00,-0.0004669081531236685,0.00031906124605759285
2026-04-16 13:05:00,-0.00015981983979429515,0.0006950910710721303
2026-04-16 13:10:00,-0.0002802612052761333,0.00031857412421394443
2026-04-16 13:15:00,0.00023866918178150343,0.0002493312795466863
2026-04-16 13:20:00,0.00017019686837294046,0.00016318297512384904
2026-04-16 13:25:00,0.00033215280995158025,0.0002238517102716883
2026-04-16 13:30:00,-0.0004753192148552188,0.00031236096759416183
2026-04-16 13:35:00,-1.8678728974208525e-05,0.00035157648362041426
2026-04-16 13:40:00,0.0009792084961155467,0.00021242897626734254
2026-04-16 13:45:00,0.0006309423457473429,3.095783552256637e-05
2026-04-16 13:50:00,-0.00040894404783031746,0.0003276944464263448
2026-04-16 13:55:00,-0.0011265876895532045,0.00021258441214579442
2026-04-16 14:00:00,-0.000251083968155541,-8.258813071461034e-06
2026-04-16 14:05:00,8.720006815288173e-05,0.00021047751119950976
2026-04-16 14:10:00,-0.00035504470095126806,-0.00029738620613873945
2026-04-16 14:15:00,0.00017223794195331266,-0.00016023977789570042
2026-04-16 14:20:00,-0.00029900332448562494,7.43996379972059e-05
2026-04-16 14:25:00,0.00032182948921111176,3.373609954571078e-05
2026-04-16 14:30:00,-0.000892638490885389,6.640429556348228e-05
2026-04-16 14:35:00,0.0003259922808140914,-0.0001460631939043514
2026-04-16 14:40:00,4.56706317155664e-05,3.1301245648595145e-05
2026-04-16 14:45:00,0.0009901576654112176,-4.715430291200839e-05
2026-04-16 14:50:00,-0.0002221615497326468,-3.322228138925895e-05
2026-04-16 14:55:00,0.0001349237734622477,-2.7732917667907908e-05
2026-04-16 15:00:00,-0.0003050384278679985,-7.612472105026127e-05
2026-04-16 15:05:00,0.00032803426798899693,-9.406073595068341e-05
2026-04-16 15:10:00,-0.0005065772098760135,0.00028026921738846566
2026-04-16 15:15:00,0.0009169097880441512,0.00015780527924033543
2026-04-16 15:20:00,0.0008631708784196945,0.0004103779625083748
2026-04-16 15:25:00,8.513951984312484e-05,-0.000171488586725341
2026-04-16 15:30:00,-0.0018201199828418169,-0.0001871455146195899
2026-04-16 15:35:00,-0.00564691820431662,-0.000248848538139873
2026-04-16 15:40:00,-0.0045995943545342755,-0.00024334813499293212
2026-04-16 15:45:00,-0.004532501911674203,-0.0009735814413973301
2026-04-16 15:50:00,0.0011236038217266042,-0.0021818101675317755
2026-04-16 15:55:00,0.0016466295761699001,-0.00020101103716549306
2026-04-16 16:00:00,0.0005090300792307545,2.5506766505424707e-05
2026-04-16 16:05:00,-0.0008837679100501816,0.00012781302668526498
2026-04-16 16:10:00,-0.00041869548847550675,-0.0003011296561835804
2026-04-16 16:15:00,0.0003816025895186925,-0.00046324186257591036
2026-04-16 16:20:00,-0.0011266854526645886,-0.0007995372768872151
2026-04-16 16:25:00,-0.0024970625047036066,0.00015900890068836195
2026-04-16 16:30:00,-0.001193252839962966,-0.00020886268168944898
2026-04-16 16:35:00,0.00022335150505625734,-0.00042330076357703487
2026-04-16 16:40:00,0.00018796599959358673,0.0001576205488507592
2026-04-16 16:45:00,0.0020893419920184897,-0.0003614385816162984
2026-04-16 16:50:00,0.003658360278222972,-0.00034610127104705695
2026-04-16 16:55:00,0.003833055428323462,0.0003362435122342953
2026-04-16 17:00:00,0.0005872320922417629,0.00016312844190874285
2026-04-16 17:05:00,-0.000819675587523605,0.00032432565125756533
2026-04-16 17:10:00,-0.001107346063013992,0.000268493684320698
2026-04-16 17:15:00,-0.0004935017169707123,-0.000651821049281097
2026-04-16 17:20:00,0.0003579105553139783,-0.0002526781248385117
2026-04-16 17:25:00,0.00024363807996152786,-0.0009376481483269398
2026-04-16 17:30:00,0.0004955834868081155,-2.5773923245145836e-05
2026-04-16 17:35:00,-0.0002788262680724074,-9.245227006630964e-05
2026-04-16 17:40:00,0.0011008369760947545,-0.0005672412180317615
2026-04-16 17:45:00,0.0010528200317487801,2.249920633872077e-05
2026-04-16 17:50:00,0.0002767457629264669,-0.00018847120673008778
2026-04-16 17:55:00,-0.0006345501304654277,-0.00024935315975792386
2026-04-16 18:00:00,-0.000919595775577875,-0.00046014324880420227
2026-04-16 18:05:00,-0.0016616245678964248,0.00011093913887662757
2026-04-16 18:10:00,-0.001116120348667593,7.577160093858443e-05
2026-04-16 18:15:00,-0.002482132948220084,-0.0001644714437871344
2026-04-16 18:20:00,-0.0004418986706564709,-0.00018253745029154556
2026-04-16 18:25:00,-0.001956213162777942,-7.883137472918216e-05
2026-04-16 18:30:00,-0.0009457055135086989,-0.0002470358222746473
2026-04-16 18:35:00,-0.0013268688680536656,-0.0004054527261601474
2026-04-16 18:40:00,0.0004236841591946927,-0.0005755934315046612
2026-04-16 18:45:00,0.0009269253674624167,-0.0005393728099279864
2026-04-16 18:50:00,0.000980717504702966,3.762757895634606e-05
2026-04-16 18:55:00,-0.00020242767192790723,-0.00029289894146365463
2026-04-16 19:00:00,-7.721097276203182e-05,-5.832748446007621e-05
2026-04-16 19:05:00,-0.00031914927174270247,-6.686543961175321e-05
2026-04-16 19:10:00,-0.0012467722851816632,-0.00024036724674945015
2026-04-16 19:15:00,-0.0017482321099766551,-5.841656903993841e-05
2026-04-16 19:20:00,-0.002270357162146297,-0.0003098534444497534
2026-04-16 19:25:00,0.00036563033509295906,-0.000536010857343542
2026-04-16 19:30:00,0.0011010950425536237,-0.0009576333703567572
2026-04-16 19:35:00,0.0009948294771664479,-0.00020537512766731234
2026-04-16 19:40:00,0.0004093473264763503,-0.0003815974703787231
2026-04-16 19:45:00,0.00041546837348960253,5.362353931730605e-05
2026-04-16 19:50:00,0.0006515365633887882,-0.0002626297843603791
2026-04-16 19:55:00,0.00015659369084630725,0.00014598610274759138
2026-04-16 20:00:00,-9.602257790497504e-05,-0.0005155900395389916
2026-04-16 20:05:00,0.00010228609429319135,0.000325839250253875
2026-04-16 20:10:00,-0.00044896753883705287,0.00019585862247164222
2026-04-16 20:15:00,-0.0002943875351277825,-0.00032597251170968385
2026-04-16 20:20:00,-0.00021084604663457185,-0.0003071757294508489
2026-04-16 20:25:00,0.0005429119843363139,-0.0002454897609956236
2026-04-16 20:30:00,0.00029021243127225205,-0.0004016931074149917
2026-04-16 20:35:00,0.00011691022977800003,-0.0003684784702613241
2026-04-16 20:40:00,-1.0437835902266102e-05,-7.402111060672838e-05
2026-04-16 20:45:00,0.0005655677898168676,2.434138614889883e-05
2026-04-16 20:50:00,0.0006406758409944757,2.1728006773554946e-05
2026-04-16 20:55:00,-2.087599865596701e-05,0.00015601054705455063
2026-04-16 21:00:00,7.510671415822401e-05,-0.00026110501261303304
2026-04-16 21:05:00,-0.00013561373057591197,0.00012844599220013798
2026-04-16 21:10:00,0.0002233505726110252,-0.0007656100233949892
2026-04-16 21:15:00,-0.00031924250077430827,-0.00024244065428529192
2026-04-16 21:20:00,0.00021905919379960892,0.00024461481158348064
2026-04-16 21:25:00,0.0013869960415515692,-0.00011739069616686549
2026-04-16 21:30:00,0.0006467252978179516,-0.000231925532762666
2026-04-16 21:35:00,0.0003003460259041191,0.00014468483184331093
2026-04-16 21:40:00,-0.0008507409048039705,9.838914721452079e-05
2026-04-16 21:45:00,-0.0005090003468470883,8.287348526682824e-05
2026-04-16 21:50:00,-0.0008866978182968666,-0.0003859311807886618
2026-04-16 21:55:00,-0.0006844541536867865,0.0004790111068627826
2026-04-16 22:00:00,-0.00019407244388602862,0.00011073705736069366
2026-04-16 22:05:00,-0.00045095264508887567,8.667633871174413e-05
2026-04-16 22:10:00,-0.00030272820979604376,-0.00036387786093675643
2026-04-16 22:15:00,-0.00096883855537655,-7.283121497661147e-05
2026-04-16 22:20:00,0.00011902114518669293,-6.33897122193053e-05
2026-04-16 22:25:00,0.0,-0.00012027749056045998
2026-04-16 22:30:00,0.0007225418751701795,9.146685657168161e-06
2026-04-16 22:35:00,5.42856427134808e-05,-6.954309810883596e-05
2026-04-16 22:40:00,0.00021087554141097087,-0.0001966261075495189
2026-04-16 22:45:00,0.00010228310511273264,-0.0002594155506333036
2026-04-16 22:50:00,0.001191453808317533,-4.422690533945388e-05
2026-04-16 22:55:00,0.0013268688680536656,-0.00035588688324584417
2026-04-16 23:00:00,0.0009763812500995783,-0.0006679610765142647
2026-04-17 00:00:00,-0.0005214775872381949,-6.05533118971441e-05
2026-04-17 00:05:00,-0.0005568201750296708,3.592438982205995e-05
2026-04-17 00:10:00,-0.000306581173937559,-0.00021105668356438854
2026-04-17 00:15:00,0.0004359739027073317,-0.000762881712550189
2026-04-17 00:20:00,3.963415588614794e-05,-4.069462755300309e-05
2026-04-17 00:25:00,0.0002753016865018054,-0.00010949792847076101
2026-04-17 00:30:00,0.00012303957823434075,-1.3227731407814919e-05
2026-04-17 00:35:00,0.00048174228970943034,5.9555355563023904e-05
2026-04-17 00:40:00,-0.00012304214417468984,2.0061159158066185e-05
2026-04-17 00:45:00,-0.00028989708856563823,3.16535252149842e-05
2026-04-17 00:50:00,-0.0004650546940165867,1.452559538775331e-05
2026-04-17 00:55:00,-0.00033374982840150835,-0.0001739754400894766
2026-04-17 01:00:00,0.00044002657552866253,-0.0006008998417285239
2026-04-17 01:05:00,0.0005025833095899657,-0.00024540006604151926
2026-04-17 01:10:00,0.00026075157094140877,-6.485164575778817e-08
2026-04-17 01:15:00,-0.0002502283346590417,7.004010107659918e-05
2026-04-17 01:20:00,-0.00023979040348542924,0.00016210913995219644
2026-04-17 01:25:00,0.0002836205009906223,-6.428073049395286e-05
2026-04-17 01:30:00,-0.0001960559391420702,9.311542285686987e-05
2026-04-17 01:35:00,-0.0002836524442333399,4.8659073456149064e-05
2026-04-17 01:40:00,-0.0008782333264694131,-4.0311392934259444e-06
2026-04-17 01:45:00,-0.0011813202521722133,-6.151135219254789e-05
2026-04-17 01:50:00,-0.0006614729804130803,-0.0002669976652498867
2026-04-17 01:55:00,-0.0002713443668866944,-0.00020306216446042494
2026-04-17 02:00:00,0.0006221411458930959,0.0001098843663492553
2026-04-17 02:05:00,-0.00022963550683385847,3.7423148568064794e-06
2026-04-17 02:10:00,0.0005593063078190852,-0.0009255757854792165
2026-04-17 02:15:00,0.0010826044889284958,0.00027710258015082337
2026-04-17 02:20:00,0.0014041268608018243,-0.0001197389412798093
2026-04-17 02:25:00,0.0010989183954848158,0.00017880860777516917
2026-04-17 02:30:00,0.0005794105181298193,0.00022594657079243454
2026-04-17 02:35:00,-0.00021685370383472957,0.0004682221343122863
2026-04-17 02:40:00,-0.0005983124432535902,0.0001422733883785762
2026-04-17 02:45:00,-0.0021630379393382526,0.00018087714744135732
2026-04-17 02:50:00,-0.0024930222939723024,-5.2145143267514114e-05
2026-04-17 02:55:00,-0.003419535188383449,-0.00022502293379386525
2026-04-17 03:00:00,-0.0011553968025364014,-0.0003097112263424981
2026-04-17 03:05:00,-0.0019314538882557741,-0.0005420315651699868
2026-04-17 03:10:00,-0.0020946715045955244,-0.0004391436628876965
2026-04-17 03:15:00,-0.001797381831080358,-0.0006910237939643626
2026-04-17 03:20:00,8.37838460476803e-06,-0.00022833524459889485
2026-04-17 03:25:00,0.00183517041490866,-4.7527589914110115e-05
2026-04-17 03:30:00,0.0007976076381890351,0.00014839641882066263
2026-04-17 03:35:00,0.0026001886868325386,0.00038781016302148833
2026-04-17 03:40:00,0.002489687692161624,0.0005261465520808091
2026-04-17 03:45:00,0.00280019157390754,0.0004650341481463931
2026-04-17 03:50:00,0.0006996198321633784,0.0011448599991801434
2026-04-17 03:55:00,0.000400780692745073,0.0011196883256254756
2026-04-17 04:00:00,-0.0005072142462694273,0.000828817321213774
2026-04-17 04:05:00,-1.043848963533378e-05,0.000914258680071163
2026-04-17 04:10:00,-0.0005448504979472801,0.0008290555507968969
2026-04-17 04:15:00,0.00042791375999051695,0.0007852871713971005
2026-04-17 04:20:00,0.000682447864619462,0.000520337526254417
2026-04-17 04:25:00,0.0005511114219540758,9.333248007914661e-05
2026-04-17 04:30:00,-0.00044044082366845316,0.000193261372378748
2026-04-17 04:35:00,-0.0010081834871069617,-1.976072604767861e-05
2026-04-17 04:40:00,-0.0014138764806368442,-0.0002776922356378301
2026-04-17 04:45:00,0.0005030469933178239,-0.0003065620684719279
2026-04-17 04:50:00,0.0015108517064295057,-5.48099839420927e-05
2026-04-17 04:55:00,0.002310870359867323,0.00019269076235221177
2026-04-17 05:00:00,0.0010908049156252986,0.0007526138137090235
2026-04-17 05:05:00,3.961870128499356e-05,0.0007983337257999992
2026-04-17 05:10:00,-0.0004233642925211001,0.00033457341669742067
2026-04-17 05:15:00,-0.0005775821155982186,0.00012091359467318096
2026-04-17 05:20:00,-0.0005652363140669081,0.0005712685453953186
2026-04-17 05:25:00,7.926409549163793e-05,5.191689976988257e-05
2026-04-17 05:30:00,0.0003691071922915512,0.00032074946728337703
2026-04-17 05:35:00,0.0002503285575379266,0.00047931007089386385
2026-04-17 05:40:00,-0.0002211207912612423,0.0005135134807877098
2026-04-17 05:45:00,-0.00039413634082308135,0.0002111045982296294
2026-04-17 05:50:00,-8.134990789976371e-05,0.0004648848173647232
2026-04-17 05:55:00,0.00045887538792754867,-0.00011996308121976365
2026-04-17 06:00:00,0.0002961381109685135,0.0001153696167914573
2026-04-17 06:05:00,0.0002586280630030302,0.00010523314648080482
2026-04-17 06:10:00,0.0001146859534948419,0.0003389900133237325
2026-04-17 06:15:00,0.00032940274160786487,3.907668164800985e-05
2026-04-17 06:20:00,0.0009067553893160607,0.0005411344071719862
2026-04-17 06:25:00,0.0011148958518933938,0.0002772054996415138
2026-04-17 06:30:00,0.0003126237494459616,0.0003497317488545448
2026-04-17 06:35:00,1.666826404189692e-05,0.0007160472173888841
2026-04-17 06:40:00,0.0003748258665385862,0.00045250984524857645
2026-04-17 06:45:00,0.00042709446207567225,0.0003584138846514163
2026-04-17 06:50:00,0.001045378253460072,0.0004004286041242087
2026-04-17 06:55:00,0.0003892536890344189,0.0004325560397105443
2026-04-17 07:00:00,0.0005497457564409558,0.00022356413591323964
2026-04-17 07:05:00,2.9138317515275958e-05,0.0006999440445191217
2026-04-17 07:10:00,-0.0003163871939531049,0.00044557238393802746
2026-04-17 07:15:00,-0.0010247695165599424,0.00036108921066640894
2026-04-17 07:20:00,-0.0010870177429609384,0.0002334320959839759
2026-04-17 07:25:00,-0.0014103889865175745,-1.9256952736149125e-05
2026-04-17 07:30:00,-0.00023759652470545234,-0.0001988583388414886
2026-04-17 07:35:00,-0.0004668222825685575,-0.00018962274503515466
2026-04-17 07:40:00,-0.00046083863018608895,-0.00021250195989968988
2026-04-17 07:45:00,-0.0008069990397387983,-0.00038932497589638787
2026-04-17 07:50:00,-0.00134750388032856,-0.0005411663879088729
2026-04-17 07:55:00,-0.0013963232429272665,-0.0005889811314762367
2026-04-17 08:00:00,-0.0016013281707358828,-0.000677058203727773
2026-04-17 08:05:00,-0.0006660785655174806,-0.0008244003937160725
2026-04-17 08:10:00,-0.00086088915101179,-0.0006799315990524608
2026-04-17 08:15:00,-0.0006291234177666638,-0.000848674938878423
2026-04-17 08:20:00,-0.00035723425859401914,-0.0008589658862533026
2026-04-17 08:25:00,0.00041799991830693273,-0.0006668038201396725
2026-04-17 08:30:00,0.0004870304720245855,-0.0007647558706447076
2026-04-17 08:35:00,-0.0001922490215857664,-0.0005071949820959165
2026-04-17 08:40:00,-0.00010657338371267144,-0.0004786338223620565
2026-04-17 08:45:00,0.0007666445265339661,-0.00042462287473437097
2026-04-17 08:50:00,0.0009441727284063006,9.238934400816886e-05
2026-04-17 08:55:00,0.00045755833883553976,0.00017310101621094133
2026-04-17 09:00:00,7.725853319229259e-05,6.329029844171135e-05
2026-04-17 09:05:00,-0.00011692878215363578,0.00030734520559564526
2026-04-17 09:10:00,0.000916575995386637,0.0005047804162254728
2026-04-17 09:15:00,0.0010643072052367586,0.000448701079623209
2026-04-17 09:20:00,-0.0004636736822938303,0.0003955905499646274
2026-04-17 09:25:00,-0.0011568202518326132,0.00033116388615529133
2026-04-17 09:30:00,-0.0030184839642277694,-5.863249051602834e-05
2026-04-17 09:35:00,-0.0003071455235748033,0.0005739076431186435
2026-04-17 09:40:00,-0.0001734295488589055,-0.00029406354306454077
2026-04-17 09:45:00,0.002242277571214757,8.443678747901887e-05
2026-04-17 09:50:00,-0.0002048161051142472,0.0004627689342602503
2026-04-17 09:55:00,-0.00042011669829378206,-6.731188384825345e-05
2026-04-17 10:00:00,-0.0010651340882912308,0.000501131211020022
2026-04-17 10:05:00,1.6721254596063773e-05,0.00011283760642702084
2026-04-17 10:10:00,0.0002571072935442231,0.00022582312703663278
2026-04-17 10:15:00,0.00019013651231958306,0.0003870202815912784
2026-04-17 10:20:00,0.0011050728979000723,9.533131671463699e-05
2026-04-17 10:25:00,0.002607051783920511,-0.00010235913256682685
2026-04-17 10:30:00,0.0015302221807687033,0.00026223129932268977
2026-04-17 10:35:00,0.0008014058422318726,0.0006474461686351574
2026-04-17 10:40:00,-0.0001938859227177403,0.00026144759006372053
2026-04-17 10:45:00,0.0011112305257849897,0.0003796650063836865
2026-04-17 10:50:00,0.0005526792046524065,0.00013093949468419202
2026-04-17 10:55:00,-0.0006507307393306405,-0.00043123007030166515
2026-04-17 11:00:00,-0.0007024543459053234,0.00031057284259628464
2026-04-17 11:05:00,-0.0002940290234079157,0.00036952829845100966
2026-04-17 11:10:00,0.0006194552954514876,-0.00029866858583617393
2026-04-17 11:15:00,0.0002981343690748872,-0.00011540666898592267
2026-04-17 11:20:00,0.00015432388443059608,6.405165501856512e-05
2026-04-17 11:25:00,-0.00024815318894688687,0.00018802482105946674
2026-04-17 11:30:00,-0.0010720305366547223,0.0003977529981683911
2026-04-17 11:35:00,-0.0007280336009714006,-6.950878477775561e-05
2026-04-17 11:40:00,-0.0009076389388837924,-0.00015495788320383068
2026-04-17 11:45:00,-0.00016695640598207717,0.0003190358584356398
2026-04-17 11:50:00,-0.0005886552528977518,0.000183750548832105
2026-04-17 11:55:00,0.00021081259986033274,-0.0004375519671277073
2026-04-17 12:00:00,6.887289509904804e-05,-0.00034649487880453336
2026-04-17 12:05:00,0.0007409811973264624,-0.00013140690714070547
2026-04-17 12:10:00,-0.0003673853684187378,9.941120993608346e-05
2026-04-17 12:15:00,-0.0006972962309124142,-4.314586159354432e-05
2026-04-17 12:20:00,-0.0014657952474212976,0.00044667926366468667
2026-04-17 12:25:00,-0.0009733885549429999,-0.00011043354048857743
2026-04-17 12:30:00,-7.10095257492327e-05,-8.364359285947309e-05
2026-04-17 12:35:00,0.00010865113801727944,0.00010453895727417839
2026-04-17 12:40:00,0.0005536526065430536,-0.0002485871504148082
2026-04-17 12:45:00,-0.0005619884929828345,5.766945795408125e-05
2026-04-17 12:50:00,0.00021100021491804455,-0.00040919759133190486
2026-04-17 12:55:00,-0.00030081470876552885,-0.00014672760158528108
2026-04-17 13:00:00,8.776622427042469e-05,-0.0002765890212261682
2026-04-17 13:05:00,0.0007475433735315562,-0.0004049778853648537
2026-04-17 13:10:00,0.0013675594122677381,-0.0001442690402744082
2026-04-17 13:15:00,0.0016202010839343473,-0.0002036063650876999
2026-04-17 13:20:00,0.0003860814554599301,0.00017829109605571594
2026-04-17 13:25:00,0.0014198639441325156,3.708460344793786e-05
2026-04-17 13:30:00,0.0024794985366121125,0.000378763931808802
2026-04-17 13:35:00,0.0018282093336008387,0.000756839316605225
2026-04-17 13:40:00,5.4169262291736686e-05,0.0008833227674216468
2026-04-17 13:45:00,-0.00023102114570505705,0.000929497869107437
2026-04-17 13:50:00,0.0005455219447600967,0.0007452921900349212
2026-04-17 13:55:00,0.0008454934249062518,0.0007645409665255336
2026-04-17 14:00:00,0.0004120544719388164,0.0008519092262756398
2026-04-17 14:05:00,0.00174284189665741,0.0006333210718604756
2026-04-17 14:10:00,0.003013797147756847,0.0008281343822453057
2026-04-17 14:15:00,0.002377440384972118,0.0010070456444147527
2026-04-17 14:20:00,0.0022769195262615227,0.0012406394726031578
2026-04-17 14:25:00,0.0010371379244347168,0.0013759714642820864
2026-04-17 14:30:00,0.004082885438121409,0.0013738756986131835
2026-04-17 14:35:00,0.004100715198115168,0.001917085553042302
2026-04-17 14:40:00,0.004917957940829609,0.0021089113705891897
2026-04-17 14:45:00,0.0015306647125576944,0.002535113529021574
2026-04-17 14:50:00,0.004098362169905556,0.0024453770456753484
2026-04-17 14:55:00,0.00743427552900755,0.002667274177895414
2026-04-17 15:00:00,0.0040477420385034435,0.003152388933173847
2026-04-17 15:05:00,-0.0003825444600327188,0.0035279247919060073
2026-04-17 15:10:00,-0.006572300728610259,0.003127325306500866
2026-04-17 15:15:00,-0.0017859903308110603,0.002748791468700238
2026-04-17 15:20:00,0.0013279941431321163,0.0008180063829503128
2026-04-17 15:25:00,0.0028261020377122748,0.0002823965038194768
2026-04-17 15:30:00,0.002057313340461775,8.15124180060577e-05
2026-04-17 15:35:00,0.002101449007742673,0.0011354735003433092
2026-04-17 15:40:00,0.003314030191713613,0.0005444213615904047
2026-04-17 15:45:00,0.002077700987838327,0.0011355944349119372
2026-04-17 15:50:00,-0.00119383650005922,0.0012818328951629452
2026-04-17 15:55:00,-0.002740728172227591,0.00032281652841667746
2026-04-17 16:00:00,-0.0010259925838411732,0.0006747835288706725
2026-04-17 16:05:00,0.0013434783336343514,-0.000390697732705092
2026-04-17 16:10:00,0.0008254705342487512,-6.426552545285964e-05
2026-04-17 16:15:00,0.001356138271313867,0.00029686077598857854
2026-04-17 16:20:00,-0.0005925488692994918,0.0007438977394638386
2026-04-17 16:25:00,0.0011487746301064305,0.0008135069197697469
2026-04-17 16:30:00,0.00041816475480516146,-0.00026258815701684556
2026-04-17 16:35:00,0.00015586002980683134,0.00032299959933885505
2026-04-17 16:40:00,-0.0009148099330786863,0.00044672951280908245
2026-04-17 16:45:00,-0.0021582948828164916,0.00033826036928786754
2026-04-17 16:50:00,-0.0008103270984953781,0.0015531537250939777
2026-04-17 16:55:00,-0.0011046299073509402,0.0013244869442785323
2026-04-17 17:00:00,-0.000725263761722772,0.0006194864383866247
2026-04-17 17:05:00,-0.0004988314515035341,0.00038192630661656264
2026-04-17 17:10:00,-0.00028970529366922904,0.0003128486705777431
2026-04-17 17:15:00,0.0016305913991985221,2.650528165022969e-06
2026-04-17 17:20:00,-7.186865698116662e-05,-0.00032622395850676153
2026-04-17 17:25:00,-0.0015238748436186,8.654925638603194e-05
2026-04-17 17:30:00,-0.0019409924048403582,0.00011617585874198722
2026-04-17 17:35:00,-0.00013143033184448427,0.00017815945563552497
2026-04-17 17:40:00,0.0018012539620375634,0.0007713776461061018
2026-04-17 17:45:00,0.0006967259302541606,-0.00038850396425146346
2026-04-17 17:50:00,0.0004866165157562108,0.0003943640950903976
2026-04-17 17:55:00,0.000864518156873828,0.0004402829516565706
2026-04-17 18:00:00,0.0007578317339653751,-0.0006772819639463419
2026-04-17 18:05:00,-0.0002730509975616968,0.00010985913769399936
2026-04-17 18:10:00,-0.0006960735778225313,0.00023099964716980704
2026-04-17 18:15:00,0.00011290678530428977,0.00015016446101444376
2026-04-17 18:20:00,0.0003017888712086858,0.00012082192796019001
2026-04-17 18:25:00,9.037320029925411e-05,0.0005477892800069864
2026-04-17 18:30:00,-0.0010823767748053825,-0.00042312557393294625
2026-04-17 18:35:00,-0.001074126092294847,-4.827409442172541e-05
2026-04-17 18:40:00,-0.00036154181542791264,7.803417827428134e-05
2026-04-17 18:45:00,5.548232119068075e-05,-4.578562173635582e-05
2026-04-17 18:50:00,-0.0009950576885380258,0.00010274981364615206
2026-04-17 18:55:00,-0.0007851601040531619,9.748053031624129e-05
2026-04-17 19:00:00,-0.0006721597649939071,0.00033004963267603527
2026-04-17 19:05:00,-0.0013317184529846315,0.0006779571647504368
2026-04-17 19:10:00,-0.0011068479625677696,0.00020917732802929208
2026-04-17 19:15:00,-0.0003599042076700698,-0.00014492739712177827
2026-04-17 19:20:00,0.00046125936978747006,0.0010655974231296038
2026-04-17 19:25:00,-0.0005950769400033806,-0.00037771405371381906
2026-04-17 19:30:00,-0.00024069394030235003,0.00034860561192254615
2026-04-17 19:35:00,0.0009506760392525848,-0.00026331892502552847
2026-04-17 19:40:00,0.0016834189307974867,4.426727923155113e-05
2026-04-17 19:45:00,0.00041757733758274185,-0.00041659343821110595
2026-04-17 19:50:00,0.00035781265804679663,0.00014195687593797718
2026-04-17 19:55:00,-0.00037019137259974855,0.0001579935188398404
2026-04-17 20:00:00,-0.0001254605793192809,0.00013411000118371816
2026-04-17 20:05:00,0.00025285931597629485,0.00024782193355484477
2026-04-17 20:10:00,-6.376901630211762e-05,9.290405735573761e-05
2026-04-17 20:15:00,0.0009128290107547343,-0.00019034085898519103
2026-04-17 20:20:00,-0.0004358624388487442,-0.000357014324800036
2026-04-17 20:25:00,0.00023859868637110537,0.00021523151277001522
2026-04-17 20:30:00,-0.0011082497883077025,-0.00014939359564439679
2026-04-17 20:35:00,-0.0012654882511782262,0.00011061993465239941
2026-04-17 20:40:00,-0.0008271111866111625,4.621575589645179e-05
2026-04-17 20:45:00,-0.0005412062858525246,-0.00011402086694056141
2026-04-17 20:50:00,-0.0002862429398362565,0.0005422526598404163
2026-04-17 20:55:00,-0.00033144792608119644,-0.0003193308899068965
2026-04-17 21:00:00,-0.0003994046042272714,0.0005089458852519328
2026-04-17 21:05:00,-6.178808540369118e-06,0.00047482319388171817
2026-04-17 21:10:00,1.029506691274662e-05,-0.00014171658725378348
2026-04-17 21:15:00,0.0003026562743464467,-0.00037520524493324966
2026-04-17 21:20:00,0.0009778361370091915,0.0003684658405695955
2026-04-17 21:25:00,0.0006298564506064253,-0.0002870192615672073
2026-04-17 21:30:00,0.00020789443154534126,-0.00049885573464548
2026-04-17 21:35:00,-0.0010808219003486386,-0.0002977128458127875
2026-04-17 21:40:00,-0.0010520411286911724,-0.0002729941402907188
2026-04-17 21:45:00,-0.0016148902953769806,-0.00024496231040680615
2026-04-17 21:50:00,-0.0015048012173473069,-0.0004139938482732118
2026-04-17 21:55:00,-0.0017648069993771998,0.0001132613744892777
2026-04-17 22:00:00,0.00018139318258647563,-0.00025365488899136454
2026-04-17 22:05:00,0.00024339532471095993,-0.0001808595660332023
2026-04-17 22:10:00,-4.1271066304915394e-05,-0.00019902552237702876
2026-04-17 22:15:00,-0.0010702830466211566,-0.0002204439220090745
2026-04-17 22:20:00,-0.0013022353437595058,-0.00029331359628939917
2026-04-17 22:25:00,-0.002183603191721062,0.00019241849147740093
2026-04-17 22:30:00,-0.0026838332299679024,-0.000592346974073547
2026-04-17 22:35:00,-0.0015976045535097683,-0.0010831657891683258
2026-04-17 22:40:00,-0.0010345884502669378,-0.0013074186310550295
2026-04-17 22:45:00,-0.012436329676830837,-0.0014192830786104724
2026-04-17 22:50:00,-0.008593836159619173,-0.0024762134399770766
2026-04-17 22:55:00,-0.008275806078220427,5.026200182454599e-05
2026-04-20 00:00:00,0.0037613561795009076,-0.0015996335742028173
2026-04-20 00:05:00,-0.001845959044411316,-3.2984363027470926e-05
2026-04-20 00:10:00,-0.0010463605468036263,0.0002537471212769477
2026-04-20 00:15:00,-0.0013594803909384723,-0.00019566038385369919
2026-04-20 00:20:00,-1.6721079848736053e-05,-0.0005362910926424186
2026-04-20 00:25:00,-0.0009345042842525686,-0.00021462512069794865
2026-04-20 00:30:00,1.4627902725550257e-05,-0.0001907317831642241
2026-04-20 00:35:00,-0.0004494837806809926,-0.0003873357672491854
2026-04-20 00:40:00,-0.0003681877464369876,-1.0270898872909773e-05
2026-04-20 00:45:00,-0.001941110514383837,-0.0001632589092808124
2026-04-20 00:50:00,-0.0012135695284918313,-0.0007334553279838514
2026-04-20 00:55:00,-0.0013840079177604991,-0.000595475753425052
2026-04-20 01:00:00,-0.0006681279158424758,-0.0005689184995939305
2026-04-20 01:05:00,-0.0011752175033397094,-0.0007509134555384888
2026-04-20 01:10:00,-0.0006602244374054322,-0.0010214701605208727
2026-04-20 01:15:00,-0.0003394710570656656,-0.0009716418259589309
2026-04-20 01:20:00,-0.001428459300553797,-0.0007972469021271075
2026-04-20 01:25:00,-0.00367797674514847,-0.0009818433724913822
2026-04-20 01:30:00,-0.00573811863929663,-0.0009923206481522585
2026-04-20 01:35:00,-0.002381101117538975,-0.0015798447297273948
2026-04-20 01:40:00,0.0005364699773853232,-0.0018464832645132129
2026-04-20 01:45:00,0.0012597405084093793,-0.0015137747888742652
2026-04-20 01:50:00,4.208098907731994e-05,-0.000848081695767801
2026-04-20 01:55:00,-0.00047123668944770714,-0.00033841192209728877
2026-04-20 02:00:00,0.0017269290519212888,-0.00042057841097749613
2026-04-20 02:05:00,0.0020661012382596766,7.677186307484796e-05
2026-04-20 02:10:00,0.0027275686088561457,6.117613723970441e-05
2026-04-20 02:15:00,0.001661009607731856,-8.480172353943204e-05
2026-04-20 02:20:00,0.0005121864806589826,-1.2404682246649678e-05
2026-04-20 02:25:00,-5.456247194501884e-05,-0.0001708306804641531
2026-04-20 02:30:00,-0.0003987265984566335,-0.00028606201742034735
2026-04-20 02:35:00,-0.0003064407145156878,-0.0004890958740786728
2026-04-20 02:40:00,0.0016753882315949653,4.7650841147382486e-05
2026-04-20 02:45:00,0.004874524399019364,-0.0001111244159868959
2026-04-20 02:50:00,0.0051779685059010205,-1.8426775058650665e-05
2026-04-20 02:55:00,0.004398404936891254,3.750616396386949e-05
2026-04-20 03:00:00,0.0010897454372820192,0.001031298507569396
2026-04-20 03:05:00,0.0019257276196622541,0.00029359355123413476
2026-04-20 03:10:00,0.0018547352108591042,0.0009292863640111449
2026-04-20 03:15:00,0.003247571083923262,0.001425262607722787
2026-04-20 03:20:00,0.00217371926776444,0.001809085905399867
2026-04-20 03:25:00,0.0006556278599862964,0.0012490617370134423
2026-04-20 03:30:00,0.0004345697152512429,0.0009496060642428717
2026-04-20 03:35:00,0.0010248383866375832,0.0004900205228780241
2026-04-20 03:40:00,0.0004056495597115628,0.00046198119378509505
2026-04-20 03:45:00,-0.0012876239088708274,0.0005590565661293105
2026-04-20 03:50:00,-0.0019653706057329856,0.0007899796495518325
2026-04-20 03:55:00,-0.0014027904088393939,-0.0005928567638441314
2026-04-20 04:00:00,-0.000703797202202594,-0.0007025063269515097
2026-04-20 04:05:00,-4.16361334920623e-06,-0.0006556597060381707
2026-04-20 04:10:00,8.330972891101851e-06,-0.0007819764932822252
2026-04-20 04:15:00,0.00014371482005692826,-0.0003643462108123751
2026-04-20 04:20:00,-0.001379109422366298,-0.00020845992013686688
2026-04-20 04:25:00,-0.0010356551756665056,-0.0006426255389599292
2026-04-20 04:30:00,-0.001267068074355393,-0.0002688413010571513
2026-04-20 04:35:00,-0.0002585342374192834,-0.001093403034318733
2026-04-20 04:40:00,0.0002584932774869486,-0.0007948387812650606
2026-04-20 04:45:00,-5.6305073414364415e-05,-0.0008307787321378307
2026-04-20 04:50:00,-0.00044633732996857134,-0.000523964995277623
2026-04-20 04:55:00,-0.0012785258442633562,-0.0002934585694941251
2026-04-20 05:00:00,-0.0005527921882091391,-0.00039602567212147105
2026-04-20 05:05:00,0.00031495964709549185,-0.0003820987430912942
2026-04-20 05:10:00,0.0007698141456415897,-0.000490537130036309
2026-04-20 05:15:00,-3.964589952332176e-05,-0.00012696360790826204
2026-04-20 05:20:00,-0.00018354058175518162,0.00013150109187015172
2026-04-20 05:25:00,-0.000419256170614446,0.00017692045763293134
2026-04-20 05:30:00,2.086665476852545e-06,-0.00010206207094994998
2026-04-20 05:35:00,-0.0004965626699426906,0.00015008465800360588
2026-04-20 05:40:00,-0.00039021214889523037,-6.81370558371929e-05
2026-04-20 05:45:00,0.00029834834163366963,-6.113221886474689e-05
2026-04-20 05:50:00,0.0005987655594523744,-4.04009611062247e-06
2026-04-20 05:55:00,0.00026085387009722183,-5.369792734796581e-05
2026-04-20 06:00:00,8.343815256139919e-05,-0.00013572593422613
2026-04-20 06:05:00,-0.0001209759843288083,-9.152584394088908e-05
2026-04-20 06:10:00,0.00046936556198495794,-0.00012675988853317049
2026-04-20 06:15:00,-0.0010163334197734741,-0.00016542820646307167
2026-04-20 06:20:00,-0.0006635423387297834,-8.242967448413203e-05
2026-04-20 06:25:00,-0.0015152782996175063,-5.6410952932850654e-05
2026-04-20 06:30:00,0.0007931207628963932,-0.0004386508029373998
2026-04-20 06:35:00,-0.0004008426099257889,-0.00011982213994464561
2026-04-20 06:40:00,0.00037381499516975225,-0.00015179342845733084
2026-04-20 06:45:00,-0.0005885188902858829,-8.046753659594327e-05
2026-04-20 06:50:00,-0.00039264747236522624,-0.0002316897396430521
2026-04-20 06:55:00,-0.0005994246121101554,-0.00021848454238987847
2026-04-20 07:00:00,-0.0005074059450294044,-9.164075199566503e-06
2026-04-20 07:05:00,8.355492801470632e-05,-0.0004122831934401271
2026-04-20 07:10:00,0.0003154215028740026,-7.632036117384025e-05
2026-04-20 07:15:00,0.0014234253936376007,-0.00013816753060208483
2026-04-20 07:20:00,0.001110617153781135,-3.973223922190976e-05
2026-04-20 07:25:00,-0.001450508454707844,0.00024137970526920852
2026-04-20 07:30:00,-0.0018391472044427815,-0.00041381994663175015
2026-04-20 07:35:00,-0.00036728570023036866,-0.00013825798018466092
2026-04-20 07:40:00,0.002160365051732782,-0.0006269367637885166
2026-04-20 07:45:00,0.0010128888348663878,6.511054024793468e-05
2026-04-20 07:50:00,0.00018783340484596067,0.00014140454912196717
2026-04-20 07:55:00,-0.00014819313976488502,5.075356818414611e-05
2026-04-20 08:00:00,-0.0006786265277671788,2.3728704214289675e-06
2026-04-20 08:05:00,-0.0009416088426092983,7.4215723409437e-05
2026-04-20 08:10:00,-0.0008206777838726254,-1.1419727570227477e-05
2026-04-20 08:15:00,-4.3865558337685684e-05,-0.0002241149876018057
2026-04-20 08:20:00,0.0006556706346199093,-0.00012352440005790615
2026-04-20 08:25:00,0.0007309163300952548,4.120617728802956e-05
2026-04-20 08:30:00,3.133273801481096e-05,-3.278800634489936e-05
2026-04-20 08:35:00,-0.0006849143707192695,0.0002462898742326413
2026-04-20 08:40:00,0.0014852458600582708,0.00017790378685673676
2026-04-20 08:45:00,0.0022137820569287925,-0.0001478659651856887
2026-04-20 08:50:00,0.0018114963986359811,8.338295755776123e-05
2026-04-20 08:55:00,-0.00011882191215129012,0.0007222519087640845
2026-04-20 09:00:00,0.000987421909332653,0.00021438570082857707
2026-04-20 09:05:00,0.0012419410882547055,0.0005869887543303115
2026-04-20 09:10:00,0.00026680841021686774,0.0007700389827307441
2026-04-20 09:15:00,-0.0017067286537724158,0.0004915053408661129
2026-04-20 09:20:00,-0.0011356072394832495,-8.955834276244549e-06
2026-04-20 09:25:00,-7.294835364035634e-05,-0.00016225578444722526
2026-04-20 09:30:00,-0.0004172264515336366,-0.00021869768207145426
2026-04-20 09:35:00,-0.0016776391794799395,-0.0005601341281480736
2026-04-20 09:40:00,-0.0017669747301294336,-0.0008164033165213773
2026-04-20 09:45:00,-0.000745182181422166,-0.0006431306223692959
2026-04-20 09:50:00,8.353433782914976e-06,-0.001175200052736491
2026-04-20 09:55:00,-1.4616113013232734e-05,-0.0007917553828369557
2026-04-20 10:00:00,-4.5939760452640144e-05,-0.0007538339287230986
2026-04-20 10:05:00,8.97950064135955e-05,-0.0006019002173215965
2026-04-20 10:10:00,0.0006116061322050115,-0.0007621765811902033
2026-04-20 10:15:00,0.0003027459076729855,-0.0003103158171292633
2026-04-20 10:20:00,0.00017747803755874259,-0.00035123570446317316
2026-04-20 10:25:00,6.886053553145643e-05,-1.990326245434586e-05
2026-04-20 10:30:00,0.0008993453747887514,-0.00018296007597628665
2026-04-20 10:35:00,0.0008431123028280751,5.1299089571637343e-05
2026-04-20 10:40:00,0.000769663211279692,4.918111488965723e-05
2026-04-20 10:45:00,0.0001918669283611507,-2.7825949300818555e-05
2026-04-20 10:50:00,0.00031494125354569746,-9.918798611332359e-05
2026-04-20 10:55:00,-4.795628056086798e-05,0.00021738605019335216
2026-04-20 11:00:00,-0.0001918669283611507,0.000132777218409565
2026-04-20 11:05:00,-0.0003462322251657213,0.00030689594979552257
2026-04-20 11:10:00,-0.0006027771732046716,0.00011658687935997195
2026-04-20 11:15:00,-0.0017284609523287031,-5.810803877839842e-05
2026-04-20 11:20:00,-0.0009934757019038898,-0.00023556021547521062
2026-04-20 11:25:00,-0.0001877902930456088,-0.0005970010280934511
2026-04-20 11:30:00,0.0018911331140589738,-0.000354149013995279
2026-04-20 11:35:00,0.0006512971898793296,0.0009298344827317396
2026-04-20 11:40:00,-4.173518194150461e-06,0.0006717742015743484
2026-04-20 11:45:00,-0.0007927550948103601,0.00019381841880596612
2026-04-20 11:50:00,0.001192944252460748,-0.000267229964348333
2026-04-20 11:55:00,0.0007926558765980474,0.00011913496736800978
2026-04-20 12:00:00,0.001786982613008803,0.00012952976282005918
2026-04-20 12:05:00,8.545360760159326e-05,6.971061227759296e-05
2026-04-20 12:10:00,0.0005565694620397466,0.000119283178759483
2026-04-20 12:15:00,-0.0005897473739100434,0.0003615246092305723
2026-04-20 12:20:00,-0.00031892507928255043,0.00011091031462962253
2026-04-20 12:25:00,-0.0006900254082218282,-0.00019042985316445666
2026-04-20 12:30:00,-0.0001667761138772761,6.650638418267328e-05
2026-04-20 12:35:00,-0.00011467112854113282,-3.969881347754508e-05
2026-04-20 12:40:00,0.00016264706040836074,1.8309203158808173e-05
2026-04-20 12:45:00,-0.0011640376309678402,0.00020263416739889584
2026-04-20 12:50:00,-0.0007049950650337422,-0.00010282522020602151
2026-04-20 12:55:00,-0.001258075685933946,-3.880180079876524e-05
2026-04-20 13:00:00,-0.0005887929080667931,-0.00019298527931687557
2026-04-20 13:05:00,-0.0006679092810077947,-7.042856536494617e-05
2026-04-20 13:10:00,-0.00029022879210671704,-0.00035892999563394494
2026-04-20 13:15:00,0.0004844222837103729,-0.00023055897234274924
2026-04-20 13:20:00,0.00043836577942002464,-0.0005077219800173128
2026-04-20 13:25:00,0.00136480331708988,-0.00033416204833691297
2026-04-20 13:30:00,0.002360286581872373,-0.00039003236450260167
2026-04-20 13:35:00,0.0031068835843761633,0.0001014367598764016
2026-04-20 13:40:00,0.0031897887265976976,0.00045256112918297896
2026-04-20 13:45:00,0.0016938011773621753,0.0011112943154054566
2026-04-20 13:50:00,0.0002870711893852018,0.0013844414137680321
2026-04-20 13:55:00,0.00024318889349395079,0.0011619454999398275
2026-04-20 14:00:00,0.0011615284025818795,0.0007989978580769187
2026-04-20 14:05:00,0.0011744690515911316,0.0007420048340509264
2026-04-20 14:10:00,-0.0011832438269863133,0.0009589919269946183
2026-04-20 14:15:00,-0.001914437119893364,0.0005373699452360345
2026-04-20 14:20:00,-0.001979725107213781,-0.0001514837859532951
2026-04-20 14:25:00,6.65816363927263e-05,-0.0003373282302505786
2026-04-20 14:30:00,5.409521591559496e-05,-0.0001577166544218608
2026-04-20 14:35:00,-0.00011657656283148299,-0.0003171236305190246
2026-04-20 14:40:00,-0.0005015520121940398,5.712896793888178e-05
2026-04-20 14:45:00,-0.0006139444666768412,-2.2322905020932183e-05
2026-04-20 14:50:00,0.0016225226292299055,-0.00031065953608719685
2026-04-20 14:55:00,0.002453335894477604,-0.00010973923263685744
2026-04-20 15:00:00,0.0026466344685545096,-8.072957444295736e-05
2026-04-20 15:05:00,0.001080221051772412,0.00011332966145503217
2026-04-20 15:10:00,0.001831914613589447,-0.0002486686512576378
2026-04-20 15:15:00,0.0011682765516454197,0.0004764378898132666
2026-04-20 15:20:00,0.00026572169545602264,0.000999068308434487
2026-04-20 15:25:00,-0.0005203954708274949,-6.24384032677942e-05
2026-04-20 15:30:00,-0.00024059900972694948,-0.00024063645369063277
2026-04-20 15:35:00,0.0007199999481066754,-0.0007753059203163832
2026-04-20 15:40:00,-0.0007344048228201672,-0.0002535740399246177
2026-04-20 15:45:00,-0.0006142047486843438,-0.00016507255549496038
2026-04-20 15:50:00,-0.0016960433536112873,-0.00020232075191951867
2026-04-20 15:55:00,-0.0006684866914916654,-0.00011309373818196824
2026-04-20 16:00:00,-0.00018890230174584133,-0.00027478543899638736
2026-04-20 16:05:00,0.0025668201414799086,-0.0002965296643416883
2026-04-20 16:10:00,0.0016890388738595163,-8.60398896175777e-05
2026-04-20 16:15:00,0.00031550914511768724,-0.0002534794657344444
2026-04-20 16:20:00,-0.0023029868078268123,-0.0002743517884921711
2026-04-20 16:25:00,-0.0018967344095681682,-0.0004078020756277466
2026-04-20 16:30:00,-0.0010320014786682208,-0.00025741777048875826
2026-04-20 16:35:00,-0.001076544935413537,-0.00015714840851930673
2026-04-20 16:40:00,-0.0017088939385043744,-0.0004719016420809911
2026-04-20 16:45:00,-0.0031961939264117945,-0.00026975887456107275
2026-04-20 16:50:00,-0.002437936395061513,-0.0006628794951193045
2026-04-20 16:55:00,-0.001545090066269239,-0.0006406742657494224
2026-04-20 17:00:00,-9.796146370710801e-05,-0.00015132072717508475
2026-04-20 17:05:00,0.0013373330327084432,-0.001039874101209567
2026-04-20 17:10:00,0.0018883505658688904,-0.0006829281816471875
2026-04-20 17:15:00,0.0014101363420060409,-0.0005275984906627512
2026-04-20 17:20:00,-0.0003477011678842956,-0.0006004438279803178
2026-04-20 17:25:00,-0.0015341433092519452,-0.0001787109799294783
2026-04-20 17:30:00,-0.0009183415938807116,-0.000532127254119934
2026-04-20 17:35:00,-0.0012710744789696804,-0.0009904436813831165
2026-04-20 17:40:00,-2.0832248321056568e-05,-0.0004520602517689536
2026-04-20 17:45:00,-0.0010359681965077527,-0.00032165069318586655
2026-04-20 17:50:00,0.00040858700344514887,-0.00016905752649187472
2026-04-20 17:55:00,-0.00028961320171916327,-0.00032899352138137283
2026-04-20 18:00:00,0.0004357793690950018,-5.735773553079169e-05
2026-04-20 18:05:00,6.25258570430276e-06,-0.00046755232131883865
2026-04-20 18:10:00,0.0006020513675402128,-0.00034405417300158885
2026-04-20 18:15:00,0.0007022684391824185,-0.0002959247962196011
2026-04-20 18:20:00,0.00043758387722370173,-0.00033711022099416904
2026-04-20 18:25:00,8.538278042813374e-05,-4.1468415395099466e-05
2026-04-20 18:30:00,0.0007059389749688449,-0.00039454851540146927
2026-04-20 18:35:00,0.0010223661689856556,-0.00017265041970348586
2026-04-20 18:40:00,0.0007785211822071147,0.00018562320003687454
2026-04-20 18:45:00,0.0007803258412248937,8.134887651404797e-05
2026-04-20 18:50:00,0.0009423159826980054,0.00020819414113503541
2026-04-20 18:55:00,0.0006240444522163102,9.030299929911339e-05
2026-04-20 19:00:00,0.0003369125119991878,0.00011430307978603067
2026-04-20 19:05:00,-0.0002516133942300769,-0.00012581151904490786
2026-04-20 19:10:00,0.00017258354489868566,-0.00013802821318022914
2026-04-20 19:15:00,-0.0007925488347204634,0.00043441480053640257
2026-04-20 19:20:00,0.00032438232483933405,0.00015734549007834453
2026-04-20 19:25:00,-1.4554088711093982e-05,9.279472212974168e-05
2026-04-20 19:30:00,0.0007592785762504661,-2.7347425041973427e-05
2026-04-20 19:35:00,-0.00010395723624512243,0.00020817278932523377
2026-04-20 19:40:00,-0.0004263208472039537,-8.562295271792567e-05
2026-04-20 19:45:00,0.0005072512083206249,-0.00010579842222542616
2026-04-20 19:50:00,0.0010390863625904245,0.00020241345698818747
2026-04-20 19:55:00,0.00161282312199873,2.1017017163394216e-05
2026-04-20 20:00:00,0.0004924527048846272,-1.9643082023706446e-05
2026-04-20 20:05:00,-0.00018072345517694544,-0.0007634153215814405
2026-04-20 20:10:00,-0.0003177863816858917,0.00041248890250688024
2026-04-20 20:15:00,0.00021602085516114755,0.0001228759869484021
2026-04-20 20:20:00,-0.00025971732512353185,5.7738337557915907e-05
2026-04-20 20:25:00,0.0001744834567105613,0.00015304964718206607
2026-04-20 20:30:00,2.0768777051927145e-05,0.00012144991872222588
2026-04-20 20:35:00,0.0006003641835619078,-0.00010334070426618954
2026-04-20 20:40:00,-0.00012878246582204156,-0.00019618381679316303
2026-04-20 20:45:00,0.0005813507016405595,-0.00030165079275176987
2026-04-20 20:50:00,0.001046140274041818,-7.735789553226621e-05
2026-04-20 20:55:00,0.0013472404889594003,-0.00013693374870730427
2026-04-20 21:00:00,0.00021169380023700057,-5.733933607098373e-05
2026-04-20 21:05:00,-0.0003319894706841353,0.00012914203554810423
2026-04-20 21:10:00,-0.0006723554274135068,0.00031914640851559475
2026-04-20 21:15:00,-0.0008865073956201286,0.0005839609440450566
2026-04-20 21:20:00,-0.0014724561001511205,0.00016247137121885315
2026-04-20 21:25:00,-0.0011569279352947603,-0.0001876754818814176
2026-04-20 21:30:00,-0.00044043163010876185,4.5158392813276705e-08
2026-04-20 21:35:00,-3.325393955577738e-05,-0.0005918637384651752
2026-04-20 21:40:00,0.0005505904442308918,0.00010190041196632929
2026-04-20 21:45:00,0.0005816610741913308,0.00011782116009872334
2026-04-20 21:50:00,0.0006337129243298989,6.668378682719574e-05
2026-04-20 21:55:00,2.077106341680235e-05,-0.0007017717327129621
2026-04-20 22:00:00,-0.00039673926546157645,0.0004013839434917971
2026-04-20 22:05:00,0.00024506648069966275,0.00011358557446389326
2026-04-20 22:10:00,0.0003115141899137086,0.0003132373602043821
2026-04-20 22:15:00,0.00014542009814455525,0.00039067609232998547
2026-04-20 22:20:00,-2.0765822767998543e-06,-0.00021089510510282567
2026-04-20 22:25:00,0.00012873085924880456,-0.00017427948004665645
2026-04-20 22:30:00,0.000716404552086658,0.00014562109770651242
2026-04-20 22:35:00,0.0008987570567402514,-2.9363044480608265e-07
2026-04-20 22:40:00,0.0008508678327068253,0.00030302496838252954
2026-04-20 22:45:00,0.0015079627215168756,0.0003085689092649542
2026-04-20 22:50:00,0.0018158042097038418,0.0009258026073001762
2026-04-20 22:55:00,0.0017492667490497382,0.0007205801878953918
2026-04-21 00:00:00,0.0014436039162575298,0.0005801843913950316
2026-04-21 00:05:00,0.0004803461897591177,0.000820255520973372
2026-04-21 00:10:00,-1.863718677874715e-05,0.0006894012391466119
2026-04-21 00:15:00,-0.0007681438110953565,0.0006521471151853
2026-04-21 00:20:00,-0.0004037237880236688,5.989104975639819e-05
2026-04-21 00:25:00,0.00036853765505462377,-3.256382512587822e-06
2026-04-21 00:30:00,0.0003644760179923878,4.740970207373597e-05
2026-04-21 00:35:00,-0.00027959659571408224,0.0001663469293316215
2026-04-21 00:40:00,-0.0006626370296256567,0.00014999631666609786
2026-04-21 00:45:00,-0.0006420639053423827,-0.00015184849390718457
2026-04-21 00:50:00,-0.000594661531838625,-0.00027828073836324457
2026-04-21 00:55:00,-0.00034806029252720805,-0.00023676373908981398
2026-04-21 01:00:00,-0.0003895815984407136,-0.00031637411809261855
2026-04-21 01:05:00,0.0002383214719241522,-0.0003345523929536633
2026-04-21 01:10:00,-0.0002155266214813878,-0.0001940248886799132
2026-04-21 01:15:00,-0.0001637524605389018,-0.00013922530584772102
2026-04-21 01:20:00,-0.00020723284134405162,-0.00023749287131368647
2026-04-21 01:25:00,-3.7307400548414194e-05,-0.00015542344670454897
2026-04-21 01:30:00,-0.0005577886830590018,-8.721764448544082e-05
2026-04-21 01:35:00,-0.0008915909059492577,-0.00013294918460903267
2026-04-21 01:40:00,-0.0005825905123746367,-0.0003434838034547931
2026-04-21 01:45:00,0.0007837185980736905,-0.00018455829600730792
2026-04-21 01:50:00,0.001635357236020596,-0.00011280552510145342
2026-04-21 01:55:00,0.0013574695539979587,1.880030987132861e-05
2026-04-21 02:00:00,0.0006049920313149215,0.00026091452921058616
2026-04-21 02:05:00,-0.0006132046348223952,0.0004784132687982839
2026-04-21 02:10:00,-0.0016499293817471283,0.0001812374790687549
2026-04-21 02:15:00,-0.0020485054944749947,0.00012740307781272897
2026-04-21 02:20:00,-0.0012047157467716119,-0.00035104989132793836
2026-04-21 02:25:00,0.0005184871904635457,-0.00044531937550028517
2026-04-21 02:30:00,0.0014725282855909683,-0.0006005550281516376
2026-04-21 02:35:00,0.0009124826172701717,-1.592111531371448e-05
2026-04-21 02:40:00,0.0001181774549898762,-0.00011673530152325367
2026-04-21 02:45:00,-0.0014393206569653927,0.00014674291432205313
2026-04-21 02:50:00,-0.0011345077153173122,7.179486116807421e-05
2026-04-21 02:55:00,-0.0018052831207757691,9.593469589520278e-05
2026-04-21 03:00:00,-0.00014321577556586362,-0.0005427652000638608
2026-04-21 03:05:00,-0.0003051055387874868,-0.0005209425252035855
2026-04-21 03:10:00,0.0007038254969486957,-0.000216409315021642
2026-04-21 03:15:00,0.00012453662015410316,-0.0005274120815776682
2026-04-21 03:20:00,-0.0007434357872710962,-3.8207908723480194e-05
2026-04-21 03:25:00,-0.0009634732291381454,-0.00034049916240593746
2026-04-21 03:30:00,-0.001131777416111035,-0.0004843571142222633
2026-04-21 03:35:00,-0.0007980431740914895,-0.0002547705828688407
2026-04-21 03:40:00,-0.0007128198769148497,-0.000591811915827016
2026-04-21 03:45:00,-0.0011933870318419082,-0.00036489619010832695
2026-04-21 03:50:00,-0.00028487273970867477,-0.0005407586534106757
2026-04-21 03:55:00,-0.000519868339459606,-0.0006320825385995959
2026-04-21 04:00:00,5.6166861359230325e-05,-0.0006557752993675463
2026-04-21 04:05:00,-0.0005325345441224982,-0.0006045186619003887
2026-04-21 04:10:00,3.535961246292629e-05,-0.0006342897154713883
2026-04-21 04:15:00,-0.0006575579865959469,-0.000261694546292801
2026-04-21 04:20:00,9.987183123350007e-05,-0.0005584979805536644
2026-04-21 04:25:00,-0.0002641873290745167,-0.0005064394944672925
2026-04-21 04:30:00,-2.0815661692097365e-06,-0.0003699002169565474
2026-04-21 04:35:00,7.697772954884385e-05,-0.00037987478881033746
2026-04-21 04:40:00,0.00023922773242013307,-0.0002971010214421853
2026-04-21 04:45:00,0.0007241235404773505,-0.00021151887986555723
2026-04-21 04:50:00,-0.0006659494082974504,-6.99062326071464e-05
2026-04-21 04:55:00,-0.0013924839351293627,-7.172939397158869e-05
2026-04-21 05:00:00,-0.0020467937771222466,-0.00025497743009669695
2026-04-21 05:05:00,-0.001900392527778294,-0.00032811614708418325
2026-04-21 05:10:00,-0.0004791796536185444,-0.000563258611714934
2026-04-21 05:15:00,0.000229249292937439,-0.0006158993715244166
2026-04-21 05:20:00,0.00010011074759930239,-0.00048817940965013905
2026-04-21 05:25:00,-0.0007671653617524754,-0.0004690406751104779
2026-04-21 05:30:00,-0.0006941614631426063,-0.00041511411843630813
2026-04-21 05:35:00,0.0001146979118935576,-0.000373040500811265
2026-04-21 05:40:00,0.0004712093278218532,-0.00044923758167044923
2026-04-21 05:45:00,0.0004774180323288135,-0.0003902654397701571
2026-04-21 05:50:00,-0.00021898015814514338,-0.00032895998572383505
2026-04-21 05:55:00,-0.0007653064257855391,1.2825076687732326e-05
2026-04-21 06:00:00,-0.0009133391938185298,-8.400632501639632e-05
2026-04-21 06:05:00,-0.0004193243931940316,-0.00020391719430229733
2026-04-21 06:10:00,-0.0002649700255119569,-0.00025289482647025257
2026-04-21 06:15:00,-0.0002649827411573824,-0.00046648743765849334
2026-04-21 06:20:00,9.80667292704851e-05,-0.000422067130314384
2026-04-21 06:25:00,-5.634126111964122e-05,-0.00043333517616039955
2026-04-21 06:30:00,-0.00046336689050008317,-0.0004624418596905652
2026-04-21 06:35:00,-0.0006574395783740528,-0.0004615371843941871
2026-04-21 06:40:00,-0.0006178754050463198,-0.000552312717306475
2026-04-21 06:45:00,0.00027554132563523126,-0.000686304085195677
2026-04-21 06:50:00,0.00011899729138598047,-0.0005646896642253967
2026-04-21 06:55:00,0.00011692463176871115,-0.00038236190227253203
2026-04-21 07:00:00,-0.00040081248566359307,-0.00020987748288901813
2026-04-21 07:05:00,-0.00018163313288788174,-0.0002485621923923307
2026-04-21 07:10:00,-0.00048657990633316217,-0.00023718909450314292
2026-04-21 07:15:00,0.0006616717994560872,-0.00021550264628771614
2026-04-21 07:20:00,0.001362487574381177,-0.0002363308146946689
2026-04-21 07:25:00,0.001886525263799399,-0.00025057970460697575
2026-04-21 07:30:00,-0.00036730946234797557,0.00017154369524614038
2026-04-21 07:35:00,-0.0015984511368554166,3.2173889297965324e-05
2026-04-21 07:40:00,-0.0025781684244101655,-3.831986454733354e-05
2026-04-21 07:45:00,-0.0016754726892074245,-0.00047325028842597325
2026-04-21 07:50:00,-0.0001441113293836338,-0.0004247563134202466
2026-04-21 07:55:00,0.0001797478518703599,-0.0005585616455686307
2026-04-21 08:00:00,-0.0004287200680508363,-0.000725643079743909
2026-04-21 08:05:00,-0.0014046061678989474,-0.00047921049542959794
2026-04-21 08:10:00,-0.0010894329230985988,-0.00042315908399763355
2026-04-21 08:15:00,-0.00034310844027807264,-0.0006099999742407659
2026-04-21 08:20:00,-0.0005356074460323157,-0.0005149156400969502
2026-04-21 08:25:00,8.368375912404247e-05,-0.000658433297376686
2026-04-21 08:30:00,-0.00023438562821098685,-0.0009293868670343068
2026-04-21 08:35:00,-0.0003893323000312421,-0.000509006084005051
2026-04-21 08:40:00,-0.0005796537515969646,-0.0005804574749339324
2026-04-21 08:45:00,-0.0006029582822506541,-0.00040466457147629337
2026-04-21 08:50:00,0.0009542225066763166,-0.0004427063530175654
2026-04-21 08:55:00,0.0012614153998438127,-0.00039855751569793706
2026-04-21 09:00:00,0.0019603767606106715,-0.0005306234089073589
2026-04-21 09:05:00,0.0005980173603248318,-9.999669360647682e-05
2026-04-21 09:10:00,2.717717953260035e-05,0.00018427243268677158
2026-04-21 09:15:00,-0.000545674083046066,-9.09125640855582e-05
2026-04-21 09:20:00,-0.0003512395866387408,-0.00012475467499467005
2026-04-21 09:25:00,0.000664565716149923,0.00028970869331669866
2026-04-21 09:30:00,0.0018323690841253182,0.0002691119814130645
2026-04-21 09:35:00,0.0014083950179824,0.0012617809147992731
2026-04-21 09:40:00,-0.00018386078447463206,0.0012981191556974635
2026-04-21 09:45:00,-0.0009293457761838653,0.0010617354042474535
2026-04-21 09:50:00,-0.0017409318693708542,0.0011868492592133737
2026-04-21 09:55:00,-0.0020414530684735865,0.0003190212875431685
2026-04-21 10:00:00,-0.0005893811250974323,0.0002780036445661443
2026-04-21 10:05:00,0.001383796840340068,-0.00024131883064345703
2026-04-21 10:10:00,0.002359009557546088,0.0001804379884519901
2026-04-21 10:15:00,0.0010468524862830009,0.00066298283818392
2026-04-21 10:20:00,0.0002715177860839191,0.0008713754949838403
2026-04-21 10:25:00,0.0009687596667973253,0.0013345915616766772
2026-04-21 10:30:00,0.00031321583123578023,0.0007829462175241919
2026-04-21 10:35:00,1.4618096994212237e-05,0.000860447511109025
2026-04-21 10:40:00,-0.0011713992041357812,0.000524103772345829
2026-04-21 10:45:00,-0.0008709828557620369,0.00016878200992160358
2026-04-21 10:50:00,-0.0005263861623490129,-0.00025020455863494095
2026-04-21 10:55:00,-0.00042839395762861443,-0.0001160284065307235
2026-04-21 11:00:00,0.00031130160885162184,0.0002585913503933959
2026-04-21 11:05:00,-0.00011283309281218123,-6.380938374050751e-05
2026-04-21 11:10:00,-0.0004662175313239203,-0.00037494887300480967
2026-04-21 11:15:00,-0.0004805733541441981,-0.0002174651890105607
2026-04-21 11:20:00,-0.00046609377688966447,3.542685226809567e-05
2026-04-21 11:25:00,0.0011703583049893496,-5.37588611910515e-05
2026-04-21 11:30:00,0.00011076129593590167,-0.0002810521024907964
2026-04-21 11:35:00,0.0009779195750994063,-4.5554803235123384e-05
2026-04-21 11:40:00,-0.0009445397116323306,1.6332475350896393e-05
2026-04-21 11:45:00,-0.00039085402100091926,0.0002089383353101869
2026-04-21 11:50:00,-0.0005348118780492683,0.00023912452403174363
2026-04-21 11:55:00,-0.00010035752376325036,0.00011908567026483112
2026-04-21 12:00:00,-0.00010662306977771152,-7.245639254347715e-08
2026-04-21 12:05:00,-0.0005894599714171278,-2.9337986337806166e-05
2026-04-21 12:10:00,8.990408494646829e-05,-2.0932746484979125e-05
2026-04-21 12:15:00,0.00033655570053170436,0.0005545803898490691
2026-04-21 12:20:00,0.0009613516507620545,-0.00025548905609238006
2026-04-21 12:25:00,0.0006792463344122979,0.00015145875136751813
2026-04-21 12:30:00,0.0004931316886871429,-0.0002618995949829713
2026-04-21 12:35:00,0.0006035072515278017,2.9779701850498846e-07
2026-04-21 12:40:00,0.000749770039520925,0.0002553692920778406
2026-04-21 12:45:00,9.609057588733094e-05,-8.483016567507698e-05
2026-04-21 12:50:00,-0.0019873098770730735,0.00023957336355038563
2026-04-21 12:55:00,-0.0016422903816568635,0.00045220257598610985
2026-04-21 13:00:00,-0.0011118729096111224,0.00022592249830085244
2026-04-21 13:05:00,0.00026980364105888555,0.00017672011433831955
2026-04-21 13:10:00,0.00031571299651034224,-0.00014967356081929987
2026-04-21 13:15:00,0.0011640921762339218,-0.00019012904188472017
2026-04-21 13:20:00,0.0017300319398039221,-0.0001700826272908492
2026-04-21 13:25:00,0.0019860772326953935,-0.00020358649109167057
2026-04-21 13:30:00,0.0017946844608136558,0.00029774676340115906
2026-04-21 13:35:00,0.0007241364155312624,0.0004174774698485601
2026-04-21 13:40:00,0.0004192657904038555,0.0005032404851687828
2026-04-21 13:45:00,-0.0006402910101446224,0.0006494510989001883
2026-04-21 13:50:00,0.00041296114580724463,0.0004912377462092602
2026-04-21 13:55:00,-0.0007239173631763407,0.0005178176387899713
2026-04-21 14:00:00,-0.0020613073727293596,0.0005431484612510281
2026-04-21 14:05:00,-0.0026726650462283175,0.0003399255850673827
2026-04-21 14:10:00,-0.002710473337906194,-0.0003294528722018904
2026-04-21 14:15:00,0.0008191839964908354,-0.0005860936310476653
2026-04-21 14:20:00,-0.00046845167125475484,-0.0006657193859892337
2026-04-21 14:25:00,0.00011927318700521994,-0.0005941684690070569
2026-04-21 14:30:00,-0.001961309729360039,-0.0003138544093123698
2026-04-21 14:35:00,-6.484765510172963e-05,-0.0008296850145111314
2026-04-21 14:40:00,8.787640398644214e-05,-0.0007480079790731999
2026-04-21 14:45:00,0.00032017779557946824,-0.0005305692504434584
2026-04-21 14:50:00,-0.002588971094834136,-0.000506692645919645
2026-04-21 14:55:00,-0.003021517498531523,-0.0008327743146162804
2026-04-21 15:00:00,-0.0022622737949404836,-0.0011338351544631453
2026-04-21 15:05:00,0.0004424430898506415,-0.0008577824443887842
2026-04-21 15:10:00,0.0020712057499014946,-0.0008714314851849795
2026-04-21 15:15:00,0.0014982814479385098,-0.0013191794293055236
2026-04-21 15:20:00,0.003102082262529393,-0.0010257897935073575
2026-04-21 15:25:00,0.002963076655701613,-0.0006626316218396625
2026-04-21 15:30:00,0.0026996157264722598,0.00020298846852892172
2026-04-21 15:35:00,0.0009295865054230745,0.001282804839387566
2026-04-21 15:40:00,-0.002155044859856403,0.001408310132719739
2026-04-21 15:45:00,-0.001709677229007056,0.0006948165962224379
2026-04-21 15:50:00,-0.0018642217050786059,0.0004070159834086199
2026-04-21 15:55:00,8.369969386023968e-06,0.0005339938535073026
2026-04-21 16:00:00,-0.0005524029668926289,-0.0001842594198347795
2026-04-21 16:05:00,-0.001578525683621379,-0.0006779762121153173
2026-04-21 16:10:00,-0.0010384108224368305,-4.847743810565895e-05
2026-04-21 16:15:00,-0.0019735649354064577,-0.0003341880947831504
2026-04-21 16:20:00,-0.002395572485204056,-0.00022819712706424012
2026-04-21 16:25:00,-0.006029810063159502,-0.0012485106920919653
2026-04-21 16:30:00,-0.008542416260825192,-0.001558834623590436
2026-04-21 16:35:00,-0.004776775765485297,-0.002628610385881485
2026-04-21 16:40:00,-0.0012145571206723105,-0.003246454867949557
2026-04-21 16:45:00,0.0015132944511986324,-0.003348025382543184
2026-04-21 16:50:00,0.000350243486098023,-0.003029311265937783
2026-04-21 16:55:00,0.0018718268208193223,-0.0025380957223424187
2026-04-21 17:00:00,0.00435588210312865,-0.001965031967683732
2026-04-21 17:05:00,0.001966258137354515,-0.0022557613754456184
2026-04-21 17:10:00,-0.0012243011581816177,-0.0011360804210058314
2026-04-21 17:15:00,-0.002381056262889203,-0.0006053820053143111
2026-04-21 17:20:00,-0.0014769666511771362,-0.0003993943086049646
2026-04-21 17:25:00,0.0007503520261682439,-0.0005905131894365978
2026-04-21 17:30:00,0.000432000495617757,-0.0011086888540326287
2026-04-21 17:35:00,-0.00037749258907382455,-0.0004696781780988561
2026-04-21 17:40:00,-0.0007102909224379061,-0.0003972548858161756
2026-04-21 17:45:00,-0.0013408642992605024,-0.00015536390554132915
2026-04-21 17:50:00,-0.0012346996447210046,-9.015616083192564e-05
2026-04-21 17:55:00,-0.002658051561232,-0.00015345926135363112
2026-04-21 18:00:00,-0.0015983129275483066,-0.0009720133996594812
2026-04-21 18:05:00,-0.0009275546712608218,-0.0011525142460079025
2026-04-21 18:10:00,-0.002029430604487459,-0.0004483682333291166
2026-04-21 18:15:00,-0.001651667745321106,-0.0013020914022277244
2026-04-21 18:20:00,-0.0014342257746413622,-0.0009659285681014851
2026-04-21 18:25:00,0.0001842788928563266,-0.0013861300973477847
2026-04-21 18:30:00,-0.0007601334728377651,-0.0013112063060556959
2026-04-21 18:35:00,-0.0030742182311040978,-0.0013220078550244393
2026-04-21 18:40:00,-0.002219959120512982,-0.0007046420744404734
2026-04-21 18:45:00,-0.0017999438799591871,-0.0013058164591812317
2026-04-21 18:50:00,0.0002590228060697086,-0.00128223509306722
2026-04-21 18:55:00,-0.0007134682289056116,-0.0014872125609146083
2026-04-21 19:00:00,-0.0023454191183258644,-0.0013067534368514087
2026-04-21 19:05:00,-0.0015530180210010514,-0.000743333568879582
2026-04-21 19:10:00,-0.0016816356005069366,-0.0005513003696933147
2026-04-21 19:15:00,0.0007526630593659434,-0.0010538486809571442
2026-04-21 19:20:00,0.0010837552539104678,-0.0011544064165919536
2026-04-21 19:25:00,0.003881982560047348,-0.0010906864222847298
2026-04-21 19:30:00,0.0014463284157049117,0.0003720645268014062
2026-04-21 19:35:00,-0.0002952600168217856,0.0010501552221110712
2026-04-21 19:40:00,-0.0013001020916032502,0.0009414602360270821
2026-04-21 19:45:00,-0.0002674449472035434,-0.0002536660865460627
2026-04-21 19:50:00,0.00029313615534398707,0.00010119802187455534
2026-04-21 19:55:00,-0.0015610816047590959,-2.9846190432208128e-05
2026-04-21 20:00:00,-0.0030466988808637296,-0.00037312376669538627
2026-04-21 20:05:00,-0.0029309753387494197,-0.0013493644423572429
2026-04-21 20:10:00,-0.0016018434193298958,-0.0006745645895146882
2026-04-21 20:15:00,0.001274662169036489,-0.00027621779483924644
2026-04-21 20:20:00,0.0014686884700108038,-0.0010875672567932627
2026-04-21 20:25:00,0.0012872082022497011,-0.0005958258085493386
2026-04-21 20:30:00,-7.656153637114471e-05,-1.0142057307838946e-05
2026-04-21 20:35:00,0.001613069825454616,-0.0006143476526913176
2026-04-21 20:40:00,0.0015403429404994284,-9.228727195134344e-05
2026-04-21 20:45:00,0.001714848947264258,0.00022954738805717678
2026-04-21 20:50:00,0.00012528121933996772,0.0004819347934468874
2026-04-21 20:55:00,-0.0002654071520513668,0.00038975200499793673
2026-04-21 21:00:00,-0.0006456449983964774,0.0004093149554374879
2026-04-21 21:05:00,0.0010271386181859299,7.841796251371083e-05
2026-04-21 21:10:00,0.0010654487883989816,0.0005633672396026199
2026-04-21 21:15:00,0.0007008452905470364,0.0006086348956611384
2026-04-21 21:20:00,-0.002831427959648636,0.0002580276825364568
2026-04-21 21:25:00,-0.009086283591688726,8.147706710641051e-05
2026-04-21 21:30:00,-0.005714508091553938,0.00028693820981721724
2026-04-21 21:35:00,-0.004325250584196638,-0.000657089490498833
2026-04-21 21:40:00,0.0015422116570711353,-0.0020021765586836775
2026-04-21 21:45:00,-0.0016090967636905873,-0.0018824821397200714
2026-04-21 21:50:00,3.4180730617450195e-05,-0.0023092599335955226
2026-04-21 21:55:00,0.004171924941735128,-0.002626691556559567
2026-04-21 22:00:00,0.005866144996076628,-0.0012192009266858163
2026-04-21 22:05:00,0.006097482470279303,-0.00013043491992420665
2026-04-21 22:10:00,0.0015546827038672717,0.0010477614209303172
2026-04-21 22:15:00,0.0015041654188365783,0.0012111428449836671
2026-04-21 22:20:00,0.00032268542484992224,0.0018928146213272386
2026-04-21 22:25:00,0.001267902386345554,0.001648294097894314
2026-04-21 22:30:00,0.0007342642832330881,0.002253628845028017
2026-04-21 22:35:00,0.0012939411428884995,0.002157548610834478
2026-04-21 22:40:00,0.0018003331979343784,0.002006719534875235
2026-04-21 22:45:00,0.0025508758628074446,0.0020363354666569876
2026-04-21 22:50:00,0.0007586160495360872,0.0021931171333786632
2026-04-21 22:55:00,0.0003431585447319918,0.001982827230044856
2026-04-22 00:00:00,-0.001128447255808851,0.0017182866553228462
2026-04-22 00:05:00,-0.0005360572798558394,0.0005938857671165759
2026-04-22 00:10:00,-0.0005232579812961546,0.0002953915766101569
2026-04-22 00:15:00,-0.00060391401676263,-0.00018028986009394304
2026-04-22 00:20:00,7.841367029826074e-05,-0.00035511994543035644
2026-04-22 00:25:00,-0.0004175316732997203,-0.000461545066296366
2026-04-22 00:30:00,-0.000271350287324168,-0.0004624914009956222
2026-04-22 00:35:00,1.9072665796926458e-05,-0.0005766042863263008
2026-04-22 00:40:00,0.0004789810088716706,-0.00031217446893475596
2026-04-22 00:45:00,0.0011717902925258983,-0.0002652393788694138
2026-04-22 00:50:00,0.0013489977215304094,9.723052948541159e-05
2026-04-22 00:55:00,0.001746547837333523,0.0003639430814405176
2026-04-22 01:00:00,0.0020140482394168657,0.0005563400441881959
2026-04-22 01:05:00,0.0015669559542050848,0.0008907227092678989
2026-04-22 01:10:00,0.0005117426004161985,0.0010340645681183802
2026-04-22 01:15:00,0.00021132445567495495,0.0007455865725147576
2026-04-22 01:20:00,-0.00041000497229859434,0.0002719632413491301
2026-04-22 01:25:00,0.000302270305935437,5.2775437984510234e-05
2026-04-22 01:30:00,0.001191034440049421,-5.598724172607058e-07
2026-04-22 01:35:00,0.0017825090782750408,0.00024665043508870205
2026-04-22 01:40:00,0.0016007200321244142,0.0006072105966031877
2026-04-22 01:45:00,0.0010842121645886493,0.0007758650113042928
2026-04-22 01:50:00,0.0012526124085958656,0.0008642736030537897
2026-04-22 01:55:00,0.0008795158800722902,-0.0006934081790528877
2026-04-22 02:00:00,-3.5840367010209206e-05,0.0002129682832352859
2026-04-22 02:05:00,-0.0007146825395665246,0.0003045717570571584
2026-04-22 02:10:00,-0.00020030129598680446,0.00025259849254051395
2026-04-22 02:15:00,0.00039417340556546776,3.2063968481092585e-05
2026-04-22 02:20:00,0.0006893927608508932,-2.0130834131619934e-07
2026-04-22 02:25:00,-8.645821806574361e-05,-0.0003700643556502477
2026-04-22 02:30:00,-0.0002929803818947363,0.00010045145960533735
2026-04-22 02:35:00,-0.0010585291651619144,-0.00026528665155329205
2026-04-22 02:40:00,-0.0006096371371331344,0.00010614997479312273
2026-04-22 02:45:00,-0.0007528683690125604,-0.0005817425049067994
2026-04-22 02:50:00,-0.0001687934647183198,-0.00013541856708348835
2026-04-22 02:55:00,-0.0001371668298997264,-3.862961211700033e-05
2026-04-22 03:00:00,0.0001139156392646612,0.0001467634169486045
2026-04-22 03:05:00,0.0014717637039396436,1.680054152923339e-05
2026-04-22 03:10:00,0.0017648495972153455,0.0002536343642536248
2026-04-22 03:15:00,0.0016039881822482727,-3.065083751341754e-05
2026-04-22 03:20:00,0.0011076646888330544,0.00022096935580957297
2026-04-22 03:25:00,0.0006128567423360209,0.0008542292957737934
2026-04-22 03:30:00,0.0010188080407207423,0.0006053689943590436
2026-04-22 03:35:00,0.000580717665508601,0.0007970948917635913
2026-04-22 03:40:00,0.0007071615127411945,0.0001906083930569456
2026-04-22 03:45:00,-8.415967620223341e-05,0.00036195365558154454
2026-04-22 03:50:00,-9.255558600607117e-05,0.00043800295933409036
2026-04-22 03:55:00,0.0005931248175770065,0.0003075206532347342
2026-04-22 04:00:00,0.0010683020272779231,0.0005533978125656363
2026-04-22 04:05:00,0.00040381606727102337,0.0004097507687612085
2026-04-22 04:10:00,-2.1026580743210843e-06,0.0003260440818044836
2026-04-22 04:15:00,-0.0002186146148375201,0.0005097991721894343
2026-04-22 04:20:00,-0.0004416821853041597,0.00036449996733303546
2026-04-22 04:25:00,-0.0009192849578596451,8.426869624447744e-05
2026-04-22 04:30:00,-0.0010495950347433336,-0.00020455654722681388
2026-04-22 04:35:00,0.000405934216889392,-0.00031697702770348135
2026-04-22 04:40:00,0.0008898472805736191,0.00018065668143812987
2026-04-22 04:45:00,0.0015645243169082335,0.00017971296692898878
2026-04-22 04:50:00,0.0008702049944826484,0.0005355275480866238
2026-04-22 04:55:00,0.0004099467862399564,0.0003266414070386072
2026-04-22 05:00:00,-0.00015760325409708287,0.0002138335984998864
2026-04-22 05:05:00,6.092801776702572e-05,0.00017542872039106477
2026-04-22 05:10:00,0.0011490571959118512,0.0005573147554300507
2026-04-22 05:15:00,0.0005924593960457969,-0.0001512352044355231
2026-04-22 05:20:00,-0.0003214896977628001,0.0001516097839171276
2026-04-22 05:25:00,-0.0007812992647444617,-5.7026177732705295e-05
2026-04-22 05:30:00,-0.00047267865769562434,-0.0002598904230738607
2026-04-22 05:35:00,0.0,-0.00011636213798184807
2026-04-22 05:40:00,-0.0002353494950853019,-0.0003769593769653304
2026-04-22 05:45:00,2.521516944575808e-05,-0.00022665393136134381
2026-04-22 05:50:00,1.8914020017746225e-05,-0.00019735986067375224
2026-04-22 05:55:00,-0.0001744465268025408,-0.00014731891865553363
2026-04-22 06:00:00,-0.0005464710716509558,1.4351390701059123e-05
2026-04-22 06:05:00,-0.00047085532579060896,-6.422419936086202e-05
2026-04-22 06:10:00,-0.0003132394131242222,-6.778681956995723e-05
2026-04-22 06:15:00,-0.0002943773939421135,-0.0002500989108996351
2026-04-22 06:20:00,-0.0004879054233271063,0.00010286319577771647
2026-04-22 06:25:00,9.461284954603855e-05,-6.654000652679128e-05
2026-04-22 06:30:00,0.0005739556740032015,-0.0002730598802164423
2026-04-22 06:35:00,0.00020192077202452197,-0.00012076471788691128
2026-04-22 06:40:00,-0.0003616796272911671,-0.00019242178648898458
2026-04-22 06:45:00,-0.0009715026670846783,-0.00018275222243946878
2026-04-22 06:50:00,0.00018505823078207584,-7.898865278824526e-05
2026-04-22 06:55:00,0.00042685216108573343,-0.00011787620759195058
2026-04-22 07:00:00,0.0034045249384302423,-0.0001238386184801207
2026-04-22 07:05:00,0.0027570931725513503,0.0003101673584290612
2026-04-22 07:10:00,0.0019783812714333493,0.0005414056103209409
2026-04-22 07:15:00,-0.0007760767405002866,0.0008506659075181246
2026-04-22 07:20:00,-0.0005516500874573893,0.0008296700667546917
2026-04-22 07:25:00,0.00026432771755757756,0.00031404858876771523
2026-04-22 07:30:00,0.0007299484745590945,0.0008757457400304101
2026-04-22 07:35:00,0.0003985609903516263,0.0005455588462072146
2026-04-22 07:40:00,8.809371498941232e-05,0.0006554880940724362
2026-04-22 07:45:00,-0.0021389125312918367,0.0004665458458182413
2026-04-22 07:50:00,-0.0015447843522675697,0.0003439221984429051
2026-04-22 07:55:00,-0.0010639359284514427,-7.810019522303892e-05
2026-04-22 08:00:00,0.00099760897174761,0.00014167851951811048
2026-04-22 08:05:00,0.0005795738194880329,0.00018248869496195928
2026-04-22 08:10:00,0.0008919362216861515,0.00015258210349342825
2026-04-22 08:15:00,0.0004386328576941878,0.0005312028428805734
2026-04-22 08:20:00,0.0002749700646287323,9.466897640627248e-05
2026-04-22 08:25:00,-0.000707187636692197,0.0006635749944873477
2026-04-22 08:30:00,4.406252262789678e-05,0.00040665966056451576
2026-04-22 08:35:00,0.00039448146134013484,0.0003823596493898733
2026-04-22 08:40:00,0.000830946508420638,-0.0001685643619363457
2026-04-22 08:45:00,0.0006271558687860335,0.0003717357905547546
2026-04-22 08:50:00,0.0006291695798523733,0.00014060896344313646
2026-04-22 08:55:00,-0.0004384690577179384,0.0005026805904475248
2026-04-22 09:00:00,-0.0010783640124572003,0.00027819621470313025
2026-04-22 09:05:00,-0.0007676400271243722,0.0004092634313326659
2026-04-22 09:10:00,0.0001426808902351695,-0.000908622398638496
2026-04-22 09:15:00,0.00013013672770689766,-0.000145796898437777
2026-04-22 09:20:00,-0.0003084803798412139,0.00018802686482625723
2026-04-22 09:25:00,-0.0004952739217802815,-0.00018140268413751419
2026-04-22 09:30:00,-0.0006802564241077391,-0.00022119293582856234
2026-04-22 09:35:00,-0.0008713938758031503,-8.037522244098671e-05
2026-04-22 09:40:00,-0.0004976195203134637,-7.916080803993227e-05
2026-04-22 09:45:00,-0.00035290781699970353,-0.0001769134360461895
2026-04-22 09:50:00,-8.823158696458222e-05,-0.0005517771332847891
2026-04-22 09:55:00,-0.0007290291524846282,-0.000154070689398652
2026-04-22 10:00:00,-0.00014077774474152704,5.811675326938936e-05
2026-04-22 10:05:00,-0.001124584048742605,-0.000235869829871833
2026-04-22 10:10:00,-0.0008031774297396765,-0.0006948331839040635
2026-04-22 10:15:00,-0.0012573725097730915,-0.0008141990448724539
2026-04-22 10:20:00,-0.0003197388265885337,-0.0003184230137647007
2026-04-22 10:25:00,0.0004142846236643294,-0.0007600952537913067
2026-04-22 10:30:00,0.0005468779715034344,-0.0002122551764559611
2026-04-22 10:35:00,0.0008958520130182279,-0.00025739501768417194
2026-04-22 10:40:00,0.00021023110783069399,-0.0005929942791065169
2026-04-22 10:45:00,0.0009290067232949895,-0.000423270561842928
2026-04-22 10:50:00,0.0007606336739094388,-5.799953298343013e-05
2026-04-22 10:55:00,0.0007459636883009324,-2.845622700438188e-05
2026-04-22 11:00:00,8.1929761030608e-05,9.042945122844783e-05
2026-04-22 11:05:00,-1.0502050525218465e-05,1.4699119559500771e-05
2026-04-22 11:10:00,-0.0008720970492710478,0.00025743603679194925
2026-04-22 11:15:00,-0.000895289074225758,-7.290637054181936e-05
2026-04-22 11:20:00,-0.0004537939139250824,0.00020352448683391754
2026-04-22 11:25:00,0.00040567227071797163,-0.00013126212980200206
2026-04-22 11:30:00,0.00039520291450934053,-0.00028090115263124473
2026-04-22 11:35:00,-0.0008472127105125793,0.00011547091194483866
2026-04-22 11:40:00,-0.0006264439421936885,-7.824579979593588e-05
2026-04-22 11:45:00,-0.0018154380285224647,-0.00025571224422103706
2026-04-22 11:50:00,-0.001279536847608398,-0.0006180334582364844
2026-04-22 11:55:00,-0.0014541049454415145,-0.0002923105463921135
2026-04-22 12:00:00,0.0009659792970904135,-0.00047455415492697514
2026-04-22 12:05:00,0.00038319097485661757,0.00017534977686801958
2026-04-22 12:10:00,0.0012984841970951067,0.0002297867962207813
2026-04-22 12:15:00,0.0009335243110406566,0.0007240691390013752
2026-04-22 12:20:00,0.0014304047538722386,0.0003053793896271225
2026-04-22 12:25:00,0.0003805971215200543,0.0003796554572656885
2026-04-22 12:30:00,-0.00026903473442807524,0.0002156620897804651
2026-04-22 12:35:00,4.203976962813272e-05,-0.00027933913186057387
2026-04-22 12:40:00,0.000584281581486934,7.568509511450288e-05
2026-04-22 12:45:00,0.00018496915481946985,5.267982483936125e-05
2026-04-22 12:50:00,-0.00015555597629202111,3.9317829001846834e-05
2026-04-22 12:55:00,-0.00042872004607552583,-7.882645408204919e-05
2026-04-22 13:00:00,0.0004433662708720476,-0.00010107244477498103
2026-04-22 13:05:00,0.00012192430197721649,-3.3012362319665334e-05
2026-04-22 13:10:00,6.516047872118236e-05,-8.589285915279712e-05
2026-04-22 13:15:00,-0.0005736818870705207,-9.512869888166742e-05
2026-04-22 13:20:00,-0.00047096224342091375,-0.0005806846232825781
2026-04-22 13:25:00,-0.001851369279386006,-2.6750238844513936e-06
2026-04-22 13:30:00,-0.0011357256298420992,-0.0004051065649510505
2026-04-22 13:35:00,-0.0008689185456987047,-0.0002790052866459996
2026-04-22 13:40:00,0.0004905258092815501,-0.00022082381136037468
2026-04-22 13:45:00,0.0010159043525934663,-4.923698993864933e-05
2026-04-22 13:50:00,0.000349341305797779,-2.343035378512247e-05
2026-04-22 13:55:00,0.00024201635517329123,5.168165159665802e-05
2026-04-22 14:00:00,-0.0019338397362940185,0.00015957251235063815
2026-04-22 14:05:00,-0.00010100181180661139,-0.0002558510346176895
2026-04-22 14:10:00,2.1042331912468626e-06,-0.0005276012569192174
2026-04-22 14:15:00,0.0011346641064697849,-0.00048440997932641737
2026-04-22 14:20:00,-0.00034095644927489843,-0.00027162546039751785
2026-04-22 14:25:00,-0.0011495706167448105,-5.3768488083187755e-05
2026-04-22 14:30:00,-0.0018468548182539735,-0.00027686055928577636
2026-04-22 14:35:00,-0.0008823960466699532,-0.0008348448227333396
2026-04-22 14:40:00,-0.00045935547756670303,-0.0007124644416464541
2026-04-22 14:45:00,-0.0005671653586603043,-0.0008853571146082543
2026-04-22 14:50:00,-0.0005015647661057443,-0.0005442897666252679
2026-04-22 14:55:00,-0.00044902369723409663,-0.0007168613112680112
2026-04-22 15:00:00,0.0004723087975193607,-0.0005313382981486208
2026-04-22 15:05:00,0.0007712098894803177,-0.0004252099946184771
2026-04-22 15:10:00,0.0016580659629905625,-0.0004126062495916476
2026-04-22 15:15:00,0.00015387388063459184,0.00041546702675713425
2026-04-22 15:20:00,0.0002653609240024224,-0.00011032899843282037
2026-04-22 15:25:00,0.0010772167614714334,-0.00023074030369027527
2026-04-22 15:30:00,0.002597524341419799,-0.0005504608463002328
2026-04-22 15:35:00,0.0013068224928698413,-0.00013692457444663386
2026-04-22 15:40:00,-0.000447998055651766,0.00031701833980828537
2026-04-22 15:45:00,-0.0024668555276647908,-1.2680068569853311e-05
2026-04-22 15:50:00,-0.0017891577631399258,3.9843021365601796e-06
2026-04-22 15:55:00,-0.0016507004485131205,-0.0001929602697093195
2026-04-22 16:00:00,0.00038979742616263025,-0.00026243865860136386
2026-04-22 16:05:00,-0.0002528450347334399,-0.00039861935174737777
2026-04-22 16:10:00,-0.0003266730695532516,9.045176034389775e-06
2026-04-22 16:15:00,-0.002256608917317493,-0.00018921047005151826
2026-04-22 16:20:00,-0.0016724933640208661,-0.000421949274708776
2026-04-22 16:25:00,-0.0022728025914897643,-0.000813461870508946
2026-04-22 16:30:00,0.0002828824473404268,-0.0009968696875167068
2026-04-22 16:35:00,8.44330741145427e-06,-0.001068838675413671
2026-04-22 16:40:00,0.0006800609360126941,-0.0005403626462662749
2026-04-22 16:45:00,-0.0003504483029619365,-0.0006716480319348172
2026-04-22 16:50:00,-0.00023221693387931452,7.060621178139801e-05
2026-04-22 16:55:00,0.00026809566742791446,-0.0005940666461060661
2026-04-22 17:00:00,-0.0004857639578403905,6.966911030758141e-05
2026-04-22 17:05:00,-0.0004645957045106286,-0.00030823860237874054
2026-04-22 17:10:00,-0.0005552699588573518,3.0108602496790957e-05
2026-04-22 17:15:00,-9.506838064510248e-05,0.00010910165811582625
2026-04-22 17:20:00,-0.001280867275646358,-0.0002732380944957008
2026-04-22 17:25:00,-0.0016951628519539241,-0.00028286798688171737
2026-04-22 17:30:00,-0.001020970137060928,-0.00045171987185829314
2026-04-22 17:35:00,-0.00012902311540941014,-0.0001322238730703292
2026-04-22 17:40:00,0.0002961208194580678,-0.00012343980061447577
2026-04-22 17:45:00,0.00048207852893078496,-0.0007109199215359223
2026-04-22 17:50:00,0.001312720362440345,-9.341487128268245e-05
2026-04-22 17:55:00,0.00037848393322370555,2.5140933324776798e-05
2026-04-22 18:00:00,-0.0011167466611254895,-0.0003272192628315406
2026-04-22 18:05:00,-0.001839561223199837,-6.970581509606382e-05
2026-04-22 18:10:00,-0.0006492195319545147,-0.0005181512664795264
2026-04-22 18:15:00,0.0007065717813343753,-0.0005020894017257276
2026-04-22 18:20:00,0.0012795934119989028,-0.0013420386134536514
2026-04-22 18:25:00,0.00021786331172712892,-0.0006900370386882485
2026-04-22 18:30:00,0.0002791063540197314,-0.00048442726869640817
2026-04-22 18:35:00,-0.0001902491000613793,-0.0005157719104108929
2026-04-22 18:40:00,0.00013323280972876717,-0.0002843875172727183
2026-04-22 18:45:00,0.001229677206261215,-0.00046232461063932737
2026-04-22 18:50:00,0.0013795422235176602,3.5981482196615814e-05
2026-04-22 18:55:00,0.0014031530978027007,0.00041017471719673654
2026-04-22 19:00:00,-0.0004329612398379368,6.76327518042779e-05
2026-04-22 19:05:00,-0.00018791138661100604,0.0001706542572677001
2026-04-22 19:10:00,-5.4905720556774895e-05,4.511005688889844e-05
2026-04-22 19:15:00,0.000669426757088587,-0.00020401186303959558
2026-04-22 19:20:00,-3.167393583680678e-05,-0.0001624283903151608
2026-04-22 19:25:00,0.0003019441637395204,2.0260195185032615e-05
2026-04-22 19:30:00,-2.955513193469983e-05,2.183338290599279e-05
2026-04-22 19:35:00,0.0002786962102678814,-0.00010464564448095665
2026-04-22 19:40:00,0.00011610809888118467,-0.00014514302445786442
2026-04-22 19:45:00,6.333316093787289e-06,-2.2895092284721603e-05
2026-04-22 19:50:00,5.066369440775986e-05,0.0003104446516732313
2026-04-22 19:55:00,-0.00036736995200215006,0.0004084070670308786
2026-04-22 20:00:00,-0.0008300061406973924,0.0001035476465747121
2026-04-22 20:05:00,-0.0009820662828641247,-0.00012428672646171133
2026-04-22 20:10:00,-0.0010183622995878494,-0.00014236737597360076
2026-04-22 20:15:00,7.6059766110248e-05,-0.0001669358783590441
2026-04-22 20:20:00,0.0011741428101199602,0.0001436801990421676
2026-04-22 20:25:00,0.0018605795970945138,-0.00018703077605709465
2026-04-22 20:30:00,0.002913378169933978,-0.00016471970183387484
2026-04-22 20:35:00,0.0007932439662123869,0.00015440976313560526
2026-04-22 20:40:00,0.0005146908488100621,-7.131917390991052e-05
2026-04-22 20:45:00,-0.001102330285856823,0.0003329167951459072
2026-04-22 20:50:00,-0.00035435039296594084,0.0005493168314108653
2026-04-22 20:55:00,-0.0006792790621332756,7.997566739320982e-05
2026-04-22 21:00:00,-0.0001497408536970113,2.1762451596783426e-05
2026-04-22 21:05:00,0.00035435039296594084,0.00010722535007269565
2026-04-22 21:10:00,0.0012801196245071367,0.0002043021552464796
2026-04-22 21:15:00,0.00011178050538518391,0.0002943749557712485
2026-04-22 21:20:00,-0.0003775562872654348,2.9062240447746275e-05
2026-04-22 21:25:00,-0.0011429608989406148,0.00024549667844345197
2026-04-22 21:30:00,-0.0005484769355295072,0.00024210095804228472
2026-04-22 21:35:00,0.00011813349098233061,0.0001138037091516449
2026-04-22 21:40:00,0.00022152436278410903,0.00012786422056832047
2026-04-22 21:45:00,6.963105041357665e-05,-0.0001124795598501619
2026-04-22 21:50:00,-0.0005971390255847808,6.392222400819421e-05
2026-04-22 21:55:00,-0.0009075061932257711,0.00017705088945833895
2026-04-22 22:00:00,-0.0005550730760077727,-9.386289682549931e-05
2026-04-22 22:05:00,-0.00044333728137146977,-0.00035446974354179183
2026-04-22 22:10:00,0.00019001131680163041,-6.364691629787812e-05
2026-04-22 22:15:00,0.00044534922129813026,5.327742524524109e-05
2026-04-22 22:20:00,0.0004412266171343049,3.663646288920249e-05
2026-04-22 22:25:00,0.00013087568517278214,0.0003903765669143696
2026-04-22 22:30:00,-6.330589725322966e-06,4.255000810828028e-05
2026-04-22 22:35:00,0.00017728026790386764,-2.0638417828235974e-05
2026-04-22 22:40:00,0.00047902777272312846,0.00017329889869875642
2026-04-22 22:45:00,0.0006412961151340824,0.0003786909679301821
2026-04-22 22:50:00,3.1653883777238434e-05,0.00011339202783100841
2026-04-22 22:55:00,-0.0007154608432102805,0.00038421299877701404
2026-04-23 00:00:00,-0.0011584296030306973,0.00026867165551588496
2026-04-23 00:05:00,-0.0007388518157238622,4.879196160615053e-05
2026-04-23 00:10:00,-0.0007011838043506913,-0.0001193008265801973
2026-04-23 00:15:00,-0.00044769469659478034,-0.0001688498682857291
2026-04-23 00:20:00,-0.0009148213303316055,-0.00029219580980447085
2026-04-23 00:25:00,-0.000657278110413273,-0.000511749860924394
2026-04-23 00:30:00,-0.0008685077744861047,-0.000354212212709796
2026-04-23 00:35:00,-4.227444994953089e-06,-0.0005853868892690498
2026-04-23 00:40:00,-0.0007909970570256775,-0.0005525143031889959
2026-04-23 00:45:00,-0.0011718842233534588,-0.00043268432808672946
2026-04-23 00:50:00,-0.0009770189857842837,-0.0008075013580721525
2026-04-23 00:55:00,-4.2316936937680794e-05,-0.0006329494237795334
2026-04-23 01:00:00,0.0009435379987436932,-0.0005555566761267429
2026-04-23 01:05:00,0.00015444097159189596,-0.00040945926243195733
2026-04-23 01:10:00,0.00045058338617387506,-0.00030191044436894584
2026-04-23 01:15:00,-0.0003299255159632253,-0.00010723104111821451
2026-04-23 01:20:00,-0.0003681589133925911,-0.0001440169319983556
2026-04-23 01:25:00,-0.0007849501557721794,-0.0001386296111062236
2026-04-23 01:30:00,0.0001163323171429198,-0.00027808053437144585
2026-04-23 01:35:00,0.0005162305972810088,-0.00018871159902510604
2026-04-23 01:40:00,0.0007066943714146845,-3.892291789534353e-05
2026-04-23 01:45:00,-0.001430769833028478,0.0001500717666591261
2026-04-23 01:50:00,-0.002560495453547418,-0.00047397808662989034
2026-04-23 01:55:00,-0.006248462197703475,2.3833260394771348e-05
2026-04-23 02:00:00,0.0003345940642898171,-0.0008626677712803774
2026-04-23 02:05:00,0.002539343698162,-0.0006058893086215821
2026-04-23 02:10:00,0.009144073391810892,0.00016373488089495468
2026-04-23 02:15:00,0.00506240369505484,-0.0002676376291116056
2026-04-23 02:20:00,0.0037874834684821224,3.338205508472022e-05
2026-04-23 02:25:00,0.0006008810994977409,0.0009683794456456769
2026-04-23 02:30:00,0.00015166643524366918,0.00037668021075326337
2026-04-23 02:35:00,0.0005013883083524462,-1.0324877357846377e-06
2026-04-23 02:40:00,0.0005794554755791381,0.00020291457062543617
2026-04-23 02:45:00,-0.0006215570942256221,-0.00011186661659127999
2026-04-23 02:50:00,-0.0008744325964080701,0.00023245089169458263
2026-04-23 02:55:00,-0.0021382759394548145,0.00031426312676234125
2026-04-23 03:00:00,-0.002160543507994106,-0.00044531581551266234
2026-04-23 03:05:00,-0.0021250001401948992,-0.0002224012486975304
2026-04-23 03:10:00,-0.0017282984580848648,-0.0011428086047848493
2026-04-23 03:15:00,-0.0009868779851256448,-0.001282696651957283
2026-04-23 03:20:00,-0.00025141579974352624,-0.0005211047627069272
2026-04-23 03:25:00,0.001124367397672188,-0.0011204031607406737
2026-04-23 03:30:00,0.0009277350090766134,-6.687597888668513e-07
2026-04-23 03:35:00,-0.0015627299562890329,-0.0001424847180031529
2026-04-23 03:40:00,-0.0023240996648805634,-0.0002120904838665671
2026-04-23 03:45:00,-0.002821801224270004,-0.0008432938750414944
2026-04-23 03:50:00,-0.0022161119921886296,-0.000508639257077476
2026-04-23 03:55:00,-0.0034166387966401146,-0.0006116710271504147
2026-04-23 04:00:00,-0.002101422466735059,-0.0015410592625663023
2026-04-23 04:05:00,0.00022692159744153173,-0.0018241486799020043
2026-04-23 04:10:00,0.0015135837987543255,-0.00127400009207747
2026-04-23 04:15:00,0.0003226039258308333,-0.0012500386449435668
2026-04-23 04:20:00,-0.0009016281893323708,-0.000880600931991605
2026-04-23 04:25:00,-0.002684839078151313,-0.0010582445412602149
2026-04-23 04:30:00,-0.0013059142776796762,-0.0011207057934021602
2026-04-23 04:35:00,-0.001801446317397648,-0.0010782702530931763
2026-04-23 04:40:00,-0.0004978268048514423,-0.0011009714070238754
2026-04-23 04:45:00,0.0005098280078215112,-0.0010337499270541008
2026-04-23 04:50:00,0.0001381974588738899,-0.0001314740206777467
2026-04-23 04:55:00,0.0005786470882345185,0.0009420976643159071
2026-04-23 05:00:00,-0.0017046932067685816,-0.0008675415180866995
2026-04-23 05:05:00,0.0001828165228729972,-9.108564889338297e-05
2026-04-23 05:10:00,0.0002785672306000464,-0.0005090393524886818
2026-04-23 05:15:00,0.0005720976039675918,-0.0012217120934018611
2026-04-23 05:20:00,-0.00040181518955684226,-0.0005843680842671345
2026-04-23 05:25:00,0.00045914756661247225,-0.000612723324571232
2026-04-23 05:30:00,0.0007332523896224075,-0.00042492629880900364
2026-04-23 05:35:00,0.0006547271318542158,-0.00039411314395933255
2026-04-23 05:40:00,-0.00029969743536639726,-0.00037952126934808075
2026-04-23 05:45:00,-0.0008331863694923669,-0.0004880428986217041
2026-04-23 05:50:00,-0.00029755010219290057,-2.9601729845622177e-05
2026-04-23 05:55:00,0.0005015706065769621,0.0001043876153005605
2026-04-23 06:00:00,0.0003996760126430132,-0.0004990940481308722
2026-04-23 06:05:00,-5.739484787170568e-05,0.0001318986657928665
2026-04-23 06:10:00,-0.00016787062526724128,-9.530816110512321e-05
2026-04-23 06:15:00,0.0002869028853424993,0.00011489543680768664
2026-04-23 06:20:00,-0.00015306903443423892,-0.00016521972966464672
2026-04-23 06:25:00,-0.0008185072373976254,2.6695034883752067e-05
2026-04-23 06:30:00,-0.0008056622117891266,-0.0005193873350144832
2026-04-23 06:35:00,-0.0001509660233622867,-0.0003244918199310278
2026-04-23 06:40:00,0.000565585619435538,-0.000740717009227393
2026-04-23 06:45:00,0.001020254259321618,-8.309175936440033e-06
2026-04-23 06:50:00,0.0015532226110952507,-0.00014871158613419513
2026-04-23 06:55:00,0.0007288359028869706,-7.983075714618277e-05
2026-04-23 07:00:00,-2.124468351993869e-05,0.00034568910660009734
2026-04-23 07:05:00,-0.0007391265899574506,0.00028638643936844366
2026-04-23 07:10:00,-0.00042278762138359127,-0.00010831973501754603
2026-04-23 07:15:00,-0.00020822178669988034,-2.818802504138744e-05
2026-04-23 07:20:00,-0.0007609363710017192,-0.00010246913526508594
2026-04-23 07:25:00,-0.0008609996418229571,-2.129428120929751e-05
2026-04-23 07:30:00,0.0010449210782361718,8.783567472692185e-05
2026-04-23 07:35:00,0.0019437012692922195,-0.00021839801622654159
2026-04-23 07:40:00,0.0024747045906359233,0.000269780687824188
2026-04-23 07:45:00,0.0007554008333361395,0.0003809267951652413
2026-04-23 07:50:00,0.00018461440575201493,-0.0004186307623011219
2026-04-23 07:55:00,-0.0003119214492492972,0.00035363480355319775
2026-04-23 08:00:00,-0.0008148385945876413,0.0003037512437282908
2026-04-23 08:05:00,-9.760796828217622e-05,4.3206026652654726e-05
2026-04-23 08:10:00,4.8810457331072143e-05,0.0003910249493878124
2026-04-23 08:15:00,0.0003395967745465356,0.00041938798189498016
2026-04-23 08:20:00,0.00017399016787145172,0.0001727877215038447
2026-04-23 08:25:00,0.0006343192365800832,-0.00017039578578925698
2026-04-23 08:30:00,0.0008463674057743731,-7.080608953369656e-05
2026-04-23 08:35:00,0.0002566863084680904,0.0001506254738574802
2026-04-23 08:40:00,-0.0004730494488516257,-0.00011520421769703822
2026-04-23 08:45:00,-0.0006490297657375521,0.0003162377973179363
2026-04-23 08:50:00,-0.0007638884839682447,-0.0001458721135861196
2026-04-23 08:55:00,5.51652730500507e-05,0.00044466064565292207
2026-04-23 09:00:00,-9.335919106767676e-05,0.00021829273407882009
2026-04-23 09:05:00,-0.0011830563097916524,-0.00010976845784240701
2026-04-23 09:10:00,-0.0015670290176732493,0.00019555761183231106
2026-04-23 09:15:00,-0.0003607878797424746,-0.00042092475974764634
2026-04-23 09:20:00,0.0008582269219772343,0.00021994712406118495
2026-04-23 09:25:00,0.001683714760822852,-0.00044931478039626527
2026-04-23 09:30:00,0.0019848429033153536,-9.156028325408949e-05
2026-04-23 09:35:00,0.0014534809176964814,8.2643379370679e-05
2026-04-23 09:40:00,0.0012190818538364567,0.00024576720346169913
2026-04-23 09:45:00,0.00022241309829595934,0.0008130990496838368
2026-04-23 09:50:00,0.000582920447866897,0.0008903950525211822
2026-04-23 09:55:00,-0.0002013110654779382,-5.028351521468049e-05
2026-04-23 10:00:00,2.329755746366402e-05,0.0002564661307257954
2026-04-23 10:05:00,-0.00012291494936711445,0.0003283925867489967
2026-04-23 10:10:00,-0.0005978148139327288,-0.0002945249418866905
2026-04-23 10:15:00,-0.002474689779807804,-0.00016834289695696016
2026-04-23 10:20:00,-0.0022362972518514823,-2.299049999538113e-05
2026-04-23 10:25:00,-0.002530889008832915,-0.0001415988091835816
2026-04-23 10:30:00,-0.0008007604465660734,-0.0002215051842385449
2026-04-23 10:35:00,-0.000611927505687504,0.00024651576247027284
2026-04-23 10:40:00,-0.00018709829731378136,-0.0002896497609841511
2026-04-23 10:45:00,-0.001924871090952962,-7.779324932847854e-05
2026-04-23 10:50:00,-0.002008391664567455,-0.0006760902880163423
2026-04-23 10:55:00,-0.001340477070050028,-9.542625135596128e-05
2026-04-23 11:00:00,0.0006235959981211181,0.0011144241326182661
2026-04-23 11:05:00,0.0014173562511441418,-0.000330339277032616
2026-04-23 11:10:00,0.0009512855307978185,0.00028229740491944345
2026-04-23 11:15:00,0.00035100072794236326,4.018248711258928e-05
2026-04-23 11:20:00,-0.0004105286837461364,-9.660507275234216e-06
2026-04-23 11:25:00,-4.467101394389772e-05,-0.0003952902417897836
2026-04-23 11:30:00,-0.0005914541433789111,-0.0003255593141267518
2026-04-23 11:35:00,-0.0006193024639102873,0.00040654332994206107
2026-04-23 11:40:00,-0.000781001487849764,-0.00011944745896236003
2026-04-23 11:45:00,0.000446814222081926,0.00019802924853950764
2026-04-23 11:50:00,-0.0012440197068794845,-0.00029042561901752157
2026-04-23 11:55:00,-0.0016171424851538774,-0.00023367048006057815
2026-04-23 12:00:00,-0.002611367957083388,-0.0005800525902168626
2026-04-23 12:05:00,-0.0008678954933358796,0.0007221019138824025
2026-04-23 12:10:00,-0.0005310952096984067,-0.0007307806567361261
2026-04-23 12:15:00,0.0008058636607888303,-0.0007845241140594863
2026-04-23 12:20:00,0.0014027579920892208,-0.0006932397487129997
2026-04-23 12:25:00,0.0007080642842804963,-0.0005775159907444498
2026-04-23 12:30:00,-0.0004966592838293593,-0.0006656630635364012
2026-04-23 12:35:00,-0.0005647038917508951,3.386080396106175e-05
2026-04-23 12:40:00,0.0014039814441186849,-0.0005463570308975699
2026-04-23 12:45:00,0.0018212981833780617,-3.218690173606656e-05
2026-04-23 12:50:00,0.0014292548050427456,-0.00038634915896006844
2026-04-23 12:55:00,0.00016178921880616315,0.0003420023158840885
2026-04-23 13:00:00,0.0007403515305828279,-7.641106359295969e-05
2026-04-23 13:05:00,0.0006808931026860421,3.681084746196731e-06
2026-04-23 13:10:00,0.0004107418630301396,1.6534861674063185e-05
2026-04-23 13:15:00,-0.0009446829312818039,0.00023067043049530367
2026-04-23 13:20:00,0.00033602007929900424,-0.00027805899300204975
2026-04-23 13:25:00,0.0012333394437238354,-0.00015204250421855072
2026-04-23 13:30:00,0.001814108644309087,0.00042032011875485845
2026-04-23 13:35:00,0.002478379173437517,0.00040135603564358494
2026-04-23 13:40:00,0.0031508585893256225,0.0011328704059783115
2026-04-23 13:45:00,0.005188057091491061,0.0005110013717533913
2026-04-23 13:50:00,0.003144866457454043,0.0019529944800130079
2026-04-23 13:55:00,0.0016848668686790802,0.0016959946166723993
2026-04-23 14:00:00,0.00032758786780640037,0.002157412701083248
2026-04-23 14:05:00,0.0007989347961583348,0.002452451603785248
2026-04-23 14:10:00,0.0010082915387261693,0.0012587426470793443
2026-04-23 14:15:00,0.0013346033753816045,0.0015034291743231296
2026-04-23 14:20:00,0.0008574047771219284,0.0014907576105818116
2026-04-23 14:25:00,0.0014989309730495393,0.0012559685235635307
2026-04-23 14:30:00,-0.0006903081644988873,0.0017891761473734613
2026-04-23 14:35:00,0.00012664774003567913,0.0010384974140443916
2026-04-23 14:40:00,-1.687685381845938e-05,0.0010085032132679313
2026-04-23 14:45:00,-0.00032948929457887743,0.002058682476785143
2026-04-23 14:50:00,-0.002216539156515651,0.0006058484832067164
2026-04-23 14:55:00,-0.0029176436603890465,0.0009075645234934898
2026-04-23 15:00:00,-0.001490393581160987,0.00016979060743013339
2026-04-23 15:05:00,0.00042509409283475463,0.00038278098528123224
2026-04-23 15:10:00,6.347164512199299e-05,0.0013482854708786124
2026-04-23 15:15:00,-0.0002517892389271026,0.00043725018409602757
2026-04-23 15:20:00,0.0003023201508831619,-0.00023648084548842028
2026-04-23 15:25:00,0.0009917499488594217,-0.00017693274815228178
2026-04-23 15:30:00,0.002515044028619684,0.0005072333725294311
2026-04-23 15:35:00,0.0010035547805973266,-0.00019532391067976902
2026-04-23 15:40:00,-0.0013641744578514192,0.0008897059765866089
2026-04-23 15:45:00,-0.002874852952800211,0.000918620820838426
2026-04-23 15:50:00,-0.0029416793002621233,-7.617989401666349e-05
2026-04-23 15:55:00,-0.00019261481013366222,0.00018535085972599572
2026-04-23 16:00:00,-8.46765145467998e-06,0.0001525675895074061
2026-04-23 16:05:00,0.0017795763973360579,0.0002026791831522238
2026-04-23 16:10:00,0.0015356534726134186,0.00014097699918313653
2026-04-23 16:15:00,0.0011572863247710785,0.0002835280758848961
2026-04-23 16:20:00,-0.00036792848223754504,0.0013609860727647302
2026-04-23 16:25:00,1.4795103666642717e-05,-3.311929862675535e-05
2026-04-23 16:30:00,0.00022622305901442985,0.0006566381981016522
2026-04-23 16:35:00,0.001468790583142976,0.0003389342632501467
2026-04-23 16:40:00,0.0005261406438226146,0.0006825092522046528
2026-04-23 16:45:00,0.0006889250295198934,0.0010028613123279722
2026-04-23 16:50:00,-0.0012234898876695155,0.00037046817016256713
2026-04-23 16:55:00,-0.0005980046264717487,0.000785548186012605
2026-04-23 17:00:00,0.0009902903795673268,0.00015598875465752386
2026-04-23 17:05:00,0.0015739899873299379,0.0003789259515093735
2026-04-23 17:10:00,0.0005071647696830439,0.00014643248122799172
2026-04-23 17:15:00,-0.0011233892056417005,0.0004883369015721471
2026-04-23 17:20:00,-0.0011638801397921839,0.0005330447156478059
2026-04-23 17:25:00,-0.0010357350628087403,0.00014331707955124594
2026-04-23 17:30:00,-0.001791162037632077,-0.00016230758483722183
2026-04-23 17:35:00,-0.0031265736383616627,-0.0005388257832380562
2026-04-23 17:40:00,-0.0016255175920054654,-1.9859265397558846e-05
2026-04-23 17:45:00,-0.0014106555532205078,-0.0003833981074207789
2026-04-23 17:50:00,0.0007841492065452371,-0.0005853051785644454
2026-04-23 17:55:00,-0.00031567362152351564,3.033868160213472e-05
2026-04-23 18:00:00,0.0010380631099966564,-0.0003226175357937595
2026-04-23 18:05:00,0.0005760637217981923,-0.0006640738278143677
2026-04-23 18:10:00,0.000802759502274597,0.00023304809752265916
2026-04-23 18:15:00,0.0012548287683973314,-0.00020688383446479383
2026-04-23 18:20:00,0.0010707658691213595,-0.00035338573994503727
2026-04-23 18:25:00,0.00238118511916241,-0.0007373803713692278
2026-04-23 18:30:00,0.0012617044826370716,0.00041313040283840505
2026-04-23 18:35:00,0.0011414512888485717,-0.00012310680985633314
2026-04-23 18:40:00,-0.00019222989910083754,0.0002166909654643419
2026-04-23 18:45:00,-0.0019323023870274625,4.9729758729674043e-05
2026-04-23 18:50:00,-0.005070379703473904,-0.00016905906011724416
2026-04-23 18:55:00,-0.0036806104920987792,0.00019469855290620656
2026-04-23 19:00:00,-0.0037122786196093216,0.0015505635017123063
2026-04-23 19:05:00,-0.00017200465092059858,3.5205702376347234e-05
2026-04-23 19:10:00,-0.001925063233324309,-0.0005826201463611441
2026-04-23 19:15:00,0.0008577404162792845,-0.00019623493288824034
2026-04-23 19:20:00,-0.0022089589779756835,-0.0006003957886851419
2026-04-23 19:25:00,-0.0063767788397193215,0.00025946705198565996
2026-04-23 19:30:00,-0.006115771328371267,0.0004106344268720978
2026-04-23 19:35:00,-0.0005109448759075264,-0.00010282232529171289
2026-04-23 19:40:00,0.0071073383448503336,-0.0006090267720191582
2026-04-23 19:45:00,0.0065252739157628525,0.00013546187219586712
2026-04-23 19:50:00,0.003127570541058944,0.0015587053939443145
2026-04-23 19:55:00,0.0007597252621778239,0.0022793794050190042
2026-04-23 20:00:00,3.8183403376024216e-05,-0.00030349024875559366
2026-04-23 20:05:00,0.0004923756161314685,-0.00022705288349453615
2026-04-23 20:10:00,0.0005959166105178326,0.0014968408763152983
2026-04-23 20:15:00,0.0008990098775676358,-5.75061660461838e-05
2026-04-23 20:20:00,0.0002524606975597976,-0.0004825600591687101
2026-04-23 20:25:00,-0.0011773304810969165,-0.001042993515703651
2026-04-23 20:30:00,-0.0025167175442213363,0.00013196182927835803
2026-04-23 20:35:00,-0.0011631215414755758,-0.0004561300307535047
2026-04-23 20:40:00,-0.002137583815260413,-0.0011996970147035697
2026-04-23 20:45:00,-0.002190832988356206,-0.0002456834884128933
2026-04-23 20:50:00,-0.002639014910606363,-0.0009149970043829521
2026-04-23 20:55:00,-0.0009640442078815425,0.00015777900855995869
2026-04-23 21:00:00,0.0006428582293320773,-0.0011519863455377037
2026-04-23 21:05:00,0.0012129828945770527,-0.0006227599056332484
2026-04-23 21:10:00,0.000721524555155284,-0.000110256289769305
2026-04-23 21:15:00,-0.001143381659485243,7.778155366623201e-05
2026-04-23 21:20:00,-0.0018967319533693683,-0.000180220492155637
2026-04-23 21:25:00,-0.0016587936348848586,-0.0007750179374026632
2026-04-23 21:30:00,0.0004238637479971885,-0.001034161832453824
2026-04-23 21:35:00,0.0013223445111307797,-0.0016935906774775869
2026-04-23 21:40:00,0.0007711808822570276,-0.00028943840736991416
2026-04-23 21:45:00,0.00033214952143723053,-0.00040251503192929844
2026-04-23 21:50:00,-0.0005300054508161622,-0.00024254991173620205
2026-04-23 21:55:00,-0.0011079601671202255,-0.00011689325104621159
2026-04-23 22:00:00,-0.0013058127556462296,-0.000364748017406598
2026-04-23 22:05:00,-0.0009138013384362154,-0.00034731477091318414
2026-04-23 22:10:00,-0.0002537251232404003,-0.0008854208562021493
2026-04-23 22:15:00,-0.00034111284130311503,-0.0006788823280505621
2026-04-23 22:20:00,-0.0005222427566913268,-0.00016863572958292127
2026-04-23 22:25:00,0.00040081357162691233,-0.0007158540603533932
2026-04-23 22:30:00,0.0002963484140927619,-0.0007480840383020536
2026-04-23 22:35:00,0.00023877338813349525,-0.0010172528855589824
2026-04-23 22:40:00,0.0005838769165844582,-0.0005965052451201209
2026-04-23 22:45:00,0.0008970378113790645,-0.0008355834153084904
2026-04-23 22:50:00,0.0013335238314464704,-5.93576023956221e-05
2026-04-23 22:55:00,0.000685726481643556,-0.0004193515009543825
2026-04-24 00:00:00,-0.00025773607755397165,-0.00015245722941073625
2026-04-24 00:05:00,-0.0006644094028356307,-0.00014579264595677936
2026-04-24 00:10:00,-0.0009413970429985596,-0.0002897545759518664
2026-04-24 00:15:00,-5.752042242868072e-05,-0.0004181182191600701
2026-04-24 00:20:00,-0.0004666281090663915,-0.00038288929371997296
2026-04-24 00:25:00,0.0001470185597600704,-0.00043928518368828044
2026-04-24 00:30:00,-0.0002812585914284682,-0.00042180351200186517
2026-04-24 00:35:00,-0.00019609138774079327,-0.0005504747739978835
2026-04-24 00:40:00,5.965354077552831e-05,-0.000585161056974835
2026-04-24 00:45:00,0.00031534516707232285,-0.000309529572481499
2026-04-24 00:50:00,-0.00016841351312990582,-0.00017188449095551517
2026-04-24 00:55:00,-0.0008695893656689435,-0.00014189273713859118
2026-04-24 01:00:00,-0.0011489317159298906,3.384430192543413e-05
2026-04-24 01:05:00,-0.00028786090759780336,-0.0002115400995362543
2026-04-24 01:10:00,0.0010826086809352375,-0.0004220958047240826
2026-04-24 01:15:00,0.0022688814139684155,-0.0002762739868957751
2026-04-24 01:20:00,0.0017323105742530487,-5.950066115025034e-05
2026-04-24 01:25:00,0.0005408651418647992,-8.222012889556742e-05
2026-04-24 01:30:00,-0.0005151062467287915,0.00026826116182644184
2026-04-24 01:35:00,0.00011069765076676674,0.000278793282017416
2026-04-24 01:40:00,-9.580124442543081e-05,0.0004226702177111824
2026-04-24 01:45:00,-0.0010246153529998026,0.0005141340835403507
2026-04-24 01:50:00,-0.00024482853077145705,0.00019581128800807556
2026-04-24 01:55:00,0.00030653168159844313,-0.000258039040455989
2026-04-24 02:00:00,0.0010459059915071123,0.00032858947096210586
2026-04-24 02:05:00,0.0008683382722978195,0.00025488479831854466
2026-04-24 02:10:00,0.0015206249613726186,9.668475973007664e-05
2026-04-24 02:15:00,0.0015529935470297573,0.00020839352484016316
2026-04-24 02:20:00,0.0007761837457032073,0.000497339816519641
2026-04-24 02:25:00,-0.0007844813418333985,0.0003504533270806786
2026-04-24 02:30:00,-0.0009761897688314036,0.0002220668104158871
2026-04-24 02:35:00,-4.038922458704519e-05,0.0003660768871789221
2026-04-24 02:40:00,0.0008184828761557128,0.00013398804242021004
2026-04-24 02:45:00,-0.0003766939299971739,0.00017584231824833865
2026-04-24 02:50:00,-0.00013393383900961453,-0.00031228128571051886
2026-04-24 02:55:00,0.0007498648789017182,-6.153504517952042e-05
2026-04-24 03:00:00,0.0015973136203939475,-5.003662322821249e-05
2026-04-24 03:05:00,0.00013393383900961453,0.00016010600169385513
2026-04-24 03:10:00,-0.0022746946943712487,-0.00010948937675786846
2026-04-24 03:15:00,-0.0024959929205348175,-0.00019782531459262368
2026-04-24 03:20:00,-0.001710598679714792,-0.00020537749561464432
2026-04-24 03:25:00,-0.0017467327765583462,-7.568406188978514e-05
2026-04-24 03:30:00,0.0007262466043442828,-0.0007448292351592852
2026-04-24 03:35:00,-8.518087098430271e-05,-4.545769399611855e-05
2026-04-24 03:40:00,0.0019786908549015436,-0.0005613007304136528
2026-04-24 03:45:00,2.55474607975259e-05,-0.0002457645580495205
2026-04-24 03:50:00,-0.00036849084248480324,-0.00024669455967291044
2026-04-24 03:55:00,-0.001315851298542725,-7.024233664662579e-05
2026-04-24 04:00:00,-0.001124706161299116,2.385673685862685e-05
2026-04-24 04:05:00,-0.001870106044991715,-0.00031840359160535377
2026-04-24 04:10:00,-0.0018702934902190549,-0.0007674305722296891
2026-04-24 04:15:00,-0.0005926835733642832,-0.0009115764328899645
2026-04-24 04:20:00,-0.00037358717771063255,-0.0002973497041148287
2026-04-24 04:25:00,-0.00027540122823666024,-0.0005391587737598412
2026-04-24 04:30:00,-0.002774074979070562,-0.0008275741135299906
2026-04-24 04:35:00,-0.0010531994842324366,-0.0009058706499910902
2026-04-24 04:40:00,-0.0013631781677805321,-0.0006969048183307322
2026-04-24 04:45:00,-0.0006610184416686593,-0.0005385559689254297
2026-04-24 04:50:00,-0.0017285386389946922,-0.0009094730805037505
2026-04-24 04:55:00,-0.001375744118941924,-0.0009785380363080273
2026-04-24 05:00:00,0.00016903982211857738,-0.0006447551056240246
2026-04-24 05:05:00,0.0009437930262805594,-0.0008665503831985623
2026-04-24 05:10:00,0.0009458936724762168,-0.000617533310264567
2026-04-24 05:15:00,0.0006117280867012909,-0.00013698346992363318
2026-04-24 05:20:00,0.0004619411877033741,7.697523861484932e-05
2026-04-24 05:25:00,7.486286730440384e-05,6.731962711261585e-05
2026-04-24 05:30:00,-0.0003079561785597207,-0.00024011022001499776
2026-04-24 05:35:00,-0.0008363556346342449,-0.0008669492923616448
2026-04-24 05:40:00,-0.0007767073776481226,-0.0006621780538333365
2026-04-24 05:45:00,-0.000924437966931535,-0.0006938588394128259
2026-04-24 05:50:00,0.000250338332492106,-0.0003713608125922263
2026-04-24 05:55:00,-0.0003040001736085429,-0.0003997361669133174
2026-04-24 06:00:00,-0.00044112105419458203,-0.0005544332294890282
2026-04-24 06:05:00,-0.002684237563098435,-0.0005788784638427926
2026-04-24 06:10:00,-0.0022636374471431964,-0.0009136718062803965
2026-04-24 06:15:00,-0.0014660904957430887,-0.0007584911594115615
2026-04-24 06:20:00,0.0009519828332891223,-0.0009643046517086426
2026-04-24 06:25:00,0.0018310271943864365,-0.00025509139048761174
2026-04-24 06:30:00,0.0030070250776645935,-2.9224277548498744e-05
2026-04-24 06:35:00,0.0017386728374315652,1.1224658285631214e-05
2026-04-24 06:40:00,0.0013828388927485946,0.000755621570990161
2026-04-24 06:45:00,-0.0005155207140639106,0.0006695141399560328
2026-04-24 06:50:00,-0.0007554802099285496,0.0003401847312920327
2026-04-24 06:55:00,-0.00022035550063392861,-0.00016353114722415248
2026-04-24 07:00:00,0.00021180208351090357,-0.00023830879744344907
2026-04-24 07:05:00,0.0012153373628756015,-2.1302720197261285e-05
2026-04-24 07:10:00,0.0007763767977433389,-0.00040384160652826966
2026-04-24 07:15:00,0.0021518458718468025,0.000266047073362458
2026-04-24 07:20:00,0.0017348578221518807,5.86850203033525e-05
2026-04-24 07:25:00,0.0011303359625713938,0.0005915727744638562
2026-04-24 07:30:00,-0.0008777016314027719,0.0005852350143467483
2026-04-24 07:35:00,4.269335285300713e-06,0.000261462236020756
2026-04-24 07:40:00,0.0009498612742824264,0.00042947494451493165
2026-04-24 07:45:00,0.0006065719262018376,0.00035956320306015276
2026-04-24 07:50:00,-0.0002946269041288474,0.00018709761415698783
2026-04-24 07:55:00,-0.0011121750142830678,0.00019621349934060628
2026-04-24 08:00:00,-0.0011130422556231423,0.00016276046180130414
2026-04-24 08:05:00,-0.002043425628000861,-0.00029515317755172493
2026-04-24 08:10:00,-0.002151007483371714,0.00023694347224199598
2026-04-24 08:15:00,-0.0012041635994641808,-0.00037719147089546523
2026-04-24 08:20:00,0.0003829257930192398,-0.0008869481254082781
2026-04-24 08:25:00,0.00034883733726509547,-0.0006860473154763145
2026-04-24 08:30:00,-0.0006336769530097541,-0.000475462325712759
2026-04-24 08:35:00,-7.272322825890853e-05,-0.0005283601261348215
2026-04-24 08:40:00,-0.0004002101691824578,-3.508731144513713e-05
2026-04-24 08:45:00,0.0009717591315965279,-0.0002332234860828852
2026-04-24 08:50:00,0.0004854343074978118,0.0005860017811473408
2026-04-24 08:55:00,0.0019118583777704146,0.0007207323084378479
2026-04-24 09:00:00,0.0014836417354366915,0.0007285645892601992
2026-04-24 09:05:00,0.001002200008880294,0.0006522971981016239
2026-04-24 09:10:00,0.0007859234684470806,0.0006220087444530813
2026-04-24 09:15:00,0.0006278536581181271,0.0007605456662673171
2026-04-24 09:20:00,0.0002626709378255043,0.0006511956485387488
2026-04-24 09:25:00,0.0002988305076954134,0.00045522052595991597
2026-04-24 09:30:00,0.00147411944873177,0.0004340876732624064
2026-04-24 09:35:00,0.001612951752059999,0.0006717081663735741
2026-04-24 09:40:00,0.001757023747499531,0.0011841524431746187
2026-04-24 09:45:00,-0.0005373432345159301,0.001550733017765793
2026-04-24 09:50:00,-0.0006098848445006411,0.0005712565411579038
2026-04-24 09:55:00,-0.0012726811264425208,0.00086790075747839
2026-04-24 10:00:00,0.001029654346714537,0.000433225527091503
2026-04-24 10:05:00,0.0008805886226852522,0.00022763399707584692
2026-04-24 10:10:00,-5.119694184685386e-05,-3.423468646985124e-05
2026-04-24 10:15:00,-0.0015054013905348995,0.0013945054072454328
2026-04-24 10:20:00,-0.0007910018098034044,0.00020351084406098827
2026-04-24 10:25:00,0.0001066573378061264,-7.08943769927453e-05
2026-04-24 10:30:00,0.0011239346997786726,-0.00030893608389987245
2026-04-24 10:35:00,0.00035613485305141523,0.0010288064624270222
2026-04-24 10:40:00,0.0006055979611812035,0.0010579080434600725
2026-04-24 10:45:00,-4.263019796724166e-06,0.000535985422827867
2026-04-24 10:50:00,0.0002835376564469527,0.0008521561529173753
2026-04-24 10:55:00,0.0009204886057645467,0.00012976559511965763
2026-04-24 11:00:00,0.0007180624980271944,0.0006978479844980506
2026-04-24 11:05:00,-0.0010450101719836624,0.0004253875576777524
2026-04-24 11:10:00,-0.002439441673740106,0.00013106980488543889
2026-04-24 11:15:00,-0.0025464408394153537,0.00035579290876606615
2026-04-24 11:20:00,-0.0007855426411378374,-0.00038056714110624177
2026-04-24 11:25:00,0.0004909253614595599,-8.738340253853323e-05
2026-04-24 11:30:00,0.0005059653852566015,-0.0003087782237844619
2026-04-24 11:35:00,-0.0001366791246120158,-0.0004971289250924656
2026-04-24 11:40:00,-0.0008710244053240501,-0.0007224276344124875
2026-04-24 11:45:00,-0.00032233653707613996,-0.00044772978129926715
2026-04-24 11:50:00,0.0003139070455198123,-0.00012152727671422432
2026-04-24 11:55:00,6.407176039324725e-05,-0.0005939543962003251
2026-04-24 12:00:00,-0.00013238019611527818,-0.0006535771305375827
2026-04-24 12:05:00,-8.327185811118909e-05,-0.0003142937289831992
2026-04-24 12:10:00,0.0,-0.00025744854888022764
2026-04-24 12:15:00,-0.001664788198851852,-0.00038305286811545484
2026-04-24 12:20:00,-0.0012841182426708286,-0.0008408362779515244
2026-04-24 12:25:00,-0.0006986037822862556,-0.0004552518249536228
2026-04-24 12:30:00,0.0009406574178179028,-0.0002501164467608942
2026-04-24 12:35:00,6.414004765531445e-06,-0.00033332311152194197
2026-04-24 12:40:00,-9.190164820260804e-05,-0.0013780123496907144
2026-04-24 12:45:00,0.0019170548986728875,-0.0002563699379768836
2026-04-24 12:50:00,0.004102935307191302,-0.00014289009282816706
2026-04-24 12:55:00,0.0037738349167479868,-0.00010635836188935033
2026-04-24 13:00:00,0.0013938532061477105,0.0013791134756139154
2026-04-24 13:05:00,0.002893705715433015,0.0015975855364161445
2026-04-24 13:10:00,0.004251668239247053,0.0016342675500053405
2026-04-24 13:15:00,0.0036268357275890395,0.0015790192122802076
2026-04-24 13:20:00,-0.0006286316425700988,0.0026008083271072137
2026-04-24 13:25:00,-0.0023711407120483585,0.0025888944027692303
2026-04-24 13:30:00,-0.0016438394778202081,0.0015788205201303005
2026-04-24 13:35:00,-0.0001763426746403951,0.001134665824968857
2026-04-24 13:40:00,0.00042709300121046567,0.0010014602972751197
2026-04-24 13:45:00,0.0005992312170519654,0.0006834312393991038
2026-04-24 13:50:00,-0.0001593725400237389,0.0011445202089327192
2026-04-24 13:55:00,0.00032073101457186226,0.0008718368023577674
2026-04-24 14:00:00,-0.0001572103243692169,0.00028768193166522205
2026-04-24 14:05:00,0.0005417630376047811,0.0006017191123704514
2026-04-24 14:10:00,0.0004267737983205677,8.867465818421049e-05
2026-04-24 14:15:00,-0.00025923856254905786,0.00048159378255079385
2026-04-24 14:20:00,-0.00043763676847241584,-4.526226032621865e-06
2026-04-24 14:25:00,-0.0025101743201894067,0.00017819074243821258
2026-04-24 14:30:00,-0.0028368873726485333,0.0001948983517183826
2026-04-24 14:35:00,-0.0025936322711164195,-0.00014814333358437399
2026-04-24 14:40:00,0.0004340453305076153,-0.00032042802838928353
2026-04-24 14:45:00,0.0011331663196738617,-0.00024016902117127313
2026-04-24 14:50:00,0.0014604105795132938,-0.00026325084058478995
2026-04-24 14:55:00,0.00044448840436395187,0.0007151840167717205
2026-04-24 15:00:00,0.0010425710318138215,0.000528687390177964
2026-04-24 15:05:00,-0.0010833948990764952,0.00018564144070053637
2026-04-24 15:10:00,-0.0009359950309804077,0.0009461665709636541
2026-04-24 15:15:00,-0.0021586877435222362,-3.3165839171979805e-06
2026-04-24 15:20:00,0.0018085496110238353,-0.0003472877074052604
2026-04-24 15:25:00,0.0021939530552810282,-0.00019160108918634783
2026-04-24 15:30:00,0.004268162357561778,-0.0006219906278922803
2026-04-24 15:35:00,0.0004271910342108498,-0.0006034950464707608
2026-04-24 15:40:00,0.0005180225243321956,-0.0012464960747698357
2026-04-24 15:45:00,0.00015914528406568706,-0.0007004037111562667
2026-04-24 15:50:00,0.004621530953889064,-0.0011383201475946337
2026-04-24 15:55:00,0.004200071621619728,-0.0004526083180851462
2026-04-24 16:00:00,0.003835158726348098,0.0004830892873437057
2026-04-24 16:05:00,9.517394102331878e-05,0.0007102078630863717
2026-04-24 16:10:00,-0.001169502967703906,0.0004355355700522135
2026-04-24 16:15:00,-0.00040378800198936915,-0.00010144397474075676
2026-04-24 16:20:00,0.00036792070243762964,0.0005438452983724251
2026-04-24 16:25:00,0.0009348661305459416,0.000590395464148086
2026-04-24 16:30:00,-0.00021358732683651738,0.0008818172357841933
2026-04-24 16:35:00,-0.0008100274646700711,0.0003724639154092109
2026-04-24 16:40:00,-0.0007761734196041203,0.0001502051520490751
2026-04-24 16:45:00,-0.001297306630915429,3.959916523256046e-05
2026-04-24 16:50:00,-0.0003597525787562006,0.0003442850390497024
2026-04-24 16:55:00,-0.0009398278097592083,-0.0002879093252952581
2026-04-24 17:00:00,-0.0001101263277156761,-0.0004949884903923548
2026-04-24 17:05:00,-0.0006415271529895961,0.00010403260034006162
2026-04-24 17:10:00,-2.1177265363547804e-06,-0.0004483901159653253
2026-04-24 17:15:00,-0.0006716094832857067,-0.0004557145138471845
2026-04-24 17:20:00,-0.0005529327289561792,-0.00033220360485848116
2026-04-24 17:25:00,0.0012550252916891935,-0.00042628263438609595
2026-04-24 17:30:00,0.0012327036527821633,-0.00013422471348639104
2026-04-24 17:35:00,0.002169724005110396,-0.00029420860706648363
2026-04-24 17:40:00,-0.00022210729142635444,0.0008930731031058702
2026-04-24 17:45:00,0.00039575254342949506,0.0003481026058913629
2026-04-24 17:50:00,-0.0016358528333348943,0.0006648855471229225
2026-04-24 17:55:00,-0.0014268931510343918,0.0002692197651339386
2026-04-24 18:00:00,-0.0011580703652214197,-0.00022937518191270333
2026-04-24 18:05:00,0.000641539377689071,0.0012250352338090231
2026-04-24 18:10:00,0.0007581581779394497,-0.0004896807997363657
2026-04-24 18:15:00,0.0011094033649303725,1.2242765469145425e-05
2026-04-24 18:20:00,-0.00011430361592879024,-0.0002714790841494615
2026-04-24 18:25:00,-0.00017148827517310394,-4.9436999857073525e-05
2026-04-24 18:30:00,-0.0008107596499549174,-0.00037210539814712965
2026-04-24 18:35:00,0.0001291197947743683,0.00039746388912712455
2026-04-24 18:40:00,0.0008613784491693366,0.00071074335937055
2026-04-24 18:45:00,0.0012909781480185956,5.5829686746247424e-05
2026-04-24 18:50:00,0.0006939977935189745,-0.00016986412553454563
2026-04-24 18:55:00,0.0001649952091682394,-0.0002856052331603171
2026-04-24 19:00:00,0.00016284113402953437,-6.568540047854841e-05
2026-04-24 19:05:00,-0.0002496144738586281,0.0002561785398894304
2026-04-24 19:10:00,-0.0010666035616537783,0.00021631801442302152
2026-04-24 19:15:00,-0.0017122150271564607,0.0005540410084441896
2026-04-24 19:20:00,-0.0009630802376339176,0.00029007302849416456
2026-04-24 19:25:00,-2.3291736411579222e-05,-0.0001104858290548543
2026-04-24 19:30:00,0.00028380811373374115,0.00022039976292887242
2026-04-24 19:35:00,0.0006689628996241481,-0.00015790117179504315
2026-04-24 19:40:00,0.0002731144271148622,6.59370945643586e-05
2026-04-24 19:45:00,4.235251267381557e-05,0.00025223166840966936
2026-04-24 19:50:00,-0.0005546147474930763,-0.00011121637958487516
2026-04-24 19:55:00,-8.467543903378782e-06,-8.167458064352468e-05
2026-04-24 20:00:00,-0.0002880324649439103,0.0003860451619365719
2026-04-24 20:05:00,-0.0003049574671507571,0.00011315314922911345
2026-04-24 20:10:00,-0.0013896481936015448,0.0002771014120080122
2026-04-24 20:15:00,-0.0002669276641871221,2.1700854750434625e-05
2026-04-24 20:20:00,-0.0002584395350613278,-7.365879998818631e-05
2026-04-24 20:25:00,0.00030732938427213696,-0.0002905551972029533
2026-04-24 20:30:00,-0.00021189807781851755,-0.0005530220747350834
2026-04-24 20:35:00,2.330466506705875e-05,-0.00032540119255087386
2026-04-24 20:40:00,0.000910835616908301,0.00018760522317389546
2026-04-24 20:45:00,0.0010209356214705423,-6.103391461578015e-05
2026-04-24 20:50:00,0.00047868476980816865,-0.00011519304022247935
2026-04-24 20:55:00,-0.00013974879118983097,-3.026579388733561e-05
2026-04-24 21:00:00,-0.0005209281956890521,5.258524496960643e-05
2026-04-24 21:05:00,-0.0009427617259110121,-0.0003024317607368551
2026-04-24 21:10:00,-0.0007117513407486342,0.0001781003299422335
2026-04-24 21:15:00,-0.0006144510602972275,-6.674478497269063e-05
2026-04-24 21:20:00,-0.00011234323626041487,0.0002713375690138181
2026-04-24 21:25:00,-0.0005998743199473466,0.0009047504309709317
2026-04-24 21:30:00,-0.000275566184262388,-0.0004430111122799179
2026-04-24 21:35:00,-0.00011235585868085707,-0.00010102859579872547
2026-04-24 21:40:00,0.0002226102009199593,-0.0004295284279988741
2026-04-24 21:45:00,-0.0011773105015127072,-6.131754838821095e-05
2026-04-24 21:50:00,-0.001608283642157815,0.00019065219342296837
2026-04-24 21:55:00,-0.002190093254005987,0.0005272604058257903
2026-04-24 22:00:00,-0.001097950214093757,-0.00026654921271109644
2026-04-24 22:05:00,-0.000429029592631025,2.4393124906727314e-05
2026-04-24 22:10:00,0.0002485366620295082,-0.00022862205952891028
2026-04-24 22:15:00,-0.00011049888131076102,-6.615276956075206e-05
2026-04-24 22:20:00,3.823783081635668e-05,-0.00014180009266073697
2026-04-24 22:25:00,-0.00011682577997085275,-0.0004421775948927357
2026-04-24 22:30:00,0.0003484550092736072,0.00024389365639249536
2026-04-24 22:35:00,0.00017205214709292704,-0.000256703758137286
2026-04-24 22:40:00,0.00040564548627841646,-0.00041666552475336493
2026-04-24 22:45:00,-0.0021968706100281565,-0.00036646177555753405
2026-04-24 22:50:00,-0.005691273146934961,-2.566072830540881e-05
2026-04-24 22:55:00,-0.005066427731085454,-0.0003237472794738045
2026-04-27 00:00:00,-0.0017771872705445446,-0.0009801417355797622
2026-04-27 00:05:00,0.0006918376251245917,-0.0018167783029914653
2026-04-27 00:10:00,0.0002155262102085942,-0.0014524751628447563
2026-04-27 00:15:00,-0.0010691114270517943,-0.001031024639091454
2026-04-27 00:20:00,0.00029666022697583116,-0.0006430115115530206
2026-04-27 00:25:00,-0.00042469506359488207,-0.0003505930681318974
2026-04-27 00:30:00,0.0002903309152380018,-0.0008148937378122334
2026-04-27 00:35:00,-0.0003350830962727258,-0.0006064621501783025
2026-04-27 00:40:00,-0.0001494331150819761,-0.00034493018560972157
2026-04-27 00:45:00,-0.0007516180426154762,-0.0005448929327547506
2026-04-27 00:50:00,-0.00023697365540265025,-0.0003986104398074342
2026-04-27 00:55:00,-5.123935183348749e-05,-0.000874155503250249
2026-04-27 01:00:00,0.00047623268817353903,-0.0004607854268726827
2026-04-27 01:05:00,-0.00017723321909457468,-0.00043669214997020983
2026-04-27 01:10:00,-0.0014293545661896445,-0.0003503290586816599
2026-04-27 01:15:00,-0.000980474957350097,-0.0006361667126676547
2026-04-27 01:20:00,-0.0013120753397934948,-0.0004787077541715333
2026-04-27 01:25:00,0.0,-0.00041745398572936584
2026-04-27 01:30:00,0.0003547054059254151,-0.0008044561775851677
2026-04-27 01:35:00,0.00103655411704473,-0.0009004199842367051
2026-04-27 01:40:00,0.0007095912667498538,-0.0003173809911012487
2026-04-27 01:45:00,-0.00033974540789039054,-0.00048678323463984674
2026-04-27 01:50:00,-0.0011798326946834692,-0.0003258305486327726
2026-04-27 01:55:00,-9.401327730884645e-05,0.0001575563985041859
2026-04-27 02:00:00,-5.770408279381911e-05,-3.569652743500428e-05
2026-04-27 02:05:00,0.0007610659565884248,9.746700927844604e-06
2026-04-27 02:10:00,0.0002542428118008644,-0.00034599279052609537
2026-04-27 02:15:00,-0.0001945086578523103,0.000134676709552297
2026-04-27 02:20:00,-1.495919878635732e-05,-0.0005248076884445802
2026-04-27 02:25:00,-9.186179292974828e-05,-0.0005226201378445792
2026-04-27 02:30:00,0.0009743007599389841,-0.0002855507552732074
2026-04-27 02:35:00,0.002032399527976736,-0.0002616907959891683
2026-04-27 02:40:00,0.0038530762961244136,4.251863102580577e-05
2026-04-27 02:45:00,0.0055902532562068785,-0.00023914577845438598
2026-04-27 02:50:00,0.0020069931890080994,0.000907703548437977
2026-04-27 02:55:00,-0.0012692140669958718,0.0012812505061397068
2026-04-27 03:00:00,-0.0026261887426990427,0.0009006697619820085
2026-04-27 03:05:00,-0.0002639600839557943,0.0008659621805043936
2026-04-27 03:10:00,0.0011032004577558041,0.00046552672355902033
2026-04-27 03:15:00,0.000283151929933112,0.00044979338001963564
2026-04-27 03:20:00,0.0005853012925580714,0.0012606188000705701
2026-04-27 03:25:00,8.514188895247798e-06,0.0007798083497469
2026-04-27 03:30:00,0.0008766237781721031,0.0007112765948761724
2026-04-27 03:35:00,0.0007423076323167521,0.000606966672489634
2026-04-27 03:40:00,0.0012189091954120101,0.000700749346695009
2026-04-27 03:45:00,-3.828304784647685e-05,0.0007636275679807291
2026-04-27 03:50:00,-0.0010061828974556875,0.0007436433244433483
2026-04-27 03:55:00,-0.0008762732576368393,0.00037505713294530904
2026-04-27 04:00:00,0.0007590068643104075,0.0003099950316388889
2026-04-27 04:05:00,0.0014547034779326395,0.0003020545086961246
2026-04-27 04:10:00,0.0012503696385781637,0.0005649442687322903
2026-04-27 04:15:00,0.00018488078960565701,0.0007269924812896454
2026-04-27 04:20:00,0.0015013981535361154,0.0006696026867323816
2026-04-27 04:25:00,0.0018365673040907637,0.0005782696622571025
2026-04-27 04:30:00,0.0025911065952914925,0.0005962755585144777
2026-04-27 04:35:00,0.0019122369876942713,0.0006815329212772526
2026-04-27 04:40:00,0.0009307957278714696,0.0012078471846482235
2026-04-27 04:45:00,0.00038353267967217164,0.0011595639379501678
2026-04-27 04:50:00,-0.00018428045419049965,0.0011472172456541672
2026-04-27 04:55:00,-0.00013776250401953405,0.001017994753830037
2026-04-27 05:00:00,-0.0007014889442871208,0.0007235283747331052
2026-04-27 05:05:00,-0.0008646651339070388,0.0004280728065550121
2026-04-27 05:10:00,-0.0003900767907136782,0.0005201161453966394
2026-04-27 05:15:00,0.0011166402792639474,0.00033567189701331953
2026-04-27 05:20:00,0.0015444280266052601,0.00043894422155465215
2026-04-27 05:25:00,0.0025920026709567168,0.0003974827607134983
2026-04-27 05:30:00,0.0005292797684628425,0.000594854503593751
2026-04-27 05:35:00,0.00029209254884854374,0.0007288694675039581
2026-04-27 05:40:00,-0.0008738383320494592,0.0003350790479018258
2026-04-27 05:45:00,0.0004041810574531013,0.00046170107644993125
2026-04-27 05:50:00,0.00042105575590589694,0.0007523876151310627
2026-04-27 05:55:00,0.0007109772215478927,0.00043788018522856125
2026-04-27 06:00:00,1.0578462040555792e-05,0.000607345215356677
2026-04-27 06:05:00,-0.00013962698462144374,0.0009569664355889317
2026-04-27 06:10:00,-0.00011634560581086362,0.00038926256123624923
2026-04-27 06:15:00,2.1156588372761576e-05,0.0005355607939366676
2026-04-27 06:20:00,0.0003173058643586302,0.00021439026387033418
2026-04-27 06:25:00,-0.00014386419245049353,0.0002871809514027028
2026-04-27 06:30:00,-0.00045919852678366624,0.0002717459701265978
2026-04-27 06:35:00,-0.0007045554134386123,0.00026748170018625866
2026-04-27 06:40:00,-0.0002539284866394098,0.00012033291872935546
2026-04-27 06:45:00,-0.0006330661892608447,-1.9186992694276924e-05
2026-04-27 06:50:00,-0.0010482303339305332,8.48475958488449e-05
2026-04-27 06:55:00,-0.0014359085434278995,0.00038118026608576655
2026-04-27 07:00:00,-0.0007457959280294801,-0.0003670289019541471
2026-04-27 07:05:00,-0.00017163326040403604,-0.0002827899821814958
2026-04-27 07:10:00,-8.05397008178943e-05,-0.0003209854749849446
2026-04-27 07:15:00,-0.0011091283664637075,-0.00027225353662501935
2026-04-27 07:20:00,-0.0017306913509571586,-0.0003604538626265945
2026-04-27 07:25:00,-0.0013319648022971364,-0.0006028387768392662
2026-04-27 07:30:00,-0.0002461684738523928,-0.0006134712832404596
2026-04-27 07:35:00,0.00011462364188830065,-0.0005728850691265251
2026-04-27 07:40:00,-0.00039908635229757294,-0.0006886465967819081
2026-04-27 07:45:00,-0.00010612579312407888,-0.00033267483823897875
2026-04-27 07:50:00,0.0004668494537760637,-0.000421038911644426
2026-04-27 07:55:00,0.0010059017993064856,-0.00014274029035313195
2026-04-27 08:00:00,0.0001846516297572265,-5.3365090967374924e-05
2026-04-27 08:05:00,0.0002651583063659757,-7.82365586755056e-05
2026-04-27 08:10:00,-5.302862380318629e-05,-6.623864292182264e-05
2026-04-27 08:15:00,-0.00040755246210011364,-0.0001311362189851271
2026-04-27 08:20:00,-0.0005728300506273598,-0.00011599759227908296
2026-04-27 08:25:00,-0.000740573373418485,-0.0002600392390147318
2026-04-27 08:30:00,0.0008382737146668262,-0.0002440318947700046
2026-04-27 08:35:00,0.000297063949442844,-0.00019686321073020236
2026-04-27 08:40:00,0.00029926616340247847,8.180059131926282e-05
2026-04-27 08:45:00,0.0005916739561442341,-0.00017718217359690683
2026-04-27 08:50:00,0.000746514005294685,-0.00011793674930382617
2026-04-27 08:55:00,0.001071105599931954,0.00015842844884556167
2026-04-27 09:00:00,-0.0002968535664358285,0.00045195725543716253
2026-04-27 09:05:00,0.00011447274713205502,0.0002839024023313341
2026-04-27 09:10:00,-0.00029894574145572506,0.00023870081754792942
2026-04-27 09:15:00,0.00026081176218006874,0.000699745299589526
2026-04-27 09:20:00,-0.00034981899873898215,-7.035903047479353e-05
2026-04-27 09:25:00,-0.00020146774622453734,0.000141850786439108
2026-04-27 09:30:00,-0.0004453294557240639,-0.00018022940727553213
2026-04-27 09:35:00,-0.0007551780966945643,-0.00039683932753324376
2026-04-27 09:40:00,-0.0004709566234186724,-0.0003004444440512377
2026-04-27 09:45:00,-0.0004603822102211552,-0.0001671955501057787
2026-04-27 09:50:00,-4.456484025716634e-05,-6.914438217618296e-06
2026-04-27 09:55:00,-0.0002695209017034017,-9.641732877107142e-05
2026-04-27 10:00:00,-0.000360816212628734,0.0003251261375062222
2026-04-27 10:05:00,-0.00016766647569355086,-0.00021794388337715093
2026-04-27 10:10:00,-0.00016132284769732053,2.181713116451953e-06
2026-04-27 10:15:00,-0.00022292212785401944,0.00024356466473363846
2026-04-27 10:20:00,-0.0007898961654841941,-0.00016001496354409598
2026-04-27 10:25:00,0.0002822979068195508,-0.000447323887737229
2026-04-27 10:30:00,0.0005837383404827534,1.1348590910257107e-05
2026-04-27 10:35:00,-0.00014020806049330758,-0.0002511195468584131
2026-04-27 10:40:00,-0.0010723064638593627,-0.00015300582810641705
2026-04-27 10:45:00,-0.0012251819929627317,-0.0007677354232174826
2026-04-27 10:50:00,-0.0005057620858508471,-0.0004236953090115128
2026-04-27 10:55:00,-0.00033998066687601636,-0.00033739319719326054
2026-04-27 11:00:00,-0.00023586584654999854,-0.000597135871041149
2026-04-27 11:05:00,0.0002592881492216037,-0.0002612412602143623
2026-04-27 11:10:00,-0.000614383175447486,-0.000758158817504962
2026-04-27 11:15:00,-0.0005420647698173298,-0.0004997222955446618
2026-04-27 11:20:00,-0.0003251835562281258,-0.000295308881804551
2026-04-27 11:25:00,0.0004613541570215318,-0.00025147950244066675
2026-04-27 11:30:00,-0.0005402312916800156,-0.0005005576322315643
2026-04-27 11:35:00,-0.0007804467656189473,2.4629074045706762e-05
2026-04-27 11:40:00,-0.00021045314465872877,-0.00014548032376853525
2026-04-27 11:45:00,0.0010950469891266579,-0.00020491403098582287
2026-04-27 11:50:00,0.0006656508471252209,-0.00011069706243072137
2026-04-27 11:55:00,-0.00039764348914950176,-0.0002643518177891555
2026-04-27 12:00:00,-0.0006909094662628235,-0.0002644420997281807
2026-04-27 12:05:00,0.00017006332774194277,-8.281761774246093e-05
2026-04-27 12:10:00,0.0007292465378334612,-1.2074328634382164e-05
2026-04-27 12:15:00,0.0010754860383919151,-0.0003785173679687977
2026-04-27 12:20:00,0.0008222732386293785,-0.0003460387613276504
2026-04-27 12:25:00,0.0008688734615063254,-0.0001486340929670555
2026-04-27 12:30:00,0.0002421436093342777,0.00018100254644819684
2026-04-27 12:35:00,0.00022510421783294987,0.0002765424884541101
2026-04-27 12:40:00,-7.007671279346539e-05,0.0003625794445445768
2026-04-27 12:45:00,-0.0005502180298027071,0.00012040897482702946
2026-04-27 12:50:00,-0.0005097424636630876,0.00014306510438121767
2026-04-27 12:55:00,-0.001060243827891938,0.000247467233302497
2026-04-27 13:00:00,-0.0004059532784399522,0.00013211982833036606
2026-04-27 13:05:00,-0.0006226630414793988,-0.00013107497444683725
2026-04-27 13:10:00,0.0002444444692777381,-0.000349337622486859
2026-04-27 13:15:00,0.00036345280561533855,-3.8547598925809964e-05
2026-04-27 13:20:00,-0.0004082353022880625,-0.0001347662932379944
2026-04-27 13:25:00,-0.0004676850948968081,-0.00011395513929540815
2026-04-27 13:30:00,-0.0005888173762826909,-0.00018037840003512715
2026-04-27 13:35:00,0.0002466620890757554,-0.0004398896914744356
2026-04-27 13:40:00,0.0004868130107098523,-0.00038854205232883763
2026-04-27 13:45:00,0.0005101867394081694,-0.00044276618803259214
2026-04-27 13:50:00,0.0005165174088723745,-0.00024469180365153443
2026-04-27 13:55:00,0.0008179073289014127,-0.00011163762435482205
2026-04-27 14:00:00,0.001257348859025953,-3.193211184053156e-05
2026-04-27 14:05:00,0.0007137577095708281,0.00037948516718870715
2026-04-27 14:10:00,-0.0004417993198480019,0.0005737501212731396
2026-04-27 14:15:00,-0.0013997498029372224,0.0003296493911322243
2026-04-27 14:20:00,-0.001576895203976747,0.00024350474143797348
2026-04-27 14:25:00,-0.0017542539831065795,-0.00035580755662736
2026-04-27 14:30:00,-0.000265727622249301,-0.0004532655464407389
2026-04-27 14:35:00,0.00022754943184288834,-0.00027951065949706
2026-04-27 14:40:00,8.512576272678984e-05,-0.0006464087382689938
2026-04-27 14:45:00,-0.001604368310399451,-0.0009455642171518667
2026-04-27 14:50:00,-0.0013703325200200567,-0.00012784720492089687
2026-04-27 14:55:00,-0.0006769500890779767,-0.00028689246727112947
2026-04-27 15:00:00,0.0010407921175286106,-0.0010334013843908878
2026-04-27 15:05:00,0.000581131135927393,-8.30673332044734e-05
2026-04-27 15:10:00,0.0008918603967682515,-0.00032181594623551186
2026-04-27 15:15:00,-0.0014774384675515506,9.333116528252271e-05
2026-04-27 15:20:00,-0.001465183005331383,-0.0005012227520551593
2026-04-27 15:25:00,-0.0013881557644630504,-0.0005170611425981329
2026-04-27 15:30:00,-0.000878129725489174,-0.00042896312972404155
2026-04-27 15:35:00,0.0006561903698791838,-0.0006614195331962909
2026-04-27 15:40:00,0.00042601957778209965,-0.0007208172567024822
2026-04-27 15:45:00,0.0009100859241950587,-0.0008354795865854624
2026-04-27 15:50:00,-0.0013618623171502975,1.9607176905572582e-05
2026-04-27 15:55:00,-0.0006156566577253386,-0.0007540901672593933
2026-04-27 16:00:00,0.00029607887416638334,-0.0005576989709271536
2026-04-27 16:05:00,0.0009805573335164297,-0.0005617614703071275
2026-04-27 16:10:00,-0.000801560527690981,-9.160946542780262e-05
2026-04-27 16:15:00,-0.0020167744424988143,-0.00017201712199078998
2026-04-27 16:20:00,3.195851359194535e-05,-3.0133024504259974e-05
2026-04-27 16:25:00,0.0010785464117031296,0.00010880724380217744
2026-04-27 16:30:00,0.0010621916270778797,-0.00010003824399409367
2026-04-27 16:35:00,-0.0026581745939147083,-0.0006797215685903894
2026-04-27 16:40:00,-0.0032540963610756535,-0.0006080023874339198
2026-04-27 16:45:00,-0.004805908817653304,-0.00014401085683737685
2026-04-27 16:50:00,-0.0021855875460552454,-5.685156872347818e-05
2026-04-27 16:55:00,-0.0008916553840450092,-0.00042487719402849113
2026-04-27 17:00:00,0.002052121155447395,-0.0008332298897545991
2026-04-27 17:05:00,0.0006484758370390864,-0.0010514748322788218
2026-04-27 17:10:00,0.001368161810406221,-0.0006220483163869644
2026-04-27 17:15:00,0.00017527284897411732,-0.0006052372891761898
2026-04-27 17:20:00,0.0010884081342954488,0.00016124408198960036
2026-04-27 17:25:00,-0.0007415679050755131,-0.0007136458459479421
2026-04-27 17:30:00,-0.0009879141703112992,-1.9383918392232398e-05
2026-04-27 17:35:00,-0.001522819048908275,-0.00021427816623523942
2026-04-27 17:40:00,-0.0016025524446341421,-0.0007299560479814581
2026-04-27 17:45:00,-0.0007512111224325935,-0.0001442910194953377
2026-04-27 17:50:00,0.0002204389740754209,-0.0006216171071007564
2026-04-27 17:55:00,0.0009887937522830015,-0.0004006500919103818
2026-04-27 18:00:00,0.0013799966887813042,-0.0005184267309283327
2026-04-27 18:05:00,0.0006032834203022475,-0.0004934630321761959
2026-04-27 18:10:00,0.00041705476533593355,-0.0003010254650911429
2026-04-27 18:15:00,0.00021164496315861925,-0.00019134469645512182
2026-04-27 18:20:00,0.0003720572241263653,0.00032106797232827754
2026-04-27 18:25:00,-0.00032293490362178545,8.107147443017026e-05
2026-04-27 18:30:00,-0.0004575514237199485,5.72148804690949e-05
2026-04-27 18:35:00,-0.0002929300185474659,0.00016618936730586247
2026-04-27 18:40:00,0.0004362581947798816,8.994627598724419e-05
2026-04-27 18:45:00,-0.00040641277123221187,-0.0007872478747230345
2026-04-27 18:50:00,-0.000594676592616139,5.8038045192809255e-05
2026-04-27 18:55:00,-0.0006373431987949374,-0.0001803655528403952
2026-04-27 19:00:00,-0.0005499896881833166,-0.00044892578018529395
2026-04-27 19:05:00,0.0002952433746798988,-0.00020524758879703636
2026-04-27 19:10:00,0.0012571867615793764,-0.00016089561191131013
2026-04-27 19:15:00,0.0029646497641415692,-0.00010837602843408425
2026-04-27 19:20:00,0.0012356527977335219,0.00016215439980259277
2026-04-27 19:25:00,0.0007176834512510055,0.0008057489130960341
2026-04-27 19:30:00,-0.000700292101655009,-0.00033144824799545303
2026-04-27 19:35:00,0.0003225575638339251,0.0010440697036814485
2026-04-27 19:40:00,-0.0002541206531549989,0.000973336105632156
2026-04-27 19:45:00,-0.00039733487093407405,0.00038642915473258724
2026-04-27 19:50:00,-4.271687894075171e-05,0.00041693194027482295
2026-04-27 19:55:00,-0.00014951290858356003,0.00025272485343158
2026-04-27 20:00:00,0.0003781126243875832,-0.00011938214393621487
2026-04-27 20:05:00,0.00047618997676401875,9.944611036912046e-05
2026-04-27 20:10:00,0.0005210624666780461,9.756975022122111e-05
2026-04-27 20:15:00,0.0002861596961452051,0.0003226045728068589
2026-04-27 20:20:00,-0.00016866916863556014,0.00010132933197070125
2026-04-27 20:25:00,-0.0002562263004701748,0.0003610401521325178
2026-04-27 20:30:00,8.967499226741893e-05,0.00021132832407226375
2026-04-27 20:35:00,9.821588713876395e-05,2.0207325525678914e-05
2026-04-27 20:40:00,-0.0005276058671679351,0.00015677746054102435
2026-04-27 20:45:00,-0.0009890046144427345,0.00024755341251335954
2026-04-27 20:50:00,-0.0009077967543316134,-0.00020647917760744535
2026-04-27 20:55:00,1.709281183082112e-05,-0.00021860471965676792
2026-04-27 21:00:00,0.0005661806566621408,-0.00020084156456838764
2026-04-27 21:05:00,0.0006771876677387212,-0.00017375115544535194
2026-04-27 21:10:00,0.0004037327173413985,-0.00014514211589972307
2026-04-27 21:15:00,-0.00059182661421886,0.00012688541703590874
2026-04-27 21:20:00,-0.0010448127285194175,-1.171638614939012e-05
2026-04-27 21:25:00,-0.00044432862250154415,-5.613549353865715e-06
2026-04-27 21:30:00,0.00043589185444226075,-0.00020154944038292227
2026-04-27 21:35:00,0.000461646976503971,0.00012274046265927204
2026-04-27 21:40:00,0.00020296304753486538,6.91739733056467e-06
2026-04-27 21:45:00,-0.00040383451026215766,-5.6858144126054336e-05
2026-04-27 21:50:00,-0.00011111775929606438,0.00030980982701412247
2026-04-27 21:55:00,-0.0004123786292460352,-0.00019910974452095004
2026-04-27 22:00:00,5.9837626345427e-05,-0.0002318735940845684
2026-04-27 22:05:00,-5.556351017510508e-05,-2.3648237475612123e-05
2026-04-27 22:10:00,0.0001453134284989943,2.5873388032978223e-06
2026-04-27 22:15:00,-1.4959070915310235e-05,2.5767245195256425e-05
2026-04-27 22:20:00,0.00011539768405377515,0.00022760596379497902
2026-04-27 22:25:00,6.837548399651894e-05,-3.572236686607214e-05
2026-04-27 22:30:00,0.0001559907391683879,0.00028704096088248346
2026-04-27 22:35:00,-9.402673785530169e-05,0.00019702941744178094
2026-04-27 22:40:00,0.0004016115786473762,5.0000016173275585e-05
2026-04-27 22:45:00,0.00056392785781334,0.0002190212387286678
2026-04-27 22:50:00,0.002117731233411746,0.00021862991416763146
2026-04-27 22:55:00,0.00150460854681711,0.000396084590605704
2026-04-28 00:00:00,0.0011055715094734353,0.00016642726666084802
2026-04-28 00:05:00,-0.0003306000207139448,0.0004935474916788807
2026-04-28 00:10:00,9.809440954988702e-05,0.0003233215678797604
2026-04-28 00:15:00,0.0002175554455021711,0.00023604550982163662
2026-04-28 00:20:00,8.10604412695426e-05,0.00021929606571195314
2026-04-28 00:25:00,-0.0004543006674033734,0.0002015996749723632
2026-04-28 00:30:00,-0.00040102132989616734,7.751294567395338e-05
2026-04-28 00:35:00,-0.00012159312608517325,6.83315070600204e-05
2026-04-28 00:40:00,0.00011092812722068857,5.337403950787213e-05
2026-04-28 00:45:00,0.00030931254999622126,-7.930180388552757e-05
2026-04-28 00:50:00,0.0001706528328249135,6.334290034530867e-05
2026-04-28 00:55:00,0.0004158709196619981,0.00017523208771410225
2026-04-28 01:00:00,0.0005522582491330752,0.0001227954909576738
2026-04-28 01:05:00,0.0005544206659440221,0.0003399415878910718
2026-04-28 01:10:00,0.00017695926465322032,0.0003721730069770219
2026-04-28 01:15:00,0.00022167041536746979,0.00041968612588468425
2026-04-28 01:20:00,0.0005775499469500289,0.0005563594189520549
2026-04-28 01:25:00,0.0007906040008069937,0.00048302692854850784
2026-04-28 01:30:00,0.0005326606310784854,0.0004617881592552408
2026-04-28 01:35:00,0.00025563515889537314,0.00045046475764485926
2026-04-28 01:40:00,-0.00041333760043116285,0.0004035157182778737
2026-04-28 01:45:00,0.0005174743534439585,0.0002255266246925754
2026-04-28 01:50:00,0.0012644325788038202,8.376300173915219e-05
2026-04-28 01:55:00,0.0011479749302605313,2.3792086970138778e-05
2026-04-28 02:00:00,6.386899192634132e-06,0.0002737654936444555
2026-04-28 02:05:00,-0.000804453908591185,-6.203810705030618e-05
2026-04-28 02:10:00,-0.0005727578232086472,5.837243301936413e-05
2026-04-28 02:15:00,-0.0007880254620538096,0.00024034013248970298
2026-04-28 02:20:00,-0.0010842695716863915,0.0002434928622386612
2026-04-28 02:25:00,-0.0003024803410838217,-2.3154571273239646e-05
2026-04-28 02:30:00,7.4569547322767e-05,-1.2042229207425911e-05
2026-04-28 02:35:00,0.0002749064749263397,-8.026292417814808e-05
2026-04-28 02:40:00,-0.0007821866457344839,3.792506191700989e-06
2026-04-28 02:45:00,-0.0008227032445020654,-0.00010322795015072365
2026-04-28 02:50:00,-0.0008014887655747316,-0.0001629023414056649
2026-04-28 02:55:00,-0.0004585135922976491,-0.00028132970021968494
2026-04-28 03:00:00,-0.00014073725018448613,-0.0004839937523065321
2026-04-28 03:05:00,5.33104169750942e-05,-0.000316973254507504
2026-04-28 03:10:00,-1.4931883944413471e-05,-0.0003734555183120979
2026-04-28 03:15:00,-0.0009622350195872542,-0.000251231858194619
2026-04-28 03:20:00,0.00015778217989570464,-0.00039726301442548817
2026-04-28 03:25:00,-9.812935590325367e-05,-0.00040111852230770745
2026-04-28 03:30:00,3.41527867639968e-05,-0.0005078247564496188
2026-04-28 03:35:00,-0.002003976610135183,-0.000293812276899709
2026-04-28 03:40:00,-0.003783179429541761,-0.0004093333624845844
2026-04-28 03:45:00,-0.002639603903773491,-0.0006969700829777254
2026-04-28 03:50:00,-0.0011735171266238353,-0.0011120168130894718
2026-04-28 03:55:00,0.0016347214985881209,-0.001257215650863311
2026-04-28 04:00:00,0.0011635668053582293,-0.00088670154898052
2026-04-28 04:05:00,0.0001646747090102707,-0.0005204273300390565
2026-04-28 04:10:00,-0.00040629110246825917,-0.0007715499443996318
2026-04-28 04:15:00,-0.0009174793275086301,-0.0007206641494579605
2026-04-28 04:20:00,-0.001024845640769101,-0.00024248946354482397
2026-04-28 04:25:00,-0.0009329556538482109,-0.0005840556207257426
2026-04-28 04:30:00,-0.0007277382004868826,-0.0005695547855929458
2026-04-28 04:35:00,-0.00021837006104696854,-0.0006739068488622179
2026-04-28 04:40:00,-0.0004261109730236967,-0.0007242110146465627
2026-04-28 04:45:00,0.00016057601863828097,-0.00044250935222624855
2026-04-28 04:50:00,0.000537275938359727,-0.0005234782065183818
2026-04-28 04:55:00,0.0008071016818860244,-0.0004955131303310841
2026-04-28 05:00:00,0.0005586036338911526,-0.00043578255890859867
2026-04-28 05:05:00,4.065853995882662e-05,-0.00016288801191254772
2026-04-28 05:10:00,0.00044501879227176744,-0.000355762992197048
2026-04-28 05:15:00,-0.00026749154083738347,-0.00015700774570893814
2026-04-28 05:20:00,3.4237488341304356e-05,0.00015753748747400189
2026-04-28 05:25:00,-0.0006376364019686775,3.815223276988753e-05
2026-04-28 05:30:00,-0.00014554545324507728,2.8781551705258993e-05
2026-04-28 05:35:00,-0.0007642028099432707,-0.0004324453224801922
2026-04-28 05:40:00,-0.0002119222317560343,1.4032127186831983e-05
2026-04-28 05:45:00,-0.0008437246874546389,-0.0001053545853972076
2026-04-28 05:50:00,-0.00041124146236093395,-8.951440936990701e-07
2026-04-28 05:55:00,-0.00025479425501906405,-0.00022999612944845464
2026-04-28 06:00:00,0.00015852036270125325,-0.0003784195848669134
2026-04-28 06:05:00,-0.00014354594941146104,-0.00025456286231340694
2026-04-28 06:10:00,-0.0004969284782294636,-0.0005014798474605518
2026-04-28 06:15:00,5.140661347269315e-05,-0.000223948728030707
2026-04-28 06:20:00,0.0003855991615999699,-0.0002261572674935589
2026-04-28 06:25:00,0.0005140595394141911,-3.040871894926355e-05
2026-04-28 06:30:00,-0.00020564231163078261,1.05318815725189e-05
2026-04-28 06:35:00,-0.00020134990182540946,2.2121237803175843e-05
2026-04-28 06:40:00,-0.00047335352573796285,-0.00014154325242956447
2026-04-28 06:45:00,-0.0009537905320442519,2.6766885979930995e-05
2026-04-28 06:50:00,-0.002958515392409211,-0.00011506147477545939
2026-04-28 06:55:00,-0.003242384263545617,-0.0007585777539834118
2026-04-28 07:00:00,-0.001729859166728076,-0.000568756750716166
2026-04-28 07:05:00,0.0009599557482484755,-0.0012635405622570214
2026-04-28 07:10:00,0.0011062957945195961,-0.0007951203135030216
2026-04-28 07:15:00,-0.0023807614838897706,-0.0005551202797275982
2026-04-28 07:20:00,-0.004584731285428134,-0.0009215628476837884
2026-04-28 07:25:00,-0.006999913317795148,-0.0012067496232894485
2026-04-28 07:30:00,-0.0034964504946817243,-0.002048801251976163
2026-04-28 07:35:00,-0.0011176319451102756,-0.002372719338869665
2026-04-28 07:40:00,0.0013762723777563934,-0.0024905818141062962
2026-04-28 07:45:00,0.0013581868460850188,-0.0022658207859087348
2026-04-28 07:50:00,0.0017557183972911616,-0.0016799359065355721
2026-04-28 07:55:00,0.0020339304454033424,-0.0012490677941618894
2026-04-28 08:00:00,-0.00018990565198961917,-0.000305160274560988
2026-04-28 08:05:00,-0.0031707309418393947,-0.0008576335252344614
2026-04-28 08:10:00,-0.002040407667710298,-0.0005994958266554561
2026-04-28 08:15:00,-0.0008247814904684958,-0.0010044125082086246
2026-04-28 08:20:00,0.001410694941681001,-0.00024457244693568825
2026-04-28 08:25:00,-0.0002634425915530869,-0.000561398141578667
2026-04-28 08:30:00,-0.0007779041063713521,1.1800274721615233e-05
2026-04-28 08:35:00,-0.001259376634687115,-0.0005354302974473401
2026-04-28 08:40:00,-0.000397454567966804,-0.00057456546796977
2026-04-28 08:45:00,0.002875227552150861,-0.0008966387189091418
2026-04-28 08:50:00,0.0017083075176635987,-3.421398503062562e-05
2026-04-28 08:55:00,0.0012199428679711133,-0.0001076344236818728
2026-04-28 09:00:00,-0.0012941244251667428,-0.0004723401149321688
2026-04-28 09:05:00,-0.00093694011733092,-0.00023353337319772838
2026-04-28 09:10:00,-0.0008527238565889661,-0.0004059329117509389
2026-04-28 09:15:00,-0.0013865703616477987,-0.0006330593122505324
2026-04-28 09:20:00,-0.0005833322696293664,-0.0004598367478533448
2026-04-28 09:25:00,-0.0002656802672440506,-0.0005551897376343325
2026-04-28 09:30:00,0.00027444298511092313,-0.0006383443727607563
2026-04-28 09:35:00,-0.0002139737857866919,-0.00010930855964159589
2026-04-28 09:40:00,0.0007795604408347145,-9.182511943272102e-05
2026-04-28 09:45:00,-0.001706224889492347,6.026849562131631e-05
2026-04-28 09:50:00,-0.0009147677225360695,-0.000340816981595279
2026-04-28 09:55:00,-0.0026283155446940043,-0.0004215192119382419
2026-04-28 10:00:00,0.000463066155324654,-0.0005272419576226713
2026-04-28 10:05:00,-0.00012765823959348666,-0.000686894639041407
2026-04-28 10:10:00,0.0014900827925412585,-0.0007565252176921497
2026-04-28 10:15:00,0.002139435789112909,-0.0008108887105922461
2026-04-28 10:20:00,0.001703651587321886,-0.0002705579264084374
2026-04-28 10:25:00,0.0001339769993755624,-0.00018592315252244018
2026-04-28 10:30:00,-0.0013479594715395393,5.779234704240506e-05
2026-04-28 10:35:00,-0.000337040785126419,9.813916707960798e-06
2026-04-28 10:40:00,0.0003197435165755991,-0.0002543832519019358
2026-04-28 10:45:00,-0.0007049456770182871,-7.997674348549261e-05
2026-04-28 10:50:00,-6.915061438661496e-05,0.00013989512330693952
2026-04-28 10:55:00,-0.0009530509695938605,-0.00018095368430875655
2026-04-28 11:00:00,-0.00012547187175115937,-0.00068776115613395
2026-04-28 11:05:00,-0.0024276215401073387,-0.0003011757312024885
2026-04-28 11:10:00,-0.0013544186184883955,-0.0003526230203630668
2026-04-28 11:15:00,-0.0021766282131689962,-0.0004471721128870878
2026-04-28 11:20:00,-0.001281094068987798,-0.0004838373955671988
2026-04-28 11:25:00,-0.0011221376380845527,-0.0007432728703124531
2026-04-28 11:30:00,-0.0004879545800271501,-0.00048502468394593637
2026-04-28 11:35:00,0.00029278036368651783,-0.0011032043420878337
2026-04-28 11:40:00,-0.0018201920456988319,-0.0007800504090796425
2026-04-28 11:45:00,-0.0004751712278849851,-0.0006815186477423979
2026-04-28 11:50:00,-0.0003188094338213432,-0.0010176839153288088
2026-04-28 11:55:00,0.001635937166488688,-0.0006878662177598838
2026-04-28 12:00:00,0.0014833483882004117,-0.000652695281563017
2026-04-28 12:05:00,0.0005659794468524382,-0.0003607761489416193
2026-04-28 12:10:00,-0.0002645192919370487,-0.0001892931273870316
2026-04-28 12:15:00,-0.0004660200993189534,-0.0004081303520835704
2026-04-28 12:20:00,0.00044648566677452095,-0.0003575642983443247
2026-04-28 12:25:00,0.00045744415263726523,-0.00011952033170695275
2026-04-28 12:30:00,0.0002622984950217955,-2.7235310376812406e-05
2026-04-28 12:35:00,-0.0010384948612909284,-0.00024122360719954438
2026-04-28 12:40:00,-0.002000421579948508,0.00019850889707964897
2026-04-28 12:45:00,-0.0016833742605388835,-7.73151060497403e-05
2026-04-28 12:50:00,-0.0017737872828220702,-0.00034120665800121714
2026-04-28 12:55:00,-0.0012865483599924232,-0.000920235409982414
2026-04-28 13:00:00,-0.0018776124205572842,-0.0005876221911944797
2026-04-28 13:05:00,-0.00012604338951760496,-0.0008536334795485864
2026-04-28 13:10:00,0.00016308336314097005,-0.0005474721839257746
2026-04-28 13:15:00,-0.0013909222270438448,-0.0006660566351602615
2026-04-28 13:20:00,-0.006725015968651604,-0.0008111877050097017
2026-04-28 13:25:00,-0.005892195844783288,-0.0011248077872315543
2026-04-28 13:30:00,-0.006806122472330145,-0.0016927928001764098
2026-04-28 13:35:00,-0.0025566188584047467,-0.002769996597442306
2026-04-28 13:40:00,-0.0018410587454038563,-0.0030352225803836237
2026-04-28 13:45:00,0.0020769076450548596,-0.0032245859474239347
2026-04-28 13:50:00,0.0025259868992044687,-0.0029875835382681764
2026-04-28 13:55:00,0.0039122987555266775,-0.002481530820395341
2026-04-28 14:00:00,0.002197084774156366,-0.0009571994952222672
2026-04-28 14:05:00,0.0016396779411635976,-0.000489667836810719
2026-04-28 14:10:00,-0.00032744228576753187,0.0006420239802113253
2026-04-28 14:15:00,-2.1837565640225876e-06,5.028028681319806e-05
2026-04-28 14:20:00,0.0014167013752217628,0.0001681353221494157
2026-04-28 14:25:00,0.0015445871628241292,0.000837936405016377
2026-04-28 14:30:00,0.004231892773889356,0.001016029060773878
2026-04-28 14:35:00,0.002342209740861634,0.0014231220683882612
2026-04-28 14:40:00,0.0015596175564400738,0.0014988446711204548
2026-04-28 14:45:00,-0.0032038709050041803,0.0018931473256506015
2026-04-28 14:50:00,-0.005011382615593973,0.0014694401688453377
2026-04-28 14:55:00,-0.003951686460668569,0.0006492074564019885
2026-04-28 15:00:00,-0.0013971452487417935,0.0007527178951418531
2026-04-28 15:05:00,0.001101733373948477,-0.00025527585298203056
2026-04-28 15:10:00,0.0009675563624682582,0.00016408558645555533
2026-04-28 15:15:00,5.8981520233203355e-05,0.00021594327356014704
2026-04-28 15:20:00,0.00046524886738552595,-0.0003294823983197127
2026-04-28 15:25:00,0.00016153219873871194,0.00046857587771787363
2026-04-28 15:30:00,0.0018463276212052904,-0.0005426684982562013
2026-04-28 15:35:00,0.0004803116004641339,0.0005985140647383454
2026-04-28 15:40:00,-0.0003602089250680507,0.00034929189111320986
2026-04-28 15:45:00,-0.004484234050680769,0.00022327111958188135
2026-04-28 15:50:00,-0.0025592258054079053,-0.0005812335941232976
2026-04-28 15:55:00,-0.0023806386061586693,-0.0008200252064432425
2026-04-28 16:00:00,0.0013351341385305915,-0.0012701117006360127
2026-04-28 16:05:00,-0.00040491811905241093,-0.0014692270269589893
2026-04-28 16:10:00,0.0005645205554447585,-0.0015234563067237942
2026-04-28 16:15:00,-0.00035002669310912893,-0.000725107834277679
2026-04-28 16:20:00,-0.0016761341106370509,-0.0009995398928175556
2026-04-28 16:25:00,-0.001637550171091462,-0.0010562396738623176
2026-04-28 16:30:00,-0.0016708770953322016,-0.0004822780251771727
2026-04-28 16:35:00,0.0006510680924929346,-0.000478940199275461
2026-04-28 16:40:00,0.002503404097039308,-0.0008622678350756836
2026-04-28 16:45:00,0.002936956082780995,-0.0009228495014626693
2026-04-28 16:50:00,0.0019309801232996193,-0.0008777074218704875
2026-04-28 16:55:00,-0.0005793394599287183,-0.00030489063614771154
2026-04-28 17:00:00,-0.0006732932380710821,-0.00037264526916037694
2026-04-28 17:05:00,-8.530472932477551e-05,0.00019953735530139286
2026-04-28 17:10:00,0.0007891305874068166,-0.000409968213685084
2026-04-28 17:15:00,-0.0003521292372532514,3.351506835546907e-06
2026-04-28 17:20:00,0.0015846045356937566,0.00024634957347507383
2026-04-28 17:25:00,0.0003102353662622903,2.465466954856459e-05
2026-04-28 17:30:00,0.002353191603656768,0.00016107612195288292
2026-04-28 17:35:00,0.0009451951287235971,0.00020338799174499052
2026-04-28 17:40:00,0.0019248023855045204,0.0005821914573274457
2026-04-28 17:45:00,0.0003229403308537826,0.0007148265508413902
2026-04-28 17:50:00,0.0005082459190699495,0.00018981761298485296
2026-04-28 17:55:00,-0.00023767186349665792,0.0004219307483604229
2026-04-28 18:00:00,-0.0006197882879472871,0.0006712052338876998
2026-04-28 18:05:00,-0.0007766516235392373,0.000464068738559908
2026-04-28 18:10:00,-0.0006500702653813306,0.00030563231795259477
2026-04-28 18:15:00,2.619601165854135e-05,0.0003680982318387417
2026-04-28 18:20:00,0.0006414354410093637,0.000132479853287996
2026-04-28 18:25:00,0.0005235796386049429,-0.0001897796651895523
2026-04-28 18:30:00,0.0013176468388227391,0.00024025659481223289
2026-04-28 18:35:00,0.0018717722034153894,0.00014933055697078447
2026-04-28 18:40:00,0.0016278893448760101,0.0003436812720599816
2026-04-28 18:45:00,0.0006472795416510024,4.54609305856675e-06
2026-04-28 18:50:00,-0.0004790492271133928,-0.0001549724266466103
2026-04-28 18:55:00,0.00030044479117563583,0.0008634395081793989
2026-04-28 19:00:00,-0.00028980738906625447,0.000987850073786734
2026-04-28 19:05:00,0.0008294807947901717,8.275989642955983e-05
2026-04-28 19:10:00,1.5237547930979645e-05,0.00010576605287307517
2026-04-28 19:15:00,0.001589638506965585,0.0009146392135027362
2026-04-28 19:20:00,0.0008309677336129084,3.120417656682792e-05
2026-04-28 19:25:00,0.0010856217120149836,0.00023901644549644354
2026-04-28 19:30:00,0.0005546896979726768,2.3703639829230315e-05
2026-04-28 19:35:00,-0.00034361496324386565,0.00046785339399589153
2026-04-28 19:40:00,-0.0008113855450755381,6.358605372554433e-05
2026-04-28 19:45:00,-0.0010008399187082517,7.227695592829186e-05
2026-04-28 19:50:00,-0.0002153632304988662,0.00025426692308248323
2026-04-28 19:55:00,0.00020453991646007808,0.000292405600380728
2026-04-28 20:00:00,0.0008790520729853313,0.0006258096852556389
2026-04-28 20:05:00,0.0006698666824362931,-9.582422981405344e-06
2026-04-28 20:10:00,0.0006916441831776865,0.00013651603382299176
2026-04-28 20:15:00,-0.0005808710836223696,0.00028859319974563347
2026-04-28 20:20:00,-0.0006067756801702018,0.00014881273270835375
2026-04-28 20:25:00,-0.00032618765212255596,0.0001329330746386481
2026-04-28 20:30:00,0.0006330676908543609,0.0005647204491641967
2026-04-28 20:35:00,-0.00038295835796020583,-0.00028252331252809885
2026-04-28 20:40:00,-0.000741929376687267,0.00011504168580713623
2026-04-28 20:45:00,-0.0004916260521596882,0.0002077178259318901
2026-04-28 20:50:00,0.0004199408880687372,0.00011313767687452896
2026-04-28 20:55:00,0.0003177263010538667,-0.000217710865494626
2026-04-28 21:00:00,-0.00021543446577787506,-0.0002479614250052181
2026-04-28 21:05:00,-0.00020233292101679012,-6.162485930289875e-05
2026-04-28 21:10:00,0.00015882530229127667,0.00022863090243469087
2026-04-28 21:15:00,0.0004090682657071909,0.000908337293273019
2026-04-28 21:20:00,0.0005873050914146916,-0.00029481695415257443
2026-04-28 21:25:00,0.0004371831986844654,-6.204589979469065e-05
2026-04-28 21:30:00,0.00030234184652222496,0.0008710720781330158
2026-04-28 21:35:00,-0.00078967895932891,8.873129045031919e-05
2026-04-28 21:40:00,-0.0006656385045733515,4.4404367415473944e-05
2026-04-28 21:45:00,-0.00011309560070138502,-0.00013442830084154273
2026-04-28 21:50:00,0.000672245531985638,-8.466754205041404e-05
2026-04-28 21:55:00,0.0004372830650787307,-0.0006687531080030436
2026-04-28 22:00:00,-0.0007027842948268415,0.0001523056150364806
2026-04-28 22:05:00,-0.0012012222573716258,-0.00030241720471105174
2026-04-28 22:10:00,-0.0009944977028961688,-2.6968169136331378e-05
2026-04-28 22:15:00,-3.482568655854834e-05,-0.0002284991510540233
2026-04-28 22:20:00,0.0004136270579770951,-0.0001744169927005679
2026-04-28 22:25:00,0.0001328019804684999,-0.0001829949285767
2026-04-28 22:30:00,-0.00021986514300920135,-0.00013129686521697582
2026-04-28 22:35:00,0.00037211812894888396,-0.00015418731911946305
2026-04-28 22:40:00,0.0006833247276887278,2.4574917615098542e-05
2026-04-28 22:45:00,0.00112493905751343,0.00012072950766189011
2026-04-28 22:50:00,-0.0001414320981414363,0.00021791233204518566
2026-04-28 22:55:00,-4.133440513420794e-05,2.9741829382456812e-05
2026-04-29 00:00:00,-0.0003219035839574502,-0.0003819901037169742
2026-04-29 00:05:00,0.00022410621422785937,-0.0009594568184100959
2026-04-29 00:10:00,-8.702538535843019e-05,-0.00024183738891829957
2026-04-29 00:15:00,3.915597129022785e-05,-0.0001917300702182616
2026-04-29 00:20:00,-0.0004917940135076293,-0.00011695560011782076
2026-04-29 00:25:00,-0.0004940125562260533,-0.00011556775424666324
2026-04-29 00:30:00,-0.0006353862469854477,-0.00017823319096622734
2026-04-29 00:35:00,0.00019152376803255322,-0.0004030612288693131
2026-04-29 00:40:00,7.618525209629468e-05,-0.00027186941233234464
2026-04-29 00:45:00,-0.00011101642074784479,-0.00025059856978970185
2026-04-29 00:50:00,-0.000905708419468354,-0.00019885997270130146
2026-04-29 00:55:00,-0.0007446876031398375,-0.0002529767993768905
2026-04-29 01:00:00,-0.00033965616671949306,-0.0003321813023428594
2026-04-29 01:05:00,0.0002569910285075139,-0.00037035034213019264
2026-04-29 01:10:00,0.0002330466724629332,-0.0002208582048971864
2026-04-29 01:15:00,-0.00013937950011388978,-3.3290234674803524e-05
2026-04-29 01:20:00,-0.0008125786747648078,-0.00015286931388623713
2026-04-29 01:25:00,-0.0004095013071960807,-0.00031217508764870756
2026-04-29 01:30:00,-0.00045093864622103297,-0.0003215930520018158
2026-04-29 01:35:00,0.0008844372310274906,-0.000232344462337209
2026-04-29 01:40:00,0.0012018892007397142,-0.00015114777411065613
2026-04-29 01:45:00,0.003844962470639146,0.00014427005497938134
2026-04-29 01:50:00,0.0034431523178195533,0.00048609170421615183
2026-04-29 01:55:00,0.002636044029083351,0.000773570726681388
2026-04-29 02:00:00,-0.0013749199857926442,2.4785328647694366e-05
2026-04-29 02:05:00,-0.0012333028018467473,-0.0006670605229872289
2026-04-29 02:10:00,-0.0015464480395639413,-0.00011912488422839143
2026-04-29 02:15:00,0.00028686921568521484,-0.0008786489673799898
2026-04-29 02:20:00,7.821224199489052e-05,-0.0007432795352076316
2026-04-29 02:25:00,0.0007344266044775338,-0.00034277464769169716
2026-04-29 02:30:00,-0.0004716391721810709,-0.00042913591758248697
2026-04-29 02:35:00,-0.0010476826958232266,-0.0003947987868686457
2026-04-29 02:40:00,-0.0007670320041519574,-0.00041868537834041956
2026-04-29 02:45:00,-0.0038313346853300345,-0.0006801357297408898
2026-04-29 02:50:00,-0.0036777403331438308,-0.0002492751995344417
2026-04-29 02:55:00,-0.003907292912447957,-0.0007759871042616388
2026-04-29 03:00:00,0.0006174031522245826,-0.0012775847203293734
2026-04-29 03:05:00,0.000901076880495566,-0.001598381574754618
2026-04-29 03:10:00,-0.0006570696893959393,-0.0009178624632009053
2026-04-29 03:15:00,0.0002725832513377213,-0.0010886289151604736
2026-04-29 03:20:00,-9.377886296846327e-05,-0.0010731080222540592
2026-04-29 03:25:00,0.00244272799563916,-0.0008334916623100303
2026-04-29 03:30:00,-0.0005474223849262216,-0.0005350024479694443
2026-04-29 03:35:00,-0.0006872530114172548,-0.00029899683323308924
2026-04-29 03:40:00,-0.0011290200739413336,-0.0008027944831008538
2026-04-29 03:45:00,0.0019179347984206174,-0.00018985025160659464
2026-04-29 03:50:00,0.0037316605605202113,-0.0006061109681322329
2026-04-29 03:55:00,0.0034506177311168784,-0.0005113694670713188
2026-04-29 04:00:00,0.0019077436880472476,0.0004941072193551152
2026-04-29 04:05:00,-7.610606579788737e-05,0.0009876617574664937
2026-04-29 04:10:00,-0.00057826339986633,0.0008805769256949746
2026-04-29 04:15:00,-0.0004195219033480413,0.0005932284559425799
2026-04-29 04:20:00,-0.0005002697210603202,0.00047336233227444896
2026-04-29 04:25:00,-0.0003349369740828223,0.0006816070981074915
2026-04-29 04:30:00,6.087419696854113e-05,0.00029396153619558785
2026-04-29 04:35:00,-0.0006790270152379208,0.0005119817528281178
2026-04-29 04:40:00,-0.0006941550899295379,0.0003284853619351764
2026-04-29 04:45:00,-0.0005675782502425619,8.71285509437845e-06
2026-04-29 04:50:00,0.0014641211418044975,0.00026515529459056797
2026-04-29 04:55:00,0.001761647443284886,-7.183452883532169e-05
2026-04-29 05:00:00,0.0006784467309906006,-8.617955074838536e-05
2026-04-29 05:05:00,-9.130891333519742e-05,0.0004335842255528197
2026-04-29 05:10:00,-0.0007673488041888277,0.00026791092955658654
2026-04-29 05:15:00,-0.0007480570437863321,0.0001496971254905252
2026-04-29 05:20:00,-0.0010310647199531786,6.262741624434385e-05
2026-04-29 05:25:00,-0.0010117131122644452,-0.00023851649299556162
2026-04-29 05:30:00,-0.0008444108342580137,-0.00044462544638061556
2026-04-29 05:35:00,8.705076370674192e-05,0.0003594001919329046
2026-04-29 05:40:00,0.00036781629623128254,-0.0005095999649411402
2026-04-29 05:45:00,0.0010836759868642076,-5.937664653735358e-05
2026-04-29 05:50:00,0.001078800374326505,-0.00031492513719108865
2026-04-29 05:55:00,0.0011591506225379078,-0.0002658251564853659
2026-04-29 06:00:00,0.0004196632970376868,0.000152398612356571
2026-04-29 06:05:00,-0.0002000121753198414,0.00023889902404614904
2026-04-29 06:10:00,0.0002477490705778962,0.0001043530177870564
2026-04-29 06:15:00,0.0005911437281636012,7.404970630893793e-05
2026-04-29 06:20:00,0.0008606376203861288,0.00018891728863376417
2026-04-29 06:25:00,6.301409453612905e-05,0.00047550029826149483
2026-04-29 06:30:00,0.0003345367999951776,0.00043624230691014404
2026-04-29 06:35:00,0.00027368398359328694,0.00023432918187997232
2026-04-29 06:40:00,0.0005908355498629447,0.00034936170280475934
2026-04-29 06:45:00,0.00014768193681291564,0.000374129626930326
2026-04-29 06:50:00,-0.0004148994580024379,0.00040273958373055916
2026-04-29 06:55:00,-0.0008320489194701963,0.0002103560314884622
2026-04-29 07:00:00,-0.0008364283478510259,8.987301065542264e-05
2026-04-29 07:05:00,-0.0005411484867430261,0.0006478835108439766
2026-04-29 07:10:00,0.0,0.0002522800446940238
2026-04-29 07:15:00,-0.0011982886133914405,0.0001116379859122545
2026-04-29 07:20:00,-0.0009808986556940624,-3.505730327059095e-05
2026-04-29 07:25:00,-0.0003956289573725513,-0.00024344442496813755
2026-04-29 07:30:00,0.0008722179575144651,9.143665857263167e-05
2026-04-29 07:35:00,0.0004546824208713218,-0.00035534445806875546
2026-04-29 07:40:00,-0.0019064288970067622,2.2892106368804027e-05
2026-04-29 07:45:00,-0.00047625417214902654,-0.0004306642278110004
2026-04-29 07:50:00,-0.0010837467356861197,-0.0005646569983065466
2026-04-29 07:55:00,-0.0004728168532892596,-4.846586403293835e-05
2026-04-29 08:00:00,-0.0024937044196349234,-0.0004112556286709211
2026-04-29 08:05:00,-0.0016997986127158526,-0.0008292160561364109
2026-04-29 08:10:00,-0.0006867450843337508,-0.0011660365046000489
2026-04-29 08:15:00,-0.0004907611585807103,-0.0011038161061615128
2026-04-29 08:20:00,0.00013739873680229664,-0.0010609671215765155
2026-04-29 08:25:00,-5.452378383274947e-05,-0.0006794175698080332
2026-04-29 08:30:00,0.00032283889093065454,-0.0005391308108513453
2026-04-29 08:35:00,-0.00038389139834826835,-0.000697098674575652
2026-04-29 08:40:00,-2.1810345957717914e-05,-0.0005441842381337105
2026-04-29 08:45:00,0.0006366468983358686,-0.0004776371557372824
2026-04-29 08:50:00,-0.0008883137138901986,-0.0003045116167170753
2026-04-29 08:55:00,-0.0012985725167791173,-0.0004646455975738172
2026-04-29 09:00:00,-0.002509690901417727,-0.00047913239411232297
2026-04-29 09:05:00,-0.000875990597066334,-8.6715381222173e-05
2026-04-29 09:10:00,-0.000788696125258781,-0.0006992745579732815
2026-04-29 09:15:00,0.0003277084036295008,-0.0009658192933407969
2026-04-29 09:20:00,-0.0008395737033222161,-0.0004849993765594283
2026-04-29 09:25:00,-0.0010343309096949582,-0.0005954816545306077
2026-04-29 09:30:00,-0.0016133619571974123,-0.0009491956046964521
2026-04-29 09:35:00,-0.00028001461509141734,-0.001061285713991004
2026-04-29 09:40:00,-0.00025382599051937405,-0.0010887670107053782
2026-04-29 09:45:00,-0.0003391807395356494,-0.0009731110323115087
2026-04-29 09:50:00,-0.0005887238759694213,-0.0008400841428154414
2026-04-29 09:55:00,-0.0006830242476425497,-0.0012607519224924894
2026-04-29 10:00:00,0.00015100434330328483,-0.0007457258792005504
2026-04-29 10:05:00,0.00022327438544600398,-0.0008243993892384068
2026-04-29 10:10:00,-5.255965522188433e-05,-0.0008614012089890829
2026-04-29 10:15:00,-0.0015242202820875406,-0.0016300909790039877
2026-04-29 10:20:00,-0.001364503202994527,-0.001959369251976756
2026-04-29 10:25:00,0.0005167166712300997,-0.001247446749377514
2026-04-29 10:30:00,0.0018130346355427207,-0.0004990203887335078
2026-04-29 10:35:00,0.002707475222116784,-0.0006563944326711449
2026-04-29 10:40:00,0.0010348196935350273,0.00024825514036611116
2026-04-29 10:45:00,0.000728229417877202,0.001126589338680071
2026-04-29 10:50:00,-0.0005859614307688332,0.001264497389872968
2026-04-29 10:55:00,7.215677702809842e-05,0.000717070348272428
2026-04-29 11:00:00,0.0011033609928787769,0.0007599409238059089
2026-04-29 11:05:00,-0.0001224830821779932,0.00021401936227497884
2026-04-29 11:10:00,-0.0017266304694771861,9.430465228343001e-06
2026-04-29 11:15:00,-0.0026304095141522765,-0.00016026631060651935
2026-04-29 11:20:00,-0.001488492913354733,0.0004472149420265512
2026-04-29 11:25:00,-0.0013676624532141801,0.00011636329975418645
2026-04-29 11:30:00,-0.0017026278700758013,9.798530739752367e-05
2026-04-29 11:35:00,-0.0020283515584580414,-0.0005410475204169776
2026-04-29 11:40:00,-0.0008908627914525624,-0.000718886153937128
2026-04-29 11:45:00,0.0005744404844705286,-0.0010205211358145026
2026-04-29 11:50:00,0.0021159713237803857,-0.0011281597061272447
2026-04-29 11:55:00,0.0028650456862475693,-8.064382911330924e-05
2026-04-29 12:00:00,0.0018898153802968665,-0.0006335389363592876
2026-04-29 12:05:00,0.0013811869676221278,8.713294437263472e-05
2026-04-29 12:10:00,0.0008117673889938004,0.00034799014946078474
2026-04-29 12:15:00,0.0005314827070623807,0.00010559884810629557
2026-04-29 12:20:00,-0.00024064019157421512,0.0004855835001722246
2026-04-29 12:25:00,-0.001223372919076482,7.221547385625655e-05
2026-04-29 12:30:00,-0.0009888276417324704,8.096155191029268e-05
2026-04-29 12:35:00,-0.0009105814121976863,-7.27569182775393e-05
2026-04-29 12:40:00,0.0007311398006635272,5.6209734967609955e-05
2026-04-29 12:45:00,-0.0001181996875647684,-7.274578403247467e-05
2026-04-29 12:50:00,0.0001642286022036643,-9.925151839112578e-05
2026-04-29 12:55:00,-0.0003655030796565484,-0.00023543531542062274
2026-04-29 13:00:00,2.845675722262797e-05,-0.0005091960404381224
2026-04-29 13:05:00,-0.0002145974444864862,0.0002806188683081305
2026-04-29 13:10:00,-0.0008212275732635277,-0.00041092646397783173
2026-04-29 13:15:00,-0.0001510489697071904,-1.5110340977180355e-05
2026-04-29 13:20:00,0.00024962938924488753,-9.553862307152987e-05
2026-04-29 13:25:00,0.0005431806866358357,-0.0005259566460257517
2026-04-29 13:30:00,-0.0008782871994075236,-0.00011478727460648535
2026-04-29 13:35:00,-0.001509675684607359,1.42246314723211e-05
2026-04-29 13:40:00,-0.0011896873270806907,-0.00011399711948518229
2026-04-29 13:45:00,-7.45037285074801e-05,-8.67237863593315e-06
2026-04-29 13:50:00,0.0005327002437631734,-5.2722244962055165e-06
2026-04-29 13:55:00,0.0007275644226396594,-0.00026703662658154794
2026-04-29 14:00:00,0.0004622717341806748,0.00023292465846056873
2026-04-29 14:05:00,-0.00012712078025423068,-0.00016904888449646054
2026-04-29 14:10:00,-0.0011683050933637418,-0.00011115777620826537
2026-04-29 14:15:00,-0.002256419085458816,-0.0002450881088800845
2026-04-29 14:20:00,-0.0013774469404346235,0.00030271973735243726
2026-04-29 14:25:00,-0.0006033182686770999,0.00010035967621248041
2026-04-29 14:30:00,0.00017999863952056216,-0.000173126262768321
2026-04-29 14:35:00,-0.002289703273142152,-0.0001812933933652048
2026-04-29 14:40:00,-0.002309132421329352,-0.00031308011780858085
2026-04-29 14:45:00,-0.0017992471744143756,-0.0003829647294593204
2026-04-29 14:50:00,0.00019577456950869987,-0.0004572468130166972
2026-04-29 14:55:00,0.000668460981493979,-0.0010109633102353577
2026-04-29 15:00:00,-0.0009129437347841218,-0.0007861976512015073
2026-04-29 15:05:00,-0.0018867493964496163,-0.0006221822430657248
2026-04-29 15:10:00,-0.0024627599967406155,-0.0009194312931375621
2026-04-29 15:15:00,-0.002384180052962037,-0.00047872244046565733
2026-04-29 15:20:00,-0.0028158216480527187,-0.0008780649420772845
2026-04-29 15:25:00,-0.005072239319375171,-0.0010510356299435358
2026-04-29 15:30:00,-0.004001075236981677,0.0006937683764901137
2026-04-29 15:35:00,-0.0008577960474855928,-3.753052785530114e-05
2026-04-29 15:40:00,0.001619903027291869,-0.00088766124827388
2026-04-29 15:45:00,0.002369420335332606,-0.0004117130566088603
2026-04-29 15:50:00,-0.00032739451773977635,-8.62674638156616e-05
2026-04-29 15:55:00,0.0007890837202833012,-0.0003919717682357564
2026-04-29 16:00:00,0.0019470806573433919,0.00010454564909124917
2026-04-29 16:05:00,0.0037806226517975716,-1.1357148850960617e-06
2026-04-29 16:10:00,0.0016270378812421882,-0.00017197154196994409
2026-04-29 16:15:00,0.0012210605787785767,0.00039108131449455496
2026-04-29 16:20:00,0.0007799607771108441,0.0003479667272331554
2026-04-29 16:25:00,0.0012124847720329512,0.00013708459388289023
2026-04-29 16:30:00,-0.001415156961476427,0.0007634057071303499
2026-04-29 16:35:00,-0.0003039801599271641,0.00023574907728411237
2026-04-29 16:40:00,5.507802905668768e-05,-0.00010453601211341958
2026-04-29 16:45:00,0.0021043755624283733,0.0005474314236527456
2026-04-29 16:50:00,0.0002445130512764848,0.0004342491690847587
2026-04-29 16:55:00,-0.00027762415596477297,0.00019911505904766528
2026-04-29 17:00:00,-0.00016070180493876762,0.0007641078768516449
2026-04-29 17:05:00,0.0008520241592027133,0.0005506895264024148
2026-04-29 17:10:00,0.0012465012592421942,0.000587727806651835
2026-04-29 17:15:00,0.0004204117675961072,7.494207843925382e-07
2026-04-29 17:20:00,0.0015700488972729687,-0.00039588407726811025
2026-04-29 17:25:00,0.0021458009033832326,0.0001970153324613878
2026-04-29 17:30:00,0.0022377521037846293,0.00038735573480939165
2026-04-29 17:35:00,-0.0009540496169933022,0.0003194583343343024
2026-04-29 17:40:00,-0.0011932533167264836,0.0004648880568776137
2026-04-29 17:45:00,0.0017484650543888591,0.00020975872706952643
2026-04-29 17:50:00,0.003168593418658716,0.0004104174365989824
2026-04-29 17:55:00,0.0025715225343905246,0.00028938533398713354
2026-04-29 18:00:00,-0.00040338935292183464,0.00021573246781413885
2026-04-29 18:05:00,0.0001819495128003723,0.00026600524154421035
2026-04-29 18:10:00,-0.00019959970455296627,0.0004689312591354474
2026-04-29 18:15:00,-0.002030377326885713,3.8402100254422456e-05
2026-04-29 18:20:00,-0.002554705864566742,0.0003581649105788986
2026-04-29 18:25:00,-0.0017476495713211193,0.0007105585603766089
2026-04-29 18:30:00,-0.0011234165352007608,0.0005494992210423097
2026-04-29 18:35:00,-0.0012688026911096273,0.0002923977611562316
2026-04-29 18:40:00,-0.001105933345575849,0.00036806896092739087
2026-04-29 18:45:00,-9.899149671177554e-05,0.0009208710357320717
2026-04-29 18:50:00,0.0013698858188835317,-7.34636485580062e-05
2026-04-29 18:55:00,0.0011235128654352167,-1.3101131462923938e-05
2026-04-29 19:00:00,0.0009169460842723964,0.0003093594015245768
2026-04-29 19:05:00,0.0005118511218160648,-6.272866076153511e-05
2026-04-29 19:10:00,-0.0007276108855922558,0.000548599627972228
2026-04-29 19:15:00,-0.0011941744187833336,-7.642686352433524e-05
2026-04-29 19:20:00,-0.00176072443995956,0.00013305710834378998
2026-04-29 19:25:00,-0.0005411053197743598,0.00017644106522522146
2026-04-29 19:30:00,-0.00013424133310735442,0.0001603612070375331
2026-04-29 19:35:00,-0.0003322694141374427,0.0008108531796554533
2026-04-29 19:40:00,0.0004905265780088541,-7.929706111301063e-05
2026-04-29 19:45:00,-0.0005261356340504619,-0.0001845555496743297
2026-04-29 19:50:00,-0.002364278261589803,-0.00047779475630699384
2026-04-29 19:55:00,-0.004810054376452655,0.0006462133901747098
2026-04-29 20:00:00,-0.002032292538354241,0.0001371285742756823
2026-04-29 20:05:00,0.0004896198486488146,-0.00032104665242045394
2026-04-29 20:10:00,0.0017243153653012655,0.0005359564820026095
2026-04-29 20:15:00,-0.0023725537277048403,-0.0006044037060974583
2026-04-29 20:20:00,-0.001714719306658452,4.710967537754538e-05
2026-04-29 20:25:00,-0.002889524178936398,0.0003328407880129685
2026-04-29 20:30:00,0.0017346824743995626,1.1551555838851143e-05
2026-04-29 20:35:00,0.0010331560079315238,-5.381487547918333e-05
2026-04-29 20:40:00,0.0040932359890355485,-6.209247655399179e-05
2026-04-29 20:45:00,0.0018528940218267564,-0.00067134175964207
2026-04-29 20:50:00,0.0015697655851170111,9.20977767169299e-05
2026-04-29 20:55:00,0.002275594253795532,-0.0004822683877950528
2026-04-29 21:00:00,0.002214552667455294,0.0003421296506047939
2026-04-29 21:05:00,0.001292324062204031,0.00015463963984309358
2026-04-29 21:10:00,-0.0013330373002649054,0.0008683801683950052
2026-04-29 21:15:00,-0.001857603390122975,0.000518091142146882
2026-04-29 21:20:00,-0.0008033781933054485,0.00014954177147017702
2026-04-29 21:25:00,-0.0007178482477652182,-0.00026816183301600236
2026-04-29 21:30:00,0.0017234609504424014,0.00016407665131217984
2026-04-29 21:35:00,0.0013290763776758752,-0.0008317116882040095
2026-04-29 21:40:00,0.0014483791913928457,-0.000265323171517625
2026-04-29 21:45:00,7.916820609032982e-05,-2.6475568345160376e-05
2026-04-29 21:50:00,0.0010198139284014474,-0.0006844765598489918
2026-04-29 21:55:00,4.179135337523121e-05,0.00029697287321524295
2026-04-29 22:00:00,-0.0004971042679571269,-0.00012737049358486167
2026-04-29 22:05:00,-0.0017039356231531855,-0.00033870981403658475
2026-04-29 22:10:00,-0.0006732732775613925,0.00013082569443696135
2026-04-29 22:15:00,-0.00024864483194342313,-0.0001866228181873729
2026-04-29 22:20:00,0.0004641979194452972,-0.0005493399452349951
2026-04-29 22:25:00,0.000162859281138239,-0.0005238838833440154
2026-04-29 22:30:00,-0.00042261799264764477,-0.0003725024024314968
2026-04-29 22:35:00,-0.0009132008763206301,-0.00039272547650784356
2026-04-29 22:40:00,0.0008314892935370466,-0.0004529439598464905
2026-04-29 22:45:00,0.0016058782983847664,-0.00010008388652629105
2026-04-29 22:50:00,-0.0005857676255622835,-0.00018581523989182215
2026-04-29 22:55:00,-0.0003958610579388733,-0.0002485347681665548
2026-04-29 23:00:00,-0.0005958538861179363,-0.00021088556461095083
2026-04-30 00:00:00,0.0022399185568335866,0.00025604904496790863
2026-04-30 00:05:00,0.0006860596041473599,9.39513625892778e-05
2026-04-30 00:10:00,0.0005057290411638604,-0.00023508654628656827
2026-04-30 00:15:00,1.0989192130494985e-05,-6.182028603719747e-05
2026-04-30 00:20:00,-0.00013629488959310265,0.00013964883332624742
2026-04-30 00:25:00,-0.0001450960824396219,-9.85267845696847e-05
2026-04-30 00:30:00,0.00034499921783393006,-4.7460041440637044e-05
2026-04-30 00:35:00,0.0004681612010646319,0.0004461666842048813
2026-04-30 00:40:00,0.0008504906216977304,0.00028411579400506584
2026-04-30 00:45:00,0.0003931979011273512,0.0007944119614057342
2026-04-30 00:50:00,0.00025706573883788053,0.00029154917850108874
2026-04-30 00:55:00,0.00025698273854501963,0.00038495916856240783
2026-04-30 01:00:00,-0.000369030442609386,0.00030424079053802475
2026-04-30 01:05:00,-0.00017356705609117284,0.0002402362487551936
2026-04-30 01:10:00,-0.0003668245664218972,0.00023646810975898756
2026-04-30 01:15:00,0.0003316942687945357,9.013536322632559e-06
2026-04-30 01:20:00,0.0007972809409864112,4.546112098669964e-05
2026-04-30 01:25:00,0.0006413058260150706,0.0002592329144879866
2026-04-30 01:30:00,0.0010777956502519004,9.616594789442604e-05
2026-04-30 01:35:00,0.0006935345739407239,0.00044827500045133394
2026-04-30 01:40:00,0.0017439397046441485,0.0005421829332342466
2026-04-30 01:45:00,0.0003421930660323369,0.00010322693219990888
2026-04-30 01:50:00,0.0008640503002528277,0.0005733083986764372
2026-04-30 01:55:00,-0.0008946231119981718,0.00017833147725661958
2026-04-30 02:00:00,0.0004714204203573047,4.1407218427698866e-05
2026-04-30 02:05:00,-0.00014907213584436363,-0.0007601472567256569
2026-04-30 02:10:00,0.0011488306870006681,0.0002614204491472229
2026-04-30 02:15:00,0.0006859033977892892,-0.0003652576011615399
2026-04-30 02:20:00,0.0009028613866526314,0.00031075529068396145
2026-04-30 02:25:00,0.0007490981603126556,0.00033674264452778597
2026-04-30 02:30:00,0.001954324591162404,0.0003186270895142581
2026-04-30 02:35:00,0.001748617582661538,0.0004842181244106163
2026-04-30 02:40:00,0.0006172555962393744,0.000491021017879524
2026-04-30 02:45:00,-0.0012075975092891156,0.00038213109100597946
2026-04-30 02:50:00,-0.0016150107566872407,0.0006451014331398392
2026-04-30 02:55:00,-0.00020789816128718996,0.00035644299250323503
2026-04-30 03:00:00,0.0005602265562600905,0.00010150866968966438
2026-04-30 03:05:00,0.0007356128906330639,0.00022322814395832555
2026-04-30 03:10:00,0.002500662535656062,-9.484226196204405e-05
2026-04-30 03:15:00,0.0013904559262023497,-7.459915262084239e-05
2026-04-30 03:20:00,0.001395301254914827,0.0003566541545964105
2026-04-30 03:25:00,-0.0009107936218839541,0.0005863751526714281
2026-04-30 03:30:00,0.00032328810493886806,0.0003001646533396952
2026-04-30 03:35:00,0.001343160078359773,0.0003646090150145736
2026-04-30 03:40:00,0.0006596983539282064,0.00019187996569637096
2026-04-30 03:45:00,-0.00029707166198456036,0.00012187139897005116
2026-04-30 03:50:00,-0.001085308158229381,-0.0002750277883940957
2026-04-30 03:55:00,8.297758518160947e-05,3.6594127106742865e-05
2026-04-30 04:00:00,-0.00033649654971590337,8.573929181716e-05
2026-04-30 04:05:00,-0.0002818923517668992,-0.00013782526605726986
2026-04-30 04:10:00,-0.0016018097533958553,-0.0005682057843045385
2026-04-30 04:15:00,-0.0017367229305822462,0.00021323618764315026
2026-04-30 04:20:00,-0.0025822447916041824,-0.00028266073845113553
2026-04-30 04:25:00,-0.0021850418771904856,-0.0005883630715536564
2026-04-30 04:30:00,-0.0012223253301133497,-0.001063970356410708
2026-04-30 04:35:00,2.410258938567722e-05,-0.0012481046192021922
2026-04-30 04:40:00,0.0005280878194700023,-0.000820234396067532
2026-04-30 04:45:00,0.0010559316071514502,-0.0011081822318330754
2026-04-30 04:50:00,0.0007206181419157076,-0.0007452377651355664
2026-04-30 04:55:00,0.0001248596699401361,-0.0005552896504565827
2026-04-30 05:00:00,-0.0002912556533480881,-0.000345719912602958
2026-04-30 05:05:00,-0.0004226704733429898,-0.0002768498849129684
2026-04-30 05:10:00,-0.0004162595416392634,-0.00012427237629083628
2026-04-30 05:15:00,-0.0010978982161340411,-0.00034859167191623666
2026-04-30 05:20:00,-0.0013633984484240358,-0.0002658388713649551
2026-04-30 05:25:00,-0.00039670320436258066,-0.0004710111308785856
2026-04-30 05:30:00,-0.00043642600695115163,-0.0003633711675104545
2026-04-30 05:35:00,-0.0003575969087332709,-0.00043928494445751704
2026-04-30 05:40:00,-0.001232756375284083,-0.0006487468558221103
2026-04-30 05:45:00,-0.001073233465429979,-0.0007784991862705589
2026-04-30 05:50:00,-0.0008209820635318721,-0.000898254513938792
2026-04-30 05:55:00,-0.00013609115494261914,-0.0006683874774350513
2026-04-30 06:00:00,-0.00021961707654938323,-0.0005928013345343005
2026-04-30 06:05:00,-0.0007777006815707921,-0.0006816495436157719
2026-04-30 06:10:00,-0.0018302488248576054,-0.000617839064161326
2026-04-30 06:15:00,-0.0026039390472067936,-0.0005197688264481719
2026-04-30 06:20:00,-0.0016672829356316754,-0.0005428191700169685
2026-04-30 06:25:00,-0.0005125424527037126,-0.0008213155182423449
2026-04-30 06:30:00,0.001302817085683472,-0.0008202843516822097
2026-04-30 06:35:00,0.0010737145611141585,-0.0004052710552527949
2026-04-30 06:40:00,-0.0005128052871903321,0.00011469213122546241
2026-04-30 06:45:00,-5.718269653165464e-05,-0.0009059301870457206
2026-04-30 06:50:00,0.0011450512952713154,7.317580136451296e-05
2026-04-30 06:55:00,0.0024186626918023535,-0.00028192299257543514
2026-04-30 07:00:00,0.0015910972255568367,-0.0004836671700216757
2026-04-30 07:05:00,0.000974787336454952,0.000256061604015901
2026-04-30 07:10:00,0.00043693387294929664,-0.00039729522940657494
2026-04-30 07:15:00,0.001838473751375247,-2.410936778569726e-05
2026-04-30 07:20:00,0.0019182565756441505,0.0005708121288972479
2026-04-30 07:25:00,0.001853198722795213,0.00045131149661473136
2026-04-30 07:30:00,0.0010427849434435643,0.0010544378562282884
2026-04-30 07:35:00,-2.190215867869938e-05,0.0009452616673206674
2026-04-30 07:40:00,-0.00022351755363203551,0.0007056352396681843
2026-04-30 07:45:00,-0.0009397724865163326,0.0007263762641375004
2026-04-30 07:50:00,-6.789974058207804e-05,0.0008134780699273038
2026-04-30 07:55:00,0.0007404843719331922,0.0004088248198517613
2026-04-30 08:00:00,0.0010317307375355966,0.000632484842231549
2026-04-30 08:05:00,0.0011405417824139619,0.00016308480329955307
2026-04-30 08:10:00,0.0008230903565511483,0.0006199947882984288
2026-04-30 08:15:00,0.002108339654899538,0.0006185634207767625
2026-04-30 08:20:00,0.0010889769504576208,0.0005965339664663838
2026-04-30 08:25:00,0.0010869292914961193,0.0007820983970138132
2026-04-30 08:30:00,0.0003058210883111201,0.0006567201207974656
2026-04-30 08:35:00,0.0018079673376885097,0.0007599686099694367
2026-04-30 08:40:00,0.0032776826339500076,0.000799065274746543
2026-04-30 08:45:00,0.0017043307427595522,0.0009475685003375871
2026-04-30 08:50:00,0.0023380813769779962,0.0008702214173468533
2026-04-30 08:55:00,0.00030060709789836437,0.0014423837133449454
2026-04-30 09:00:00,0.00039021243092740576,0.0015167002444759067
2026-04-30 09:05:00,-0.001472375800167569,0.0009860969886434894
2026-04-30 09:10:00,5.662600485401015e-05,0.000896472692126551
2026-04-30 09:15:00,0.00017216824148746923,-0.0005753635960356534
2026-04-30 09:20:00,0.00047505628566923974,-0.0005102086150748031
2026-04-30 09:25:00,0.0010665831824923089,-0.00039367017304267203
2026-04-30 09:30:00,0.0025246328209291846,-9.550202582958625e-05
2026-04-30 09:35:00,0.0022545274173566554,0.0001020100133087875
2026-04-30 09:40:00,0.0005915718584326157,-6.885213863118493e-05
2026-04-30 09:45:00,0.005771774718898115,0.00013015107347594916
2026-04-30 09:50:00,0.004296921010348953,0.0005090422211745018
2026-04-30 09:55:00,0.004239491710114507,0.0008660585092772888
2026-04-30 10:00:00,-0.0027289338933247365,0.0015618964881515508
2026-04-30 10:05:00,-0.0009506290783338756,0.0008982680901081469
2026-04-30 10:10:00,-0.0002988222527893214,0.0006432985075344805
2026-04-30 10:15:00,0.0005372861546248942,0.00046364802680843453
2026-04-30 10:20:00,0.0001148164076081315,-0.0002116174779840468
2026-04-30 10:25:00,-0.0004744012938964204,-0.00025030611279459403
2026-04-30 10:30:00,8.879773290004778e-05,-0.0003041348215007347
2026-04-30 10:35:00,0.00012563303905466228,0.0001038841495841089
2026-04-30 10:40:00,0.0002946318531353853,0.000338807920861937
2026-04-30 10:45:00,-1.9491509823055253e-05,0.0003205762546037568
2026-04-30 10:50:00,0.0005932944906703597,0.0002671041749614186
2026-04-30 10:55:00,0.00044395021123655454,8.70152816463582e-05
2026-04-30 11:00:00,-0.00027508737446702014,2.186582558647024e-05
2026-04-30 11:05:00,-9.524984691466898e-05,-0.00018291941316506488
2026-04-30 11:10:00,0.0016614389976528088,-0.0003462275139287116
2026-04-30 11:15:00,0.001794285391753192,0.0002598500274238425
2026-04-30 11:20:00,0.0011013133570401124,0.00034932227963559143
2026-04-30 11:25:00,-0.0013367222019624592,-9.842432473068889e-05
2026-04-30 11:30:00,-0.00012110490943761931,-0.000691948014045228
2026-04-30 11:35:00,0.0003567471187260196,-0.0005830876758658906
2026-04-30 11:40:00,0.0011897269574259184,0.0002368447462990427
2026-04-30 11:45:00,-4.325446603559158e-06,-3.294240493584692e-05
2026-04-30 11:50:00,-8.646909918752499e-06,8.347788904310808e-05
2026-04-30 11:55:00,0.0003393534376971985,-0.0005301998349364466
2026-04-30 12:00:00,0.001160711038727058,-0.0009145113290033938
2026-04-30 12:05:00,0.0017667391204607696,-0.0007247414665340737
2026-04-30 12:10:00,0.00370162271401675,-0.0003377730249168866
2026-04-30 12:15:00,0.0013772709334372024,8.838925632651665e-05
2026-04-30 12:20:00,0.0008326107788558801,0.0007575766445388928
2026-04-30 12:25:00,-0.00153205218257213,0.00021021407139208733
2026-04-30 12:30:00,0.0002545226312395954,0.0010302333161287256
2026-04-30 12:35:00,-0.0001811309042309972,0.0007393487511428402
2026-04-30 12:40:00,0.000715680767958915,0.00048304409012139745
2026-04-30 12:45:00,0.0010971566639526031,0.0007103289766367747
2026-04-30 12:50:00,0.0016010087833677744,0.0006065506219677767
2026-04-30 12:55:00,-0.0009464461011283731,0.00042758656073153725
2026-04-30 13:00:00,-0.0013020638686676023,0.0004354965957807523
2026-04-30 13:05:00,-0.001611791419440678,0.00019555518369331702
2026-04-30 13:10:00,0.0002631113580076061,0.00105243075413886
2026-04-30 13:15:00,-0.0011352992926969563,0.00029988560835670595
2026-04-30 13:20:00,-0.0016727158114839824,0.0005014357347898886
2026-04-30 13:25:00,-0.0016682622975565664,-0.0006369230566031811
2026-04-30 13:30:00,0.0009627132851104392,0.000598424422861765
2026-04-30 13:35:00,0.0002958966499946314,0.00027533596914206454
2026-04-30 13:40:00,0.00012311055018976447,0.0002152556520281376
2026-04-30 13:45:00,0.00015748592097608594,-4.243735294260286e-05
2026-04-30 13:50:00,0.00014251750722138468,0.0008198242629164364
2026-04-30 13:55:00,0.0012777265116152847,0.0008472358184215004
2026-04-30 14:00:00,-0.0005653387111959063,0.0004919920045436936
2026-04-30 14:05:00,0.0004339055125512914,0.00037541193993156306
2026-04-30 14:10:00,-0.0015736493664704199,-0.00018384701257027368
2026-04-30 14:15:00,-0.0011273154891000559,0.0002983097129506463
2026-04-30 14:20:00,-0.00044470158234943824,-0.00010143804869387525
2026-04-30 14:25:00,-0.000719652263979853,0.0002893718249339572
2026-04-30 14:30:00,-7.563176840363894e-05,0.0005396281211552626
2026-04-30 14:35:00,0.0008201693030098767,-0.0004418061458645101
2026-04-30 14:40:00,0.0031104492702382913,0.0004894081723223645
2026-04-30 14:45:00,0.002760092863283603,-0.0007415885119919716
2026-04-30 14:50:00,0.0010867667820377847,-0.0006115544139416181
2026-04-30 14:55:00,0.0003189160329757357,0.00038387484271333816
2026-04-30 15:00:00,-0.00037073440322465956,-0.00011896040934050814
2026-04-30 15:05:00,-0.0009940005022972542,-0.00016605525792778194
2026-04-30 15:10:00,-0.0017725645362691722,0.0007197080414642594
2026-04-30 15:15:00,-0.0020803847149686305,0.0002485410395394673
2026-04-30 15:20:00,-0.002349852487741444,0.00028957523565590693
2026-04-30 15:25:00,-0.0017757121013897148,-0.0001794701744674245
2026-04-30 15:30:00,-0.0022990628959398407,-0.00033436712715292043
2026-04-30 15:35:00,-0.002398736834621218,-0.00010697295942437304
2026-04-30 15:40:00,-0.0030294358950868627,-0.000185980152561924
2026-04-30 15:45:00,0.00045893704925425993,8.283869988485153e-05
2026-04-30 15:50:00,0.001578877592484318,0.00020879072670017252
2026-04-30 15:55:00,0.0020581577444129806,-7.24609082540705e-05
2026-04-30 16:00:00,0.0004219496081674379,-0.00040497220730842853
2026-04-30 16:05:00,0.00046084794672651697,-0.0001905321936107714
2026-04-30 16:10:00,0.00016014196402913683,-0.0009415110241132402
2026-04-30 16:15:00,-0.0011537509546037938,-0.0003386824054503475
2026-04-30 16:20:00,-0.00219796727872712,-0.00014231969835355613
2026-04-30 16:25:00,-0.0008356172580086252,0.0003796705686023972
2026-04-30 16:30:00,0.0004309182848558635,0.0004032691377405296
2026-04-30 16:35:00,0.0018431548063766456,-0.0002977937675735602
2026-04-30 16:40:00,0.0006083811728068156,-0.000691455307193141
2026-04-30 16:45:00,-0.000511059246353085,-0.00035596417023901734
2026-04-30 16:50:00,0.0005364969474808134,-0.0006256874618912438
2026-04-30 16:55:00,0.00010388576038522501,0.0002041692698512917
2026-04-30 17:00:00,0.000673417467394799,0.000343364696397019
2026-04-30 17:05:00,-0.000694472266872026,-0.0004970125209886656
2026-04-30 17:10:00,0.0004457205492531813,-0.0004486583270459028
2026-04-30 17:15:00,0.0006686379834217604,0.0005930722235874731
2026-04-30 17:20:00,-0.0011108597961992928,0.0004715975192701967
2026-04-30 17:25:00,-0.0015305600788408924,0.000563978710510838
2026-04-30 17:30:00,-0.0017861961055452014,0.00010751428584914752
2026-04-30 17:35:00,-0.00017551177436381238,0.0005753797764464767
2026-04-30 17:40:00,-2.3832040447757663e-05,0.0002115297402797097
2026-04-30 17:45:00,4.334032558617196e-06,-0.00015865642096256588
2026-04-30 17:50:00,-0.00016470572974824904,-0.00021468259729586826
2026-04-30 17:55:00,-0.0007846078555502345,-0.00022162094480480976
2026-04-30 18:00:00,-0.001372659998658321,-0.00020740496873108386
2026-04-30 18:05:00,-0.0006504192181004953,2.3464239839790405e-06
2026-04-30 18:10:00,-0.0009045799038691626,0.00011806534947007574
2026-04-30 18:15:00,0.0009586751064443177,0.00019176788527406954
2026-04-30 18:20:00,-1.735030482485911e-05,-0.0002760874548222819
2026-04-30 18:25:00,0.0002885999774822068,0.0001926419375652926
2026-04-30 18:30:00,0.0001213955284580237,-0.00020054529764845832
2026-04-30 18:35:00,0.0010989810063328775,-9.101334808278615e-05
2026-04-30 18:40:00,-0.0002864297420437367,0.00044292852670719537
2026-04-30 18:45:00,0.0008363614001911657,-0.000345696328624894
2026-04-30 18:50:00,0.00027942974852201985,-0.000387720020141773
2026-04-30 18:55:00,0.0017541790919910483,0.0004899170978589336
2026-04-30 19:00:00,0.00021006378869969922,-0.000413626836519361
2026-04-30 19:05:00,0.0005023439212692438,-0.00017470476638877406
2026-04-30 19:10:00,0.00043752302025623635,0.00018734884210412986
2026-04-30 19:15:00,-7.146004790925531e-05,-0.0002802397852673023
2026-04-30 19:20:00,-0.0004525313141208187,-0.00032828851818842293
2026-04-30 19:25:00,2.598544382337309e-05,0.00011020417816410634
2026-04-30 19:30:00,-0.00032921525776785643,-0.0002796000157650088
2026-04-30 19:35:00,-0.00029241381311351233,-0.00021118842364394066
2026-04-30 19:40:00,-0.00024039112401119667,-0.0001590651209929146
2026-04-30 19:45:00,0.0015519937139263362,0.00015594192920535208
2026-04-30 19:50:00,0.0013400692389922142,0.0004768358208112121
2026-04-30 19:55:00,0.0008162284853554524,1.1192970293598266e-05
2026-04-30 20:00:00,9.299981731203388e-05,-0.00022549381918080108
2026-04-30 20:05:00,-9.519606068586484e-05,0.0008841586222679995
2026-04-30 20:10:00,0.00011685883466050484,-2.5970257128255437e-06
2026-04-30 20:15:00,-0.0008308164114101402,-3.505232046400808e-05
2026-04-30 20:20:00,-0.00018825525303967083,-0.00017680302861153361
2026-04-30 20:25:00,-0.0001103663189070403,0.0004193698105272529
2026-04-30 20:30:00,0.00030298177579979324,-0.00014695103215922565
2026-04-30 20:35:00,0.0006900960675562118,-0.00022342378840077724
2026-04-30 20:40:00,0.0003397161779759017,-2.6927411361915443e-05
2026-04-30 20:45:00,0.0006575873703305035,0.00014110456315448132
2026-04-30 20:50:00,0.0003394649675563244,3.070002824644978e-06
2026-04-30 20:55:00,0.00041096720627464833,0.000335855172903926
2026-04-30 21:00:00,-0.0006143117522405817,-2.0197582915328855e-06
2026-04-30 21:05:00,-0.0012589774095221884,-0.00019694000951556409
2026-04-30 21:10:00,-0.0013654951716350894,-0.00017983345073722815
2026-04-30 21:15:00,-0.0007532630932587381,0.000860490937649741
2026-04-30 21:20:00,0.00024456465989430853,0.0004611825220955185
2026-04-30 21:25:00,0.001017265461959127,0.00017400874863692176
2026-04-30 21:30:00,0.0004741024344880884,-0.0002797646286285967
2026-04-30 21:35:00,-0.0009742854387546629,-7.727108041610502e-05
2026-04-30 21:40:00,-0.0012879890861974275,7.442286308853151e-06
2026-04-30 21:45:00,-0.0006949940144362898,0.0004860045428201342
2026-04-30 21:50:00,0.00010613492357869347,0.00031784964825643533
2026-04-30 21:55:00,-2.3827187904501557e-05,-0.00010129067372854515
2026-04-30 22:00:00,0.0003313190752081141,0.00022153382276177656
2026-04-30 22:05:00,8.66324036046251e-05,0.0002500003203678682
2026-04-30 22:10:00,-1.9495394214530393e-05,-3.3457340768458605e-05
2026-04-30 22:15:00,-5.196436112164804e-05,3.255703163040584e-05
2026-04-30 22:20:00,3.681649899434092e-05,9.694863826084428e-05
2026-04-30 22:25:00,0.00024041663668938895,0.00019669917656971997
2026-04-30 22:30:00,5.412948423533237e-05,7.374330490976237e-05
2026-04-30 22:35:00,0.0007685055975823474,0.00015101021157175654
2026-04-30 22:40:00,6.713306100003535e-05,0.00020286391595635448
2026-04-30 22:45:00,-0.0005609235677574986,6.727184467378423e-05
2026-04-30 22:50:00,0.001669193185813711,1.539616336887252e-05
2026-04-30 22:55:00,0.002884625701748078,0.0005392060695368983
2026-04-30 23:00:00,0.003337081541973319,0.0006358647105150867
2026-05-01 00:00:00,0.0003650348497608036,0.0008073824293421305
2026-05-01 00:05:00,-0.00013172428183416685,0.0010365211083200735
2026-05-01 00:10:00,-1.5113942936295643e-05,0.0010286979014038416
2026-05-01 00:15:00,-0.0005400396304313659,0.0006325378805776391
2026-05-01 00:20:00,-6.26291050611627e-05,0.00039574142312693195
2026-05-01 00:25:00,0.0001986221673178079,0.00020429883105165696
2026-05-01 00:30:00,0.0007818828222134755,0.0008285829361249996
2026-05-01 00:35:00,-0.00012095006288959098,0.0002346482878430931
2026-05-01 00:40:00,-0.0003778477620759446,0.00020710021924418565
2026-05-01 00:45:00,-0.00044918391813020264,0.00010242659386826496
2026-05-01 00:50:00,-4.752009885145014e-05,9.187968651592327e-06
2026-05-01 00:55:00,-0.00010798273150669502,3.852306962806495e-05
2026-05-01 01:00:00,0.00010583553383902711,-6.776594355811254e-05
2026-05-01 01:05:00,0.00019870539183486358,-5.446078942034392e-06
2026-05-01 01:10:00,0.00013173736771143751,9.39271529061644e-06
2026-05-01 01:15:00,0.000606718180751642,0.00015614094186274882
2026-05-01 01:20:00,0.0006368870043136354,0.0002832049437564331
2026-05-01 01:25:00,2.5913505039554252e-05,0.0002930248151774194
2026-05-01 01:30:00,-0.00030007437320200836,0.0003966248229285861
2026-05-01 01:35:00,-0.00031299546627927555,0.00025676463020621847
2026-05-01 01:40:00,-0.0008987269360982708,0.00046852768276340326
2026-05-01 01:45:00,-0.0007386960407433918,0.00010646654513458013
2026-05-01 01:50:00,-0.0010562730961769518,-0.0003012718289965141
2026-05-01 01:55:00,-0.0008779024319096607,-0.0005432527724773271
2026-05-01 02:00:00,-0.00040197617211568115,-0.0007537858017729693
2026-05-01 02:05:00,-0.0007631979009570244,-0.0005635515098213832
2026-05-01 02:10:00,0.00020548960132593663,-0.0007393683474453805
2026-05-01 02:15:00,-0.0009645371186248752,-0.0005466733756859289
2026-05-01 02:20:00,-0.0004910895471734733,-0.0005179842832767136
2026-05-01 02:25:00,-0.00053868879261465,-0.0007111619284752152
2026-05-01 02:30:00,0.00014495622671972797,-0.0006117189074629661
2026-05-01 02:35:00,0.0006597783167947568,-0.0005553353240007275
2026-05-01 02:40:00,-0.0003527928568995975,-0.0002432901286205706
2026-05-01 02:45:00,-0.000989148666135975,-5.508246863610887e-05
2026-05-01 02:50:00,-0.0012983389579197535,-0.0006285529340101261
2026-05-01 02:55:00,-0.00012772871304633782,-0.0005658463403181937
2026-05-01 03:00:00,-0.0006498640929688548,-0.0006600661271127954
2026-05-01 03:05:00,-0.000682303352535385,-0.0007475824693303483
2026-05-01 03:10:00,-0.0005262411453603733,-0.0006490163394726982
2026-05-01 03:15:00,0.0010136035988725922,-0.00035116756074363945
2026-05-01 03:20:00,0.001316536141551694,-0.00017968940428012128
2026-05-01 03:25:00,0.0007989979389115831,0.0006459024693048793
2026-05-01 03:30:00,6.493956293773806e-05,0.0004772877847542127
2026-05-01 03:35:00,-0.00039391296764357264,0.0004509754726045263
2026-05-01 03:40:00,9.739511365580711e-05,0.0003972284909047338
2026-05-01 03:45:00,0.0010773811596145322,0.0005743680633395566
2026-05-01 03:50:00,0.0014969091194956263,0.0009226638402076476
2026-05-01 03:55:00,0.002250429795893183,0.0010692331377276808
2026-05-01 04:00:00,0.0019743470981019584,0.0010563673796415045
2026-05-01 04:05:00,0.000805931526484116,0.0010667186968332152
2026-05-01 04:10:00,-0.0003174771178571234,0.001270261545292861
2026-05-01 04:15:00,-0.0009996470761546306,0.0009715324492378817
2026-05-01 04:20:00,-0.0003477888978071775,0.001030848036499008
2026-05-01 04:25:00,-0.0011995475578405745,0.0004574727595623651
2026-05-01 04:30:00,-0.0018226618279513218,-2.8519697794463988e-05
2026-05-01 04:35:00,-0.0018424893516879592,-6.499344786845552e-05
2026-05-01 04:40:00,-0.0010819069446981189,0.00021887442557739882
2026-05-01 04:45:00,-0.0004956983657962155,-0.00012035528994857991
2026-05-01 04:50:00,-0.00015802387925134553,-0.00020237810155253173
2026-05-01 04:55:00,0.0003961137612584764,-0.0003276138699894063
2026-05-01 05:00:00,0.0005238310786239708,-0.00011985001672007637
2026-05-01 05:05:00,0.0010169771126236071,0.0005276245564398018
2026-05-01 05:10:00,0.001306279409421407,0.0010132447056572967
2026-05-01 05:15:00,0.0020364360339772958,0.0007270274102559226
2026-05-01 05:20:00,0.0013809992718023523,0.001133720676107495
2026-05-01 05:25:00,-0.00011455558390061071,0.0011323097975958112
2026-05-01 05:30:00,-0.0007972182045374865,0.0012509152739287055
2026-05-01 05:35:00,-0.0009053225586672653,0.0011479105870555622
2026-05-01 05:40:00,0.00013400711554645284,0.00032285862561549645
2026-05-01 05:45:00,-0.0003350645030515409,0.0003348121627586949
2026-05-01 05:50:00,-0.0011095431572858416,1.724994388294758e-05
2026-05-01 05:55:00,-0.0011461244950936589,4.305508414685659e-06
2026-05-01 06:00:00,-0.00047144208082805505,-0.00023535252142605514
2026-05-01 06:05:00,0.00012767094670351753,6.195807251116288e-05
2026-05-01 06:10:00,-0.0008442143680138514,-0.00021125726879643082
2026-05-01 06:15:00,-0.0018814925413792594,-0.0004682438724664123
2026-05-01 06:20:00,-0.0011929519828139945,-0.0003285366613037985
2026-05-01 06:25:00,-0.0009056166177785485,-6.04335347745194e-06
2026-05-01 06:30:00,-0.0007479504880301135,-0.0006416427206570795
2026-05-01 06:35:00,-0.0011531676535518898,-0.0006362668449699312
2026-05-01 06:40:00,-0.0009194545506936436,-0.0006691859236377675
2026-05-01 06:45:00,-0.00036225243316678757,-0.0008227657897286568
2026-05-01 06:50:00,0.0004965453340570747,-0.0008468903437975146
2026-05-01 06:55:00,0.001103677482634069,-0.0008162407093890207
2026-05-01 07:00:00,0.0010495205478910918,-0.0006504739298132371
2026-05-01 07:05:00,0.0003706220315446984,-0.00032891837313183607
2026-05-01 07:10:00,9.101527546029331e-05,-0.00010293853344704733
2026-05-01 07:15:00,0.00017120152086036455,-4.5981521159150034e-06
2026-05-01 07:20:00,-0.0008649985092930024,-3.424732263238197e-05
2026-05-01 07:25:00,-0.0011035769802507644,-8.219366920731461e-05
2026-05-01 07:30:00,-0.0006394464995764793,3.3557475531402305e-05
2026-05-01 07:35:00,-0.0005597209351595467,-0.00018699257918112128
2026-05-01 07:40:00,-0.0009354162035926095,4.9047727443902404e-05
2026-05-01 07:45:00,-0.0014451371272325986,-0.00036067448859527373
2026-05-01 07:50:00,-0.0010769335361366927,-0.0001951266143150435
2026-05-01 07:55:00,-0.0007972048293609646,-0.0004315000605125375
2026-05-01 08:00:00,-0.001723439524312198,-0.00037358809277714843
2026-05-01 08:05:00,-0.0009280480903761656,-0.000557562117745172
2026-05-01 08:10:00,-0.0017290976571775474,-0.00045869879479263736
2026-05-01 08:15:00,-0.0004373087523816821,-0.0008570942265826056
2026-05-01 08:20:00,-0.001420907596122234,-0.0008474819338962782
2026-05-01 08:25:00,-3.700708468379332e-05,-0.0006980719464105408
2026-05-01 08:30:00,-0.0005594247431215393,-0.0005426948050853861
2026-05-01 08:35:00,3.483963967276793e-05,-0.0006401732040863762
2026-05-01 08:40:00,0.0001741390461145187,-0.0006652712264804752
2026-05-01 08:45:00,8.70939787489533e-06,-0.0005294158094139305
2026-05-01 08:50:00,0.00021118933420005703,-0.0004603175198743147
2026-05-01 08:55:00,0.00030902214324335375,-0.0005513131078993666
2026-05-01 09:00:00,0.0007095610378708983,-0.00036170562192150424
2026-05-01 09:05:00,-0.0005226116765868483,-0.0005537822811021559
2026-05-01 09:10:00,-0.0009382425947244144,-0.0006200556010302835
2026-05-01 09:15:00,-0.0021650829075881006,7.082136897935379e-05
2026-05-01 09:20:00,-0.0012662878213749451,-0.0001401257367855637
2026-05-01 09:25:00,-0.0013337752169064743,-0.0005394020954685028
2026-05-01 09:30:00,-0.00043401595199199505,-0.00032338335234695874
2026-05-01 09:35:00,-0.0011958356671151193,-0.00036362674033919363
2026-05-01 09:40:00,-0.001407622561893973,-0.0005425250793274441
2026-05-01 09:45:00,-0.0005171392496290395,-0.0009967953488845271
2026-05-01 09:50:00,6.550440026842352e-06,-0.0006519080685480123
2026-05-01 09:55:00,-0.001061937720795214,-0.00033354062341620387
2026-05-01 10:00:00,-0.0020624870758929603,-0.0005587031966081225
2026-05-01 10:05:00,-0.002494451087983407,-0.0005969535088880437
2026-05-01 10:10:00,-0.0015118186159579494,-0.0003752748032804977
2026-05-01 10:15:00,-5.905324526622735e-05,-0.0009451970099084736
2026-05-01 10:20:00,0.00043768944444622093,-0.000821504173891289
2026-05-01 10:25:00,0.0009038653440267552,-0.00038306868866707375
2026-05-01 10:30:00,-0.00020780766272565643,-0.00033498771887529644
2026-05-01 10:35:00,-0.00039391187825366103,-0.0001075725731512765
2026-05-01 10:40:00,-0.0004988851770466596,-0.0003744263254938679
2026-05-01 10:45:00,-0.0011097674895825804,-0.0005759862228337495
2026-05-01 10:50:00,-0.00045538039279691134,-0.00023084887876205975
2026-05-01 10:55:00,-0.0006984196077848281,-0.0007069329894119561
2026-05-01 11:00:00,0.000512353421203926,-0.0005899161061274835
2026-05-01 11:05:00,0.0007967796515995218,-0.0007341705494715394
2026-05-01 11:10:00,0.000659023333792419,-0.00035510924266177245
2026-05-01 11:15:00,0.0006696047831518115,-0.00011726495057217488
2026-05-01 11:20:00,0.0003522193684872832,3.54424912309758e-05
2026-05-01 11:25:00,0.00039170504892105384,8.394368727044824e-05
2026-05-01 11:30:00,-0.0006608488866017836,0.0004794839288051686
2026-05-01 11:35:00,-0.002224782709484785,0.0002405322025966172
2026-05-01 11:40:00,-0.001852651287720164,-0.00029998596168691923
2026-05-01 11:45:00,-0.0010731682706381918,-0.0007281273791809591
2026-05-01 11:50:00,0.0011108203136220851,-0.0008115566498935403
2026-05-01 11:55:00,0.0010231054000815476,-0.0007183343834488765
2026-05-01 12:00:00,0.0012460815200530106,-0.000708840667851265
2026-05-01 12:05:00,0.001017716005028646,-0.0003201617176773088
2026-05-01 12:10:00,0.0011817305848076387,-0.0001203076702099262
2026-05-01 12:15:00,0.000450747131932161,-0.00037644466382227994
2026-05-01 12:20:00,-0.0006739842350267367,0.00037846851446607155
2026-05-01 12:25:00,-0.00043532713114657895,0.00023814426444510536
2026-05-01 12:30:00,-0.0004770105098419464,0.00017805697708109524
2026-05-01 12:35:00,-0.00020578699367490572,0.0003157315865229695
2026-05-01 12:40:00,-0.0005756227225681698,-8.355743744453542e-05
2026-05-01 12:45:00,-0.00035243371163318216,0.0001635079231520991
2026-05-01 12:50:00,-8.757832786088215e-06,-1.177292780707054e-05
2026-05-01 12:55:00,-0.000427006526548368,-1.3746359260105553e-05
2026-05-01 13:00:00,0.0009650662125686438,-0.00016704065853158256
2026-05-01 13:05:00,0.0013215648899400634,4.553866497264989e-05
2026-05-01 13:10:00,0.0011951590918375388,-0.0002669317532779724
2026-05-01 13:15:00,0.0007368496187254436,-0.00019210380493734893
2026-05-01 13:20:00,0.0005945719257418602,0.00015024717778728468
2026-05-01 13:25:00,0.0009970613756316027,0.00035901157430846803
2026-05-01 13:30:00,-0.00019235939789652434,0.0003362855441284734
2026-05-01 13:35:00,0.0005374335710737199,0.00021120676636297885
2026-05-01 13:40:00,0.0005483971537767474,0.00039984051580909156
2026-05-01 13:45:00,0.0008478521224564162,0.00019672550974960106
2026-05-01 13:50:00,-0.0005374335710737199,0.00033337190964410185
2026-05-01 13:55:00,0.00142311804683537,0.00032743343796773155
2026-05-01 14:00:00,0.0021077720413469336,0.00028369750709778994
2026-05-01 14:05:00,0.0046916917692332305,0.0005830820820993613
2026-05-01 14:10:00,0.004016135220338057,0.0009179215962291362
2026-05-01 14:15:00,0.002070711934486269,0.0014238830739389747
2026-05-01 14:20:00,8.482326859571288e-05,0.001801821672268214
2026-05-01 14:25:00,-0.002425166355418895,0.0015818799168355133
2026-05-01 14:30:00,-0.0010076028068652931,0.001415450688911685
2026-05-01 14:35:00,-0.00102270856935327,0.0011195125816935419
2026-05-01 14:40:00,-0.00023303855151013408,0.0005818685815513831
2026-05-01 14:45:00,1.524129694807641e-05,0.00044305929088531154
2026-05-01 14:50:00,0.0006659673530400312,0.0005322620396857459
2026-05-01 14:55:00,0.0001132591632231339,0.000513079072344657
2026-05-01 15:00:00,-0.00026348940696330203,0.0003361663619313389
2026-05-01 15:05:00,-0.0007966012104727582,0.0004423210715100147
2026-05-01 15:10:00,-0.0005271998187588167,1.4818441227498488e-05
2026-05-01 15:15:00,0.0015603258304999201,0.00015516940609737378
2026-05-01 15:20:00,0.0023379410461998873,0.00012966642032084672
2026-05-01 15:25:00,0.004107844703048258,0.00031665064119893837
2026-05-01 15:30:00,0.0005499946334808214,-4.193352045216665e-05
2026-05-01 15:35:00,0.002878480103371217,0.00017075577671774587
2026-05-01 15:40:00,0.003961353338114648,0.0009376388910006874
2026-05-01 15:45:00,0.007239056953682876,0.00045225516273507285
2026-05-01 15:50:00,0.003930136063088341,0.0005833489267148031
2026-05-01 15:55:00,0.00644875086282326,0.0011333634024862352
2026-05-01 16:00:00,0.004312397756416786,0.0019869274676450753
2026-05-01 16:05:00,0.0031386175576439967,0.00018023939510770898
2026-05-01 16:10:00,-0.0026128400936897833,0.002114321554742636
2026-05-01 16:15:00,-0.002499485056784323,-8.878544385681664e-05
2026-05-01 16:20:00,-0.002325552397550723,-0.000169537937464401
2026-05-01 16:25:00,-0.0023800706284671236,0.0005385182271483397
2026-05-01 16:30:00,-0.002706565879227796,-1.9589890650005938e-05
2026-05-01 16:35:00,-0.001685094864361858,0.0002756580494758832
2026-05-01 16:40:00,-6.90721026685992e-05,-0.0009242142352697074
2026-05-01 16:45:00,-0.0009290367853775905,-0.00027466967212482293
2026-05-01 16:50:00,-0.0009311480474316625,-0.000637434865206545
2026-05-01 16:55:00,0.000843647931695557,6.201991613987692e-05
2026-05-01 17:00:00,0.002778058377423065,-0.0008875475456292358
2026-05-01 17:05:00,0.0020491080381752624,-3.875965067515172e-05
2026-05-01 17:10:00,0.00029327600285178335,0.0018262062111432367
2026-05-01 17:15:00,-0.00021989109012388042,0.0005982670050799729
2026-05-01 17:20:00,0.0011598028342039157,0.0006949464081891708
2026-05-01 17:25:00,0.001264845128156722,-0.00016831534614616698
2026-05-01 17:30:00,0.0013595316342964736,0.0004184037178077633
2026-05-01 17:35:00,0.0009367762877410257,0.000696608789346773
2026-05-01 17:40:00,-7.752538960303923e-05,8.943560824663536e-05
2026-05-01 17:45:00,-9.904763553514329e-05,0.00023931826562212225
2026-05-01 17:50:00,-0.0014281270164424598,0.00049930209722998
2026-05-01 17:55:00,7.752538960303923e-05,-9.49688660263975e-05
2026-05-01 18:00:00,0.0006909756915884913,0.00017421962847656417
2026-05-01 18:05:00,0.0008963180460490605,-0.0004538456916041419
2026-05-01 18:10:00,-0.0011484211550349954,0.00046887018155697386
2026-05-01 18:15:00,-0.0022102170097735296,0.001424128595204506
2026-05-01 18:20:00,-0.0005988927127020816,-0.0004724140721603547
2026-05-01 18:25:00,5.3895397668313194e-05,1.2193958723856095e-05
2026-05-01 18:30:00,0.00042475800752228565,0.00012723847916604132
2026-05-01 18:35:00,0.00016376169262777296,0.0008385177998781407
2026-05-01 18:40:00,-4.311524920197485e-06,-4.7982450863384925e-06
2026-05-01 18:45:00,-5.820489634089654e-05,0.0013037434471712547
2026-05-01 18:50:00,-0.0004956768460928629,0.0011861812013250186
2026-05-01 18:55:00,0.0002823656222439297,2.2775314757586756e-05
2026-05-01 19:00:00,-2.5869930304622812e-05,0.0007030792864794988
2026-05-01 19:05:00,-0.000793594355373628,0.00015400871256131003
2026-05-01 19:10:00,-0.0017947013685013502,0.0007221104324173077
2026-05-01 19:15:00,-0.0017499289713658328,3.3916434168289576e-05
2026-05-01 19:20:00,-0.0009583279207543427,3.721359218713032e-05
2026-05-01 19:25:00,-0.0007969995227341542,0.0003082530416395374
2026-05-01 19:30:00,-0.0006221673225859092,-7.419241321498696e-05
2026-05-01 19:35:00,-0.00014037285212076256,7.105332140470435e-05
2026-05-01 19:40:00,0.0004774120469797083,-6.662522787214523e-05
2026-05-01 19:45:00,-0.0007133762670417099,0.00011174235161813318
2026-05-01 19:50:00,-0.001307493419179906,-0.00019836355825393823
2026-05-01 19:55:00,-0.0031430071309657137,0.0001266211262155425
2026-05-01 20:00:00,-0.0011706068693158045,1.6563032681551662e-05
2026-05-01 20:05:00,-0.0003763561844696284,0.00040225152367762146
2026-05-01 20:10:00,0.0014461882045289087,0.00018081257723954962
2026-05-01 20:15:00,-0.00027066793432339864,-5.713691793867827e-05
2026-05-01 20:20:00,-0.0010064750740585993,-0.00041022682944926266
2026-05-01 20:25:00,-4.326784745600776e-06,-0.0004842197630695416
2026-05-01 20:30:00,0.001577504127535434,-0.0005542047413775266
2026-05-01 20:35:00,0.001454193179188934,0.001156623159441779
2026-05-01 20:40:00,0.0005125937028616079,0.00042742635208233086
2026-05-01 20:45:00,-0.0008522789241585116,0.0008496243771469303
2026-05-01 20:50:00,-0.00033739213504269117,2.9693392922571197e-05
2026-05-01 20:55:00,0.00036752148252361394,0.0001237109679555541
2026-05-01 21:00:00,0.0013754000234893482,0.00028465650984765763
2026-05-01 21:05:00,0.0008238150017518819,0.00019284559740950977
2026-05-01 21:10:00,-0.0003977939782338069,-0.00020224545659503632
2026-05-01 21:15:00,-0.0018516080314832095,0.0004892319269142329
2026-05-01 21:20:00,-0.0020402364057847677,-0.0006296319360594735
2026-05-01 21:25:00,-0.002804176268005776,-0.0003736527150584546
2026-05-01 21:30:00,-0.000771071849682059,0.0006906556794498641
2026-05-01 21:35:00,-0.0015128497556826659,-0.0009953976685682783
2026-05-01 21:40:00,-0.00021035944434366627,0.00022430052250279012
2026-05-01 21:45:00,-0.0012857192637554249,-0.0006422654699410802
2026-05-01 21:50:00,4.337999575554363e-05,-0.00043271038438722154
2026-05-01 21:55:00,0.00017349552316758832,-0.0006625503307753349
2026-05-01 22:00:00,0.00028634026964091674,-0.0002003413200567897
2026-05-01 22:05:00,0.00023855634488612054,0.0003337243975600662
2026-05-01 22:10:00,0.00048562739025648227,-0.0006493528362485833
2026-05-01 22:15:00,0.0009062036543099339,-0.0007028948451130713
2026-05-01 22:20:00,0.00010624768948375163,-0.00018891840772723684
2026-05-01 22:25:00,6.502147878428843e-05,-1.4918344059338557e-05
2026-05-01 22:30:00,-0.00029258365663054064,8.708401282821134e-06
2026-05-01 22:35:00,0.000808413613672343,-1.8033636448421016e-05
2026-05-01 22:40:00,4.3345303867070584e-05,-2.3011575285921704e-05
2026-05-01 22:45:00,0.0026323381300432658,0.00016886728472382363
2026-05-01 22:50:00,0.0013076821684823159,1.709194346685451e-05
2026-05-01 22:55:00,0.0017647248091225975,-1.9380410275290752e-05
2026-05-04 00:00:00,-0.0008478260907232027,0.0014077256827724842
2026-05-04 00:05:00,-0.0010195854353050038,0.0001746310000451024
2026-05-04 00:10:00,-0.0003462034499133182,0.00014991096371243684
2026-05-04 00:15:00,0.00034397529774388147,-0.0001483381418733107
2026-05-04 00:20:00,0.0018479094027359366,9.61906659026383e-06
2026-05-04 00:25:00,0.001595865792964446,0.00012817507347117707
2026-05-04 00:30:00,0.0006940803444166477,0.0014805308723160684
2026-05-04 00:35:00,-0.0012330031024401222,0.0005933607736657265
2026-05-04 00:40:00,-0.001978993046764188,0.0005727691005300618
2026-05-04 00:45:00,-0.001505532466204329,0.00016474335196248484
2026-05-04 00:50:00,-0.0009918315479175988,-9.316329199613693e-05
2026-05-04 00:55:00,-0.0007580286421315918,-0.00013451346169747415
2026-05-04 01:00:00,-0.0006929602020093739,-0.0006757126008945235
2026-05-04 01:05:00,0.00010182714742157373,-0.0007524863621039685
2026-05-04 01:10:00,0.0003227738650508627,-0.0008028745380426948
2026-05-04 01:15:00,0.0003118915162634295,-0.0006574623494515792
2026-05-04 01:20:00,-0.00020583153303377344,-0.0005284346290210065
2026-05-04 01:25:00,-0.0007410184358640493,-0.00039691338193921906
2026-05-04 01:30:00,-0.0006932244093302842,-0.00043405797202725335
2026-05-04 01:35:00,0.0002686558772708736,-0.0003696796477458849
2026-05-04 01:40:00,-8.020158781896214e-05,-0.00023609395555117266
2026-05-04 01:45:00,-0.0012859032747432053,4.3921142560814894e-05
2026-05-04 01:50:00,-0.00012565263562080986,-0.00035856552758215215
2026-05-04 01:55:00,-5.419390363137211e-05,-0.00014476039779465075
2026-05-04 02:00:00,-0.0001453915755735835,-0.0001649553013915376
2026-05-04 02:05:00,-0.002414294308673348,-0.00023631671832823297
2026-05-04 02:10:00,-0.0013753399842890701,-0.0002725059365763885
2026-05-04 02:15:00,0.00016492017683766846,-0.0005620108616457605
2026-05-04 02:20:00,0.00047985218868085155,-0.0003566746219297305
2026-05-04 02:25:00,-9.551969232468593e-05,-0.0005449218863936213
2026-05-04 02:30:00,0.0001930956382665272,-0.0007852985188355123
2026-05-04 02:35:00,0.0006640308215413171,-0.0002428169784728489
2026-05-04 02:40:00,0.0015835796975434135,-0.00037356094440820273
2026-05-04 02:45:00,-0.0016827034043078726,-0.000416015203188892
2026-05-04 02:50:00,-0.0022782046142015844,-0.0002559922158797287
2026-05-04 02:55:00,-0.0027500899118795274,-0.0007442771238461697
2026-05-04 03:00:00,-0.0004694907198814491,-0.00031579286396497927
2026-05-04 03:05:00,-0.00018048009929749753,-6.917291479361149e-05
2026-05-04 03:10:00,-0.001357209403424875,-0.0009234714192713339
2026-05-04 03:15:00,-0.0001326275808608557,-0.0006854394607569722
2026-05-04 03:20:00,0.0004609206754508932,-0.0006838983073521096
2026-05-04 03:25:00,0.001548462612390722,-0.00019832264676532854
2026-05-04 03:30:00,0.0005108456998446087,-0.000780292337542876
2026-05-04 03:35:00,0.0012382153904209048,-0.0005208805472169913
2026-05-04 03:40:00,0.0025436635939968255,-0.0003577594067363196
2026-05-04 03:45:00,0.0024701124760611037,0.00037942769763556384
2026-05-04 03:50:00,0.0005230653484282755,0.00045402585404092337
2026-05-04 03:55:00,-0.0011733615765763261,0.0005959600889728978
2026-05-04 04:00:00,-0.001635930067605429,0.0008668047374805965
2026-05-04 04:05:00,-0.002224376071927381,0.0004815841800440817
2026-05-04 04:10:00,-0.003345448021974562,-0.00020629463761254958
2026-05-04 04:15:00,-0.0020432435546098304,-0.000516120798378722
2026-05-04 04:20:00,0.0005478642129510547,-0.0009636666037532884
2026-05-04 04:25:00,0.0024531190603180875,-0.0009734300939569027
2026-05-04 04:30:00,0.0019824412684261716,-0.0009905241414062656
2026-05-04 04:35:00,0.0018348967671784067,-0.000549922325146938
2026-05-04 04:40:00,0.00034313065796531816,-8.09024833893472e-05
2026-05-04 04:45:00,0.00011942956112953595,4.5471951230679645e-05
2026-05-04 04:50:00,-0.0002017824119846523,0.0002167145219733569
2026-05-04 04:55:00,0.0010330243136777995,0.00022270931817190573
2026-05-04 05:00:00,0.0007705205735799581,0.00029048083340969615
2026-05-04 05:05:00,0.0003254353811694699,0.0006520651401855233
2026-05-04 05:10:00,-0.0002234421158640032,0.0005671529345746228
2026-05-04 05:15:00,-0.0001822667478901252,0.0004800076050833798
2026-05-04 05:20:00,-0.0018172842363135544,0.00039235244852431025
2026-05-04 05:25:00,-0.0007010210669360362,5.1297599719566034e-05
2026-05-04 05:30:00,0.00043825203230341003,1.4327900776874095e-05
2026-05-04 05:35:00,0.0025740542739818295,0.00034394670192829964
2026-05-04 05:40:00,0.002034425423635966,-5.225363063091204e-05
2026-05-04 05:45:00,8.676319071199146e-06,0.0011369405032076875
2026-05-04 05:50:00,-0.0006005986652990458,0.0016559188873783454
2026-05-04 05:55:00,-0.0008562099039224336,9.630177886498981e-05
2026-05-04 06:00:00,0.00023423216418372306,3.201232584774832e-05
2026-05-04 06:05:00,-0.000258129732229051,-0.00013098438934641004
2026-05-04 06:10:00,-0.0006963463790992108,-0.000150248545045416
2026-05-04 06:15:00,-5.638421070131017e-05,1.9731692560827136e-05
2026-05-04 06:20:00,0.00018872324443108823,-0.00025408700727072445
2026-05-04 06:25:00,0.0002603731596018122,-0.00014314486257573444
2026-05-04 06:30:00,-0.0007267733860931713,-0.0001814452641256235
2026-05-04 06:35:00,-0.0007116943833533895,-0.00029170631984871894
2026-05-04 06:40:00,-0.0007357290071272615,8.627786351109003e-05
2026-05-04 06:45:00,-0.0007120992029268081,-0.0003465757385497953
2026-05-04 06:50:00,-0.0001628061709304518,2.621703820188195e-05
2026-05-04 06:55:00,-0.0004473447126134289,-6.759466574126685e-05
2026-05-04 07:00:00,0.0014301978128834492,-0.0002089680567627971
2026-05-04 07:05:00,-0.00041256096716324464,-0.0004563916366095747
2026-05-04 07:10:00,-0.0015651088336774421,-0.0002591675021345213
2026-05-04 07:15:00,-0.0033845611311846824,-0.00029937954589514366
2026-05-04 07:20:00,-0.0016824042781014015,1.6555879489796034e-05
2026-05-04 07:25:00,0.0004958828774093149,0.0008386059047961029
2026-05-04 07:30:00,0.00020235273196256287,-0.000469149751125661
2026-05-04 07:35:00,0.0003915094697433119,-0.000143957384179259
2026-05-04 07:40:00,-3.261631794693187e-05,-0.0004321440065636025
2026-05-04 07:45:00,-0.0005244608890890845,-0.00028472905604456244
2026-05-04 07:50:00,-0.00035670242044183453,2.3026675213536673e-05
2026-05-04 07:55:00,-0.0002674939422053768,-0.0001098238600627536
2026-05-04 08:00:00,0.000561445672030203,7.72659412656999e-06
2026-05-04 08:05:00,-0.0009097320182736013,-0.00017282233757284212
2026-05-04 08:10:00,-0.0007071374393206042,-0.0003674922578663686
2026-05-04 08:15:00,-0.0014630293843858055,-0.00015625724067021052
2026-05-04 08:20:00,-0.001322545449641055,5.303540680989762e-05
2026-05-04 08:25:00,-0.0019128629486839799,-0.0005732183719640007
2026-05-04 08:30:00,0.00021784831308302444,-0.00020462227693750803
2026-05-04 08:35:00,0.0003967293856295129,-0.00011639623927611654
2026-05-04 08:40:00,0.0005777303642453546,4.0304168677876665e-05
2026-05-04 08:45:00,-0.0005665043565361572,-0.0005970585794437374
2026-05-04 08:50:00,0.0006579621277342795,0.00011245819040788538
2026-05-04 08:55:00,0.0007777735807454889,-0.0001554536174629483
2026-05-04 09:00:00,3.4871075101250426e-05,1.938913503391261e-05
2026-05-04 09:05:00,-0.0007429623184904699,-9.682138645916468e-05
2026-05-04 09:10:00,-0.0012224873798700742,0.000135935516525571
2026-05-04 09:15:00,-0.0004926666882578701,-0.00015176643982061267
2026-05-04 09:20:00,-0.0005603102128510784,2.9040914493035832e-05
2026-05-04 09:25:00,0.0004054823005841257,-0.0004651771772059111
2026-05-04 09:30:00,0.0003357372734793529,-0.0005347515738867761
2026-05-04 09:35:00,-0.0006981016283127417,-0.00020554272864673916
2026-05-04 09:40:00,-0.0020399777113428996,-8.606917172318967e-05
2026-05-04 09:45:00,-0.002798346393550588,-0.0003200378341601001
2026-05-04 09:50:00,-0.000790315403163433,9.322605622371754e-05
2026-05-04 09:55:00,0.00033628272522356895,-0.0004545587790288145
2026-05-04 10:00:00,0.000271009226899821,-6.637579102854196e-05
2026-05-04 10:05:00,-0.00022498293610162534,-0.00020028909987357144
2026-05-04 10:10:00,-0.001133768393630774,0.0001017363671127146
2026-05-04 10:15:00,0.0003539498214770731,-0.0002709014729014406
2026-05-04 10:20:00,0.0003298120647183822,-0.0001577778812084655
2026-05-04 10:25:00,0.0007144894162944837,-0.0001595703613989212
2026-05-04 10:30:00,-0.0001398170583453151,-0.00029897544254615585
2026-05-04 10:35:00,-0.0003057823465102416,-0.0004208863923452317
2026-05-04 10:40:00,-0.00042601022413357725,-0.0005694846358951496
2026-05-04 10:45:00,0.0008233284114815831,-0.0002950241665915499
2026-05-04 10:50:00,0.0005503409195064535,-0.0002169895722814317
2026-05-04 10:55:00,0.0017007716518762095,0.00038053170892958873
2026-05-04 11:00:00,0.0004168653748912732,0.0011196007240663942
2026-05-04 11:05:00,0.00013535492483462974,0.00015504171436523173
2026-05-04 11:10:00,-0.0005826088164919696,-0.00010638116517228424
2026-05-04 11:15:00,-3.9278326225300475e-05,-0.0001787956049562997
2026-05-04 11:20:00,0.0006721368968118924,3.373348195078956e-05
2026-05-04 11:25:00,-1.3096233304921157e-05,-6.742536793872666e-05
2026-05-04 11:30:00,-0.00013312135777177048,0.00011204098145776924
2026-05-04 11:35:00,-0.0010149260466345567,-8.321671045165086e-05
2026-05-04 11:40:00,-0.0012252561520700311,9.158049550796695e-05
2026-05-04 11:45:00,-0.004942376467415244,-0.00018350295473630777
2026-05-04 11:50:00,-0.006775037254197258,-0.0003751573665186198
2026-05-04 11:55:00,-0.007383231609196628,-0.0012199189968149931
2026-05-04 12:00:00,-0.004594485037248575,0.00032171549694377
2026-05-04 12:05:00,-0.002602115741126454,-0.0013865525205150487
2026-05-04 12:10:00,0.0006360574338781788,-0.0013179217434720822
2026-05-04 12:15:00,0.004302736794167927,-0.0013783225704396668
2026-05-04 12:20:00,0.0054518210633585085,-0.0004496105815727145
2026-05-04 12:25:00,0.0029592742709354525,0.0008132740090831879
2026-05-04 12:30:00,0.0018214841469728071,0.0015925942411498559
2026-05-04 12:35:00,0.00010522646718413853,-0.000878629887335379
2026-05-04 12:40:00,0.0011006262840851377,-0.0007821779740822667
2026-05-04 12:45:00,-0.000889504346234915,-0.0006694865780277725
2026-05-04 12:50:00,0.0011436234387840472,-8.564819310693339e-05
2026-05-04 12:55:00,0.0005082469751496177,0.00032708840531578626
2026-05-04 13:00:00,0.0013821157328930411,0.0009308241131315612
2026-05-04 13:05:00,-0.0006308029147241712,0.0008715076302627831
2026-05-04 13:10:00,-0.0009137153240388329,0.0011525448283069004
2026-05-04 13:15:00,-0.0025313167918881163,0.0009048663896496762
2026-05-04 13:20:00,-0.0022965900153995022,0.000676544583357237
2026-05-04 13:25:00,-0.0017091564681575022,-0.00034270197629054
2026-05-04 13:30:00,-0.00028970176284204285,-8.287527530535708e-05
2026-05-04 13:35:00,0.001169792281304538,0.0006817734179912508
2026-05-04 13:40:00,0.001421941584506925,-0.00038545076212405133
2026-05-04 13:45:00,0.0016164287032758295,-0.00024454901024915715
2026-05-04 13:50:00,0.00039693548784569543,-0.00030125038767767553
2026-05-04 13:55:00,0.0006926832325397925,0.00013242631039462647
2026-05-04 14:00:00,0.0022043919433105685,0.0009449719145759206
2026-05-04 14:05:00,0.002527040001474745,-0.000300570684730546
2026-05-04 14:10:00,0.001029369985108275,6.582360916417566e-05
2026-05-04 14:15:00,-0.001512122982328279,0.0011324449357924223
2026-05-04 14:20:00,-0.0008226671506523786,-8.062349847127723e-05
2026-05-04 14:25:00,0.00037644093057842554,0.0007868490529507935
2026-05-04 14:30:00,0.0008690389567718171,0.0007310854597494305
2026-05-04 14:35:00,0.0007592408394287986,0.0005163273994576901
2026-05-04 14:40:00,-0.0005099801918664326,-0.00010316871261342987
2026-05-04 14:45:00,-0.0010245386641543064,0.0002541228808006225
2026-05-04 14:50:00,0.00034988814870295926,0.00013564822320178826
2026-05-04 14:55:00,-0.00032626106210287276,0.00022366492966612844
2026-05-04 15:00:00,-8.761611879393172e-05,0.0005271999747423554
2026-05-04 15:05:00,-0.002500012247859118,0.0003881273921662355
2026-05-04 15:10:00,-0.00114604151659492,0.0002771491193801665
2026-05-04 15:15:00,0.0009458480823738569,-0.00015530234611106292
2026-05-04 15:20:00,0.0009223607390875799,0.0005251417079633801
2026-05-04 15:25:00,0.0009072998809998012,0.00011904082376700983
2026-05-04 15:30:00,-0.0017150089351662956,0.0002970439632106206
2026-05-04 15:35:00,-0.0005081790651981777,-0.0004382717930530935
2026-05-04 15:40:00,-0.0002344165066237025,-0.0005439986087991344
2026-05-04 15:45:00,-0.0004604647266699402,-0.0005397242449948342
2026-05-04 15:50:00,-0.002070430441499127,-0.00047678027277477846
2026-05-04 15:55:00,-0.0007255057213448879,-0.0006934579638806489
2026-05-04 16:00:00,0.002886459961001009,0.00012865115038715648
2026-05-04 16:05:00,0.004864409782523893,0.0005704206185129707
2026-05-04 16:10:00,0.0021924429761757125,-0.0009716495800801744
2026-05-04 16:15:00,0.0006012092137677172,-0.0007732014196432414
2026-05-04 16:20:00,0.0006836307830191402,-0.00029142095183080723
2026-05-04 16:25:00,0.0008682008341658332,0.0002873456517048163
2026-05-04 16:30:00,-0.0009730466857078568,-0.0002683979344503863
2026-05-04 16:35:00,-0.0019954131802979447,-0.0004699658168443261
2026-05-04 16:40:00,-0.002961979181201002,-0.0001155577979142562
2026-05-04 16:45:00,-0.0023216400323224917,7.472054116720632e-05
2026-05-04 16:50:00,-0.002874440291554592,-0.000799618386517397
2026-05-04 16:55:00,-0.0029861714250358773,0.0008615066037168906
2026-05-04 17:00:00,-0.0044017937536402485,-0.00011531140530501162
2026-05-04 17:05:00,-0.008084706088391513,3.850862640323717e-05
2026-05-04 17:10:00,-0.0020185151071654417,-0.0006183046758355157
2026-05-04 17:15:00,-0.0013443942994957325,-0.0007703757800484219
2026-05-04 17:20:00,0.002875685011655804,-0.0010891057369816761
2026-05-04 17:25:00,-0.0007494500710087948,-0.0001011939032137454
2026-05-04 17:30:00,-0.0025947168486002425,-0.0005677664818822477
2026-05-04 17:35:00,-0.0013197563677067592,-0.0011327549419953616
2026-05-04 17:40:00,-0.003047665154944923,-6.71422255755614e-05
2026-05-04 17:45:00,1.5477839603761367e-05,-0.00021970276852366268
2026-05-04 17:50:00,-0.0040340525626110235,-0.00013495225637681917
2026-05-04 17:55:00,-0.0027220302897141835,-0.000542634891182596
2026-05-04 18:00:00,0.0001017055580749826,-0.0011498868415369405
2026-05-04 18:05:00,0.0026395756576604867,-0.0011066328947178376
2026-05-04 18:10:00,0.0013098914175628806,5.340440791926624e-06
2026-05-04 18:15:00,-0.0011171171137203117,-0.0006620099073075549
2026-05-04 18:20:00,-0.001795127961571552,-0.0006297068087275132
2026-05-04 18:25:00,-0.0004851911559988764,0.0007058203347675945
2026-05-04 18:30:00,-0.0018409867214259634,-0.001045730925602833
2026-05-04 18:35:00,-0.0009619733162544719,1.9017703283872864e-05
2026-05-04 18:40:00,-4.875367869594527e-05,-0.0008956246611608674
2026-05-04 18:45:00,0.002608724091194503,-0.0011933960581208855
2026-05-04 18:50:00,0.0033407640434468533,-0.0008519271093087206
2026-05-04 18:55:00,0.0022225232120316463,-8.195341304466005e-05
2026-05-04 19:00:00,0.0018604779855433407,-0.0007308326879189394
2026-05-04 19:05:00,0.0003601975158797899,-0.0011079566899271146
2026-05-04 19:10:00,0.00036699357509917263,-0.0008141214177525133
2026-05-04 19:15:00,-0.0009275967298147947,0.0003934031503038467
2026-05-04 19:20:00,-0.00020770543025605548,-0.0009315803598491355
2026-05-04 19:25:00,0.0005590746466062058,-0.00027455822016082625
2026-05-04 19:30:00,-0.0007449086284125883,-0.0001627019802944903
2026-05-04 19:35:00,-0.0005106083976702536,0.0007078323887095217
2026-05-04 19:40:00,-0.000873000580350336,-0.0008448251761901568
2026-05-04 19:45:00,0.00024099555601431177,-0.0010648241687976378
2026-05-04 19:50:00,-0.0007630827585138888,-0.0006434779133195265
2026-05-04 19:55:00,-0.0005396522912466395,0.0002074483699980639
2026-05-04 20:00:00,-0.0012121991171820667,-0.0010866309479808946
2026-05-04 20:05:00,-0.0012066373150343424,-0.00023326920435522925
2026-05-04 20:10:00,-0.001667240881769061,-0.0005594918354916161
2026-05-04 20:15:00,-0.0007904902447322115,0.00035656194395745764
2026-05-04 20:20:00,0.00021708070835835258,-0.0010904267617647344
2026-05-04 20:25:00,-0.00011302126917200894,-0.00046328266101645904
2026-05-04 20:30:00,0.00023034738259042342,-0.0008860673742747811
2026-05-04 20:35:00,-0.00041426627279683714,-0.0008808281724588689
2026-05-04 20:40:00,0.0009635950146904548,-0.000892893551089257
2026-05-04 20:45:00,-0.0007665534935625828,-0.0005940603822406432
2026-05-04 20:50:00,0.0010807196695310495,0.00023751977617957455
2026-05-04 20:55:00,0.0005533703716196214,-0.000695268562380253
2026-05-04 21:00:00,0.0019772194523000053,3.1531131711937e-05
2026-05-04 21:05:00,0.0016078436137281216,-0.0006741937148326941
2026-05-04 21:10:00,0.000840536931359992,-0.0007041055382868576
2026-05-04 21:15:00,0.0005395687561389195,-0.00010604341258186994
2026-05-04 21:20:00,-0.00017901284409660434,-0.0008807279363267184
2026-05-04 21:25:00,-0.000367095022022923,-0.000263264762042416
2026-05-04 21:30:00,-0.0007010537101841408,-0.0006679794791340744
2026-05-04 21:35:00,-0.0009331535515606504,-0.0002668309903723198
2026-05-04 21:40:00,-0.0008541278568845456,-0.0006458841393333656
2026-05-04 21:45:00,-0.0009406703356624746,-0.000677253581556695
2026-05-04 21:50:00,-0.00139914966936594,-0.000645875562217445
2026-05-04 21:55:00,-0.0005801607340778503,-0.00028157492981046775
2026-05-04 22:00:00,-0.0006534565312907858,-0.0006236231646333626
2026-05-04 22:05:00,-0.00019497366809417827,-0.00029154593643068575
2026-05-04 22:10:00,0.00013510565393382024,0.00015210819303528077
2026-05-04 22:15:00,0.0009390711859289524,-0.0005691536982694865
2026-05-04 22:20:00,0.0009213589809871081,0.00038267838798674745
2026-05-04 22:25:00,0.0008456566518315611,-0.00045231796387207215
2026-05-04 22:30:00,0.000854142977036787,0.00014440749574395385
2026-05-04 22:35:00,0.0009448397960429844,-0.00017563265593864512
2026-05-04 22:40:00,0.0006193991583955949,-0.00036447156526505417
2026-05-04 22:45:00,0.0003273018415619333,0.00020248759555544345
2026-05-04 22:50:00,-0.00012607453676061198,-0.0004355311794802376
2026-05-04 22:55:00,0.00016363427334198377,8.841330568560706e-05
2026-05-04 23:00:00,-0.00029191269364048367,0.0002265846871876868
2026-05-05 00:00:00,-5.5300864366003566e-05,0.0004776600242680799
2026-05-05 00:05:00,-0.0005883237808248509,0.0001241607103798335
2026-05-05 00:10:00,-0.00029642279841191055,-0.00020852604613686066
2026-05-05 00:15:00,0.00016146995200827519,-3.2358378473683624e-05
2026-05-05 00:20:00,-3.0973999542993624e-05,-0.00012030982960249171
2026-05-05 00:25:00,-0.00013718058517930842,-0.0002570726805808001
2026-05-05 00:30:00,-0.0006571022030321672,0.00010576877303542733
2026-05-05 00:35:00,-0.0006905267532566484,-0.0004912301632988319
2026-05-05 00:40:00,-0.0003806640420247476,-0.00029256590412256257
2026-05-05 00:45:00,-4.6478120433235404e-05,-0.0005253551878710451
2026-05-05 00:50:00,0.0006440639550149285,-0.0004302305473801486
2026-05-05 00:55:00,0.0006373091607603243,-0.00020211856449245229
2026-05-05 01:00:00,0.0003983138101588679,8.054749961579993e-05
2026-05-05 01:05:00,0.0004291456307399244,1.769070748008785e-05
2026-05-05 01:10:00,0.00011723835123156334,0.00017185409422555253
2026-05-05 01:15:00,0.00028314888290026374,0.00014353121205174036
2026-05-05 01:20:00,-0.0002123377062250853,0.0003487472842169778
2026-05-05 01:25:00,-0.0005088698332293973,0.00010646209702273903
2026-05-05 01:30:00,-0.00030306080582853667,0.0002410974013307758
2026-05-05 01:35:00,-0.00030973999787420325,3.101784220145926e-05
2026-05-05 01:40:00,0.0001748149234437335,0.00025008645322925437
2026-05-05 01:45:00,0.0006635171961679731,-8.724456352222455e-05
2026-05-05 01:50:00,0.0015875089839969547,4.2154092324636126e-05
2026-05-05 01:55:00,0.0017000847504622385,-1.5979845478414328e-05
2026-05-05 02:00:00,0.00015033604556080604,5.1418034749642055e-05
2026-05-05 02:05:00,-0.0014790890713562987,0.00021698276675623254
2026-05-05 02:10:00,-0.0022268350453842345,0.00020460803579138505
2026-05-05 02:15:00,-0.0012011083492069474,0.0004594971437757427
2026-05-05 02:20:00,0.00029201149670932125,0.00035627600613746054
2026-05-05 02:25:00,0.0016501471401788592,0.00019294986986080617
2026-05-05 02:30:00,0.001925941426256017,0.0003264847820658448
2026-05-05 02:35:00,0.0017259920725631872,-0.00016950361826467884
2026-05-05 02:40:00,0.001113305438975587,-0.00019101546739557388
2026-05-05 02:45:00,0.0017259916042995371,0.0001320852824488649
2026-05-05 02:50:00,0.0013063243836590743,0.000623011718284657
2026-05-05 02:55:00,0.002046659235624304,0.0010524108264961974
2026-05-05 03:00:00,0.0005158946366581318,0.0013209338918912072
2026-05-05 03:05:00,0.0006899858639268786,0.0009108576332504676
2026-05-05 03:10:00,-0.00015864272370080812,0.0008516312644802092
2026-05-05 03:15:00,-0.00045855986553000605,0.000731877004014448
2026-05-05 03:20:00,-6.390839505066026e-05,0.0010858657355501734
2026-05-05 03:25:00,-0.0002776853402188806,0.0003842756370758853
2026-05-05 03:30:00,0.0009499554940646249,0.0005046599845901661
2026-05-05 03:35:00,0.00010357362055302133,0.00037358922234906306
2026-05-05 03:40:00,0.0010596383461436432,0.0002849338928338575
2026-05-05 03:45:00,9.913127963478985e-05,0.000626136366410819
2026-05-05 03:50:00,0.0001718644654609136,0.0006043654161294421
2026-05-05 03:55:00,-0.0006783917091119918,0.00030908224353669555
2026-05-05 04:00:00,-0.0008109621363754371,5.9147919014619926e-05
2026-05-05 04:05:00,-0.00010575925237965578,-0.00015035309336936204
2026-05-05 04:10:00,0.0007070150056147639,0.0005703409829258337
2026-05-05 04:15:00,0.001240417494484447,-7.9441697045406e-05
2026-05-05 04:20:00,0.000903000224338868,0.0002638801946343571
2026-05-05 04:25:00,0.00060970176027908,0.00017600616924625057
2026-05-05 04:30:00,0.0005305080784765437,4.0178850033353405e-05
2026-05-05 04:35:00,-0.00016952566978467587,-3.5424396916957037e-05
2026-05-05 04:40:00,-0.0011845264380667686,0.000151501832918914
2026-05-05 04:45:00,-0.0006273947145825076,0.00046902055028238634
2026-05-05 04:50:00,-0.00018937433858035035,-0.00015590020490060247
2026-05-05 04:55:00,0.0007157274243034806,2.413425572196114e-05
2026-05-05 05:00:00,-0.0001189191571349113,-0.00011462107228332855
2026-05-05 05:05:00,-0.0005374899350041318,-0.00036623247658452545
2026-05-05 05:10:00,-0.0010131802389139466,-0.00027320129694080554
2026-05-05 05:15:00,-0.0004934453378115933,-0.00016037219633278945
2026-05-05 05:20:00,4.186409812589886e-05,6.867992483816567e-05
2026-05-05 05:25:00,-0.0003614691556297345,-0.00023626833477047147
2026-05-05 05:30:00,-0.0003966950943379288,-0.0001308418284697588
2026-05-05 05:35:00,-0.0006964939746101351,-0.0003403107242195353
2026-05-05 05:40:00,-0.0003219056844141477,-1.233243104180014e-05
2026-05-05 05:45:00,-0.00031526442237606034,-0.0004944196640077611
2026-05-05 05:50:00,-0.0003616628591807114,-0.00023245056228310545
2026-05-05 05:55:00,-0.0003639222922711127,-0.00023615611107726951
2026-05-05 06:00:00,-0.0009287335588492596,-0.000625990789975912
2026-05-05 06:05:00,-0.0006552957283947336,-0.00037695534960249187
2026-05-05 06:10:00,-0.0007547336722311115,-0.0005643487498359915
2026-05-05 06:15:00,0.0004920494399325293,-0.0003487780163841889
2026-05-05 06:20:00,0.00024495876098384883,-0.0004866277867991352
2026-05-05 06:25:00,0.00044805389756419345,-0.0003691929847633005
2026-05-05 06:30:00,0.00031099156934288885,-0.0002836243596227955
2026-05-05 06:35:00,0.0006419044709229382,-0.00015481413727908559
2026-05-05 06:40:00,0.0004015328902760018,-1.3648167396284179e-05
2026-05-05 06:45:00,0.00047402090768500216,-3.73177125768228e-05
2026-05-05 06:50:00,0.001971663764113174,1.9258759604132003e-05
2026-05-05 06:55:00,0.00144154177330158,0.0005546731598466813
2026-05-05 07:00:00,1.5429462559168883e-05,0.00014468759119744327
2026-05-05 07:05:00,-0.0009445917325070496,9.86430228055163e-05
2026-05-05 07:10:00,5.0658617096743797e-05,-6.2399882627655e-06
2026-05-05 07:15:00,0.002298532725770741,0.000194005262574716
2026-05-05 07:20:00,0.0020246040233686813,0.0002553790917076408
2026-05-05 07:25:00,0.0012436347870377062,0.0009380673315266576
2026-05-05 07:30:00,0.00013193917622977835,2.215100904412536e-05
2026-05-05 07:35:00,-0.0006729460555643385,0.00030127647609030813
2026-05-05 07:40:00,4.39950109587528e-06,0.0004546135332204879
2026-05-05 07:45:00,-0.0008997306914633185,0.00034553698614042444
2026-05-05 07:50:00,-0.0004026646331141137,0.0012106964748143747
2026-05-05 07:55:00,-0.00047965958291484867,-0.00019511000493067451
2026-05-05 08:00:00,-0.0010877967465461325,0.0002233686828280455
2026-05-05 08:05:00,-0.0018724287119038507,-0.0005056665735727159
2026-05-05 08:10:00,-0.0015130945002699292,-0.00030194279405713014
2026-05-05 08:15:00,0.0009689453788457314,0.00024643009173860956
2026-05-05 08:20:00,0.002798534963538657,0.0005850122926490915
2026-05-05 08:25:00,0.002104934821868909,0.0003865911028349206
2026-05-05 08:30:00,0.0012076645260670205,-2.8609013626888345e-05
2026-05-05 08:35:00,0.0004945984456128372,-0.0003297616910581916
2026-05-05 08:40:00,0.0003298704298888566,-0.0002729568628175394
2026-05-05 08:45:00,0.0009316982411373687,0.0008561676517249425
2026-05-05 08:50:00,0.0005031402428290477,0.000565290641988352
2026-05-05 08:55:00,0.0012700841984365496,0.000786148185243746
2026-05-05 09:00:00,0.00047430518474733674,0.0010606670218722687
2026-05-05 09:05:00,-0.00030976382404013236,-0.0002877467975573089
2026-05-05 09:10:00,-0.0010436361667434113,0.00018669826722691996
2026-05-05 09:15:00,-0.0005116443107748836,0.0003512284798952909
2026-05-05 09:20:00,0.0005557489958878392,-0.0001228359593088133
2026-05-05 09:25:00,0.000516461393903711,0.0009882312524011644
2026-05-05 09:30:00,-0.0015541043454412318,0.00014952822603701954
2026-05-05 09:35:00,-0.0018353650219005146,4.549641697662064e-05
2026-05-05 09:40:00,-0.0012399557491100666,-0.0001778912759672422
2026-05-05 09:45:00,0.0010136291095577121,-0.0004554329104312186
2026-05-05 09:50:00,0.000571852134626738,-0.00023436196152734683
2026-05-05 09:55:00,0.0012113925128502956,-9.095520490660554e-05
2026-05-05 10:00:00,0.0001450342261346549,-0.0005340337203154711
2026-05-05 10:05:00,0.0008813313288129621,9.467070716071498e-05
2026-05-05 10:10:00,1.538030551984093e-05,-0.00014326132579308768
2026-05-05 10:15:00,0.00011205749659914943,-2.731864856964121e-05
2026-05-05 10:20:00,-0.00038232767705181914,-0.0002677704541093427
2026-05-05 10:25:00,-0.00028347505444692445,-4.3761325200156093e-05
2026-05-05 10:30:00,0.00011643860458221411,0.0008548823516743373
2026-05-05 10:35:00,0.001497713083653096,0.000770397573326608
2026-05-05 10:40:00,0.0019563183114819083,2.0443746274293298e-05
2026-05-05 10:45:00,0.0007115187271473644,6.289277911443296e-05
2026-05-05 10:50:00,0.0005791582185175059,0.0006656691808957342
2026-05-05 10:55:00,-0.00026764246636545863,0.0002332579379846469
2026-05-05 11:00:00,-0.00019320192735072794,0.0006672111437650021
2026-05-05 11:05:00,-0.0010400919027109268,0.00030486069069656977
2026-05-05 11:10:00,-0.0011459683807739651,0.00045473035266951895
2026-05-05 11:15:00,-0.00016249415386226929,0.0006105403643352805
2026-05-05 11:20:00,-0.00011416878550107867,0.00018063532296073908
2026-05-05 11:25:00,0.0006960799126041195,0.00023019951522782272
2026-05-05 11:30:00,8.564210170902697e-05,-5.092421866983022e-05
2026-05-05 11:35:00,-4.1718769390186594e-05,-0.00023438919786387271
2026-05-05 11:40:00,0.00023484508563065276,1.216935306146144e-05
2026-05-05 11:45:00,0.00038200619578177,0.0003572411746737001
2026-05-05 11:50:00,-0.00043046365552967814,0.0002868019258934908
2026-05-05 11:55:00,-0.0008254937513907379,-3.262038503906064e-05
2026-05-05 12:00:00,-0.0007202254089779814,0.00042774406697062265
2026-05-05 12:05:00,4.393335311192459e-05,0.00014310833494706463
2026-05-05 12:10:00,-0.0010658065043003262,-8.484294808585772e-05
2026-05-05 12:15:00,7.028873296555105e-05,8.848086388180047e-05
2026-05-05 12:20:00,-0.00038008738073180837,0.00043150667828443986
2026-05-05 12:25:00,-0.0006224287899403436,0.0004427986726889859
2026-05-05 12:30:00,-0.0018577211221018075,-0.0001395829040259635
2026-05-05 12:35:00,-0.002100774099162095,-4.220399335443845e-05
2026-05-05 12:40:00,-0.0003300664123582209,-0.00025956846044691774
2026-05-05 12:45:00,-0.0002464897235068264,5.604203434081434e-06
2026-05-05 12:50:00,0.0019689181384219268,0.0003120983716699162
2026-05-05 12:55:00,0.001963390985926239,-0.00015877980092370898
2026-05-05 13:00:00,0.0015351695330139137,-0.00047313603904274623
2026-05-05 13:05:00,0.0009489750903277638,-0.00019299129861091876
2026-05-05 13:10:00,0.0007926183716175927,5.350370779498455e-05
2026-05-05 13:15:00,0.0015064840946052982,0.0003499373143680705
2026-05-05 13:20:00,0.0005597365213976246,0.00028393677912214396
2026-05-05 13:25:00,0.0015680154443931116,0.0005849107259122921
2026-05-05 13:30:00,0.0011513904035442835,0.0006396234107828703
2026-05-05 13:35:00,0.0009563144897608566,0.0007951470550478255
2026-05-05 13:40:00,-7.889027681429184e-05,0.0008808344158686317
2026-05-05 13:45:00,-0.0011053093249753232,0.0008155548378096844
2026-05-05 13:50:00,-0.0006864359005742671,0.00044930319037957486
2026-05-05 13:55:00,0.0005039141086449206,0.0005120501649975578
2026-05-05 14:00:00,0.0011272277096789907,0.00014259996186040698
2026-05-05 14:05:00,0.002957305270101074,-0.00020957391374873936
2026-05-05 14:10:00,0.0018119911469565153,0.0009563730606744231
2026-05-05 14:15:00,0.0015768625024144,0.00069131445788665
2026-05-05 14:20:00,-0.0003369102734804841,0.000963346484133688
2026-05-05 14:25:00,-0.0013849584374270307,0.0007452338141132037
2026-05-05 14:30:00,-0.0013533224154862467,0.0007243394151648847
2026-05-05 14:35:00,-0.0015153110600429898,0.0004967819310076764
2026-05-05 14:40:00,-0.0005299858210499053,0.00043547698299101136
2026-05-05 14:45:00,0.0023682067423624886,-2.463159570341052e-05
2026-05-05 14:50:00,0.002853530990185149,0.00019501507299572097
2026-05-05 14:55:00,0.002963872481220875,0.0005158434859512375
2026-05-05 15:00:00,0.0014942036862706232,0.0013441416335838003
2026-05-05 15:05:00,7.210805723367741e-05,0.0013971545904258003
2026-05-05 15:10:00,-0.0003866642393575148,0.000693545552386981
2026-05-05 15:15:00,-8.295276936109985e-05,0.0008931960588413413
2026-05-05 15:20:00,-0.0003780788612637309,0.0006435534130624835
2026-05-05 15:25:00,-0.0005682526166861379,0.00032113804324634634
2026-05-05 15:30:00,-0.000982859019204696,-3.848785526226907e-05
2026-05-05 15:35:00,0.001160008038228355,-2.557703506742582e-05
2026-05-05 15:40:00,0.0017190673216980201,-0.00016425306978717243
2026-05-05 15:45:00,0.0006662654757239039,0.00024616159724696456
2026-05-05 15:50:00,0.0007900446065924882,0.00030529468797790333
2026-05-05 15:55:00,-0.001915845409126149,0.000582006810582244
2026-05-05 16:00:00,-0.0019694964041772067,0.0001410753205810225
2026-05-05 16:05:00,-0.0009581733018606542,0.00018942138221516674
2026-05-05 16:10:00,0.0024569473502218386,0.0002361092158185044
2026-05-05 16:15:00,0.0025087370921461627,0.00038871497235707243
2026-05-05 16:20:00,0.0003558753862389352,-0.00019454561068018382
2026-05-05 16:25:00,-0.00048654210257836894,-2.8055140210413284e-06
2026-05-05 16:30:00,-0.0008843326321859024,0.0004541552622034841
2026-05-05 16:35:00,-0.0005524252810626962,-0.0003080041003597385
2026-05-05 16:40:00,9.383595953593726e-05,-0.00010871848593333627
2026-05-05 16:45:00,0.0013098436609784159,-0.00025114511413029504
2026-05-05 16:50:00,0.0004432745175542152,2.9851058066367272e-05
2026-05-05 16:55:00,-0.0003317386628189922,0.00015249977602583794
2026-05-05 17:00:00,-0.0011132577031354174,8.934686693017895e-05
2026-05-05 17:05:00,-0.0008233805586073117,0.0005664765613177583
2026-05-05 17:10:00,-0.0003711539217903237,-0.0005149566639188924
2026-05-05 17:15:00,-0.0001703722638080052,0.0003986742375988093
2026-05-05 17:20:00,-0.00013984547098289113,-0.0002286094977568022
2026-05-05 17:25:00,-0.0013744685386019029,-0.0003981314060095411
2026-05-05 17:30:00,-0.0007714068504522942,-0.0003811005553703769
2026-05-05 17:35:00,-0.0011916646120369023,-0.00016536093605625362
2026-05-05 17:40:00,-0.0009976176145549687,-1.8403800558213992e-05
2026-05-05 17:45:00,-0.0015664965539645692,-0.0005930783222147697
2026-05-05 17:50:00,-0.0013749107269944716,0.00039364203364545235
2026-05-05 17:55:00,-0.0005254619259549287,-0.0003537910365150728
2026-05-05 18:00:00,-0.0005804015008070706,-0.0008266686565245687
2026-05-05 18:05:00,-0.0005741685671161179,-0.0005642132302126068
2026-05-05 18:10:00,-0.0013214427341949886,-0.00018008648467180061
2026-05-05 18:15:00,-0.0014075029673463746,-0.0007648675047203784
2026-05-05 18:20:00,-0.0012546750349020641,-0.00047769221697675904
2026-05-05 18:25:00,-0.000732695584614973,-0.0007571324876539721
2026-05-05 18:30:00,1.3163408357996786e-05,-0.000667816271561083
2026-05-05 18:35:00,0.0008929110698829845,-0.0004825289748769626
2026-05-05 18:40:00,0.0010045777122318356,-0.0007118797980201798
2026-05-05 18:45:00,0.0002325249810315455,-0.0008557512494823173
2026-05-05 18:50:00,-0.0011629158459989242,-0.000525381360651705
2026-05-05 18:55:00,-0.0011384513686198972,-0.0001917884071502866
2026-05-05 19:00:00,0.00044734880795083143,-0.0003633818000868132
2026-05-05 19:05:00,0.0010094006773027075,-6.964543424409447e-05
2026-05-05 19:10:00,0.0005902261790726726,-0.0005795422835685136
2026-05-05 19:15:00,0.0,-0.00038123276854977293
2026-05-05 19:20:00,0.000328932223192524,5.779992781206722e-05
2026-05-05 19:25:00,0.000355284198196415,-0.00026222638812921454
2026-05-05 19:30:00,0.00018195230488338154,8.249181303714377e-05
2026-05-05 19:35:00,-0.0004583418850110377,-0.00015260920286423718
2026-05-05 19:40:00,-0.00019736452633978274,0.00011987826753052268
2026-05-05 19:45:00,-0.00045384635558676223,-0.00044381278839263007
2026-05-05 19:50:00,0.00045395683365079265,-5.73435429992677e-05
2026-05-05 19:55:00,0.0010565426613844409,-0.0001066179383983284
2026-05-05 20:00:00,0.0005941243253815287,-0.0003559407797016831
2026-05-05 20:05:00,0.00023018920558115497,-0.00012659630235500673
2026-05-05 20:10:00,-0.0004952523806505127,-0.00029512117790458616
2026-05-05 20:15:00,-0.0008134475824217446,-0.00021111146657761933
2026-05-05 20:20:00,-0.0004999068260271855,-0.0002222350001509698
2026-05-05 20:25:00,-0.00011179442113551374,-9.039562473802144e-05
2026-05-05 20:30:00,0.00087042988723951,6.633065063588792e-05
2026-05-05 20:35:00,0.00038810725842175486,0.00019975093994300345
2026-05-05 20:40:00,-5.261346423601765e-05,-1.2739042251546304e-05
2026-05-05 20:45:00,-0.0008945583824448988,-4.18132586939483e-05
2026-05-05 20:50:00,-0.0007829471450104819,9.619529833528113e-05
2026-05-05 20:55:00,-0.000927766944831987,1.5824219739193797e-05
2026-05-05 21:00:00,-0.00012723260330638198,-0.00021694185417715545
2026-05-05 21:05:00,-0.00015139663423724414,-9.25546729414969e-06
2026-05-05 21:10:00,-0.000129473274373737,-0.0004320460075665386
2026-05-05 21:15:00,-0.0003576541873240302,-0.0003029169544688627
2026-05-05 21:20:00,-5.485951029449154e-05,-0.00043792042328993555
2026-05-05 21:25:00,-0.00019753389965515566,-0.0001449291726160815
2026-05-05 21:30:00,0.0003839795024056514,-0.00039784123994699604
2026-05-05 21:35:00,-0.000395077341527994,-9.05028187361046e-05
2026-05-05 21:40:00,-1.3170314112187498e-05,-0.00029394007090316097
2026-05-05 21:45:00,-0.0008383628275510091,-0.0001593143902490384
2026-05-05 21:50:00,0.00016902441126021017,-5.747830894188729e-05
2026-05-05 21:55:00,0.00018656327457300392,-0.00015836364204991423
2026-05-05 22:00:00,0.0004236585945864846,-0.00014479587658192063
2026-05-05 22:05:00,0.00010535141290368699,-0.0001456840953414424
2026-05-05 22:10:00,0.0006516008879078328,4.817831280437333e-05
2026-05-05 22:15:00,0.0002918468329564661,8.754536944823846e-05
2026-05-05 22:20:00,-7.242790408845678e-05,-0.00022375064876564366
2026-05-05 22:25:00,-0.0008206037822091616,-0.00010681500089793869
2026-05-05 22:30:00,-0.00037085761796973316,1.8025150584447958e-05
2026-05-05 22:35:00,-0.00024365963723127493,-0.00024790978574185953
2026-05-05 22:40:00,0.0002567853343595772,-8.115073044703107e-05
2026-05-05 22:45:00,0.0008819329381246632,0.00012451256980124687
2026-05-05 22:50:00,-0.0005248381412084058,-0.00013957801092442663
2026-05-05 22:55:00,-0.0010341273908149873,-0.0003199639354577698
2026-05-05 23:00:00,-0.0020832266143830935,0.00011239939129727192
2026-05-06 00:00:00,-0.000760295892792584,0.000564598178213528
2026-05-06 00:05:00,-0.000522959700077763,-0.00024133539244809615
2026-05-06 00:10:00,-0.0008639784213073654,-0.00033699002239016943
2026-05-06 00:15:00,2.4180155348219046e-05,-0.0006515289072597899
2026-05-06 00:20:00,8.79115083325388e-05,-0.0004123246629662275
2026-05-06 00:25:00,0.00041119732663474906,-0.00034398935574944016
2026-05-06 00:30:00,-0.0003077910738511491,-0.0006012972523228078
2026-05-06 00:35:00,0.0021229123254435933,-0.0004074726061552078
2026-05-06 00:40:00,0.005428635501035117,-4.66925192399911e-06
2026-05-06 00:45:00,0.006100741122027742,0.00040730956155566613
2026-05-06 00:50:00,0.004308781007043905,0.0014375833658391817
2026-05-06 00:55:00,0.003466245806274415,0.001934467680839025
2026-05-06 01:00:00,0.0022441455363413354,0.002578754299900672
2026-05-06 01:05:00,0.0010999300558349745,0.0030065830544439443
2026-05-06 01:10:00,-0.001530826159873655,0.0030250441407828938
2026-05-06 01:15:00,-0.00034022730128668854,0.0025690408888618638
2026-05-06 01:20:00,0.00047320865786204536,0.0022686489459115304
2026-05-06 01:25:00,0.0007090071470408077,0.0020547740020327777
2026-05-06 01:30:00,0.002013506861334946,0.0018235459115655806
2026-05-06 01:35:00,0.0011678884338177653,0.0018294922258652888
2026-05-06 01:40:00,0.0021131294148517554,0.0016517782201633325
2026-05-06 01:45:00,0.0005114471781126895,0.0007866118107438542
2026-05-06 01:50:00,0.0001241168921417568,0.00028716687588712796
2026-05-06 01:55:00,-0.0007554210525206884,-0.00034397931540654984
2026-05-06 02:00:00,0.00014576894777285077,-0.00033359938160362204
2026-05-06 02:05:00,0.002168469317213706,6.104379887957414e-05
2026-05-06 02:10:00,0.0023297382676634726,4.76649713824318e-05
2026-05-06 02:15:00,0.0026896454065923336,-0.00018542932922828187
2026-05-06 02:20:00,0.0012202776016962957,0.0002804021861536137
2026-05-06 02:25:00,0.001725854481914979,0.0009566627325339273
2026-05-06 02:30:00,0.00024297171885301339,0.00106989258118898
2026-05-06 02:35:00,0.0005813877976876825,0.00016967485250424588
2026-05-06 02:40:00,0.0020844174646974523,0.0005664561732546613
2026-05-06 02:45:00,0.001112143396841958,0.0006179777759622877
2026-05-06 02:50:00,0.0004076375724810788,0.001015270023878436
2026-05-06 02:55:00,-0.001804653808942902,0.0006376901739657672
2026-05-06 03:00:00,0.0005675184649955867,0.0007326854057158987
2026-05-06 03:05:00,0.002377463298065763,0.0004024954423883395
2026-05-06 03:10:00,0.002860371113239779,0.0008207391454466052
2026-05-06 03:15:00,0.0011102779756999581,0.0004573127538613304
2026-05-06 03:20:00,7.569146863417586e-05,0.000550558664592075
2026-05-06 03:25:00,-0.00015352894969744568,0.0009667153900370111
2026-05-06 03:30:00,0.001221395980286033,0.000851982825275958
2026-05-06 03:35:00,0.00017298756046280062,0.0007617887589822852
2026-05-06 03:40:00,0.000432415610021053,0.0007851508000006478
2026-05-06 03:45:00,-0.0001058673181013603,0.000993963723103376
2026-05-06 03:50:00,0.0017778742565397465,0.001079926678122526
2026-05-06 03:55:00,0.0015832066799390532,0.000927338333871057
2026-05-06 04:00:00,0.0013516666853270465,0.0009958726876643765
2026-05-06 04:05:00,0.00013812273953917042,0.00037424903001560627
2026-05-06 04:10:00,-0.00072541525646308,0.0010946088374101175
2026-05-06 04:15:00,-0.0004920888190103057,0.00042624021397268054
2026-05-06 04:20:00,-0.0006886450479761663,0.00022155266325106157
2026-05-06 04:25:00,0.0009282646436474806,0.0007332387987231151
2026-05-06 04:30:00,0.0007725574191539408,-0.0003056215949753577
2026-05-06 04:35:00,0.0017821624542531112,0.000732500372096655
2026-05-06 04:40:00,0.0013024344855754322,-0.00010635431351129377
2026-05-06 04:45:00,0.001127552608322091,0.00010633073848616207
2026-05-06 04:50:00,0.0012688785054955076,0.0003394087018222799
2026-05-06 04:55:00,0.001546054639495864,0.0008191428659899357
2026-05-06 05:00:00,0.0018900545303690564,0.0011846308592543485
2026-05-06 05:05:00,0.0002561654627619703,0.0011319668511628436
2026-05-06 05:10:00,-0.00046916227418591916,0.0007256932517290407
2026-05-06 05:15:00,-0.0012739951796305604,0.0006202946531471682
2026-05-06 05:20:00,0.001082059115439904,0.0011762208478415072
2026-05-06 05:25:00,0.0004971328878298209,0.00014869814292380404
2026-05-06 05:30:00,0.00015503208333811358,0.0006821222668453261
2026-05-06 05:35:00,-0.0014717149423351117,0.00036884282738663065
2026-05-06 05:40:00,-0.0008566859693814877,0.0008331180303349892
2026-05-06 05:45:00,2.3683340815594534e-05,0.000477641895445878
2026-05-06 05:50:00,0.0003831986802858012,-0.00016105073324670878
2026-05-06 05:55:00,0.0009298361833796065,0.0011182767288120841
2026-05-06 06:00:00,0.00026693704964841913,0.0010523844879379378
2026-05-06 06:05:00,0.00012483077912861518,-7.207641804272642e-05
2026-05-06 06:10:00,0.0009203747520842853,0.0005266243452906905
2026-05-06 06:15:00,0.000882107476368077,0.00026283998267188056
2026-05-06 06:20:00,0.000585205505583275,0.0003420330897724404
2026-05-06 06:25:00,-0.000995676523970701,0.00011386289322505516
2026-05-06 06:30:00,7.741619163503799e-05,0.000543276015950685
2026-05-06 06:35:00,-4.086720203133609e-05,0.00032471571642214676
2026-05-06 06:40:00,0.00024094571308452828,0.0010108328277234257
2026-05-06 06:45:00,0.0003289519684539499,9.370765500532061e-05
2026-05-06 06:50:00,0.0013906967438490625,0.0007399399503481648
2026-05-06 06:55:00,0.00119956159449508,0.0007055654596171627
2026-05-06 07:00:00,-8.598674083870606e-06,0.00010304255037279106
2026-05-06 07:05:00,-0.00034803008878014907,0.0007051203355542067
2026-05-06 07:10:00,-0.0005630558175742095,0.001032408395092519
2026-05-06 07:15:00,-0.001058201156947547,0.0006559699287384311
2026-05-06 07:20:00,-0.0015310513914599255,0.00021861740924449335
2026-05-06 07:25:00,-0.00038271504537235046,0.0003885631265864628
2026-05-06 07:30:00,0.0006066669004027858,3.3588098117140685e-05
2026-05-06 07:35:00,0.001380630535109617,0.00024108731507338187
2026-05-06 07:40:00,0.002746708738690984,-9.517908843928932e-05
2026-05-06 07:45:00,0.0019272734410193948,0.00019511233784789202
2026-05-06 07:50:00,0.002208911458749796,0.00028446961953078423
2026-05-06 07:55:00,-0.0005341473665794183,3.144876217783071e-05
2026-05-06 08:00:00,-6.869060680081418e-05,0.0003314017266336739
2026-05-06 08:05:00,-0.00012008740662139417,0.00019828148490006047
2026-05-06 08:10:00,0.0012673308088970714,0.00019649867258786184
2026-05-06 08:15:00,0.001179963922746552,0.000519391551862145
2026-05-06 08:20:00,0.0007224512204118128,0.0005542657462083341
2026-05-06 08:25:00,-0.00040511387147290634,0.00015867947274331734
2026-05-06 08:30:00,0.0002336821782940035,0.0003003846429453384
2026-05-06 08:35:00,-0.00037080738910333366,0.0004804375331906552
2026-05-06 08:40:00,0.0011548916510530916,0.000551627099612664
2026-05-06 08:45:00,0.0006235997334815835,0.00027656418686692225
2026-05-06 08:50:00,0.0005336619731775016,0.0007193297929758824
2026-05-06 08:55:00,-0.0024184430847000726,-0.00011127142487372274
2026-05-06 09:00:00,-0.001565093174505705,-0.00012493857519325642
2026-05-06 09:05:00,-0.0003771773464009698,1.6869814928554936e-05
2026-05-06 09:10:00,0.001960074312577831,-0.0001852027767191061
2026-05-06 09:15:00,0.0011344008782039339,0.000604359764965195
2026-05-06 09:20:00,-8.359832936832845e-05,8.347509820541423e-05
2026-05-06 09:25:00,0.0005889868205102289,0.0008059416811731874
2026-05-06 09:30:00,0.002019006748225749,0.00044774151127416215
2026-05-06 09:35:00,0.0020343839194829627,0.0005647923403026983
2026-05-06 09:40:00,0.002369573067376507,0.0003235075150731973
2026-05-06 09:45:00,0.0005281654499444954,0.0009250573249906896
2026-05-06 09:50:00,0.0006608191189396706,0.0011473873866738168
2026-05-06 09:55:00,-0.0004208947600918833,0.00048534450538260487
2026-05-06 10:00:00,0.000179555472435311,0.001370184608807589
2026-05-06 10:05:00,0.00019025204177403054,0.0006915943813934081
2026-05-06 10:10:00,-0.0005450762119423302,0.0011584429398837084
2026-05-06 10:15:00,-0.000560148646451708,0.000999167557226123
2026-05-06 10:20:00,-0.0005366464430576201,0.000479738429657217
2026-05-06 10:25:00,0.00012614209389205655,0.0007526289305516135
2026-05-06 10:30:00,0.0008144637228291174,0.00047005155126226503
2026-05-06 10:35:00,0.0046811310787351346,-5.980448301030879e-05
2026-05-06 10:40:00,0.004981627792490784,0.00046061182243774165
2026-05-06 10:45:00,0.0024991022859151,0.001460538309007191
2026-05-06 10:50:00,-0.00048331345308127993,0.0012557845500014784
2026-05-06 10:55:00,-0.0011195563810275644,0.0007789030333877608
2026-05-06 11:00:00,0.0018228983160302192,0.0010376572883294753
2026-05-06 11:05:00,0.00011286501462848264,0.0011296964869230873
2026-05-06 11:10:00,0.0009217031938284492,0.0008849443892857033
2026-05-06 11:15:00,0.0007635219787776037,0.0007970125806734078
2026-05-06 11:20:00,0.001536252230431856,0.000814360022544057
2026-05-06 11:25:00,-0.0007066340887398326,0.0012595533404447983
2026-05-06 11:30:00,-0.0005465288642678701,0.0003188716497122027
2026-05-06 11:35:00,-0.0006337904067432731,0.0012342632576209074
2026-05-06 11:40:00,0.00112356932304003,0.0015516476622525505
2026-05-06 11:45:00,-0.00024465248300664655,-0.00014094015460888994
2026-05-06 11:50:00,-0.000800255443365927,0.0014473551439343132
2026-05-06 11:55:00,-0.0008276587412261449,0.0005888917961616709
2026-05-06 12:00:00,-0.00035964142648126085,0.00036625985210619736
2026-05-06 12:05:00,0.0010257437008505121,0.0007270572318638472
2026-05-06 12:10:00,0.0014336066163593841,0.00024552285657049024
2026-05-06 12:15:00,0.002495670013376028,0.00035942905147642455
2026-05-06 12:20:00,0.001940075045329337,0.00012853369914828696
2026-05-06 12:25:00,0.002078691619136208,0.000581039654674433
2026-05-06 12:30:00,0.00020592272026576097,5.826033569084184e-05
2026-05-06 12:35:00,0.0023493949667177105,0.001011759391843767
2026-05-06 12:40:00,0.0006064435875270391,8.372704569548766e-05
2026-05-06 12:45:00,0.0006069068732816874,0.0014396351922723526
2026-05-06 12:50:00,-0.000290194909222663,-0.00013258764934176927
2026-05-06 12:55:00,-0.00106894492175158,0.0011013818439679721
2026-05-06 13:00:00,-0.00035858226717522257,0.0012429719580743495
2026-05-06 13:05:00,-0.002127134695907529,-7.229644295853032e-05
2026-05-06 13:10:00,-0.0013505394654096392,0.001106695433114299
2026-05-06 13:15:00,0.0002737223390418819,0.0009107650712779833
2026-05-06 13:20:00,2.9721972182983336e-05,0.0005622933063530246
2026-05-06 13:25:00,-0.0011885387158567795,0.0006368420466722875
2026-05-06 13:30:00,-0.0032555667658389353,-0.00037659135921685674
2026-05-06 13:35:00,-0.0026167925336419984,7.97031067056262e-05
2026-05-06 13:40:00,-0.0016714454012518587,-0.00025789234934363086
2026-05-06 13:45:00,-0.0025894851593282198,-0.0007022111303843295
2026-05-06 13:50:00,-0.0033260305101663334,-0.001307522818153272
2026-05-06 13:55:00,-0.0041320299195461985,-0.0015800896106511746
2026-05-06 14:00:00,-0.003345339048259177,-0.0021544724394751916
2026-05-06 14:05:00,0.0001793760281554313,-0.0024531941579514953
2026-05-06 14:10:00,0.0022336299773701995,-0.002261830811439022
2026-05-06 14:15:00,0.002963275537826604,-0.0016553646332910469
2026-05-06 14:20:00,-0.0006770994345277614,-0.0017873272483460232
2026-05-06 14:25:00,-0.00018576743891784986,-0.0012775863162653822
2026-05-06 14:30:00,-0.0006983367270425589,-0.0008487323006599112
2026-05-06 14:35:00,-0.00055141638462608,-0.0009591057039184708
2026-05-06 14:40:00,-2.5625803477424824e-05,-0.0005577716993235056
2026-05-06 14:45:00,0.0003737882629160083,-0.0004515728241866604
2026-05-06 14:50:00,-0.0009004452571996779,-0.00038078095090692086
2026-05-06 14:55:00,0.00021779840068347767,-0.00030394581176280267
2026-05-06 15:00:00,7.68762612892715e-05,4.879112345798075e-05
2026-05-06 15:05:00,0.0027245149323444906,-9.865717466955474e-05
2026-05-06 15:10:00,0.00021988555365837215,2.961912658386089e-06
2026-05-06 15:15:00,0.0031532349956790995,1.3609766643436232e-05
2026-05-06 15:20:00,0.0019400261059505652,1.3445956334789438e-05
2026-05-06 15:25:00,0.0024283318598552484,0.00011571507347657278
2026-05-06 15:30:00,0.0006298810669385091,-0.0001598786282084673
2026-05-06 15:35:00,0.0016896568952500246,0.00019325105750979556
2026-05-06 15:40:00,0.001036480146934693,0.0006346018902687385
2026-05-06 15:45:00,0.0010567128287437555,0.0001336863790720887
2026-05-06 15:50:00,0.0010710484334435222,0.0005242441803518043
2026-05-06 15:55:00,0.002190734984582221,0.0007136872000220471
2026-05-06 16:00:00,0.0014418755796157257,0.0003286017472049354
2026-05-06 16:05:00,0.0002038792277492263,0.0006049989916656784
2026-05-06 16:10:00,-0.00133384328004027,0.0004718577570997796
2026-05-06 16:15:00,-0.0011784028804502356,0.0004907048360643492
2026-05-06 16:20:00,-0.00012529585234055673,0.0007177857021785886
2026-05-06 16:25:00,0.0018791869183925058,0.0010882996060400127
2026-05-06 16:30:00,-0.00020822267152631468,0.0003386107497458898
2026-05-06 16:35:00,-0.0012793405279047931,0.0006379508882840652
2026-05-06 16:40:00,-0.002287341512609231,0.00016911358609543822
2026-05-06 16:45:00,-3.3999655757455116e-05,0.0012464729663069327
2026-05-06 16:50:00,-0.0008062723743904598,0.0007731028615768908
2026-05-06 16:55:00,-0.0013489449850485613,4.653515052037462e-05
2026-05-06 17:00:00,-0.0008992854157536811,-6.899609006459203e-05
2026-05-06 17:05:00,6.810090002140612e-05,0.0007685202821600426
2026-05-06 17:10:00,-0.00030450897099498775,0.0005220342151872326
2026-05-06 17:15:00,-0.0014367069322851478,-0.00038346384165240306
2026-05-06 17:20:00,-0.001475848428022175,1.3680829446709483e-05
2026-05-06 17:25:00,-0.0005368429927123941,-2.3966410356897782e-05
2026-05-06 17:30:00,-0.0003408555934374391,-2.7485180631788175e-05
2026-05-06 17:35:00,3.196784461323432e-05,0.0007257137045414057
2026-05-06 17:40:00,-0.0011385491765452116,0.000684942365348376
2026-05-06 17:45:00,-0.001345382992056443,-1.3550909447609837e-05
2026-05-06 17:50:00,-0.0019220170664162595,0.00023453542304633282
2026-05-06 17:55:00,-0.0009134818162959135,-0.0001657483652344891
2026-05-06 18:00:00,-0.00048657439786126133,-0.0004099610141087887
2026-05-06 18:05:00,7.259605635745459e-05,0.00027466401339686786
2026-05-06 18:10:00,0.0010883994774530947,-0.0007621947247614467
2026-05-06 18:15:00,0.000618847554923363,-6.697709059301226e-05
2026-05-06 18:20:00,0.0013186224228647347,-0.00013877837847102895
2026-05-06 18:25:00,9.384564531167428e-05,7.608908165991667e-05
2026-05-06 18:30:00,0.00011519139916948973,0.0001311520407760079
2026-05-06 18:35:00,-0.0011777157092804913,-0.00018799977365274227
2026-05-06 18:40:00,-0.0012121394676114505,7.673615151405702e-05
2026-05-06 18:45:00,-0.00046297926914640186,0.00012432623650210662
2026-05-06 18:50:00,0.0004716794971955096,9.155231074981792e-05
2026-05-06 18:55:00,0.0005742421602441539,-0.00012961936922768007
2026-05-06 19:00:00,-0.0008881545118573086,-0.0005643651765865461
2026-05-06 19:05:00,-0.0011059161228779146,-0.0005021495281345908
2026-05-06 19:10:00,-0.0005592948761119487,-0.0003897929522137508
2026-05-06 19:15:00,0.00015163990037869723,-9.131886851404883e-05
2026-05-06 19:20:00,-0.00043587043373349843,-5.2472696341171514e-05
2026-05-06 19:25:00,-0.0003502522278964193,-0.00038038042437991103
2026-05-06 19:30:00,-0.00030330279890478096,-0.0004913856461787036
2026-05-06 19:35:00,0.0005255848855103551,0.00016222196639943613
2026-05-06 19:40:00,0.000704650938690321,-0.0006296285939088121
2026-05-06 19:45:00,0.00037164002606360214,-6.290770651347567e-05
2026-05-06 19:50:00,0.0007942625626000677,-0.0004308462946703989
2026-05-06 19:55:00,0.0004886933738461607,-0.0005755633612699683
2026-05-06 20:00:00,0.0012847245478404545,8.536286992184845e-05
2026-05-06 20:05:00,0.0004907609026076898,-4.605484438933695e-05
2026-05-06 20:10:00,0.000262387406911202,-2.3659191989811935e-05
2026-05-06 20:15:00,7.677510443038216e-05,-0.00016880293367874807
2026-05-06 20:20:00,0.00012371908105279772,0.0003506458529640391
2026-05-06 20:25:00,-0.0004757612536341327,-0.0001988147821418466
2026-05-06 20:30:00,-0.00045860552730125903,-0.00013403373685299332
2026-05-06 20:35:00,-0.0002794562354520025,8.577284819431189e-07
2026-05-06 20:40:00,3.414287513159309e-05,-0.00021081162236970562
2026-05-06 20:45:00,0.0008679732304948118,-0.0002139822848138369
2026-05-06 20:50:00,0.0016031452360962817,-0.0005410699777708258
2026-05-06 20:55:00,0.001914402515284408,-9.132208556891326e-05
2026-05-06 21:00:00,0.001188774530643144,-0.0004109766190445761
2026-05-06 21:05:00,0.0011368451857869388,-0.00010427962925147072
2026-05-06 21:10:00,0.0005344399845732539,0.00014061958253108514
2026-05-06 21:15:00,0.00012561222670548489,-1.5934695667409912e-05
2026-05-06 21:20:00,-0.0004980090383028823,0.0002620475116007614
2026-05-06 21:25:00,-0.0005067528112938646,0.0001631278377299152
2026-05-06 21:30:00,-0.0001703254710943014,-0.00022720197124741944
2026-05-06 21:35:00,1.2772561133189697e-05,-4.819893398450148e-06
2026-05-06 21:40:00,-0.0003919513689645271,-0.00025796934250168357
2026-05-06 21:45:00,-0.0001511881582096919,0.00015888172016783776
2026-05-06 21:50:00,-0.00022780183042669933,9.926427688006357e-05
2026-05-06 21:55:00,0.001169009254168074,0.0002780864424436597
2026-05-06 22:00:00,0.0004790388655990796,-0.0002082635705681316
2026-05-06 22:05:00,-0.0004259370146151298,-4.062696278385784e-05
2026-05-06 22:10:00,-0.001337339872947041,7.939790130669479e-05
2026-05-06 22:15:00,-0.0016509897437106957,0.0002575007177532192
2026-05-06 22:20:00,-0.0008310993578124481,0.00048244311598738863
2026-05-06 22:25:00,-0.000974317122400592,0.0004070790112156149
2026-05-06 22:30:00,-0.0002537483874469615,-6.641341061944498e-05
2026-05-06 22:35:00,0.0001449593583391362,-0.00023108982146806598
2026-05-06 22:40:00,0.0006780716584913193,-0.00010370463472204005
2026-05-06 22:45:00,0.0006076092044651205,-0.00015977669724973384
2026-05-06 22:50:00,-0.00012790422549002756,-7.764328329382198e-05
2026-05-06 22:55:00,0.0006584407976788498,0.00011129525941175874
2026-05-06 23:00:00,0.0011332170087587912,0.00012492724607359175
2026-05-07 00:00:00,0.0018593957530441685,0.00026769488543260957
2026-05-07 00:05:00,0.0007814687964575739,0.0002758331224843238
2026-05-07 00:10:00,-0.00043439007207446423,0.0005689393266059178
2026-05-07 00:15:00,-0.0002404830955171633,0.0002683500543350954
2026-05-07 00:20:00,-0.00017668201859422084,0.00045798024883689356
2026-05-07 00:25:00,0.0007196220804441822,0.00023989840828841878
2026-05-07 00:30:00,-0.00011068422016080603,-1.3385581889156637e-05
2026-05-07 00:35:00,-0.00022781686603323692,0.0003974881632043849
2026-05-07 00:40:00,-0.0008090787589782877,0.00012702922136818633
2026-05-07 00:45:00,-0.0001937268691385441,6.06555720375372e-05
2026-05-07 00:50:00,0.0002320746311337274,-6.838839165253568e-05
2026-05-07 00:55:00,-6.816284105326531e-05,-1.2478750991437746e-05
2026-05-07 01:00:00,2.7677564887085282e-05,-0.00014459875070256336
2026-05-07 01:05:00,-0.0007581679108703554,-5.8091511725910544e-05
2026-05-07 01:10:00,-0.0002151694467684706,-3.1952297557815434e-07
2026-05-07 01:15:00,-0.0008327911442957969,-0.0001308545413802379
2026-05-07 01:20:00,-0.00010439959059382886,0.0001505540647740293
2026-05-07 01:25:00,4.4742014356558e-05,6.361442008818348e-05
2026-05-07 01:30:00,0.0008476941311723607,-6.657229277459938e-05
2026-05-07 01:35:00,0.0007476014801834907,3.417075490146148e-05
2026-05-07 01:40:00,0.0010370275081523772,0.00034211714531882904
2026-05-07 01:45:00,-0.0006815064964289519,-7.312342287282782e-05
2026-05-07 01:50:00,-0.00035349685415297927,-6.542744786731035e-05
2026-05-07 01:55:00,0.00032345174360770557,-0.00015979889406389725
2026-05-07 02:00:00,0.0009156671274350714,0.00015316082391848802
2026-05-07 02:05:00,0.0007536918481161337,4.092218657239908e-05
2026-05-07 02:10:00,-0.0015543757734164387,-0.0001561625582527809
2026-05-07 02:15:00,-0.001256594623981755,0.00045516009420628565
2026-05-07 02:20:00,-0.0013054818240121335,-0.0002383832566120221
2026-05-07 02:25:00,-0.0009487171178985676,-6.345992497216751e-06
2026-05-07 02:30:00,-0.0005563875457301748,5.001184511635379e-05
2026-05-07 02:35:00,-0.0014288245339493244,-2.430639348816798e-05
2026-05-07 02:40:00,-0.0001258525713438985,-0.00029227071698514575
2026-05-07 02:45:00,0.0007119501338799239,-0.0001060165418770663
2026-05-07 02:50:00,0.002547000979408409,-2.7380177080036126e-05
2026-05-07 02:55:00,0.004760682465981603,0.00029904064709277166
2026-05-07 03:00:00,0.004218652930070732,0.000700318215501817
2026-05-07 03:05:00,0.0026997627003328972,0.001410957579689554
2026-05-07 03:10:00,-0.0012576640550978624,0.0002552865641208937
2026-05-07 03:15:00,-0.0015607832565311952,0.0010438666326690023
2026-05-07 03:20:00,0.0005772704184003885,0.000320360278430243
2026-05-07 03:25:00,0.0018519546382247398,0.00013452809016495251
2026-05-07 03:30:00,0.0029284461977265863,0.0007573516626210746
2026-05-07 03:35:00,0.0009140371065274877,0.00018819729764404556
2026-05-07 03:40:00,0.00043700267776358714,0.00047230612334967344
2026-05-07 03:45:00,-0.000922171939109262,0.0004672494567815775
2026-05-07 03:50:00,-0.0008885769675543997,0.00046732622302508885
2026-05-07 03:55:00,-0.0021762979054607,-0.00013500075716384703
2026-05-07 04:00:00,-0.0018107774836906287,-0.00020954874928366446
2026-05-07 04:05:00,-0.0019942176440270742,-0.0006926393978140281
2026-05-07 04:10:00,-0.0005910718558244099,0.00039349398102331653
2026-05-07 04:15:00,-0.001014023154318977,0.0006859553610642211
2026-05-07 04:20:00,-0.0003487061760587551,-5.985529677547175e-06
2026-05-07 04:25:00,0.0005804441517369696,0.00015320820998853616
2026-05-07 04:30:00,0.0010543927271395859,0.0004013750747763126
2026-05-07 04:35:00,0.0009692724414200882,0.0002681798905670209
2026-05-07 04:40:00,0.000520624718909346,0.0010887322491443074
2026-05-07 04:45:00,0.0005713733612964234,0.0006379693376671365
2026-05-07 04:50:00,0.00043544154991614903,0.0006520865053725444
2026-05-07 04:55:00,-0.00024221615147723696,-0.00021939960920834372
2026-05-07 05:00:00,-0.00016564342953806488,3.177620674849462e-05
2026-05-07 05:05:00,-0.000599046641585943,0.0003433670219570576
2026-05-07 05:10:00,-0.00028903638446742264,-0.0004066165876525989
2026-05-07 05:15:00,-0.0009157811392057624,0.00028724731293803375
2026-05-07 05:20:00,-0.0002507714422730345,-8.456449035442094e-05
2026-05-07 05:25:00,-0.00012966846342976623,-4.0420161706612784e-05
2026-05-07 05:30:00,2.5508739934565483e-05,6.059974223145756e-05
2026-05-07 05:35:00,-0.00014666668110052683,-1.5156092239611775e-05
2026-05-07 05:40:00,-0.001082643670347494,-0.0001329391669414713
2026-05-07 05:45:00,-0.0011698196408911343,-0.0004937757048956374
2026-05-07 05:50:00,-0.0009017286578067996,-0.0001701989173859959
2026-05-07 05:55:00,-0.0004193340738449791,-0.00024153368433662312
2026-05-07 06:00:00,-0.0006258834954042669,0.0001085479836779776
2026-05-07 06:05:00,-0.00042349752120784956,-0.00011993610374818359
2026-05-07 06:10:00,2.129043453535928e-06,-0.00016319163342229262
2026-05-07 06:15:00,-0.00044090819280562243,-0.0003270861922696798
2026-05-07 06:20:00,-0.0002831410795938183,-7.409681846088075e-05
2026-05-07 06:25:00,0.0002746086046379048,-0.0002088888306238782
2026-05-07 06:30:00,0.0003408156603708079,-6.869906328232273e-05
2026-05-07 06:35:00,-0.00018099682453254218,-0.00011370814234143888
2026-05-07 06:40:00,-0.0003874541543318344,-0.0006537317009347449
2026-05-07 06:45:00,0.0009238780542144553,0.00019267284124672442
2026-05-07 06:50:00,0.0007280468655803674,7.397268002874331e-05
2026-05-07 06:55:00,0.0008832616124525572,8.03904953097703e-05
2026-05-07 07:00:00,-0.0007897137538570576,0.0002061548355492584
2026-05-07 07:05:00,-0.0008536992197569759,-0.00024386415804513638
2026-05-07 07:10:00,-0.001153716926685533,0.00020360196594484587
2026-05-07 07:15:00,0.0015469124951401625,0.0003330672706193908
2026-05-07 07:20:00,0.0021573237138863277,0.0006775287219804469
2026-05-07 07:25:00,0.00181937202071758,0.0012727007411925742
2026-05-07 07:30:00,0.0002976177844349337,0.0012830474791072106
2026-05-07 07:35:00,-0.00010414242442280397,0.0008924746082572299
2026-05-07 07:40:00,-0.0005124939107332693,0.0007318830352851858
2026-05-07 07:45:00,0.0002975292344409297,0.0005512003866001283
2026-05-07 07:50:00,0.0008200936131146364,0.0005999456252806401
2026-05-07 07:55:00,0.0014814738802169103,0.0006103021921336592
2026-05-07 08:00:00,0.0007859013949627069,0.0007233618068529611
2026-05-07 08:05:00,0.00106554151047078,9.514238111575516e-05
2026-05-07 08:10:00,0.0019542259180092003,0.00021909961738540931
2026-05-07 08:15:00,0.00500252015891256,0.0003158741371088233
2026-05-07 08:20:00,0.006262002239004971,0.0012850585913646928
2026-05-07 08:25:00,0.005987377435650032,0.0018953241819057247
2026-05-07 08:30:00,0.000994553266819409,0.0026333979808666847
2026-05-07 08:35:00,-0.001419838950756258,0.002724328896315318
2026-05-07 08:40:00,-0.001444424194831484,0.002416585570103868
2026-05-07 08:45:00,-0.0007938737017685327,0.0024825512130049947
2026-05-07 08:50:00,0.0016559316182238604,0.001565089894906892
2026-05-07 08:55:00,0.002135322896124947,0.0015858811730984285
2026-05-07 09:00:00,0.0019518830256419761,0.0013414074799696111
2026-05-07 09:05:00,-0.000839225178776104,0.0011426035663101356
2026-05-07 09:10:00,-0.0019306571493888924,0.0010076455676640247
2026-05-07 09:15:00,-0.0003584388130626337,0.00011176013587982599
2026-05-07 09:20:00,-6.750599118277023e-05,0.0004519471824438011
2026-05-07 09:25:00,0.0006748890907264382,0.00011214383600857765
2026-05-07 09:30:00,-0.00046194297407708973,-9.470695865874937e-05
2026-05-07 09:35:00,0.00012024187617143411,-0.00011206763025432632
2026-05-07 09:40:00,-3.1625253399170106e-05,-0.00016576440488706053
2026-05-07 09:45:00,0.0021181201969291408,-8.281229505365498e-05
2026-05-07 09:50:00,0.0014860080871130776,2.582100001121678e-06
2026-05-07 09:55:00,-3.584316297455814e-05,-0.00020310300900377157
2026-05-07 10:00:00,-0.0028483830817975786,1.5177341474638675e-05
2026-05-07 10:05:00,-0.0016906388611310774,-0.0003899578891899669
2026-05-07 10:10:00,-0.0005504593099647792,-0.00023104286547405263
2026-05-07 10:15:00,0.00019633694438248028,-0.0009522771808802823
2026-05-07 10:20:00,-0.0006436996276697471,-0.0009720593296990992
2026-05-07 10:25:00,-0.0010532548974353517,-0.0009667716367824479
2026-05-07 10:30:00,-0.00026179115971025624,-0.0010036325094281207
2026-05-07 10:35:00,-0.00046456529139327074,-0.0006912218542445406
2026-05-07 10:40:00,-0.0008450942783024828,-0.0010041344838990296
2026-05-07 10:45:00,-0.0020100509280247536,-0.0003040385859105475
2026-05-07 10:50:00,-0.000354904337994455,-0.0004639341161621963
2026-05-07 10:55:00,0.000627550766102658,-0.0004312718523298768
2026-05-07 11:00:00,0.0018326695830079842,0.0002102485623354832
2026-05-07 11:05:00,0.0008828027234830671,0.0006439845950858104
2026-05-07 11:10:00,0.0002977903345744437,0.00013272556925071686
2026-05-07 11:15:00,0.00019005023718499103,-0.0002349788953361039
2026-05-07 11:20:00,-0.00027658399937280365,-0.00013346949876207444
2026-05-07 11:25:00,0.0005066733205563168,4.079451157308262e-05
2026-05-07 11:30:00,4.6451231494160083e-05,-0.0002629501796379719
2026-05-07 11:35:00,-0.0003484780520501829,-0.00020267020000433222
2026-05-07 11:40:00,-0.0020980291933216932,-9.133249524192562e-05
2026-05-07 11:45:00,-0.001379676301333177,-1.8284695718736097e-05
2026-05-07 11:50:00,-0.0002323861846313946,1.93137271896645e-05
2026-05-07 11:55:00,0.0015237800294141124,0.0005336275852554452
2026-05-07 12:00:00,0.00039317981507203115,0.00042150339358616837
2026-05-07 12:05:00,4.648155739417348e-05,0.00026297182546100795
2026-05-07 12:10:00,-0.0006126143826428176,0.0006164814139953425
2026-05-07 12:15:00,-0.0002282791356442715,0.00036021041935068896
2026-05-07 12:20:00,0.0007054092933458378,-0.0005706304010504019
2026-05-07 12:25:00,0.0014633144671947207,-0.00011371820499825696
2026-05-07 12:30:00,0.0011767702293585813,0.0002856486329740102
2026-05-07 12:35:00,9.500214817492747e-05,0.0007887209510499388
2026-05-07 12:40:00,-0.0007134414351934737,-0.0004515708850137155
2026-05-07 12:45:00,-9.924311297915267e-05,0.00026633728868748576
2026-05-07 12:50:00,-0.0006778795091229028,-0.0002409386909821125
2026-05-07 12:55:00,-0.0011979528484289403,-0.0002898369843929916
2026-05-07 13:00:00,-0.0010923247846914563,6.555275841175626e-05
2026-05-07 13:05:00,7.604675188943588e-05,-0.00040274275725057267
2026-05-07 13:10:00,0.0005114711246569925,0.00019033135616408685
2026-05-07 13:15:00,0.0007691885440515023,-0.00036684942194040637
2026-05-07 13:20:00,0.00031891089034274955,-0.0003973483376317599
2026-05-07 13:25:00,0.000903945317951127,2.6476755136118148e-05
2026-05-07 13:30:00,0.0004899434973530958,-0.0001294407724565662
2026-05-07 13:35:00,0.000854855154118539,-0.00042540435793294033
2026-05-07 13:40:00,0.001238429441755784,-0.00043897992969782674
2026-05-07 13:45:00,0.0009728397027419788,0.00030074669702163893
2026-05-07 13:50:00,0.00021729109814394576,-0.0001242308159529931
2026-05-07 13:55:00,0.0002677379009519143,-0.00012759263768430043
2026-05-07 14:00:00,0.000242534934127292,0.0005987611345096832
2026-05-07 14:05:00,-0.0011354979364881501,-1.2509249522496139e-05
2026-05-07 14:10:00,-0.0011726742954802916,-0.00012119378422862737
2026-05-07 14:15:00,0.0010285377966976483,-0.00041146405385526156
2026-05-07 14:20:00,0.002311847131588607,0.0003977955758958676
2026-05-07 14:25:00,0.0027754935780013312,-0.00022879019175629488
2026-05-07 14:30:00,0.0011032369751688975,0.0004862490525364654
2026-05-07 14:35:00,0.00036653571500266935,0.00030598669528814065
2026-05-07 14:40:00,-0.0006610359557939205,0.0005325225123521376
2026-05-07 14:45:00,-0.002804690367447904,0.0004521919371605884
2026-05-07 14:50:00,-0.0014163293309419345,0.0005990860662749788
2026-05-07 14:55:00,-0.0032082238975554844,7.116224249574544e-05
2026-05-07 15:00:00,0.0003818666150454675,0.00036321810074181236
2026-05-07 15:05:00,0.0006388611200414118,0.00023534389105750353
2026-05-07 15:10:00,0.0023865830979499236,0.00022688917398158888
2026-05-07 15:15:00,0.0031464249619315154,5.5110749475793655e-05
2026-05-07 15:20:00,0.0016953243656097072,0.0006256641666484137
2026-05-07 15:25:00,0.0009500928161099154,0.00038623030467593405
2026-05-07 15:30:00,-0.002851158502899409,0.0005272722751578923
2026-05-07 15:35:00,-0.0017142945581678504,0.00022279566505537467
2026-05-07 15:40:00,-0.00039172492145134186,0.00022408698064709423
2026-05-07 15:45:00,0.0008115335160798764,0.00018168591042221093
2026-05-07 15:50:00,0.0008153934935855034,-0.0004922572399481193
2026-05-07 15:55:00,0.0009727115203723713,-2.555173232476767e-05
2026-05-07 16:00:00,0.0011076810169221574,-0.0004822784623171369
2026-05-07 16:05:00,0.001967268247035747,0.0003478939338333337
2026-05-07 16:10:00,0.0011546556087438375,4.0221467896418625e-05
2026-05-07 16:15:00,-0.0004736677656609345,0.0005217642925550295
2026-05-07 16:20:00,-0.000771717741018918,0.0007646841995500015
2026-05-07 16:25:00,-0.001196744745124434,9.112376563820305e-05
2026-05-07 16:30:00,0.002008913517199673,0.00029301965624247274
2026-05-07 16:35:00,0.0015365393479509493,0.00040763127600397997
2026-05-07 16:40:00,0.0023269732219866057,0.00017694394101414209
2026-05-07 16:45:00,0.0001870127037513214,0.00025321629943109744
2026-05-07 16:50:00,-0.0004411718435868295,-2.0325132858122362e-06
2026-05-07 16:55:00,-0.001664275006268312,0.0003813842785262795
2026-05-07 17:00:00,-0.0010552936986929495,0.00029505537334033094
2026-05-07 17:05:00,-0.0025710687037960867,7.223750825801886e-05
2026-05-07 17:10:00,-0.002976114315860201,-4.761227130968805e-05
2026-05-07 17:15:00,-0.0020949647465169363,-0.00042288118442685465
2026-05-07 17:20:00,-0.0006722604324451709,4.095072751322963e-05
2026-05-07 17:25:00,-0.00035443786105027186,-6.986608630869909e-05
2026-05-07 17:30:00,-0.0021141478493795773,2.1273979566020198e-05
2026-05-07 17:35:00,-0.0023617596053604473,-0.0004817251927558446
2026-05-07 17:40:00,-0.00205103146229213,7.326835265562445e-05
2026-05-07 17:45:00,-0.0022710366021705397,-0.0006200337282721283
2026-05-07 17:50:00,-0.0031555949058752475,0.000565246536811643
2026-05-07 17:55:00,-0.00298371461671465,-0.0006102274753863842
2026-05-07 18:00:00,-0.003649944828017837,-0.0010242060728929158
2026-05-07 18:05:00,0.00011870014872705781,-0.0009817662666581515
2026-05-07 18:10:00,0.0010174536558569258,-0.0012581094968590323
2026-05-07 18:15:00,0.0027752570283627875,-0.0010087375564138375
2026-05-07 18:20:00,-0.001283132290938127,-0.000179949586492198
2026-05-07 18:25:00,-0.0018767361336440302,6.048139102198475e-06
2026-05-07 18:30:00,-0.001059968893761365,-0.0004761911862661386
2026-05-07 18:35:00,0.0011707914359480043,2.2592985480977987e-05
2026-05-07 18:40:00,0.0009335068070726038,-0.0007700479193267899
2026-05-07 18:45:00,0.0004856052082740092,-0.000658477839906437
2026-05-07 18:50:00,-0.00019291657054232303,9.53567115310007e-05
2026-05-07 18:55:00,-0.00018663165963417327,-0.000927108269362035
2026-05-07 19:00:00,-0.0021711479422563684,-0.0005966890698320169
2026-05-07 19:05:00,-0.00013145898286559543,-0.0010253910921502513
2026-05-07 19:10:00,-0.003456854945453003,-0.0004965212759207631
2026-05-07 19:15:00,-0.0014287782126647386,-0.0001103245994741707
2026-05-07 19:20:00,-0.002658328051275305,5.469356527991834e-05
2026-05-07 19:25:00,0.0002681370238803993,1.5242101689461074e-05
2026-05-07 19:30:00,-0.00013192471798895156,-0.00034197521084095483
2026-05-07 19:35:00,0.0004910062005816229,-0.0009843027665278885
2026-05-07 19:40:00,0.0027113762599952906,-0.001746765543371837
2026-05-07 19:45:00,0.00180500667152117,-9.650527259391006e-05
2026-05-07 19:50:00,0.00028259121456919445,-0.00018700963423951922
2026-05-07 19:55:00,-0.0008597896062045862,-0.0009644109326390654
2026-05-07 20:00:00,0.00017628649361967064,-0.0008020999083922255
2026-05-07 20:05:00,-0.0001168513450391373,-0.00010958376587144136
2026-05-07 20:10:00,0.0009934682408445639,-0.00013103570597601207
2026-05-07 20:15:00,0.001093131739942521,-0.0003544175137060734
2026-05-07 20:20:00,0.0013843418732015778,-0.00028302184060593626
2026-05-07 20:25:00,-0.0014990723848224974,-0.0006853471986829795
2026-05-07 20:30:00,-0.0028148476740810224,-0.0005836891633176269
2026-05-07 20:35:00,-0.0020814844670908883,-0.0007286217922468932
2026-05-07 20:40:00,0.0009600048312741194,0.00040268313635730466
2026-05-07 20:45:00,0.001141765011896112,-0.0005878652604133836
2026-05-07 20:50:00,0.0014107850893019247,-3.723359371845418e-05
2026-05-07 20:55:00,-8.704208702603466e-05,-0.0010110623274611275
2026-05-07 21:00:00,-0.0008141981289568889,-0.0003866608222596618
2026-05-07 21:05:00,-0.002065861743933084,-0.00033383513289297667
2026-05-07 21:10:00,-0.0010195932706498212,-0.00031350956181774186
2026-05-07 21:15:00,0.0012221107903158668,0.0005799003884300658
2026-05-07 21:20:00,0.002343959430190168,-0.0013037395198954955
2026-05-07 21:25:00,0.0009389133512005543,-0.00032365787898629324
2026-05-07 21:30:00,0.0003546637792730678,-0.00019465046192837984
2026-05-07 21:35:00,-0.001134104815985637,0.00018328645104999098
2026-05-07 21:40:00,-0.0014129532963469416,-0.0006768304244387463
2026-05-07 21:45:00,0.0014810071007307357,-0.0008503132144696215
2026-05-07 21:50:00,0.0011510853753673445,-0.0006325945140005312
2026-05-07 21:55:00,0.0018842018377220882,-0.0007506646869154702
2026-05-07 22:00:00,-0.0009778976829277752,-0.0006391581154967072
