timestamp,y_true,y_pred
2026-04-01 13:05:00,0.0006475065425064486,0.0060450279941975035
2026-04-01 13:10:00,0.0014154940928676751,0.0035010713300514073
2026-04-01 13:15:00,-0.000889901157396622,-0.0008682388028346129
2026-04-01 13:20:00,-0.0015813517833134227,-0.0009912730923491665
2026-04-01 13:25:00,-0.0022742385937544185,0.0010797519709881322
2026-04-01 13:30:00,-0.00022759026264829174,-0.0002371719801317781
2026-04-01 13:35:00,-0.0046180408662248595,-0.000959452444792184
2026-04-01 13:40:00,-0.002501181949545739,0.0008990351534537139
2026-04-01 13:45:00,-0.005390451030827137,0.0006051609184214937
2026-04-01 13:50:00,-0.006034917056570777,0.0019079006868423557
2026-04-01 13:55:00,-0.005814282753290101,0.0026118469532039096
2026-04-01 14:00:00,-0.005810635778662032,0.004929779858881106
2026-04-01 14:05:00,-0.002869509074651333,0.0014769386294238831
2026-04-01 14:10:00,-0.0025455296032941277,0.001371194879514538
2026-04-01 14:15:00,-0.00012026064927894708,0.005961554296083143
2026-04-01 14:20:00,0.0012353149564798827,-0.0012330283078186143
2026-04-01 14:25:00,0.0006123168783265243,0.005964792573004612
2026-04-01 14:30:00,-0.0012357917176171185,-0.0029609181378481004
2026-04-01 14:35:00,0.0021599875086266707,-0.0012579449383300087
2026-04-01 14:40:00,-0.0010115038340750004,0.0010996686829122639
2026-04-01 14:45:00,0.0023300145403499783,-0.003112551542812727
2026-04-01 14:50:00,0.0019425640767352093,0.0026037071204382993
2026-04-01 14:55:00,0.0022072870547624746,0.00044476187974246156
2026-04-01 15:00:00,0.005208119517776666,0.00020719691311775511
2026-04-01 15:05:00,0.0027788412215095093,-0.002931448023215002
2026-04-01 15:10:00,0.0026846503603366045,0.0018557332105542642
2026-04-01 15:15:00,0.0017560562613780917,0.0008337025741766272
2026-04-01 15:20:00,0.00021945187761573948,0.0028001958052448635
2026-04-01 15:25:00,0.0010590561888754735,0.0008559824183897399
2026-04-01 15:30:00,0.0010271217978932157,-8.195642916802628e-05
2026-04-01 15:35:00,0.0007203640045272408,0.0013490695466782444
2026-04-01 15:40:00,0.0022996891235695927,0.0005257170241698946
2026-04-01 15:45:00,0.0031739176296134985,-0.0019408133776819263
2026-04-01 15:50:00,0.005765304975119179,0.0026423306060728464
2026-04-01 15:55:00,0.005478092433479631,-2.4152410869244086e-05
2026-04-01 16:00:00,0.004497460811263565,0.00039181585696592027
2026-04-01 16:05:00,0.006475738694774691,0.0016336029543330794
2026-04-01 16:10:00,0.0044269867786876915,-0.001329448632938148
2026-04-01 16:15:00,0.004681772576430987,0.00041184843494564214
2026-04-01 16:20:00,0.006456452043876126,-0.0002758498713028745
2026-04-01 16:25:00,0.006578100021679134,0.0022338423798226033
2026-04-01 16:30:00,0.007547586025728137,0.0012910077851627907
2026-04-01 16:35:00,0.006780056882568886,0.0010177737013763982
2026-04-01 16:40:00,0.006717076797023935,9.085901833594294e-05
2026-04-01 16:45:00,0.005423645494030183,0.0013001656499024127
2026-04-01 16:50:00,0.0036928220426659664,-0.00039132011986174137
2026-04-01 16:55:00,0.0053855750604991925,0.0001372147505892901
2026-04-01 17:00:00,0.004086697142478002,0.0015544489592058505
2026-04-01 17:05:00,0.002563135582795084,0.0015591124482039836
2026-04-01 17:10:00,0.00194964119189045,0.006743251734051432
2026-04-01 17:15:00,0.002512548353527322,-0.0005659365834862382
2026-04-01 17:20:00,0.0020167060403455395,0.00195537784101801
2026-04-01 17:25:00,0.000523545967775263,0.0035800053482961396
2026-04-01 17:30:00,0.00047271336253729146,0.0018180988449845608
2026-04-01 17:35:00,-0.00018614671133398986,0.002809919161697703
2026-04-01 17:40:00,-0.00036780917806034097,0.00031731711024321767
2026-04-01 17:45:00,-0.00010450631227598706,0.0003946224987845417
2026-04-01 17:50:00,-0.0004451787528889639,-0.0008843004340912722
2026-04-01 17:55:00,0.00014204931223993356,0.0028872676283873753
2026-04-01 18:00:00,0.0006078081602076679,0.005161714315865413
2026-04-01 18:05:00,0.0011737090549281959,0.0009507024016179884
2026-04-01 18:10:00,0.0029340590188802196,0.0006217684128001342
2026-04-01 18:15:00,0.0008361152068498967,0.0015964174250813182
2026-04-01 18:20:00,0.0015594756968244639,-0.0010146827007335207
2026-04-01 18:25:00,0.001803087490589661,0.00037601816357768866
2026-04-01 18:30:00,-0.0004392395787835568,0.0026990893246548885
2026-04-01 18:35:00,0.00041407694894068925,0.005375466828852739
2026-04-01 18:40:00,-0.0004264936226494598,0.004393039844599706
2026-04-01 18:45:00,-0.0008720082776445537,0.0008409503997640068
2026-04-01 18:50:00,-0.0007947081225427866,0.003854055146791669
2026-04-01 18:55:00,-0.0028008381075572686,0.002550445649242687
2026-04-01 19:00:00,-0.0052484986857219695,0.0015736230167483368
2026-04-01 19:05:00,-0.0049883659653087165,0.003938809654248934
2026-04-01 19:10:00,-0.0036254321763085073,0.001880792531849951
2026-04-01 19:15:00,-0.005008310505846936,-0.0003325434519308894
2026-04-01 19:20:00,-0.006643581861542458,0.004637533599678802
2026-04-01 19:25:00,-0.006350319200661758,0.004696084434595001
2026-04-01 19:30:00,-0.00498737414493533,-0.0003246983407835883
2026-04-01 19:35:00,-0.00714485847290014,0.0026526935462352773
2026-04-01 19:40:00,-0.005161588528903138,-0.0022718830977161626
2026-04-01 19:45:00,-0.004995742415800919,0.004415544701177192
2026-04-01 19:50:00,-0.005128479904874084,-0.0009541809651299485
2026-04-01 19:55:00,-0.004240211898039803,0.0001980272911716806
2026-04-01 20:00:00,-0.0011887635949676678,0.0027705331938077974
2026-04-01 20:05:00,-0.0018980875753111803,-0.0013665508263706744
2026-04-01 20:10:00,-0.0023815605119832384,-0.001994688273722595
2026-04-01 20:15:00,-0.0002142132606195446,0.003526589820790597
2026-04-01 20:20:00,0.0010697244851023413,0.0023803042751163
2026-04-01 20:25:00,0.0024031454103106142,0.002185480687897617
2026-04-01 20:30:00,0.002391926136029454,0.0011592197648400175
2026-04-01 20:35:00,0.0056089848575151535,-0.0030799270926895068
2026-04-01 20:40:00,0.0025086477486926384,-0.0007136952830979444
2026-04-01 20:45:00,0.0023877311004341095,0.001724167849939211
2026-04-01 20:50:00,0.0021678676848573275,0.0013303564528091777
2026-04-01 20:55:00,0.002777061840239625,0.001065321396560351
2026-04-01 21:00:00,0.0014909798497857452,-0.0018201467606920015
2026-04-01 21:05:00,0.0020197446284253573,-0.001337195357017564
2026-04-01 21:10:00,0.0018365054059987784,0.00080995511258754
2026-04-01 21:15:00,0.0021065360739349615,-0.0013689428461513351
2026-04-01 21:20:00,0.0004913953416334493,0.0045963998805644245
2026-04-01 21:25:00,-0.0008186054778960283,0.0010001742525063933
2026-04-01 21:30:00,-0.0015323582418691473,0.00421693328018306
2026-04-01 21:35:00,-0.003665063415963843,0.0024314409153152377
2026-04-01 21:40:00,-0.0020778465042639027,0.0022687981024785532
2026-04-01 21:45:00,-0.0010325137798812278,0.001739935162293153
2026-04-01 21:50:00,-0.001566611756672387,0.0016410904142906818
2026-04-01 21:55:00,-0.0017783642690076817,-0.0028927255022684916
2026-04-01 22:00:00,-0.0017873406049631058,0.0008452866216808487
2026-04-01 22:05:00,-0.001742365522959588,-1.0128388807204015e-05
2026-04-01 22:10:00,-0.0018175984586399352,-0.0035083195166573655
2026-04-01 22:15:00,-0.0018041306888143538,0.004805872736712041
2026-04-01 22:20:00,0.001202269979909687,0.0035191638850401758
2026-04-01 22:25:00,0.0022526972665204426,0.0017051513308840981
2026-04-01 22:30:00,0.003504173044071024,-0.001119545360154736
2026-04-01 22:35:00,0.0035142783911439324,0.0019797888930248534
2026-04-01 22:40:00,0.00350883808184399,0.0012767043917872093
2026-04-01 22:45:00,0.003743030730532837,0.003073369660205176
2026-04-01 22:50:00,0.004378668987531142,-0.0022192675737610235
2026-04-01 22:55:00,0.003796448068349889,0.002827390259124631
2026-04-02 00:00:00,0.004647571645636006,0.00020694325055073103
2026-04-02 00:05:00,0.00592005281855279,0.002661428657338057
2026-04-02 00:10:00,0.0065204376109431195,-0.002667541401982118
2026-04-02 00:15:00,0.007032373371886891,-0.002365007030455059
2026-04-02 00:20:00,0.005076370689067744,-0.004205582341832196
2026-04-02 00:25:00,0.004646645505877345,0.000145794761675762
2026-04-02 00:30:00,0.003352159260870735,0.0037440163346164883
2026-04-02 00:35:00,0.0035917115739660943,-0.002416783208603442
2026-04-02 00:40:00,0.0028140999449419724,-3.5446736896541195e-05
2026-04-02 00:45:00,0.0007778635492670105,-0.004150066168600224
2026-04-02 00:50:00,0.001365456265066456,0.00014732819231533776
2026-04-02 00:55:00,0.0013159507026347939,0.0013730229500510099
2026-04-02 01:00:00,0.0005773394435077961,0.001177835383548603
2026-04-02 01:05:00,0.0005303799231448636,0.0010370284753262677
2026-04-02 01:10:00,0.00029423763970726213,0.003532714598936783
2026-04-02 01:15:00,-6.463726507277556e-05,0.0013478692448711188
2026-04-02 01:20:00,0.0002232117255918098,0.0014292881399368901
2026-04-02 01:25:00,-0.0011121417593269456,-9.919974877541444e-05
2026-04-02 01:30:00,-0.0005509550025841747,0.005274214756845485
2026-04-02 01:35:00,8.347506705419505e-06,0.00048579573024148926
2026-04-02 01:40:00,-0.0003654272459368002,0.0020496939316625483
2026-04-02 01:45:00,0.0008023217615136247,0.0003003513675272358
2026-04-02 01:50:00,0.000576569967904561,0.0017478008454423605
2026-04-02 01:55:00,0.0006249405830569543,0.0017109138831465315
2026-04-02 02:00:00,-0.00826926496828051,0.0014923150860575568
2026-04-02 02:05:00,-0.009094965709611103,-0.003819676942985279
2026-04-02 02:10:00,-0.008917636994715039,-0.00015849134620713287
2026-04-02 02:15:00,-0.014456008158969524,-0.005238218517148737
2026-04-02 02:20:00,-0.01677038667648212,-0.0005553724314576087
2026-04-02 02:25:00,-0.020094534637090433,-0.0013008984860948653
2026-04-02 02:30:00,-0.02338865512317234,-0.0021567184875115027
2026-04-02 02:35:00,-0.019868991899578248,0.003095435675996154
2026-04-02 02:40:00,-0.020705617136300702,0.0042740533564999674
2026-04-02 02:45:00,-0.01943778386534234,0.003092936403385158
2026-04-02 02:50:00,-0.018355481295696308,-0.0029523388461157353
2026-04-02 02:55:00,-0.019135312729527953,-0.003138630562462512
2026-04-02 03:00:00,-0.009244398808050391,0.0016812371400387752
2026-04-02 03:05:00,-0.011843812127295905,0.0005154106240086004
2026-04-02 03:10:00,-0.012794652512818416,0.00117730899095887
2026-04-02 03:15:00,-0.0076641420476875055,0.002755125252273163
2026-04-02 03:20:00,-0.0034208697713662417,-0.014514582917743536
2026-04-02 03:25:00,-0.001208500572827731,0.0024349748851904174
2026-04-02 03:30:00,-0.0019914594177468103,-0.0022667014548694085
2026-04-02 03:35:00,-0.0080470215317483,0.003862718350813239
2026-04-02 03:40:00,-0.0028099622617947517,-0.003850746805140244
2026-04-02 03:45:00,-0.004099227826880991,0.003579395122055915
2026-04-02 03:50:00,-0.004378650980518373,-0.00796112300942161
2026-04-02 03:55:00,-0.0017671784854957906,0.0020263026861079394
2026-04-02 04:00:00,-0.004004679604440398,-0.005289931664111859
2026-04-02 04:05:00,-0.001760223885515444,-0.0074513163439712295
2026-04-02 04:10:00,6.609857432060551e-05,0.002968864190787478
2026-04-02 04:15:00,-0.00017055678302924093,-0.0008929460622175283
2026-04-02 04:20:00,-0.0001553854360132334,-0.004171539630282439
2026-04-02 04:25:00,0.0006310749163151996,0.0013744507359466193
2026-04-02 04:30:00,0.004437382499975939,-0.003816907350447193
2026-04-02 04:35:00,0.005717590485453172,-0.002205834510539695
2026-04-02 04:40:00,0.0019972515068786834,-7.988602803385238e-05
2026-04-02 04:45:00,0.00032496617003374695,0.001339407021920867
2026-04-02 04:50:00,-0.0006625163467113282,0.00028822603072605895
2026-04-02 04:55:00,-0.0020268235262559386,-0.003505482171343811
2026-04-02 05:00:00,-0.00064335143419747,-0.0031576373509929877
2026-04-02 05:05:00,-0.0025059240126257265,0.0009223759125679349
2026-04-02 05:10:00,-0.004678183637629729,-0.0004634748794337059
2026-04-02 05:15:00,-0.004684610076857609,-0.006153354539733191
2026-04-02 05:20:00,-0.0066423714133669876,0.0003128907270099754
2026-04-02 05:25:00,-0.005464733882595496,0.0034460802409603214
2026-04-02 05:30:00,-0.0051892211664021914,-0.002300881298749218
2026-04-02 05:35:00,-0.004593746650073172,-0.008154068038809092
2026-04-02 05:40:00,-0.0051990292461923104,-0.0047116141684047045
2026-04-02 05:45:00,-0.002684134405441796,-0.0018398222314641177
2026-04-02 05:50:00,-0.002358698630182232,0.0034028164575021047
2026-04-02 05:55:00,-0.000928284729214468,-0.006377983762325326
2026-04-02 06:00:00,-0.0009518931090450877,-0.01089626240686821
2026-04-02 06:05:00,-0.0005246438163659661,-0.00853897568225671
2026-04-02 06:10:00,0.0005353915338996984,0.0018938639626980103
2026-04-02 06:15:00,0.0008564944209084047,-0.004285084267593725
2026-04-02 06:20:00,0.0015930628068012709,-0.009282987157951289
2026-04-02 06:25:00,0.002420818930623625,0.001545270562420524
2026-04-02 06:30:00,-0.003696719028274842,-0.002278752410652101
2026-04-02 06:35:00,-0.003958359755877439,0.0011447705571138824
2026-04-02 06:40:00,-0.005858204716991722,-0.00850144951417525
2026-04-02 06:45:00,-0.016209960566792248,-0.0004290115102022944
2026-04-02 06:50:00,-0.013427190320317806,0.0007941483845071358
2026-04-02 06:55:00,-0.017069308321190135,-0.0004251535761723763
2026-04-02 07:00:00,-0.018881651126470445,-0.0018237835059378529
2026-04-02 07:05:00,-0.021814369731648853,-0.003472597241563774
2026-04-02 07:10:00,-0.019323844627905373,-0.0030996003908516944
2026-04-02 07:15:00,-0.017595356622896574,0.0008085630242330824
2026-04-02 07:20:00,-0.018741181445308897,-0.0038682310320282288
2026-04-02 07:25:00,-0.018915904639680292,-0.004511832723673576
2026-04-02 07:30:00,-0.012406792895253815,0.0024760293138017045
2026-04-02 07:35:00,-0.011297207579833213,-0.0031160357857523964
2026-04-02 07:40:00,-0.010103560359514319,-0.018198012538430165
2026-04-02 07:45:00,0.0018738110540166275,-0.01637158082130233
2026-04-02 07:50:00,-0.001210465785897341,-0.004827414955936274
2026-04-02 07:55:00,0.001059509961583771,-0.004328666198265254
2026-04-02 08:00:00,0.003917928860351694,-0.003080227567683471
2026-04-02 08:05:00,0.008788142077822414,0.001975635648569027
2026-04-02 08:10:00,0.008589303203384802,-0.008588598259282567
2026-04-02 08:15:00,0.00716055416665462,-0.015648027874055597
2026-04-02 08:20:00,0.006756870543028981,-0.009290413819780626
2026-04-02 08:25:00,0.006713824551898284,-0.004810847460731146
2026-04-02 08:30:00,0.008566825412790635,-0.001627383821456187
2026-04-02 08:35:00,0.008681215793426844,0.001111730863507209
2026-04-02 08:40:00,0.01070753192218632,0.004017739190078836
2026-04-02 08:45:00,0.010677223910720457,-0.0006556592534640799
2026-04-02 08:50:00,0.010101565854078842,-0.018283365548485375
2026-04-02 08:55:00,0.009791218591596262,-0.013545725039067272
2026-04-02 09:00:00,0.008186641254386728,-0.005060788738720374
2026-04-02 09:05:00,0.0053305987813754285,-0.002794323147798561
2026-04-02 09:10:00,0.004357644097487068,0.0010585984116494782
2026-04-02 09:15:00,0.0039737538813309214,-0.0012667651580548637
2026-04-02 09:20:00,0.00396114580638951,-0.002096208938005398
2026-04-02 09:25:00,0.002861145717805158,-0.004807408203676304
2026-04-02 09:30:00,0.0014045264298374605,-0.014722179564749607
2026-04-02 09:35:00,0.001121361622891115,-0.005093079931133777
2026-04-02 09:40:00,-0.0013896803382742462,-0.012716898064454765
2026-04-02 09:45:00,-0.004473711246177459,0.005674627361931722
2026-04-02 09:50:00,-0.003975222140821799,-0.00016030746753794412
2026-04-02 09:55:00,-0.005172533266479817,-0.0016445019376400511
2026-04-02 10:00:00,-0.004955039038890163,-0.008987795847848534
2026-04-02 10:05:00,-0.0033448065111976177,0.0021636027558888634
2026-04-02 10:10:00,-0.0038751663594513985,-0.007260880251541185
2026-04-02 10:15:00,-0.003584531024712234,-0.0015170586373111183
2026-04-02 10:20:00,-0.0021266520598484107,0.0013152977195770967
2026-04-02 10:25:00,-0.0031035521219830997,-0.0012554477909920436
2026-04-02 10:30:00,-0.0034966316598179503,-0.0030746356650295137
2026-04-02 10:35:00,-0.0037096019203044506,-0.001754822641871447
2026-04-02 10:40:00,-0.0020383797297203188,0.00013505948859681642
2026-04-02 10:45:00,-0.0016305985140014911,-0.00037979394817785244
2026-04-02 10:50:00,-0.00027451298435110516,-0.003017014436465226
2026-04-02 10:55:00,0.00044793318538083327,-0.008750178947840798
2026-04-02 11:00:00,0.0022472818764462943,0.0036526215931638696
2026-04-02 11:05:00,0.0029302862045632594,-0.001161719206249632
2026-04-02 11:10:00,0.00048008305061131296,-0.0021322464952346284
2026-04-02 11:15:00,-0.0023159431582371326,-0.002263944793895729
2026-04-02 11:20:00,-0.0023326376294559026,-0.0010424496278318937
2026-04-02 11:25:00,-0.0002749426588692927,-0.0010880775966087292
2026-04-02 11:30:00,-0.0016434675877246008,-0.0064442400036240875
2026-04-02 11:35:00,-0.0016194335523032066,-0.0005955361818651543
2026-04-02 11:40:00,0.0008413621911476099,-0.005598262693600843
2026-04-02 11:45:00,0.0018164130845601534,0.005254618426457452
2026-04-02 11:50:00,-0.0011464195117270037,-0.006513070306515736
2026-04-02 11:55:00,-0.00023584318917357905,-0.003206184816793084
2026-04-02 12:00:00,-0.00045380777913806014,-0.008761628747810495
2026-04-02 12:05:00,-0.0010586698479304602,-0.018188595573582107
2026-04-02 12:10:00,0.0006462343029500772,0.0030276793364458553
2026-04-02 12:15:00,0.002099726941178659,-0.0011939095378327368
2026-04-02 12:20:00,0.0020537865373739805,-0.0019453578682759175
2026-04-02 12:25:00,-0.0009054636028746899,-0.013868096763806115
2026-04-02 12:30:00,-4.117549538484866e-05,-0.003004920556606579
2026-04-02 12:35:00,-0.0014332629997131363,-0.0032415939106773366
2026-04-02 12:40:00,-0.005545681416483816,0.005729647700046372
2026-04-02 12:45:00,-0.005183328386195285,-0.004556560993849166
2026-04-02 12:50:00,-0.00414237323202471,0.0006114785087467481
2026-04-02 12:55:00,-0.004263409286545894,-0.008048304899317793
2026-04-02 13:00:00,-0.004121778999277126,-0.010125773070920479
2026-04-02 13:05:00,-0.004849613280384801,-0.00015710013222802754
2026-04-02 13:10:00,-0.0030944702965918225,0.0013715623796817095
2026-04-02 13:15:00,-0.0024963558177102385,-0.002700659433989678
2026-04-02 13:20:00,0.0004755132390350525,-0.001675814772480597
2026-04-02 13:25:00,0.002530208538976453,-0.002192046673924944
2026-04-02 13:30:00,0.0016932971580967404,-0.0026946605491211363
2026-04-02 13:35:00,0.0027519573587806434,-0.004210425289926821
2026-04-02 13:40:00,0.0041004381347597985,-0.004707094107692694
2026-04-02 13:45:00,0.0031612798060596248,-0.0033493425079980264
2026-04-02 13:50:00,0.004287370554155956,0.0018298011279502474
2026-04-02 13:55:00,-0.0002651655126495456,-0.0009568261037003169
2026-04-02 14:00:00,-0.0030192491773384234,0.0014307565826545254
2026-04-02 14:05:00,-0.0006627416669218178,-0.005083533212544853
2026-04-02 14:10:00,-0.005504938016333227,-0.0016835158973982029
2026-04-02 14:15:00,-0.004869880206641142,0.0006723540096281109
2026-04-02 14:20:00,-0.009634218079622059,-0.0040535814443455245
2026-04-02 14:25:00,-0.0060863352007451965,0.0008079958528070079
2026-04-02 14:30:00,-0.004899349939938347,0.0033060179322406775
2026-04-02 14:35:00,-0.00706411318930833,-0.013156242041200741
2026-04-02 14:40:00,-0.0037504856790757657,-0.004107402253875386
2026-04-02 14:45:00,0.0032441071017039746,-0.0010435118754217267
2026-04-02 14:50:00,0.0032062042835665494,-0.005660192328495538
2026-04-02 14:55:00,0.009902355972625898,-0.0025457448466452847
2026-04-02 15:00:00,0.010681740858947464,-0.003060713021021409
2026-04-02 15:05:00,0.010327806446239762,0.0018183169703760518
2026-04-02 15:10:00,0.01284249487913236,-0.013685345480753657
2026-04-02 15:15:00,0.015037032021346874,0.0037059917260400467
2026-04-02 15:20:00,0.019820552360469534,-0.0019028206955316806
2026-04-02 15:25:00,0.014625181340859328,-0.00014606275024382748
2026-04-02 15:30:00,0.015144988347959298,-0.005042049562081679
2026-04-02 15:35:00,0.021204402144714862,0.0032703638115527418
2026-04-02 15:40:00,0.019598364728192763,-0.0051913517229224574
2026-04-02 15:45:00,0.009968789446142878,-0.011862680136341402
2026-04-02 15:50:00,0.010413776741184932,-0.0053548947335879836
2026-04-02 15:55:00,0.007791233690742416,-0.013078888043951804
2026-04-02 16:00:00,0.008108552568646843,-0.0055864888701734035
2026-04-02 16:05:00,0.004807361072897365,-0.013381152063774738
2026-04-02 16:10:00,0.005383526662180671,-0.002098773182889604
2026-04-02 16:15:00,0.0026723286471614927,0.0013371850927715615
2026-04-02 16:20:00,-0.0026709091501952997,-0.002804558412634644
2026-04-02 16:25:00,0.001732432787596494,-0.0017231565737599133
2026-04-02 16:30:00,0.000997420915087588,0.003005699057509954
2026-04-02 16:35:00,-0.0037813612838757393,0.002878350578150135
2026-04-02 16:40:00,-0.005614024338029822,0.0038143241297065463
2026-04-02 16:45:00,-0.004597384359650292,0.002512158757042896
2026-04-02 16:50:00,-0.004866147998320969,-0.0024720748011317524
2026-04-02 16:55:00,-0.004522846117504642,0.002600264110356884
2026-04-02 17:00:00,-0.004037477333659112,-0.007129042875512249
2026-04-02 17:05:00,-0.0026669483768735347,0.008787911913259557
2026-04-02 17:10:00,-0.0039172980247581535,0.003254664048838488
2026-04-02 17:15:00,-0.005532570999150721,0.0012574807361086736
2026-04-02 17:20:00,-0.0022803019362811483,0.003763757752025995
2026-04-02 17:25:00,-0.004920317670965346,0.002986410997484597
2026-04-02 17:30:00,-0.003291408032808363,0.0007746043956622158
2026-04-02 17:35:00,-0.001204313387004774,-0.0033014638923245915
2026-04-02 17:40:00,-0.0016858635998531213,-0.0003575295955536623
2026-04-02 17:45:00,0.0003519207613766895,0.009438210236554206
2026-04-02 17:50:00,0.0005575761879281771,0.0034826313171518247
2026-04-02 17:55:00,-0.00027249447401800353,0.0021908653592783893
2026-04-02 18:00:00,0.00019089475000910738,0.00011479073051673517
2026-04-02 18:05:00,0.0009912887564524908,0.005226611700093388
2026-04-02 18:10:00,0.0020709828471279224,-0.0029056278746068744
2026-04-02 18:15:00,0.0034158688351269006,0.004402671565349
2026-04-02 18:20:00,0.002614823969606661,0.0037442358074801806
2026-04-02 18:25:00,0.00012685075810203728,0.002091326735338961
2026-04-02 18:30:00,-0.0015379859715416444,-0.003006561931278202
2026-04-02 18:35:00,-0.0021658387779925903,0.00837255283399978
2026-04-02 18:40:00,-7.51363994346832e-05,0.003336513836834435
2026-04-02 18:45:00,-0.0028532651406667497,0.007653103231423735
2026-04-02 18:50:00,-0.002982356080023507,-0.0029358582026001883
2026-04-02 18:55:00,-0.0022320982281378576,0.004532378000620647
2026-04-02 19:00:00,-0.0020201831904707035,0.0013436525276266265
2026-04-02 19:05:00,-0.0015023364152515484,0.005569351955354653
2026-04-02 19:10:00,-0.0021461768746089405,0.0054649672105504775
2026-04-02 19:15:00,-0.00185472255951602,-0.0020201571261019052
2026-04-02 19:20:00,-0.0026105247249841312,0.004639330021164827
2026-04-02 19:25:00,0.00015048003158391055,-0.0007549406486679865
2026-04-02 19:30:00,0.0015465714312075107,0.002507764566689763
2026-04-02 19:35:00,0.0003824215062024905,-0.00103259580846081
2026-04-02 19:40:00,0.0009677541243782173,0.0071689702270107255
2026-04-02 19:45:00,0.0045167738118099265,0.0007701621837818486
2026-04-02 19:50:00,0.0038374169025114924,-0.002393001237418125
2026-04-02 19:55:00,0.004161561942895631,-0.001746219044169947
2026-04-02 20:00:00,0.004061977464411726,0.003525535271110537
2026-04-02 20:05:00,0.0050367902800605435,-0.00276044501605653
2026-04-02 20:10:00,0.004356212445129515,0.00365569156911729
2026-04-02 20:15:00,0.0033484484396435477,0.0026321458521442287
2026-04-02 20:20:00,0.004523298154081701,-0.00222159826166603
2026-04-02 20:25:00,0.0027969524388336,0.0003316917944075306
2026-04-02 20:30:00,0.0010340086774025536,0.0003039474336647401
2026-04-02 20:35:00,0.0019763764079314683,0.0016011303976792319
2026-04-02 20:40:00,0.0010011008657322407,0.002475146850852394
2026-04-02 20:45:00,0.0002912579795300019,0.00015754190484649464
2026-04-02 20:50:00,0.001429895762791844,2.5019063931150022e-05
2026-04-02 20:55:00,0.0007900052970839511,0.002782414864509812
2026-04-02 21:00:00,0.0006226350500746491,-0.0009478384926233736
2026-04-02 21:05:00,-0.0011075879451567516,0.0004890133677281109
2026-04-02 21:10:00,-0.00031022380221479295,0.002346254043444358
2026-04-02 21:15:00,-0.00037054450117146587,-0.0007082726632338034
2026-04-02 21:20:00,-0.0013833422979701027,0.00178528580450814
2026-04-02 21:25:00,0.000630004970878062,-0.004158162489235519
2026-04-02 21:30:00,0.001769491101184073,-0.0012743559251529222
2026-04-02 21:35:00,0.001493101912195982,-0.0017076096292376664
2026-04-02 21:40:00,0.0004091552287022182,0.0003004950471311611
2026-04-02 21:45:00,0.00022052864874133604,0.0015907354915178716
2026-04-02 21:50:00,-0.0005841265388415451,0.0007435951703505594
2026-04-02 21:55:00,0.0008684994117746925,0.005125534198332687
2026-04-02 22:00:00,-0.0082195391676958,0.002400900582505193
2026-04-02 22:05:00,-0.008583577704621703,0.0021899492969839982
2026-04-02 22:10:00,-0.008751474306530227,-0.00031762479219041024
2026-04-02 22:15:00,-0.006199634556935507,0.0003376556244322414
2026-04-02 22:20:00,-0.005311275715548902,-0.00011913091842317484
2026-04-02 22:25:00,-0.007055529527880466,-0.003990170197232539
2026-04-02 22:30:00,-0.007963751983094625,-2.435312635754083e-05
2026-04-02 22:35:00,-0.006354136038623892,0.0011273427912496879
2026-04-02 22:40:00,-0.005797316915581163,-0.0060586438099991214
2026-04-02 22:45:00,-0.006066175139000762,-0.00293551098572063
2026-04-02 22:50:00,-0.006945740116879762,0.0019014009538310585
2026-04-02 22:55:00,-0.006370800906283947,0.008751350325980418
2026-04-06 00:00:00,0.00025660571164110024,0.008179463563463732
2026-04-06 00:05:00,-0.000651876434222487,-0.00047179289219373194
2026-04-06 00:10:00,3.453724410462655e-05,2.5956985196541907e-07
2026-04-06 00:15:00,-0.0029575345807142384,-0.0021977923994917184
2026-04-06 00:20:00,-0.0049520286665423185,0.0035452011804042354
2026-04-06 00:25:00,-0.005436212677537355,0.0003495586328572746
2026-04-06 00:30:00,-0.00423325439922273,-0.0032336067973475864
2026-04-06 00:35:00,-0.005974256161874081,-0.000843546547633976
2026-04-06 00:40:00,-0.007322983050295662,0.008554203440137333
2026-04-06 00:45:00,-0.006408796295158226,0.0031738573463467212
2026-04-06 00:50:00,-0.0048869849218284855,0.0002665342873739622
2026-04-06 00:55:00,-0.007612188551142651,0.0007237163147405846
2026-04-06 01:00:00,-0.0029430552341978,-0.004422982721460247
2026-04-06 01:05:00,-0.0018132410429387846,0.002687255036254568
2026-04-06 01:10:00,-0.0013283843078664148,-0.0056462293615268735
2026-04-06 01:15:00,-0.002348503719595385,-0.0034343587369637944
2026-04-06 01:20:00,-0.0004352566621292908,-0.005433335338060501
2026-04-06 01:25:00,-0.0014326494521998967,0.0009172815519450688
2026-04-06 01:30:00,-0.0013203382764110927,-0.0029487989792007347
2026-04-06 01:35:00,-0.0008325275930385345,-0.0054420328789400495
2026-04-06 01:40:00,0.002323561120912032,0.0014365899060079484
2026-04-06 01:45:00,0.0009988073641462591,0.003753373561062847
2026-04-06 01:50:00,0.0009892621496199183,-0.0013525184160173994
2026-04-06 01:55:00,0.0024082933123441563,-0.0014875299174554387
2026-04-06 02:00:00,0.0014844860992297981,-0.0019491744033757732
2026-04-06 02:05:00,0.003433513132730326,-0.001839722556483102
2026-04-06 02:10:00,0.003353202491149787,0.004886110671954984
2026-04-06 02:15:00,0.00224256109499521,0.005964796624450892
2026-04-06 02:20:00,0.0034551759257404058,-0.00452516163207573
2026-04-06 02:25:00,0.008181836290640732,-0.0036104580565666446
2026-04-06 02:30:00,0.004217232363325607,-0.006187728818429953
2026-04-06 02:35:00,0.005235115706526017,-0.0036474824124721715
2026-04-06 02:40:00,0.0019357865822637876,0.004844055706399455
2026-04-06 02:45:00,0.0013136127424431265,-0.001489979176206665
2026-04-06 02:50:00,0.0009364076154803058,-0.0026076795120373586
2026-04-06 02:55:00,0.0006941223685537068,0.001650743553903329
2026-04-06 03:00:00,-0.00031529595969637114,-0.0026871595093261617
2026-04-06 03:05:00,-0.0013914193749453574,-0.0007247423951243541
2026-04-06 03:10:00,-0.0012092225699067427,-0.0008082985543186302
2026-04-06 03:15:00,0.00832864442632264,-0.002577400942138224
2026-04-06 03:20:00,0.0069176145181089055,-0.0020944324258082574
2026-04-06 03:25:00,0.004299815068250723,-0.0029342503122998663
2026-04-06 03:30:00,0.005536730978812798,-0.0029968771127335293
2026-04-06 03:35:00,0.003601046298399524,-0.005930026017732232
2026-04-06 03:40:00,0.00501772772515352,0.004106447312380014
2026-04-06 03:45:00,0.006241457150384377,0.0010312946240506509
2026-04-06 03:50:00,0.00521741813772536,0.0015848960953648026
2026-04-06 03:55:00,0.004720636659472532,0.0009744537217983555
2026-04-06 04:00:00,0.0010513193729977388,0.005017697727417631
2026-04-06 04:05:00,-0.00048151511926874946,0.004221046209137689
2026-04-06 04:10:00,-0.0006321365021211278,-0.000619440424761226
2026-04-06 04:15:00,-0.007937361174414903,0.0005805035351250342
2026-04-06 04:20:00,-0.007183139930775795,0.002642015036600962
2026-04-06 04:25:00,-0.0065905543261592925,0.0006358343849306193
2026-04-06 04:30:00,-0.004953607841240881,-0.005651940480408533
2026-04-06 04:35:00,-0.004781960532232787,-0.005695651673521968
2026-04-06 04:40:00,-0.003961655373517559,-0.006045288865440352
2026-04-06 04:45:00,-0.003873958161479507,0.004878087579399269
2026-04-06 04:50:00,-0.003204841015048032,-0.002690902230760648
2026-04-06 04:55:00,-0.001548086248398306,0.0010214220224899551
2026-04-06 05:00:00,0.0029494447279763136,0.0016389735895783347
2026-04-06 05:05:00,0.0035616074351878524,-0.002540124563894315
2026-04-06 05:10:00,0.0021536655656966275,-0.0003434212424054026
2026-04-06 05:15:00,0.0036826573982366995,0.0015166723235406662
2026-04-06 05:20:00,0.002255798961295241,0.004010284560057422
2026-04-06 05:25:00,0.003466424671426438,-0.001158826359118692
2026-04-06 05:30:00,0.0036615749457737934,-0.005524417675395218
2026-04-06 05:35:00,0.004160457140732987,0.0008620877825288115
2026-04-06 05:40:00,0.003497151223335493,0.0022930614029299744
2026-04-06 05:45:00,0.003729949408938893,0.0016993834883473147
2026-04-06 05:50:00,0.004453410748469722,0.004091927936721026
2026-04-06 05:55:00,0.004004168647623985,0.003790723148653676
2026-04-06 06:00:00,0.0031852667124177003,-6.59825331378079e-06
2026-04-06 06:05:00,0.005215980847529167,0.0012443078863216197
2026-04-06 06:10:00,0.006471819827440939,0.0010932391909526846
2026-04-06 06:15:00,0.007213710236671389,0.00019826789401901162
2026-04-06 06:20:00,0.0066878105399208465,0.0009263505096052285
2026-04-06 06:25:00,0.004489747809081734,-0.00034142350218716207
2026-04-06 06:30:00,0.004063942287674038,-0.0028729933519019853
2026-04-06 06:35:00,0.0037039504941098755,0.0023850717347869716
2026-04-06 06:40:00,0.0027408929781387315,-0.00043071048057624536
2026-04-06 06:45:00,0.0016494849100752162,0.001529451206339793
2026-04-06 06:50:00,0.002361782709192184,0.0029252669079136784
2026-04-06 06:55:00,-0.001479803320927786,0.0006329713075024035
2026-04-06 07:00:00,-0.002060780863393674,0.0032881483629564725
2026-04-06 07:05:00,-0.0027548551615552697,0.003519383163263358
2026-04-06 07:10:00,-0.002729584458535328,0.001716011163709959
2026-04-06 07:15:00,-0.003988788709662572,0.0028293545585329895
2026-04-06 07:20:00,-0.0038612362964638436,0.0018982304190998576
2026-04-06 07:25:00,-0.002303550500963425,-0.002536351322163717
2026-04-06 07:30:00,-0.0019751641936149866,0.001368584870229353
2026-04-06 07:35:00,-0.0023367228935864404,-0.002859342168280029
2026-04-06 07:40:00,-0.0012986248209543305,0.002626896128163836
2026-04-06 07:45:00,-0.0007041346733753784,0.0015229388658969446
2026-04-06 07:50:00,-0.0009217400531280617,0.0014527317514176478
2026-04-06 07:55:00,0.0028738396457850257,-0.0023101612347690495
2026-04-06 08:00:00,0.0011253692462869225,-0.004618822684935212
2026-04-06 08:05:00,-0.00023617719410928828,-3.719562676424951e-07
2026-04-06 08:10:00,-0.0018188558251299725,0.0015813338095648946
2026-04-06 08:15:00,-0.0019208008810451815,0.002436758483786143
2026-04-06 08:20:00,-0.002131020911374293,0.0036383982031506844
2026-04-06 08:25:00,-0.0013322161879241179,0.003157421316519794
2026-04-06 08:30:00,-0.00102450332903814,0.0013519294036046026
2026-04-06 08:35:00,0.000457474726056617,-0.0013197026296351494
2026-04-06 08:40:00,0.0018347546200949694,0.0006774882857792847
2026-04-06 08:45:00,0.0033552150351248144,-0.001942292008607832
2026-04-06 08:50:00,0.003897655748913209,-0.0050009385497137146
2026-04-06 08:55:00,0.004149143936922783,0.001978049290728588
2026-04-06 09:00:00,0.007307630646687713,-0.0035027585101095726
2026-04-06 09:05:00,0.00591764576427245,0.001002404107433249
2026-04-06 09:10:00,0.007985159712140089,0.00018429736279793315
2026-04-06 09:15:00,0.007906568090039201,-0.0016748945892833369
2026-04-06 09:20:00,0.009945215591400824,0.0020172697256123835
2026-04-06 09:25:00,0.00862358532165075,0.004933477148713839
2026-04-06 09:30:00,0.008748497969465419,0.0012410921325931145
2026-04-06 09:35:00,0.007137782939395265,0.0016078129664106036
2026-04-06 09:40:00,0.0061555754672468765,0.0018375006436518928
2026-04-06 09:45:00,0.0052556199290787475,0.0023127924075441388
2026-04-06 09:50:00,0.0027924189832919666,0.0011342563521178556
2026-04-06 09:55:00,0.0024620867260658486,0.002457656399452158
2026-04-06 10:00:00,0.0012414941686671455,-0.002182650507109716
2026-04-06 10:05:00,0.00305215539480308,0.005671232074954377
2026-04-06 10:10:00,0.002521424917972581,0.0038250141168228472
2026-04-06 10:15:00,0.0028933405220055164,-0.001996335058197638
2026-04-06 10:20:00,0.0021780123131165396,-0.0029258825930086408
2026-04-06 10:25:00,0.0024973692680081427,0.0018420606536439508
2026-04-06 10:30:00,0.0020046270595930338,0.00026422886323875015
2026-04-06 10:35:00,0.002625313303560972,0.0014540674282345163
2026-04-06 10:40:00,0.0022412061233403335,-0.0025463272110711186
2026-04-06 10:45:00,0.0008236207213521141,-0.004083371313576261
2026-04-06 10:50:00,3.621393917541127e-05,0.003129849089693089
2026-04-06 10:55:00,-0.0006517030764872089,0.004562604838550575
2026-04-06 11:00:00,-0.000325663222410455,0.003217396562788946
2026-04-06 11:05:00,-0.0013224515191776476,0.0023291102683443664
2026-04-06 11:10:00,-0.0031591766408816113,0.0038740966362828667
2026-04-06 11:15:00,-0.0020892685046440818,0.003635737250508326
2026-04-06 11:20:00,-0.0026598167439519926,0.005014518824821448
2026-04-06 11:25:00,-0.002736148764805435,-0.0016613061902134394
2026-04-06 11:30:00,-0.0029530105631643266,0.0042196042656312905
2026-04-06 11:35:00,-0.002218183192159273,0.005624795313009471
2026-04-06 11:40:00,-0.001712910333585782,0.005994873819082413
2026-04-06 11:45:00,-0.001662836423468761,-0.0005716658054888353
2026-04-06 11:50:00,-0.0006797625993844036,0.0007439926234787394
2026-04-06 11:55:00,-0.0008269536183718174,0.006335727847390868
2026-04-06 12:00:00,-0.0008902614932271291,0.0021137285062720547
2026-04-06 12:05:00,2.3440288529741338e-05,0.001655076840119172
2026-04-06 12:10:00,0.0005887083354938483,0.00032447424587241346
2026-04-06 12:15:00,0.00027711637146232704,0.006094380205284643
2026-04-06 12:20:00,-0.00027511636636035064,0.00574960970683713
2026-04-06 12:25:00,-0.0002729606868268064,0.0027859233288907077
2026-04-06 12:30:00,-0.0001215433447452341,0.003145779072816619
2026-04-06 12:35:00,-0.0005201327734809524,0.000204233795647749
2026-04-06 12:40:00,-0.0023645889992867097,0.0007285694773199665
2026-04-06 12:45:00,-0.0021288858058508,0.0015809618200217346
2026-04-06 12:50:00,-0.0016427125939575404,0.00030110640887832317
2026-04-06 12:55:00,-0.0023417689661702212,0.0011334930843671048
2026-04-06 13:00:00,-0.002361538123176743,0.0017083305464380841
2026-04-06 13:05:00,-0.0028637783863221244,0.003558068897300119
2026-04-06 13:10:00,-0.0036123602804050137,0.00257421749317507
2026-04-06 13:15:00,-0.00395938627896264,0.004977534922622125
2026-04-06 13:20:00,-0.005132295902063433,0.0010062103208956336
2026-04-06 13:25:00,-0.004720337819520637,0.0019847518074527747
2026-04-06 13:30:00,-0.0033557329348443687,0.005199710626353141
2026-04-06 13:35:00,-0.0027864598304301325,0.0014836945451697297
2026-04-06 13:40:00,-0.0015809300441294027,0.0013398155149410744
2026-04-06 13:45:00,-0.0008801820750470313,0.0008899356677225251
2026-04-06 13:50:00,-0.0013930852248478232,-0.0006302491551505916
2026-04-06 13:55:00,-0.00043180847186619076,0.002670504858483377
2026-04-06 14:00:00,-0.002170188460725697,-0.0029866535737476056
2026-04-06 14:05:00,-0.001991548878423899,-0.0001657006791156905
2026-04-06 14:10:00,-0.0008628285251557344,-0.0030307524850175086
2026-04-06 14:15:00,-0.0020284699509538484,0.003842329949044026
2026-04-06 14:20:00,0.0017928810095089176,-0.0010137585755945653
2026-04-06 14:25:00,0.0007839895184158507,0.00106583201405617
2026-04-06 14:30:00,-0.0004772529156458205,0.00040552284177801113
2026-04-06 14:35:00,-0.0006951552240650472,0.0028396508150670347
2026-04-06 14:40:00,-0.0023632323047877435,-0.0013083011278829332
2026-04-06 14:45:00,-0.0030438752181733975,0.0041784273308581345
2026-04-06 14:50:00,0.0005066067397265783,0.005201927534769779
2026-04-06 14:55:00,0.0011026655275649944,0.0007154601066792461
2026-04-06 15:00:00,-0.000623061650800949,-0.00018445592037835264
2026-04-06 15:05:00,0.00024407633287282238,0.001135350277319465
2026-04-06 15:10:00,0.0007386955828962982,0.0012747314600559257
2026-04-06 15:15:00,0.004449957174296415,0.0007592041103583801
2026-04-06 15:20:00,0.002820966768956268,-0.0006938472125560393
2026-04-06 15:25:00,0.003360327394821283,-0.0012293956265533076
2026-04-06 15:30:00,0.004342516102346039,0.0002951690288683485
2026-04-06 15:35:00,0.0022633607196738126,-0.00047501183634742817
2026-04-06 15:40:00,0.0038886585020581066,0.0018749333726958183
2026-04-06 15:45:00,0.003150734745014816,-0.0005142213225885332
2026-04-06 15:50:00,0.00118535428737232,-0.0021507074072789913
2026-04-06 15:55:00,0.0002818820342351813,0.0035707917924852972
2026-04-06 16:00:00,0.0006059379966139034,0.001958430102229485
2026-04-06 16:05:00,-0.0008373873576967839,-0.0003730941675500643
2026-04-06 16:10:00,-0.0021619545282849373,0.0033245748121451253
2026-04-06 16:15:00,-0.0037362034533199306,0.0001722634442975913
2026-04-06 16:20:00,-0.004345889479747456,0.0021357685850543822
2026-04-06 16:25:00,-0.0039343359607393324,-0.0009523757323696345
2026-04-06 16:30:00,-0.005192718799467144,-8.19338233705287e-05
2026-04-06 16:35:00,-0.006315560238126849,-0.0007297257594932218
2026-04-06 16:40:00,-0.005057352646327118,-0.0016464261775460192
2026-04-06 16:45:00,-0.003268651815147905,-0.0028722398216784206
2026-04-06 16:50:00,-0.004106676544848753,0.0041473698643600095
2026-04-06 16:55:00,-0.0032357400761853228,-0.002303927215086477
2026-04-06 17:00:00,-0.001165096916215802,0.003992840921716111
2026-04-06 17:05:00,-0.000842377870197808,-0.0003033043974460999
2026-04-06 17:10:00,0.0018065923012624552,-0.0010482575534803281
2026-04-06 17:15:00,0.00029992459263716853,0.003986932399699135
2026-04-06 17:20:00,0.0007434761385614053,-0.0019881542330104475
2026-04-06 17:25:00,-0.00039214300221779297,0.0015065192482569595
2026-04-06 17:30:00,-0.00011998603034157895,-0.0004857372627548379
2026-04-06 17:35:00,0.002218951694391791,-0.0007995631038332912
2026-04-06 17:40:00,0.0006349097611870747,-0.002252755871596114
2026-04-06 17:45:00,0.00020152256799477186,-1.3664826347127959e-05
2026-04-06 17:50:00,-0.0006003018841092,-0.0016394294829667419
2026-04-06 17:55:00,-0.0016593528902486554,0.0011176228149758836
2026-04-06 18:00:00,-0.001677208592186119,0.004702661540543358
2026-04-06 18:05:00,-0.0010598744161427476,0.0020687175943514525
2026-04-06 18:10:00,-0.0037389476055764703,-0.0009238710111784081
2026-04-06 18:15:00,-0.001923219765812334,0.0013756227922826433
2026-04-06 18:20:00,-0.0019659492033774484,-0.0026778756399220517
2026-04-06 18:25:00,-0.002001680534732486,0.0004333661636527005
2026-04-06 18:30:00,-0.001677025153817624,-0.0018101690992198647
2026-04-06 18:35:00,-0.0011496349674189332,-0.0012450169094220774
2026-04-06 18:40:00,-0.0015751448033309856,-0.0006898178974091757
2026-04-06 18:45:00,-0.0026573553288002927,0.001618202367036424
2026-04-06 18:50:00,-0.0015431422849410126,0.002903449978278896
2026-04-06 18:55:00,-0.0014149816470094834,-0.00019199239940540912
2026-04-06 19:00:00,-0.0012844720288409661,0.00453722502291608
2026-04-06 19:05:00,-2.146655189427804e-05,-0.002547457490005382
2026-04-06 19:10:00,0.0013959643869263516,0.0028457848458386704
2026-04-06 19:15:00,0.0007808829951940766,-0.0023825031833457255
2026-04-06 19:20:00,0.00049345846724691,-0.002597700351763415
2026-04-06 19:25:00,0.0009552134447599059,0.001743199778537188
2026-04-06 19:30:00,2.1463096352647426e-05,0.0034357582184663606
2026-04-06 19:35:00,-0.0021032173647181907,0.0002782262754580293
2026-04-06 19:40:00,-0.001248572416606919,-0.0008292313856122921
2026-04-06 19:45:00,-0.00036330530836004016,-0.0011696565673518418
2026-04-06 19:50:00,-0.0009863682144786168,-0.0015305133224533661
2026-04-06 19:55:00,0.0009578544793651389,-0.0033146635135605927
2026-04-06 20:00:00,0.0012694459424800186,0.0019690659786773946
2026-04-06 20:05:00,-0.0015425040170882198,-0.0005198412046655337
2026-04-06 20:10:00,-0.0018602858088687668,-0.0029604305735838033
2026-04-06 20:15:00,-0.0032519725198962846,-0.0003261823810914744
2026-04-06 20:20:00,-0.0031709570584048663,-0.0028546907575905337
2026-04-06 20:25:00,-0.002281144396206969,-0.0016033012606701028
2026-04-06 20:30:00,-0.001527175313004392,-0.0011063169466036852
2026-04-06 20:35:00,0.0003268367393580718,-0.0006723380692819641
2026-04-06 20:40:00,0.00030315311721906824,-0.0027448404923242574
2026-04-06 20:45:00,0.0009713850521499978,-0.0012086953044277784
2026-04-06 20:50:00,0.0008209669387930774,-0.0012560241215269642
2026-04-06 20:55:00,-0.000549687701051127,6.568384196747443e-05
2026-04-06 21:00:00,-0.0007043327490219298,-0.0009171214502532613
2026-04-06 21:05:00,0.0005631393230807191,-0.0009166689198931518
2026-04-06 21:10:00,0.0013665519256900183,0.002734586248574404
2026-04-06 21:15:00,0.0018742898985593115,-0.001098069443858776
2026-04-06 21:20:00,0.001954034605603283,-0.002583659464991171
2026-04-06 21:25:00,0.001328078521741105,-0.0007778321848067548
2026-04-06 21:30:00,0.0010334075112297114,-0.00046042428516396934
2026-04-06 21:35:00,0.0002558042316245235,-0.0024935601567765485
2026-04-06 21:40:00,0.000270825050822765,-0.0003011914688458116
2026-04-06 21:45:00,-0.001100400940636348,-0.0027586849394338362
2026-04-06 21:50:00,-0.0005973908381466941,-0.00045022565410258867
2026-04-06 21:55:00,-0.0013024193309583154,-0.0009456602998007872
2026-04-06 22:00:00,0.0014746653283008726,-0.00028476613550286136
2026-04-06 22:05:00,0.0029095111693688835,-0.0012845102189579724
2026-04-06 22:10:00,0.00145259824946109,1.918682522840763e-05
2026-04-06 22:15:00,0.0017443155947525213,-0.002725689206531872
2026-04-06 22:20:00,0.001081781954741956,-0.0008445907464487587
2026-04-06 22:25:00,0.0012834217179040763,0.000528967623687253
2026-04-06 22:30:00,0.0007148108899812655,0.0028145537673262668
2026-04-06 22:35:00,0.00175661675344152,0.00018085470878929875
2026-04-06 22:40:00,0.001419556396218269,0.0011427280602879764
2026-04-06 22:45:00,0.0023798131008447854,0.00038649601242342715
2026-04-06 22:50:00,0.0012116005778608496,-0.0026937021639239027
2026-04-06 22:55:00,0.0018821593660049984,-0.0002714562161785686
2026-04-07 00:00:00,-0.0005084816782598978,0.0006815813856307809
2026-04-07 00:05:00,-0.001633948750484393,0.00023805484308861912
2026-04-07 00:10:00,-0.0008107917245769869,0.0005444003893412604
2026-04-07 00:15:00,-0.0013836171240253492,-0.0008496012655706298
2026-04-07 00:20:00,-0.001657492156416751,0.00037617519386174395
2026-04-07 00:25:00,-0.0017216215827158265,0.0011773143029094961
2026-04-07 00:30:00,-0.0013312893569246143,0.00031492365185580446
2026-04-07 00:35:00,-0.0011549824387024898,-0.0004540772753017934
2026-04-07 00:40:00,-0.0009661960970124284,0.0016728159722626498
2026-04-07 00:45:00,-0.0011526859177184434,0.0001397849275060846
2026-04-07 00:50:00,0.0004185631753426122,0.0002484457202092846
2026-04-07 00:55:00,1.2879295244516697e-05,-0.0010189205145730888
2026-04-07 01:00:00,-0.0010048504198234554,-0.0009233494069487505
2026-04-07 01:05:00,-0.001277711202833487,0.0001249960130774718
2026-04-07 01:10:00,-0.0005065421310970208,0.00074349803477445
2026-04-07 01:15:00,-1.931983449487973e-05,6.686366828170645e-06
2026-04-07 01:20:00,0.0011510891518096145,-0.0023644404791561364
2026-04-07 01:25:00,0.0010479232539246652,-0.0015042838296309533
2026-04-07 01:30:00,0.0014686119106528395,-1.4406531479469967e-05
2026-04-07 01:35:00,0.0011442545400512927,-2.8025197551876696e-05
2026-04-07 01:40:00,0.0012086721000503786,-0.0019339140242829564
2026-04-07 01:45:00,0.0006677323435919646,-0.0006945922280327454
2026-04-07 01:50:00,-0.00047867894114972387,8.156739432051178e-05
2026-04-07 01:55:00,-0.001374727150627919,-0.0015414248078359641
2026-04-07 02:00:00,0.0013717555789565239,-1.0990328704163938e-05
2026-04-07 02:05:00,-0.0017527960502103923,-0.0009879413683959093
2026-04-07 02:10:00,-0.0036456474938457717,6.458916450240828e-05
2026-04-07 02:15:00,-0.0015790477650465817,0.002752189423667438
2026-04-07 02:20:00,-0.0019916195307896345,-8.954745051176658e-05
2026-04-07 02:25:00,-0.001067260024191441,-0.0023644360380147183
2026-04-07 02:30:00,-0.0005708705931350977,-0.00013848531596519415
2026-04-07 02:35:00,-0.0045892060199630436,0.00018413073280416318
2026-04-07 02:40:00,-0.004020239878206766,-0.00016015136415665845
2026-04-07 02:45:00,-0.005224921881698208,-0.0035160773954839254
2026-04-07 02:50:00,-0.006637056677504916,-0.0014114945680333108
2026-04-07 02:55:00,-0.005429272929054818,-0.0003675171530795217
2026-04-07 03:00:00,-0.007206055220400742,-0.00021488438090897625
2026-04-07 03:05:00,-0.0029447228644698953,-0.0005585795006536575
2026-04-07 03:10:00,-0.0030233702831292675,0.00046722954457797375
2026-04-07 03:15:00,-0.004298598210874971,0.0006153156965018389
2026-04-07 03:20:00,-0.004260796082171225,-0.0006105736883331258
2026-04-07 03:25:00,-0.004245943456275825,-0.004476801650619677
2026-04-07 03:30:00,-0.004296260993029932,-0.00043509195007970103
2026-04-07 03:35:00,0.0006722776242540363,-0.00076241855031352
2026-04-07 03:40:00,0.0008634565712881681,0.0010893404250434447
2026-04-07 03:45:00,0.0035536793172585845,-0.0007132096201496598
2026-04-07 03:50:00,0.0051544894594552915,0.00013460073038766554
2026-04-07 03:55:00,0.005061642859654825,-0.00023618299071839814
2026-04-07 04:00:00,0.004122872439886294,-0.000551201197766845
2026-04-07 04:05:00,0.00305664950958473,-0.001533612794891055
2026-04-07 04:10:00,0.003975316460222089,-0.00041076830202066693
2026-04-07 04:15:00,0.002305656779892473,-0.0027105482942074367
2026-04-07 04:20:00,0.0026551618131449573,-0.0002477339829170798
2026-04-07 04:25:00,0.0017375899305847042,-0.000890526985174983
2026-04-07 04:30:00,0.001669494423365947,-0.00021810127708316127
2026-04-07 04:35:00,0.0006739785335660997,-0.0007319368972186898
2026-04-07 04:40:00,0.00043897873594822556,-0.00011094357731247346
2026-04-07 04:45:00,-0.0007592108443610357,0.0008398270278668787
2026-04-07 04:50:00,-0.0005635220707773669,-0.00010875683536865468
2026-04-07 04:55:00,-0.00016988644529902786,-0.0027414392169508956
2026-04-07 05:00:00,0.0005206182136046067,-0.0002832006537982272
2026-04-07 05:05:00,0.0005336317207156327,-0.00017510965060092787
2026-04-07 05:10:00,0.00024322547228727842,-0.0021151457444855775
2026-04-07 05:15:00,0.0016295150256677715,-0.00015098613504068158
2026-04-07 05:20:00,0.0015583199990327756,-0.0027310996959120197
2026-04-07 05:25:00,0.0016872701224048825,-9.160893054199264e-05
2026-04-07 05:30:00,0.002847856630420864,-0.00225434341447612
2026-04-07 05:35:00,0.0028008603597182713,-5.577675834475856e-05
2026-04-07 05:40:00,0.003041729427527784,0.0009793356646118224
2026-04-07 05:45:00,0.002893953832316498,5.910141047223166e-05
2026-04-07 05:50:00,0.00300965313295265,-0.0033035116314960927
2026-04-07 05:55:00,0.0022942539885431046,0.0001707284235750429
2026-04-07 06:00:00,0.0015409035492766066,0.00010052710504784814
2026-04-07 06:05:00,0.0014595765520741821,0.0004401287918130912
2026-04-07 06:10:00,0.0020145583870139205,0.00023082159296001603
2026-04-07 06:15:00,0.0011564845023830372,0.00247529162545036
2026-04-07 06:20:00,-0.0006518743769898805,0.00028041035957085506
2026-04-07 06:25:00,-0.0038219543637882936,-0.0009534641075109155
2026-04-07 06:30:00,-0.0058959756897571935,0.00025749371179212385
2026-04-07 06:35:00,-0.00409323145866658,0.0006876728491485623
2026-04-07 06:40:00,-0.006621578784898219,0.0001190599125666026
2026-04-07 06:45:00,-0.005384250292516768,-0.0025943176867115236
2026-04-07 06:50:00,-0.004934904882457403,-2.174101360388653e-05
2026-04-07 06:55:00,-0.0037340708704967085,0.0013376905019983508
2026-04-07 07:00:00,-0.002414491555345677,-0.00018626805999845405
2026-04-07 07:05:00,-0.0025185110874872407,0.0010451112535902374
2026-04-07 07:10:00,-0.001863917409369975,-0.00020120805005591506
2026-04-07 07:15:00,-0.002600742537300249,-0.0002211575906596655
2026-04-07 07:20:00,-0.0009215241109625794,-0.003061371448768064
2026-04-07 07:25:00,0.001953736332346523,-0.0002594203091389389
2026-04-07 07:30:00,0.002559407321712115,0.00190900698919371
2026-04-07 07:35:00,0.0013461836654862225,-0.00019222236136001532
2026-04-07 07:40:00,0.004517413265329395,-0.000630454336266759
2026-04-07 07:45:00,0.0031785573382325794,-0.00014079915089608165
2026-04-07 07:50:00,0.0031465314065961536,-0.0022753844140141195
2026-04-07 07:55:00,0.0024866324123795636,-7.699871427068625e-05
2026-04-07 08:00:00,0.0013272943755247013,-0.001752613928155128
2026-04-07 08:05:00,0.00237028608165879,2.5627336098280057e-05
2026-04-07 08:10:00,0.0009850628290113406,-6.0310708587761583e-05
2026-04-07 08:15:00,0.0020291162449783684,-0.001547830272256623
2026-04-07 08:20:00,0.00124213590124711,3.9356367061757346e-05
2026-04-07 08:25:00,-0.0002650185259156501,-6.005942374334279e-05
2026-04-07 08:30:00,-0.00010983153791244149,3.052361991011702e-05
2026-04-07 08:35:00,-8.609816051219354e-06,-0.0013265011697214466
2026-04-07 08:40:00,-0.0020482948442879234,-1.1118050274964013e-05
2026-04-07 08:45:00,-0.0016676981566465798,0.0014759077508167849
2026-04-07 08:50:00,-0.003030135790700328,-4.3703013253729065e-05
2026-04-07 08:55:00,-0.0017309542952812507,-0.0011297796966928829
2026-04-07 09:00:00,-0.0002988639965320061,-0.00010933324291635244
2026-04-07 09:05:00,-0.0006941571803249502,0.0008401630064885803
2026-04-07 09:10:00,0.0025034526780487454,-0.00017381721878179687
2026-04-07 09:15:00,0.001941339532265829,0.000289336493524085
2026-04-07 09:20:00,0.007540169037284272,-0.0038266680793980017
2026-04-07 09:25:00,0.007885954830841868,-0.00016840269336767998
2026-04-07 09:30:00,0.008942883204055008,0.003149071356247693
2026-04-07 09:35:00,0.007607925913845293,4.087492834893269e-05
2026-04-07 09:40:00,0.00860382698367168,-0.0016925631891430257
2026-04-07 09:45:00,0.008323631937603437,0.00017017211069066975
2026-04-07 09:50:00,0.009675816960543315,0.0027790834045111202
2026-04-07 09:55:00,0.007858696113515862,0.0002766964210128494
2026-04-07 10:00:00,0.007028625465990146,0.0016935349846654373
2026-04-07 10:05:00,0.007408781951788512,0.00044229475050861346
2026-04-07 10:10:00,0.004729971990652615,0.00486529615714325
2026-04-07 10:15:00,0.006238678313588153,0.0005909323081730855
2026-04-07 10:20:00,0.0023119375752322924,0.0009805514807713397
2026-04-07 10:25:00,0.0020418239122559356,-0.003936614797200441
2026-04-07 10:30:00,-0.00043126270971960423,0.0007617490276127158
2026-04-07 10:35:00,-0.0010429847404456183,0.004698723471881996
2026-04-07 10:40:00,-0.003298102411667614,0.0007437200273385097
2026-04-07 10:45:00,-0.003226002472606737,-0.0021402171055820525
2026-04-07 10:50:00,-0.003003611934246919,0.0006989860219940501
2026-04-07 10:55:00,-0.0023515589907550094,-0.004199878247401043
2026-04-07 11:00:00,-0.0017867566793068335,0.0006499833278096898
2026-04-07 11:05:00,-0.0025811649224216637,0.004098211336772411
2026-04-07 11:10:00,-0.0019525998846301462,0.000587515204293457
2026-04-07 11:15:00,-0.002811890355058466,0.002736459507010345
2026-04-07 11:20:00,-0.004654915381895108,0.000530400600945802
2026-04-07 11:25:00,-0.0039421555440650735,-0.00353885725849678
2026-04-07 11:30:00,-0.003272548190837554,0.0011042666366600992
2026-04-07 11:35:00,-0.0026851287071707475,0.0004537794908537987
2026-04-07 11:40:00,-0.0011189471918378047,-0.0029184006261803795
2026-04-07 11:45:00,-0.0035073370131897263,0.0004200589480965823
2026-04-07 11:50:00,-0.0031565520320899765,0.004877515671286397
2026-04-07 11:55:00,-0.00441875899969979,0.00033446229615156795
2026-04-07 12:00:00,-0.004321911452526805,-0.00012003051272581864
2026-04-07 12:05:00,-0.004902864243375049,0.00024559979336435245
2026-04-07 12:10:00,-0.008991691877286101,0.00034627145994882175
2026-04-07 12:15:00,-0.007884155304157758,0.00020107715875289475
2026-04-07 12:20:00,-0.0059031034900787205,0.0006638259347944459
2026-04-07 12:25:00,-0.004519206773375473,0.0001251924335373724
2026-04-07 12:30:00,-0.0038681197073060503,0.004399954380294828
2026-04-07 12:35:00,-0.0021141997261171497,0.001484709137672818
2026-04-07 12:40:00,0.00021659898926529308,7.476625720616951e-05
2026-04-07 12:45:00,0.0020857080761604863,-0.0001979160108266636
2026-04-07 12:50:00,0.0005861734103103089,8.49606760370156e-05
2026-04-07 12:55:00,0.0018556825923194964,0.0029469714868108916
2026-04-07 13:00:00,0.0007645539436627047,0.0002684553035107242
2026-04-07 13:05:00,0.0011925393581435628,-0.00026665207221395284
2026-04-07 13:10:00,0.00440928643751981,0.00030040254911252326
2026-04-07 13:15:00,0.003727659625564428,-0.00031518466771274657
2026-04-07 13:20:00,0.00491381428429527,0.0003718568023139009
2026-04-07 13:25:00,0.00401998505607537,0.000957520346835663
2026-04-07 13:30:00,0.00244453731397698,0.0005372414727841833
2026-04-07 13:35:00,0.0019855437520153174,0.0005760100997561237
2026-04-07 13:40:00,-0.0014591964135046709,0.001531361146528214
2026-04-07 13:45:00,-0.0024125982353755404,0.0005478477227878074
2026-04-07 13:50:00,-0.0009169869784013684,0.0011032725867159596
2026-04-07 13:55:00,-0.0017567978402670548,0.00043715014602194505
2026-04-07 14:00:00,-0.0005991373889546736,-0.0005093107692630996
2026-04-07 14:05:00,-0.00026202186528934135,0.0003408736651036455
2026-04-07 14:10:00,0.00038875447637742866,-0.00027767547317457966
2026-04-07 14:15:00,-0.001473915617680177,0.00024508431238705114
2026-04-07 14:20:00,-0.0018699009383400522,0.0009075806817164022
2026-04-07 14:25:00,-0.0012502186294085504,0.000194080051477279
2026-04-07 14:30:00,-0.00310072437449449,-0.003388162371663622
2026-04-07 14:35:00,-0.0035208694393755735,0.00013732724753324279
2026-04-07 14:40:00,-0.003795283263364979,-0.0038489402378648068
2026-04-07 14:45:00,-0.00031193562762155125,-0.0027220900967148635
2026-04-07 14:50:00,-0.0003975506633970838,7.370368938799954e-05
2026-04-07 14:55:00,-0.0019063280353144307,-0.0032071462495219653
2026-04-07 15:00:00,-0.006674859878192052,0.00011175451085934048
2026-04-07 15:05:00,-0.009157924896756597,-0.002824209175433971
2026-04-07 15:10:00,-0.007416629626225912,8.897996161685531e-06
2026-04-07 15:15:00,-0.007462995003400863,0.002235132545346778
2026-04-07 15:20:00,-0.003612448801055379,0.0043567855742252075
2026-04-07 15:25:00,-0.00321958333294603,-0.0002111650715750415
2026-04-07 15:30:00,0.001501065866372997,0.0037214437270902336
2026-04-07 15:35:00,0.0016814243170859555,-0.00028752054885237234
2026-04-07 15:40:00,0.0016778111843507304,0.00010203394448661926
2026-04-07 15:45:00,0.0002904259493412553,-0.00027910770588976776
2026-04-07 15:50:00,-0.0029317075688837235,-0.004644923698741511
2026-04-07 15:55:00,-0.002220737852358212,-0.0003469271013984912
2026-04-07 16:00:00,0.0006225990684871618,-0.0024194664999578628
2026-04-07 16:05:00,0.004675755621768474,-0.0004881167052359383
2026-04-07 16:10:00,0.004354050883128124,-0.003968815458838676
2026-04-07 16:15:00,0.0073189246279987685,-0.0004277260183112982
2026-04-07 16:20:00,0.0008376156652278866,-0.0024449092226304743
2026-04-07 16:25:00,0.0017056500283416653,-0.00029877806440800506
2026-04-07 16:30:00,-0.0015979168117681297,-0.004667610915528879
2026-04-07 16:35:00,-0.0022044892310333353,-0.0001692176568308405
2026-04-07 16:40:00,-0.0001678697334828172,-0.004231509042484141
2026-04-07 16:45:00,0.000662285856451561,-3.1706632491836274e-05
2026-04-07 16:50:00,0.003075703631807869,0.0032233513917685024
2026-04-07 16:55:00,0.005089606381165623,-0.0021226995923990786
2026-04-07 17:00:00,0.007436819447983467,8.755923766263334e-05
2026-04-07 17:05:00,0.004058923402567416,-0.00484161506443357
2026-04-07 17:10:00,0.0035627971965617178,0.00023483202416448444
2026-04-07 17:15:00,0.0016244269195873073,-0.004654374928633391
2026-04-07 17:20:00,0.002564464990799209,0.00030498072461787406
2026-04-07 17:25:00,0.002153176873873619,0.0005076194524679563
2026-04-07 17:30:00,0.0029315008818500132,0.0003089710888335995
2026-04-07 17:35:00,0.002923928400196729,-0.0008435611252981402
2026-04-07 17:40:00,0.0032769688703009336,0.00039415495867481056
2026-04-07 17:45:00,0.0013640442260811625,-0.0002653520501926397
2026-04-07 17:50:00,0.0014924686801887077,0.00034744993415762815
2026-04-07 17:55:00,5.79806623903778e-05,-0.0026585092104818896
2026-04-07 18:00:00,0.0008833979660263225,-0.0016682007284621401
2026-04-07 18:05:00,0.002909685978774945,0.00033565527454870335
2026-04-07 18:10:00,0.0019212590152513087,-0.0013346273230214084
2026-04-07 18:15:00,-0.00021257248211092872,0.00040598205006797607
2026-04-07 18:20:00,0.00011806920371704166,-0.0019478192321147072
2026-04-07 18:25:00,-0.0003581834774148973,0.00042635068783420895
2026-04-07 18:30:00,0.0027281930384663866,0.00030996559899874946
2026-04-07 18:35:00,0.004519534834855676,0.0004017737303858486
2026-04-07 18:40:00,0.0023763286957549923,-0.002175820709142064
2026-04-07 18:45:00,0.0042114074257320055,0.000524012368874139
2026-04-07 18:50:00,0.003611349461680291,0.005098442131634438
2026-04-07 18:55:00,0.004084533547093372,0.0006686359463268574
2026-04-07 19:00:00,0.0026775840702377707,0.004102798585468344
2026-04-07 19:05:00,0.002540117329454361,0.0007325293984226245
2026-04-07 19:10:00,0.0034003163616755927,-0.00023452101009618746
2026-04-07 19:15:00,0.006031072752143984,8.440328483178606e-05
2026-04-07 19:20:00,0.004264745893932442,0.0006683738117312443
2026-04-07 19:25:00,0.0043025734075303745,-0.00031032625495322204
2026-04-07 19:30:00,0.002261772114856342,0.0005870717276937649
2026-04-07 19:35:00,0.000194459611243758,0.0015794934094221513
2026-04-07 19:40:00,0.0015632805550627182,0.0005269438011294144
2026-04-07 19:45:00,-0.0008896436238376992,-0.001205732383805719
2026-04-07 19:50:00,-0.0026183209543706454,0.0003323226553766695
2026-04-07 19:55:00,-0.0027454718059676253,-0.0008752469095706919
2026-04-07 20:00:00,-0.0027504563080906763,0.00020052644942930174
2026-04-07 20:05:00,-0.0035777064429645122,-0.0011288160890518728
2026-04-07 20:10:00,-0.0034046007783938848,0.0016476612859996093
2026-04-07 20:15:00,0.0011477089748623825,-3.3046304368745216e-05
2026-04-07 20:20:00,0.002229012663645946,-0.0010196050298952113
2026-04-07 20:25:00,0.0011356990679178836,-0.00010392135983222967
2026-04-07 20:30:00,0.0005955894536846529,0.0005062401988785812
2026-04-07 20:35:00,0.0012150501128118663,-0.0015411105735212646
2026-04-07 20:40:00,0.0013794725599076685,-8.555266218588315e-05
2026-04-07 20:45:00,0.007163064257623475,-0.0007494104771172137
2026-04-07 20:50:00,0.007589853181514172,2.4297669196463903e-05
2026-04-07 20:55:00,0.008507382049730339,0.0012514872050658707
2026-04-07 21:00:00,0.008602850726926903,0.0014303509478607612
2026-04-07 21:05:00,0.009669459252206636,0.0002520849684056789
2026-04-07 21:10:00,0.008755344026777578,0.003171510938429186
2026-04-07 21:15:00,0.0036158322866324255,-0.0004323022239056816
2026-04-07 21:20:00,0.003757134185381261,0.000527717564157282
2026-04-07 21:25:00,0.00536429347845413,0.0037882048242908143
2026-04-07 21:30:00,0.0053061926706181595,-0.002123326000912079
2026-04-07 21:35:00,0.004739294911969338,0.0006146572277099647
2026-04-07 21:40:00,0.004645437758226123,-0.0030897712800959636
2026-04-07 21:45:00,0.0008705623107996274,0.0007543993129737003
2026-04-07 21:50:00,0.0019341502466314608,-0.0013726434858855438
2026-04-07 21:55:00,0.0007588116566434877,0.0008375466515018783
2026-04-07 22:00:00,0.007983618081583543,-0.0014962645441956794
2026-04-07 22:05:00,0.007913308500388183,0.0031082794393880236
2026-04-07 22:10:00,0.004895496121694265,0.0009962608173632714
2026-04-07 22:15:00,0.004950253382750347,0.002627017786694816
2026-04-07 22:20:00,0.004635943264190701,0.0015867791064853366
2026-04-07 22:25:00,0.004949310469255508,0.001296967984342167
2026-04-07 22:30:00,0.010570668491872937,0.0020369157619410795
2026-04-07 22:35:00,0.014409158237711495,0.0014765180634824016
2026-04-07 22:40:00,0.01316068062813791,0.0022297343534179634
2026-04-07 22:45:00,0.013077235950996524,0.0017565598713224161
2026-04-07 22:50:00,0.017804399804408177,0.0038705267494714662
2026-04-07 22:55:00,0.02372560641975774,0.0020436307783076348
2026-04-08 00:00:00,0.013819774373365235,0.009166342519400246
2026-04-08 00:05:00,0.014331140604813442,0.002434101003804735
2026-04-08 00:10:00,0.01805574940627075,0.002446199908165938
2026-04-08 00:15:00,0.019571980657993038,0.007331264240429574
2026-04-08 00:20:00,0.019008490549552448,0.0027174514204850895
2026-04-08 00:25:00,0.016559107199874745,0.0043226837924643415
2026-04-08 00:30:00,0.009815516800165014,0.0020019403806629927
2026-04-08 00:35:00,0.007118106254663914,0.0029860305857263947
2026-04-08 00:40:00,0.008963204683462678,0.0014644469194351724
2026-04-08 00:45:00,0.008026490517577756,0.0030789853060491546
2026-04-08 00:50:00,0.005153508429089015,0.00042383093209938985
2026-04-08 00:55:00,0.003215070499219763,0.0033111326628383225
2026-04-08 01:00:00,0.007267320279137124,0.0009404144954477656
2026-04-08 01:05:00,0.005461403660081743,0.003337900643712704
2026-04-08 01:10:00,0.003360574667050642,0.009547143547146742
2026-04-08 01:15:00,0.001981808193797008,0.003489984297629738
2026-04-08 01:20:00,0.001930004278744235,0.0037714348442845014
2026-04-08 01:25:00,0.001749371409273337,0.0035305013392385514
2026-04-08 01:30:00,0.0017539489118227891,0.002207510587867577
2026-04-08 01:35:00,0.002207316184104968,0.0021529159056314123
2026-04-08 01:40:00,6.024765944800947e-05,0.0036750723305769813
2026-04-08 01:45:00,0.0007291393259514223,0.0023428828775226974
2026-04-08 01:50:00,0.0006866529260136645,0.0035988432950081715
2026-04-08 01:55:00,-0.002789806492030422,0.004189523503662738
2026-04-08 02:00:00,-0.00767492417698179,0.00790155851087819
2026-04-08 02:05:00,-0.004269617293077843,0.003826521651507355
2026-04-08 02:10:00,-0.0029663347150616914,0.00497059802067697
2026-04-08 02:15:00,-0.006238243146196254,0.007232712319582956
2026-04-08 02:20:00,-0.005559613871268354,0.004000029775581918
2026-04-08 02:25:00,-0.006197778247296171,0.011986467555859064
2026-04-08 02:30:00,-0.003423471362491881,0.003970565592172479
2026-04-08 02:35:00,-0.004729989306103022,-0.00043630481736964147
2026-04-08 02:40:00,-0.0026980800099991598,0.012124361710792286
2026-04-08 02:45:00,-0.0013652333146918494,0.003800020519217452
2026-04-08 02:50:00,-0.0024749918160758,0.00189724016154526
2026-04-08 02:55:00,-0.002202957337367195,0.0037499109177549176
2026-04-08 03:00:00,0.001992767269918261,0.011783021203644202
2026-04-08 03:05:00,-0.0005375814155357261,0.003766230485539719
2026-04-08 03:10:00,-0.0014283017888292449,-0.0011897661583356958
2026-04-08 03:15:00,0.0018510435600802566,0.0013442487831093369
2026-04-08 03:20:00,0.0017436904894516658,0.0035290313243254955
2026-04-08 03:25:00,0.0038043326101000474,0.0006528697727907055
2026-04-08 03:30:00,0.0031535137026725835,0.0035075104874149375
2026-04-08 03:35:00,0.003260371515787952,0.0013119592715186814
2026-04-08 03:40:00,0.0012157651240602974,0.0036742888943806264
2026-04-08 03:45:00,-0.0005803208983756747,0.0016655287502968105
2026-04-08 03:50:00,-0.0012606118756526286,0.0036575116826029247
2026-04-08 03:55:00,-0.0015122789718446938,0.0019061345485114208
2026-04-08 04:00:00,-0.002806392096440291,0.0035875422890018407
2026-04-08 04:05:00,-0.002902530314518259,0.004404334625926749
2026-04-08 04:10:00,-0.0030898611674903265,0.0033345979442206165
2026-04-08 04:15:00,-0.003011251277815319,0.0047034364681778715
2026-04-08 04:20:00,-0.0019998820471531786,0.0031903631826826657
2026-04-08 04:25:00,-0.0018868224506523035,0.0012468327472801495
2026-04-08 04:30:00,-0.0030597634096345416,0.0031125762760837493
2026-04-08 04:35:00,-0.0034125180853319392,0.01104309232896718
2026-04-08 04:40:00,-0.0012282635357205862,0.0030278266853555847
2026-04-08 04:45:00,-0.0015179138578247375,-0.001028244194786332
2026-04-08 04:50:00,-0.000762130086261692,0.006005800378153433
2026-04-08 04:55:00,-0.0012206427594847469,0.002867888038636936
2026-04-08 05:00:00,-0.0012206376742884828,-0.0014069816969972514
2026-04-08 05:05:00,-0.0016483754942360207,0.002784342065588651
2026-04-08 05:10:00,-0.0002021618823366822,0.006556279884863876
2026-04-08 05:15:00,-0.0006608992848704531,0.0027936244914210607
2026-04-08 05:20:00,-0.0018807462638008587,0.012178868418684896
2026-04-08 05:25:00,-5.830478829693675e-05,0.0028316901278176683
2026-04-08 05:30:00,0.0002353786639073263,-0.0021796954777120424
2026-04-08 05:35:00,0.0014080343587075106,0.0029068131433199556
2026-04-08 05:40:00,0.0005289628079214737,0.0013254225515740323
2026-04-08 05:45:00,-6.251497756792901e-05,0.002883462411649041
2026-04-08 05:50:00,1.6664791878895358e-05,-0.00016112863935293127
2026-04-08 05:55:00,0.0012414599161534312,0.00038457578811016655
2026-04-08 06:00:00,0.0017492570120047901,0.0027348023460804
2026-04-08 06:05:00,0.0028116466436287624,0.0029677739289840715
2026-04-08 06:10:00,0.0024877058810570674,0.0026851862190191244
2026-04-08 06:15:00,0.0031234343162704903,0.0008346458670787946
2026-04-08 06:20:00,0.0041404649479268585,0.0027335378814023
2026-04-08 06:25:00,0.0030024370554517787,0.00302231913553826
2026-04-08 06:30:00,0.004349725934410742,0.002676040936861385
2026-04-08 06:35:00,0.0032583607369467416,0.001343233354876098
2026-04-08 06:40:00,0.004018464554921053,0.0027123327058204303
2026-04-08 06:45:00,0.006797442199564685,0.007261180603980546
2026-04-08 06:50:00,0.007442168950840156,0.002727586201729585
2026-04-08 06:55:00,0.004921484382411023,0.002594449168263584
2026-04-08 07:00:00,0.005115642054656533,-0.00013042586350911156
2026-04-08 07:05:00,0.0034278285352549176,0.0030682124537097844
2026-04-08 07:10:00,0.003428911630074083,-0.0018849893414243121
2026-04-08 07:15:00,0.004139108813241421,0.0030752838330382498
2026-04-08 07:20:00,0.0046386571581322755,-0.0005556783741738654
2026-04-08 07:25:00,0.004025809536173597,0.0031186572513925708
2026-04-08 07:30:00,0.002185376666355765,-0.0010643089440128062
2026-04-08 07:35:00,0.0024161258026484944,0.00324590649855447
2026-04-08 07:40:00,0.002803761442283559,0.00262914865946933
2026-04-08 07:45:00,0.0002545506108990736,0.00327477762878039
2026-04-08 07:50:00,-0.0027620380433734937,0.005316579708899463
2026-04-08 07:55:00,-0.0014158186386197258,0.0031085622653393694
2026-04-08 08:00:00,-0.0036664945005302485,0.0019421618260926478
2026-04-08 08:05:00,-0.00197096726232715,0.0009244673837139712
2026-04-08 08:10:00,-0.0029030186652310164,0.002909510625720749
2026-04-08 08:15:00,-0.003598704203325198,0.010127987318399286
2026-04-08 08:20:00,-0.003728721974969318,0.0035919725105216073
2026-04-08 08:25:00,-0.0036687786180706894,0.0012473067345878986
2026-04-08 08:30:00,-0.004697721693053936,0.0027540226435027516
2026-04-08 08:35:00,-0.00437236239590888,0.00025317361315287264
2026-04-08 08:40:00,-0.00560084989357712,0.0024894243549041916
2026-04-08 08:45:00,-0.0036090757268105733,0.001962746256492769
2026-04-08 08:50:00,-0.0008089356715039742,0.002410879416316328
2026-04-08 08:55:00,-0.001530009339433036,0.00212574694289194
2026-04-08 09:00:00,0.0008078660420203221,0.0024371954350918316
2026-04-08 09:05:00,8.306648230593794e-05,0.007171711884567249
2026-04-08 09:10:00,0.0006460747033063541,0.001957967120910057
2026-04-08 09:15:00,0.001395386729786452,0.00229060329015079
2026-04-08 09:20:00,-0.0015710922320408827,-0.001670861689256261
2026-04-08 09:25:00,-0.0021524194972037947,0.0022639895538400555
2026-04-08 09:30:00,-0.001554166758440445,0.005678826262096509
2026-04-08 09:35:00,-0.0016185508560724315,0.002136197896691035
2026-04-08 09:40:00,-0.003303440161749549,-0.0016937073029144442
2026-04-08 09:45:00,-0.004097475144849483,0.0028117722054567433
2026-04-08 09:50:00,-0.004633893892368235,0.0016489776431341365
2026-04-08 09:55:00,-0.004007370587881809,-0.0026199454363809
2026-04-08 10:00:00,-0.004260584036227755,0.001110916169094452
2026-04-08 10:05:00,-0.003803203598897298,0.0020032720249039885
2026-04-08 10:10:00,-0.003053310469180559,0.0009769471138611264
2026-04-08 10:15:00,-0.00454631317762022,-0.0013687614312201174
2026-04-08 10:20:00,-0.00120492849000442,0.0005740640091883523
2026-04-08 10:25:00,-0.001606944342132266,-0.004418584432613229
2026-04-08 10:30:00,-0.0009749269577046249,0.00020080944539930143
2026-04-08 10:35:00,-0.0017442246531640393,0.0033597169274247355
2026-04-08 10:40:00,-0.0021365855979276205,2.9804125449012175e-05
2026-04-08 10:45:00,-0.002003858096076172,0.0006658210371953055
2026-04-08 10:50:00,-0.0026196904962318968,-0.00016122989692801508
2026-04-08 10:55:00,-0.0022616152303331916,-0.0037680054000738127
2026-04-08 11:00:00,-0.0015731770355955632,-0.00025512096431150875
2026-04-08 11:05:00,-0.001957164198129746,-0.00042112778395400375
2026-04-08 11:10:00,-0.0037377915858769484,-0.00038888760754928945
2026-04-08 11:15:00,-0.004288611063669734,0.0004517418214432232
2026-04-08 11:20:00,-0.004936817842951413,0.001203287541178589
2026-04-08 11:25:00,-0.003773550003536741,-0.000562316097714628
2026-04-08 11:30:00,-0.0030580137989488776,0.000865469150698652
2026-04-08 11:35:00,-0.0014109408681157731,-0.0006378413548537022
2026-04-08 11:40:00,0.0018402843533813495,-0.001740873897252293
2026-04-08 11:45:00,0.0015283052569490252,-0.0006082461473026665
2026-04-08 11:50:00,0.0014745506963826926,0.0019580325755785173
2026-04-08 11:55:00,-6.690305749579295e-05,-0.0005964292876416882
2026-04-08 12:00:00,-0.0013999956316652629,-0.002857239562497822
2026-04-08 12:05:00,0.0004781686857207035,-0.0006022996712421871
2026-04-08 12:10:00,0.001003124398387456,-0.00409349349802423
2026-04-08 12:15:00,0.0016775263563495457,-0.0005514906290982346
2026-04-08 12:20:00,0.0015097246261461805,0.0024146353357834514
2026-04-08 12:25:00,0.0016401546884434737,0.0019751874812947113
2026-04-08 12:30:00,0.0009403171023958379,-0.00040589027874783856
2026-04-08 12:35:00,-0.0010072430396821375,-0.001594248576498671
2026-04-08 12:40:00,-0.00033605342104436886,-0.0002866501137807261
2026-04-08 12:45:00,0.0006256804478770306,-0.002198307629947718
2026-04-08 12:50:00,0.0011242928725820889,-0.00027457769982070017
2026-04-08 12:55:00,0.0033292626749226173,-0.001062723148468948
2026-04-08 13:00:00,0.004491839116113283,-0.00017760433048079165
2026-04-08 13:05:00,0.002179138486861021,-0.00155474287176994
2026-04-08 13:10:00,0.003640401169766605,-0.00013018112512591803
2026-04-08 13:15:00,0.001781119151209154,-0.0007717311123195735
2026-04-08 13:20:00,-0.0028624655982980585,-2.7926005395173843e-05
2026-04-08 13:25:00,-0.0011760418881614498,0.0017178815852472611
2026-04-08 13:30:00,0.0012148336420736427,-0.00011486959349408721
2026-04-08 13:35:00,0.0028685977331068813,-0.00018878445293706757
2026-04-08 13:40:00,0.0010974956920097867,-0.0022083348381204317
2026-04-08 13:45:00,0.00024390930447282244,-0.00020278241179282137
2026-04-08 13:50:00,0.000993914698929288,0.0010795824351891262
2026-04-08 13:55:00,0.00010627025786824618,0.0009153469479479478
2026-04-08 14:00:00,-0.00032687052991065,0.0017826714689699995
2026-04-08 14:05:00,-0.0006042611008467702,-0.000134618983943819
2026-04-08 14:10:00,-0.002456755382098663,-0.0012572048468047995
2026-04-08 14:15:00,-0.00010222932968417808,-8.916311875191997e-05
2026-04-08 14:20:00,0.005391682305498691,-0.0035422575192549494
2026-04-08 14:25:00,0.0015350543572640873,4.666370066631127e-05
2026-04-08 14:30:00,-0.0022994109148015696,-0.0023500050218619828
2026-04-08 14:35:00,-0.004061046536351753,0.0002516709805459077
2026-04-08 14:40:00,-0.004361621777864144,0.00010635179962475466
2026-04-08 14:45:00,-0.001967561954124619,0.001856100238809868
2026-04-08 14:50:00,-0.006657413538066592,4.679595933868266e-05
2026-04-08 14:55:00,-0.0046991684375345955,-0.0030061977891707274
2026-04-08 15:00:00,-0.0032954869180361612,-5.01069140464953e-05
2026-04-08 15:05:00,-0.0022744592316836787,0.0018886227977754333
2026-04-08 15:10:00,-0.002584118414718617,-9.929295342487456e-05
2026-04-08 15:15:00,-0.00415642794846427,-0.0008045648277706422
2026-04-08 15:20:00,-0.004916129780978551,-0.00013326131538386854
2026-04-08 15:25:00,-0.004970825524384992,0.0007992034912752266
2026-04-08 15:30:00,-0.005865353138780449,-0.0017558271379923872
2026-04-08 15:35:00,-0.003321238200163279,-0.003517012765138195
2026-04-08 15:40:00,-0.002865139155185048,0.001447494322849455
2026-04-08 15:45:00,-0.006791991012315535,-0.0002644725035738657
2026-04-08 15:50:00,-0.003656779664167331,-0.0020825172673510036
2026-04-08 15:55:00,-0.008514554476890979,-0.0003567876855914921
2026-04-08 16:00:00,-0.008313932159580872,-0.003331353021151435
2026-04-08 16:05:00,-0.009373422363204043,-0.0006344968006470301
2026-04-08 16:10:00,-0.00791494092413636,-0.0031536343649256992
2026-04-08 16:15:00,-0.0038498321004514224,-0.0008550394894890049
2026-04-08 16:20:00,-0.004090431609181877,-0.0014288897825329976
2026-04-08 16:25:00,-0.003529697211597238,-0.0010082234626569283
2026-04-08 16:30:00,0.0004731030496163413,0.0029205793891082248
2026-04-08 16:35:00,-0.0002457567587601517,-0.0011309515131922388
2026-04-08 16:40:00,-0.0010066335684904004,-0.0044084874008038745
2026-04-08 16:45:00,0.000802939389689783,-0.005226260810398782
2026-04-08 16:50:00,0.001144049386198276,-0.0012745139750171544
2026-04-08 16:55:00,0.004234803722136249,-0.004811118248091716
2026-04-08 17:00:00,0.0023041072733747114,-0.0013648520240398217
2026-04-08 17:05:00,0.0033808636766892164,-0.0006000234631501275
2026-04-08 17:10:00,0.0022344542625631902,-0.0013566579405580115
2026-04-08 17:15:00,-0.0014101317126424817,-0.0013130156113712738
2026-04-08 17:20:00,-0.000551146166550609,-0.001399314800956623
2026-04-08 17:25:00,-2.736176782391908e-05,-0.000851242023554927
2026-04-08 17:30:00,-0.0001345487573090054,-0.0015136211664405512
2026-04-08 17:35:00,-0.00018488249509651666,-0.0016948718493888387
2026-04-08 17:40:00,0.0004750723733870643,-0.001572371000082876
2026-04-08 17:45:00,0.00031091326820664733,-0.0024316529916424265
2026-04-08 17:50:00,0.000703865088672373,-0.002245890680308406
2026-04-08 17:55:00,0.000817504303801897,-0.0015243202687781634
2026-04-08 18:00:00,0.0005106034371795687,-0.001736323546918881
2026-04-08 18:05:00,-3.5727683599162674e-05,-0.0014996178029354418
2026-04-08 18:10:00,0.0015701840677344592,-0.002185498902292193
2026-04-08 18:15:00,0.0015468297815210974,-0.0014506483925332799
2026-04-08 18:20:00,-0.0007788539453255083,-0.0019780085436702072
2026-04-08 18:25:00,-2.736251651214161e-05,-0.0014054664334815056
2026-04-08 18:30:00,-0.002465023093423113,-0.0020550431763900682
2026-04-08 18:35:00,-0.004637428203814409,-0.0014597360819786492
2026-04-08 18:40:00,-0.003790036752059578,-0.0013366819124108126
2026-04-08 18:45:00,-0.004659107830221387,-0.0017768135789460026
2026-04-08 18:50:00,-0.005150699549442805,-0.0012805472390524527
2026-04-08 18:55:00,-0.005445093449779392,-0.003036622179751526
2026-04-08 19:00:00,-0.004227152234193454,-0.0013596434973831698
2026-04-08 19:05:00,-0.003123746148919082,-0.0019749478027704004
2026-04-08 19:10:00,-0.003642309052379389,-0.0014249096404674389
2026-04-08 19:15:00,-0.0056961345115826845,-0.0005061714443282727
2026-04-08 19:20:00,-0.005348345908132046,-0.0014788001653592913
2026-04-08 19:25:00,-0.005680220359451482,-0.0019880079625459457
2026-04-08 19:30:00,-0.004474006305320799,-0.0015662568781651329
2026-04-08 19:35:00,-0.004635706137110063,-0.000989082280071123
2026-04-08 19:40:00,-0.006626977177383253,-0.0016082748320828293
2026-04-08 19:45:00,-0.006032364367422716,-0.0017693364242473406
2026-04-08 19:50:00,-0.006162531944195138,-0.0017167134949999938
2026-04-08 19:55:00,-0.006452311994577187,-0.000936411183982396
2026-04-08 20:00:00,-0.008038194315052039,-5.499634103723069e-05
2026-04-08 20:05:00,-0.007531521720631318,-0.0017425763657197143
2026-04-08 20:10:00,-0.005996233330829881,-0.0012961126041023932
2026-04-08 20:15:00,-0.0035806109185028134,-0.0018023041750874266
2026-04-08 20:20:00,-0.002592599933310069,-0.0056627981272718295
2026-04-08 20:25:00,-0.0032779823768027683,-0.001851516119590959
2026-04-08 20:30:00,-0.001326187089272679,-0.002237535317225326
2026-04-08 20:35:00,0.001775574667686186,-0.0018861217097500649
2026-04-08 20:40:00,0.0027102816364941162,-0.0006423718334823365
2026-04-08 20:45:00,0.003350867927668588,-0.0018351622255379564
2026-04-08 20:50:00,0.004831592696284304,-0.004369231194599709
2026-04-08 20:55:00,0.005807894267057634,-0.0016927085162573416
2026-04-08 21:00:00,0.006220167481428618,-0.003040593192244286
2026-04-08 21:05:00,0.004288008537306709,0.00132419666343901
2026-04-08 21:10:00,0.0026621473209971214,-0.001536007661241584
2026-04-08 21:15:00,0.0027935524874518336,-0.0054925345768988675
2026-04-08 21:20:00,0.0029164673791015616,-0.001465752503225666
2026-04-08 21:25:00,0.0030726290042100146,-0.004377356621212527
2026-04-08 21:30:00,0.0014151015705348158,-0.0035225734247066685
2026-04-08 21:35:00,-0.0002434782252525025,-0.0013168372791110474
2026-04-08 21:40:00,0.00014612096512323092,-0.004539265348374488
2026-04-08 21:45:00,-0.0013423900790314747,-0.0013270648926101394
2026-04-08 21:50:00,-0.0023747349637872617,-0.002907299080097092
2026-04-08 21:55:00,-0.0025987837595700114,-0.0017630447594839205
2026-04-08 22:00:00,-0.0006934519808723394,-0.001396586003585035
2026-04-08 22:05:00,-0.0011491541861161636,-0.002533416667394581
2026-04-08 22:10:00,-0.003326140361799901,-0.0012894943417324006
2026-04-08 22:15:00,-0.002498568173598059,-0.001423707839715446
2026-04-08 22:20:00,-0.0027063501265356393,0.0021659135408190018
2026-04-08 22:25:00,-0.0019709952273831988,-0.0014559848524472172
2026-04-08 22:30:00,-0.0014320610352953622,0.0005123070298882568
2026-04-08 22:35:00,-0.0019351118515622545,-0.0015182493681820091
2026-04-08 22:40:00,-0.001986106391273168,-0.0037669771930324697
2026-04-08 22:45:00,-0.0009157218626203445,-0.0015404636050909048
2026-04-08 22:50:00,-0.0005044574645864941,0.0018575108403224773
2026-04-08 22:55:00,-0.00031790437704160013,-0.0015597904914776226
2026-04-09 00:00:00,-0.003001335590573362,-0.0015589545700847428
2026-04-09 00:05:00,-0.003189835959586773,-0.0008762230523658833
2026-04-09 00:10:00,-0.0007748622353656032,-0.0017171871645751465
2026-04-09 00:15:00,4.8801964819489285e-05,-0.0009956140818833867
2026-04-09 00:20:00,0.00025038512758257525,-0.00544749165987862
2026-04-09 00:25:00,-0.0007470257264809987,-0.0017674068202510856
2026-04-09 00:30:00,-0.0013449530233220486,-0.005505126037879531
2026-04-09 00:35:00,-0.00017398315377725737,-0.0017185826528118703
2026-04-09 00:40:00,7.001530792116739e-05,-0.0002648440062204056
2026-04-09 00:45:00,0.00047492341692567663,-0.001801742733623277
2026-04-09 00:50:00,-0.00036260349705408146,-0.0014080891132518389
2026-04-09 00:55:00,-0.00046220127355667273,-0.0018020538171866067
2026-04-09 01:00:00,-0.0018982187079394919,0.000249048257191443
2026-04-09 01:05:00,-0.0014987454800419187,-0.0017700832617430224
2026-04-09 01:10:00,-0.0012729258502339746,-0.0016801895897615173
2026-04-09 01:15:00,-0.0019241761821362502,-0.0017784385188521917
2026-04-09 01:20:00,-0.0005347968217908061,-0.00011056124393811911
2026-04-09 01:25:00,-0.000766705889052588,-0.005605980465523619
2026-04-09 01:30:00,0.000341713089555995,-0.0019215138648768114
2026-04-09 01:35:00,0.00017610471274132067,-0.004273751792547901
2026-04-09 01:40:00,0.0012022252153300883,-0.0018591791312044786
2026-04-09 01:45:00,-0.00032860600330231193,-0.005402300872049278
2026-04-09 01:50:00,-0.0011607908686315227,-0.0017446947228932919
2026-04-09 01:55:00,-0.0018509443612142462,-0.0022806752026303754
2026-04-09 02:00:00,0.0016542425315329012,-0.0016449508003963948
2026-04-09 02:05:00,0.0032921595696588923,0.00025349383124965123
2026-04-09 02:10:00,0.00382028182860239,-0.0015507874460023786
2026-04-09 02:15:00,0.0036010916449686903,0.0020826230833169497
2026-04-09 02:20:00,0.00018890932514636916,-0.0014601242753802225
2026-04-09 02:25:00,-0.0004165188014315646,-0.005107109844080997
2026-04-09 02:30:00,0.001168582447519384,-0.0038213006041608977
2026-04-09 02:35:00,0.0012848376108927084,-0.001355216404986015
2026-04-09 02:40:00,-0.00023736206090774203,-0.0010945456657137525
2026-04-09 02:45:00,0.0012883650567072635,-0.001323993736557062
2026-04-09 02:50:00,0.0029830800827728154,-0.005149669183566708
2026-04-09 02:55:00,0.004462329401960119,-0.0012275744404705992
2026-04-09 03:00:00,0.001986144280554214,-0.003947779568165321
2026-04-09 03:05:00,0.0013837166542671753,-0.0009541112375527059
2026-04-09 03:10:00,0.0005209734273137201,-0.0011649592425079045
2026-04-09 03:15:00,0.00128493228389992,-0.0007842734927307578
2026-04-09 03:20:00,0.003148888095621416,0.0003045165196796098
2026-04-09 03:25:00,0.004510831398919279,-0.0006861640045122597
2026-04-09 03:30:00,0.0017196362506428642,-0.001275914376146977
2026-04-09 03:35:00,0.0023998741744097885,0.0008039697068569302
2026-04-09 03:40:00,0.003096112020083197,-0.0004982210947713914
2026-04-09 03:45:00,0.0008572835222793174,0.00034185275924634127
2026-04-09 03:50:00,-6.562950874489104e-05,-0.00047694561947016044
2026-04-09 03:55:00,-0.0018249223333377529,-0.00113322570230915
2026-04-09 04:00:00,-0.000667260517957402,-0.0004904896928075976
2026-04-09 04:05:00,-0.0009088415650495563,0.0029161257565379927
2026-04-09 04:10:00,-0.0022170749215462138,-0.00054076628742439
2026-04-09 04:15:00,-0.003959578522879426,-0.001234975645318794
2026-04-09 04:20:00,-0.0037603193307802485,-0.0005908335185364266
2026-04-09 04:25:00,-0.002752432362756352,-0.004434914375898726
2026-04-09 04:30:00,-0.0025614719261231045,-0.0006487853022032144
2026-04-09 04:35:00,-0.0034280363669285663,-0.00046803626044350434
2026-04-09 04:40:00,-0.0037449064725390002,-4.8740881448784884e-05
2026-04-09 04:45:00,-0.0031766880471177927,-0.0007490884974529393
2026-04-09 04:50:00,-0.0025034857296528656,0.0015583201991336215
2026-04-09 04:55:00,-0.0015268538332016135,-0.0007648003528666638
2026-04-09 05:00:00,-0.0008437155356215698,-0.0033107360231507564
2026-04-09 05:05:00,0.0005593848607663432,-0.0008355896286593845
2026-04-09 05:10:00,0.0019650932111208164,-0.0008666521601015362
2026-04-09 05:15:00,0.0025390711142652123,-0.0008409725681363527
2026-04-09 05:20:00,0.0020663224491990206,-0.0006969670205915733
2026-04-09 05:25:00,0.0008674416213860781,-0.0007775571191207854
2026-04-09 05:30:00,0.0004517530959873284,-0.001926074323147444
2026-04-09 05:35:00,0.0007632730364868223,-0.0007335818826542425
2026-04-09 05:40:00,0.0012992864231708978,-0.0037733238185014856
2026-04-09 05:45:00,0.002158449638450577,-0.0006005089305260863
2026-04-09 05:50:00,0.002732111835939577,-0.0006356494346063292
2026-04-09 05:55:00,0.0019145578990986678,-0.0006783199222321515
2026-04-09 06:00:00,0.0009560159244479394,-0.0005375745922057087
2026-04-09 06:05:00,-0.0009176402667812056,0.0015615346608279196
2026-04-09 06:10:00,-0.0017465587279499317,-0.00041710211984696496
2026-04-09 06:15:00,3.8132361670051296e-05,-0.0022962342151455054
2026-04-09 06:20:00,0.0005042640077181915,-0.0003879998084377584
2026-04-09 06:25:00,0.0019865522496456123,0.0024896229971624025
2026-04-09 06:30:00,0.0008117941625727099,-0.0002913934762222323
2026-04-09 06:35:00,0.00036023207811020086,-0.0034426441756008046
2026-04-09 06:40:00,0.0005971476847399515,-0.00026292371552040874
2026-04-09 06:45:00,-0.0016576474957545884,0.002590486766209642
2026-04-09 06:50:00,-0.0032437549113115693,0.0013316943161541187
2026-04-09 06:55:00,-0.0019782274287933888,9.779157265699796e-06
2026-04-09 07:00:00,0.0004766065703041278,0.0015777438260711632
2026-04-09 07:05:00,0.0008816286964723474,6.157355207351866e-06
2026-04-09 07:10:00,0.0011724809701938455,0.001656849694953407
2026-04-09 07:15:00,-0.0008286470745133556,0.0001512679088686333
2026-04-09 07:20:00,-0.0012144785117431667,-0.002007225755186088
2026-04-09 07:25:00,-0.0017957736391647217,0.0002169301993119924
2026-04-09 07:30:00,-0.00015255853403850494,0.0013439842418453867
2026-04-09 07:35:00,-0.0011107791221807162,0.00023288242491903668
2026-04-09 07:40:00,-0.002259179137137579,-0.001885736811978809
2026-04-09 07:45:00,-0.0003692111866246961,0.0002219572804908328
2026-04-09 07:50:00,-0.00018688929200116888,0.002126480654003419
2026-04-09 07:55:00,0.0002737502205505393,-0.0006238217950847346
2026-04-09 08:00:00,-0.001358397850651727,1.1952483496484377e-05
2026-04-09 08:05:00,0.0010480416873015486,-0.0011109964504151405
2026-04-09 08:10:00,0.0010187085309887323,-1.625207801128939e-06
2026-04-09 08:15:00,-0.00013570074613866723,-0.000325103885588733
2026-04-09 08:20:00,-0.000305441312038468,8.40126032716337e-05
2026-04-09 08:25:00,-0.0018881900418659114,-0.00011784861702661046
2026-04-09 08:30:00,7.204443025443652e-05,-7.852150665343287e-05
2026-04-09 08:35:00,0.003022074865775437,1.871039133000146e-05
2026-04-09 08:40:00,0.002013587089697566,-7.01555142907397e-05
2026-04-09 08:45:00,0.0012895236488681405,-0.002599509684383665
2026-04-09 08:50:00,0.001998753036552614,-4.217063551023984e-05
2026-04-09 08:55:00,0.0025048329646164547,-0.0011751721996880703
2026-04-09 09:00:00,0.0012355609968999204,-0.00048418922326039676
2026-04-09 09:05:00,-0.0005715229336260563,1.0878191532404325e-05
2026-04-09 09:10:00,-1.270099321715179e-05,-0.0009794975395396302
2026-04-09 09:15:00,0.0015890877532740433,1.790231265702035e-05
2026-04-09 09:20:00,0.0026694535212996584,-0.0014146758132876946
2026-04-09 09:25:00,0.0026361150087979013,6.970498847346662e-05
2026-04-09 09:30:00,0.0013064935850835013,0.00155601597675442
2026-04-09 09:35:00,-4.652195519838642e-05,0.0001400106447900826
2026-04-09 09:40:00,0.0016100695215524041,0.0020148420093982606
2026-04-09 09:45:00,0.0027072495211957204,0.00018103091221366834
2026-04-09 09:50:00,0.002405084014016623,-0.0013820156620404677
2026-04-09 09:55:00,0.00024971536810447503,0.0002531032222202447
2026-04-09 10:00:00,0.0009441851812344026,-0.0015780100781951122
2026-04-09 10:05:00,0.001825611309241637,0.0009081512766894083
2026-04-09 10:10:00,0.001501832094040978,0.0003465252848629696
2026-04-09 10:15:00,0.0015316076832778691,-0.00024113683764559287
2026-04-09 10:20:00,0.0010869244494600139,0.0003735418652506078
2026-04-09 10:25:00,0.001709861532690482,0.0015508338567885838
2026-04-09 10:30:00,0.0009454545389697699,0.0004169305264525545
2026-04-09 10:35:00,0.0007335260841632163,-0.0005250637236791185
2026-04-09 10:40:00,-0.0007126807777400046,0.00044023341257445794
2026-04-09 10:45:00,-0.0003784471239320908,0.0005136542062573608
2026-04-09 10:50:00,-0.0001607230850453334,0.00042065217023847456
2026-04-09 10:55:00,0.0006811096003627171,-0.0003843786672821637
2026-04-09 11:00:00,0.000651518187288147,0.0004263525323301485
2026-04-09 11:05:00,-0.00048410743902316256,0.0012651957731096015
2026-04-09 11:10:00,-0.0007781328166256429,0.0003716635223573084
2026-04-09 11:15:00,-0.00032770214494171057,0.00045424916182376917
2026-04-09 11:20:00,0.001550099778619085,0.0014161647681182688
2026-04-09 11:25:00,0.0018483532214954579,0.0004739188958486753
2026-04-09 11:30:00,0.0017658370133553092,-0.000985656762184385
2026-04-09 11:35:00,0.0016511061092057133,0.0005145207217544346
2026-04-09 11:40:00,0.0029046360424498374,-0.00023594370064846816
2026-04-09 11:45:00,0.0032554544898424354,0.0004942012976006133
2026-04-09 11:50:00,0.003492018783338935,-0.0006322858907671741
2026-04-09 11:55:00,0.0026143640111957467,0.0006060961186525645
2026-04-09 12:00:00,0.0024478575527719926,0.0008935280016707041
2026-04-09 12:05:00,0.0023992121145841594,0.000623776613339322
2026-04-09 12:10:00,0.0025246110035173075,0.0006598452883360431
2026-04-09 12:15:00,0.0029939509972418676,0.0005230026403760335
2026-04-09 12:20:00,0.001022931684602213,0.0005923640633314086
2026-04-09 12:25:00,0.0016089802686050092,0.0015921910784549023
2026-04-09 12:30:00,0.0014277085387224275,0.0006155576069397597
2026-04-09 12:35:00,0.001848450789402989,0.0006138388440021364
2026-04-09 12:40:00,0.0022250465883129067,0.000626814704799721
2026-04-09 12:45:00,0.00242098755549236,-0.002351758215396625
2026-04-09 12:50:00,0.0024270860267971983,0.0006441041989434645
2026-04-09 12:55:00,0.0032384020755138465,0.0012063409039257305
2026-04-09 13:00:00,0.002172491559216283,0.000562313198980118
2026-04-09 13:05:00,0.001058384102440968,-0.00015056925885162078
2026-04-09 13:10:00,0.0007951464848794387,0.0005994915905617064
2026-04-09 13:15:00,-0.0007761306482443331,0.0010339927282104378
2026-04-09 13:20:00,-0.0007212162295235913,0.0009367278770332488
2026-04-09 13:25:00,-0.0016195325875294486,0.0006029938323308852
2026-04-09 13:30:00,-0.0006239763091446804,0.00039369114805841876
2026-04-09 13:35:00,-0.0015004196402674808,0.00048155998048017996
2026-04-09 13:40:00,-0.001548159106077307,0.0021705207920628407
2026-04-09 13:45:00,-0.002743526381527417,0.0004026643764773451
2026-04-09 13:50:00,-0.0030954105284770606,0.0015579056321861795
2026-04-09 13:55:00,-0.0025953620130447774,0.0003275980322248149
2026-04-09 14:00:00,-0.0016030995279727733,-0.001146359262950032
2026-04-09 14:05:00,0.000827794564658646,0.000320809849558754
2026-04-09 14:10:00,0.002501533176902271,-0.00010533215195783923
2026-04-09 14:15:00,0.002991535349595509,0.00037558430372790496
2026-04-09 14:20:00,0.002963782748615529,-0.0014536569549782714
2026-04-09 14:25:00,0.003383691575136183,0.0002769125692954647
2026-04-09 14:30:00,0.0031159953544239727,0.0005290260120446889
2026-04-09 14:35:00,0.006017566186390155,-0.0014415810815493948
2026-04-09 14:40:00,0.006733324808530838,0.0006105208108018015
2026-04-09 14:45:00,0.005995254560996699,0.00040306706602147275
2026-04-09 14:50:00,0.004650026158321552,0.0008032570249548577
2026-04-09 14:55:00,0.00435964210900508,0.0006575755985014394
2026-04-09 15:00:00,0.006198008700211588,0.0009059986213088303
2026-04-09 15:05:00,0.003707179437045127,0.0021473679555908324
2026-04-09 15:10:00,0.003315192756900842,0.0009923999906731105
2026-04-09 15:15:00,0.0016268368554239743,0.00027861159285843574
2026-04-09 15:20:00,0.003456113363801805,0.0009948877102192075
2026-04-09 15:25:00,0.002229163453410621,-0.00042490066326731317
2026-04-09 15:30:00,-0.00014715960957722984,0.001373017767207509
2026-04-09 15:35:00,-0.0023883941330513636,0.0010799352955370896
2026-04-09 15:40:00,-0.004276344393678855,0.000804062278534009
2026-04-09 15:45:00,-0.002009827428636868,0.0010031510030494109
2026-04-09 15:50:00,-2.9389228849652227e-05,0.000722920731800408
2026-04-09 15:55:00,0.0007950084796597423,0.0008743229259879348
2026-04-09 16:00:00,-0.001851803835371868,0.003727954300333042
2026-04-09 16:05:00,-0.000986398278438827,0.0008849861727813753
2026-04-09 16:10:00,-0.00018866461148014935,-0.0009090923577729158
2026-04-09 16:15:00,0.004590869294849753,0.0008876468957186648
2026-04-09 16:20:00,0.0028716946605022997,0.0022716814140675413
2026-04-09 16:25:00,0.002900338589521212,0.000978670039870256
2026-04-09 16:30:00,0.007584084507662681,0.00010604802074161381
2026-04-09 16:35:00,0.00684766369443679,0.0004564953298693277
2026-04-09 16:40:00,0.007322402399527306,0.001028062056319494
2026-04-09 16:45:00,0.004989850519244499,-0.0006002938463756402
2026-04-09 16:50:00,0.005138363640748267,0.0011858592504495763
2026-04-09 16:55:00,0.005201226806402559,-0.0008261972395371942
2026-04-09 17:00:00,0.0068427435784368384,0.0013318743410047067
2026-04-09 17:05:00,0.0062920276488096505,0.0017388778969824742
2026-04-09 17:10:00,0.004004616722482979,0.0014338193035531408
2026-04-09 17:15:00,0.002590986034064713,-0.0012178870946148925
2026-04-09 17:20:00,0.0021525432217153195,0.0015461005149218763
2026-04-09 17:25:00,0.0030025315261816843,9.164545416324425e-06
2026-04-09 17:30:00,0.0004443364388304616,0.0015825869004656601
2026-04-09 17:35:00,0.00013146815515874266,0.0010073437202806482
2026-04-09 17:40:00,-0.00046143423345235135,-0.00021358737191864153
2026-04-09 17:45:00,5.2238579874241964e-05,0.001635980394813894
2026-04-09 17:50:00,7.309491168605575e-05,0.0015908483661882906
2026-04-09 17:55:00,-0.0009391122115314232,0.0015954800600254926
2026-04-09 18:00:00,-0.0015314162331137027,-0.0011045490330965583
2026-04-09 18:05:00,8.971912703081841e-05,0.0015970427007657288
2026-04-09 18:10:00,0.0008015062065727108,0.003705186099477604
2026-04-09 18:15:00,0.0003940098053103469,0.0015622881319108718
2026-04-09 18:20:00,-0.0004944035497498334,0.001336878836529442
2026-04-09 18:25:00,0.00021069518013483446,0.0015477231740651622
2026-04-09 18:30:00,-0.00040260630758304217,0.0016098123839409133
2026-04-09 18:35:00,0.0013220674553444667,0.0015760450976467968
2026-04-09 18:40:00,0.0014754236171121704,0.0027114833497974087
2026-04-09 18:45:00,0.0030751730286198153,0.0023258033703196248
2026-04-09 18:50:00,0.0020111454239675197,0.0015580255954519328
2026-04-09 18:55:00,0.001766886266068468,-0.0001592275595507351
2026-04-09 19:00:00,-0.0006537565647661836,0.001581130938207349
2026-04-09 19:05:00,-0.0013905071953725923,0.005033453940873859
2026-04-09 19:10:00,-0.0019568885252922996,0.0015722858850872024
2026-04-09 19:15:00,-0.0024478743586371365,-0.0008538282651482976
2026-04-09 19:20:00,-0.002530078662209334,0.001529925016727716
2026-04-09 19:25:00,-0.002596104796788623,0.003730778288391428
2026-04-09 19:30:00,-0.003299964017907442,0.0006797765995412439
2026-04-09 19:35:00,-0.0046453712413487835,0.0014362575884099827
2026-04-09 19:40:00,-0.005185063613494023,-0.0010518055550838617
2026-04-09 19:45:00,-0.005920922857677979,-0.002051510537593079
2026-04-09 19:50:00,-0.005789835289125023,0.001847547047019999
2026-04-09 19:55:00,-0.005316338071178706,0.0013199909836103694
2026-04-09 20:00:00,-0.0020371121056026453,-0.0029601091589985056
2026-04-09 20:05:00,-0.0008758004779938489,0.0012118081939408373
2026-04-09 20:10:00,-0.0007319450406040318,0.004630867286772286
2026-04-09 20:15:00,-0.0025083406543497944,0.0011868305184179221
2026-04-09 20:20:00,-0.0008768873782596387,0.002465588389569379
2026-04-09 20:25:00,-0.001636730087309246,0.0011044586230344218
2026-04-09 20:30:00,-0.0010702793277541645,0.0015838026587772672
2026-04-09 20:35:00,-0.0010222015506720084,0.0010425550684333886
2026-04-09 20:40:00,0.0002661795805689593,-0.002895768384772348
2026-04-09 20:45:00,-0.00036048120439069464,0.0010617531025144892
2026-04-09 20:50:00,0.0001593027573214556,0.0016559980920478952
2026-04-09 20:55:00,-0.0006455669895135685,0.0006186657125065751
2026-04-09 21:00:00,-0.0012443857609003572,0.0010183694149276357
2026-04-09 21:05:00,-0.0023657748475134355,0.0011491280470571415
2026-04-09 21:10:00,-0.0021361577821430444,0.0009563843977302599
2026-04-09 21:15:00,-0.0006830901923677857,-0.002154639936345962
2026-04-09 21:20:00,-0.0007686934789283839,0.0009190688222043436
2026-04-09 21:25:00,-0.0007984065822199682,0.0010352503633700258
2026-04-09 21:30:00,-0.0005114574972946428,0.0013496263885210754
2026-04-09 21:35:00,-0.0014785936970849178,0.0019233466707087074
2026-04-09 21:40:00,-0.0016191312663327295,0.0009026286905817958
2026-04-09 21:45:00,-0.0012144362073129855,-0.0002180142822883549
2026-04-09 21:50:00,-0.0007086726732161708,0.0008042336118006409
2026-04-09 21:55:00,-0.0005389902975903027,0.0014707591848623397
2026-04-09 22:00:00,0.00045687365094870813,0.0005015728025919658
2026-04-09 22:05:00,-2.515333051178459e-05,0.000732451650697153
2026-04-09 22:10:00,8.176057781916768e-05,-0.00022015230449609182
2026-04-09 22:15:00,-0.0009520754494438677,0.0007272340738590648
2026-04-09 22:20:00,-0.0009748070811284038,0.001431048768510138
2026-04-09 22:25:00,-0.0011054093814291122,0.0006916712162714177
2026-04-09 22:30:00,-0.0008725967436955528,0.0036608586629395647
2026-04-09 22:35:00,-0.0010142574374256697,0.0006276286974215686
2026-04-09 22:40:00,-0.0005521944620614505,0.003302539550770956
2026-04-09 22:45:00,-0.0008923650890064749,-0.0005492997284918497
2026-04-09 22:50:00,-0.0013138400012788765,0.000922637963522184
2026-04-09 22:55:00,-0.0005161929417170086,0.0005278531332771477
2026-04-10 00:00:00,-0.0020659755970662275,0.0004830974194194073
2026-04-10 00:05:00,-0.00178120592113018,0.004430950902561754
2026-04-10 00:10:00,-0.002205683412356052,0.003014967549378243
2026-04-10 00:15:00,-0.0012050242987839965,0.0004296545301752173
2026-04-10 00:20:00,-0.0020554473949019325,0.0005860224895971955
2026-04-10 00:25:00,-0.0013440777556184003,0.0004153257253849484
2026-04-10 00:30:00,-0.0007536467726847462,0.002477561684908974
2026-04-10 00:35:00,0.000256286369907599,0.0004002623463385416
2026-04-10 00:40:00,-0.00027726199755839787,-0.0020928475908426458
2026-04-10 00:45:00,0.0003738404165023468,0.0004033592826909639
2026-04-10 00:50:00,0.00017429852761807751,-0.0033866653142526097
2026-04-10 00:55:00,-0.00030858399029831673,0.0004821412804271299
2026-04-10 01:00:00,-0.0012059002329003476,0.0016397241220176331
2026-04-10 01:05:00,-0.001689725653553964,0.0005261678881672221
2026-04-10 01:10:00,-0.0012277188468594602,-0.002506141517311395
2026-04-10 01:15:00,-0.0010508573860814607,-0.0013857711015596425
2026-04-10 01:20:00,-0.0008936203465399473,0.0004622442687706719
2026-04-10 01:25:00,-0.0009461375170189967,-0.00014471152527033933
2026-04-10 01:30:00,-0.0005356653459145377,-0.0003760221639007646
2026-04-10 01:35:00,-0.0003046100122592321,0.00017563940722557702
2026-04-10 01:40:00,-0.0010109768557118315,0.00038772675382897864
2026-04-10 01:45:00,-0.0012670025322520928,-0.0012167941803766776
2026-04-10 01:50:00,-0.001206011714639743,0.0005837515501516766
2026-04-10 01:55:00,-9.658326219685875e-05,0.0031009200092268225
2026-04-10 02:00:00,0.0008468032634105782,0.00011460147580422672
2026-04-10 02:05:00,0.0011373061787978145,-0.0010996259295874382
2026-04-10 02:10:00,0.0014398941380573405,6.422198509276096e-06
2026-04-10 02:15:00,0.0017480171184871551,0.0015533701023512528
2026-04-10 02:20:00,0.0011142741762526498,-0.0013370260339978703
2026-04-10 02:25:00,0.0017926970803952003,-6.459890158009065e-05
2026-04-10 02:30:00,0.002595826104107246,-0.00201348839051649
2026-04-10 02:35:00,0.0029476669229140384,-1.0754803268133886e-05
2026-04-10 02:40:00,0.003472138242358369,-0.0010146129491788074
2026-04-10 02:45:00,0.0021359563791580882,5.596000447913081e-05
2026-04-10 02:50:00,0.0018987055024268784,0.0002982765978547681
2026-04-10 02:55:00,0.0005038100742638107,0.00013660164922943348
2026-04-10 03:00:00,-0.0012736284996766045,-0.0006158573482051254
2026-04-10 03:05:00,-4.202157388277783e-05,0.00012543406137742236
2026-04-10 03:10:00,-0.001690247842864423,-0.0029869106544979625
2026-04-10 03:15:00,-0.0032505584632591678,0.0001535085427573189
2026-04-10 03:20:00,-0.002859660872900349,-0.0004434008635671025
2026-04-10 03:25:00,-0.003750889263578472,0.0014368513323138952
2026-04-10 03:30:00,-0.005811641920548283,-5.7763642671626185e-05
2026-04-10 03:35:00,-0.005406849227613364,0.000419092164455661
2026-04-10 03:40:00,-0.004618868241594853,-0.00019531281410058583
2026-04-10 03:45:00,-0.003562466133230302,-0.0009331300698099559
2026-04-10 03:50:00,-0.003434587579322468,-0.00041573235963766365
2026-04-10 03:55:00,-0.002466890512078379,0.0019307671866734015
2026-04-10 04:00:00,1.8927146259173355e-05,-0.0005963700496271229
2026-04-10 04:05:00,-0.00032152347766079004,-0.002093953827495785
2026-04-10 04:10:00,0.0015873169377691454,-0.000725876977852763
2026-04-10 04:15:00,0.0027760386956465766,-2.1768857242562314e-05
2026-04-10 04:20:00,0.002702055962865657,-0.0007648481293781896
2026-04-10 04:25:00,0.0023661923570905685,-0.0013736988188007384
2026-04-10 04:30:00,0.003936271646171718,-0.001279164045547022
2026-04-10 04:35:00,0.0037043464314141517,-0.0007708053524600173
2026-04-10 04:40:00,0.0032243243511711484,-0.0012277174739208682
2026-04-10 04:45:00,0.003709316096886184,-0.0011131070085270292
2026-04-10 04:50:00,0.0032310273735909334,-0.0021451890941362245
2026-04-10 04:55:00,0.0027921330042044445,-0.0006848563115158821
2026-04-10 05:00:00,0.0025434911610364708,0.00043016571199301504
2026-04-10 05:05:00,0.0017261876548442245,-0.0006426664236067754
2026-04-10 05:10:00,0.0014757299720731254,1.6376835354230342e-05
2026-04-10 05:15:00,0.001911402587964517,-0.000598080127052894
2026-04-10 05:20:00,0.0018120074036733769,-0.0012152864798420145
2026-04-10 05:25:00,0.002045901140874662,-0.0005967199774315827
2026-04-10 05:30:00,0.0002498328337416922,-0.0002819748999287138
2026-04-10 05:35:00,-0.0004617687082628663,-0.0004626894670020308
2026-04-10 05:40:00,-0.0005667613519708681,-0.0005842398280928439
2026-04-10 05:45:00,-0.0007617561049144683,-0.00015913780435186095
2026-04-10 05:50:00,-0.00039044788646691586,-0.0006248796717490638
2026-04-10 05:55:00,-0.001637778447157956,0.001773424664996596
2026-04-10 06:00:00,-0.001049377500683235,-0.0006555000651367873
2026-04-10 06:05:00,-0.0008711213351109137,0.0008484862332004281
2026-04-10 06:10:00,-0.0015072415510068993,-0.0006850358451586643
2026-04-10 06:15:00,-0.002161350866774825,-0.0002786395029363881
2026-04-10 06:20:00,-0.001232143781429329,-0.00024386265262837833
2026-04-10 06:25:00,-0.0011463653499443893,-0.0006125863580245656
2026-04-10 06:30:00,9.02603802668267e-05,0.0016900172855594067
2026-04-10 06:35:00,0.0004218970948528522,-0.0006219973533041782
2026-04-10 06:40:00,0.00048701435975573304,0.002365339864520518
2026-04-10 06:45:00,0.0006107101111219038,-0.000502880373979598
2026-04-10 06:50:00,0.0008793423338229189,0.00205077770260918
2026-04-10 06:55:00,0.0014111690473530558,-0.0004634266364391766
2026-04-10 07:00:00,-8.189776014155825e-05,0.0011212946584598018
2026-04-10 07:05:00,-0.0006154899904107225,-0.0003403081077272698
2026-04-10 07:10:00,-0.0007881123646615862,-0.00039674785436806395
2026-04-10 07:15:00,-0.0015662237140823265,-0.0003074668684062578
2026-04-10 07:20:00,-0.001469220726180609,-0.0009096000663048147
2026-04-10 07:25:00,-0.00095420656773193,-0.0003140551463284765
2026-04-10 07:30:00,-0.001268590585551621,0.00104375299948991
2026-04-10 07:35:00,-0.002746570354561939,-0.0003295811719731562
2026-04-10 07:40:00,-0.0028898686674878604,0.0010187670349270043
2026-04-10 07:45:00,-0.004754908703064942,-0.0024979902596937494
2026-04-10 07:50:00,-0.004560395189606936,0.002253814701007994
2026-04-10 07:55:00,-0.004108845884960743,-0.0011113341299705802
2026-04-10 08:00:00,-0.002344277517414284,-0.0003135296371681311
2026-04-10 08:05:00,-0.0014867202058805873,-0.0011077115616474837
2026-04-10 08:10:00,-0.0019740559146050884,0.0017100667794446168
2026-04-10 08:15:00,-3.366394129322714e-05,-0.0003168741270243088
2026-04-10 08:20:00,3.155101641816316e-05,-0.001618113198725204
2026-04-10 08:25:00,-0.00039540073748334237,-0.001150584866464521
2026-04-10 08:30:00,-0.0004919066737834044,-0.0006299836435228773
2026-04-10 08:35:00,0.0007677818109979029,0.0008450131565386829
2026-04-10 08:40:00,0.000624919143810132,-0.0003201383356081738
2026-04-10 08:45:00,0.002080557025557539,-0.0015545198345062498
2026-04-10 08:50:00,0.0011331040255981861,0.0014854843413203247
2026-04-10 08:55:00,0.0007056338306128396,0.0005470407689322146
2026-04-10 09:00:00,-0.0006211553056338914,0.0002871905541444848
2026-04-10 09:05:00,-0.00041465697202092144,-0.0017425343231050555
2026-04-10 09:10:00,0.0006338904129421508,-0.0005091906848700869
2026-04-10 09:15:00,-0.0015076226219523647,0.0010939579861715886
2026-04-10 09:20:00,-0.001707287964240578,-0.0018374673472757522
2026-04-10 09:25:00,-0.0014862534839785724,-0.00024345416913000288
2026-04-10 09:30:00,-0.0012266158201814648,0.0004448868568330402
2026-04-10 09:35:00,-0.0013297930260218749,0.0004144443230506413
2026-04-10 09:40:00,-0.0024429808077037762,-0.00022617611515208014
2026-04-10 09:45:00,-0.003854974449575721,-0.0034245757410067464
2026-04-10 09:50:00,-0.0030209497112654304,-0.002225831124452398
2026-04-10 09:55:00,-0.0015994490685340423,-0.002126414163726423
2026-04-10 10:00:00,-0.000655263145301177,0.00028634356552310994
2026-04-10 10:05:00,-0.0016055223291537857,-0.001794003753227255
2026-04-10 10:10:00,-0.0006675968342300109,-0.0001753618952369411
2026-04-10 10:15:00,0.002786056378505819,0.00227539930258685
2026-04-10 10:20:00,0.0015684560452982055,-0.0002221103143368671
2026-04-10 10:25:00,0.0004275768149994974,0.00011583922002709622
2026-04-10 10:30:00,-0.00048011523687740976,0.002310472581122338
2026-04-10 10:35:00,-0.00013897282261332577,-0.0014654543949217938
2026-04-10 10:40:00,0.0017043980323450114,-0.00014715105410924024
2026-04-10 10:45:00,0.003053167078183705,-0.003040914987975627
2026-04-10 10:50:00,0.0032419448849996257,-0.00015571922856159054
2026-04-10 10:55:00,0.002195163938711886,-7.58779697251534e-05
2026-04-10 11:00:00,0.0006131369520705476,0.0024819442686848676
2026-04-10 11:05:00,0.0007756922071440187,0.0002542476927007478
2026-04-10 11:10:00,0.0001011158556849523,-0.001705421334609445
2026-04-10 11:15:00,-0.0013604943615117548,-0.0025412720604978674
2026-04-10 11:20:00,0.0011311290840207988,8.332081272945872e-05
2026-04-10 11:25:00,0.0020237683907975423,8.877544559911901e-05
2026-04-10 11:30:00,0.002507532321445183,0.002225356301148636
2026-04-10 11:35:00,0.0011848604440096722,0.0024838270640628736
2026-04-10 11:40:00,0.0009951704550896778,0.0003429695274693264
2026-04-10 11:45:00,0.001806841034204254,0.0010228403846099445
2026-04-10 11:50:00,0.0011126524866416077,0.00016784791895264547
2026-04-10 11:55:00,0.001076858789495816,0.00015521150589133982
2026-04-10 12:00:00,0.002553849936834496,-0.0007556512282488729
2026-04-10 12:05:00,0.002064874825812524,9.843415068241498e-06
2026-04-10 12:10:00,0.0017783881130135626,0.0010206009583765586
2026-04-10 12:15:00,0.0012869446308290122,-0.000248645054865518
2026-04-10 12:20:00,0.00043907148642041705,0.002151730571393975
2026-04-10 12:25:00,0.0007289832057963963,0.0013452779733287299
2026-04-10 12:30:00,-2.5212308651489934e-05,0.00011807980944192846
2026-04-10 12:35:00,0.0015069312217015352,0.0005862624129533825
2026-04-10 12:40:00,0.002486748431389074,0.0011645604875778345
2026-04-10 12:45:00,0.0010733029035989716,6.188434780221062e-05
2026-04-10 12:50:00,0.0016005515026105144,-0.001797406103042122
2026-04-10 12:55:00,0.0025046752661452842,0.00048228302154899926
2026-04-10 13:00:00,0.0015661052743212167,-1.8837788801008512e-05
2026-04-10 13:05:00,0.0020165532187519375,-0.0005306294862922217
2026-04-10 13:10:00,0.002348094355710373,2.382448961551887e-05
2026-04-10 13:15:00,0.001956680734373606,-7.834068940817607e-06
2026-04-10 13:20:00,-0.00011132524311285863,0.0001776025776922614
2026-04-10 13:25:00,7.769885398190013e-05,-0.0002407990203224035
2026-04-10 13:30:00,0.004433881222388081,0.000210513295418223
2026-04-10 13:35:00,0.0030049731498955623,0.0003689306272410063
2026-04-10 13:40:00,0.0011991565413627114,0.000410383730119903
2026-04-10 13:45:00,0.00091066852296251,-6.66679924459442e-05
2026-04-10 13:50:00,9.234211079700572e-05,0.0005528645122529376
2026-04-10 13:55:00,0.0004612004710526918,0.0022315328969690507
2026-04-10 14:00:00,0.0008072861680616938,0.0006048222793025605
2026-04-10 14:05:00,0.0018721709332076841,0.0005511004855814346
2026-04-10 14:10:00,0.0012138887962631628,0.0006771075896706587
2026-04-10 14:15:00,0.0009412850597776412,-0.0008837402327560984
2026-04-10 14:20:00,0.0032862240024247313,0.001346076533868445
2026-04-10 14:25:00,0.0031323210008391555,0.0005757196208528616
2026-04-10 14:30:00,-0.0022993907743344977,-0.0020481803825627195
2026-04-10 14:35:00,-6.072300157811128e-05,0.0006277392828258293
2026-04-10 14:40:00,-0.0005889164422345772,0.0020973437708066765
2026-04-10 14:45:00,0.0013351262755207927,0.0005519122363256445
2026-04-10 14:50:00,0.0025151393126385813,0.0021909408022480993
2026-04-10 14:55:00,0.0002996662829755081,0.0005731691977809674
2026-04-10 15:00:00,0.0010432641284108257,0.0017776907282420632
2026-04-10 15:05:00,0.0003015675251383243,0.000522719487015532
2026-04-10 15:10:00,0.0014865252389828498,-5.931042340108839e-05
2026-04-10 15:15:00,0.003367943322080791,0.00046126575088169947
2026-04-10 15:20:00,0.0029749078301293252,-0.001983943862624708
2026-04-10 15:25:00,0.0029660184007465062,0.0006474422808192607
2026-04-10 15:30:00,0.003841917144283613,0.0004752453474252849
2026-04-10 15:35:00,0.0023947147878953245,0.0014407461712635456
2026-04-10 15:40:00,0.0023117572732758163,0.0005657589276912364
2026-04-10 15:45:00,-3.7702809702722107e-05,0.0024163500367974707
2026-04-10 15:50:00,-0.00041665664013379455,0.0006380078295855743
2026-04-10 15:55:00,0.0003980191269317146,0.0003672884287075821
2026-04-10 16:00:00,-0.00028061064410422887,0.0005946701114794712
2026-04-10 16:05:00,0.0008518556630328078,-0.0002986616294118416
2026-04-10 16:10:00,0.0005500820555752739,0.0006458244406463619
2026-04-10 16:15:00,-0.0011910808271249351,0.0004243771691602156
2026-04-10 16:20:00,-0.0008959310920353403,0.0007087476841293099
2026-04-10 16:25:00,-0.0030413807681650695,0.001973200211024894
2026-04-10 16:30:00,-0.002676901831694778,-0.0019932514272040795
2026-04-10 16:35:00,-0.00555740277051342,0.0006680241764154292
2026-04-10 16:40:00,-0.0031548675189796427,-0.0006373823905353349
2026-04-10 16:45:00,-0.001593194880722848,0.0005409842980029541
2026-04-10 16:50:00,-0.0017732545115940468,0.0022331988961349016
2026-04-10 16:55:00,-0.002558463298619529,0.00047686075626292187
2026-04-10 17:00:00,-0.004450021302288221,-0.00035291347427036034
2026-04-10 17:05:00,-0.004899174256673078,0.00040718484794744327
2026-04-10 17:10:00,-0.004020684993054857,0.0020387415453119104
2026-04-10 17:15:00,-0.00427867749937505,0.0019146873103759704
2026-04-10 17:20:00,-0.005297984016973345,0.0003378063182285688
2026-04-10 17:25:00,-0.0038762502651259467,-0.0002600316232123908
2026-04-10 17:30:00,-0.002923488119094486,0.00025489719318535104
2026-04-10 17:35:00,0.00043682796393440526,0.002343940983028887
2026-04-10 17:40:00,-0.0019069586647120218,0.0002552056375999288
2026-04-10 17:45:00,-0.00099913738263524,0.001735140164138259
2026-04-10 17:50:00,-0.0002454850177304735,0.00022972574463357538
2026-04-10 17:55:00,0.0003485037467942931,0.0001650856843409893
2026-04-10 18:00:00,0.0013812055261848144,0.00018434368172362718
2026-04-10 18:05:00,0.0012249457607520498,0.0008924832670696172
2026-04-10 18:10:00,0.0003001713938211026,0.0002953788450101987
2026-04-10 18:15:00,0.0009885291555313813,-0.0004058273098646334
2026-04-10 18:20:00,0.000833531966549117,0.00032204027995763704
2026-04-10 18:25:00,0.0007667930675285817,0.00024156500356415324
2026-04-10 18:30:00,-3.360476179814498e-05,0.00027918971173089134
2026-04-10 18:35:00,-0.00018058842477230996,0.0011459230856855009
2026-04-10 18:40:00,0.00047497951755737233,-6.784891113041121e-05
2026-04-10 18:45:00,0.00042832397904390973,0.0003009300156201897
2026-04-10 18:50:00,-0.0009153299500574974,3.0088923900804363e-05
2026-04-10 18:55:00,-0.0006824254715045441,0.00027135272667485493
2026-04-10 19:00:00,-0.0014632549094404368,0.0009240736215577649
2026-04-10 19:05:00,-0.0012711995215060057,0.000287429555413396
2026-04-10 19:10:00,-0.0002015037222040661,-5.607533680907811e-05
2026-04-10 19:15:00,0.0002307259908373993,0.0002052799398152128
2026-04-10 19:20:00,-5.8765381330871946e-05,-0.0009272176945560813
2026-04-10 19:25:00,0.000988610075973284,0.00022661601167831786
2026-04-10 19:30:00,0.0021107057926563755,0.0020948516274800866
2026-04-10 19:35:00,0.00209575733205547,0.00028847022789753974
2026-04-10 19:40:00,0.0018871791860597398,0.0009198936944887825
2026-04-10 19:45:00,7.976557322031397e-05,0.0010780919260453738
2026-04-10 19:50:00,0.001441894735460636,0.0003800674937185153
2026-04-10 19:55:00,0.0009552653162092639,0.0013725328391591637
2026-04-10 20:00:00,0.002966326411966591,0.0003889917354664187
2026-04-10 20:05:00,0.0019597038361123253,0.0014520219664953512
2026-04-10 20:10:00,0.0006505430164907011,0.0004747335831230337
2026-04-10 20:15:00,0.0003313133037909921,-0.0013455770343752788
2026-04-10 20:20:00,0.0006567166294040305,-3.877113724768915e-05
2026-04-10 20:25:00,-0.000690454856679068,0.00039385651897932777
2026-04-10 20:30:00,-0.0013548716622562296,0.0004857018858707108
2026-04-10 20:35:00,-0.0018920727400910664,0.0019101374303639718
2026-04-10 20:40:00,-0.0008707247182346833,0.00041816128871031955
2026-04-10 20:45:00,-0.0009239912878218348,0.00017395989065798086
2026-04-10 20:50:00,-0.001742288715975704,7.044543924794292e-05
2026-04-10 20:55:00,-0.0011485288231991575,0.00033045761784735486
2026-04-10 21:00:00,-0.0028506176906599734,-0.0008634759039284871
2026-04-10 21:05:00,-0.002477050741360287,0.00028604606758073607
2026-04-10 21:10:00,-0.002772994508307036,0.0003050015824445307
2026-04-10 21:15:00,-0.003921981434519495,0.0001928119773673127
2026-04-10 21:20:00,-0.0040015353362310435,0.0011833752372789358
2026-04-10 21:25:00,-0.0038366042673079193,8.511507884017189e-05
2026-04-10 21:30:00,-0.0036816732941460373,0.002056151886590539
2026-04-10 21:35:00,-0.0025879871779501684,-0.0026252826980012584
2026-04-10 21:40:00,-0.0027093366721686607,-2.5019267879115315e-05
2026-04-10 21:45:00,-0.0018737013385585755,0.002039563092160779
2026-04-10 21:50:00,-0.0021410807382622465,-0.00011112870148146768
2026-04-10 21:55:00,-0.0021304727590027994,3.321418594478133e-05
2026-04-10 22:00:00,-0.017526940535224966,-0.00016931038226112037
2026-04-10 22:05:00,-0.018522114674052403,-0.0007134756276246774
2026-04-10 22:10:00,-0.016328737245730807,-0.0005145838031363797
2026-04-10 22:15:00,-0.017221673660692716,-0.0011238120609923833
2026-04-10 22:20:00,-0.01935359089782196,-0.0007964161910844539
2026-04-10 22:25:00,-0.02075298696582628,-0.0018601244294540748
2026-04-10 22:30:00,-0.019774021609993753,-0.0011145149825033682
2026-04-10 22:35:00,-0.01985075031225847,0.0013652655532649086
2026-04-10 22:40:00,-0.01979180898957722,-0.0014865055414260793
2026-04-10 22:45:00,-0.01950773346529111,0.00010439377920861803
2026-04-10 22:50:00,-0.019912623407684293,-0.0018790988199803653
2026-04-10 22:55:00,-0.019432823583469983,0.0009584636092099402
2026-04-13 00:00:00,-0.0025058130151922597,-0.0022137322637243865
2026-04-13 00:05:00,-0.0020614561261194098,-0.006353989624151353
2026-04-13 00:10:00,-0.0036395887322786535,-0.002307584316436593
2026-04-13 00:15:00,-0.0037931331495641984,-0.0037637856718679757
2026-04-13 00:20:00,-0.0022160209477632975,-0.00236719844463404
2026-04-13 00:25:00,0.0012536166757914913,-0.00022143883117436717
2026-04-13 00:30:00,0.00018261053627455226,-0.0024440734442507934
2026-04-13 00:35:00,0.0001932358857938965,-0.011240716031572364
2026-04-13 00:40:00,-0.0004895929390258402,-0.002484638576657356
2026-04-13 00:45:00,0.00025109209095219853,-0.004272453932663682
2026-04-13 00:50:00,0.0023619600437640997,-0.0028280017283408804
2026-04-13 00:55:00,0.002904539229160008,-0.0025467968697984854
2026-04-13 01:00:00,0.0020454201742001743,-0.00010717470305034903
2026-04-13 01:05:00,0.0032051137703223986,-0.002502716510084854
2026-04-13 01:10:00,0.002751799835078117,-0.004305075549885768
2026-04-13 01:15:00,0.004561590888494393,-0.00249863990486911
2026-04-13 01:20:00,0.005529801879900376,0.001423065876881403
2026-04-13 01:25:00,0.004230893071214936,-0.0023598223201270786
2026-04-13 01:30:00,0.005296209487442027,-0.004969971834700468
2026-04-13 01:35:00,0.004122047404049312,-0.002376896339691262
2026-04-13 01:40:00,0.004898000458883445,-0.010799249956420903
2026-04-13 01:45:00,0.0057769864948333804,-0.0024091435125989154
2026-04-13 01:50:00,0.004905569792770237,-0.0005994779328462036
2026-04-13 01:55:00,0.005326241440094748,-0.0009321158219483466
2026-04-13 02:00:00,0.007521680194789937,-0.002233904370146027
2026-04-13 02:05:00,0.007510414851962466,-0.0029427601499683732
2026-04-13 02:10:00,0.009103512614954568,-0.00213865492905784
2026-04-13 02:15:00,0.009290208022703084,-0.0028966194902642468
2026-04-13 02:20:00,0.009032291983270824,-0.002007716448383339
2026-04-13 02:25:00,0.00937984092113453,-0.011068897784769756
2026-04-13 02:30:00,0.008839288848262683,-0.0018505089794946788
2026-04-13 02:35:00,0.008471225989083564,-0.000702560981391107
2026-04-13 02:40:00,0.007586593511158313,-0.00172764563981622
2026-04-13 02:45:00,0.005917730845480307,0.004443421819569711
2026-04-13 02:50:00,0.0070054946989053235,-0.0016293288757717242
2026-04-13 02:55:00,0.005202715442752748,-0.006453106583685827
2026-04-13 03:00:00,0.004058418716038403,-0.004585572661797176
2026-04-13 03:05:00,0.0034081627338196085,-0.0014038809944566285
2026-04-13 03:10:00,0.0015893403134494832,-0.008669596211766313
2026-04-13 03:15:00,0.001076351104519091,-0.0013732557887758676
2026-04-13 03:20:00,0.001119085179972501,-0.005281901018118368
2026-04-13 03:25:00,0.000517118980676301,-0.0013255333461756594
2026-04-13 03:30:00,0.0007283306095899889,-0.01100919427270935
2026-04-13 03:35:00,-0.00016325267203498584,-0.0012821101599872196
2026-04-13 03:40:00,0.0001993743047066232,-0.000898744325092114
2026-04-13 03:45:00,-0.0005197477749288026,-0.0007061372717028089
2026-04-13 03:50:00,-0.000817644213588764,-0.0012348292788646675
2026-04-13 03:55:00,-0.00011649913750844121,-5.693914222691371e-05
2026-04-13 04:00:00,-0.001673984557983843,-0.001197609659569465
2026-04-13 04:05:00,-0.0018012524630943716,-0.0004210471524336703
2026-04-13 04:10:00,-0.0018587188672434252,-0.0011056751195848984
2026-04-13 04:15:00,-0.0014028754886137307,-0.0031848131759832105
2026-04-13 04:20:00,-0.0008264761014906696,-0.001113635033866103
2026-04-13 04:25:00,-0.0001483264540826923,0.0009002186380601456
2026-04-13 04:30:00,-0.0006859712796227768,-0.0010519483443457134
2026-04-13 04:35:00,0.0005808038148682471,-0.0011327753325892649
2026-04-13 04:40:00,0.0014834534118790543,-0.0009787941866987277
2026-04-13 04:45:00,0.001744858887603229,-0.011207755751497541
2026-04-13 04:50:00,-4.238320777893989e-05,-0.0009599893838276661
2026-04-13 04:55:00,-0.0005593848607663432,0.0026868847521508295
2026-04-13 05:00:00,-9.75589065692617e-05,-0.0009797543506465123
2026-04-13 05:05:00,-0.0004306618575462551,-0.00043915790847172403
2026-04-13 05:10:00,0.00018242175536009597,0.0030241811472078617
2026-04-13 05:15:00,-0.0006491247650526333,-0.0010643979189120703
2026-04-13 05:20:00,-0.000871718517711173,-0.001051817927923377
2026-04-13 05:25:00,-0.0013019785973735765,-0.0011287287736413084
2026-04-13 05:30:00,-0.001797612288951811,-0.00029966139675233655
2026-04-13 05:35:00,-0.0014059555018626213,-0.001161734865174978
2026-04-13 05:40:00,-0.0008241045744483699,0.0013606362765837426
2026-04-13 05:45:00,-0.000417386593968061,-0.0012053613127144468
2026-04-13 05:50:00,0.0009955307848112938,0.003578069056763924
2026-04-13 05:55:00,0.001135393686238828,-0.0012618240507483983
2026-04-13 06:00:00,0.0014517958718460733,-0.0011234252486726115
2026-04-13 06:05:00,0.0017342454126634266,-0.0012049344858054228
2026-04-13 06:10:00,0.0010006063830658718,-0.004842956983123151
2026-04-13 06:15:00,0.0010244066283959796,0.0012279820198809958
2026-04-13 06:20:00,0.0009056386696766339,-0.0010488386311369978
2026-04-13 06:25:00,0.001655806778288138,-0.004940168103566838
2026-04-13 06:30:00,0.001983972027316483,-0.0010811753535707306
2026-04-13 06:35:00,0.002238417763459566,-0.0017166891656440258
2026-04-13 06:40:00,0.0006101992447433702,-0.00109809804144509
2026-04-13 06:45:00,0.0008811804998973827,0.0014729293123387993
2026-04-13 06:50:00,-0.0005611880391871438,-0.001069854276062572
2026-04-13 06:55:00,0.0012948080436832043,-0.0028759838799082105
2026-04-13 07:00:00,0.0009060387676171899,-0.0011402234666053812
2026-04-13 07:05:00,0.0015810949251875428,0.004367277464982781
2026-04-13 07:10:00,0.0014821091004399989,-0.0012296815275521014
2026-04-13 07:15:00,0.002439077239763776,-0.0024323345879409576
2026-04-13 07:20:00,0.0021494613976802412,-0.0005650351410443347
2026-04-13 07:25:00,0.002365522882577409,-0.0011476065655373192
2026-04-13 07:30:00,0.0015509439426590887,0.0019511454497504002
2026-04-13 07:35:00,0.0008677341045437714,-0.0010787314584429627
2026-04-13 07:40:00,0.0011071537438915868,0.0014499937062617003
2026-04-13 07:45:00,-0.00020751588735734572,-0.001052106386520585
2026-04-13 07:50:00,0.0008977497575166637,0.0015881004587793006
2026-04-13 07:55:00,-0.0007445213516028559,-0.0010575478717308533
2026-04-13 08:00:00,0.0024156158090722357,0.000448518369726131
2026-04-13 08:05:00,-0.0002559381362861046,0.001583581680112906
2026-04-13 08:10:00,0.0003342295511181703,-0.013864025400579828
2026-04-13 08:15:00,0.0005750261245669464,-0.001020552665294143
2026-04-13 08:20:00,0.0006555657767233214,0.001239690561458835
2026-04-13 08:25:00,-9.721890534919453e-05,0.0040438872704547215
2026-04-13 08:30:00,0.00041641962170579916,-0.0008414889553867246
2026-04-13 08:35:00,0.0005202792705709669,0.0006204848099509648
2026-04-13 08:40:00,0.0012327263946723122,-0.0008522436291980473
2026-04-13 08:45:00,0.0035873435187330216,0.0019545392933927918
2026-04-13 08:50:00,0.0020275555670252743,-0.0008395443439673067
2026-04-13 08:55:00,0.001560319991813941,0.0014532287329728439
2026-04-13 09:00:00,-0.0002195524095203183,-0.0007285787049654952
2026-04-13 09:05:00,0.0014269182577457684,-0.006539940704754102
2026-04-13 09:10:00,0.0009914543374396345,-0.00037936577392658465
2026-04-13 09:15:00,0.00024513118867730554,-0.012145230938850823
2026-04-13 09:20:00,0.0007079511661469695,-6.0901898124106544e-05
2026-04-13 09:25:00,0.00016907028292045823,0.0005809909613684714
2026-04-13 09:30:00,0.00021131418482767117,0.002894904084166761
2026-04-13 09:35:00,0.0001501115796997965,0.0007236167205916317
2026-04-13 09:40:00,-0.0022636314066932783,4.986343610803836e-05
2026-04-13 09:45:00,-0.0022181108262806504,0.0010584505217727392
2026-04-13 09:50:00,-0.001980996198531315,0.001084279577660611
2026-04-13 09:55:00,-0.002102138440863044,0.0014148739930612225
2026-04-13 10:00:00,-0.0019717973937414257,0.0011786503774755528
2026-04-13 10:05:00,-0.0034025945846423156,0.0025070945395328985
2026-04-13 10:10:00,-0.002871361065132305,0.0015082477982729114
2026-04-13 10:15:00,-0.002672211558547133,0.0015371022882705223
2026-04-13 10:20:00,-0.0026971214283779688,0.0011509736227701026
2026-04-13 10:25:00,-0.0035140789698342445,0.0015398946033124896
2026-04-13 10:30:00,-0.003922922767143788,-0.0009032204616243578
2026-04-13 10:35:00,-0.003010762247708243,0.001816087200580256
2026-04-13 10:40:00,-0.0015239591968025934,0.0014329696780040185
2026-04-13 10:45:00,-0.003153951988180026,0.0008063709834812492
2026-04-13 10:50:00,-0.002163065403767206,0.0013966592759999039
2026-04-13 10:55:00,-0.0018117194566240613,0.0019292928849877838
2026-04-13 11:00:00,-0.0024018362074595956,0.0013120738234989435
2026-04-13 11:05:00,7.418484110210954e-05,0.0011741302254797868
2026-04-13 11:10:00,-0.0003009437363896694,0.0012164119517281448
2026-04-13 11:15:00,-0.001443804771126267,-0.0018229513677026942
2026-04-13 11:20:00,-0.0019294628510966305,0.0011577707810248214
2026-04-13 11:25:00,-0.000543030974593961,0.0005430485713790257
2026-04-13 11:30:00,0.00042415477195056894,0.0010673995741783298
2026-04-13 11:35:00,0.00021838389643491496,0.002136222927296134
2026-04-13 11:40:00,0.0007654492298900806,0.0009899738084315308
2026-04-13 11:45:00,0.001581396664372292,0.0009194946550973367
2026-04-13 11:50:00,0.0011043623430531113,-0.001931288373730624
2026-04-13 11:55:00,0.0017841974045769149,0.0008403469163948406
2026-04-13 12:00:00,0.002001930571394084,-0.001912076308658384
2026-04-13 12:05:00,0.001027423830647578,0.002197437923103859
2026-04-13 12:10:00,0.0008136110794811913,-0.00041267722678992437
2026-04-13 12:15:00,0.001471346122880135,0.000591431747180189
2026-04-13 12:20:00,0.001772700460191956,-0.001437846565510316
2026-04-13 12:25:00,0.0016599836541466573,0.0004269839697660854
2026-04-13 12:30:00,0.0007185316828692834,0.0015908282590145414
2026-04-13 12:35:00,-0.00100326334106704,0.00028825935581063374
2026-04-13 12:40:00,-0.0021982647660205856,-8.51505894028299e-05
2026-04-13 12:45:00,-0.0026257255445543137,-0.0003347414103666955
2026-04-13 12:50:00,-0.0026155618478842513,0.00011740521024771991
2026-04-13 12:55:00,-0.0035630851563297483,0.0018196709561556588
2026-04-13 13:00:00,-0.00328357396621648,-6.1009783245510304e-05
2026-04-13 13:05:00,-0.0017270996760618829,-0.002263372182833435
2026-04-13 13:10:00,-0.0008348077143036647,-0.00020750877957576494
2026-04-13 13:15:00,-0.0013949694330079865,0.0015488858842676943
2026-04-13 13:20:00,-0.0025837615083297294,-0.00022605051975719116
2026-04-13 13:25:00,-0.002105659018859285,0.00011060236428734674
2026-04-13 13:30:00,-0.0012784539870711598,-0.00026680873093219026
2026-04-13 13:35:00,-0.0001209686406191679,-0.0009830673652455842
2026-04-13 13:40:00,0.0017000472084927054,-0.00029162207089128417
2026-04-13 13:45:00,0.002727392027743747,-0.001532558721052095
2026-04-13 13:50:00,0.003354654703327853,-0.0005650742600876461
2026-04-13 13:55:00,0.0036964541960706754,-0.00023682071855270578
2026-04-13 14:00:00,0.003662324580394838,0.0015950527625442198
2026-04-13 14:05:00,0.002960731205259748,-0.0001267144831300319
2026-04-13 14:10:00,0.003575868206782573,0.0014980884783353144
2026-04-13 14:15:00,0.0046374232113723934,-6.612160439916651e-06
2026-04-13 14:20:00,0.0048227073884348215,-0.001241633509135693
2026-04-13 14:25:00,0.00502460950848338,4.999090008868443e-05
2026-04-13 14:30:00,0.00423615971279645,-0.0007028857740127431
2026-04-13 14:35:00,0.003371026587124959,0.000187227623079681
2026-04-13 14:40:00,0.002408223431993761,0.000173416666999948
2026-04-13 14:45:00,0.0037818417531276793,0.0002030510712487243
2026-04-13 14:50:00,0.0007935458689125596,-0.002426258553629892
2026-04-13 14:55:00,0.0015335236497460158,0.000923646405587994
2026-04-13 15:00:00,-0.0005523044035893321,0.00028653446129001326
2026-04-13 15:05:00,-0.0008398890655492153,0.000911662195683754
2026-04-13 15:10:00,-0.0015007305666099313,0.00025298734123662043
2026-04-13 15:15:00,-0.0035708808381968993,-0.0008807316327555315
2026-04-13 15:20:00,-0.0028577617152585333,0.00020889108263587235
2026-04-13 15:25:00,-0.004076196120141873,0.0012160272274132167
2026-04-13 15:30:00,-0.003004320438185104,0.00017417213695458154
2026-04-13 15:35:00,-0.001801693570754992,0.0013700816802664484
2026-04-13 15:40:00,-0.0010964309944778705,0.0001415011527204853
2026-04-13 15:45:00,-0.005121279050705141,0.0029010188613236005
2026-04-13 15:50:00,-0.002866081078847671,0.0026319424458888154
2026-04-13 15:55:00,-0.0025564744752948343,-0.0029355178515931856
2026-04-13 16:00:00,-0.0035793766255327597,-0.0004404467939174341
2026-04-13 16:05:00,-0.00418242931479007,0.00012793576516851956
2026-04-13 16:10:00,-0.0040675061934685175,-0.0006679488958414055
2026-04-13 16:15:00,-0.0025059505537292637,4.557649978984065e-05
2026-04-13 16:20:00,-0.002634247786065913,0.002572846641536089
2026-04-13 16:25:00,-0.0026182778290397835,-0.001145225255379763
2026-04-13 16:30:00,-0.002093544187649954,-0.0011803373653432305
2026-04-13 16:35:00,-0.0006041137146901576,-8.287670393926148e-06
2026-04-13 16:40:00,-0.0019736395240936844,-0.0032147485867858898
2026-04-13 16:45:00,-3.605395793293553e-05,-6.833870841890299e-05
2026-04-13 16:50:00,-0.0003458405285314825,0.002798916018575802
2026-04-13 16:55:00,-0.0008755277839753717,-7.358497031778885e-05
2026-04-13 17:00:00,0.0009151472358830404,0.0023359093811030937
2026-04-13 17:05:00,0.002456010124580743,-0.0015168061189662913
2026-04-13 17:10:00,0.0025348609801838506,-0.00010230195984456723
2026-04-13 17:15:00,0.004039098826112308,-0.0006444913519314286
2026-04-13 17:20:00,0.0045911085394916284,-6.084823442906886e-05
2026-04-13 17:25:00,0.005773175190949331,0.0007688589219963869
2026-04-13 17:30:00,0.005085189283601466,-4.0991492188821534e-05
2026-04-13 17:35:00,0.004166253917052387,-0.0013537580319574632
2026-04-13 17:40:00,0.00568352866698163,4.006695275863895e-06
2026-04-13 17:45:00,0.004735254052505411,-0.0024774988473586883
2026-04-13 17:50:00,0.005312305477596979,0.00013522572490657449
2026-04-13 17:55:00,0.003841953514623242,-0.0012445153195160513
2026-04-13 18:00:00,0.0055852292557094785,0.00024680443059049316
2026-04-13 18:05:00,0.0026128306044679306,0.002400190034899495
2026-04-13 18:10:00,0.0022642684980063166,0.0019971695347251843
2026-04-13 18:15:00,0.003900608198028621,0.0003541770576964916
2026-04-13 18:20:00,0.0038327208839188387,-0.002458641806325308
2026-04-13 18:25:00,0.0027339466376581356,-0.0015574784651048613
2026-04-13 18:30:00,0.002078719835493459,0.0008644966297748007
2026-04-13 18:35:00,0.002174613154812377,0.00041740066671126964
2026-04-13 18:40:00,0.000997523146482493,-0.0003173793060001528
2026-04-13 18:45:00,0.00026382022387672066,0.0004626033169915875
2026-04-13 18:50:00,-0.0015294205126679117,-0.0005233698234966953
2026-04-13 18:55:00,-0.0006171039424209823,0.0003735683236995387
2026-04-13 19:00:00,-0.0013136055075140263,-0.001326642382865696
2026-04-13 19:05:00,0.00014589696528588547,0.00037395658283494935
2026-04-13 19:10:00,-0.0001543152791043667,-0.00021864429484776737
2026-04-13 19:15:00,-0.004107996293848615,-0.0017374174386691915
2026-04-13 19:20:00,-0.003280664141309231,0.00040038663441265476
2026-04-13 19:25:00,-0.0033747072826209035,0.0018911863247281957
2026-04-13 19:30:00,-0.002146324374319164,0.00035208077561729
2026-04-13 19:35:00,-0.0030555057650634154,0.002529313170576978
2026-04-13 19:40:00,-0.0022136111249171364,0.00030922753130144785
2026-04-13 19:45:00,-0.0005826079044837229,-0.003285833486505468
2026-04-13 19:50:00,0.0019536103112489656,0.0003217877335573111
2026-04-13 19:55:00,0.0017319971717491,-0.0009985633052690451
2026-04-13 20:00:00,0.0008238450792337204,0.00039064522443541823
2026-04-13 20:05:00,0.0010481405975006908,-0.002585071994777261
2026-04-13 20:10:00,0.0010079037829786586,0.00038485457128194017
2026-04-13 20:15:00,0.0026441482219983214,0.0006976609991698878
2026-04-13 20:20:00,0.002597552160287009,-6.379131615018815e-05
2026-04-13 20:25:00,0.003372599007958499,0.00045093928591312664
2026-04-13 20:30:00,0.0022011356443716323,-0.00041924892924459674
2026-04-13 20:35:00,0.0020921724310092316,0.0006740354222996861
2026-04-13 20:40:00,0.0016949389141185378,-0.0014322166618086834
2026-04-13 20:45:00,0.0012365818743127477,0.0005890377308382343
2026-04-13 20:50:00,0.0012230224936917722,-0.0006570944257438294
2026-04-13 20:55:00,0.0006139273079295293,0.000656472759029126
2026-04-13 21:00:00,0.0013715686562800755,-0.0017638339220583657
2026-04-13 21:05:00,0.0017578164559264309,-0.0005257127601937256
2026-04-13 21:10:00,0.001639633486233194,0.002785285320361242
2026-04-13 21:15:00,0.0009620781628800756,0.0006325040372711612
2026-04-13 21:20:00,-0.0001223347375223227,0.0007803114953776768
2026-04-13 21:25:00,-0.0007824767791682063,-0.002752571313525296
2026-04-13 21:30:00,-0.0009237603182672416,0.001117730610207905
2026-04-13 21:35:00,-0.0006328900501539891,0.0006094357803824049
2026-04-13 21:40:00,-0.0004050043403474035,0.0007979112891000131
2026-04-13 21:45:00,-0.0005864471806589222,0.00365813870749417
2026-04-13 21:50:00,-0.0009192359182996768,0.000740274335667823
2026-04-13 21:55:00,-0.0002362435597706991,0.0016627418645064882
2026-04-13 22:00:00,0.0009695131064084705,0.0006943380230196785
2026-04-13 22:05:00,0.001123130385368043,0.00032829337364333297
2026-04-13 22:10:00,0.0014137911229656908,0.0006945458809348532
2026-04-13 22:15:00,0.0014371724319754975,-0.0003957726897394357
2026-04-13 22:20:00,0.0013617116667070661,0.000718167998032053
2026-04-13 22:25:00,0.0019434631368220323,0.002722949243263099
2026-04-13 22:30:00,0.001753994369728673,-0.0027398676823498403
2026-04-13 22:35:00,0.0019543382712896573,0.0007285009098428242
2026-04-13 22:40:00,0.002511754089889351,-0.0019307006700070692
2026-04-13 22:45:00,0.0026384127518017664,0.0008008952269032063
2026-04-13 22:50:00,0.0031064003085585767,-0.0008776517243408649
2026-04-13 22:55:00,0.0037500978313627087,0.0009230233184260999
2026-04-14 00:00:00,0.00366300775873718,0.0009242998734125482
2026-04-14 00:05:00,0.003506658459036416,0.0023662304460132853
2026-04-14 00:10:00,0.0028257990537277067,0.0010740660952440017
2026-04-14 00:15:00,0.002496439088009339,-0.0022401441653252803
2026-04-14 00:20:00,0.00241952060066275,0.0011435705238327966
2026-04-14 00:25:00,0.0014666878321705212,0.0008237212192539374
2026-04-14 00:30:00,0.0016373745900111203,0.00017048597341777852
2026-04-14 00:35:00,0.002524228663807193,0.00021263198254032196
2026-04-14 00:40:00,0.0016675029070878367,0.0016357633634154114
2026-04-14 00:45:00,0.001411177557766763,0.001279507615241132
2026-04-14 00:50:00,0.0006768616580856701,0.0038367361467559996
2026-04-14 00:55:00,-0.00011349664251270042,0.0012945724460640597
2026-04-14 01:00:00,-0.0019034258999024445,-0.0004669785814826033
2026-04-14 01:05:00,-0.001802248887225133,0.0012071648876290642
2026-04-14 01:10:00,-0.0006384703811228576,0.003707067387434499
2026-04-14 01:15:00,0.0007831898060732811,0.0010976863378586645
2026-04-14 01:20:00,0.000934680601591964,0.002475024871440723
2026-04-14 01:25:00,0.0014435429187056315,0.001044204122375385
2026-04-14 01:30:00,0.0022685272709601634,0.0020109237229676068
2026-04-14 01:35:00,0.0024529076302002295,0.0009577331007106555
2026-04-14 01:40:00,0.00219316513240031,0.002782743268370278
2026-04-14 01:45:00,0.0026151871980513164,0.000937006147915479
2026-04-14 01:50:00,0.002394763310592296,0.0034181262279102116
2026-04-14 01:55:00,0.002540081094833724,-0.0011513445310197563
2026-04-14 02:00:00,0.002837006437625078,-0.001786616579154462
2026-04-14 02:05:00,0.004038985317922794,0.00226273427266319
2026-04-14 02:10:00,0.00342699521433687,0.0009650276618833494
2026-04-14 02:15:00,0.00151215044611952,-0.001640707788738596
2026-04-14 02:20:00,0.0015921950162507414,0.0010756540229580852
2026-04-14 02:25:00,0.0016594937423430878,0.0020987967865869674
2026-04-14 02:30:00,2.727502562471784e-05,0.002136041005638058
2026-04-14 02:35:00,-0.0007044114053709194,-0.00029469076183877914
2026-04-14 02:40:00,0.000632919372112184,0.0021692323493309657
2026-04-14 02:45:00,-0.0006542046509903088,0.001206122289202516
2026-04-14 02:50:00,-0.0010403143694119876,0.0003700034262039418
2026-04-14 02:55:00,-0.0009585948615438156,0.0012834269264088132
2026-04-14 03:00:00,-0.0005873197831292032,0.000575825816079159
2026-04-14 03:05:00,-0.0013431188143719908,0.0012348467421118884
2026-04-14 03:10:00,-0.0017057376839346716,0.0030484661807808735
2026-04-14 03:15:00,-6.0777469601092093e-05,0.0012928869869564819
2026-04-14 03:20:00,-0.0002746247772833499,0.000843205757108669
2026-04-14 03:25:00,-0.00039416882257548025,0.0013369961428540591
2026-04-14 03:30:00,0.00022027101815602634,0.00046258624168590926
2026-04-14 03:35:00,0.00010066058517566034,0.0013143969957504712
2026-04-14 03:40:00,-0.0001194276275224837,-2.7415771099094845e-05
2026-04-14 03:45:00,0.0017708151317918919,0.0012946922159058232
2026-04-14 03:50:00,0.001974835128883967,0.0010620942989262444
2026-04-14 03:55:00,0.002117330188770694,0.0017037174274136069
2026-04-14 04:00:00,0.0013901311330997146,0.0014103129908471592
2026-04-14 04:05:00,-1.8870990571073776e-05,0.003215465912404092
2026-04-14 04:10:00,0.0002893840125040015,0.0014330751909543457
2026-04-14 04:15:00,-0.0003228112274111794,0.0022637987913052635
2026-04-14 04:20:00,-0.0002096880059863082,0.0013699044883819017
2026-04-14 04:25:00,-4.194120680978131e-06,-0.0008889873715404456
2026-04-14 04:30:00,5.663327751825875e-05,0.0012400860831820063
2026-04-14 04:35:00,-0.0004006053178873259,0.003158394156775798
2026-04-14 04:40:00,-0.001014662376416453,0.0011607023359814339
2026-04-14 04:45:00,-0.0009531261686426262,0.00045908387398335915
2026-04-14 04:50:00,-0.0006599408806788887,0.0010460543208540903
2026-04-14 04:55:00,-0.001490049325758136,-0.001244387265419593
2026-04-14 05:00:00,-0.0009139561308408872,0.0006442341088463001
2026-04-14 05:05:00,-0.00023067421982325698,0.00079289044524433
2026-04-14 05:10:00,-0.00012371190239690577,-0.00025034461286482546
2026-04-14 05:15:00,0.0008277807880592292,0.0007460928161930723
2026-04-14 05:20:00,0.0012637523805452133,0.0020341795536868578
2026-04-14 05:25:00,0.0015820318050536741,0.0006971437346647044
2026-04-14 05:30:00,0.001387561635842971,0.0012220885972951032
2026-04-14 05:35:00,0.0013396158207985565,0.0007185673324435045
2026-04-14 05:40:00,0.0012304597958561203,0.0022968084139082475
2026-04-14 05:45:00,0.0008379613729267987,0.0006957741695038693
2026-04-14 05:50:00,0.0006327138396180487,-0.0008295720153071334
2026-04-14 05:55:00,0.0012848016874791313,0.0007218702094563033
2026-04-14 06:00:00,0.0008971938142057212,-0.0005712761547671497
2026-04-14 06:05:00,-0.00012164965334449107,0.0013721330640326546
2026-04-14 06:10:00,-0.0006229856736492678,0.0007406332479090533
2026-04-14 06:15:00,-0.0014925970390944343,0.002297534004057433
2026-04-14 06:20:00,-0.00203998053827803,0.0007459614800993594
2026-04-14 06:25:00,-0.00244849481272702,0.00020883561871790527
2026-04-14 06:30:00,-0.0025964344044044907,0.0007667135020959956
2026-04-14 06:35:00,-0.0029142275320506172,0.0009375117671709225
2026-04-14 06:40:00,-0.0026640615190665073,0.000764550433369585
2026-04-14 06:45:00,-0.0024173313167139554,-0.0003045246633651706
2026-04-14 06:50:00,-0.0026991531991065187,0.0007530637690892103
2026-04-14 06:55:00,-0.0029430202175859677,0.0015742578724124783
2026-04-14 07:00:00,-0.0016629605151816662,0.0006647963274718397
2026-04-14 07:05:00,0.00042780569885714215,0.0024198705060979775
2026-04-14 07:10:00,8.392958308789389e-06,0.0010524855905284557
2026-04-14 07:15:00,-0.0005414071681926202,0.0005816597063150487
2026-04-14 07:20:00,1.049358684390711e-05,1.4507205831214342e-06
2026-04-14 07:25:00,0.0006693194907487765,0.0005742778325956213
2026-04-14 07:30:00,0.0007221414325471187,0.0008426684146392616
2026-04-14 07:35:00,0.0017487164619200968,0.0005426132102767877
2026-04-14 07:40:00,0.0018530085203938285,-0.0014074084134077438
2026-04-14 07:45:00,0.0018790217841200274,0.0005616777898844452
2026-04-14 07:50:00,0.0036119020179139483,0.0019183969871217985
2026-04-14 07:55:00,0.004575458374805663,0.000585455304655856
2026-04-14 08:00:00,0.0046610369218687,0.0014100904381772951
2026-04-14 08:05:00,0.004887878426218961,0.0006628065400006162
2026-04-14 08:10:00,0.005160896716287056,0.0013771470245856155
2026-04-14 08:15:00,0.004385769846942722,0.001275721418905394
2026-04-14 08:20:00,0.0016922234123946112,0.0007515697541050587
2026-04-14 08:25:00,0.0010817134891638602,-6.815872573294751e-05
2026-04-14 08:30:00,0.0015432975524927173,0.000759492586541323
2026-04-14 08:35:00,0.0022041023647787483,-0.0013940774427852087
2026-04-14 08:40:00,0.001749125621511638,0.0007538799923274459
2026-04-14 08:45:00,0.001017726537213548,-0.00025148536063112237
2026-04-14 08:50:00,-0.000713799063435161,0.0008086291044978485
2026-04-14 08:55:00,-0.001178017865083092,-0.0012845420347444192
2026-04-14 09:00:00,-0.0018630643064838637,0.000812875796071341
2026-04-14 09:05:00,-0.0025758645629849752,-0.0006591868604111978
2026-04-14 09:10:00,-0.0021147135047794308,0.0007516112616105722
2026-04-14 09:15:00,-0.0012107614951375467,0.0008216131508727715
2026-04-14 09:20:00,0.0009674947668134593,0.0007111262158792856
2026-04-14 09:25:00,0.002816184239383901,0.0006622698727761437
2026-04-14 09:30:00,0.0033384472936131004,-0.000365310490987609
2026-04-14 09:35:00,0.002009206224332871,0.0007182108327598784
2026-04-14 09:40:00,0.0014451700694326775,0.0020891383232382672
2026-04-14 09:45:00,0.001432693467798174,0.0007265713817612621
2026-04-14 09:50:00,0.0018702856067527307,0.001715455767400857
2026-04-14 09:55:00,0.002254386864660063,0.0006961313662916193
2026-04-14 10:00:00,0.0016353336001930785,-0.0006050562884000098
2026-04-14 10:05:00,0.0010996800328815226,0.0009200313241498441
2026-04-14 10:10:00,0.0011414977437382845,0.0021295802326462246
2026-04-14 10:15:00,0.001273455323577366,0.000574348087564701
2026-04-14 10:20:00,0.001829815197377016,0.00046579885275491243
2026-04-14 10:25:00,-0.0015159042133454648,0.002121854156358425
2026-04-14 10:30:00,-0.0030346815386650405,0.0005658815030379429
2026-04-14 10:35:00,-0.0018271451036095954,0.000791311313845611
2026-04-14 10:40:00,-0.0013405290299584038,0.0004968497034844895
2026-04-14 10:45:00,-0.0017843830467576538,0.0031131500927935457
2026-04-14 10:50:00,-0.0014578527390085583,0.00044878466864325077
2026-04-14 10:55:00,-0.0017436723136849963,0.0028110125772661527
2026-04-14 11:00:00,-0.001187546789449101,0.0004068547799757791
2026-04-14 11:05:00,-0.00020270178561965224,-0.00135429105386586
2026-04-14 11:10:00,-0.0007273974126054128,0.0003941004538745727
2026-04-14 11:15:00,0.00031549926976026654,0.002730268284787346
2026-04-14 11:20:00,-0.0004242189367662519,0.00036468180119148615
2026-04-14 11:25:00,0.001045697052308725,0.001092544548974203
2026-04-14 11:30:00,0.0021446820648929332,-0.0009596998133306791
2026-04-14 11:35:00,-0.0033052754111562166,0.0003095399247461107
2026-04-14 11:40:00,-0.0023151238141245756,-0.0013623050636882613
2026-04-14 11:45:00,-0.0013136490423999447,-0.0007423285003313153
2026-04-14 11:50:00,-0.001455788797015245,-0.00036139081257336976
2026-04-14 11:55:00,-0.002122011154950698,0.0001422920470255898
2026-04-14 12:00:00,-0.0018531300682589347,-0.0017863534367960098
2026-04-14 12:05:00,-0.0017403277128131833,0.00011056585362104136
2026-04-14 12:10:00,-0.0012093190163131595,-0.0012334209804748485
2026-04-14 12:15:00,-0.0020075205089291615,3.921659202982006e-05
2026-04-14 12:20:00,-0.0011879342428198214,0.0015998444523359844
2026-04-14 12:25:00,-0.001190089146151152,-5.205730629440903e-05
2026-04-14 12:30:00,-0.0021781965159100025,0.0019070393819414105
2026-04-14 12:35:00,0.003049961960192249,0.0021021084006627487
2026-04-14 12:40:00,0.0022816398728107146,-4.8114924409149665e-05
2026-04-14 12:45:00,0.0011607929895784963,6.58395886844633e-05
2026-04-14 12:50:00,0.0006014243670140473,7.073663785965993e-06
2026-04-14 12:55:00,0.0013202400982201823,0.0030018886071263135
2026-04-14 13:00:00,0.0007144376412338005,3.7641018111553965e-05
2026-04-14 13:05:00,-0.00028057656574098644,-0.00011953167166097425
2026-04-14 13:10:00,-0.001426699632666839,7.285191611534387e-05
2026-04-14 13:15:00,-0.0013992813162353457,-0.001909590225315048
2026-04-14 13:20:00,-0.0024870969849235536,6.427295971355469e-05
2026-04-14 13:25:00,-0.002101274631151284,-0.00010542383573721648
2026-04-14 13:30:00,0.00037487892792320565,-2.46005338053074e-05
2026-04-14 13:35:00,-0.0009087749753327046,-9.402647850760082e-05
2026-04-14 13:40:00,-0.0019376988930464023,0.0027500205172266063
2026-04-14 13:45:00,-0.0005362278594116532,-2.745063325559522e-07
2026-04-14 13:50:00,-0.0017822737718606874,0.000799795542557319
2026-04-14 13:55:00,-0.0006850499128763232,-5.8104459225027496e-05
2026-04-14 14:00:00,0.0006302087958331981,-0.0013992015689325622
2026-04-14 14:05:00,0.00038524914999271687,0.00035580130321410193
2026-04-14 14:10:00,0.002483365250315117,-0.0013414144816576421
2026-04-14 14:15:00,0.0036198642219194,-0.00012785202968669824
2026-04-14 14:20:00,0.005116224534402747,0.0018965631648105927
2026-04-14 14:25:00,0.0032558280288590424,-4.107080655466081e-05
2026-04-14 14:30:00,0.003887095365319837,6.053004070454476e-05
2026-04-14 14:35:00,0.0033358008038106846,3.242032376526805e-05
2026-04-14 14:40:00,0.004971809867669208,0.00039385291387588446
2026-04-14 14:45:00,0.004511254410614285,-0.0013007629945253638
2026-04-14 14:50:00,0.0057735104874101495,0.00012344329127433345
2026-04-14 14:55:00,0.005058708403195666,0.002134700125412716
2026-04-14 15:00:00,0.0038062973039370007,0.0002789210010943237
2026-04-14 15:05:00,0.005265521617440427,-0.002054896909431546
2026-04-14 15:10:00,0.002936056269554399,0.00035409806406429197
2026-04-14 15:15:00,0.003602645833995055,0.0002680599968915352
2026-04-14 15:20:00,0.0021349932113210457,0.0003903512118834255
2026-04-14 15:25:00,0.00532461750855262,0.001238392351311232
2026-04-14 15:30:00,0.004007086967762419,0.00011867747662665723
2026-04-14 15:35:00,0.003122833181608442,8.501594321387498e-05
2026-04-14 15:40:00,0.0010614350805067119,0.0003571531517244176
2026-04-14 15:45:00,0.0011256825638508161,-0.0006013602254944367
2026-04-14 15:50:00,0.002051090360444263,-0.002100503239739411
2026-04-14 15:55:00,0.0016625246280792538,0.00034363085041212265
2026-04-14 16:00:00,8.548567859456568e-05,-0.002045336698584244
2026-04-14 16:05:00,-0.0019488937601899181,0.0016604930785241042
2026-04-14 16:10:00,-0.00021062443967778677,-0.0016615146752376397
2026-04-14 16:15:00,-0.0009661031816641241,0.0003303443213938897
2026-04-14 16:20:00,0.0004997303642291229,-0.001801600445613747
2026-04-14 16:25:00,-0.0013857564784682808,0.00037642623589441497
2026-04-14 16:30:00,-0.0012410005677399027,0.001065203710459599
2026-04-14 16:35:00,0.0015785487080073324,0.0003973275860653271
2026-04-14 16:40:00,0.0024480529813999397,0.0002917152774615183
2026-04-14 16:45:00,0.001881644329204235,0.0011334383574248743
2026-04-14 16:50:00,0.0016810887757969795,0.0005065715927107616
2026-04-14 16:55:00,0.000894701967894207,-0.0002537679848401816
2026-04-14 17:00:00,0.0032950056298695074,0.0006275729301856036
2026-04-14 17:05:00,0.003767212254620844,0.0005009924129838018
2026-04-14 17:10:00,0.003119373657533231,0.0010429346342617214
2026-04-14 17:15:00,0.003227795092341168,0.0007155543127085449
2026-04-14 17:20:00,0.0027233019071850606,8.677220802777375e-05
2026-04-14 17:25:00,0.0028754860367179447,0.0012263515259858552
2026-04-14 17:30:00,0.0016771675393680852,0.0008013249726718948
2026-04-14 17:35:00,0.0008911221769754007,0.00418925579765015
2026-04-14 17:40:00,0.001205169908574888,0.0007968541791597049
2026-04-14 17:45:00,0.0013383071583241701,0.004191670964872116
2026-04-14 17:50:00,0.000694080807230435,0.000769034989352845
2026-04-14 17:55:00,0.00039092066472079523,-0.001116425867387684
2026-04-14 18:00:00,0.000650224121709897,0.00414264903212554
2026-04-14 18:05:00,0.0038007004012712287,0.0006893389649379442
2026-04-14 18:10:00,0.003621489223572638,8.894242494436506e-05
2026-04-14 18:15:00,0.0024098845918096856,0.0004169930593010427
2026-04-14 18:20:00,0.002854612694573433,0.002827677800353911
2026-04-14 18:25:00,0.0018771791414415873,0.0006393281456744869
2026-04-14 18:30:00,0.003350059105580172,-0.0008121226809975067
2026-04-14 18:35:00,0.004503681607708643,0.0006384541740647329
2026-04-14 18:40:00,0.004479620280095631,0.00033153380979163746
2026-04-14 18:45:00,0.0047216954855535676,0.0006978632063982242
2026-04-14 18:50:00,0.004739684224835727,0.001075401341523538
2026-04-14 18:55:00,0.005233573089640231,0.0007838029312205276
2026-04-14 19:00:00,0.004512893626980485,0.0021566707087548377
2026-04-14 19:05:00,0.002814232642903036,0.002707262958866173
2026-04-14 19:10:00,0.0024311706520503407,0.0009369086193388035
2026-04-14 19:15:00,0.0017260688214157938,0.0007734403961205399
2026-04-14 19:20:00,0.0008938881000428722,0.0010717450719031582
2026-04-14 19:25:00,0.002487790007329238,-0.0005275212740145362
2026-04-14 19:30:00,0.0010011791581590046,0.001034294682437364
2026-04-14 19:35:00,-0.00012609206597780087,0.0011979325949610946
2026-04-14 19:40:00,-0.0005335175267120462,0.0010246754665040963
2026-04-14 19:45:00,-0.000978142826859596,-0.00041381283873965965
2026-04-14 19:50:00,-0.0005294309981422884,0.0009506640628197448
2026-04-14 19:55:00,0.00028742554790639474,0.0009638667030620643
2026-04-14 20:00:00,0.0008451959177389057,0.0009109724075343158
2026-04-14 20:05:00,-0.0002787951524219068,-0.000648096175852571
2026-04-14 20:10:00,0.0005350979987124305,0.0015207534542395751
2026-04-14 20:15:00,0.0008743147366381265,0.0009171529392539424
2026-04-14 20:20:00,0.001029463839531175,0.00036638053205514183
2026-04-14 20:25:00,0.0005476411785299007,0.003721391261387075
2026-04-14 20:30:00,0.0006324601047893452,-0.00012238631482389844
2026-04-14 20:35:00,0.0009525315639304921,0.0009919374339627403
2026-04-14 20:40:00,0.0014530635217919752,0.0017257234235791858
2026-04-14 20:45:00,0.002009016444018741,0.0034101020509561364
2026-04-14 20:50:00,0.0016349549068799263,0.0010108867618020825
2026-04-14 20:55:00,0.0017806095957748624,0.0028130841700940313
2026-04-14 21:00:00,0.00047291528366777413,0.0013896857957947633
2026-04-14 21:05:00,0.00043984137510122423,0.0011326090755749813
2026-04-14 21:10:00,0.00027879860698654113,0.0008259526791148046
2026-04-14 21:15:00,0.00016320341482511935,0.001165930170600513
2026-04-14 21:20:00,0.0003553117071266598,0.0011681259085813732
2026-04-14 21:25:00,4.545107089803935e-05,0.0013569744021301724
2026-04-14 21:30:00,0.00011363507245221172,0.0012035150307755764
2026-04-14 21:35:00,-0.0003821433745141434,0.0025000814866127036
2026-04-14 21:40:00,0.00021684828656098887,0.0012822795409758122
2026-04-14 21:45:00,-0.0003510800911694645,0.004496081037516142
2026-04-14 21:50:00,-1.6522200676050147e-05,0.0012441167668683414
2026-04-14 21:55:00,-0.000743256529968761,-0.001136313026956118
2026-04-14 22:00:00,0.001056539395559497,0.0012750381929894675
2026-04-14 22:05:00,0.0008687891669225678,0.003465831288898406
2026-04-14 22:10:00,0.0004438521900596015,0.004214748523420923
2026-04-14 22:15:00,-0.0007708021373069585,0.0013830217480045436
2026-04-14 22:20:00,0.00016934836030735312,0.0019551337251113177
2026-04-14 22:25:00,-5.371512392038369e-05,0.0014280535016274534
2026-04-14 22:30:00,-0.0002644797512783015,0.0021246392230412463
2026-04-14 22:35:00,-3.7189314275209995e-05,0.0014392584641436112
2026-04-14 22:40:00,-0.0004482049672933641,0.0015333016850217081
2026-04-14 22:45:00,-0.0006983961967144126,0.0013836628209525667
2026-04-14 22:50:00,-0.0011551652561063719,0.002405762015507714
2026-04-14 22:55:00,-0.0013495962044220988,0.001365316507614457
2026-04-15 00:00:00,-0.0022940265252628933,0.001306655262435277
2026-04-15 00:05:00,-0.001767262751828369,0.0036251550592778753
2026-04-15 00:10:00,-0.0016029252680720418,0.0012384808912962266
2026-04-15 00:15:00,0.00017570423854174066,0.001812351259112123
2026-04-15 00:20:00,-0.000857362784095983,0.0012648698270717415
2026-04-15 00:25:00,-0.0009239384408985529,0.00441793784276664
2026-04-15 00:30:00,0.0004834491088363535,0.0020163351140856938
2026-04-15 00:35:00,0.000487483458970317,0.0012894146468016131
2026-04-15 00:40:00,0.0004151644554930556,0.0006923199685963805
2026-04-15 00:45:00,0.0007169858800590845,0.0012744186850622242
2026-04-15 00:50:00,0.0004857866169327707,0.0012564628162946003
2026-04-15 00:55:00,0.00045075688632678634,0.0012657936985948457
2026-04-15 01:00:00,0.00021496575099533288,0.001094601932037601
2026-04-15 01:05:00,-0.000942715628138302,0.001305040520521627
2026-04-15 01:10:00,-0.0007796690834283027,-0.00027793046997837557
2026-04-15 01:15:00,-0.0010588270344875639,0.0012464282810452526
2026-04-15 01:20:00,-0.0005085670922007068,0.003856818746750898
2026-04-15 01:25:00,-0.00040332797832931533,0.0040744528701690775
2026-04-15 01:30:00,-0.0021608038737266355,0.0011416122210198005
2026-04-15 01:35:00,-0.00265511585998901,0.0006240830295110858
2026-04-15 01:40:00,-0.002534981394024527,0.0010510424413756557
2026-04-15 01:45:00,-0.0023408850628481304,0.0010176494230977149
2026-04-15 01:50:00,-0.001580187593409832,0.0009560861357699528
2026-04-15 01:55:00,-0.0002770466841379715,0.0019426626160185157
2026-04-15 02:00:00,-0.0007463774679994373,0.0008019003168894402
2026-04-15 02:05:00,0.0012030462081220605,0.0025757050715488187
2026-04-15 02:10:00,0.003399614570177789,0.0007201823234060882
2026-04-15 02:15:00,0.006469844673954839,-0.00036864558686566275
2026-04-15 02:20:00,0.0017169266073722156,0.0007118640718943743
2026-04-15 02:25:00,0.003504547412756409,-0.00014307603929034844
2026-04-15 02:30:00,0.0036406879409423,0.0007190855833712498
2026-04-15 02:35:00,0.0033384319305707066,0.0007666182969149591
2026-04-15 02:40:00,0.0027414666847462854,0.0006179252591358601
2026-04-15 02:45:00,0.002976857151068657,0.0007644893386562698
2026-04-15 02:50:00,0.0028441935447354183,0.0009784919912222455
2026-04-15 02:55:00,0.002245175212644668,0.0008161812351202611
2026-04-15 03:00:00,0.002796563332500668,0.0017154190093026226
2026-04-15 03:05:00,0.0021338074050269995,0.000822220686702594
2026-04-15 03:10:00,-0.0009241458497690758,-0.0010544078773740279
2026-04-15 03:15:00,-0.004473072744174189,0.0008485878066724703
2026-04-15 03:20:00,-0.0014419374863177126,0.00040453804361363795
2026-04-15 03:25:00,-0.003248053354152347,0.0007637136298432592
2026-04-15 03:30:00,-0.004373733196860741,0.0024648521895838356
2026-04-15 03:35:00,-0.0032866683987951006,0.0007532932595838288
2026-04-15 03:40:00,-0.0030872678442452894,-0.00041457248679770164
2026-04-15 03:45:00,-0.003480076835714385,0.00227521669049118
2026-04-15 03:50:00,-0.004281767069191034,0.0006181317985766154
2026-04-15 03:55:00,-0.004694378272514399,0.0029633317596726694
2026-04-15 04:00:00,-0.006391516869692637,0.000504191016957908
2026-04-15 04:05:00,-0.006568670737626903,0.003733386123150308
2026-04-15 04:10:00,-0.005056639220056169,-0.0006291011037952579
2026-04-15 04:15:00,-0.003437915154668403,0.0018182719890446285
2026-04-15 04:20:00,-0.0030062383405518034,0.00029013718974643264
2026-04-15 04:25:00,-0.001778194101209607,-0.001228255924581244
2026-04-15 04:30:00,-0.00023617985412727194,0.0002490817239952127
2026-04-15 04:35:00,-0.00038104232101687785,0.0020177848279598638
2026-04-15 04:40:00,-2.278152004464573e-05,0.00018865047945017407
2026-04-15 04:45:00,-0.00014915077306376645,-0.001488413476558692
2026-04-15 04:50:00,0.0005678191752149786,0.0008013529573986987
2026-04-15 04:55:00,-7.462609221775551e-05,0.00019952278289317167
2026-04-15 05:00:00,0.0008216586346332377,-0.0027792174380000916
2026-04-15 05:05:00,0.0008960109448175047,0.0001873619739569607
2026-04-15 05:10:00,0.0009246839421770403,-5.419442058317425e-05
2026-04-15 05:15:00,-0.0006093832773998997,0.00012145705926260973
2026-04-15 05:20:00,0.00027366815005258616,-5.925830288949432e-05
2026-04-15 05:25:00,-0.0003336341597730552,7.307279303261178e-05
2026-04-15 05:30:00,0.00016781773789986687,-1.1883250267975031e-05
2026-04-15 05:35:00,-0.0005718358572579518,2.9055653513418438e-05
2026-04-15 05:40:00,-0.001027779134556539,0.0013247692281672674
2026-04-15 05:45:00,-0.00022584003784054119,-7.983492476308864e-05
2026-04-15 05:50:00,-0.0003004480843138424,-2.5497283887781003e-05
2026-04-15 05:55:00,0.00023836938869514768,-0.000288383403795692
2026-04-15 06:00:00,0.0007318694198996667,-0.00030192891217578366
2026-04-15 06:05:00,0.0003958971838340375,-0.0025813753800372147
2026-04-15 06:10:00,0.00031080031330255053,-0.00027866455990136786
2026-04-15 06:15:00,0.0014710059151585853,0.0008127236168737128
2026-04-15 06:20:00,0.00021763710446087714,-0.0003333956123904662
2026-04-15 06:25:00,0.0002756188229877665,0.00011580529564729039
2026-04-15 06:30:00,1.864467699697059e-05,-0.0002965085092803248
2026-04-15 06:35:00,-0.0010637383419016544,0.0009650970048929775
2026-04-15 06:40:00,-0.0013505651708864974,-0.0003560000400965187
2026-04-15 06:45:00,-0.001737980274420181,-0.0004861245887722056
2026-04-15 06:50:00,-0.0008147720903064481,-0.00031880363099773414
2026-04-15 06:55:00,-0.0011011195827173026,-0.00251954438401308
2026-04-15 07:00:00,-0.0007733511472043375,-0.00041392383566831034
2026-04-15 07:05:00,-0.001621892161665528,-0.0003799454945723283
2026-04-15 07:10:00,-0.0015715678065237881,-0.00010106427291607782
2026-04-15 07:15:00,-0.002790535557437579,-0.000410570402358216
2026-04-15 07:20:00,-0.0020455844515296917,-0.0013142529159260777
2026-04-15 07:25:00,-0.0023877623541963544,-0.0004507455097200443
2026-04-15 07:30:00,-0.0027652779422595586,-0.00202671355942443
2026-04-15 07:35:00,-0.0008385170363638395,-0.0004880006762953237
2026-04-15 07:40:00,-0.00016609398881684,-0.002752468494568153
2026-04-15 07:45:00,0.0006100888968383344,-0.0004973317837577
2026-04-15 07:50:00,-0.0014258927475605532,0.00023839089563760493
2026-04-15 07:55:00,-0.0016425257884513655,-0.0005447603759647805
2026-04-15 08:00:00,-0.002429680664478795,-0.0007614483053926436
2026-04-15 08:05:00,-0.0016536346328113183,0.000951892795261181
2026-04-15 08:10:00,-0.0007161101205941378,-0.0005766122212452281
2026-04-15 08:15:00,-0.000685348318750556,8.874504726343795e-06
2026-04-15 08:20:00,-0.0010513893435923904,-0.0003164062205334171
2026-04-15 08:25:00,-0.00036146155501981525,-0.0004971898234020491
2026-04-15 08:30:00,-0.00042179057996172276,-0.000612882646617171
2026-04-15 08:35:00,-0.0005088493157785479,0.0005193004241205747
2026-04-15 08:40:00,-0.0011904553079045144,-0.0028814699849831864
2026-04-15 08:45:00,-0.0025569750662928215,0.0007989673467403975
2026-04-15 08:50:00,-0.0009143047765185486,-0.0006487404217968351
2026-04-15 08:55:00,-4.364366403741826e-05,-2.8703857430869306e-05
2026-04-15 09:00:00,0.0003721030830838856,-0.0006779287485125454
2026-04-15 09:05:00,-0.0001850613878850993,-0.0021712977391922282
2026-04-15 09:10:00,-0.0008974181137038073,-0.0005556068438437015
2026-04-15 09:15:00,-0.0003677895371048123,-0.0007030156504528346
2026-04-15 09:20:00,2.0789156378597795e-05,-0.0008149033873035729
2026-04-15 09:25:00,-0.0006650981680635937,-0.0007025000530188132
2026-04-15 09:30:00,-0.00044483894030378224,-0.0019636852359203034
2026-04-15 09:35:00,-0.0007544041033256121,-0.000704778544554895
2026-04-15 09:40:00,-3.326168213035885e-05,-0.0030721198336219695
2026-04-15 09:45:00,0.0007255906137100254,-0.0006836734111631823
2026-04-15 09:50:00,0.0009350747182601538,-0.0013326040769812981
2026-04-15 09:55:00,0.001443386788468004,-0.0021054881550146916
2026-04-15 10:00:00,0.0007957110970693293,-0.0006556273232649339
2026-04-15 10:05:00,-0.0005220992668810709,-0.000966050831611046
2026-04-15 10:10:00,-0.0013455579387748884,3.64020593227302e-05
2026-04-15 10:15:00,-0.001108342102465798,-9.106103416391444e-05
2026-04-15 10:20:00,-0.0012023232494122738,-0.0005531234760514225
2026-04-15 10:25:00,-0.0024730537316095536,0.00010829428333747321
2026-04-15 10:30:00,-0.002306354735406302,-0.0005573316675959491
2026-04-15 10:35:00,-0.002775197403293461,-0.0010878925440795117
2026-04-15 10:40:00,-0.0030064315259661356,-0.000642274551544698
2026-04-15 10:45:00,-0.0033683593727893424,0.0006528900299601625
2026-04-15 10:50:00,-0.003347445369922042,-0.0007317040245988503
2026-04-15 10:55:00,-0.004140517105250652,7.267177071051835e-05
2026-04-15 11:00:00,-0.004051625722361507,-0.0008004433064813425
2026-04-15 11:05:00,-0.0009492130155379641,-0.0015843539528514433
2026-04-15 11:10:00,-0.0007994570780098798,-0.001272956916327505
2026-04-15 11:15:00,-0.0023225572306326825,0.0013524059397127621
2026-04-15 11:20:00,-0.0020397646446586037,-0.001325785094311312
2026-04-15 11:25:00,-0.0005253743412936274,-0.0008856492902646985
2026-04-15 11:30:00,-0.0008839853300361966,-0.0033359336897548384
2026-04-15 11:35:00,-6.046131988846071e-05,-0.00082941971489206
2026-04-15 11:40:00,0.0009087120258488568,-0.002758868848909204
2026-04-15 11:45:00,0.0011587631709542023,-0.0007543379966868022
2026-04-15 11:50:00,0.0009602336959151359,0.0017529942946388798
2026-04-15 11:55:00,0.00028754073691850124,-0.0006891567172824212
2026-04-15 12:00:00,0.0006191066509906307,0.0017652801421640194
2026-04-15 12:05:00,-0.0005478727364121028,-0.0006608816769193017
2026-04-15 12:10:00,0.000247816766801634,-0.0018225993146969287
2026-04-15 12:15:00,0.0019625496936388487,-0.0007712872243320242
2026-04-15 12:20:00,0.002422668014100182,0.0009330777320003406
2026-04-15 12:25:00,0.0020811141780452402,0.0013583673791710976
2026-04-15 12:30:00,0.0018379791576865756,-0.0007771306199278898
2026-04-15 12:35:00,0.0015937055143631085,-0.0012332439601179875
2026-04-15 12:40:00,0.0012096393689571272,-0.0007695853841724442
2026-04-15 12:45:00,0.0017169172553490597,0.001354620259935529
2026-04-15 12:50:00,0.002279203265862506,-0.000846327139948488
2026-04-15 12:55:00,0.0025945425161033597,-0.0019755426967953136
2026-04-15 13:00:00,0.0022397544801595615,-0.0008589506735635904
2026-04-15 13:05:00,0.0029919335880865816,-0.0031882643648790264
2026-04-15 13:10:00,0.002370935945299024,-0.0008551666077109658
2026-04-15 13:15:00,0.001919236720665296,-0.0016562159503680932
2026-04-15 13:20:00,0.0014054962196770049,-0.0006953401166779603
2026-04-15 13:25:00,0.0013579908816065966,-0.001977439770050976
2026-04-15 13:30:00,0.002000845098738324,-0.0016187326106466052
2026-04-15 13:35:00,0.0019340314350433374,-0.0005991422046189218
2026-04-15 13:40:00,0.001195708485280278,-0.0027022740506112194
2026-04-15 13:45:00,0.00040122947225817995,-0.0004803305262246426
2026-04-15 13:50:00,-0.0002555278689904128,-0.002350546533151301
2026-04-15 13:55:00,-0.0001371528321101323,0.0004703370931322623
2026-04-15 14:00:00,0.0005196716623583342,-0.00039519533877197205
2026-04-15 14:05:00,0.00011217935413121438,0.0011746625680337693
2026-04-15 14:10:00,3.739078774600557e-05,0.0011898687018309206
2026-04-15 14:15:00,-7.478747894928972e-05,-0.0002429493851097577
2026-04-15 14:20:00,0.0009407445866358444,-0.0014644881772273347
2026-04-15 14:25:00,0.00208434615805686,-0.00018810678249203377
2026-04-15 14:30:00,0.0014243567368925625,0.0006789351074436295
2026-04-15 14:35:00,0.0020754387661821028,-0.000621197508976893
2026-04-15 14:40:00,0.0018935703185150032,-0.0001505154470444794
2026-04-15 14:45:00,0.0029699077623828174,-0.00018527289217749925
2026-04-15 14:50:00,0.002763710855917978,-0.000116977756990092
2026-04-15 14:55:00,0.0036137144582060188,4.551586255836476e-05
2026-04-15 15:00:00,0.0030170692596254156,-4.506085171628968e-05
2026-04-15 15:05:00,0.00228240016583392,0.0021116280771759375
2026-04-15 15:10:00,0.003030233070470345,4.978294388205694e-06
2026-04-15 15:15:00,0.002351050287929368,-0.0008869390779571869
2026-04-15 15:20:00,0.0016467668818123116,5.2059071631304476e-05
2026-04-15 15:25:00,0.0007732581605903732,-0.000714205056643264
2026-04-15 15:30:00,-0.00010167251292259039,7.72891944332298e-05
2026-04-15 15:35:00,-0.0012488980410712003,-0.0008613671370675249
2026-04-15 15:40:00,-0.00027177267524081117,0.0007309798463603965
2026-04-15 15:45:00,-0.001798324745116986,0.00011500301894597082
2026-04-15 15:50:00,-0.0023897897696834036,0.00170955573989848
2026-04-15 15:55:00,-0.0027370917673383843,7.92383526704515e-05
2026-04-15 16:00:00,-0.003347549175584774,0.00045179710858142113
2026-04-15 16:05:00,-0.003689707794986674,0.0004808551025092962
2026-04-15 16:10:00,-0.0038573114115934004,0.0016408150203073748
2026-04-15 16:15:00,-0.0032177464529610234,-4.102774694112502e-05
2026-04-15 16:20:00,-0.00422398076206143,0.0003049686474258786
2026-04-15 16:25:00,-0.0057463240947175365,-0.00011717663226373967
2026-04-15 16:30:00,-0.004934182902264439,-0.0002548742858370599
2026-04-15 16:35:00,-0.0033040215780779647,0.002134107523310261
2026-04-15 16:40:00,-0.0032836998113321414,-0.0004800602324912098
2026-04-15 16:45:00,-0.0028898930062126738,-0.0006148038443735758
2026-04-15 16:50:00,-0.001966728423017372,-0.00020354198722612228
2026-04-15 16:55:00,-0.0029715788170445734,0.0015482371050413585
2026-04-15 17:00:00,-0.00125848584380428,-0.00020156043965746401
2026-04-15 17:05:00,2.7042291023349208e-05,-0.0007940676099193722
2026-04-15 17:10:00,-0.0003597223315114917,-0.00017731377101923206
2026-04-15 17:15:00,-0.00045339212955930464,0.0005264945539969172
2026-04-15 17:20:00,0.0006033308204198562,-0.00012090083332467338
2026-04-15 17:25:00,0.002849233061786194,7.471430679434652e-05
2026-04-15 17:30:00,0.002958856180574898,-0.00109084816841439
2026-04-15 17:35:00,0.0012218260844765183,0.0005095092597700197
2026-04-15 17:40:00,0.00017484810115675486,-5.928524682593392e-05
2026-04-15 17:45:00,0.0006015363293894183,-0.0023707655236301
2026-04-15 17:50:00,-0.0005974368679666497,-0.00026458061958821346
2026-04-15 17:55:00,0.0005413227144188681,-5.880428007624996e-05
2026-04-15 18:00:00,-0.0007266904982792255,-0.00012193511896044069
2026-04-15 18:05:00,-0.0008948639571588757,-7.981888577262208e-06
2026-04-15 18:10:00,-0.0021131203441111523,0.0001986439215451909
2026-04-15 18:15:00,-0.0012051918369238024,-3.5406437458030954e-05
2026-04-15 18:20:00,-0.0003432297957157715,-0.0030448933893385153
2026-04-15 18:25:00,-0.0020512955731604166,-7.675193003330465e-05
2026-04-15 18:30:00,-0.0018917425588593773,0.00034334744730211487
2026-04-15 18:35:00,-0.0020969628804454743,0.00015364391979399343
2026-04-15 18:40:00,-0.002283757772490347,-0.0020624974098397792
2026-04-15 18:45:00,-0.0022956908609454985,-8.8610360179407e-05
2026-04-15 18:50:00,-0.001867468664459082,-0.0006047396980103989
2026-04-15 18:55:00,-0.0023756692739862473,-0.0009231663852920032
2026-04-15 19:00:00,-0.0010441100952807147,-0.0001387634443615124
2026-04-15 19:05:00,-0.0018734812103904375,0.0013284184353557435
2026-04-15 19:10:00,-0.00024386863313630158,-0.00018261778353223794
2026-04-15 19:15:00,-0.0012337550227421445,0.002233814166966063
2026-04-15 19:20:00,-0.0024517959648679977,-0.0001500332025893826
2026-04-15 19:25:00,-0.0013942018890844565,0.0007664773337269805
2026-04-15 19:30:00,-0.0005605095157275031,-0.00018168018822155573
2026-04-15 19:35:00,-7.087792739213228e-05,-0.0008484358959621982
2026-04-15 19:40:00,0.000738207482330111,-0.00015092434147026337
2026-04-15 19:45:00,0.0008213878162575128,0.0014838537391289933
2026-04-15 19:50:00,0.0008195311614631606,-0.00018518733484317008
2026-04-15 19:55:00,0.0014531628650313877,0.002228138246343188
2026-04-15 20:00:00,0.0011669974483492496,0.00019649525720563194
2026-04-15 20:05:00,0.0016465163233814195,-0.00015910675931731427
2026-04-15 20:10:00,0.00040849844046420003,-0.0007643516513613402
2026-04-15 20:15:00,0.0012400032849448905,-0.00013025452460256484
2026-04-15 20:20:00,0.0014089029979249545,0.00012991841774145137
2026-04-15 20:25:00,0.001627421043265187,-5.8896749773889574e-05
2026-04-15 20:30:00,0.0007479704619139937,0.0005804908976280698
2026-04-15 20:35:00,0.00032516326191789346,7.166399034102193e-07
2026-04-15 20:40:00,-2.084564529880595e-06,0.00018006421986904015
2026-04-15 20:45:00,0.0002479515361226703,6.795528301442079e-05
2026-04-15 20:50:00,0.0004772289966545884,-0.0028512378082445108
2026-04-15 20:55:00,-0.0007773983807712881,0.00013386586188061163
2026-04-15 21:00:00,-0.0015173624154378729,0.002044434558932188
2026-04-15 21:05:00,-0.0016256573944044561,0.0001337178734228336
2026-04-15 21:10:00,-0.0010653635909037007,0.0001715542003142117
2026-04-15 21:15:00,-0.001458987096659925,-0.0009933961918646688
2026-04-15 21:20:00,-0.0014151599522680414,0.00012833386547440238
2026-04-15 21:25:00,-0.0018943958449320064,-0.0003204190503048455
2026-04-15 21:30:00,-0.0019095791179442045,0.00028528655642955255
2026-04-15 21:35:00,-0.0014265010396137257,-0.0010389395981357196
2026-04-15 21:40:00,-0.0012661331965464484,0.00011887442072877663
2026-04-15 21:45:00,-0.0022254281452145364,-0.0010431673577471626
2026-04-15 21:50:00,-0.0023800719415998373,9.058104932473705e-05
2026-04-15 21:55:00,-0.00107434587369859,-0.002251394464793218
2026-04-15 22:00:00,0.0008402529593087849,6.312428723422752e-05
2026-04-15 22:05:00,0.0003274281590357475,5.273049746990947e-05
2026-04-15 22:10:00,-0.000381805611340269,0.0021828817864736295
2026-04-15 22:15:00,0.000608864840394574,7.791472082876247e-05
2026-04-15 22:20:00,0.001286023686251525,0.0009107442662434417
2026-04-15 22:25:00,0.0015653744930599345,7.646379232298222e-05
2026-04-15 22:30:00,0.0018137701359872693,-0.001531629007382369
2026-04-15 22:35:00,0.0022285351242654627,8.805457392562642e-05
2026-04-15 22:40:00,0.0021662607753878405,-0.0024337135562090524
2026-04-15 22:45:00,0.0030688364391604495,7.591486506872629e-05
2026-04-15 22:50:00,0.004600669459927431,-0.00017658076082463283
2026-04-15 22:55:00,0.0034629724044208388,-0.0026729711962749313
2026-04-16 00:00:00,0.002398027773084621,0.00010592130712993104
2026-04-16 00:05:00,0.00300856678846273,0.0020053339562878937
2026-04-16 00:10:00,0.004322773302003924,9.532279160244777e-05
2026-04-16 00:15:00,0.0032257958220291982,-0.002058642199665832
2026-04-16 00:20:00,0.003042762170265334,-0.0005151008931598971
2026-04-16 00:25:00,0.0028576201801211454,0.00011840653683086595
2026-04-16 00:30:00,0.004011945580474574,0.002863415735042038
2026-04-16 00:35:00,0.0040399561175750165,0.0001764237437598362
2026-04-16 00:40:00,0.004532064107655387,0.00024316456965490967
2026-04-16 00:45:00,0.004366002847707051,0.00020320212507232057
2026-04-16 00:50:00,0.002754836976304631,-0.001989750297327354
2026-04-16 00:55:00,0.0033660312131438275,0.0002869780963140606
2026-04-16 01:00:00,0.0040875157542608065,-0.002167961047940219
2026-04-16 01:05:00,0.004234107958591693,0.00031907871244063707
2026-04-16 01:10:00,0.003505274977989359,-0.0016685434396373192
2026-04-16 01:15:00,0.0035156930333624103,0.00042676424586313036
2026-04-16 01:20:00,0.0026587266224780137,0.0011073554019952784
2026-04-16 01:25:00,0.0020850219012018556,-0.002071983820939052
2026-04-16 01:30:00,0.00047703591533121426,0.00045625912256583604
2026-04-16 01:35:00,0.001324392325575019,0.0021432917168168935
2026-04-16 01:40:00,0.0019345650984980978,0.0004723276232632546
2026-04-16 01:45:00,0.002275134844756721,-0.0023694487274758804
2026-04-16 01:50:00,0.0020440905067165005,0.0004615563038744721
2026-04-16 01:55:00,0.0017543119240936988,-0.0005496966058484665
2026-04-16 02:00:00,7.86814643447542e-05,0.00044811260759636886
2026-04-16 02:05:00,2.0701190733163344e-05,0.002027985897176218
2026-04-16 02:10:00,4.96906755547144e-05,0.00038865614281637914
2026-04-16 02:15:00,-0.000646208930229264,0.0001604708383575443
2026-04-16 02:20:00,-0.000578013741328931,0.0003469735858979717
2026-04-16 02:25:00,-0.0002881172387620978,0.0003109240821632072
2026-04-16 02:30:00,-0.00017834331550226068,-0.0018604556951433812
2026-04-16 02:35:00,-0.0031116806387636586,0.0003016592798822916
2026-04-16 02:40:00,-0.003505266146911268,0.0004700263236609508
2026-04-16 02:45:00,-0.003266301516536174,0.00023190046741336287
2026-04-16 02:50:00,-0.0026828190439278643,0.0028399750936713747
2026-04-16 02:55:00,-0.0028764474593181433,0.0002219679046882737
2026-04-16 03:00:00,-0.0018444301382061212,0.0011968019030552297
2026-04-16 03:05:00,-0.0016885543877958042,0.00021228195075898986
2026-04-16 03:10:00,-0.001786273526073856,-1.6498772280007366e-05
2026-04-16 03:15:00,-0.0008207900772116972,0.002039296022576949
2026-04-16 03:20:00,-0.0006882512471548807,0.0029285642157214835
2026-04-16 03:25:00,-0.0009602990731565342,0.00020996363908371428
2026-04-16 03:30:00,-0.0014798167562002362,0.00021505480349481583
2026-04-16 03:35:00,0.0008722470258017978,0.0010925206883638959
2026-04-16 03:40:00,0.0004255986212573504,0.00028842100177787843
2026-04-16 03:45:00,-0.0005706773680014265,-0.0016372305857250504
2026-04-16 03:50:00,-0.00042327867307356826,0.00033206857460673484
2026-04-16 03:55:00,0.00022826265244724198,0.002148398309476241
2026-04-16 04:00:00,0.00037745240814857084,0.000344326452904356
2026-04-16 04:05:00,0.0007027021153600543,0.0007346680954400932
2026-04-16 04:10:00,0.001102810204553606,-0.0014556368978104362
2026-04-16 04:15:00,0.0002529414827154852,0.0016260780478397582
2026-04-16 04:20:00,0.0004167388072122691,0.0003715407806045913
2026-04-16 04:25:00,0.0009976138983418537,0.0017740170066753407
2026-04-16 04:30:00,0.001759760064325988,0.00036071663905201386
2026-04-16 04:35:00,0.00046281260132907676,0.0007623202826533605
2026-04-16 04:40:00,0.0005913850929584186,-0.00141896330278772
2026-04-16 04:45:00,0.0015183196863439719,0.00041425846316717495
2026-04-16 04:50:00,0.0016609628899288964,0.0007812159582157967
2026-04-16 04:55:00,0.0009436242297020669,0.0003991232615045599
2026-04-16 05:00:00,0.0004747240626024052,-3.8111901483212916e-05
2026-04-16 05:05:00,-0.00033367011526941326,0.0004461425965524474
2026-04-16 05:10:00,7.251068240954339e-05,0.0002875095803616787
2026-04-16 05:15:00,0.0007087245948458332,0.00044279776674284655
2026-04-16 05:20:00,0.0005222332636201088,-0.0008478561556798962
2026-04-16 05:25:00,0.0005471241921846115,0.000487663005879328
2026-04-16 05:30:00,0.0009408644626613949,0.0012051595997896812
2026-04-16 05:35:00,0.0021286680653229695,0.0005475468231040267
2026-04-16 05:40:00,0.002053641997669331,0.0013081833082135917
2026-04-16 05:45:00,0.0011910545968483177,0.0006566943537578674
2026-04-16 05:50:00,0.0008863761672976977,0.0006319161496512023
2026-04-16 05:55:00,0.001907340315616679,-0.001349823986999697
2026-04-16 06:00:00,0.0023661104686460988,0.000672079434501999
2026-04-16 06:05:00,0.0022940633598604876,0.0025023098171954817
2026-04-16 06:10:00,0.0015028942853820837,0.0007645012931600058
2026-04-16 06:15:00,0.0016827616157542025,0.0007031214703379704
2026-04-16 06:20:00,0.0012733540515910136,-0.0016571774077051066
2026-04-16 06:25:00,0.0012692524813981976,0.0007929642478566427
2026-04-16 06:30:00,-6.421589801242078e-05,0.002801337765063746
2026-04-16 06:35:00,-0.0003582607617502731,0.0008468633689931008
2026-04-16 06:40:00,-0.0010708490867319398,0.002464737293353796
2026-04-16 06:45:00,-0.000604671311238647,0.0008189291139307875
2026-04-16 06:50:00,-0.0009920481635923295,0.0031120337649333412
2026-04-16 06:55:00,-0.0024049652038122815,0.0007881987352891446
2026-04-16 07:00:00,-0.0025443646969556255,0.0011922646369085894
2026-04-16 07:05:00,-0.0024391720568939235,0.0007167023879204363
2026-04-16 07:10:00,-0.0023671493130486,-0.00191707579108999
2026-04-16 07:15:00,-0.00224845746261515,0.0006427153866227343
2026-04-16 07:20:00,-0.002649985130821264,0.0018364511495559351
2026-04-16 07:25:00,-0.003332894243914808,0.0005893874998548384
2026-04-16 07:30:00,-0.002165037168122552,0.0012749283700566436
2026-04-16 07:35:00,-0.001670816455888513,0.000503515841715704
2026-04-16 07:40:00,-0.0002590815883127817,0.0017766672246153229
2026-04-16 07:45:00,0.00025889377939947167,0.000461983308589685
2026-04-16 07:50:00,0.0005158221832974874,0.002332343006209597
2026-04-16 07:55:00,0.0009970741573308572,0.002970841830656422
2026-04-16 08:00:00,0.0010338466539216995,0.00047424261244387154
2026-04-16 08:05:00,0.0014045964509463715,-0.001549100539350791
2026-04-16 08:10:00,0.00045190994908850257,0.0004832092761872116
2026-04-16 08:15:00,-0.0006427534950699254,0.0008228760370199538
2026-04-16 08:20:00,0.0009103644263586119,0.0022381262361249954
2026-04-16 08:25:00,0.0024116559103184443,0.00026650916479708695
2026-04-16 08:30:00,0.0022354672890418925,0.0005522016397307646
2026-04-16 08:35:00,0.001911051721924295,-0.00021544394197887072
2026-04-16 08:40:00,0.000721116518498377,0.0003051141615021475
2026-04-16 08:45:00,-0.0009779343988736144,0.0005151714263696295
2026-04-16 08:50:00,-0.0009033817339787475,0.0006341601900260136
2026-04-16 08:55:00,-0.0009701131315669187,0.003232364423318352
2026-04-16 09:00:00,-0.0031483742826985406,0.0019250791765863212
2026-04-16 09:05:00,-0.003972354354617735,0.0006689857959948047
2026-04-16 09:10:00,-0.002737387993143159,0.0014226218568483885
2026-04-16 09:15:00,-0.0020616701842275376,0.0005624843490822741
2026-04-16 09:20:00,-0.0027044854251663253,0.0011852725516605257
2026-04-16 09:25:00,-0.003462741678877279,0.0005242211557511622
2026-04-16 09:30:00,-0.004014135793266149,-0.0004193874673567932
2026-04-16 09:35:00,-0.0038922826018268353,0.00041423953503549876
2026-04-16 09:40:00,-0.0032054867157569333,0.0015469000917489257
2026-04-16 09:45:00,-0.0027316749938517404,0.0002993604226787197
2026-04-16 09:50:00,-0.0026277569191091033,0.0026463825772636298
2026-04-16 09:55:00,-0.0016542635296303843,0.00019864608778930046
2026-04-16 10:00:00,0.0002596283175613223,0.0019582166182276713
2026-04-16 10:05:00,0.001366693603999991,0.0029011256008198818
2026-04-16 10:10:00,0.0009181401868065819,7.940727114487833e-05
2026-04-16 10:15:00,0.0010095660347086977,-0.0006575898764468309
2026-04-16 10:20:00,0.0008663144473608497,0.00105477486568879
2026-04-16 10:25:00,0.00034494438633281277,0.002441647684500009
2026-04-16 10:30:00,0.0006569797050790527,-7.413762817883431e-06
2026-04-16 10:35:00,0.0004219115565557985,-0.0009036859532478464
2026-04-16 10:40:00,0.0005297694172714529,-3.095478317101591e-05
2026-04-16 10:45:00,0.0006150700667255649,0.0019509231197890329
2026-04-16 10:50:00,0.00020989302806206922,-0.00011361488384665205
2026-04-16 10:55:00,-0.00017658870148196115,0.0001415986168465824
2026-04-16 11:00:00,-0.0005234797395790025,-0.00021128858690435204
2026-04-16 11:05:00,-0.0011983523571910126,0.0007371469946890502
2026-04-16 11:10:00,-0.0019307332286331302,-0.0006063262659240747
2026-04-16 11:15:00,-0.001770529875749105,-0.0002853154658019645
2026-04-16 11:20:00,-0.0014338767203305736,-0.0013423189316823937
2026-04-16 11:25:00,-0.0012515099789709438,-0.0004171662477671206
2026-04-16 11:30:00,-0.0006902559834625066,-0.0025258390307348866
2026-04-16 11:35:00,-0.0005175418747658256,-0.0004525251724667492
2026-04-16 11:40:00,-0.0013114319867479907,0.000468016698977274
2026-04-16 11:45:00,-0.0009456186868881389,-8.244658155791562e-05
2026-04-16 11:50:00,-0.00025561814529240223,-0.0010039160793412676
2026-04-16 11:55:00,0.0009552844566531604,-0.0005771562900513462
2026-04-16 12:00:00,0.0015322746059656112,0.0012280835467666747
2026-04-16 12:05:00,0.001297977310834142,0.0006585389651112717
2026-04-16 12:10:00,0.0022047655537065225,-0.0005420397323711136
2026-04-16 12:15:00,0.0020673892921614367,-0.00025225935941910506
2026-04-16 12:20:00,0.0018408061527566133,-0.0004895524685141848
2026-04-16 12:25:00,0.001887059657354584,-0.0011590515300524329
2026-04-16 12:30:00,0.0022457423968820223,-0.0004487606571856679
2026-04-16 12:35:00,0.0017448531272652446,0.0007013340939520126
2026-04-16 12:40:00,0.001969617018632519,-0.00034162699863390174
2026-04-16 12:45:00,0.0015125609829880204,-0.0010264651465005303
2026-04-16 12:50:00,0.0014580168572475571,-0.00021049595777908472
2026-04-16 12:55:00,0.0010290243849038205,-0.0016644238719956865
2026-04-16 13:00:00,-7.261584045004099e-05,-0.00013549215313244048
2026-04-16 13:05:00,-0.0004172457482258807,-0.0019067765646992715
2026-04-16 13:10:00,-9.548758876221086e-05,-0.0008170860223629717
2026-04-16 13:15:00,0.0001432083445180865,0.0009921725212095822
2026-04-16 13:20:00,-0.0001702258402787038,-0.0013329889671184329
2026-04-16 13:25:00,-0.00017027108443734562,-8.609138442995613e-05
2026-04-16 13:30:00,7.677710468989574e-05,0.00011940844438107598
2026-04-16 13:35:00,-0.0006394260331372692,-5.6554331343587436e-05
2026-04-16 13:40:00,-0.0001805944051778141,-7.308098503796885e-05
2026-04-16 13:45:00,-0.00034054217134027454,0.0004717089722590983
2026-04-16 13:50:00,-0.0002947550233489693,-9.49452414363497e-05
2026-04-16 13:55:00,-0.0011141322695777944,0.0003934689769130269
2026-04-16 14:00:00,1.867314832360023e-05,-0.0018698588381307515
2026-04-16 14:05:00,-0.00010797252525129863,0.000890047164281529
2026-04-16 14:10:00,0.00014737919343765782,0.0007532050075427317
2026-04-16 14:15:00,-3.528131138885726e-05,0.0001468265048105232
2026-04-16 14:20:00,0.00013286167458481657,-0.00013077640212180825
2026-04-16 14:25:00,-4.153315487087639e-06,0.0008331961566395478
2026-04-16 14:30:00,0.0007093905347019813,-0.00012343351511301834
2026-04-16 14:35:00,0.001295035877490136,0.0005410731404553561
2026-04-16 14:40:00,-0.00024084328485507456,-0.00015880337853966663
2026-04-16 14:45:00,-0.0002180909572544465,0.0013108960115617474
2026-04-16 14:50:00,-0.004677874607640575,-0.00018948488184189347
2026-04-16 14:55:00,-0.004886108271104916,2.061100269230805e-05
2026-04-16 15:00:00,-0.005740750534339867,-0.00030348423046928057
2026-04-16 15:05:00,-0.0033321092361813243,0.0002601854334137996
2026-04-16 15:10:00,-0.003374402468397264,0.0008121747487491224
2026-04-16 15:15:00,-0.004926682027241114,0.001515754260247148
2026-04-16 15:20:00,-0.004543911414220503,-0.00042609793773581875
2026-04-16 15:25:00,-0.0032865207469967572,-0.00037731780882945193
2026-04-16 15:30:00,-0.0054619892257665725,0.0007301801302829643
2026-04-16 15:35:00,-0.006533767745304786,-0.0005503902617227302
2026-04-16 15:40:00,-0.005868722771543489,-0.003201955782594609
2026-04-16 15:45:00,-0.004835122082887722,5.412965125822812e-05
2026-04-16 15:50:00,-0.0006634980359319087,-0.0036712045050600007
2026-04-16 15:55:00,-0.0010811624174156265,-0.0007546950829093453
2026-04-16 16:00:00,0.0017867218208049707,0.0011280158976991958
2026-04-16 16:05:00,0.001871258420564459,-0.0010628584270296647
2026-04-16 16:10:00,0.0011052634347379353,-0.002164053398246245
2026-04-16 16:15:00,0.001864923833815979,-0.000838075479877063
2026-04-16 16:20:00,0.0019353507430910355,-0.0003950087443528059
2026-04-16 16:25:00,0.0004166128601994501,-0.00163526916697304
2026-04-16 16:30:00,0.0009898195273265742,-0.000892160838287945
2026-04-16 16:35:00,0.0034199467510696024,-0.0021866223974836814
2026-04-16 16:40:00,0.0031573134448645845,-0.0008403851241742393
2026-04-16 16:45:00,0.0026786558540976557,-0.0025296878401225836
2026-04-16 16:50:00,0.0029177689779409377,-0.0007852152516402126
2026-04-16 16:55:00,0.004070184421365752,-0.0006009018446903676
2026-04-16 17:00:00,0.0016421338938279462,-0.0006611031229620597
2026-04-16 17:05:00,-0.0004638455373555672,0.0002517396809185795
2026-04-16 17:10:00,-0.00039742113742313734,-0.0005785978664198223
2026-04-16 17:15:00,0.00013530602600830832,-0.0031196817663348524
2026-04-16 17:20:00,-0.001305794517728387,-0.0005411517749405138
2026-04-16 17:25:00,-0.0004061954230767384,-0.00033104816008070387
2026-04-16 17:30:00,-0.0018533252052410631,0.0016251047432217084
2026-04-16 17:35:00,-0.002105603743698836,-0.0013055582457341456
2026-04-16 17:40:00,-0.0026060466658162085,-0.0011242038442417588
2026-04-16 17:45:00,-0.0032946142055578775,-0.0004678003929856169
2026-04-16 17:50:00,-0.0031536463436800943,-0.000448527076713506
2026-04-16 17:55:00,-0.0032831994827162703,-0.0005592142979489941
2026-04-16 18:00:00,-0.003420508869844241,0.0010432028169942084
2026-04-16 18:05:00,-0.0024496746019035953,0.0002977115026047094
2026-04-16 18:10:00,-0.0028510770241787498,-0.0006481606157828085
2026-04-16 18:15:00,-0.002578124067028398,0.0015979602214907251
2026-04-16 18:20:00,-0.001107199305749873,0.00020423052620854775
2026-04-16 18:25:00,-0.00298172896069282,-0.0023337245694478237
2026-04-16 18:30:00,-0.0018442232287849691,-0.0007903572816592528
2026-04-16 18:35:00,-0.002935657797239699,-0.000753107672835214
2026-04-16 18:40:00,-0.0006598854628219186,-0.0010109106381830644
2026-04-16 18:45:00,0.00020257732727735345,-0.0013310766187082312
2026-04-16 18:50:00,-0.0006139594520195857,-0.0008312411853460622
2026-04-16 18:55:00,-0.000674222295540261,-0.0028384615075737387
2026-04-16 19:00:00,-0.00030887966669546074,-0.0008034363570080026
2026-04-16 19:05:00,-0.0009431403933337634,-0.00039633555745861306
2026-04-16 19:10:00,-0.00031520093276604655,-0.002532518784498117
2026-04-16 19:15:00,-0.00032769127183840396,-0.002103352717828717
2026-04-16 19:20:00,-0.0005217050272978696,-0.000691393405291962
2026-04-16 19:25:00,0.00048260381357856375,0.001223097231262387
2026-04-16 19:30:00,0.0011261533030104687,0.000751857142510923
2026-04-16 19:35:00,0.0015378060882138556,-3.222625921501104e-05
2026-04-16 19:40:00,0.0006598854628219186,-0.0005809399850290847
2026-04-16 19:45:00,0.00031527069172909705,-0.00032522739161154114
2026-04-16 19:50:00,0.0006598868408254077,0.0018309479764991436
2026-04-16 19:55:00,0.00024010030044330222,-0.0004721688482939562
2026-04-16 20:00:00,0.00046537010805636214,-0.0016652421052208053
2026-04-16 20:05:00,0.0006490261184310953,0.00021243347277817115
2026-04-16 20:10:00,6.263061094102795e-05,-0.0010568301528665629
2026-04-16 20:15:00,0.0006364994001195612,-0.0005430556775322309
2026-04-16 20:20:00,0.00041112629356199193,-0.0007886929941767324
2026-04-16 20:25:00,0.000734948722389106,-0.000472647710155821
2026-04-16 20:30:00,0.0006116444344730354,0.00024310664311468758
2026-04-16 20:35:00,0.0008410315339961727,-0.000484496366249383
2026-04-16 20:40:00,0.0015790327796043613,-0.003150518675044384
2026-04-16 20:45:00,0.000968157301018735,-0.0004053411300521506
2026-04-16 20:50:00,0.0010244673301222917,-0.003257701653348647
2026-04-16 20:55:00,0.0007387297107026569,-2.2724327038656343e-05
2026-04-16 21:00:00,-0.00010641083564522091,-0.0004198610672507025
2026-04-16 21:05:00,-0.0005029063291690505,-0.0031160813574856437
2026-04-16 21:10:00,7.51515556718374e-05,4.9975005666266754e-05
2026-04-16 21:15:00,-0.00037558999368947354,-0.0006499509098750128
2026-04-16 21:20:00,-0.0008182452436820142,-0.00034133417744224985
2026-04-16 21:25:00,-0.00045092722673523156,-0.0006934095611363625
2026-04-16 21:30:00,-0.0010251860482917152,0.0009825128525013614
2026-04-16 21:35:00,-0.0009182832922949302,-0.0010724024791787428
2026-04-16 21:40:00,-0.0018379232682868007,-0.0003479379180200238
2026-04-16 21:45:00,-0.0009493694709394873,2.5886973976135074e-05
2026-04-16 21:50:00,-0.0011643436754855685,-0.00035431856315550666
2026-04-16 21:55:00,-0.0007763068220718594,0.0002442529720336454
2026-04-16 22:00:00,-0.0003380860189796664,-0.0008780121423922801
2026-04-16 22:05:00,0.0009138079511288311,-0.00040683989922519586
2026-04-16 22:10:00,0.0012350161996685927,-0.002286630000396135
2026-04-16 22:15:00,0.0008323676750059406,-0.0004546897666000076
2026-04-16 22:20:00,0.0008432830089795118,-0.0008465396965616585
2026-04-16 22:25:00,0.0009809242344349656,-0.0017758419650851112
2026-04-16 22:30:00,0.0014946250564449315,0.0008768193924228167
2026-04-16 22:35:00,0.0011602357665001506,-0.0005717147304685299
2026-04-16 22:40:00,0.0010205583903211135,-0.001988364793260596
2026-04-16 22:45:00,0.0010473848677765574,0.000987128889820446
2026-04-16 22:50:00,0.0012289897020210105,-0.0004140518663069951
2026-04-16 22:55:00,0.001291425138619573,-0.0006541627033747417
2026-04-16 23:00:00,0.0008220596184891349,-0.002433620524054367
2026-04-17 00:00:00,-0.0002523611948621607,-0.0005936199303557696
2026-04-17 00:05:00,-0.0005004984234506793,-0.0015525358257106635
2026-04-17 00:10:00,-0.0004880714600119518,-2.3520547449071388e-05
2026-04-17 00:15:00,0.0007091429679046968,-0.0006055214875223408
2026-04-17 00:20:00,0.0005589050611689572,-0.0005812902634386446
2026-04-17 00:25:00,7.9261284867016e-05,-0.0005952446462750678
2026-04-17 00:30:00,2.294073053832335e-05,-0.0018882847423325236
2026-04-17 00:35:00,0.00027948050179738004,-0.0005302627920738261
2026-04-17 00:40:00,8.758009935583289e-05,9.61134820846719e-06
2026-04-17 00:45:00,-0.0002961547868380876,-0.0005878392676444862
2026-04-17 00:50:00,-0.0004859142321453902,-0.000663287406256874
2026-04-17 00:55:00,-0.0006676110829388904,-0.0005836896760967587
2026-04-17 01:00:00,-0.0011875779504446626,-0.0020390580710225857
2026-04-17 01:05:00,-0.0006823325185418838,-0.0005908005343295432
2026-04-17 01:10:00,-0.0006052056214240764,-0.00016190884791836104
2026-04-17 01:15:00,-0.0010054633800802293,0.00031205795792213503
2026-04-17 01:20:00,-0.001414551334965708,-0.0005515567301424099
2026-04-17 01:25:00,-0.0003066508845464,-3.1734940348277386e-05
2026-04-17 01:30:00,0.00032736944350730823,-0.0006226063958888546
2026-04-17 01:35:00,0.00022936592932154554,-0.00113446359352255
2026-04-17 01:40:00,0.0005086470099477935,-0.0007791300012173025
2026-04-17 01:45:00,0.0011028359007791977,-0.0006110874697216532
2026-04-17 01:50:00,0.00029616466972015587,-0.0005118841338498655
2026-04-17 01:55:00,0.0007885678931636164,2.5476780762661525e-05
2026-04-17 02:00:00,0.00012111821361315833,0.0002902903675911852
2026-04-17 02:05:00,-0.0015353846438390661,0.0014660620179981966
2026-04-17 02:10:00,-0.0023596229283331382,-0.0003405385416301294
2026-04-17 02:15:00,-0.001656419734816339,0.00037175124774068655
2026-04-17 02:20:00,-0.003237203025260982,0.00020767483009508775
2026-04-17 02:25:00,-0.005013600740747748,-0.0003261720668468853
2026-04-17 02:30:00,-0.004536406054825193,0.0006613044215928048
2026-04-17 02:35:00,-0.004632951501458038,0.00024411614000185964
2026-04-17 02:40:00,-0.004277348721323904,0.0010981730419277662
2026-04-17 02:45:00,-0.004318208934765977,-0.00025342661918417665
2026-04-17 02:50:00,-0.0018159091107907699,-0.0002233276477120805
2026-04-17 02:55:00,-0.0011893485859086894,0.00039225786749844333
2026-04-17 03:00:00,0.0006450205784798158,-0.00025808537253498606
2026-04-17 03:05:00,0.0013767330153449109,-0.0003645450381381007
2026-04-17 03:10:00,0.0026309672952198326,0.00010089880853952661
2026-04-17 03:15:00,0.0012932031347467898,-0.0003539503745418415
2026-04-17 03:20:00,0.0032977484139653512,-0.0008000039848564128
2026-04-17 03:25:00,0.004180788301868077,-0.0005837008225618535
2026-04-17 03:30:00,0.0035184987258176648,-0.00034725608685318745
2026-04-17 03:35:00,0.003971817893980045,-0.00258171620501199
2026-04-17 03:40:00,0.0028967293089134927,-0.0003540187467358191
2026-04-17 03:45:00,0.0022804502639601765,-0.0028086650392428287
2026-04-17 03:50:00,0.000363445720040545,-0.00035011287799217866
2026-04-17 03:55:00,-0.0010068348638849756,-0.001326686957211469
2026-04-17 04:00:00,-1.6694316629539685e-05,-0.00039142206786533303
2026-04-17 04:05:00,0.0011746775943066723,0.001128482872047449
2026-04-17 04:10:00,0.0009032548032372745,-0.0003666355168908902
2026-04-17 04:15:00,0.0015813248452651862,-0.0006276240974817734
2026-04-17 04:20:00,0.0012247347852269996,0.00021052272426887322
2026-04-17 04:25:00,0.0010247410086634545,0.0005149961727839813
2026-04-17 04:30:00,0.0005758289696764507,-0.0015462540614073611
2026-04-17 04:35:00,-2.2949393459370526e-05,-0.00031647183530478685
2026-04-17 04:40:00,0.0005528936822010166,-0.001182353186535217
2026-04-17 04:45:00,0.001385376985636455,-0.00024299731068538714
2026-04-17 04:50:00,0.0012355626511855178,-0.0026677343678475746
2026-04-17 04:55:00,0.0017456493715766186,-0.00011638900180270906
2026-04-17 05:00:00,0.00048819365149554983,0.0005100042617140654
2026-04-17 05:05:00,-0.00035663896314375165,-8.626226995307264e-05
2026-04-17 05:10:00,-0.00010634560036315577,0.0007827520354023177
2026-04-17 05:15:00,-0.00030647315316123525,-7.907418702609121e-06
2026-04-17 05:20:00,-0.000137629601425715,0.0013032021312198445
2026-04-17 05:25:00,0.0004317046456527862,-6.673984275445032e-06
2026-04-17 05:30:00,0.0006005117040448482,-0.0007786496874558159
2026-04-17 05:35:00,0.0013343621019572538,0.0010927040057108375
2026-04-17 05:40:00,0.001467336402054542,9.334652235806836e-05
2026-04-17 05:45:00,0.0005440282611992586,-0.000679553350868182
2026-04-17 05:50:00,0.0011007018084612241,0.00012374290989000165
2026-04-17 05:55:00,0.0020632830598543705,0.0006206971434431582
2026-04-17 06:00:00,0.0013652590640980122,0.00016631592502138227
2026-04-17 06:05:00,0.00222742996982106,0.00035984867251737064
2026-04-17 06:10:00,0.001993661360961241,0.00017440824910096013
2026-04-17 06:15:00,0.0016188667095704545,0.0008422831868630244
2026-04-17 06:20:00,0.0019979402243333055,0.0002490341286447667
2026-04-17 06:25:00,0.001562588213513294,0.0004368585141634054
2026-04-17 06:30:00,0.00026469445140264725,0.0002682013531002649
2026-04-17 06:35:00,4.167092056306387e-06,0.001511622847439596
2026-04-17 06:40:00,-0.0009626966248976743,-0.00014469478717605522
2026-04-17 06:45:00,-0.0002855258227487667,0.0002510123390196482
2026-04-17 06:50:00,-0.00047932345455414804,0.0006753876598342953
2026-04-17 06:55:00,-0.0017983611216223494,0.00026735499132534
2026-04-17 07:00:00,-0.0015196193245632372,0.0011237241249464763
2026-04-17 07:05:00,-0.00287220558834278,0.0001948386709118037
2026-04-17 07:10:00,-0.003583938053584035,-0.00036321826041076907
2026-04-17 07:15:00,-0.003670693251740076,0.0001338435579391142
2026-04-17 07:20:00,-0.0035674224713755365,0.00013623280107475437
2026-04-17 07:25:00,-0.00412844001064272,1.8236322479023383e-05
2026-04-17 07:30:00,-0.0032750471529467973,0.001274766898089971
2026-04-17 07:35:00,-0.002837638987008617,-5.7490588845492996e-05
2026-04-17 07:40:00,-0.0023000511058182127,0.0012412298249290614
2026-04-17 07:45:00,-0.0025504201562167594,0.0019353589662457363
2026-04-17 07:50:00,-0.002563065726025826,-0.00016998514922243304
2026-04-17 07:55:00,-0.0019457858593447952,0.0003410966081668314
2026-04-17 08:00:00,-0.000976776589943995,-0.0002598213844393976
2026-04-17 08:05:00,-0.0002713891172909655,-0.0010662435664357114
2026-04-17 08:10:00,-9.190427758198894e-05,-0.00024038023510939061
2026-04-17 08:15:00,0.0007018101139841804,0.00021695100032699684
2026-04-17 08:20:00,0.0002777606660728793,0.001303759385012295
2026-04-17 08:25:00,0.001685560868816438,-0.00027173063045187807
2026-04-17 08:30:00,0.0023952407369876028,-0.00020658856449405643
2026-04-17 08:35:00,0.00017132124237306812,0.0008015991275117285
2026-04-17 08:40:00,0.00011074069867689218,-9.648511423424554e-05
2026-04-17 08:45:00,-0.0011102736992647522,-0.0007282287786909007
2026-04-17 08:50:00,5.6424740384031224e-05,0.0010297820277152085
2026-04-17 08:55:00,4.388453353065813e-05,-8.057307065216942e-05
2026-04-17 09:00:00,0.00036535934541603865,0.00041283212189021756
2026-04-17 09:05:00,-0.0010925640931365166,-9.356022188802051e-05
2026-04-17 09:10:00,-0.0008337905035986637,-0.0009141208406793458
2026-04-17 09:15:00,-0.0007770332760674847,-0.00015907651265977687
2026-04-17 09:20:00,-0.000958914056386817,0.0015540562029656058
2026-04-17 09:25:00,-0.0014932592054410776,-0.0002008416090437732
2026-04-17 09:30:00,-0.0016512039689846603,0.0013982939664309818
2026-04-17 09:35:00,0.0006098325238070856,-0.00026661547104841343
2026-04-17 09:40:00,0.0022706128303120465,0.0002293044056511966
2026-04-17 09:45:00,0.0028975021760118125,-0.00025256506724652964
2026-04-17 09:50:00,0.0017183838896137615,6.795892687373803e-05
2026-04-17 09:55:00,0.0022501564564532117,0.0007624105778630735
2026-04-17 10:00:00,0.0017664551305820453,-0.00018891849182753082
2026-04-17 10:05:00,0.0024758791993804152,-0.0021375143805892074
2026-04-17 10:10:00,0.0020195424154163533,-0.00015291087326681102
2026-04-17 10:15:00,0.0021291348729679527,3.7969570530638285e-05
2026-04-17 10:20:00,0.0021651289213764358,-0.00011011135399334701
2026-04-17 10:25:00,0.0023818904173236177,-0.0016371273264796362
2026-04-17 10:30:00,0.002237132729723257,-2.951270022377377e-05
2026-04-17 10:35:00,0.0012143799079069595,0.0022288167932337294
2026-04-17 10:40:00,-0.0004733145555437801,1.8786321447394793e-06
2026-04-17 10:45:00,-0.00036511998770016874,0.002237157586130753
2026-04-17 10:50:00,-0.0003150595352963137,6.829517520590239e-06
2026-04-17 10:55:00,-0.0011870675717098322,0.0008408063917667327
2026-04-17 11:00:00,-0.0016433069194672356,0.0002672906031684675
2026-04-17 11:05:00,-0.001456393992846472,3.74315224488251e-05
2026-04-17 11:10:00,-0.000325524232518859,0.0022475834656008526
2026-04-17 11:15:00,-0.0008719796784628642,-7.569209683640342e-06
2026-04-17 11:20:00,-0.0004213837721120939,0.0018160380238343924
2026-04-17 11:25:00,-0.0013123648963890844,-8.22950228526099e-06
2026-04-17 11:30:00,-0.0018674102784501656,0.0006133856592563746
2026-04-17 11:35:00,-0.0020415029039639876,-6.031718488556487e-05
2026-04-17 11:40:00,-0.0020376002623851974,0.0002974483401440473
2026-04-17 11:45:00,-0.000866389267544676,-0.00045298424680219356
2026-04-17 11:50:00,-0.0012048181649753076,0.0023274183392543142
2026-04-17 11:55:00,-0.0005763087169583514,-9.658839046612747e-05
2026-04-17 12:00:00,-0.0012614213545454334,-0.003057184871908167
2026-04-17 12:05:00,-0.00040516269715951125,-0.0015146099820338166
2026-04-17 12:10:00,-0.001087936025584213,-0.00011102190447800713
2026-04-17 12:15:00,-0.0012425280253740567,0.0007346813269084249
2026-04-17 12:20:00,-0.00039860052095441745,-0.00010381527310994908
2026-04-17 12:25:00,0.000647008755102263,-0.001704674056142185
2026-04-17 12:30:00,0.0010749692894727048,-0.0024405628072978595
2026-04-17 12:35:00,0.0014532761819268103,0.0018645038087275934
2026-04-17 12:40:00,0.0030402612541777785,4.965333435083957e-06
2026-04-17 12:45:00,0.00362547735183405,-0.0019769468027948673
2026-04-17 12:50:00,0.0031728343775103696,0.0001496348313173213
2026-04-17 12:55:00,0.0025407779099264616,-0.0013125333801246408
2026-04-17 13:00:00,0.003956444699111827,0.00021277034032445933
2026-04-17 13:05:00,0.0035073561073524218,-0.0007763868583143914
2026-04-17 13:10:00,0.003687086043598242,-0.00025468948390902223
2026-04-17 13:15:00,0.004280732946780219,0.0002849863869138253
2026-04-17 13:20:00,0.0045026546304782755,0.0018895059237048798
2026-04-17 13:25:00,0.005333323779087351,0.00033534503963244785
2026-04-17 13:30:00,0.00503797224781799,-0.0019356314816906326
2026-04-17 13:35:00,0.006393492701279868,0.00038939353193372594
2026-04-17 13:40:00,0.004950597759389552,-0.00134969971322758
2026-04-17 13:45:00,0.006641359149327286,0.0018092091962115871
2026-04-17 13:50:00,0.008665998565794197,9.858346369604546e-05
2026-04-17 13:55:00,0.009814386437927425,0.0004389768648603371
2026-04-17 14:00:00,0.008403045007590038,0.0032284944267421296
2026-04-17 14:05:00,0.012218838790939657,-7.975296454809715e-05
2026-04-17 14:10:00,0.016403168542028723,0.0014931253782618887
2026-04-17 14:15:00,0.012038732574154665,-0.001404940582791037
2026-04-17 14:20:00,0.010093452434249528,0.0006253779023544545
2026-04-17 14:25:00,0.006817070665661618,0.0017913377133793713
2026-04-17 14:30:00,0.007875301858371486,0.0007864834708626719
2026-04-17 14:35:00,0.009144527051120122,-0.00021268057605057565
2026-04-17 14:40:00,0.008606034778939176,0.001888984187914818
2026-04-17 14:45:00,0.005849729760711853,0.0016381663670638658
2026-04-17 14:50:00,0.0071452608607476265,0.0009491348222963702
2026-04-17 14:55:00,0.007002107029823179,-0.00012151970750087183
2026-04-17 15:00:00,0.006396766035992485,0.0010663885188816795
2026-04-17 15:05:00,0.0018530621907828504,-0.0013578186628792582
2026-04-17 15:10:00,-0.003172896671411962,0.0005137806682658921
2026-04-17 15:15:00,0.0013230314136478682,6.201872579404219e-05
2026-04-17 15:20:00,0.0035790849844499206,0.0031087261628563213
2026-04-17 15:25:00,0.004224874591447048,0.0013018385528931501
2026-04-17 15:30:00,0.0044651600157727955,-0.0002906273183997967
2026-04-17 15:35:00,0.0016585419720183125,0.0013268248124353554
2026-04-17 15:40:00,0.0025475471838412034,0.0027654249107498126
2026-04-17 15:45:00,0.002826011430116182,0.0007222054676736459
2026-04-17 15:50:00,-0.00028704700591752896,0.003190978173209789
2026-04-17 15:55:00,-0.0016812929409510957,0.0013345083764461226
2026-04-17 16:00:00,-0.0014099844405386364,0.0023141862506547055
2026-04-17 16:05:00,9.646239564631287e-05,0.0006331538777289663
2026-04-17 16:10:00,-4.519467607444483e-05,0.001247399171475217
2026-04-17 16:15:00,-0.0011092556184202351,0.006141112475944256
2026-04-17 16:20:00,-0.0017458473894915727,0.001260231402676608
2026-04-17 16:25:00,-0.001160370503992425,-0.0015946591662554547
2026-04-17 16:30:00,-0.00083480249053558,0.001133939516226822
2026-04-17 16:35:00,-0.0012251671771732475,1.8110046766785995e-05
2026-04-17 16:40:00,-0.0038330199777174556,0.00273003717104146
2026-04-17 16:45:00,-0.0031939596501810996,-0.0006276175007936838
2026-04-17 16:50:00,-0.0015124575388245631,0.0011058522006030017
2026-04-17 16:55:00,-0.001116956082601206,0.0017156467708507033
2026-04-17 17:00:00,-0.00033893883711044737,0.0011181533201290355
2026-04-17 17:05:00,-0.00021551392457297425,0.0075724627089388385
2026-04-17 17:10:00,0.0008521919816235624,-0.0002187434979025751
2026-04-17 17:15:00,0.0011441566585776997,6.862080447254365e-05
2026-04-17 17:20:00,1.0266529368863075e-05,0.0012801249469891471
2026-04-17 17:25:00,0.00044582369747026007,0.002830176674169
2026-04-17 17:30:00,-0.0003735279553165327,0.008767479864462234
2026-04-17 17:35:00,0.0003839240575587155,0.0014030201660038676
2026-04-17 17:40:00,0.0020600717413881142,0.0012248872944293234
2026-04-17 17:45:00,0.00048508767471844294,0.004716415441641739
2026-04-17 17:50:00,-0.0005587717028916472,0.0013097762534928464
2026-04-17 17:55:00,-0.0001027240360773618,0.001559938792932028
2026-04-17 18:00:00,-0.00015615593434503694,0.0005959004553808115
2026-04-17 18:05:00,-0.002040445907185884,0.0015388572533203233
2026-04-17 18:10:00,-0.0017524022970043518,0.002341661516336809
2026-04-17 18:15:00,-0.001586147433304319,0.004728754869984744
2026-04-17 18:20:00,-0.0030991133626088185,0.0019461683688846943
2026-04-17 18:25:00,-0.00216317668174959,0.0021223140907013754
2026-04-17 18:30:00,-0.0020589584262786786,-0.0012313612582206084
2026-04-17 18:35:00,-0.0029396428640300343,0.0011663619505554675
2026-04-17 18:40:00,-0.002848626822052225,0.001509636269237967
2026-04-17 18:45:00,-0.0012172755917756461,0.005614438629642701
2026-04-17 18:50:00,-0.0009148407324826024,0.00146925119911377
2026-04-17 18:55:00,-0.0008036660758268255,-0.00037530220138402083
2026-04-17 19:00:00,-0.000855180575383585,0.0014277967870745503
2026-04-17 19:05:00,0.00043802961410221997,0.001296041702912449
2026-04-17 19:10:00,-0.0003886973443734121,0.00696627122119028
2026-04-17 19:15:00,-0.0003084813897089589,-0.0007644851185856766
2026-04-17 19:20:00,0.0020226073830631464,0.0015070596678689657
2026-04-17 19:25:00,0.0006543816018922399,5.7809412039797716e-05
2026-04-17 19:30:00,0.0009642518287158452,-0.001191759689945973
2026-04-17 19:35:00,0.001125485574426932,0.0013775850655747815
2026-04-17 19:40:00,0.001488057228266726,0.001692264033658309
2026-04-17 19:45:00,9.669598071049279e-05,0.0016443073377842962
2026-04-17 19:50:00,-0.0010906787160038789,-0.000678788278695658
2026-04-17 19:55:00,-0.0010224728891419232,0.001547747813832235
2026-04-17 20:00:00,-0.0008620876427247737,0.0005493682522208732
2026-04-17 20:05:00,-0.001734734313886932,0.0012263111535846167
2026-04-17 20:10:00,-0.0009837294426233711,0.006624311671718675
2026-04-17 20:15:00,-0.0011360316676327642,0.001468133897022903
2026-04-17 20:20:00,-0.001993772438403596,0.001275079583637347
2026-04-17 20:25:00,-0.0009096653594085069,0.00035817639596079397
2026-04-17 20:30:00,-0.0017462044040410518,-0.0015636195625396126
2026-04-17 20:35:00,-0.0005800738625456603,0.0013505929436943924
2026-04-17 20:40:00,-0.000518407595173187,0.00660103314182049
2026-04-17 20:45:00,-0.00043006018418800807,0.0005176400721472469
2026-04-17 20:50:00,-0.0003954075117160727,0.0013052281020126536
2026-04-17 20:55:00,-0.000743337537253197,-0.0007440004828263959
2026-04-17 21:00:00,-0.001503744193712464,0.0012948993246711543
2026-04-17 21:05:00,-0.001613965789227123,-0.0009861180778686026
2026-04-17 21:10:00,-0.0021766966105492003,0.0013358408012543923
2026-04-17 21:15:00,-0.000922946406898717,0.0011207335011752001
2026-04-17 21:20:00,-0.001364391655975794,0.001374138849067049
2026-04-17 21:25:00,-0.0022282627437668623,0.0004395856762008385
2026-04-17 21:30:00,-0.0022958857278663203,-0.0014349343166034489
2026-04-17 21:35:00,-0.0036444631367444913,0.0017067362584050317
2026-04-17 21:40:00,-0.005041722386094349,0.0015083490718818865
2026-04-17 21:45:00,-0.005187613389379564,0.001115384323775992
2026-04-17 21:50:00,-0.004161245789905621,0.0008434038219866379
2026-04-17 21:55:00,-0.005024269707670115,0.0013526429928560687
2026-04-17 22:00:00,-0.01600905277083342,0.0032670645433519347
2026-04-17 22:05:00,-0.011250280732177487,-0.0032599973203164766
2026-04-17 22:10:00,-0.011535268786513342,0.006748874498999834
2026-04-17 22:15:00,-0.012429089773918989,0.0012202498374981926
2026-04-17 22:20:00,-0.013339635101299763,0.002128047435685532
2026-04-17 22:25:00,-0.012540358267012053,0.0009540493587405383
2026-04-17 22:30:00,-0.012718287118236304,-0.00014878775381159582
2026-04-17 22:35:00,-0.012054120837388993,0.0005978296202243723
2026-04-17 22:40:00,-0.01129125935954356,-0.0010550779172549072
2026-04-17 22:45:00,-0.010019825985542852,0.00023700711398546258
2026-04-17 22:50:00,-0.010906000064560217,0.008091209524453356
2026-04-17 22:55:00,-0.01062485865571361,-0.0003993676368578182
2026-04-20 00:00:00,0.0004753931769041486,-0.004110715911749146
2026-04-20 00:05:00,-0.003525733433432876,-0.000432611472756826
2026-04-20 00:10:00,-0.0037330604952536817,-0.002467161900383762
2026-04-20 00:15:00,-0.003954090918439235,-0.000164637950111262
2026-04-20 00:20:00,-0.0028549918923612694,-0.0003770086118913233
2026-04-20 00:25:00,-0.0033469243858554876,-0.000442927099640014
2026-04-20 00:30:00,-0.002934081584566428,-0.00022904038765580211
2026-04-20 00:35:00,-0.00426673011306633,-0.0006995294221539154
2026-04-20 00:40:00,-0.006090396846751389,-0.00784074624608681
2026-04-20 00:45:00,-0.008686828126588608,-0.00038784428686526145
2026-04-20 00:50:00,-0.006198347449924313,-0.0009907836290652013
2026-04-20 00:55:00,-0.005185739122929078,0.0070334945109811085
2026-04-20 01:00:00,-0.005485977103795392,-0.0013754301219079407
2026-04-20 01:05:00,-0.004942696932355162,-0.0029198354818237666
2026-04-20 01:10:00,-0.004272967894616286,0.006307207881743052
2026-04-20 01:15:00,-0.0030909201360316274,-0.0001599520836965257
2026-04-20 01:20:00,-0.0017013781907557757,-0.0015272627440170727
2026-04-20 01:25:00,-0.0008851748483547084,-3.073700197891818e-05
2026-04-20 01:30:00,-0.001090439471234106,-0.0025770446823771675
2026-04-20 01:35:00,0.00023926759045700408,-0.0024767694536082566
2026-04-20 01:40:00,0.002738239424848743,-0.0021170546443281825
2026-04-20 01:45:00,0.0042489525696058905,-0.005077823130806851
2026-04-20 01:50:00,0.0023139279934802914,0.0002127972903537908
2026-04-20 01:55:00,0.003877157679058385,-0.0022414604517979582
2026-04-20 02:00:00,0.007863736460215875,-0.0023857526030177426
2026-04-20 02:05:00,0.007449815510303992,-0.0031694396411074176
2026-04-20 02:10:00,0.008746799305397346,0.00015936414313680078
2026-04-20 02:15:00,0.007226552845576606,-0.0023445688286643806
2026-04-20 02:20:00,0.0073094418917065695,-0.0009749155491051993
2026-04-20 02:25:00,0.007873965907400304,-0.0020646147243332694
2026-04-20 02:30:00,0.008813114321768012,-0.0012667198914617732
2026-04-20 02:35:00,0.008970974678812027,-0.0019547976979600477
2026-04-20 02:40:00,0.00858415623933162,-0.0029492876921263034
2026-04-20 02:45:00,0.009646410635475888,-0.001767360447745606
2026-04-20 02:50:00,0.010302253779965298,0.0023141719871244385
2026-04-20 02:55:00,0.007314417567448217,-0.006576433542692073
2026-04-20 03:00:00,0.0034842623275856965,-0.0013967303464527323
2026-04-20 03:05:00,0.003158914668331292,-0.0010590277661571895
2026-04-20 03:10:00,0.0015132222217175695,9.551515610465233e-05
2026-04-20 03:15:00,0.0016907196881010833,-0.001499261466502279
2026-04-20 03:20:00,0.0012290234353198315,-0.0013656904856354346
2026-04-20 03:25:00,-0.00033318201625043287,-0.0010574317612654786
2026-04-20 03:30:00,-0.0014131365757652503,-0.0003399963390056332
2026-04-20 03:35:00,-0.0023238052548109067,-0.0007475624895686035
2026-04-20 03:40:00,-0.0020244650519032348,-0.0013523481165860368
2026-04-20 03:45:00,-0.0031147743653718862,-0.0012944571578709506
2026-04-20 03:50:00,-0.0036071778788677733,-0.0012951580086262048
2026-04-20 03:55:00,-0.002171621334127849,-0.00930066976427011
2026-04-20 04:00:00,-0.0018834555299154232,-0.000270770784695572
2026-04-20 04:05:00,-0.002088144603103359,-0.0013931408652734592
2026-04-20 04:10:00,-0.0020473567695518113,-0.003198108584359239
2026-04-20 04:15:00,-0.0017324505159219683,-0.0014268872337528235
2026-04-20 04:20:00,-0.001769021342658661,0.0017400680834961475
2026-04-20 04:25:00,-0.0012858735968013235,-0.0014123848939187201
2026-04-20 04:30:00,-0.0019158112355022183,-0.0068258277727953455
2026-04-20 04:35:00,-0.0005734525020475445,-0.0013648199448961504
2026-04-20 04:40:00,-0.0006694745917492639,-0.0015178157185145767
2026-04-20 04:45:00,-0.0006466564956699727,-0.0014165136680689486
2026-04-20 04:50:00,-0.0008114809345709517,0.0060012416477380655
2026-04-20 04:55:00,-0.001318180018131443,-0.0014098522458948115
2026-04-20 05:00:00,-0.0002920030806219387,-0.0037381828465415682
2026-04-20 05:05:00,0.00023362195484999404,-0.00033889866307140027
2026-04-20 05:10:00,0.00022119969622913516,-0.0014469908280214786
2026-04-20 05:15:00,0.0003442272601485996,-0.002038426004178127
2026-04-20 05:20:00,-0.0002023136765743061,-0.0014097326680762017
2026-04-20 05:25:00,-7.924888742749658e-05,-0.0025301591582033837
2026-04-20 05:30:00,-0.0006324602601015528,-0.0031482469665432156
2026-04-20 05:35:00,-0.0006823154335489079,-0.00338779490261622
2026-04-20 05:40:00,-0.0011752710164305569,-0.0014578781696488485
2026-04-20 05:45:00,0.0001585738373179879,-0.005985057645158233
2026-04-20 05:50:00,-0.0005865953735320062,-0.0014961241590684582
2026-04-20 05:55:00,-0.00041124387236557425,-0.0016507076026693053
2026-04-20 06:00:00,-0.0007282933946015646,-0.0006694453867439758
2026-04-20 06:05:00,-0.0015780084053496068,-1.7513219582663853e-05
2026-04-20 06:10:00,-0.0012715223545729515,-0.0018340241088612645
2026-04-20 06:15:00,-0.0013191374921923682,-0.0014431571304276281
2026-04-20 06:20:00,-0.0013734774930060922,-0.0018036458559137505
2026-04-20 06:25:00,-0.0014254664136839068,-0.0015104671070836075
2026-04-20 06:30:00,0.0011206213212187066,-0.0045505104649674385
2026-04-20 06:35:00,0.0004006819995048261,-0.0015118980646342817
2026-04-20 06:40:00,-0.0013606965687742445,-0.0057010067794014485
2026-04-20 06:45:00,-0.001511646646120468,-0.001452727012122658
2026-04-20 06:50:00,0.0004342389092002463,-0.0034813811384130835
2026-04-20 06:55:00,0.0004258534877887854,-0.0015443812215984395
2026-04-20 07:00:00,8.976107903180264e-05,-0.001043503527587466
2026-04-20 07:05:00,0.0010147197864114332,-0.0014692434780837287
2026-04-20 07:10:00,0.0008770849601340558,-0.001692778523066466
2026-04-20 07:15:00,-8.145950370597177e-05,-0.002344401027590609
2026-04-20 07:20:00,-1.0443984212571422e-05,-0.0013398465915796438
2026-04-20 07:25:00,-0.0002590143266125722,-0.0011339997897648066
2026-04-20 07:30:00,-0.0015487504556812581,0.00376388750495729
2026-04-20 07:35:00,-0.00046539050337379706,-0.0023161885054808298
2026-04-20 07:40:00,0.0019224104581905266,-0.001336445156304778
2026-04-20 07:45:00,0.0003217294867763343,0.004613550634716998
2026-04-20 07:50:00,-0.0007830191738626979,-0.001331760579152311
2026-04-20 07:55:00,0.0012472912665160152,-0.003602840614699599
2026-04-20 08:00:00,0.001522622708838739,-0.0012610747936408085
2026-04-20 08:05:00,0.0008406438199273225,0.0030102805282219204
2026-04-20 08:10:00,0.00127666249412961,-0.001301978636719359
2026-04-20 08:15:00,0.003188671145938571,-0.007960403724378179
2026-04-20 08:20:00,0.0030241937507913264,0.006418445169368302
2026-04-20 08:25:00,0.002364148688219103,-0.001202396443193726
2026-04-20 08:30:00,0.0015258080505038407,0.0019394849840612047
2026-04-20 08:35:00,0.0012329158766881676,-0.0011423954235149157
2026-04-20 08:40:00,0.001560284004483492,-0.004221806246993729
2026-04-20 08:45:00,0.0010772488609553932,-0.001049581256383135
2026-04-20 08:50:00,0.00024019106792749767,-0.001793230976002991
2026-04-20 08:55:00,-0.0016919365857042123,-0.0009729233716442451
2026-04-20 09:00:00,-0.0018817153773955653,0.002542263782385251
2026-04-20 09:05:00,-0.0015629518969255685,-0.0008990609030785108
2026-04-20 09:10:00,-0.001587730786566155,-0.004263559915299767
2026-04-20 09:15:00,-0.0029150770471808585,-0.0009083465804424046
2026-04-20 09:20:00,-0.0027150979787666785,0.003252751078044949
2026-04-20 09:25:00,-0.0012429330645780112,-0.0025141562114990427
2026-04-20 09:30:00,-0.0009056024857354572,-0.00037536478140050874
2026-04-20 09:35:00,-0.0014020127017246864,-0.0006236880421547355
2026-04-20 09:40:00,-0.0011011241754061984,-0.00013496362221911823
2026-04-20 09:45:00,0.0004109693405869308,0.003017404375283762
2026-04-20 09:50:00,0.0011187387805833282,7.204387061200515e-05
2026-04-20 09:55:00,0.0014355137660029271,-0.0009955377228895806
2026-04-20 10:00:00,0.0013480184503702475,8.689377481798418e-05
2026-04-20 10:05:00,0.0014253266003461107,0.006133220030737064
2026-04-20 10:10:00,0.0014021735984552919,0.00011457580663442353
2026-04-20 10:15:00,0.001202091282461737,0.0004950351836071612
2026-04-20 10:20:00,0.000989299368766794,0.0002294036690853375
2026-04-20 10:25:00,0.0001877902930456088,-0.0014174439128581513
2026-04-20 10:30:00,-0.0008291155775399517,-0.0017141691560294769
2026-04-20 10:35:00,-0.00018165437069583845,0.000353757477244216
2026-04-20 10:40:00,-6.886053553145643e-05,0.004586513464297221
2026-04-20 10:45:00,0.00016267216173027066,-0.0005279804985915815
2026-04-20 10:50:00,-0.000373469483644584,-0.0007060019431567398
2026-04-20 10:55:00,-0.0008426972650052988,0.0005570624500470745
2026-04-20 11:00:00,-0.0008219498614412402,0.00028400684184937434
2026-04-20 11:05:00,0.0005045335152704666,0.000644100228440937
2026-04-20 11:10:00,-2.0851078463834938e-06,0.003018925141620652
2026-04-20 11:15:00,0.0011568996799287135,0.0006370170935220723
2026-04-20 11:20:00,0.0009362193480377812,-0.0006604166392140427
2026-04-20 11:25:00,0.0011572615273980347,0.0007290454079953746
2026-04-20 11:30:00,0.002295613258347373,-0.0015068823460663294
2026-04-20 11:35:00,0.0016107699706591205,0.0014331750471642756
2026-04-20 11:40:00,0.0006550264122218152,0.0006886776599381933
2026-04-20 11:45:00,0.0002377040304111233,-0.0008942908829330029
2026-04-20 11:50:00,0.0008448016522386581,0.000632736638108361
2026-04-20 11:55:00,0.0008218469908243264,0.006444544445712642
2026-04-20 12:00:00,-0.00013357850574635677,0.0005760522552723749
2026-04-20 12:05:00,-0.0010531376652558322,-0.00023010839574038285
2026-04-20 12:10:00,-0.0012288845717076669,-0.0004990312784874703
2026-04-20 12:15:00,-0.0025093540268219527,0.0004529677290966066
2026-04-20 12:20:00,-0.0018065005538652201,0.0030476585579517794
2026-04-20 12:25:00,-0.0020756828258541304,-0.0010558792477517087
2026-04-20 12:30:00,-0.0014351843692015365,0.0003251971292951911
2026-04-20 12:35:00,-0.001049209695162645,-0.00028152596915761996
2026-04-20 12:40:00,-2.0854100542422316e-05,0.0009052185417676588
2026-04-20 12:45:00,0.0010918783265481125,9.71404703498231e-05
2026-04-20 12:50:00,0.002172345017754651,0.002319778646361277
2026-04-20 12:55:00,0.0030062875656469146,-8.79805512226368e-05
2026-04-20 13:00:00,0.003949717134878128,0.0016915104052905646
2026-04-20 13:05:00,0.003164411272173595,-0.00010243325554620467
2026-04-20 13:10:00,0.004507552145074811,-0.000931917395913194
2026-04-20 13:15:00,0.0057000384455268005,-3.696437919793957e-05
2026-04-20 13:20:00,0.005006789604772521,-0.0009656247400223115
2026-04-20 13:25:00,0.003614537110195215,4.8753158238947985e-05
2026-04-20 13:30:00,0.0033011790419230636,-0.0005209638777400195
2026-04-20 13:35:00,0.0025886987181387155,0.00010802550600631527
2026-04-20 13:40:00,0.0023163154294980615,-0.0018937087053274545
2026-04-20 13:45:00,0.0009949876759662857,-0.0004839809293390552
2026-04-20 13:50:00,-0.0006347614290689307,0.00024459944277493165
2026-04-20 13:55:00,-0.001375025309293676,0.00016297104817335667
2026-04-20 14:00:00,-0.0013127579680727308,0.00032087093876057086
2026-04-20 14:05:00,0.000700690010775773,0.001983687329724159
2026-04-20 14:10:00,0.0008351216916899773,0.0012110258216372885
2026-04-20 14:15:00,0.00017234809789989924,0.00031161808599287303
2026-04-20 14:20:00,0.0006064420109570534,0.00032310391819970565
2026-04-20 14:25:00,0.0038502801322657376,0.00014806718046090023
2026-04-20 14:30:00,0.003255061769438683,0.0003547310297601535
2026-04-20 14:35:00,0.002851888813626857,0.0003341426764786487
2026-04-20 14:40:00,0.0032633030250455164,0.0004384511942473495
2026-04-20 14:45:00,0.0029603675437961385,-0.0005414177941141774
2026-04-20 14:50:00,0.0036884653245650156,0.0007866768920856341
2026-04-20 14:55:00,0.003030450214419389,0.000522502369438142
2026-04-20 15:00:00,0.002960107261788636,0.002389473977879054
2026-04-20 15:05:00,0.00036989934172382277,-0.0012348348696705567
2026-04-20 15:10:00,-9.137237154988043e-05,0.0007359290700477073
2026-04-20 15:15:00,0.00012457049148828503,0.0006424039878097662
2026-04-20 15:20:00,0.0018564984314313193,0.000303364513708436
2026-04-20 15:25:00,-0.00023424811127981116,-0.00014250970027465735
2026-04-20 15:30:00,-0.0007281969150394474,7.235338109126448e-05
2026-04-20 15:35:00,-0.0007122100718515156,0.00013268246252699502
2026-04-20 15:40:00,-0.0016105870500204844,0.0006420707101865662
2026-04-20 15:45:00,-0.0015195993839807187,0.003173423822401683
2026-04-20 15:50:00,-0.002508754955371728,0.0002128914166711056
2026-04-20 15:55:00,-0.0025850761657046917,6.397742892010806e-05
2026-04-20 16:00:00,-0.004101588561708169,-0.0003221817042079618
2026-04-20 16:05:00,-0.0032506479968219537,0.00017205860946858655
2026-04-20 16:10:00,-0.0034616795404822653,-0.00043427612787112166
2026-04-20 16:15:00,-0.004010647723669436,-0.0004582427651324714
2026-04-20 16:20:00,-0.004480135105593419,0.00032774527911794116
2026-04-20 16:25:00,-0.0032623678484728913,-0.0010637767082519699
2026-04-20 16:30:00,-0.0029160205267810824,-0.00045434371459450646
2026-04-20 16:35:00,-0.0025248494656509024,-0.0014650719109781205
2026-04-20 16:40:00,-0.0028997767481566683,0.0020042691519947396
2026-04-20 16:45:00,-0.002802360641993573,0.0014411983942933524
2026-04-20 16:50:00,-0.0027193790092070458,0.0012655040876082787
2026-04-20 16:55:00,-0.0012117150579733504,-9.147420695880885e-05
2026-04-20 17:00:00,-0.0006421349120895314,0.0028581317487138573
2026-04-20 17:05:00,0.00012714438929961602,-0.002338737285003363
2026-04-20 17:10:00,4.376180657672535e-05,0.00018999291941251763
2026-04-20 17:15:00,-0.00010839407928742162,0.000848418470567299
2026-04-20 17:20:00,-0.0012039360577045244,0.0029959616887057544
2026-04-20 17:25:00,-0.0012425373917519522,-0.0026319117431804428
2026-04-20 17:30:00,-0.000816261982111044,0.002626139460265952
2026-04-20 17:35:00,-0.00041865101259652704,-0.0011891896053957138
2026-04-20 17:40:00,0.0003769886979281267,0.0017310103549991816
2026-04-20 17:45:00,0.0008080185867385126,-0.0013915180142939777
2026-04-20 17:50:00,0.001874789635358809,0.0007522114770795814
2026-04-20 17:55:00,0.001176342128456298,0.0008881250793321972
2026-04-20 18:00:00,0.002624312624471159,-0.0019121182793125676
2026-04-20 18:05:00,0.0024085186146116655,0.002829441437015097
2026-04-20 18:10:00,0.0020899997823917715,0.0008913485058748899
2026-04-20 18:15:00,0.002525445767375345,0.0004959134880942312
2026-04-20 18:20:00,0.002150652634677286,0.0007510410989109836
2026-04-20 18:25:00,0.0016605319597502444,-0.0019070809644143676
2026-04-20 18:30:00,0.001030628493472463,-0.0015702900638465125
2026-04-20 18:35:00,0.002037451082292918,0.0024399060489224303
2026-04-20 18:40:00,0.0015605950906110166,-9.980755092094134e-05
2026-04-20 18:45:00,0.0010839680947540842,0.0007907833827197773
2026-04-20 18:50:00,0.0009111276770621402,-0.0024953961314098604
2026-04-20 18:55:00,0.0003557530611999482,0.0019114577251477247
2026-04-20 19:00:00,0.0008108934618498154,0.0013921129861407802
2026-04-20 19:05:00,0.0010078980569545593,-0.0012109359329494503
2026-04-20 19:10:00,0.0013445317309823679,-0.001879814240811386
2026-04-20 19:15:00,0.0009664336547352548,-0.0007243554197396737
2026-04-20 19:20:00,0.0010787879960076907,0.00194903349840193
2026-04-20 19:25:00,0.0008541618043977905,0.0017687160565892312
2026-04-20 19:30:00,0.0019750033446168658,8.773401364817928e-05
2026-04-20 19:35:00,0.0004946883460448248,-0.0004480589336080075
2026-04-20 19:40:00,0.0010431993498194458,-0.0019781569303662623
2026-04-20 19:45:00,0.0012364935454183268,-0.000377062475248177
2026-04-20 19:50:00,0.001199009765851855,-0.0016974411631209014
2026-04-20 19:55:00,0.001340737731201358,-0.002220934555788159
2026-04-20 20:00:00,0.0013105930387382614,-0.0018554279081260227
2026-04-20 20:05:00,0.0012060636773032485,0.0003666036054972091
2026-04-20 20:10:00,0.0010751550981620284,0.0019528011257104608
2026-04-20 20:15:00,0.0010298341340906347,-0.0002687342009033624
2026-04-20 20:20:00,0.0010547976617960586,0.00019916567631252203
2026-04-20 20:25:00,0.0007205860524344132,-0.0009463181034265549
2026-04-20 20:30:00,-7.269411669064141e-05,-0.0016529306197043264
2026-04-20 20:35:00,-0.00015794111323153004,0.00025333125568214714
2026-04-20 20:40:00,-0.0006108253395709085,8.589937205548183e-06
2026-04-20 20:45:00,-0.0005338945238513304,0.0013272873397457382
2026-04-20 20:50:00,-0.0007915592363492152,-0.0012402280846572694
2026-04-20 20:55:00,6.854757048202487e-05,0.0003781095824564953
2026-04-20 21:00:00,-0.000533584151300559,0.0012044659196138285
2026-04-20 21:05:00,-0.0012039865860611343,0.0007291228507865866
2026-04-20 21:10:00,-0.001257921855060573,0.00037572033799953983
2026-04-20 21:15:00,-0.001142017216999136,-0.0014486076969825548
2026-04-20 21:20:00,-0.0006269306346773362,-0.0002833285183051251
2026-04-20 21:25:00,-0.00027405223773335763,0.001574212603531166
2026-04-20 21:30:00,-0.00011008972323445221,-0.0002436817693316171
2026-04-20 21:35:00,0.0008434488831969844,0.002208298588556515
2026-04-20 21:40:00,0.0010116065568102073,0.0026989482399614856
2026-04-20 21:45:00,0.0010467464589609676,-0.0009145521397066096
2026-04-20 21:50:00,0.0017754598794930132,0.002841012022883248
2026-04-20 21:55:00,0.0013118839452861408,-0.0004947392976092687
2026-04-20 22:00:00,0.0019730481062865124,0.0013472706215095788
2026-04-20 22:05:00,0.002957551164866956,1.0224477594219908e-05
2026-04-20 22:10:00,0.0030403796309190767,0.0014942194754096313
2026-04-20 22:15:00,0.0038133912880056187,-0.0006268506205359947
2026-04-20 22:20:00,0.003192830873926411,-0.0013443808675587543
2026-04-20 22:25:00,0.002710228254226621,-0.0010095271370709929
2026-04-20 22:30:00,0.002899827378765707,-0.0009935920181802036
2026-04-20 22:35:00,0.002791183668179542,0.0029449278536722565
2026-04-20 22:40:00,0.00295003505003244,0.0012962702428141641
2026-04-20 22:45:00,0.002547898844671437,0.0013055161533232793
2026-04-20 22:50:00,0.0016128300157252085,0.0002859501040842325
2026-04-20 22:55:00,0.001436530187699958,0.0008998089820399963
2026-04-21 00:00:00,0.0003978722178121785,0.000283354311328887
2026-04-21 00:05:00,-0.0007976357258172584,-0.0007798693609516946
2026-04-21 00:10:00,-0.0006607968538769882,0.0013872468739586322
2026-04-21 00:15:00,-0.001435313296886065,0.0009927408628167937
2026-04-21 00:20:00,-0.0010396604436522239,-0.0004023825615018996
2026-04-21 00:25:00,-0.0008576862885796288,0.0014924528660007566
2026-04-21 00:30:00,-0.0008309219463296103,-1.462045381427668e-05
2026-04-21 00:35:00,-0.0008431694969726067,0.0013790119179429602
2026-04-21 00:40:00,-0.0012635313441826668,0.0010243679595099303
2026-04-21 00:45:00,-0.0017531866473809998,-0.0003328851496954196
2026-04-21 00:50:00,-0.0014551638072077822,0.0007586591900878006
2026-04-21 00:55:00,-0.0011834848269316467,0.0021165065634681742
2026-04-21 01:00:00,-0.0003274041439649267,0.0024053889994937096
2026-04-21 01:05:00,0.0007748549606514388,-0.00026729684097547696
2026-04-21 01:10:00,0.00052204501959352,-0.0006266513438637394
2026-04-21 01:15:00,0.0006671694857907084,-5.325222549202844e-05
2026-04-21 01:20:00,-7.667114609510861e-05,-0.001156978090536464
2026-04-21 01:25:00,-0.0009123577406722205,0.002636034315931045
2026-04-21 01:30:00,-0.0012175835481453845,-0.0016654102861974052
2026-04-21 01:35:00,-0.0010741540515226689,-0.0005296592654613827
2026-04-21 01:40:00,-0.0003565631496602606,-0.0009988899909171083
2026-04-21 01:45:00,0.0008127334205045855,9.215276205196672e-05
2026-04-21 01:50:00,0.0007299194716967605,0.0013509865385723497
2026-04-21 01:55:00,0.00034420481770425226,-0.0013867962781150007
2026-04-21 02:00:00,-0.0014103058345344976,-0.0016136803740022898
2026-04-21 02:05:00,-0.0020399454796411476,0.001595339232327114
2026-04-21 02:10:00,-0.0028185478570694755,0.0020282580162480613
2026-04-21 02:15:00,-0.002158513641415283,-2.7963667369365956e-05
2026-04-21 02:20:00,-0.0017318463836062392,0.00114596674438984
2026-04-21 02:25:00,-0.0004647929783736515,-0.0002916072607249551
2026-04-21 02:30:00,1.4528473213815118e-05,-0.0007391846975639667
2026-04-21 02:35:00,-0.0012705664241057235,-0.0004507884289249125
2026-04-21 02:40:00,-0.0019467533979753426,-0.0020814018186689222
2026-04-21 02:45:00,-0.002589777228488188,-0.0012777074184628623
2026-04-21 02:50:00,-0.0029810922154673847,-0.0016330771386871745
2026-04-21 02:55:00,-0.0027777507298800685,0.00041378704558274004
2026-04-21 03:00:00,-0.0023438436033647037,0.0016585651872856194
2026-04-21 03:05:00,-0.0021314572398587472,-0.00029817902423792274
2026-04-21 03:10:00,-0.0014923359485639054,-0.001913531722991097
2026-04-21 03:15:00,-0.0021444609664396097,-0.00011291205130197487
2026-04-21 03:20:00,-0.0023588862451937587,0.00035324453882556377
2026-04-21 03:25:00,-0.0021608018330496748,0.000469133797058856
2026-04-21 03:30:00,-0.0029265555731896598,-0.0008076549045887659
2026-04-21 03:35:00,-0.0015155786266891624,-0.0020730235150519683
2026-04-21 03:40:00,-0.001461515932986046,-0.0007709000875573166
2026-04-21 03:45:00,-0.0017968597232478345,0.001063301493234415
2026-04-21 03:50:00,-0.0006405577230488291,0.0018406905470119792
2026-04-21 03:55:00,-0.0005094683236510633,7.9982939719035e-05
2026-04-21 04:00:00,0.0001206508490714242,-0.00028261473606879916
2026-04-21 04:05:00,-0.0010216343916376047,0.0022341453200175844
2026-04-21 04:10:00,-0.00138208391932082,-0.0005383793726297452
2026-04-21 04:15:00,-0.0019823097894100528,-0.0006593244052588919
2026-04-21 04:20:00,-0.0023894923752934005,-0.0008353632702292862
2026-04-21 04:25:00,-0.0018966231854022908,0.0017449541168521165
2026-04-21 04:30:00,-0.0010955025098766669,0.0006338304487010817
2026-04-21 04:35:00,-0.0023892534589275982,0.00024656573767638294
2026-04-21 04:40:00,-0.0023996012180802495,0.001463783690993749
2026-04-21 04:45:00,-0.0017875824068500634,0.0016602904619238592
2026-04-21 04:50:00,-0.0023515332765828845,-0.0009653775735215743
2026-04-21 04:55:00,-0.0021676196226785294,-0.00027384955194309957
2026-04-21 05:00:00,-0.0020342879149986004,0.0004019078168815275
2026-04-21 05:05:00,-0.0019045640264305774,0.0005860345793386298
2026-04-21 05:10:00,-0.0015404421133347057,-0.0008889269567251502
2026-04-21 05:15:00,-0.0009008333316948836,-3.904839614084844e-05
2026-04-21 05:20:00,-0.000423495891846315,-0.0015264865837390084
2026-04-21 05:25:00,-0.0013262324852281182,0.000354184930788228
2026-04-21 05:30:00,-0.001395065365789705,0.0002899429040378026
2026-04-21 05:35:00,-0.00042553991017513226,0.0014489057464262714
2026-04-21 05:40:00,-0.000615408384595284,-0.001443932560612334
2026-04-21 05:45:00,-0.0011642707931471818,0.0011557024469418462
2026-04-21 05:50:00,-0.0011976774004427426,0.0004365854094165178
2026-04-21 05:55:00,-0.001704493117463457,-0.0008851536690336625
2026-04-21 06:00:00,-0.0013661474998407641,-0.0013648951868541087
2026-04-21 06:05:00,-0.0008596999509116188,-0.0016896432295915539
2026-04-21 06:10:00,-0.0008222620599092068,0.0012968200475745883
2026-04-21 06:15:00,-0.0008536207916858274,9.512395174040593e-05
2026-04-21 06:20:00,-0.0006220086906054689,-0.0006296840451306186
2026-04-21 06:25:00,-0.001043871940730412,-0.0018114047247388234
2026-04-21 06:30:00,7.303374892764225e-05,0.0008224895348785593
2026-04-21 06:35:00,0.000642412154505223,0.0006567488089179199
2026-04-21 06:40:00,0.0008989945841886282,0.0013327519852060629
2026-04-21 06:45:00,0.00016909117707974985,0.0006456971251770067
2026-04-21 06:50:00,-0.0002985994039761408,-0.0007293387425907289
2026-04-21 06:55:00,-0.0010612984351752175,0.00011960742422994749
2026-04-21 07:00:00,-0.001781922837762906,-0.0017060269288442557
2026-04-21 07:05:00,-0.0005617080247457551,-0.0014364838903099275
2026-04-21 07:10:00,-0.0009984752150735687,-0.0005810638747879054
2026-04-21 07:15:00,-0.0018098304201501492,-0.0006566448144315902
2026-04-21 07:20:00,-0.0017846810597568208,-0.00019216042471954063
2026-04-21 07:25:00,-0.0016013282318390054,0.0008772254819542031
2026-04-21 07:30:00,-0.002814610659884309,-0.002020996273027727
2026-04-21 07:35:00,-0.0036827760801703135,0.0007639643536304717
2026-04-21 07:40:00,-0.003404169736514362,-0.0015218813030567402
2026-04-21 07:45:00,-0.0026816868257473203,0.00023194901786345796
2026-04-21 07:50:00,-0.002473657243346139,0.0007119148847011183
2026-04-21 07:55:00,-0.0014056550637011611,-0.0007770369318161057
2026-04-21 08:00:00,-0.0016091724187905498,-0.0020084599369360532
2026-04-21 08:05:00,-0.0013753234072861886,-0.0008245813977946899
2026-04-21 08:10:00,-0.00032398751572770834,-0.0016197867851429062
2026-04-21 08:15:00,0.0007799244098709579,-0.0009114156058074251
2026-04-21 08:20:00,0.0006273001209375906,-0.00045671965433472807
2026-04-21 08:25:00,0.0007926225869034909,-0.0005446146710479746
2026-04-21 08:30:00,0.0005773587671029645,-0.0012333343045127644
2026-04-21 08:35:00,0.0008116679803311655,-0.0005653208856367105
2026-04-21 08:40:00,0.0013735045439293714,-0.0024425594050438136
2026-04-21 08:45:00,0.0026441134794392696,-0.0007843925524119359
2026-04-21 08:50:00,0.0026093952983448077,-0.0006924052448202078
2026-04-21 08:55:00,0.001769297511051704,-0.001643745403460481
2026-04-21 09:00:00,0.0023177259855060584,-0.0012363051136705403
2026-04-21 09:05:00,-8.575907770236313e-05,-0.0009573994011882634
2026-04-21 09:10:00,-0.0015335709572656953,0.0013510988167562152
2026-04-21 09:15:00,-0.00023203190020204545,-0.001443623887083524
2026-04-21 09:20:00,0.0007000204023128731,-0.0017585139409258001
2026-04-21 09:25:00,0.0007982614207477923,-0.0016753796022960384
2026-04-21 09:30:00,0.0013604946691270214,-0.0012638264432980248
2026-04-21 09:35:00,0.001322777775035533,-0.0010599002181910526
2026-04-21 09:40:00,0.0011024553713951946,-0.002376160692145949
2026-04-21 09:45:00,-0.00015865858376251651,-0.000460308208388346
2026-04-21 09:50:00,-7.099914595265489e-05,-0.002300111713510156
2026-04-21 09:55:00,0.00011491695173404537,0.000657225023142934
2026-04-21 10:00:00,-0.00010029566334068818,-0.0011455461589852571
2026-04-21 10:05:00,0.0011435465610691864,-0.0007388156163085442
2026-04-21 10:10:00,0.0017279760625790175,-0.0013596132310560857
2026-04-21 10:15:00,0.000800387070608366,-0.002384849469974947
2026-04-21 10:20:00,-0.00035308337208306284,-0.0007670039970408912
2026-04-21 10:25:00,-0.0010972510262909907,-0.001047870873003759
2026-04-21 10:30:00,-0.000727038769818833,-2.5652830971418616e-05
2026-04-21 10:35:00,-0.0010906949350566464,-0.001167190959637548
2026-04-21 10:40:00,-0.0008956523880989664,-0.00033656250507029374
2026-04-21 10:45:00,-0.0009294933051187115,-0.0014456353574420595
2026-04-21 10:50:00,-0.00012739345695145232,-0.00044119523865715287
2026-04-21 10:55:00,-0.0006687928955955158,-0.0011485348724433935
2026-04-21 11:00:00,-0.00044936447035759386,-0.0011515881970418102
2026-04-21 11:05:00,-0.00013581917265170773,-0.0007576197070330779
2026-04-21 11:10:00,-0.00034075646173015173,-0.0010483988217049464
2026-04-21 11:15:00,-0.0008672891489869272,-0.0008004305729919859
2026-04-21 11:20:00,-0.0006124460512566543,-0.0015144438272201807
2026-04-21 11:25:00,0.00021536515454023686,-0.0005050252523323999
2026-04-21 11:30:00,-5.016009431102475e-05,-0.0024308218509407993
2026-04-21 11:35:00,0.0008149993763950647,-0.0009893085612391473
2026-04-21 11:40:00,-0.00027574681603681483,-0.0012935486446598763
2026-04-21 11:45:00,0.00033221029844021643,-0.0012353347225798846
2026-04-21 11:50:00,0.0004405870528234601,-0.0005762066094217635
2026-04-21 11:55:00,0.0014185629351164408,-0.0013705032443607384
2026-04-21 12:00:00,0.0008191548953284666,-0.0011343351449815387
2026-04-21 12:05:00,-0.001011910946200345,-0.0015032369098935197
2026-04-21 12:10:00,-0.0001233699227771723,0.0010179072385810327
2026-04-21 12:15:00,-0.00018609494450494424,-0.0016545907434909095
2026-04-21 12:20:00,-0.0001526473337243317,-0.0017263684980542262
2026-04-21 12:25:00,0.00010243898878670166,-0.00041823914271437194
2026-04-21 12:30:00,0.0006414415311972732,-3.609418951431325e-05
2026-04-21 12:35:00,0.0006160329553175359,-0.00213781171394491
2026-04-21 12:40:00,0.0014092698870697973,-0.00024159158017615672
2026-04-21 12:45:00,0.0019429943033237862,-0.0020867956836743947
2026-04-21 12:50:00,0.0007366621193209966,-0.0005735352156360446
2026-04-21 12:55:00,0.0010787656379527277,1.3399239789983607e-05
2026-04-21 13:00:00,0.0012066127172918328,-0.0014266418918480214
2026-04-21 13:05:00,0.0031369331422013147,-0.0008899656244010362
2026-04-21 13:10:00,0.0019971386564332505,-0.0018535745095640318
2026-04-21 13:15:00,0.00025717825417359563,-0.0007828512274629069
2026-04-21 13:20:00,0.00019446445491411168,-0.001056896526511252
2026-04-21 13:25:00,-0.0010290476779832858,0.0008122041470929662
2026-04-21 13:30:00,-8.772992556949077e-05,4.336277028420371e-05
2026-04-21 13:35:00,-0.0020040191561445653,0.0012383276179748922
2026-04-21 13:40:00,-0.0028958517236734593,-0.0007232569375438937
2026-04-21 13:45:00,-0.0038437241157431856,-0.0023041246889525537
2026-04-21 13:50:00,-0.0027930032267775573,0.0003696443511128796
2026-04-21 13:55:00,-0.0032272411100908727,-0.00023540500800757965
2026-04-21 14:00:00,-0.002883255310019095,0.00045383251355065213
2026-04-21 14:05:00,-0.005794935467418938,-0.00014299884152955126
2026-04-21 14:10:00,-0.005524841245446055,0.0004707892252583775
2026-04-21 14:15:00,-0.003084221732230219,0.0002939844995696877
2026-04-21 14:20:00,-0.002679827331339979,0.0012905700901036142
2026-04-21 14:25:00,-0.0007431621576383662,7.246956585676929e-05
2026-04-21 14:30:00,-0.0024051242807825446,-0.002001466367740232
2026-04-21 14:35:00,0.000890706602444169,-0.0016750987554576336
2026-04-21 14:40:00,0.002100641311058027,-0.0008037904740115196
2026-04-21 14:45:00,0.002255801175049754,0.0007829681097252703
2026-04-21 14:50:00,0.0018851407629689731,0.0013837377668411371
2026-04-21 14:55:00,-0.00014227995278481842,-0.0007072709077446608
2026-04-21 15:00:00,0.00022594615046322986,0.000600533593984382
2026-04-21 15:05:00,0.0026098901527245033,0.0007754199321605956
2026-04-21 15:10:00,0.0028876075151327285,-0.000923051279692781
2026-04-21 15:15:00,0.0019358169785110846,0.0006180774091471638
2026-04-21 15:20:00,0.0005889213792524828,0.001569990780398087
2026-04-21 15:25:00,-0.0002220090572055966,-0.0022940863426732733
2026-04-21 15:30:00,-0.001536029404833883,-0.0002914951927492153
2026-04-21 15:35:00,-0.004908733368480966,0.0008836712808874789
2026-04-21 15:40:00,-0.009214895776066712,0.0003482009801298547
2026-04-21 15:45:00,-0.012778061392131335,0.0008897558005127425
2026-04-21 15:50:00,-0.010615095639389338,-0.0001427560526416219
2026-04-21 15:55:00,-0.008274408036882619,-0.0006920798532680236
2026-04-21 16:00:00,-0.009555089711925646,0.001683561122962415
2026-04-21 16:05:00,-0.00840063044821271,0.0006985066044223204
2026-04-21 16:10:00,-0.006410951185449321,0.0009403435439525334
2026-04-21 16:15:00,-0.004646804641904367,0.0001349397397037447
2026-04-21 16:20:00,-0.004855846627236815,-0.0007247136078859394
2026-04-21 16:25:00,-0.006596841521194108,-0.0008734682959716259
2026-04-21 16:30:00,-0.0050542959693871126,-0.0030796418662206704
2026-04-21 16:35:00,-0.003937240793209895,-0.0006577227454068161
2026-04-21 16:40:00,0.00018332056813363806,-0.00617107320409503
2026-04-21 16:45:00,0.003920120787055836,-0.001519324397945568
2026-04-21 16:50:00,0.0004620423832015774,-0.005120114709936789
2026-04-21 16:55:00,0.0006875867663680424,-0.0006375171577116751
2026-04-21 17:00:00,0.0010659620365967015,0.0001746569097970718
2026-04-21 17:05:00,-0.0011229007476174502,0.00012211347818542092
2026-04-21 17:10:00,-0.00384229161568328,-0.0024418023594782556
2026-04-21 17:15:00,-0.004888232994080255,0.0008189929095796461
2026-04-21 17:20:00,-0.004016713556232787,0.001206484947396244
2026-04-21 17:25:00,-0.004647421061989121,0.0009129140039699061
2026-04-21 17:30:00,-0.004158844476512158,0.0015719486110224237
2026-04-21 17:35:00,-0.003973972679697013,-0.0019348922243431043
2026-04-21 17:40:00,-0.005213494195301038,0.0005573147565089756
2026-04-21 17:45:00,-0.00535097844496768,0.0001841474068224111
2026-04-21 17:50:00,-0.006670698321727286,-0.0008906308890291691
2026-04-21 17:55:00,-0.006723162393376114,-0.00042877596755133603
2026-04-21 18:00:00,-0.005810058025666365,-0.0035680001431335332
2026-04-21 18:05:00,-0.005176975870936573,0.0002784634422838413
2026-04-21 18:10:00,-0.004778579061049726,-0.0007134261949305414
2026-04-21 18:15:00,-0.0065571642164439226,0.00011486967872274165
2026-04-21 18:20:00,-0.005802439220676803,-0.001987507241008278
2026-04-21 18:25:00,-0.004430784057069204,-0.004938988171623169
2026-04-21 18:30:00,-0.004152833411756873,-0.0019328506893937095
2026-04-21 18:35:00,-0.0032844581921249727,-0.006412346766628536
2026-04-21 18:40:00,-0.0007330803898781824,-0.001987646455949525
2026-04-21 18:45:00,-0.0019463715232141965,-0.0012176042566296558
2026-04-21 18:50:00,-0.0005054999778426605,-0.002685801473632676
2026-04-21 18:55:00,0.0001867766390315495,-0.001323183133241436
2026-04-21 19:00:00,-0.00041387259045855274,-0.0008095823510902118
2026-04-21 19:05:00,-0.0004713866285683821,0.0012195675760503818
2026-04-21 19:10:00,-0.0006608367368219348,-0.0011521651058729696
2026-04-21 19:15:00,-0.001115152352996418,-0.000505208974649428
2026-04-21 19:20:00,-0.0018493439463167505,-0.0003735139120142319
2026-04-21 19:25:00,-0.000581044555644894,-0.005345596516429779
2026-04-21 19:30:00,-0.0005931532433258724,-0.003972840349369024
2026-04-21 19:35:00,-0.0014644107302164144,-0.001568992380198796
2026-04-21 19:40:00,-0.0031758189134425407,-0.0011192776561676871
2026-04-21 19:45:00,-0.0021160431954019288,-0.0007746165254361593
2026-04-21 19:50:00,0.00044391911205998724,0.0005113005081180507
2026-04-21 19:55:00,-0.0003353738813398621,-0.004460944982699599
2026-04-21 20:00:00,-0.0001337493009341273,-0.0035015969486762817
2026-04-21 20:05:00,0.0002760641760559679,-0.0008656015283764092
2026-04-21 20:10:00,0.000960300571367867,0.00030895405012118645
2026-04-21 20:15:00,0.002267304581533125,-0.0032369476982838695
2026-04-21 20:20:00,0.0042341781329913175,-0.0033769092687131893
2026-04-21 20:25:00,0.0036275927790967444,-0.003262481277783457
2026-04-21 20:30:00,0.0016934877030436724,0.00120353552563553
2026-04-21 20:35:00,-6.593829666812212e-05,-0.006013333732790196
2026-04-21 20:40:00,-0.006745899014841683,-0.004604666904544049
2026-04-21 20:45:00,-0.003944458852139121,-0.0004620930080214203
2026-04-21 20:50:00,-0.006004258706319376,-0.0010858781957693868
2026-04-21 20:55:00,-0.006744030298269976,-0.002861385060537157
2026-04-21 21:00:00,-0.007268404563093966,0.0007780538171343342
2026-04-21 21:05:00,-0.006095359195041894,-0.000954099307438076
2026-04-21 21:10:00,-0.0023066982044834816,-0.0014303696660072703
2026-04-21 21:15:00,-0.0007566145686208614,-0.004777089622927322
2026-04-21 21:20:00,-0.001025015342948521,-0.0027764663036606045
2026-04-21 21:25:00,-0.0018174642890151915,0.0002143123015408823
2026-04-21 21:30:00,4.670555966868051e-05,-0.0011916579669313237
2026-04-21 21:35:00,0.002129098041550037,-0.0025530061650297186
2026-04-21 21:40:00,0.008536721689019089,-0.003852362677855593
2026-04-21 21:45:00,0.006495477934455707,-0.003352029684185447
2026-04-21 21:50:00,0.007748289768635175,-0.0044415212123767814
2026-04-21 21:55:00,0.008794843229882332,0.00013424427354132357
2026-04-21 22:00:00,0.010655450560953739,-0.002811368674062869
2026-04-21 22:05:00,0.008472725087553812,0.0036221929282730645
2026-04-21 22:10:00,0.004966076832879196,-0.004874833185180472
2026-04-21 22:15:00,0.00366085830906826,0.0042177959733263395
2026-04-21 22:20:00,0.0018391853374186695,-0.0028990983955834043
2026-04-21 22:25:00,0.0028881361477157697,-0.002618989715586709
2026-04-21 22:30:00,0.0015527788734690517,-0.005584224283269796
2026-04-21 22:35:00,0.001594913582867008,-0.002208869846351647
2026-04-21 22:40:00,0.0012027020880704953,-0.0032229624179465877
2026-04-21 22:45:00,0.0005471643029117956,-0.00118260702780647
2026-04-21 22:50:00,0.000320045105775435,-0.004206705633682416
2026-04-21 22:55:00,-0.00011865010099221251,-0.0029095579089291118
2026-04-22 00:00:00,-0.0008319212673697507,0.005221205149822618
2026-04-22 00:05:00,0.0009104267777697572,-0.0006084675616530031
2026-04-22 00:10:00,0.0012847391916093187,0.00018209195987214298
2026-04-22 00:15:00,0.002310574227855966,-0.0039013629577714466
2026-04-22 00:20:00,0.0030134400118306814,-0.0016139028886630847
2026-04-22 00:25:00,0.002319739773321672,-0.003489558366305246
2026-04-22 00:30:00,0.003125812700293551,-0.002635443896615054
2026-04-22 00:35:00,0.0025250213692338264,-0.003419648478853218
2026-04-22 00:40:00,0.003039541752556829,-0.0028356316443395573
2026-04-22 00:45:00,0.00458819742766714,-0.0042403588172532265
2026-04-22 00:50:00,0.004288457781711941,-0.005929445789828087
2026-04-22 00:55:00,0.004161280775809573,0.00036431109279092086
2026-04-22 01:00:00,0.004500619299729891,-0.0033471516280520557
2026-04-22 01:05:00,0.004192072468777397,-0.005998577423071777
2026-04-22 01:10:00,0.00329424881854834,-0.00043724574042958457
2026-04-22 01:15:00,0.002450730693302816,-0.002733876113608047
2026-04-22 01:20:00,0.0019104339750057875,0.004268222587287537
2026-04-22 01:25:00,0.002582204922145337,-0.002788032935573059
2026-04-22 01:30:00,0.002633579643193329,-0.0014775317598426992
2026-04-22 01:35:00,0.003009831708155275,-0.0011390794684800012
2026-04-22 01:40:00,0.0021934763981441563,-0.0007778170951815798
2026-04-22 01:45:00,0.0011495648212491716,0.0011948159912862635
2026-04-22 01:50:00,0.0001687934647183198,-0.004227498599386653
2026-04-22 01:55:00,-1.6880771113392257e-05,-0.0020337609785308183
2026-04-22 02:00:00,-0.0006875157123520381,0.0016191320426714915
2026-04-22 02:05:00,-0.0012526124085958656,0.005185789611384684
2026-04-22 02:10:00,-0.0010335634810854089,0.0004173337258835818
2026-04-22 02:15:00,-0.0005377597060771677,0.0052225698411406
2026-04-22 02:20:00,0.0009338338349103026,-0.0025898716819683486
2026-04-22 02:25:00,0.0009315874121167411,-0.003153266910977638
2026-04-22 02:30:00,0.0006720550706056372,-0.0026896523165441514
2026-04-22 02:35:00,0.0013521057628924638,0.0004697434716571406
2026-04-22 02:40:00,0.0016309023725185057,0.0009193502237398533
2026-04-22 02:45:00,0.0019838434932211158,-0.0036609067723583177
2026-04-22 02:50:00,0.0029913525935629792,0.0010999168986476496
2026-04-22 02:55:00,0.0029477010223928346,-0.0002072715061500975
2026-04-22 03:00:00,0.0026525521860314427,-0.004300244733719569
2026-04-22 03:05:00,0.003067590472275228,0.0006040008207571578
2026-04-22 03:10:00,0.0036779926698695675,-0.0012792947585770415
2026-04-22 03:15:00,0.0036069385740447046,-0.004141553818269154
2026-04-22 03:20:00,0.0019996428356066076,0.00016949459477004735
2026-04-22 03:25:00,0.001911040414579901,-0.0005868527005032889
2026-04-22 03:30:00,0.0017843357769589119,0.0002735509650865677
2026-04-22 03:35:00,0.00045029596146939355,0.004150911086661641
2026-04-22 03:40:00,0.00037889871438423484,0.005811592153419847
2026-04-22 03:45:00,-0.000284067298505164,0.00446884181122527
2026-04-22 03:50:00,0.0002755125128501845,-0.0006188348622097807
2026-04-22 03:55:00,0.0005615844822166594,0.0008267870530504421
2026-04-22 04:00:00,0.0013646166946053029,1.2404367177783387e-05
2026-04-22 04:05:00,0.0012382730933389041,0.0017822033139977802
2026-04-22 04:10:00,0.0003784064508796092,0.0011282094636386967
2026-04-22 04:15:00,0.0001387114132302969,0.005403413016573306
2026-04-22 04:20:00,0.0008953850438349065,-0.0001648002545293459
2026-04-22 04:25:00,0.0015295663048657815,0.0018065836925206908
2026-04-22 04:30:00,0.0009497854241136139,0.0016367237124815376
2026-04-22 04:35:00,0.001015577531376266,-0.0006889474790134124
2026-04-22 04:40:00,0.001667551997980965,0.00065152258886956
2026-04-22 04:45:00,0.0015267018011613231,0.0008067265758184532
2026-04-22 04:50:00,0.000609643314486874,0.0003632514771079856
2026-04-22 04:55:00,0.000542355222322044,0.001977249915441738
2026-04-22 05:00:00,-1.2607346301152234e-05,0.005180554720742303
2026-04-22 05:05:00,-0.00024164765997802817,0.002994560886887227
2026-04-22 05:10:00,-4.203809072045317e-05,-0.002779673780207384
2026-04-22 05:15:00,-0.00040147516385502513,0.0045706670321935434
2026-04-22 05:20:00,-0.0007734310035356629,0.0015345078771729966
2026-04-22 05:25:00,-0.0015043346997565266,-0.0019077334397006246
2026-04-22 05:30:00,-0.0012883119538429355,0.0005117523891280585
2026-04-22 05:35:00,-0.000939846729099969,-0.0006733660470742538
2026-04-22 05:40:00,-0.0006284225854660264,0.0027537991244994025
2026-04-22 05:45:00,-0.0002416776221441097,-0.0015087233665875789
2026-04-22 05:50:00,-0.0007379259570754471,-0.0017508790696080948
2026-04-22 05:55:00,-0.0007547527176718916,0.0011515218224048814
2026-04-22 06:00:00,-0.001238395458674546,0.000590759676915032
2026-04-22 06:05:00,-0.0005717817463111174,-0.0006725414487483348
2026-04-22 06:10:00,-0.00015345402978361733,0.002770517784977298
2026-04-22 06:15:00,0.002712600551406652,0.0029557662100236017
2026-04-22 06:20:00,0.002656166752030842,0.0036180970588137375
2026-04-22 06:25:00,0.002138166654773954,0.00237336617959499
2026-04-22 06:30:00,0.002230901204848479,0.004788968703207946
2026-04-22 06:35:00,0.002592422087900559,0.00013146546573517294
2026-04-22 06:40:00,0.002307881522785493,-0.0003595164274919526
2026-04-22 06:45:00,0.002386894005404372,-0.0004567315250183214
2026-04-22 06:50:00,0.002789062306227663,0.0028000117164117917
2026-04-22 06:55:00,0.0027576548650660726,-0.0009977383846816363
2026-04-22 07:00:00,0.0012194841411972135,0.002522756104967054
2026-04-22 07:05:00,0.0010592197231780176,0.00025610800891622166
2026-04-22 07:10:00,0.0012668667755288965,0.0008402873059078043
2026-04-22 07:15:00,-0.0011874318254854188,0.0002511602837285466
2026-04-22 07:20:00,-0.0011182996298852999,0.0021567031729362997
2026-04-22 07:25:00,0.00018042172578169868,0.0012503717023190266
2026-04-22 07:30:00,2.7277772709055625e-05,0.002810645890975177
2026-04-22 07:35:00,-0.00029167947779917824,-0.0004270285382566814
2026-04-22 07:40:00,-0.0007910936284680758,0.0014863817630904122
2026-04-22 07:45:00,-0.0006586081792221421,-5.778444602881982e-05
2026-04-22 07:50:00,-0.0002957590068106697,0.0002551032419711288
2026-04-22 07:55:00,-4.824083503685017e-05,0.003745490436258821
2026-04-22 08:00:00,0.002107460220855728,0.0007996684723838532
2026-04-22 08:05:00,0.0018781949253092733,0.0013880810049581237
2026-04-22 08:10:00,0.0005772260356966541,-0.00041361741928168724
2026-04-22 08:15:00,3.1487236650917794e-05,0.005166939519222337
2026-04-22 08:20:00,0.0005309810786968683,0.0009323848293436532
2026-04-22 08:25:00,-0.0001720292957543279,0.0008867757744890468
2026-04-22 08:30:00,-0.00027700889333637235,0.0002200098792670378
2026-04-22 08:35:00,-5.2469365773077925e-05,0.002130166560290042
2026-04-22 08:40:00,3.988441915758756e-05,0.0018150957915695847
2026-04-22 08:45:00,-0.0010013278400720083,0.00031097247092883013
2026-04-22 08:50:00,-0.001318344702916363,0.0002794231644182408
2026-04-22 08:55:00,-0.0012886816095765141,0.0017007219485195796
2026-04-22 09:00:00,-0.0019813915258577453,0.0020705389757843294
2026-04-22 09:05:00,-0.0020357458697333186,0.0010551788071254684
2026-04-22 09:10:00,-0.0015792417043432039,0.0020025019622041734
2026-04-22 09:15:00,-0.001043805258142072,9.112989802470401e-05
2026-04-22 09:20:00,-0.0023926898913515515,0.0021531177091823543
2026-04-22 09:25:00,-0.00252510002431805,0.0027126390301886382
2026-04-22 09:30:00,-0.002431314495622061,0.0020452093650556464
2026-04-22 09:35:00,-0.0024039483380988713,0.00011211832780982536
2026-04-22 09:40:00,-0.001615541478873439,0.0010122793772065688
2026-04-22 09:45:00,-0.0012041801000108876,-0.0005285554371902912
2026-04-22 09:50:00,-0.0006367024492774931,0.001548571383666931
2026-04-22 09:55:00,-0.0009076908507292814,0.002429537237064649
2026-04-22 10:00:00,7.773444028380538e-05,0.0025727420164905375
2026-04-22 10:05:00,0.00021216281159652794,-0.0001372204992063361
2026-04-22 10:10:00,0.0005673019900562792,0.0013406431171144825
2026-04-22 10:15:00,0.00030044194605594043,0.0017200217803895674
2026-04-22 10:20:00,0.0013262448098139146,0.001980039901228932
2026-04-22 10:25:00,0.000498382370524908,0.0008027542496580212
2026-04-22 10:30:00,0.0006625253816032739,0.0006815218787522344
2026-04-22 10:35:00,0.0011921897224773659,0.0027435697990743344
2026-04-22 10:40:00,0.0004897700175785502,0.0018100615340617611
2026-04-22 10:45:00,0.00051085032460918,-4.583130079192356e-06
2026-04-22 10:50:00,-0.0005508750010534413,-0.00025666314851573163
2026-04-22 10:55:00,-0.00034690503244583226,0.002353064776175921
2026-04-22 11:00:00,-0.002233594427208274,0.0005580586078983433
2026-04-22 11:05:00,-0.002591045522571278,0.0015048267247191795
2026-04-22 11:10:00,-0.002546973666188279,-0.0016019891042956685
2026-04-22 11:15:00,-0.0013495448911484687,0.0013361811008135679
2026-04-22 11:20:00,-0.002197352497189442,0.0010208138448907676
2026-04-22 11:25:00,-0.0003763924198221247,-0.00041224355744118665
2026-04-22 11:30:00,0.0004792684941179459,0.0003455499077011286
2026-04-22 11:35:00,-0.000313153829392121,0.002463721356362759
2026-04-22 11:40:00,-0.000401467569020042,0.0016377563186533428
2026-04-22 11:45:00,-0.00018496915481946985,0.00011690043462560862
2026-04-22 11:50:00,0.000576098650748591,0.0015671821559345403
2026-04-22 11:55:00,0.0008092579546605805,0.00028285780388372843
2026-04-22 12:00:00,0.0018154380285224647,0.0004782178107832006
2026-04-22 12:05:00,0.0017000795220649678,-4.213262764019736e-05
2026-04-22 12:10:00,0.0018346428540265691,0.00011963825595341567
2026-04-22 12:15:00,0.0012928250023040988,0.0012090534766982849
2026-04-22 12:20:00,0.0014388128491855667,0.00029606468954832487
2026-04-22 12:25:00,0.0006013191356526448,0.0006208901132265867
2026-04-22 12:30:00,-0.00021438119580707848,0.00029960204637970536
2026-04-22 12:35:00,-0.00046255414810758566,0.0020657218338605184
2026-04-22 12:40:00,-0.0016306472652534154,-0.0017082076387197635
2026-04-22 12:45:00,-0.0010810720912211025,0.0002469738387763751
2026-04-22 12:50:00,-0.0013735124634344231,0.00028833937121018393
2026-04-22 12:55:00,-0.0017244030374587993,0.0016502625342527048
2026-04-22 13:00:00,-0.000250136893447106,0.00011066808888247948
2026-04-22 13:05:00,-0.000868615181344623,-0.0001168563688469018
2026-04-22 13:10:00,-0.0010536666362099822,0.0022251626596510236
2026-04-22 13:15:00,-0.002627342900613172,0.000238881877427459
2026-04-22 13:20:00,-0.0010915412951284509,0.0008602763159216388
2026-04-22 13:25:00,-0.0011167228817399177,-0.0006327296066857246
2026-04-22 13:30:00,-0.0009189969070728665,0.000463832640197043
2026-04-22 13:35:00,-0.0009615355009824356,-4.6954172297442127e-05
2026-04-22 13:40:00,-0.00041492421909872235,0.00040765624496123934
2026-04-22 13:45:00,-0.0016301260954847407,-0.0004911193682870814
2026-04-22 13:50:00,-0.000975013001953684,-0.00021496936529875166
2026-04-22 13:55:00,-0.0013648055059469755,0.0006658922861903357
2026-04-22 14:00:00,-0.0032131958067385114,7.757519993844003e-05
2026-04-22 14:05:00,-0.0018259190738572073,0.00028310687558501116
2026-04-22 14:10:00,-0.0020558455583543633,-5.6899559116184786e-05
2026-04-22 14:15:00,-0.0008070472729251321,9.116513931174352e-05
2026-04-22 14:20:00,-0.0009537073725702783,-0.00024093945335736024
2026-04-22 14:25:00,-0.00039988382855504767,-0.001492204910737094
2026-04-22 14:30:00,-0.0017878374987603252,-0.0001463766037054864
2026-04-22 14:35:00,-0.00034738999929295744,0.0016551927594265921
2026-04-22 14:40:00,0.0018269035496611963,-0.0006225267632630531
2026-04-22 14:45:00,0.0026565416609134473,-8.065731121449132e-05
2026-04-22 14:50:00,0.001841828540246837,-0.00039563469447170216
2026-04-22 14:55:00,0.0018382609715761333,-0.000989046403763261
2026-04-22 15:00:00,0.0007568514919089608,-0.0015775319077572772
2026-04-22 15:05:00,0.0005542355432126556,-0.0014209585316625345
2026-04-22 15:10:00,0.0006365842202971095,-0.00013790030293250435
2026-04-22 15:15:00,0.0006743401205522304,-7.774031101850725e-05
2026-04-22 15:20:00,-0.000469819381001102,-0.001858595916388179
2026-04-22 15:25:00,-0.0013481548122467046,-0.0005564050303768429
2026-04-22 15:30:00,-0.0017361426773998545,-0.001164762732903171
2026-04-22 15:35:00,-0.0024076736690243905,0.0014014373145749357
2026-04-22 15:40:00,-0.004698174165207902,0.0013647608993399302
2026-04-22 15:45:00,-0.004050784571479227,-0.0006568961533416381
2026-04-22 15:50:00,-0.0037060528544827775,0.0007760359915406074
2026-04-22 15:55:00,-0.003570115173543442,0.00046521731638570504
2026-04-22 16:00:00,-0.0019343773467763725,0.00010814386830302743
2026-04-22 16:05:00,-0.0021491120252221663,0.0014625760609548568
2026-04-22 16:10:00,-0.0016513190576024073,0.0004940430578882962
2026-04-22 16:15:00,-0.0028099387307793933,0.0008527316734529734
2026-04-22 16:20:00,-0.002360862694999355,0.0003509731853202282
2026-04-22 16:25:00,-0.0018799159469065074,-0.00043026179514938165
2026-04-22 16:30:00,-0.0006483981941070027,-0.0015629249865553496
2026-04-22 16:35:00,-0.001969236606624847,-0.0010345938157677698
2026-04-22 16:40:00,-0.0013022762073706673,-0.00013974364666771182
2026-04-22 16:45:00,-0.0019522507785083576,-0.0005420867378516573
2026-04-22 16:50:00,-0.002106703029445711,0.00015355461718926508
2026-04-22 16:55:00,-0.0016862163239252936,-0.00016809874590028857
2026-04-22 17:00:00,-0.0011197239466156361,-0.00042788232941663577
2026-04-22 17:05:00,-0.0005617657331260517,-1.0240899461492914e-05
2026-04-22 17:10:00,-0.0015758280581295026,-0.0009413245661711159
2026-04-22 17:15:00,-0.001750706649900735,0.00041688629363606495
2026-04-22 17:20:00,-0.0019367312518152602,0.00015856761060905277
2026-04-22 17:25:00,-0.0016697776312266654,-0.0006595222648660553
2026-04-22 17:30:00,-0.0009490664879212574,-0.0018523297345361934
2026-04-22 17:35:00,0.0006237294358300005,-0.0006396838010576194
2026-04-22 17:40:00,0.0002432485324543876,-0.0004285458806904499
2026-04-22 17:45:00,0.0003510100031594021,-0.002354371838940247
2026-04-22 17:50:00,0.0005625034511780314,-0.0006484441571213118
2026-04-22 17:55:00,8.036052272508698e-05,-0.0005673573173546175
2026-04-22 18:00:00,0.001098608680489832,-0.00015489268862109434
2026-04-22 18:05:00,0.0006293253122553466,-0.0006130917329949493
2026-04-22 18:10:00,0.0011050296873040821,-0.00013902533901604482
2026-04-22 18:15:00,0.0017823941017773848,0.0004374908016908282
2026-04-22 18:20:00,0.0022809751488441776,-5.653133626986888e-05
2026-04-22 18:25:00,0.0016993434987018219,-0.0019398793924406165
2026-04-22 18:30:00,0.0017452490775315965,-0.0018716162304657721
2026-04-22 18:35:00,0.0009697078010084681,9.001935257977268e-05
2026-04-22 18:40:00,0.0017834243507142133,-0.00044917780591888397
2026-04-22 18:45:00,0.0014365875915771653,-0.0013297416345758593
2026-04-22 18:50:00,0.0014386531113377288,-0.0019524404765667639
2026-04-22 18:55:00,0.0017662996398666309,0.0004027227026433715
2026-04-22 19:00:00,0.0002132437014097377,-0.0014140037720434006
2026-04-22 19:05:00,0.00010977458222782843,-0.0016034407000316937
2026-04-22 19:10:00,-4.223409938219902e-06,-8.663086023326905e-05
2026-04-22 19:15:00,-0.00018380119944971796,0.0006159874157096721
2026-04-22 19:20:00,-0.0006843803140252902,-0.0016190644892132464
2026-04-22 19:25:00,-0.0009676799889692944,0.00023811020710112765
2026-04-22 19:30:00,-0.000777168190428057,-0.0015386421666309597
2026-04-22 19:35:00,0.0005214364319314768,-0.00038485568544304247
2026-04-22 19:40:00,0.000590955444385699,-0.0010864757921728687
2026-04-22 19:45:00,0.0021657651114406207,-3.9130519649183655e-05
2026-04-22 19:50:00,0.0010359841878759823,-0.0017339206680476765
2026-04-22 19:55:00,0.0009895381943145765,-0.0005140594709613653
2026-04-22 20:00:00,0.0010571015094900105,-0.0003396865337202317
2026-04-22 20:05:00,0.0006309701005022816,0.0006727915515093868
2026-04-22 20:10:00,0.0006776290841834509,-0.001768774483687086
2026-04-22 20:15:00,0.0017373667964903916,0.00029070840970685604
2026-04-22 20:20:00,0.001967386776332347,-0.002047687319600002
2026-04-22 20:25:00,0.002976111008278437,-0.0004087236973094195
2026-04-22 20:30:00,0.0017730875357653275,-0.000263996534082269
2026-04-22 20:35:00,0.00041568767894695213,0.000234354173432062
2026-04-22 20:40:00,-2.742948775669163e-05,-0.0006627762374709159
2026-04-22 20:45:00,-0.0016887675696981574,2.9561441994888552e-05
2026-04-22 20:50:00,-0.00025942279628310416,0.000478135299601748
2026-04-22 20:55:00,-0.0003205959737826447,-0.001144268832207109
2026-04-22 21:00:00,-0.0005168062334277579,-0.002047525219139935
2026-04-22 21:05:00,-0.0005022114289019441,0.00043782758189206183
2026-04-22 21:10:00,-0.0005488231048751402,0.0009578567664831925
2026-04-22 21:15:00,-0.0009221384557385193,0.00032301214916145176
2026-04-22 21:20:00,-0.0012998991032393548,-0.0003625289023757209
2026-04-22 21:25:00,-0.0016389314125806465,-7.169756716696811e-05
2026-04-22 21:30:00,-0.0005885697398255729,-6.673025510079159e-05
2026-04-22 21:35:00,-0.0004811161988396151,-0.002253943227837751
2026-04-22 21:40:00,-0.0003650948284672495,-2.8430161134636875e-06
2026-04-22 21:45:00,-4.642339402138873e-05,0.000517753004141905
2026-04-22 21:50:00,-0.00042196942191807807,-0.0005751945971062785
2026-04-22 21:55:00,-0.00010759141852823007,-5.318573575647566e-06
2026-04-22 22:00:00,0.000525241670699117,-0.001701843956899786
2026-04-22 22:05:00,0.0002068234874439412,-0.0005534242310679921
2026-04-22 22:10:00,8.445393148726055e-05,-0.0005324537474119688
2026-04-22 22:15:00,-7.811485632380766e-05,-0.00031116962051906655
2026-04-22 22:20:00,-8.86910469084512e-05,0.0009749524671417507
2026-04-22 22:25:00,-0.0008067411896650611,-0.001368034687137006
2026-04-22 22:30:00,-0.0009711587742167183,-0.000805867256307154
2026-04-22 22:35:00,-0.0014447389943743616,-0.0011667589477756266
2026-04-22 22:40:00,-0.0015948949852511163,-0.0006062118398023147
2026-04-22 22:45:00,-0.0018333359589775,0.0009289466541027758
2026-04-22 22:50:00,-0.0016262467072731823,-0.0012694955595887558
2026-04-22 22:55:00,-0.002864919814999922,0.00021519275943449024
2026-04-23 00:00:00,-0.003646516297465041,0.0003997799070324268
2026-04-23 00:05:00,-0.0026349195768347045,0.0009163469728901033
2026-04-23 00:10:00,-0.0021917759087273225,-0.0013442236072473018
2026-04-23 00:15:00,-0.0015445486956906507,-0.002220221395033151
2026-04-23 00:20:00,-0.0017416267895189463,-0.0015981514514503566
2026-04-23 00:25:00,-0.0010400087182027562,-0.00040514550256627016
2026-04-23 00:30:00,-0.0014267795150590956,-0.0018066265038544024
2026-04-23 00:35:00,-0.001194964372579932,-7.777807982888067e-05
2026-04-23 00:40:00,-0.0011676807635616626,-0.002314852622261478
2026-04-23 00:45:00,-0.0004419394234300711,-0.0006075829227434204
2026-04-23 00:50:00,-0.00067450633030397,-0.00024706770475464403
2026-04-23 00:55:00,0.00033001066487869934,0.00037624137413916526
2026-04-23 01:00:00,-0.0007008250331050903,-0.0017271184058792485
2026-04-23 01:05:00,-0.002257982798067104,0.000223702903274593
2026-04-23 01:10:00,-0.005876134595887095,5.6463511371323593e-05
2026-04-23 01:15:00,-0.0013097689675589663,0.0008457439858805846
2026-04-23 01:20:00,0.00012691992850299982,0.0011926209941480958
2026-04-23 01:25:00,0.002817355409749922,-0.0005430970218519714
2026-04-23 01:30:00,0.004082560243459099,0.00024068258038754608
2026-04-23 01:35:00,0.004282562310377713,-0.0021035100795900206
2026-04-23 01:40:00,0.004203186665019842,-0.0008963226021876782
2026-04-23 01:45:00,0.0041178943615598484,-0.0016743488443388304
2026-04-23 01:50:00,0.004267720021449151,0.00016540699077728825
2026-04-23 01:55:00,0.004075947769184296,-0.0009755297365379776
2026-04-23 02:00:00,0.004927107100362704,-0.00043941027947222975
2026-04-23 02:05:00,0.005953782878588498,-0.002296931822848542
2026-04-23 02:10:00,0.008186134027432956,-0.0026380787018625007
2026-04-23 02:15:00,0.002431969528078781,-0.000826545448666029
2026-04-23 02:20:00,0.0012894390402315992,0.002236633272971677
2026-04-23 02:25:00,-0.0026862378224628003,-0.0010827166509270489
2026-04-23 02:30:00,-0.0036173121521017038,-0.0009280620581749375
2026-04-23 02:35:00,-0.0027494602279940494,0.001885178396114193
2026-04-23 02:40:00,-0.0021627515242883533,-0.001918343781737581
2026-04-23 02:45:00,-0.0028412435782687595,-0.0008136185038470672
2026-04-23 02:50:00,-0.0048135784926355285,0.004212587608085809
2026-04-23 02:55:00,-0.005066306664748055,0.00019639402177734543
2026-04-23 03:00:00,-0.0050414877083131415,-0.0001385190210082827
2026-04-23 03:05:00,-0.006155257888416088,0.0027556311178053685
2026-04-23 03:10:00,-0.006344669521933355,0.0002700664779867351
2026-04-23 03:15:00,-0.0049823666670540945,-0.00045865191820115993
2026-04-23 03:20:00,-0.003803336150779657,-0.0012380906122479978
2026-04-23 03:25:00,-0.0031027872650941646,0.0021446836954409783
2026-04-23 03:30:00,-0.0036728847560976163,-0.0016992306850477587
2026-04-23 03:35:00,-0.0044535485403685016,-2.4834369066209617e-05
2026-04-23 03:40:00,-0.006911993740917666,0.004292698579067241
2026-04-23 03:45:00,-0.005906534042853906,-0.0012493945380561303
2026-04-23 03:50:00,-0.004692264901477117,0.002774247500057987
2026-04-23 03:55:00,-0.005085720880888545,0.0031482668134872552
2026-04-23 04:00:00,-0.0025749048107623906,0.0028321852518078832
2026-04-23 04:05:00,-0.002337955450414597,-0.00034310434999414364
2026-04-23 04:10:00,-0.0010904349960139115,0.002136853674849272
2026-04-23 04:15:00,-0.0021781755507959133,0.002037708776376799
2026-04-23 04:20:00,-0.0023820605249831317,4.1078239253654095e-05
2026-04-23 04:25:00,-0.0023254515641681905,-0.0025504733681661483
2026-04-23 04:30:00,-0.0019286818726591548,-0.0016807325635723055
2026-04-23 04:35:00,-0.0018822475252076032,-0.002088280818228443
2026-04-23 04:40:00,0.0008185350805955949,0.0003282673350707712
2026-04-23 04:45:00,0.00011048479464292882,-2.24481187262089e-06
2026-04-23 04:50:00,0.0005739259240442607,0.0011366544759583833
2026-04-23 04:55:00,0.0010166644500806399,-0.0016207623857986229
2026-04-23 05:00:00,-0.0012325295826709493,7.024564283119081e-05
2026-04-23 05:05:00,0.00013817836297747021,-0.0006790791788219308
2026-04-23 05:10:00,0.0009395879684230835,-0.00021869563835723147
2026-04-23 05:15:00,0.0008718396367406456,-0.001843243828602453
2026-04-23 05:20:00,-0.00010203300776723268,0.00015678685982277552
2026-04-23 05:25:00,0.0004931501125557958,-0.001020949688364155
2026-04-23 05:30:00,0.0005866449181155531,-0.0016787724262579274
2026-04-23 05:35:00,0.00014671314735537067,0.000287129407617922
2026-04-23 05:40:00,-0.0007845046914543019,0.0018615525842929606
2026-04-23 05:45:00,-0.0009522696832959809,-0.002558899254293501
2026-04-23 05:50:00,-0.0006589800078611319,0.0010728973945216714
2026-04-23 05:55:00,8.077836334763333e-05,-0.0025280053562371525
2026-04-23 06:00:00,0.0009011709455180039,-0.0023138212286197887
2026-04-23 06:05:00,0.0011917927054270194,0.0015221672540963295
2026-04-23 06:10:00,0.0003080436596576419,-0.0012740066709736272
2026-04-23 06:15:00,0.000480250249355052,0.0036238862596787887
2026-04-23 06:20:00,0.0005100609633412745,0.0005615809425260453
2026-04-23 06:25:00,5.312666354129192e-05,0.0010442297662422724
2026-04-23 06:30:00,-1.4874422687327638e-05,-0.0012957882306946834
2026-04-23 06:35:00,-9.780637322620578e-05,-0.0024896376226609352
2026-04-23 06:40:00,1.0634259115960276e-05,-0.0011751123085450264
2026-04-23 06:45:00,0.0018357088673379707,-0.0017847698460383235
2026-04-23 06:50:00,0.0019968609194283005,0.0013161502240180414
2026-04-23 06:55:00,0.0019197532303163456,-0.002546827105616939
2026-04-23 07:00:00,0.0015708554413524922,-0.0005640757424168325
2026-04-23 07:05:00,0.0006282527140850647,-0.0010525002915401274
2026-04-23 07:10:00,0.0008789958781800777,-0.0021910463408950937
2026-04-23 07:15:00,0.0007772615302847896,-0.0029755026507443647
2026-04-23 07:20:00,0.001269771335760339,0.0007752598611235033
2026-04-23 07:25:00,0.0013505939568947412,-0.0017238433985310919
2026-04-23 07:30:00,0.0013250800915312055,-0.0014693333627086797
2026-04-23 07:35:00,0.00220469787463351,0.0022504326953681777
2026-04-23 07:40:00,0.0028459128352977814,0.0009652770100348916
2026-04-23 07:45:00,0.0011265264190694069,-0.0027819643243486092
2026-04-23 07:50:00,0.0005176829138093808,0.00078992243844072
2026-04-23 07:55:00,-0.00010184120418976761,0.0008876633325972669
2026-04-23 08:00:00,-0.00027790418000428474,-0.0014819522311283631
2026-04-23 08:05:00,-0.00043081997591087884,-0.0015191402992076185
2026-04-23 08:10:00,0.0002652455181095803,0.0011304868266566893
2026-04-23 08:15:00,0.0004435752235156798,-0.0012022859831945542
2026-04-23 08:20:00,-0.001516268317420355,0.00039159649445397724
2026-04-23 08:25:00,-0.0013505939568947412,0.00047042713014194706
2026-04-23 08:30:00,-0.0002568094307733304,0.0035162796763517174
2026-04-23 08:35:00,-0.0008320315633145725,-0.0022415574748826396
2026-04-23 08:40:00,-0.0003011984326519723,-0.0015474149108281883
2026-04-23 08:45:00,0.0008816660667676501,-0.00267173295770487
2026-04-23 08:50:00,0.0003647630459138185,-0.000493117416266845
2026-04-23 08:55:00,0.00139093287003611,-7.483183813552563e-05
2026-04-23 09:00:00,0.0017531089308011616,-0.002435096690334187
2026-04-23 09:05:00,0.0017115719777489602,-0.0024137809893315845
2026-04-23 09:10:00,0.0011344565315081212,-0.000968387304180417
2026-04-23 09:15:00,0.0018697656793325024,-0.0008894327816316085
2026-04-23 09:20:00,0.002771713338173498,-0.001770381808280658
2026-04-23 09:25:00,0.0021036707352486417,6.277380228967869e-05
2026-04-23 09:30:00,-0.00024413622073282681,-0.001865301361755188
2026-04-23 09:35:00,-0.0003228108356552184,-0.00019081840780234678
2026-04-23 09:40:00,-0.0021109330344071253,-0.0009113409558174303
2026-04-23 09:45:00,-0.003029739570614254,-0.0006859972364560421
2026-04-23 09:50:00,-0.0023882192590392037,-0.000862483662425899
2026-04-23 09:55:00,-0.0035171131855573634,-0.0014529766281318928
2026-04-23 10:00:00,-0.005177023759863175,0.0010871271099867673
2026-04-23 10:05:00,-0.004979531371473556,-0.0030881355439342038
2026-04-23 10:10:00,-0.004656279190129453,0.0029042654741296223
2026-04-23 10:15:00,-0.004576725319205721,-0.0011512148782396256
2026-04-23 10:20:00,-0.0034392601709622994,0.0017965931674961428
2026-04-23 10:25:00,-0.0031071788453989058,-0.003233764308744327
2026-04-23 10:30:00,-0.001751034811455554,-0.003729918052969269
2026-04-23 10:35:00,-0.0016134916028569535,-0.002390133656966027
2026-04-23 10:40:00,-0.0006209608505098885,-0.003616163652108516
2026-04-23 10:45:00,-0.0015417285082683918,-0.0030344134291980505
2026-04-23 10:50:00,-0.0016208665610797368,0.0037097254684647744
2026-04-23 10:55:00,-0.001214864041045871,-0.0002869932478759812
2026-04-23 11:00:00,0.0008299568047664962,-0.0005123043147294774
2026-04-23 11:05:00,-0.0008564946033917664,-0.0025865442831321077
2026-04-23 11:10:00,-0.0014915294561497205,-0.0025823533844761513
2026-04-23 11:15:00,-0.00240500715043801,-0.0005575279818373854
2026-04-23 11:20:00,-0.0031417463478717877,-0.0007642947663346122
2026-04-23 11:25:00,-0.002973910196645946,0.00196119910081766
2026-04-23 11:30:00,-0.0019501442175915429,0.0013385997930855475
2026-04-23 11:35:00,-0.0013284596720364306,-0.002117565398896359
2026-04-23 11:40:00,-0.002221174898421552,0.0016470622502845823
2026-04-23 11:45:00,-0.001855349358041991,-0.00034634086251680916
2026-04-23 11:50:00,-0.0012738610998770383,-0.0015197075381503812
2026-04-23 11:55:00,-3.6191966453102964e-05,-0.0026715501138681553
2026-04-23 12:00:00,-0.0004808653967458554,-0.0015981715166512726
2026-04-23 12:05:00,0.0013994134120451918,-0.0028001601416164706
2026-04-23 12:10:00,0.0017427397375069376,-0.0016448709031846767
2026-04-23 12:15:00,0.0028708540909203606,-0.0019050354366137363
2026-04-23 12:20:00,0.0029482020080671134,-0.0021535382089049896
2026-04-23 12:25:00,0.002684576810235484,0.0005002836047496019
2026-04-23 12:30:00,0.0011203074988497264,-0.0012832016908612234
2026-04-23 12:35:00,0.0018814640952768968,-0.0007807048594376792
2026-04-23 12:40:00,0.003209851969678823,-0.004218011831181761
2026-04-23 12:45:00,0.0034310754269881727,-0.0015511898483065436
2026-04-23 12:50:00,0.004924547160465309,-0.0021063462459850702
2026-04-23 12:55:00,0.004956729114885761,0.00013252313761265253
2026-04-23 13:00:00,0.006797834335101172,-0.0026900421677120935
2026-04-23 13:05:00,0.0066401588128766065,0.0003951262546266903
2026-04-23 13:10:00,0.006479806764758678,-0.0029819680693491902
2026-04-23 13:15:00,0.006385070672324744,-0.001097284966923077
2026-04-23 13:20:00,0.006758200506348899,-0.0020234404048004367
2026-04-23 13:25:00,0.007077356440454707,-0.0018675040054728553
2026-04-23 13:30:00,0.008664356978988152,-0.0026454332740800616
2026-04-23 13:35:00,0.007279585204171823,-0.002624954828726811
2026-04-23 13:40:00,0.007342947969780411,-0.0018963989466476477
2026-04-23 13:45:00,0.006159940170180178,0.0001800653952660035
2026-04-23 13:50:00,0.004927853770769985,-0.0028938219074684645
2026-04-23 13:55:00,0.004175212526636329,-0.0008026650288326658
2026-04-23 14:00:00,0.0006423937841102401,0.003400410462582411
2026-04-23 14:05:00,-0.00043355184319970874,-0.0023257844379330627
2026-04-23 14:10:00,-0.0004272980024317974,0.0023855292677644096
2026-04-23 14:15:00,-0.0011755876648571473,0.002412659949968501
2026-04-23 14:20:00,-0.000807392546523289,-0.0015832992123890866
2026-04-23 14:25:00,-0.0013721178960359737,-0.000270906204509126
2026-04-23 14:30:00,-0.0027619802791658543,0.0032730421107739468
2026-04-23 14:35:00,-0.0013624771727620555,0.0020607571672098574
2026-04-23 14:40:00,-0.0018792989202260912,-0.001053433927534073
2026-04-23 14:45:00,0.000443371913952717,0.0003395707883121116
2026-04-23 14:50:00,-0.000485570132200408,0.0005329297380000794
2026-04-23 14:55:00,-0.003226596524259051,0.0002635066101969185
2026-04-23 15:00:00,-0.0021019917442686165,0.0029948149470537893
2026-04-23 15:05:00,-0.0012107102759468802,0.00017863266767349342
2026-04-23 15:10:00,-0.0005015676740036668,-0.0007627651700199891
2026-04-23 15:15:00,-0.0006200658145623095,-0.0019383472188381622
2026-04-23 15:20:00,0.00014377202855442306,0.002957930384592044
2026-04-23 15:25:00,0.0009706141534877588,-0.0023338580637342608
2026-04-23 15:30:00,0.0007890097491358716,-0.0022576644686535118
2026-04-23 15:35:00,-0.0005264766045662839,0.0019585520052040383
2026-04-23 15:40:00,-6.340691705020163e-06,0.001788154012062024
2026-04-23 15:45:00,-0.0014998112204693825,-0.0021036915379737554
2026-04-23 15:50:00,-6.124080202063453e-05,0.0020345169900743503
2026-04-23 15:55:00,0.0018839744099690137,0.0001693795377769089
2026-04-23 16:00:00,0.002063966761850722,-0.0001685106710600357
2026-04-23 16:05:00,0.0016569486105719733,0.0008591628254546391
2026-04-23 16:10:00,0.0014785845936309272,0.0012439279541024148
2026-04-23 16:15:00,0.0030627247928727286,-0.000581644822302527
2026-04-23 16:20:00,0.0014513622005658533,-0.0008783967469978421
2026-04-23 16:25:00,0.00045009589070055256,0.0001295668191489403
2026-04-23 16:30:00,0.0007820492624599495,7.242503278527447e-05
2026-04-23 16:35:00,0.0006554105430112145,0.0007954326101716092
2026-04-23 16:40:00,-0.0006004342757748304,0.0020467114018109596
2026-04-23 16:45:00,-0.0012353358341865572,0.0013884470222729327
2026-04-23 16:50:00,-0.003939953678493424,0.0003905290878632818
2026-04-23 16:55:00,-0.0027520925116029105,-0.0014372952960285562
2026-04-23 17:00:00,-0.0033349164169269585,-0.0009092131029510717
2026-04-23 17:05:00,-0.0019323145842786715,0.0018797555602850019
2026-04-23 17:10:00,-0.0024697615066546774,0.0027488565135177895
2026-04-23 17:15:00,-0.003287143686497629,0.0018768665973552454
2026-04-23 17:20:00,-0.002930240849810417,0.002860209589056696
2026-04-23 17:25:00,-0.0021741667740631243,0.0032983804823792776
2026-04-23 17:30:00,-0.000908925712458597,0.003818531462618973
2026-04-23 17:35:00,-0.0006955948408968737,0.00038859521011033136
2026-04-23 17:40:00,0.001242753407908026,0.00030095341082896976
2026-04-23 17:45:00,0.0021439408078105515,-0.001557631859473498
2026-04-23 17:50:00,0.0035724300863133607,0.00010785657849904082
2026-04-23 17:55:00,0.002676041100812654,-0.0022227306273958623
2026-04-23 18:00:00,0.0016222939740035969,-0.0024959739595904512
2026-04-23 18:05:00,-0.0022820988237057804,-0.0006913121680664835
2026-04-23 18:10:00,-0.0006888957697626097,0.00020416236947333718
2026-04-23 18:15:00,-0.003128047755602381,0.0024673723024598057
2026-04-23 18:20:00,-0.0030301671964245713,-0.0009651344997267713
2026-04-23 18:25:00,-0.0034167185053615157,0.0007005294546095147
2026-04-23 18:30:00,-0.003525136107720428,-0.0008016716305387417
2026-04-23 18:35:00,-0.006309892043521614,0.005648194076315207
2026-04-23 18:40:00,-0.012174682464243247,0.002174538886138421
2026-04-23 18:45:00,-0.010902611918728766,0.0019445845846517936
2026-04-23 18:50:00,-0.007962288208277712,0.0035528674722442918
2026-04-23 18:55:00,-0.004875114220292076,-0.0002100597666143155
2026-04-23 19:00:00,-0.002445035615938451,-0.0014777571851589597
2026-04-23 19:05:00,0.00023566203625513538,0.0005575158062533118
2026-04-23 19:10:00,-0.000434778466015473,-0.0006436595285389407
2026-04-23 19:15:00,0.0013054264070468946,-0.00286722962650367
2026-04-23 19:20:00,0.0009000423033072025,-0.0021599450696169883
2026-04-23 19:25:00,0.0020862013778266686,-0.0016275258407658416
2026-04-23 19:30:00,0.001346695868335246,0.0006895636111998834
2026-04-23 19:35:00,0.0033614619788426836,0.0053119760232198734
2026-04-23 19:40:00,0.0072856497364490735,-0.0015127996182121167
2026-04-23 19:45:00,0.004945749652485176,-0.005121396128318968
2026-04-23 19:50:00,0.002709285313274634,0.0025955134786479184
2026-04-23 19:55:00,-0.001959272423661673,-0.0016346853339587123
2026-04-23 20:00:00,-0.0037703572516338824,-0.002542104239701395
2026-04-23 20:05:00,-0.003057300138390673,0.00042714931595077367
2026-04-23 20:10:00,-0.0036830418937210396,-1.0276252706238215e-05
2026-04-23 20:15:00,-0.0031656824256778293,0.00032792346414638266
2026-04-23 20:20:00,-0.0023366928599450887,0.0016652591840346212
2026-04-23 20:25:00,-0.0035574339490835882,0.000694235804638627
2026-04-23 20:30:00,-0.005208073962730708,0.0018091285300158397
2026-04-23 20:35:00,-0.004485885510874255,-0.0015471941191538654
2026-04-23 20:40:00,-0.00403889710287153,0.0004876479994765524
2026-04-23 20:45:00,-0.0022674926705121834,0.0010470308216934494
2026-04-23 20:50:00,-0.002000419458267899,0.0028072603224510834
2026-04-23 20:55:00,-0.0011301324053540895,-0.00042158328827928397
2026-04-23 21:00:00,0.00025548983928125324,-0.0016315256384169835
2026-04-23 21:05:00,0.0001085900015223018,0.004423673993480851
2026-04-23 21:10:00,-0.0012740483645927725,-0.00339833974313137
2026-04-23 21:15:00,-0.0016931811456970536,-0.0006910940038360017
2026-04-23 21:20:00,-0.0020181942314909662,0.004668314495250781
2026-04-23 21:25:00,-0.002249298042988457,-0.0017038146490912787
2026-04-23 21:30:00,-0.0008909123275149256,-0.0030270039648931713
2026-04-23 21:35:00,-0.0006437050348129247,0.0007882401340400959
2026-04-23 21:40:00,-0.00018969083647668583,0.002581651985885145
2026-04-23 21:45:00,-0.0010184276614193521,0.0014192801434303693
2026-04-23 21:50:00,-0.0017272761578102092,0.0016429959970045902
2026-04-23 21:55:00,-0.0003769948021492553,-0.001551842966728484
2026-04-23 22:00:00,-0.0004535393714775182,0.0014044230562988377
2026-04-23 22:05:00,0.00013625312445242344,-3.756650235219675e-05
2026-04-23 22:10:00,0.0014166918466145262,0.0010532051005277595
2026-04-23 22:15:00,0.0005945373066147397,-0.00014764525185609583
2026-04-23 22:20:00,0.00038564506005300814,0.0014442215629962248
2026-04-23 22:25:00,0.0007290199268563669,0.00028430269115206885
2026-04-23 22:30:00,0.000878129725489174,-0.0003039873457530397
2026-04-23 22:35:00,0.0004412597076779434,0.0028282055933574867
2026-04-23 22:40:00,0.0004752249149895249,0.0021694766230551015
2026-04-23 22:45:00,0.0003005227199679439,-0.001925072407093883
2026-04-23 22:50:00,6.394931803654913e-06,-0.00026807297886987497
2026-04-23 22:55:00,-4.8998460819404954e-05,9.410377227627966e-05
2026-04-24 00:00:00,-0.00028116992433879773,-0.003421799561615007
2026-04-24 00:05:00,-0.0014955424127727213,0.002018648606002891
2026-04-24 00:10:00,-0.0016043143081319045,-0.004070939026134298
2026-04-24 00:15:00,-0.0011723655627147167,0.0025890349922108036
2026-04-24 00:20:00,-0.001118993917534894,-0.0009854262053840502
2026-04-24 00:25:00,0.00041969141580189273,0.0026387546826696813
2026-04-24 00:30:00,0.0011540362736823795,0.0005143289077643835
2026-04-24 00:35:00,0.0010799447657845462,-0.0039787470693294115
2026-04-24 00:40:00,0.0008135379979066215,-0.0010522907918287328
2026-04-24 00:45:00,0.0009201886183820562,0.0005237096072377742
2026-04-24 00:50:00,0.0013867338042921062,-0.002760454811572366
2026-04-24 00:55:00,0.0006580832127056624,-0.0005479340519336821
2026-04-24 01:00:00,-0.00041977190169006917,-0.0011179929803705484
2026-04-24 01:05:00,0.001310318786650555,-0.000824038220863839
2026-04-24 01:10:00,0.001834204259973049,-0.0011436293400108554
2026-04-24 01:15:00,0.0017750658057469337,-0.0019016752379082005
2026-04-24 01:20:00,0.002466517966546178,0.0010808483855079163
2026-04-24 01:25:00,0.00227222054041043,-0.0013969891449248698
2026-04-24 01:30:00,0.0010591779388082756,0.0017317533583772243
2026-04-24 01:35:00,0.0015103911379963364,-0.003865002822486173
2026-04-24 01:40:00,0.0009468740567122325,-0.000105410598011075
2026-04-24 01:45:00,0.0005980944167056634,-0.0014705955981639182
2026-04-24 01:50:00,0.0013593042626425245,-0.0013580553413299209
2026-04-24 01:55:00,0.001861158177293376,-0.0013648020571132727
2026-04-24 02:00:00,0.001246015839708292,-0.001403139488994209
2026-04-24 02:05:00,0.001470198954404367,-0.0001281694080349118
2026-04-24 02:10:00,0.002304491374596651,0.0021641146363438777
2026-04-24 02:15:00,0.0017974234685951274,-0.0013227591799811996
2026-04-24 02:20:00,0.0007357945211161621,-0.0004879078054848544
2026-04-24 02:25:00,-0.0014908282811472162,0.0003850823009464418
2026-04-24 02:30:00,-0.0022515629989694474,-0.0002655675534159687
2026-04-24 02:35:00,-0.0017509879043018373,-0.001700474020861667
2026-04-24 02:40:00,-0.002453079715872164,-0.001292667060913474
2026-04-24 02:45:00,-0.000549126625793761,-0.0018012025331042983
2026-04-24 02:50:00,-0.0017957795506990948,-0.0008411360633442443
2026-04-24 02:55:00,-0.0012928717371263332,-0.004665142137456283
2026-04-24 03:00:00,-0.00014688523499906125,-1.107688697156433e-05
2026-04-24 03:05:00,-0.0020303365541742835,-0.0009364912557964585
2026-04-24 03:10:00,-0.0033585879145707764,0.00027102337878186553
2026-04-24 03:15:00,-0.002868905016692125,0.00026339633412748425
2026-04-24 03:20:00,-0.004034376438175613,-0.0008691186574380612
2026-04-24 03:25:00,-0.0029541867104185826,-0.0003422750874837299
2026-04-24 03:30:00,-0.0009655956695215906,-0.0001572662368276565
2026-04-24 03:35:00,-0.0026973649361714536,-0.0005792628149667012
2026-04-24 03:40:00,-0.0014828551620968966,-0.0008547287867499184
2026-04-24 03:45:00,-0.0044659172529364355,0.0024630886337482444
2026-04-24 03:50:00,-0.0036653835494195874,-0.0005068498662721136
2026-04-24 03:55:00,-0.004824724184778972,-0.0008579759632714704
2026-04-24 04:00:00,-0.005152483155402621,-0.001786702835594701
2026-04-24 04:05:00,-0.005025431345929476,-0.003348615399708744
2026-04-24 04:10:00,-0.004884617005178171,0.0016529249565242848
2026-04-24 04:15:00,-0.0038587371719849273,-0.0011423151095385753
2026-04-24 04:20:00,-0.002211532274657202,0.000867033047047443
2026-04-24 04:25:00,-0.0020684298424828995,-0.002494312881141717
2026-04-24 04:30:00,-0.002654325511919353,0.00031351159087090146
2026-04-24 04:35:00,-0.0013760039092431953,0.0009161127608513034
2026-04-24 04:40:00,-0.0017181657469418354,-0.004266859874283475
2026-04-24 04:45:00,-0.00018820671140851175,-0.0012020759797773653
2026-04-24 04:50:00,-0.0011591600596450036,-0.0005315863633265651
2026-04-24 04:55:00,-0.0011316949568094259,-0.0019939448782109958
2026-04-24 05:00:00,-0.00045162623667138746,-0.002618483356295325
2026-04-24 05:05:00,0.0008197169118417946,-0.0015952768215107321
2026-04-24 05:10:00,-5.995101147604487e-05,-0.0036563856670586963
2026-04-24 05:15:00,-0.0010617871129845469,-0.0005689554691782348
2026-04-24 05:20:00,-0.0028083136775371997,-0.0024887086858645154
2026-04-24 05:25:00,-0.003269482131095458,0.0020542278483567517
2026-04-24 05:30:00,-0.0031396056954289264,-0.0018692770656451366
2026-04-24 05:35:00,-0.0023182720319514516,-0.0022141305040556144
2026-04-24 05:40:00,-0.0015133178040134254,0.00044054478665085434
2026-04-24 05:45:00,0.00017537556079538774,-0.0015387093814124863
2026-04-24 05:50:00,0.0002567564401143585,-0.0010740824545042759
2026-04-24 05:55:00,0.0006462284663832918,0.000452898540392838
2026-04-24 06:00:00,0.0005842928136630121,-0.0028494149549050996
2026-04-24 06:05:00,-0.0007490621023062971,0.0003683573223453663
2026-04-24 06:10:00,0.0007298731393579061,-0.00017992735303585958
2026-04-24 06:15:00,0.0012372159513684977,-0.0027583939899573653
2026-04-24 06:20:00,0.0031505128236677393,0.0002464377297949955
2026-04-24 06:25:00,0.0037698873842444414,-0.0006375463350090804
2026-04-24 06:30:00,0.004855152318958389,-0.0022046700645889953
2026-04-24 06:35:00,0.003933387812530498,-0.0022948899226941984
2026-04-24 06:40:00,0.0030691961524293987,-4.187358765239717e-05
2026-04-24 06:45:00,0.0009704256098910236,0.002792689967065199
2026-04-24 06:50:00,0.0021989843103842333,-0.0012501729779874685
2026-04-24 06:55:00,0.0026362185339632305,-0.0030335659328163222
2026-04-24 07:00:00,0.002092518250156772,-0.00069419757035005
2026-04-24 07:05:00,0.0026598376161839354,-0.0004387018489922014
2026-04-24 07:10:00,0.0017443990203140913,-0.003156846007844363
2026-04-24 07:15:00,0.000767673911022726,-0.0009948470813778076
2026-04-24 07:20:00,-0.0005989253746925272,-0.00010845199131556799
2026-04-24 07:25:00,-0.0011829852608009617,0.00011709907235249728
2026-04-24 07:30:00,-0.0025883355602882574,0.0010061553753517927
2026-04-24 07:35:00,-0.001950857403825168,-0.0020070304302042654
2026-04-24 07:40:00,-0.00196448388610726,0.0006167854045491788
2026-04-24 07:45:00,-0.0023443108818952396,0.0006965916284583176
2026-04-24 07:50:00,-0.0020278499673693773,-0.0005590370507851357
2026-04-24 07:55:00,-0.003314555329572144,-0.0015854336400053155
2026-04-24 08:00:00,-0.0019791236765005493,-0.0010625551767066651
2026-04-24 08:05:00,-0.001247788755742718,0.0012745078430441627
2026-04-24 08:10:00,-0.00029052193751866184,-0.000838943514172735
2026-04-24 08:15:00,0.0006175603145592845,-0.0023511503395801775
2026-04-24 08:20:00,0.001797836881138437,0.0008735740150855867
2026-04-24 08:25:00,0.002646409014300133,-0.001134397745994861
2026-04-24 08:30:00,0.0024495775721415924,-0.002856315907892739
2026-04-24 08:35:00,0.0016775820259447016,0.00041111469547393275
2026-04-24 08:40:00,0.002596402184730451,-0.003056279966263064
2026-04-24 08:45:00,0.0045573739738831165,-0.003230895097450312
2026-04-24 08:50:00,0.003363257006263609,-0.002874146791732265
2026-04-24 08:55:00,0.0047536361014124395,0.0007353432107363841
2026-04-24 09:00:00,0.0030482716077706584,-0.002946904924628041
2026-04-24 09:05:00,0.0022679378542651563,-0.0028676198377837903
2026-04-24 09:10:00,0.0015690965971995041,-0.0010084420856690099
2026-04-24 09:15:00,0.002594284219048504,0.0002079819065150176
2026-04-24 09:20:00,0.0021463264680701144,-0.0010537328531091275
2026-04-24 09:25:00,0.0007319761869055696,0.00047000158547061714
2026-04-24 09:30:00,0.0004610291703954772,0.001127738473542638
2026-04-24 09:35:00,0.0010926537204412057,-0.0030880649991605574
2026-04-24 09:40:00,0.0005398030170162826,0.0014094843711394747
2026-04-24 09:45:00,0.00011084442144237983,-0.0008368172061776448
2026-04-24 09:50:00,-0.00016416317856737805,0.0007576828065249283
2026-04-24 09:55:00,-0.0006116227693020448,-0.0023408609594238643
2026-04-24 10:00:00,0.0006439246361615858,0.00032410808012788944
2026-04-24 10:05:00,0.0007292593223802157,-0.0006850240449120386
2026-04-24 10:10:00,0.0015815469629050227,-0.00016869605076637643
2026-04-24 10:15:00,0.0003323327874742432,-0.003026783838345888
2026-04-24 10:20:00,-0.0011963394722886989,-0.0019325381202384188
2026-04-24 10:25:00,-0.0008066977689882293,2.0370441477080814e-05
2026-04-24 10:30:00,-0.000708706661406211,-0.0004793269345265689
2026-04-24 10:35:00,-0.001190880303623132,-0.0021524148650587643
2026-04-24 10:40:00,-0.0004224297453347958,-0.0008001079284400184
2026-04-24 10:45:00,-0.001326675975928282,0.0020681316509192768
2026-04-24 10:50:00,-0.001683694281286563,0.0007772269103020436
2026-04-24 10:55:00,-0.0018990521118400494,-0.0005188705810310262
2026-04-24 11:00:00,-0.0016447494932076978,-5.667275007414778e-05
2026-04-24 11:05:00,-0.0016533248922137034,0.0008595440334659585
2026-04-24 11:10:00,-0.002755468957211349,-0.0011706205712756457
2026-04-24 11:15:00,-0.0024951921873501703,-0.003013196524929568
2026-04-24 11:20:00,-0.00069158657834123,-0.00027002031116570826
2026-04-24 11:25:00,-0.000316027283471243,0.001618158253453574
2026-04-24 11:30:00,-0.0016135395467866687,-0.002294166364088402
2026-04-24 11:35:00,-0.0011901621798742212,-0.0011948367120987388
2026-04-24 11:40:00,-0.0015055564272170585,0.00029250408456269123
2026-04-24 11:45:00,-0.0011788475142253674,-0.0003566219762640395
2026-04-24 11:50:00,-0.001047069050496674,0.0012341030628016342
2026-04-24 11:55:00,-0.0007264336700956164,0.0015179132102069277
2026-04-24 12:00:00,0.00106054392152366,0.0009735768650524302
2026-04-24 12:05:00,0.002741959211174816,0.0010782383592835647
2026-04-24 12:10:00,0.002983329486259123,-0.003242350258445766
2026-04-24 12:15:00,0.0025867773237866487,0.00018997219287149861
2026-04-24 12:20:00,0.00571893678471902,-0.0015858688337119823
2026-04-24 12:25:00,0.007234997725506176,-0.002614699682154179
2026-04-24 12:30:00,0.00787840125022754,-0.0019550386989163203
2026-04-24 12:35:00,0.00637442338481975,-0.00011595577506528871
2026-04-24 12:40:00,0.005562460795744073,-0.002211599254550739
2026-04-24 12:45:00,0.005293904354589429,-4.3023220587246214e-05
2026-04-24 12:50:00,0.006191666705413823,-0.0005489410806039278
2026-04-24 12:55:00,0.006081455445157147,-0.00242668639717777
2026-04-24 13:00:00,0.003976080672968507,-0.0014041956727642788
2026-04-24 13:05:00,0.001929358858198782,0.0008043553832444833
2026-04-24 13:10:00,0.0026283515429810222,0.0013565813685330332
2026-04-24 13:15:00,0.00242501714245158,7.441213486627474e-05
2026-04-24 13:20:00,-0.0004225838196294518,-0.0021523286573135185
2026-04-24 13:25:00,-0.0011965428979454629,-0.0005175079638187049
2026-04-24 13:30:00,-0.0014610571476865175,0.00010432119661826241
2026-04-24 13:35:00,-0.00023158894553176879,-0.00149054889800589
2026-04-24 13:40:00,-0.001335576506086511,0.003274130716740018
2026-04-24 13:45:00,-0.0026541050425148427,-0.0016523331820212897
2026-04-24 13:50:00,-0.002648878542007793,0.004417201087872687
2026-04-24 13:55:00,-0.0013286241767893614,-0.0015191569051027918
2026-04-24 14:00:00,-0.0021201699398929463,-0.002585120126217644
2026-04-24 14:05:00,-0.0010290954224707605,0.004262857343129685
2026-04-24 14:10:00,-0.0012048667869972718,0.0007651898201692399
2026-04-24 14:15:00,-0.000920388583709908,-0.0003425842476013682
2026-04-24 14:20:00,-0.0026542533591520368,0.0031738010236028067
2026-04-24 14:25:00,-0.002567635616298247,-3.4990894491076913e-05
2026-04-24 14:30:00,-0.0028198377646830863,0.0005856245366321764
2026-04-24 14:35:00,-0.00040806697965578564,0.0017778933469249172
2026-04-24 14:40:00,0.0021364917591721877,-1.1215007496225798e-05
2026-04-24 14:45:00,0.004285211965527225,0.0045324031066205075
2026-04-24 14:50:00,0.0026127563256714836,-0.0009952025712635024
2026-04-24 14:55:00,0.002220468952996768,-0.0016294931931203013
2026-04-24 15:00:00,0.00331119092991905,-0.00014768099458640382
2026-04-24 15:05:00,0.0057738767000472535,0.0024562432576164467
2026-04-24 15:10:00,0.005976052170252544,0.0005603365516827629
2026-04-24 15:15:00,0.0061037786244533265,-7.942959098874836e-06
2026-04-24 15:20:00,0.0069524455401470675,0.0023587650035162113
2026-04-24 15:25:00,0.0057425442335290455,0.00047247836639829557
2026-04-24 15:30:00,0.007858678365986194,-0.0006567299256098534
2026-04-24 15:35:00,0.005511816631560862,0.0005896392289881466
2026-04-24 15:40:00,0.004483457308793959,0.00028551227877992577
2026-04-24 15:45:00,0.0033769286815878985,-0.0004629285101625014
2026-04-24 15:50:00,0.004274598132679941,-0.0002824863832919731
2026-04-24 15:55:00,0.003189261364857643,0.00047779360282063256
2026-04-24 16:00:00,0.0019204767666067823,-0.0008425478506681873
2026-04-24 16:05:00,-0.0007066853999653233,-0.0019037727778128456
2026-04-24 16:10:00,-0.001950638066521293,0.0024840848879321945
2026-04-24 16:15:00,-0.0020248082874569917,-0.0019077406933326094
2026-04-24 16:20:00,-0.0014433864939782381,0.0019265065161784146
2026-04-24 16:25:00,-0.0007832528253537419,0.00023243246507448364
2026-04-24 16:30:00,-0.0022926297687533292,-0.001362464906569669
2026-04-24 16:35:00,-0.002364239925372047,0.00392315375446761
2026-04-24 16:40:00,-0.0004630936642104899,0.004488146293934025
2026-04-24 16:45:00,-0.0008463387891346486,0.0023103114615396244
2026-04-24 16:50:00,0.0006155115444084203,0.005049727657743228
2026-04-24 16:55:00,9.097246396727598e-05,0.004041465009277556
2026-04-24 17:00:00,0.0008467203852102756,-0.0008497833808822928
2026-04-24 17:05:00,-0.0006605887101702734,0.002064291627202984
2026-04-24 17:10:00,-0.00039609287730790754,-0.00030008004483287026
2026-04-24 17:15:00,-0.00020122365229546801,-4.4460883243241753e-05
2026-04-24 17:20:00,0.0006224778205083936,0.001910161612739131
2026-04-24 17:25:00,0.00036418302716789697,-0.0008799925840120403
2026-04-24 17:30:00,0.0015797891959206112,-4.8486337861593964e-05
2026-04-24 17:35:00,0.0010611069335357826,-0.0010316785782717062
2026-04-24 17:40:00,-0.0010623305396944005,-0.0008986055788999521
2026-04-24 17:45:00,-0.0004636741068164696,0.0022973833314354295
2026-04-24 17:50:00,-0.0009794972768002452,0.0030922473395737014
2026-04-24 17:55:00,2.1155200901290527e-05,0.0018270151706464507
2026-04-24 18:00:00,0.0004315514977726309,0.0004384857521610139
2026-04-24 18:05:00,0.0013503533500536236,-0.0008359248662428016
2026-04-24 18:10:00,0.0016130435611039218,0.0004306723241185221
2026-04-24 18:15:00,0.001752462997023585,0.0027860022488807416
2026-04-24 18:20:00,0.00045919949850592445,0.0010288190890866225
2026-04-24 18:25:00,-0.0002117181784893063,0.00046441115182510703
2026-04-24 18:30:00,-0.0010691553950632482,0.00039821721386728534
2026-04-24 18:35:00,-0.0003895771231992029,0.0010766631335789284
2026-04-24 18:40:00,-6.352163972778158e-05,-7.11353801665716e-05
2026-04-24 18:45:00,2.541236862541041e-05,0.00232459433873408
2026-04-24 18:50:00,0.00015026598165057692,0.0005389238118898919
2026-04-24 18:55:00,-0.0006517856617822559,0.00395152755194033
2026-04-24 19:00:00,-0.0012232132667193696,-0.001788698270174881
2026-04-24 19:05:00,-0.0010983465593614739,-0.00011010227917016075
2026-04-24 19:10:00,-0.0008252484148538741,-0.001378397672619987
2026-04-24 19:15:00,-0.0016740868656928143,0.00450034725667713
2026-04-24 19:20:00,-0.0011536895526536028,0.0036808196336163166
2026-04-24 19:25:00,-0.0011482930468016406,-0.00019576202809302274
2026-04-24 19:30:00,-0.0002287995027234757,0.003915725880722336
2026-04-24 19:35:00,-0.00044904885008101303,-0.00033733017005724357
2026-04-24 19:40:00,-0.0008176719261179244,0.004517521592507443
2026-04-24 19:45:00,-0.0007245056942757344,0.0003166923299001252
2026-04-24 19:50:00,-0.0010947070846381024,0.0004956693847607172
2026-04-24 19:55:00,-0.00017995073632448566,-5.792312801543438e-05
2026-04-24 20:00:00,0.0002540774145209923,-0.0005042830842311822
2026-04-24 20:05:00,-6.140756733685748e-05,0.0011334932161505085
2026-04-24 20:10:00,-0.00031123198361093785,-0.00010881032170657171
2026-04-24 20:15:00,2.11816837758505e-05,-0.0007254253677538778
2026-04-24 20:20:00,-0.0006992118260971125,5.8492399310617024e-05
2026-04-24 20:25:00,0.0003666648692419727,0.0006359936379652598
2026-04-24 20:30:00,-0.0003263417123342549,0.0010498958937183837
2026-04-24 20:35:00,-0.0005531155272961996,-0.0016717579905929684
2026-04-24 20:40:00,-0.0005405388349775109,1.8327454770426547e-05
2026-04-24 20:45:00,-0.00039000981877812535,0.004381036717744193
2026-04-24 20:50:00,-0.0006887760510441154,0.00021640672160994567
2026-04-24 20:55:00,-0.0012287642509658525,0.0015770282670974894
2026-04-24 21:00:00,-0.002588255941761375,-0.0005586269640600111
2026-04-24 21:05:00,-0.002775744463010099,0.0037047718507291867
2026-04-24 21:10:00,-0.0032791087137820085,0.0004817155019180509
2026-04-24 21:15:00,-0.0031652779601660797,1.6711050854692886e-05
2026-04-24 21:20:00,-0.002262012329730112,0.0003676123073671838
2026-04-24 21:25:00,-0.002318820711003866,0.0005254507597314829
2026-04-24 21:30:00,-0.002661325781179613,0.001062199878320074
2026-04-24 21:35:00,-0.0021114312626533405,-0.0006904103462178496
2026-04-24 21:40:00,-0.0018357721710273722,0.00018311145365841792
2026-04-24 21:45:00,-0.002037304587643618,-0.00024310343016210043
2026-04-24 21:50:00,-0.0018270232568795564,-0.0001231537740151736
2026-04-24 21:55:00,-0.001652736885668915,0.0052479845855419194
2026-04-24 22:00:00,-0.0030568646961590673,0.0005319446500916671
2026-04-24 22:05:00,-0.005910012761656702,-0.00086759016819521
2026-04-24 22:10:00,-0.0045290713627483825,0.0025817809491862098
2026-04-24 22:15:00,-0.003736101752609855,0.001050922507142505
2026-04-24 22:20:00,-0.0047891455439010855,0.0040432024308367405
2026-04-24 22:25:00,-0.0045620818145692965,-0.0001661195657207761
2026-04-24 22:30:00,-0.004694714298350888,-0.0007901909586019514
2026-04-24 22:35:00,-0.004530723147741611,-0.002041584229457793
2026-04-24 22:40:00,-0.004869951098193326,0.0037689282405181683
2026-04-24 22:45:00,-0.004752838392386494,0.00027512070689416127
2026-04-24 22:50:00,-0.005037858391107264,0.004563727752836222
2026-04-24 22:55:00,-0.005425029699553718,-0.000301256239311668
2026-04-27 00:00:00,-0.0033075858249738133,-0.002529119716410637
2026-04-27 00:05:00,0.0004164411004250468,-0.0012688453214692891
2026-04-27 00:10:00,-0.00040984132030175147,-0.0019980647580012923
2026-04-27 00:15:00,-0.0010541658662557296,-0.0010701243764384713
2026-04-27 00:20:00,-0.0004526297437941196,0.004337091971457398
2026-04-27 00:25:00,-0.00205472209669999,-0.000895658375444229
2026-04-27 00:30:00,-0.0009655293965540324,-0.0010280669270774359
2026-04-27 00:35:00,-0.0020613653105634455,-0.0009406663093826715
2026-04-27 00:40:00,-0.001630027033105108,-0.0015821980802788046
2026-04-27 00:45:00,-0.0009011549058666191,-0.0016441538884826004
2026-04-27 00:50:00,-0.0006897280972459896,0.0004125291384840873
2026-04-27 00:55:00,-0.0007710026512732782,-0.0011774938044316853
2026-04-27 01:00:00,-0.0004892822711415334,-0.0011886592814711792
2026-04-27 01:05:00,-0.0016325871365268085,-0.0007739900935077473
2026-04-27 01:10:00,-0.0008137765767486371,2.527859657977766e-05
2026-04-27 01:15:00,-0.0010232190421088916,0.004216194665244357
2026-04-27 01:20:00,-0.0006942879608438091,-0.0015337939287604976
2026-04-27 01:25:00,0.0008698208012418718,0.001123738565730842
2026-04-27 01:30:00,-0.00023725274261110485,-0.0010785917001055897
2026-04-27 01:35:00,0.0006028281801633284,-0.0011821306241202513
2026-04-27 01:40:00,0.0007779590083121235,-0.00100797458149921
2026-04-27 01:45:00,0.00038234261140246417,0.00011324935248382547
2026-04-27 01:50:00,0.0015986735910953342,-0.0014700193877671954
2026-04-27 01:55:00,0.003921444037686683,-0.0009948688468452962
2026-04-27 02:00:00,0.006312341275499733,-0.0011715269552180431
2026-04-27 02:05:00,0.004785499474786903,-0.0009068904188771744
2026-04-27 02:10:00,0.002746243247999658,-0.0015475586111651724
2026-04-27 02:15:00,0.0037438566155945097,-0.0006177170086729807
2026-04-27 02:20:00,0.0037604734342426838,0.003494034517642085
2026-04-27 02:25:00,0.0035952008939545976,-0.002244965285039459
2026-04-27 02:30:00,0.004221517203379932,-0.0007687434601851146
2026-04-27 02:35:00,0.0043607339255871125,-0.0018664523684879212
2026-04-27 02:40:00,0.0036955768757795937,0.001352489866435139
2026-04-27 02:45:00,0.004123840221613051,-0.0017853562990026049
2026-04-27 02:50:00,0.0030706420299271286,-0.001782619694665352
2026-04-27 02:55:00,0.0010614097750671903,-0.0003274076143975901
2026-04-27 03:00:00,-0.0015046960824403044,-0.0018784692832717622
2026-04-27 03:05:00,5.746594346334177e-05,-0.001020664623162658
2026-04-27 03:10:00,0.0014543505844262228,0.001031144439726585
2026-04-27 03:15:00,0.0018804995245691458,-0.00012655820933914438
2026-04-27 03:20:00,0.0017761295053517756,-0.0014317256238270174
2026-04-27 03:25:00,0.0016015197652485824,-0.0009577418624426941
2026-04-27 03:30:00,0.0017822283842416908,-0.00035720665420978806
2026-04-27 03:35:00,0.0026922263663298196,-0.0009031973855210526
2026-04-27 03:40:00,0.0034295728804440984,-0.0005599550605725204
2026-04-27 03:45:00,0.00349671120136108,-0.00033455830542153414
2026-04-27 03:50:00,0.003862155721707339,-8.234851950690254e-05
2026-04-27 03:55:00,0.003141459412903558,-0.0015545891431096653
2026-04-27 04:00:00,0.003918526928879729,-0.0005848661502801572
2026-04-27 04:05:00,0.004684058164972527,-0.0013359757272786196
2026-04-27 04:10:00,0.003879970166520863,4.577242823693972e-05
2026-04-27 04:15:00,0.0024580311202822003,-0.002121682961448367
2026-04-27 04:20:00,0.0023646895531328482,0.0012401531354193677
2026-04-27 04:25:00,0.002239523737229021,-6.631148902336005e-06
2026-04-27 04:30:00,0.0033897906099404906,-0.002719205335592584
2026-04-27 04:35:00,0.002407719426201993,0.0004370760008879616
2026-04-27 04:40:00,0.002994959104094974,-0.0016765285116120878
2026-04-27 04:45:00,0.0013279637831118407,-0.0006707209419125877
2026-04-27 04:50:00,0.0007875749873562654,0.0023330977127055145
2026-04-27 04:55:00,0.0011903250441740454,-0.0017881398485174683
2026-04-27 05:00:00,0.0013486121608927704,2.832150508270228e-05
2026-04-27 05:05:00,0.001392911197452662,-0.00044034785842445473
2026-04-27 05:10:00,0.002039064769741472,-0.00026695931155012716
2026-04-27 05:15:00,0.002060679567220447,-0.002199637991711906
2026-04-27 05:20:00,0.002117949346738257,8.531320192953067e-05
2026-04-27 05:25:00,0.0023127959546442867,0.002603698715417546
2026-04-27 05:30:00,0.0009651958763292612,-0.00012391832909870246
2026-04-27 05:35:00,0.0008908271844916271,-0.0010994798242279092
2026-04-27 05:40:00,-0.00042307090876292364,0.0013554259889894018
2026-04-27 05:45:00,-2.3282418917247583e-05,0.002565430883466424
2026-04-27 05:50:00,-0.0001058207777955289,-0.001457333284846314
2026-04-27 05:55:00,0.0001968389366471257,-0.0013638143747836478
2026-04-27 06:00:00,-0.0010605296656311936,0.00022349057186752893
2026-04-27 06:05:00,-0.001575106867631959,0.0015082145047230228
2026-04-27 06:10:00,-0.0019500468283286665,0.00044826991085622264
2026-04-27 06:15:00,-0.0018169040557012295,-0.0012015505953425218
2026-04-27 06:20:00,-0.0016071131434145514,0.0021036114716558485
2026-04-27 06:25:00,-0.0019142409233356972,0.0004485328981930105
2026-04-27 06:30:00,-0.0029471890105376986,-0.0005010978522811631
2026-04-27 06:35:00,-0.00365511035873034,0.0008217980940838549
2026-04-27 06:40:00,-0.00310234153318234,-0.0005908227829643092
2026-04-27 06:45:00,-0.002734158957606425,0.0020940254857340283
2026-04-27 06:50:00,-0.0028359313034034273,2.6072099184167624e-05
2026-04-27 06:55:00,-0.003247499398840503,0.001904838659678651
2026-04-27 07:00:00,-0.0022072185614696593,-0.0008902356515359075
2026-04-27 07:05:00,-0.0013208515156968303,0.00046300887530172243
2026-04-27 07:10:00,-0.0008056890561061181,0.0015883514184359953
2026-04-27 07:15:00,-0.0012767710036829527,0.0003308714503607185
2026-04-27 07:20:00,-0.0008840599489268186,-0.000634435054966945
2026-04-27 07:25:00,-0.0007781779790914101,-5.749317663353881e-06
2026-04-27 07:30:00,-0.0005751950993193589,0.002216721512005769
2026-04-27 07:35:00,0.00027380135140298023,-0.0011612556472184194
2026-04-27 07:40:00,-0.00018678655021275858,0.00032716592242497096
2026-04-27 07:45:00,0.0005092470891998602,-0.0028329063036037776
2026-04-27 07:50:00,0.00045624165895752355,-0.0003087535996507835
2026-04-27 07:55:00,0.0005115659654872928,9.238317548686873e-05
2026-04-27 08:00:00,0.0012070468384681732,0.001052215677527794
2026-04-27 08:05:00,0.0007359062104761449,0.0018538700690192264
2026-04-27 08:10:00,0.0005767697661127613,0.00010360036767179919
2026-04-27 08:15:00,0.0007255416422751182,0.0003046628368314775
2026-04-27 08:20:00,0.0005852206512422242,-0.0025845989112792357
2026-04-27 08:25:00,0.00033085264846022255,-0.0005255928351285137
2026-04-27 08:30:00,0.0013939058665553006,-0.0013325262012626054
2026-04-27 08:35:00,0.0008082317031306019,-0.0005301204701013947
2026-04-27 08:40:00,0.0008699582756541702,2.311903465394308e-06
2026-04-27 08:45:00,0.00011030269616441046,0.0010633818942099467
2026-04-27 08:50:00,-0.00024401034300680635,0.00031546802564836614
2026-04-27 08:55:00,9.97354888330193e-05,0.0002679006401251557
2026-04-27 09:00:00,-0.0009417534702009789,0.0015733607074445385
2026-04-27 09:05:00,-0.0010350891885586577,0.00012334319337316325
2026-04-27 09:10:00,-0.0012408910128023365,0.0011459899341573778
2026-04-27 09:15:00,-0.0010057161163938844,0.0007897307687331336
2026-04-27 09:20:00,-0.0013172284113842636,-0.0008746890298873786
2026-04-27 09:25:00,-0.001103268119043932,0.0008112346929433912
2026-04-27 09:30:00,-0.0014894500064279725,-0.0003430851141808333
2026-04-27 09:35:00,-0.0017573055781294755,0.0031960872391899437
2026-04-27 09:40:00,-0.0006195024659998438,0.0006391787215263013
2026-04-27 09:45:00,-0.0004603822102211552,8.569148367823504e-05
2026-04-27 09:50:00,-0.0011423355419282188,0.0015252089494223633
2026-04-27 09:55:00,-0.001220852306440534,0.00017810597442652657
2026-04-27 10:00:00,-0.0012251819929627317,-0.00035108131766639725
2026-04-27 10:05:00,-0.0016035327875218996,-0.0009705748413510259
2026-04-27 10:10:00,-0.0012913120716131488,0.0026186376011703527
2026-04-27 10:15:00,-0.0011002316268839962,0.0013629161023173113
2026-04-27 10:20:00,-0.001176578162606745,0.001962411568159442
2026-04-27 10:25:00,-0.0017443723993633142,0.00011232185399824762
2026-04-27 10:30:00,-0.0014193742688473066,-0.000257260782251381
2026-04-27 10:35:00,-0.0007118655533506768,0.0025279490342586743
2026-04-27 10:40:00,-0.0015653161491613332,0.0007656393798552444
2026-04-27 10:45:00,-0.0025433439010100756,0.0018854791183133008
2026-04-27 10:50:00,-0.0013521042584763165,0.0013605721995583282
2026-04-27 10:55:00,-0.0007034628299606993,-3.580781954991167e-05
2026-04-27 11:00:00,-0.00022311491892068602,-0.00019241913054953257
2026-04-27 11:05:00,-0.00018069132550024847,-0.0014475664060171717
2026-04-27 11:10:00,-0.0007611256522341847,0.0006685562638120289
2026-04-27 11:15:00,-0.0006781585386335109,-0.001325052168018076
2026-04-27 11:20:00,-0.0002699161469799094,0.0019916431585336276
2026-04-27 11:25:00,0.0005825040610467624,-0.00031197570976919853
2026-04-27 11:30:00,0.000939392269575734,0.0035928661592030697
2026-04-27 11:35:00,0.0008775406478775949,-0.0003271214821067398
2026-04-27 11:40:00,0.000990023365531556,-0.001225780446859287
2026-04-27 11:45:00,0.0017217671705900273,0.0028596089953030444
2026-04-27 11:50:00,0.001883091631329492,0.0023493162245899523
2026-04-27 11:55:00,0.0011303997973968194,-0.0004688321485615266
2026-04-27 12:00:00,7.650215166066232e-05,-0.00046285701341732655
2026-04-27 12:05:00,0.0007076983205411835,0.0030260040468005943
2026-04-27 12:10:00,0.0004677994586543832,0.0011151567515673359
2026-04-27 12:15:00,0.00036145833948353356,-0.0012659639662845475
2026-04-27 12:20:00,-8.502804868015801e-05,0.00148876004982105
2026-04-27 12:25:00,-1.7002609901339838e-05,0.0024190676863701257
2026-04-27 12:30:00,-0.00035057489329304303,0.00016613069322280157
2026-04-27 12:35:00,-0.001315536589597599,0.0016435249107633672
2026-04-27 12:40:00,-0.0013535611663044733,-0.0008957542334403581
2026-04-27 12:45:00,-0.0011815358789100117,0.0015591827700882305
2026-04-27 12:50:00,-0.0012939787183547935,0.0010956189385084086
2026-04-27 12:55:00,-0.0007966714428011556,0.001878411366436037
2026-04-27 13:00:00,-0.00012113110969913521,0.0010791938732142403
2026-04-27 13:05:00,-0.00026771884581933136,0.0009283942113163081
2026-04-27 13:10:00,0.001081479713992195,0.0009770414722292836
2026-04-27 13:15:00,0.00154217102776677,-0.0003188759858122646
2026-04-27 13:20:00,0.0010687019052308955,0.0006207608833217455
2026-04-27 13:25:00,0.000395235924866455,-0.0013318136646369876
2026-04-27 13:30:00,-0.000221031580785791,-0.0010289905712523332
2026-04-27 13:35:00,-9.995799645778902e-05,-0.0013937100170938357
2026-04-27 13:40:00,-0.0008913329633433165,0.0012901475333310678
2026-04-27 13:45:00,0.00010205817324759892,0.00036165146415238373
2026-04-27 13:50:00,-0.00011907065369065606,0.0006092366246168229
2026-04-27 13:55:00,-0.001293020211326379,0.0007356998917426698
2026-04-27 14:00:00,-0.0020124968765600215,-0.0015206225208144386
2026-04-27 14:05:00,-0.0020059205825830873,-0.00015301932020510414
2026-04-27 14:10:00,-0.0027878776293057683,0.0015808240760442306
2026-04-27 14:15:00,-0.002229053618057364,-0.0009772924357998411
2026-04-27 14:20:00,-0.0021385471562265224,9.821939155928497e-05
2026-04-27 14:25:00,-0.001454217912689515,0.000782769400497433
2026-04-27 14:30:00,-0.002306742282671692,0.00011101187456938418
2026-04-27 14:35:00,-0.0020268349575811584,-2.571176398328646e-05
2026-04-27 14:40:00,-0.0010881196940459859,-0.0010288242201633715
2026-04-27 14:45:00,-0.002919144385911565,0.0011259463788285894
2026-04-27 14:50:00,-0.001598194019544863,0.00020697581135490256
2026-04-27 14:55:00,-0.000747225878990676,8.349655685796858e-05
2026-04-27 15:00:00,-0.0004046901513170553,-0.0014282300516251336
2026-04-27 15:05:00,-0.0015897238166751038,0.0006317420953910061
2026-04-27 15:10:00,-0.000685932447638038,0.0004137491447050119
2026-04-27 15:15:00,-0.0011494033946792825,-0.0008157884082875683
2026-04-27 15:20:00,-0.001190297619086067,0.0010095474443835924
2026-04-27 15:25:00,-0.0023793533720972704,-0.002224690470280063
2026-04-27 15:30:00,-0.0016887393696265462,-0.0006951064453414645
2026-04-27 15:35:00,0.00030684389983726135,-0.0017771425669900196
2026-04-27 15:40:00,8.734880406890966e-05,-0.0009998455880123143
2026-04-27 15:45:00,0.0002515819829405075,-0.0013281775860394269
2026-04-27 15:50:00,-0.0030075210639566308,-0.0002009022833909636
2026-04-27 15:55:00,-0.0035927671347888435,-0.0023749473635102654
2026-04-27 16:00:00,-0.005464412758907855,-0.0004202601571371785
2026-04-27 16:05:00,-0.0038312462928615787,-0.0007126568768233633
2026-04-27 16:10:00,-0.003868765861108514,0.00023999644098137706
2026-04-27 16:15:00,-0.0037083704776268434,0.00017740620413238793
2026-04-27 16:20:00,-0.004163327789338922,-0.002209129690235402
2026-04-27 16:25:00,-0.0016990435230113121,-0.0014822890162546243
2026-04-27 16:30:00,-0.0015163231861539117,-0.0009055810824520429
2026-04-27 16:35:00,-0.0031068781686354185,-0.0010172195315394953
2026-04-27 16:40:00,-0.0035191578397899548,-0.0001482384388630687
2026-04-27 16:45:00,-0.0035664289835430907,-0.0014400234052183033
2026-04-27 16:50:00,-0.001971522623628985,-4.560528971397645e-05
2026-04-27 16:55:00,-0.0018676139233484434,-1.6884389615869267e-05
2026-04-27 17:00:00,0.00048826871167761965,-0.001188970919885562
2026-04-27 17:05:00,0.0004345038965016812,0.00040120661607655173
2026-04-27 17:10:00,1.2835212979567245e-05,-0.0011713651119605241
2026-04-27 17:15:00,-0.00018385575498847118,-0.0012904343119305287
2026-04-27 17:20:00,0.00038931147976484226,-0.0007831257708054201
2026-04-27 17:25:00,-0.0009382718320907202,-0.002379233110459003
2026-04-27 17:30:00,-0.00014748364080396925,-0.000276165994723605
2026-04-27 17:35:00,-0.0003270394304042412,-0.000989347306345364
2026-04-27 17:40:00,-0.0005196388306369926,-0.0011459795138764734
2026-04-27 17:45:00,0.0003828791057873815,-0.0008756174767385996
2026-04-27 17:50:00,0.0009028495999565678,-0.0005333333884404057
2026-04-27 17:55:00,0.0015191718087770312,-0.0013074964347882456
2026-04-27 18:00:00,0.0007276774569877631,-0.0004942234996616311
2026-04-27 18:05:00,8.773403326500784e-05,-0.0008721772262218516
2026-04-27 18:10:00,-0.0001069651423009077,-0.002479266129007752
2026-04-27 18:15:00,-0.0012023089199768577,4.248444675303495e-05
2026-04-27 18:20:00,-0.00022030601235734082,-0.00090201896802806
2026-04-27 18:25:00,0.0007331668539425351,-0.0008215220982063297
2026-04-27 18:30:00,0.0015506958810060922,-0.001039466937764292
2026-04-27 18:35:00,0.0006432895612498157,-0.0014364703073728132
2026-04-27 18:40:00,0.001773785208815326,-0.0012156662735808054
2026-04-27 18:45:00,0.0013079552030710317,0.0004159730517083584
2026-04-27 18:50:00,0.0012587771436312067,3.963785687180369e-06
2026-04-27 18:55:00,0.0010834063608804456,-0.0028027376558238505
2026-04-27 19:00:00,0.0013170331033691696,-0.0012971993507583084
2026-04-27 19:05:00,0.001810736857306594,-0.002624852551455198
2026-04-27 19:10:00,0.001571236651091823,-0.000570915871227077
2026-04-27 19:15:00,0.0022451354159400694,-0.001994945271739767
2026-04-27 19:20:00,0.001991683459390714,-0.0011462978391139317
2026-04-27 19:25:00,0.0008351123561904927,-0.003133278502129621
2026-04-27 19:30:00,-0.00043335465205629475,0.00036033935870075453
2026-04-27 19:35:00,0.000587361493021632,-0.0024007667992265195
2026-04-27 19:40:00,-0.0001387973955306876,-0.000419184437388834
2026-04-27 19:45:00,0.00035661244186613317,-0.0007090907168020638
2026-04-27 19:50:00,0.00036301981632647085,-0.0005294846379938056
2026-04-27 19:55:00,-0.00041228260954362383,-0.0008678344982105051
2026-04-27 20:00:00,-0.00023505730164252725,-0.0005085044873733217
2026-04-27 20:05:00,-0.0005020600590643909,-0.0008152461011126458
2026-04-27 20:10:00,-0.0002456768891292427,-0.00048550950462584764
2026-04-27 20:15:00,-4.6989269367969655e-05,-0.0007316997280082094
2026-04-27 20:20:00,-0.00030106236808968845,-0.000823197950351505
2026-04-27 20:25:00,-0.0003630066384658903,-7.715273630534236e-05
2026-04-27 20:30:00,-0.0009249755797320347,-0.002848247286703244
2026-04-27 20:35:00,-0.0011772059279735458,0.0002383100675539914
2026-04-27 20:40:00,-0.0005511089604972597,-0.0014973181612346275
2026-04-27 20:45:00,-0.0005787587175571929,-0.0003866647610811546
2026-04-27 20:50:00,-0.0008137748386083388,0.00013955734739421485
2026-04-27 20:55:00,0.00017945995420554084,-4.470033189150812e-05
2026-04-27 21:00:00,6.411386623383919e-06,0.0005010080787643836
2026-04-27 21:05:00,-1.7095843572789704e-05,-0.0009526920839481405
2026-04-27 21:10:00,-0.00025001148687131547,0.00010769645811339514
2026-04-27 21:15:00,-0.0004999316436933299,-0.0019131123885671065
2026-04-27 21:20:00,-0.000749847021486616,-0.0020875112918315726
2026-04-27 21:25:00,-0.0005084307757137196,-0.0016560843936358702
2026-04-27 21:30:00,7.693589961021985e-05,0.00013568897691324742
2026-04-27 21:35:00,0.0004103633910865767,-0.002125427259953573
2026-04-27 21:40:00,4.273330784343443e-06,-0.00025014715218643467
2026-04-27 21:45:00,-0.000202965215663653,-0.0019042091298095754
2026-04-27 21:50:00,-0.000145310323272696,-0.0022807848709950223
2026-04-27 21:55:00,0.00020292186189685424,-0.0005968974522450278
2026-04-27 22:00:00,0.0007647971524118446,-0.0020155566908480705
2026-04-27 22:05:00,0.0020835386694351143,0.0004067787827847336
2026-04-27 22:10:00,0.0021199090379599994,-0.0012863112337488777
2026-04-27 22:15:00,0.001810531035539853,2.3152593923887675e-05
2026-04-27 22:20:00,0.0018085021588962746,-0.0006614545105490111
2026-04-27 22:25:00,0.002072690019010892,-0.0003518196250355866
2026-04-27 22:30:00,0.0020430455519573343,-0.0011095712406176447
2026-04-27 22:35:00,0.001774164916112042,0.00023217308512848164
2026-04-27 22:40:00,0.0015500138676109998,-0.0004127973965766078
2026-04-27 22:45:00,0.001486033482892779,-8.929497116643139e-05
2026-04-27 22:50:00,0.0017465985278821705,-0.0002144734870843863
2026-04-27 22:55:00,0.0012593304161843122,-0.0014042734031002296
2026-04-28 00:00:00,0.0012314181750756603,6.0884296896873956e-05
2026-04-28 00:05:00,-0.00020047987270466194,-0.0021457055328619533
2026-04-28 00:10:00,0.00017059278902920028,0.0007129766324850514
2026-04-28 00:15:00,0.0006781049147353002,-0.00013016999733071163
2026-04-28 00:20:00,0.0006845408139533049,-0.0001026884445244831
2026-04-28 00:25:00,0.0002494576441325336,0.0007100814706399714
2026-04-28 00:30:00,0.0006822198846005989,-0.0011769099846410155
2026-04-28 00:35:00,0.0011810303196337912,-0.00010878422136469217
2026-04-28 00:40:00,0.0014943623123429006,-0.0004078645722295468
2026-04-28 00:45:00,0.0016159018455752516,-0.00038446304868050395
2026-04-28 00:50:00,0.0015582586046143376,-0.0006816396377309589
2026-04-28 00:55:00,0.0009700965846910492,0.0009839357688671724
2026-04-28 01:00:00,0.001824063649022989,0.00026841872602156847
2026-04-28 01:05:00,0.0026520383505932443,-0.0008090134308537594
2026-04-28 01:10:00,0.0017022005952895825,0.0008224562437083985
2026-04-28 01:15:00,0.0012781922990825478,0.0007966243427521113
2026-04-28 01:20:00,0.0012931637760580372,-0.0010611211935755455
2026-04-28 01:25:00,0.0009524835074277149,0.0010739719646670482
2026-04-28 01:30:00,0.0002684964216612684,-0.0010189835605402514
2026-04-28 01:35:00,-0.0003686557425783832,0.0010663443656813148
2026-04-28 01:40:00,-0.00014060083446310045,0.0007754553914574159
2026-04-28 01:45:00,-0.00018959466209444997,-0.002221027132480328
2026-04-28 01:50:00,-0.00034938442654741664,-0.0019043790689385143
2026-04-28 01:55:00,-0.0005094498797664215,-0.00071623069770334
2026-04-28 02:00:00,-0.001529772260040474,-0.0015094245283326438
2026-04-28 02:05:00,-0.0024153057709259684,-0.00016244298972097843
2026-04-28 02:10:00,-0.002115938402324602,0.0009144754074431599
2026-04-28 02:15:00,-0.0016768964094175942,-0.002072377398396747
2026-04-28 02:20:00,-0.0015575414453596892,-6.92942508871474e-05
2026-04-28 02:25:00,-0.0015581124630603682,-5.177022209457263e-06
2026-04-28 02:30:00,-0.0018511059669510388,-0.0011249542861578084
2026-04-28 02:35:00,-0.00031548969377759306,-0.0002715764322545554
2026-04-28 02:40:00,-0.0013537614778798002,0.0011077112784706326
2026-04-28 02:45:00,-0.001891522727509809,0.0010708642869018934
2026-04-28 02:50:00,-0.0025943727788391158,0.001158498225858334
2026-04-28 02:55:00,-0.004354754261687077,0.0006204048764018374
2026-04-28 03:00:00,-0.0037084233867812344,-0.0021987903789960385
2026-04-28 03:05:00,-0.0029664011398882195,0.0002494062942526588
2026-04-28 03:10:00,-0.002261519170801307,-0.0026286264659516902
2026-04-28 03:15:00,-0.002404119331238519,4.0578479503788235e-05
2026-04-28 03:20:00,-0.002855036847853043,-0.0003668381883493339
2026-04-28 03:25:00,-0.002652878389325153,3.65788144764179e-05
2026-04-28 03:30:00,-0.002359363639159895,0.0012246838271936767
2026-04-28 03:35:00,-0.0040376646685178486,-0.00066319390676532
2026-04-28 03:40:00,-0.00348770468727011,0.0013114383032186668
2026-04-28 03:45:00,-0.0031212546264107743,0.0009859593879649208
2026-04-28 03:50:00,-0.002252058119429634,0.0006148939636215006
2026-04-28 03:55:00,-0.0001306362307520459,0.0011343671591050345
2026-04-28 04:00:00,-0.0003210747039990025,-0.0006657603349094657
2026-04-28 04:05:00,-0.0005412650544460718,0.0008748021674500419
2026-04-28 04:10:00,-0.0009582560474541424,0.00043395572271830813
2026-04-28 04:15:00,-0.0009260378754660792,-0.0004948656276904308
2026-04-28 04:20:00,-0.0006652812234975158,-0.0004344822131937141
2026-04-28 04:25:00,-0.00010694615271411578,0.0002600578352402089
2026-04-28 04:30:00,-0.0002760500887948325,0.0008769120148758375
2026-04-28 04:35:00,0.0003938019056128894,-0.0006163334516563129
2026-04-28 04:40:00,0.00018837309916541756,0.0004444286032019766
2026-04-28 04:45:00,0.00030614265844697286,-0.00018438895410195978
2026-04-28 04:50:00,-0.00015203084328341276,9.402521218534465e-05
2026-04-28 04:55:00,0.00040256184043307996,-0.00017314118940970014
2026-04-28 05:00:00,-0.000698158047645947,-0.0006016541584807068
2026-04-28 05:05:00,-0.0011005482440040737,-0.0007475261831049527
2026-04-28 05:10:00,-0.0006593340964720085,0.0008669118230204626
2026-04-28 05:15:00,-0.0010982413188358464,0.0013629637914458386
2026-04-28 05:20:00,-0.0012847527333743614,-0.0005815428150779782
2026-04-28 05:25:00,-0.0016012813669732395,-0.0007273097694304439
2026-04-28 05:30:00,-0.0007793431645257698,-4.355729669176491e-05
2026-04-28 05:35:00,-0.0009333910601156958,0.0005598014422796184
2026-04-28 05:40:00,-0.00044958542559037085,-9.973976791361402e-05
2026-04-28 05:45:00,-0.0008394400229114751,0.0004649136727834452
2026-04-28 05:50:00,-0.0003705381519978346,0.0010990405870209897
2026-04-28 05:55:00,-0.0007110167195722994,-0.0005337648196446607
2026-04-28 06:00:00,-0.0009495058675010881,-0.00018503306857654006
2026-04-28 06:05:00,-0.0029178120820461118,-0.0008777782361049399
2026-04-28 06:10:00,-0.003698606728098852,0.0004424316605639773
2026-04-28 06:15:00,-0.0028378853969304174,0.0013125597459383693
2026-04-28 06:20:00,-0.0018143103843861752,-0.0011555324385251085
2026-04-28 06:25:00,-0.0020953824553497924,-0.0009425096310332928
2026-04-28 06:30:00,-0.005270053494292881,0.0008500084540848507
2026-04-28 06:35:00,-0.006784640831414279,-0.0003078035716358582
2026-04-28 06:40:00,-0.009609355312559131,0.00012274937119486915
2026-04-28 06:45:00,-0.008560861677343823,0.0011205703823153573
2026-04-28 06:50:00,-0.007700922874699145,0.00028242266458026506
2026-04-28 06:55:00,-0.007759729409064775,-0.0009799406822214197
2026-04-28 07:00:00,-0.006248884299214552,0.00046853822845017523
2026-04-28 07:05:00,-0.0029866890849987726,0.000956117637593634
2026-04-28 07:10:00,-0.0024834147001158158,-0.0006826946425086915
2026-04-28 07:15:00,-0.004708930784476095,0.00023823050709846443
2026-04-28 07:20:00,-0.007117375775086643,0.0007085336079045577
2026-04-28 07:25:00,-0.00563011816234571,-0.002881973564747744
2026-04-28 07:30:00,-0.0031529507910548205,0.0004675052136395441
2026-04-28 07:35:00,-0.0011219495479775077,-0.0004026592893322205
2026-04-28 07:40:00,0.0011063525638963512,0.0012236732185405056
2026-04-28 07:45:00,-0.00043440440274444825,0.0011630932297947746
2026-04-28 07:50:00,-0.001263694237554347,-0.0006570222085146703
2026-04-28 07:55:00,-0.0006673743818268463,-0.0005985881938241218
2026-04-28 08:00:00,0.0010826363033213937,-0.0007718660208898563
2026-04-28 08:05:00,-0.00131110511718191,0.0008914100217751151
2026-04-28 08:10:00,-0.0014813619592590754,-0.001266446962581931
2026-04-28 08:15:00,-2.158246985572987e-05,-0.006130320655897863
2026-04-28 08:20:00,0.0009226857073265649,-0.005135703219837513
2026-04-28 08:25:00,-0.00029367814813774373,-0.006025639809065937
2026-04-28 08:30:00,-0.0005833713410350327,-0.001407493873715577
2026-04-28 08:35:00,-0.0010713415039838026,-0.00048137238396580065
2026-04-28 08:40:00,-0.0002959158238287074,0.0009094239572744993
2026-04-28 08:45:00,0.0004689757504472425,0.0009833384394808183
2026-04-28 08:50:00,-2.5938655083379558e-05,-0.0010576541055859056
2026-04-28 08:55:00,0.0008810991849728111,0.0008791638843971837
2026-04-28 09:00:00,-0.004112476691195965,-0.0014963059509610335
2026-04-28 09:05:00,-0.0026490138952830478,-0.0004611711993339405
2026-04-28 09:10:00,-0.0029671592276923064,-0.0006694817399767745
2026-04-28 09:15:00,-0.0023552861107045686,-0.001257940264475589
2026-04-28 09:20:00,-0.0018397320175456144,-0.002200685835188487
2026-04-28 09:25:00,-0.0006243525785620818,-0.0022003106915524724
2026-04-28 09:30:00,0.001170720040056139,-0.0027715925395004216
2026-04-28 09:35:00,0.00044725183940563795,-0.0019996381125568126
2026-04-28 09:40:00,-0.00022469531194246883,0.0006705931866013526
2026-04-28 09:45:00,-0.0004516824165943234,0.0006006802022838513
2026-04-28 09:50:00,0.00032418484006591086,-0.006102366591905565
2026-04-28 09:55:00,-0.0006845122362015843,0.0001605117285243633
2026-04-28 10:00:00,0.0005495967958797365,-0.001998031316012028
2026-04-28 10:05:00,0.0011698019482153654,-0.0014459418768971127
2026-04-28 10:10:00,0.0009907523388985595,-0.0011918336322959448
2026-04-28 10:15:00,-3.894123119607684e-05,-0.0027715531462959384
2026-04-28 10:20:00,-0.0011301613522984866,-0.0027640550444434447
2026-04-28 10:25:00,-0.0018537490721310945,-0.000563426994318098
2026-04-28 10:30:00,-0.004355005233477982,0.00033487892548640907
2026-04-28 10:35:00,-0.004114907008608171,-0.00018893200729403658
2026-04-28 10:40:00,-0.0031098637095912096,-0.0012430985066794386
2026-04-28 10:45:00,-0.003495000341965593,-0.0008393417167078937
2026-04-28 10:50:00,-0.003485085859795234,-0.0016904551434753356
2026-04-28 10:55:00,-0.0052497992718656405,-0.002719434546722484
2026-04-28 11:00:00,-0.003265225892832291,-0.00526824731380911
2026-04-28 11:05:00,-0.003734744679229962,-0.0024055637950248735
2026-04-28 11:10:00,-0.002660811135783092,0.0003791326972117542
2026-04-28 11:15:00,-0.0016564056328807197,-0.0008017877108290558
2026-04-28 11:20:00,-0.0007411436922701853,-0.0020590008961304178
2026-04-28 11:25:00,-0.0015709118092317453,-0.006147876437573453
2026-04-28 11:30:00,5.420248096932312e-05,-0.001942760795052113
2026-04-28 11:35:00,0.0009864360434921338,-0.003336187831218312
2026-04-28 11:40:00,8.669981490072587e-06,0.0003342611912776244
2026-04-28 11:45:00,0.0008044555560182687,-0.006211177983444141
2026-04-28 11:50:00,-0.00034483918148531245,-0.0017098279907507676
2026-04-28 11:55:00,-0.00017155955275960366,-0.0059430089073835715
2026-04-28 12:00:00,-0.0004037474766356297,-0.0024646350871110846
2026-04-28 12:05:00,-0.0017998170304860395,-0.00021848672567934297
2026-04-28 12:10:00,-0.003094045079240715,-0.0027185621761488723
2026-04-28 12:15:00,-0.0037647082853933256,-0.0021823684690850088
2026-04-28 12:20:00,-0.0024918398668560826,-0.0003310980530765424
2026-04-28 12:25:00,-0.002666442424162696,-0.005118427747313876
2026-04-28 12:30:00,-0.004689610413118217,-0.004203968164649454
2026-04-28 12:35:00,-0.009663341502282208,-0.003596905710770886
2026-04-28 12:40:00,-0.009016082421583249,-0.0005528862284141302
2026-04-28 12:45:00,-0.011758031380470158,-0.0007922110985826104
2026-04-28 12:50:00,-0.011181465499396026,-0.004699215837572215
2026-04-28 12:55:00,-0.008856719587038597,-0.0006537713711297395
2026-04-28 13:00:00,-0.007997749474876414,-0.0007851188449263008
2026-04-28 13:05:00,-0.006881691317369487,-0.001894527054095341
2026-04-28 13:10:00,-0.0036578724715194966,-0.007803757436267105
2026-04-28 13:15:00,-0.003923052280162764,-0.0007419490156250376
2026-04-28 13:20:00,-0.005115969986688285,-0.0010686536596746482
2026-04-28 13:25:00,-0.0041483981204279985,-0.006936580373253275
2026-04-28 13:30:00,-0.002534313809682942,-0.0009079628359860444
2026-04-28 13:35:00,0.0030257473571850824,-0.0017544775000288481
2026-04-28 13:40:00,0.0032883848871794186,-0.001575195609524416
2026-04-28 13:45:00,0.00850370143653656,-0.005111176436956026
2026-04-28 13:50:00,0.007924575956451463,-0.004808873564563256
2026-04-28 13:55:00,0.006689061189023349,-0.002043635255611855
2026-04-28 14:00:00,0.0032229228864775195,-0.0038906657101822196
2026-04-28 14:05:00,0.00038720644165302076,0.0019320652849966879
2026-04-28 14:10:00,-0.0011749240271718975,0.00018133456921600187
2026-04-28 14:15:00,-0.00037130713642063995,-0.002213378092911222
2026-04-28 14:20:00,-0.00015073812556209987,-0.0013681700753803358
2026-04-28 14:25:00,0.00012007462106389255,-0.00038653470364229835
2026-04-28 14:30:00,-0.000310141859623414,-0.0005259056430482882
2026-04-28 14:35:00,-0.0011021906333983367,-0.0007359312078515371
2026-04-28 14:40:00,-0.0012629803430215247,-0.0002486592325230013
2026-04-28 14:45:00,-0.00269570701230748,-0.0013728688807805767
2026-04-28 14:50:00,-0.0029640887737958366,-0.0013764159847925285
2026-04-28 14:55:00,-0.0031828068245296492,-0.0018231234508647857
2026-04-28 15:00:00,-0.0039760701579840685,-0.0011410154079414048
2026-04-28 15:05:00,-0.0005119319636097686,-0.00044311597254355594
2026-04-28 15:10:00,-0.0016117589700197499,-0.0016742075713069837
2026-04-28 15:15:00,-0.0012437907707116835,-0.0007276039290861918
2026-04-28 15:20:00,-0.0020185834566106564,-0.0017976140086997325
2026-04-28 15:25:00,-0.0020147947770432495,-0.0012582450502502255
2026-04-28 15:30:00,-0.0016527989840540158,-0.0034179871231181315
2026-04-28 15:35:00,-0.004159966434633233,-0.0030618116831282686
2026-04-28 15:40:00,-0.0038138771468734234,-0.004012764285036979
2026-04-28 15:45:00,-0.005170003700591508,0.001602777979256343
2026-04-28 15:50:00,-0.0039892099426044325,0.0021023652479370144
2026-04-28 15:55:00,-0.0009502641247660648,-0.0018184470410566528
2026-04-28 16:00:00,0.0022511864328702558,-0.002855095419445736
2026-04-28 16:05:00,0.0005009959861030922,-0.0013942152626673738
2026-04-28 16:10:00,0.0008510350214638862,-0.0011764762957082872
2026-04-28 16:15:00,0.00024275905626858219,-0.0018391709495494638
2026-04-28 16:20:00,0.0008206093758307276,-0.0017952625750749362
2026-04-28 16:25:00,0.0010756450534259443,-0.002149417247238376
2026-04-28 16:30:00,0.0002406565121244597,-0.0021519501366753955
2026-04-28 16:35:00,0.004081348022161535,-0.0009112029831227248
2026-04-28 16:40:00,0.0030234305907796966,-0.0022473158789201642
2026-04-28 16:45:00,0.004264725211113429,-5.170415836719988e-05
2026-04-28 16:50:00,0.0043754750583921975,-0.0012178695505763249
2026-04-28 16:55:00,0.002444828879244909,-0.0003444653515078897
2026-04-28 17:00:00,0.001650709459186217,-5.528235269370698e-06
2026-04-28 17:05:00,0.0029527408541625277,-0.0009217410588932902
2026-04-28 17:10:00,0.0027864964756769695,0.00044608617743533763
2026-04-28 17:15:00,0.001704214409310012,-0.0021630790531505105
2026-04-28 17:20:00,0.002261393959948066,0.0007764989875149722
2026-04-28 17:25:00,0.0013472956228888222,-0.0009044617162866244
2026-04-28 17:30:00,0.0020825396582218048,0.0010896221568479072
2026-04-28 17:35:00,0.001318224865263673,-8.02040068535164e-05
2026-04-28 17:40:00,0.0015606398952314748,-0.0008324874804784318
2026-04-28 17:45:00,0.001046994893387776,0.0014180511100296547
2026-04-28 17:50:00,0.0022448019399554653,-9.139560399026201e-05
2026-04-28 17:55:00,0.0012637268546029645,-7.14933585395136e-05
2026-04-28 18:00:00,0.0013713341041849958,-0.0011008384866128737
2026-04-28 18:05:00,0.001257506793772123,0.0015922418732426038
2026-04-28 18:10:00,0.0018018435092752583,0.0008554067810609625
2026-04-28 18:15:00,0.0017013150030660285,0.0006736495379144497
2026-04-28 18:20:00,0.002863639212101532,-0.0007422297971788248
2026-04-28 18:25:00,0.0024671513225875685,0.00038794405412442725
2026-04-28 18:30:00,0.003264757498373072,0.0010915469138308527
2026-04-28 18:35:00,0.0030531715047050767,-0.0009095572930732554
2026-04-28 18:40:00,0.003029193395997609,-0.000928250303773723
2026-04-28 18:45:00,0.0025018003575230097,0.00035497932518687033
2026-04-28 18:50:00,0.0008377843380458216,-0.0010193288914725096
2026-04-28 18:55:00,0.000589918506046061,0.0009136632956246622
2026-04-28 19:00:00,0.0008536808971637555,-0.000783110442288429
2026-04-28 19:05:00,0.0011014703346603483,0.0003063496973599372
2026-04-28 19:10:00,0.0004940136313305032,-0.0007359261455837378
2026-04-28 19:15:00,0.0020225403592153413,-0.00019060563957995938
2026-04-28 19:20:00,0.0009418562223064697,0.0014306464863973127
2026-04-28 19:25:00,0.00117042026657721,0.0012098987901410455
2026-04-28 19:30:00,-0.0001479692313726133,0.00032237188468177413
2026-04-28 19:35:00,-0.0004958871914766405,-0.0005084365449192263
2026-04-28 19:40:00,-0.00024138909756032945,0.0015035143803065587
2026-04-28 19:45:00,-6.959123849092919e-05,0.0002991989309195619
2026-04-28 19:50:00,-0.0005352305861929807,0.0003426986193599068
2026-04-28 19:55:00,-0.00017193292917205838,0.000988503488032434
2026-04-28 20:00:00,0.0004396226280576343,0.0020615396929707197
2026-04-28 20:05:00,0.00010007353237462269,-0.0011238844691760057
2026-04-28 20:10:00,-5.874654457826978e-05,-0.0002346858788031775
2026-04-28 20:15:00,-0.000654863910705572,0.0009914140522904295
2026-04-28 20:20:00,-0.0007721260710784605,0.0010807721518488705
2026-04-28 20:25:00,-0.0005915654254646796,-0.003103116007036186
2026-04-28 20:30:00,0.0003350754386239885,0.00016923526015073527
2026-04-28 20:35:00,0.0004219547005064328,0.001304577979860066
2026-04-28 20:40:00,0.00017180542534234178,-0.0036512334163287643
2026-04-28 20:45:00,4.349594291852554e-06,0.0009782724207175327
2026-04-28 20:50:00,1.5234099137728663e-05,4.236571307177982e-05
2026-04-28 20:55:00,0.0002480962974562573,0.0012142695811972553
2026-04-28 21:00:00,0.0003828800457501558,0.00031440924273879833
2026-04-28 21:05:00,0.00026753874305462944,0.001102502645336353
2026-04-28 21:10:00,0.0003676530614811213,-0.0005719435117143408
2026-04-28 21:15:00,-0.00010446978329881063,0.001203992323856174
2026-04-28 21:20:00,-0.0007313505933002062,-5.599498513028451e-05
2026-04-28 21:25:00,-0.0007856699437063241,0.0008432606443996208
2026-04-28 21:30:00,-0.0005483637355645499,-0.00010460233289401327
2026-04-28 21:35:00,-0.0009050286267378027,0.001206321292974927
2026-04-28 21:40:00,-0.0010900511619222897,-7.837598948922905e-05
2026-04-28 21:45:00,-0.0010705707250959762,0.000788554398038435
2026-04-28 21:50:00,0.0002567684615399912,0.0008561579863602262
2026-04-28 21:55:00,0.0002589120703397896,0.0011309920958768249
2026-04-28 22:00:00,0.00016746393311883878,0.0010121239269573073
2026-04-28 22:05:00,-0.0005569091685870831,0.000632762345646852
2026-04-28 22:10:00,-0.00021970539987314908,0.0021705272781950423
2026-04-28 22:15:00,0.00054834464398823,0.00039420428194084507
2026-04-28 22:20:00,0.0008684193030124021,0.0012533211698706264
2026-04-28 22:25:00,0.0006877669176645895,0.00021202702683850247
2026-04-28 22:30:00,0.0006223263018370062,-0.00017541746179591697
2026-04-28 22:35:00,-3.700176847232228e-05,0.00039968232795202453
2026-04-28 22:40:00,6.09523809700363e-05,-0.00010142999389158072
2026-04-28 22:45:00,0.0002068051978607599,0.0020441355955708256
2026-04-28 22:50:00,-0.00021759612938865303,0.0006271955697054015
2026-04-28 22:55:00,-0.0005461870946223968,4.14037573952769e-05
2026-04-29 00:00:00,-0.0010291502804005148,-3.7732695222924894e-05
2026-04-29 00:05:00,-0.0009818724507155707,0.0008393520421491078
2026-04-29 00:10:00,-0.0012495402926280264,-0.0019414238257620378
2026-04-29 00:15:00,-0.0010469028631625577,-0.0007819696109463627
2026-04-29 00:20:00,-0.0009489876364359162,0.0007226047071506228
2026-04-29 00:25:00,-0.000929468234806663,0.0021443206280197125
2026-04-29 00:30:00,-0.0012254383345666753,-0.0011245865067779435
2026-04-29 00:35:00,-0.0012697722976930947,0.0021458051118249857
2026-04-29 00:40:00,-0.0008449569857766903,0.0011352624051594994
2026-04-29 00:45:00,-0.0010409907338022606,-0.0002262822267305042
2026-04-29 00:50:00,-0.0005768588346981574,-0.0005610656573372747
2026-04-29 00:55:00,0.0002807469628667292,-0.000854169884135133
2026-04-29 01:00:00,0.0029149881575847303,-2.3331612100929286e-05
2026-04-29 01:05:00,0.00377200190258975,0.0022226270554247013
2026-04-29 01:10:00,0.0036614785950899176,-0.00044129714480790644
2026-04-29 01:15:00,0.0018797243385115792,-3.164916760076595e-05
2026-04-29 01:20:00,0.0022817080722354888,-2.4045571023793294e-05
2026-04-29 01:25:00,0.001881983883063043,0.0004975457723468553
2026-04-29 01:30:00,0.0023059730543106838,0.002036348671640847
2026-04-29 01:35:00,0.003172498988995187,0.0010899757698836405
2026-04-29 01:40:00,0.0030259117947366576,0.00011606306968659813
2026-04-29 01:45:00,0.002285272528350646,0.00038350537480072623
2026-04-29 01:50:00,0.00124037906214447,-0.0009050057453506108
2026-04-29 01:55:00,0.001056990589844986,0.0007618919605978272
2026-04-29 02:00:00,-0.005391024627618535,0.0001331683037743086
2026-04-29 02:05:00,-0.005880513588818914,0.00239024579322696
2026-04-29 02:10:00,-0.005486346351686322,0.0031143474039517483
2026-04-29 02:15:00,-0.003398701489601308,0.002173107305922115
2026-04-29 02:20:00,-0.003746133906476601,-0.0003067595290834634
2026-04-29 02:25:00,-0.00459696800151832,0.0016469305840260179
2026-04-29 02:30:00,-0.0034129874539488014,0.00034168432467940736
2026-04-29 02:35:00,-0.003918125011439955,-0.00039533531601685637
2026-04-29 02:40:00,-0.002888666610356694,0.0027901085929888996
2026-04-29 02:45:00,-0.003488770666693952,-0.0006231174286529214
2026-04-29 02:50:00,-0.003557695327033983,0.001222965156786152
2026-04-29 02:55:00,-0.00325065468014607,0.0029745147218562984
2026-04-29 03:00:00,0.0022604988170566997,-0.0013764006023072816
2026-04-29 03:05:00,0.0038517055666300593,-0.0023937073786653605
2026-04-29 03:10:00,0.0041072559634187655,0.0032230640084096253
2026-04-29 03:15:00,0.0035508393528793647,0.0007487042560179794
2026-04-29 03:20:00,0.002874522620336606,-0.0028419508869350386
2026-04-29 03:25:00,0.004186062252948375,0.0034080047250123636
2026-04-29 03:30:00,0.002858734198193602,-0.0011910887324496978
2026-04-29 03:35:00,0.002468031762244749,-0.0006932013542805316
2026-04-29 03:40:00,0.0014083972832263925,0.0002416475421815691
2026-04-29 03:45:00,0.003467030780088365,-0.000577414293454216
2026-04-29 03:50:00,0.002476257758424083,-0.0006379663181217171
2026-04-29 03:55:00,0.0018432622672381882,-0.0006553794271930047
2026-04-29 04:00:00,0.0009815177314251855,-0.0010699526591772684
2026-04-29 04:05:00,0.00020871833970836917,0.002428388913766159
2026-04-29 04:10:00,0.00015429197940619588,-0.0015655743504598254
2026-04-29 04:15:00,-0.0002477792256314615,-0.0004388951545214843
2026-04-29 04:20:00,0.00019351549217105912,-0.001313611587797644
2026-04-29 04:25:00,-3.4793424916301774e-05,-0.0007193137650568726
2026-04-29 04:30:00,-0.0005763143660697523,-0.00042455993808695596
2026-04-29 04:35:00,-0.0003372795067217993,-0.0018985550064488062
2026-04-29 04:40:00,-0.0007115695630979246,0.0015888053115931094
2026-04-29 04:45:00,-0.001481599397296307,-0.001753480994316279
2026-04-29 04:50:00,0.0004287982722228634,0.002928842399975786
2026-04-29 04:55:00,0.0003504018230628958,-0.0018109256683245267
2026-04-29 05:00:00,0.00016965483981046248,0.0029838453166617057
2026-04-29 05:05:00,4.3477504744871e-05,0.0017265428625873817
2026-04-29 05:10:00,-0.0002520949976840825,0.00133616342043373
2026-04-29 05:15:00,-8.912859414245133e-05,0.0024075650454457626
2026-04-29 05:20:00,-6.522575723977297e-05,0.0011526497828378644
2026-04-29 05:25:00,0.0007630028770826414,-0.0016804494794694805
2026-04-29 05:30:00,0.001250072177807482,0.001363371208659711
2026-04-29 05:35:00,0.0018264765830995344,-0.0014809136241530553
2026-04-29 05:40:00,0.0018377300838832156,0.0007347683526226788
2026-04-29 05:45:00,0.002429019812060673,-0.0016024419298492013
2026-04-29 05:50:00,0.0020131098029860794,-0.0008628704649736011
2026-04-29 05:55:00,0.0020607493375148778,0.0007670177921246386
2026-04-29 06:00:00,0.0014930257620093812,0.002112402923892207
2026-04-29 06:05:00,0.0005194099706571365,0.0002696849709046407
2026-04-29 06:10:00,6.954979550677365e-05,0.000777124721839191
2026-04-29 06:15:00,0.00023693411712066847,-0.0014244320893914805
2026-04-29 06:20:00,0.00017827365923395178,-0.00195798116941516
2026-04-29 06:25:00,-0.00017819927507112254,-0.0012810294154314875
2026-04-29 06:30:00,-0.0015524982244343732,0.001576292600429846
2026-04-29 06:35:00,-0.0016632626168462394,0.0004413479613325859
2026-04-29 06:40:00,-0.0006368423269798029,-0.0009916602143459354
2026-04-29 06:45:00,-0.0010148170669150858,0.0011685776146969633
2026-04-29 06:50:00,-0.0014822641795682046,-0.0005657367608191749
2026-04-29 06:55:00,-0.00313410677384951,0.002389055451344281
2026-04-29 07:00:00,-0.001638753175877028,4.1564502633257536e-05
2026-04-29 07:05:00,-0.0021511114572518863,-0.0007391153280038092
2026-04-29 07:10:00,-0.002774874707668573,-0.0012865755818802704
2026-04-29 07:15:00,-0.0032960292476609254,-0.0004131487574391217
2026-04-29 07:20:00,-0.003309761583224713,-0.0018213548959971082
2026-04-29 07:25:00,-0.003461619792002324,0.00262027560222605
2026-04-29 07:30:00,-0.002588501792850195,-0.0009399861214087536
2026-04-29 07:35:00,-0.002191464190728354,-0.001042893287146132
2026-04-29 07:40:00,-0.003120514618462522,-0.0027043408905341217
2026-04-29 07:45:00,-0.0031378808594340057,-0.0018035038067234293
2026-04-29 07:50:00,-0.003030038009947944,-0.0024797736173744647
2026-04-29 07:55:00,-0.0012358960674134778,-0.0011298418246324829
2026-04-29 08:00:00,-0.0020249797889491106,0.00019398537173400163
2026-04-29 08:05:00,-0.002834604988152023,-0.0006360780718524725
2026-04-29 08:10:00,-0.0020616517309033355,0.0013966028496573723
2026-04-29 08:15:00,-0.0020409662707319143,-0.0019209491668562614
2026-04-29 08:20:00,-0.0020107969725025043,-0.0019014500798152268
2026-04-29 08:25:00,-0.0021636027718283657,-0.001219404373465922
2026-04-29 08:30:00,-0.0012224967085217031,-0.0017738177468796148
2026-04-29 08:35:00,-0.002987769412627017,0.0012558997729509701
2026-04-29 08:40:00,-0.0031434098976905744,-0.0006541954725530085
2026-04-29 08:45:00,-0.00315869755664977,-0.0018955403111755662
2026-04-29 08:50:00,-0.002883892629370166,0.000268351881177969
2026-04-29 08:55:00,-0.0033754255422522306,0.00011640916999087644
2026-04-29 09:00:00,-0.004134525194521288,-0.0026934661002547254
2026-04-29 09:05:00,-0.002584302791449389,0.0003343407292587431
2026-04-29 09:10:00,-0.002759877273115663,-0.0026322388880290187
2026-04-29 09:15:00,-0.001473829949800276,0.0012366615058886843
2026-04-29 09:20:00,-0.0014850378089370508,-0.00046393472688907757
2026-04-29 09:25:00,-0.0020237408030787662,-0.0007711620207911097
2026-04-29 09:30:00,-0.0033257586355173174,-0.001080096901867244
2026-04-29 09:35:00,-0.0020099673086093617,-0.0017357300379314414
2026-04-29 09:40:00,-0.00047269322215370835,-0.002114626350580993
2026-04-29 09:45:00,0.00010063795722281554,-0.001748568327902256
2026-04-29 09:50:00,0.0009775225285988398,0.00014770005826070953
2026-04-29 09:55:00,0.000815952461900693,0.000363565260499934
2026-04-29 10:00:00,0.001168048114635667,0.002866702442131336
2026-04-29 10:05:00,0.000980284973799428,0.0009957634039724954
2026-04-29 10:10:00,0.0015711334865713411,0.001285326481192056
2026-04-29 10:15:00,0.002120404764211159,0.00209648610077338
2026-04-29 10:20:00,0.0006345275061754307,-0.0019289389476265626
2026-04-29 10:25:00,-0.00010293732768396069,0.001109774624093957
2026-04-29 10:30:00,0.001014215532146423,0.00013874284703842429
2026-04-29 10:35:00,0.0005105377958152246,0.0008310020219784156
2026-04-29 10:40:00,-0.0019873164521282405,-0.0014396616614248087
2026-04-29 10:45:00,-0.002501446973472099,0.000904942894792645
2026-04-29 10:50:00,-0.004225288984759601,-0.001629019670578419
2026-04-29 10:55:00,-0.00391299893711583,-0.002545075669268369
2026-04-29 11:00:00,-0.0026552359068787723,0.0006020536003269079
2026-04-29 11:05:00,-0.001523356230210382,-0.001566941054486397
2026-04-29 11:10:00,-0.0011201100278963594,0.0004840453296599573
2026-04-29 11:15:00,-0.0018687815194606827,-0.0003888706363771062
2026-04-29 11:20:00,-1.9686180410261045e-05,0.00025920148885713324
2026-04-29 11:25:00,0.0014182878305746272,-0.000751020343060452
2026-04-29 11:30:00,0.0012931107017539745,-0.002036424214989774
2026-04-29 11:35:00,0.001228166541370257,-0.0010979795363953802
2026-04-29 11:40:00,0.0015625773647123253,0.0028179308513165665
2026-04-29 11:45:00,0.0020069109300973054,0.0008655967235528622
2026-04-29 11:50:00,0.002345936687630612,0.0022538744278077613
2026-04-29 11:55:00,0.003184579956828415,-0.002825590473528392
2026-04-29 12:00:00,0.0013142707580620083,0.0003671256254854704
2026-04-29 12:05:00,0.0003941939660538907,-0.00013563606473578695
2026-04-29 12:10:00,-4.5968809075702666e-05,0.0006453321527608847
2026-04-29 12:15:00,-0.0005470878650122302,-0.0016358681352191668
2026-04-29 12:20:00,-0.0012015904460547233,-0.001880878054349122
2026-04-29 12:25:00,-0.0016789637713330308,-0.00014883425174215645
2026-04-29 12:30:00,-0.0012296195417818012,-0.0013615783867404864
2026-04-29 12:35:00,-0.0007113208652356207,0.0017348916001756276
2026-04-29 12:40:00,8.758983437928691e-05,0.0011438793438198172
2026-04-29 12:45:00,-0.0011190790994568545,-0.002912064594469626
2026-04-29 12:50:00,-0.0013104151376452933,0.0008420820390044637
2026-04-29 12:55:00,-0.001833237293364931,-7.177028784639997e-05
2026-04-29 13:00:00,-0.0010753831403995662,-0.0015000187816287347
2026-04-29 13:05:00,-0.0009419434960857842,-0.002096138260636902
2026-04-29 13:10:00,-0.0007401697910687233,-0.002069208490927165
2026-04-29 13:15:00,-0.0006415681634415193,0.00056014928917808
2026-04-29 13:20:00,-0.0008544668318535287,-0.0002830656299467587
2026-04-29 13:25:00,-0.0010872473111689374,0.0009059708024061757
2026-04-29 13:30:00,-0.002746938279193145,0.0003204375931637988
2026-04-29 13:35:00,-0.0024815431615330397,0.0013186139989215461
2026-04-29 13:40:00,-0.002233746266481873,-0.0029503858063372134
2026-04-29 13:45:00,-0.0016886524402650593,0.0018047865277851058
2026-04-29 13:50:00,-0.0032615707500678326,-0.0010440988447408097
2026-04-29 13:55:00,-0.003353191360730534,0.0012268140794474457
2026-04-29 14:00:00,-0.003413395886171955,-0.0030648487721319085
2026-04-29 14:05:00,-0.003598496424322306,0.0013159465942678696
2026-04-29 14:10:00,-0.0034122948018762145,-0.001624420254455896
2026-04-29 14:15:00,-0.0047886113551367515,-0.0018934437713064936
2026-04-29 14:20:00,-0.005358125040517692,-0.003430856959778634
2026-04-29 14:25:00,-0.004706749705253088,-0.0023636752432879115
2026-04-29 14:30:00,-0.0049163723226399725,-0.0038675949867283967
2026-04-29 14:35:00,-0.006796499748135787,-0.0013285758681113712
2026-04-29 14:40:00,-0.00917567075595116,-0.004492817964978752
2026-04-29 14:45:00,-0.009097446199142212,-0.0005391961427516515
2026-04-29 14:50:00,-0.005364592522479228,-0.005788788015991499
2026-04-29 14:55:00,-0.005246635307329939,0.0007461252980411968
2026-04-29 15:00:00,-0.00492877868939523,-0.0016497257832448846
2026-04-29 15:05:00,-0.005887761609727704,-0.00293112301512913
2026-04-29 15:10:00,-0.005126012568540617,-0.0010327368594889995
2026-04-29 15:15:00,-0.0020687542972677164,-0.00400285923629372
2026-04-29 15:20:00,-0.00022038956148051625,-0.0034849407625606368
2026-04-29 15:25:00,-0.001036214690557813,-0.005940155910046794
2026-04-29 15:30:00,0.0015364863344728974,-0.0009208422578884072
2026-04-29 15:35:00,0.0033753928636830466,-0.0006917026616196856
2026-04-29 15:40:00,0.00524850940085031,0.0013064120384700512
2026-04-29 15:45:00,0.0041224046099781475,-0.0035228577164138895
2026-04-29 15:50:00,0.003929208751241475,-0.00083461811457967
2026-04-29 15:55:00,0.0036836844026151283,-0.0024605313438293215
2026-04-29 16:00:00,0.003857359837073915,0.0003717154387416375
2026-04-29 16:05:00,0.0045011163202577364,-0.0020388694049296953
2026-04-29 16:10:00,0.002616976526367054,0.0015617382952247652
2026-04-29 16:15:00,0.0017495773747917553,0.002340072463017154
2026-04-29 16:20:00,0.0015725178276628782,0.0013138308195702539
2026-04-29 16:25:00,0.00223643990436706,-0.0026518715336521516
2026-04-29 16:30:00,0.0009489285636092859,0.0015779843798232843
2026-04-29 16:35:00,0.0023626059478250028,-0.005173703563277911
2026-04-29 16:40:00,0.0031697560357173415,0.0010284028874917783
2026-04-29 16:45:00,0.004601837628870342,0.0013281319329052866
2026-04-29 16:50:00,0.0017125364907588647,0.0028662895753204863
2026-04-29 16:55:00,0.0019214246899341703,-0.0031022199106403286
2026-04-29 17:00:00,0.004245927120830828,-0.000730096235221096
2026-04-29 17:05:00,0.004636616858141096,0.0007552800500589316
2026-04-29 17:10:00,0.004770571380289468,-0.0028890960339421267
2026-04-29 17:15:00,0.004003239572847761,0.00042661191714015
2026-04-29 17:20:00,0.003966542211738755,0.002682506885731831
2026-04-29 17:25:00,0.0033244704164943073,0.0006445449586465145
2026-04-29 17:30:00,0.001552450478365941,0.0031490041692863735
2026-04-29 17:35:00,-0.0001582125501009557,-0.005929886956271561
2026-04-29 17:40:00,-0.0005689800582100446,-0.002293913545197941
2026-04-29 17:45:00,-0.0018087181606194491,-0.002239547609095745
2026-04-29 17:50:00,-0.00047296562421728083,-0.002516005959570713
2026-04-29 17:55:00,-0.0004816600870594101,0.002908928433176361
2026-04-29 18:00:00,-0.003656174711720084,-0.001660212509068569
2026-04-29 18:05:00,-0.0022716732239924653,-0.0013211792922215083
2026-04-29 18:10:00,-0.001929669756014718,0.0008521882682239392
2026-04-29 18:15:00,-0.0023358392745258527,-0.0005251378860563693
2026-04-29 18:20:00,-0.0019417716149767728,-0.0024977108989360764
2026-04-29 18:25:00,-0.0024576809370540076,-0.0021437263585909632
2026-04-29 18:30:00,-0.0014996363664234735,0.0007454150498561536
2026-04-29 18:35:00,-0.0011477901903695908,0.00023066677774717382
2026-04-29 18:40:00,-0.001251136685507248,0.0005484090694749752
2026-04-29 18:45:00,-0.0005104611643300672,-0.0012410349000645327
2026-04-29 18:50:00,-0.00021125691339740627,2.5378682047589732e-05
2026-04-29 18:55:00,0.00034532323807745513,-0.0017463817454940087
2026-04-29 19:00:00,-0.0009376053016687536,-0.0028582248236283876
2026-04-29 19:05:00,-0.003945420993870741,-0.0025638431121353055
2026-04-29 19:10:00,-0.005588244003810416,-0.003005653507285024
2026-04-29 19:15:00,-0.003886843924295391,-0.00343644103301422
2026-04-29 19:20:00,-0.003967652267037991,-0.0012988430964828318
2026-04-29 19:25:00,-0.003136317752916895,0.00015908579493097524
2026-04-29 19:30:00,-0.005065223233216898,0.001415565841047416
2026-04-29 19:35:00,-0.003921647133736883,0.0004955884635337441
2026-04-29 19:40:00,-0.005484736612078933,0.003222478891226007
2026-04-29 19:45:00,-0.003196299425709981,-0.002479623559486779
2026-04-29 19:50:00,-0.0025562217116679165,-0.005647170487798417
2026-04-29 19:55:00,-0.0018820272010522388,-0.0023906821705008885
2026-04-29 20:00:00,-0.0008172697698327624,-0.005760894946463238
2026-04-29 20:05:00,0.0013778221350388975,0.00012386283583754292
2026-04-29 20:10:00,0.005203621429195948,-0.002020040319067605
2026-04-29 20:15:00,0.0034295754359767727,-0.005628356573569319
2026-04-29 20:20:00,0.002180526348594114,0.0018631952414643973
2026-04-29 20:25:00,0.0021462687636297773,-0.004463650980746173
2026-04-29 20:30:00,0.003944525773558638,0.002266194033088913
2026-04-29 20:35:00,0.0030918674619471176,-0.0013247621758950023
2026-04-29 20:40:00,0.004317944694800957,-0.003058275747645316
2026-04-29 20:45:00,0.003933304249601477,-0.0037668467640660512
2026-04-29 20:50:00,0.003387787831691469,-0.0003893095162828103
2026-04-29 20:55:00,0.0016730878971582541,-0.003468981394671183
2026-04-29 21:00:00,0.0021595784338650503,0.00034030880972692955
2026-04-29 21:05:00,0.002837836174975905,-4.345003701574637e-05
2026-04-29 21:10:00,-0.0005607150032620467,-0.001217820820901714
2026-04-29 21:15:00,-0.0005520785015473706,0.0029691898057688333
2026-04-29 21:20:00,-0.00015842351038131142,-0.002224088866039374
2026-04-29 21:25:00,9.904901944146616e-05,0.0009596719919442745
2026-04-29 21:30:00,0.0010568800566321812,0.0007540603131739578
2026-04-29 21:35:00,0.0011091526023694342,-0.0006163778356306231
2026-04-29 21:40:00,0.0009797565483449233,-6.394511273504892e-06
2026-04-29 21:45:00,-0.001089198886457865,0.0012542513451875006
2026-04-29 21:50:00,-0.001133124651627071,0.0005736518455407034
2026-04-29 21:55:00,0.00036286665048912425,-0.002140396675265283
2026-04-29 22:00:00,0.00043751120583657155,-0.0012479069471960842
2026-04-29 22:05:00,-0.002738706205590802,0.00048015304282540065
2026-04-29 22:10:00,-7.478576082498023e-05,0.0020688350119882314
2026-04-29 22:15:00,0.00033876158767576214,0.00022716387652819191
2026-04-29 22:20:00,0.0012051479743959703,0.00028042173839565857
2026-04-29 22:25:00,0.0012845471208837722,-2.1375920528512917e-05
2026-04-29 22:30:00,0.0010931354607830457,-0.0001684300451387767
2026-04-29 22:35:00,0.0007519392470811681,-0.00010711813994992299
2026-04-29 22:40:00,0.0009853929501524306,-0.0007910019097031096
2026-04-29 22:45:00,0.0013706573709910685,-0.0003866825985252166
2026-04-29 22:50:00,0.0020101393412357282,0.0016542402491473264
2026-04-29 22:55:00,0.0006220648576800158,-0.00030641255908163406
2026-04-29 23:00:00,0.0006152696943040326,-0.0018263060718027215
2026-04-30 00:00:00,0.002989104867925363,0.002272946620886874
2026-04-30 00:05:00,0.0012749916544567697,-0.0029306577653992723
2026-04-30 00:10:00,0.0014681063189669885,-0.0006063960772198051
2026-04-30 00:15:00,0.00038015586848239025,0.0006705465312040018
2026-04-30 00:20:00,0.0004153649942182369,0.00018387466978663045
2026-04-30 00:25:00,0.0005955527113812309,0.0007522232368921029
2026-04-30 00:30:00,0.0007008609451464309,0.0011727287272059546
2026-04-30 00:35:00,0.0013489408247977508,9.1036037791356e-05
2026-04-30 00:40:00,0.0013819546198359234,-0.0014850979642481107
2026-04-30 00:45:00,0.0014336573775644013,-0.0001300895019470472
2026-04-30 00:50:00,0.0015743141976738428,0.0008856094229038262
2026-04-30 00:55:00,0.0022754037027823415,0.0010603400005640374
2026-04-30 01:00:00,0.001382652542469387,-0.0010664615973327615
2026-04-30 01:05:00,0.00218129875908879,0.0007047922098521714
2026-04-30 01:10:00,0.00112379785223915,-0.000529139403439668
2026-04-30 01:15:00,0.0022231034054360777,0.00037631038690117894
2026-04-30 01:20:00,0.0022057936793355992,0.00035122043736758265
2026-04-30 01:25:00,0.0026394531056617154,-0.005940400250197164
2026-04-30 01:30:00,0.002577312534430831,0.000657556707776966
2026-04-30 01:35:00,0.0023113741250018194,0.0016035634015120661
2026-04-30 01:40:00,0.0027472454399593005,0.0009649154301301935
2026-04-30 01:45:00,0.003453841475341335,0.0007020262817182922
2026-04-30 01:50:00,0.0033664571337226334,-0.00032419393985141183
2026-04-30 01:55:00,0.0016205613315545264,9.224620387361574e-05
2026-04-30 02:00:00,0.0019040509000198824,0.002339357445116466
2026-04-30 02:05:00,0.000887396076782565,-0.0007131102685934217
2026-04-30 02:10:00,0.0023072862822655082,0.0004721755782137172
2026-04-30 02:15:00,0.0019928570359226683,0.001153484261667014
2026-04-30 02:20:00,0.0017720811032599926,0.0038669692141354737
2026-04-30 02:25:00,0.003659118130920902,0.0008722506245749076
2026-04-30 02:30:00,0.0026974095643357288,-0.002406337727739306
2026-04-30 02:35:00,0.002264520971522188,0.0010664197019357284
2026-04-30 02:40:00,0.0019992263487242923,0.0005206868370370193
2026-04-30 02:45:00,0.0010663730781121927,0.0011376235709122883
2026-04-30 02:50:00,0.0018590634672204231,0.001350112924905836
2026-04-30 02:55:00,0.0020416691064131243,0.003418656166492762
2026-04-30 03:00:00,0.001976898925416748,0.0006402606183495686
2026-04-30 03:05:00,0.0023887660656782828,0.0013769866791461824
2026-04-30 03:10:00,0.0023325448528819237,0.0005432777784094253
2026-04-30 03:15:00,0.001080175819440754,4.5495224122388987e-05
2026-04-30 03:20:00,0.0013712608232783197,0.0015895529170683557
2026-04-30 03:25:00,-0.0017699274361699935,0.000577918772534441
2026-04-30 03:30:00,-0.002047003037343842,-5.650529014323614e-05
2026-04-30 03:35:00,-0.0026062852232406897,0.0025915584261946094
2026-04-30 03:40:00,-0.003044175691476525,0.0014812157090611014
2026-04-30 03:45:00,-0.0035926164723960596,0.001520013162977816
2026-04-30 03:50:00,-0.0039253427122147855,0.0009183379184271655
2026-04-30 03:55:00,-0.003175786225934729,-7.575582687532922e-05
2026-04-30 04:00:00,-0.002239613203260049,0.0013327242587102355
2026-04-30 04:05:00,-0.0021194164120696968,-0.0007700519226560981
2026-04-30 04:10:00,-0.0031339041411762025,0.002386241795904276
2026-04-30 04:15:00,-0.002194372306892234,0.0010928210825165473
2026-04-30 04:20:00,-0.0022601945336457874,0.0025404726384060713
2026-04-30 04:25:00,-0.0019483539294196106,-0.0006107991519455603
2026-04-30 04:30:00,-0.0015555475924440287,-0.00113015022406188
2026-04-30 04:35:00,-0.0010413481904656408,0.002658379497534161
2026-04-30 04:40:00,-0.00016001525659170568,0.0007793923242982706
2026-04-30 04:45:00,-0.0007696482692818307,0.0021866339527916684
2026-04-30 04:50:00,-0.0014230476885845889,-0.00044662646185728494
2026-04-30 04:55:00,-0.001920859451345791,-0.0003246996023791798
2026-04-30 05:00:00,-0.00289881334186326,0.0026426628741631057
2026-04-30 05:05:00,-0.0029646478940321686,0.0018036342782985165
2026-04-30 05:10:00,-0.0021818102762285463,0.0009689893764177164
2026-04-30 05:15:00,-0.002827174765064555,0.0019697044036158184
2026-04-30 05:20:00,-0.003319678102259971,0.00231041108546594
2026-04-30 05:25:00,-0.0035957995594468883,0.0003074820006210702
2026-04-30 05:30:00,-0.0043332155961373076,0.0015588403935957033
2026-04-30 05:35:00,-0.0036235625894676105,0.0007167846610980844
2026-04-30 05:40:00,-0.0037116388077880202,0.0014959178181073185
2026-04-30 05:45:00,-0.002593972503502684,0.0017351475645353642
2026-04-30 05:50:00,-0.002192251119620181,-0.0012678325869326906
2026-04-30 05:55:00,-0.0029916877196942693,0.0015386347586109936
2026-04-30 06:00:00,-0.0015779217346043595,0.0003827527765677232
2026-04-30 06:05:00,-0.00022621776081699352,0.0002175091788486726
2026-04-30 06:10:00,-0.00043693387294929664,0.0024606932508232813
2026-04-30 06:15:00,0.0002327925675018605,0.0021544342607253096
2026-04-30 06:20:00,0.0015262702572087505,0.0013234687245020978
2026-04-30 06:25:00,0.0018302488248576054,0.00025032445256844155
2026-04-30 06:30:00,0.004675205366083901,0.0013354626992830917
2026-04-30 06:35:00,0.0051118097684845765,0.00026305641195474116
2026-04-30 06:40:00,0.004195990000356531,0.0014539247003417235
2026-04-30 06:45:00,0.004415173223843993,-0.0009369242514785451
2026-04-30 06:50:00,0.0040161930486917186,0.0003864774378695264
2026-04-30 06:55:00,0.0044852777339148275,-0.0011488250442971777
2026-04-30 07:00:00,0.0035325834338593154,-9.006945037205376e-05
2026-04-30 07:05:00,0.002803242012838325,-0.0001572962481603887
2026-04-30 07:10:00,0.002807099414045666,0.0005801697464959994
2026-04-30 07:15:00,0.0029732169458380753,0.0021177364013648128
2026-04-30 07:20:00,0.002968996458797335,-0.00042180555393643066
2026-04-30 07:25:00,0.003193255897647518,0.0004137423636943608
2026-04-30 07:30:00,0.0032430828493623665,0.0014158703716345632
2026-04-30 07:35:00,0.0021397168336108052,0.0015795663033044542
2026-04-30 07:40:00,0.002426986466348424,0.002648557388963223
2026-04-30 07:45:00,0.0025061189942299222,0.001979720036507755
2026-04-30 07:50:00,0.003969586329978014,-0.0006018905923284722
2026-04-30 07:55:00,0.005928186653930467,-0.0010515253459746708
2026-04-30 08:00:00,0.005150222223505807,-0.0017361459084886254
2026-04-30 08:05:00,0.006375567447538089,7.965130208227571e-05
2026-04-30 08:10:00,0.0054883093798956395,-0.0001779441216584817
2026-04-30 08:15:00,0.004508703916897616,0.0014990329493007565
2026-04-30 08:20:00,0.0037626498649565576,-0.0020228765095500543
2026-04-30 08:25:00,0.004721845028198501,0.0012906352536467434
2026-04-30 08:30:00,0.0025725325034855473,-0.0006075744717582298
2026-04-30 08:35:00,0.0031487292001681766,-0.0017809584148244198
2026-04-30 08:40:00,0.004701498919194691,0.002096772914232213
2026-04-30 08:45:00,0.004791344236103612,0.0025741398151074945
2026-04-30 08:50:00,0.0035952892798363223,0.002450403005101272
2026-04-30 08:55:00,0.002015388143677299,-0.0019596160730413576
2026-04-30 09:00:00,0.008858788212242175,0.0013907924649674596
2026-04-30 09:05:00,0.005554128913207279,-0.00019211707074390894
2026-04-30 09:10:00,0.005954272755893442,0.0022822919550145662
2026-04-30 09:15:00,0.005739641887990032,-0.001986221159903401
2026-04-30 09:20:00,0.006075875635040973,0.003906264980561966
2026-04-30 09:25:00,0.00559882449825011,-0.002313578947364628
2026-04-30 09:30:00,0.006104759801127457,0.00043990659697869076
2026-04-30 09:35:00,0.005715635756979864,0.00485857076134612
2026-04-30 09:40:00,0.004057840021861381,0.0016192656916476126
2026-04-30 09:45:00,0.0036689247130983205,-0.0019956203724379386
2026-04-30 09:50:00,0.0035867413786778712,0.001433031501470875
2026-04-30 09:55:00,0.0037609000165641504,0.002509031950272957
2026-04-30 10:00:00,-0.00212234151562285,-0.00030132805421680445
2026-04-30 10:05:00,-0.00011688514100072211,0.003504574302355028
2026-04-30 10:10:00,-3.464148231380193e-05,-0.0005016004295007771
2026-04-30 10:15:00,0.00033150500323486654,-0.0007973807251575775
2026-04-30 10:20:00,0.0007384940904184845,0.00020468888700854942
2026-04-30 10:25:00,0.0019256197681283282,0.003407281800198699
2026-04-30 10:30:00,0.0015885042403631644,-0.0013500623519216743
2026-04-30 10:35:00,0.0017249910398504653,0.0042777884321484215
2026-04-30 10:40:00,0.0010632988600622895,0.0009209001546715825
2026-04-30 10:45:00,0.0013786015980254973,-0.0014767032021359755
2026-04-30 10:50:00,0.0019561051195218226,-0.0021640770422678276
2026-04-30 10:55:00,0.0019583939643528225,0.0013502947560212536
2026-04-30 11:00:00,0.0013937676612449934,0.0035558216268326203
2026-04-30 11:05:00,0.0013541637189327105,0.002197088006013515
2026-04-30 11:10:00,0.0018537971908134665,0.0028653578222956537
2026-04-30 11:15:00,0.0028295660744390716,-0.00020414490852994506
2026-04-30 11:20:00,0.003216152686308149,-0.0020773922171548366
2026-04-30 11:25:00,0.003893980907177408,0.0024992239702367317
2026-04-30 11:30:00,0.002412551616123082,0.0021563054773390154
2026-04-30 11:35:00,0.002947450108123917,0.0015330410650820667
2026-04-30 11:40:00,0.003698650926567737,-0.002109487785598105
2026-04-30 11:45:00,0.0027881791568002967,-0.0020909300751253937
2026-04-30 11:50:00,0.0024095720851669,0.0011840324589886082
2026-04-30 11:55:00,0.0032246047371007336,-0.001949557311437848
2026-04-30 12:00:00,0.003889661267356459,0.0008789147231288584
2026-04-30 12:05:00,0.004019227778453427,0.002353252105428325
2026-04-30 12:10:00,0.001938805198275162,-0.000669841799265833
2026-04-30 12:15:00,0.0014268863599617987,0.0022738070364894617
2026-04-30 12:20:00,0.0006406972385519794,0.0017713924863160591
2026-04-30 12:25:00,-0.001499706157733982,-7.38503370508532e-05
2026-04-30 12:30:00,-0.00108568386617236,0.0015295643888549415
2026-04-30 12:35:00,-0.0018646293517878831,0.002836227206858894
2026-04-30 12:40:00,-0.0016359162727184184,0.002208682989073437
2026-04-30 12:45:00,-0.0003774932123015162,0.0011505774444519183
2026-04-30 12:50:00,-0.0013876017975622545,-2.788295363769011e-06
2026-04-30 12:55:00,-0.002228486490487569,0.0028365831803630875
2026-04-30 13:00:00,-0.0013171639552780334,0.004090850426087503
2026-04-30 13:05:00,-0.0028460930737086443,-0.0007017092846963505
2026-04-30 13:10:00,-4.313877743911121e-06,0.0018142911752854493
2026-04-30 13:15:00,-0.0005804387978063374,0.0011098701909704474
2026-04-30 13:20:00,-0.000800396141716675,0.00045777140869151384
2026-04-30 13:25:00,-0.001841074602221937,0.002753458781472672
2026-04-30 13:30:00,-0.000572454994209437,0.0019634316487852597
2026-04-30 13:35:00,0.0004276180874178692,-0.0003200953436671495
2026-04-30 13:40:00,-0.0008924645686452237,-0.001769086376595057
2026-04-30 13:45:00,-0.0016108000477235151,-0.0006116584032260892
2026-04-30 13:50:00,0.0009518907404331145,0.0002542047725170087
2026-04-30 13:55:00,0.002094874151403303,0.0023069127867979666
2026-04-30 14:00:00,0.000991806894584002,0.0007814227591716802
2026-04-30 14:05:00,0.0018961400152495145,0.0035286962671206147
2026-04-30 14:10:00,0.001136063672763754,0.0032942646194793375
2026-04-30 14:15:00,0.0011864112025552487,0.0033869011139940185
2026-04-30 14:20:00,0.00046823400040096885,0.001672943480239658
2026-04-30 14:25:00,0.0009371485029650017,0.00477564237256998
2026-04-30 14:30:00,0.000233341976686674,0.00372078764098728
2026-04-30 14:35:00,-0.0014369169049910369,-0.0019093668105994413
2026-04-30 14:40:00,-0.00011891133444486002,0.0024509335081846994
2026-04-30 14:45:00,-0.0019900891508495278,0.0006835292569836625
2026-04-30 14:50:00,-0.004655823042622131,0.0043383010969406405
2026-04-30 14:55:00,-0.006258796499770014,-0.0004512769576317985
2026-04-30 15:00:00,-0.004291244964878871,0.004004030182220098
2026-04-30 15:05:00,-0.004163712232175598,0.002425050252063094
2026-04-30 15:10:00,-0.004519554788332769,0.0011671849365049018
2026-04-30 15:15:00,-0.0034985609534867734,-0.0014872119597346331
2026-04-30 15:20:00,-0.002708863783151827,0.000733267042403725
2026-04-30 15:25:00,-0.00258684828803446,0.0018077367549977517
2026-04-30 15:30:00,-0.0025719271931219367,-0.0018627210266538056
2026-04-30 15:35:00,-0.002556978574137503,0.0016981955043893406
2026-04-30 15:40:00,-0.0016467534446533705,0.0006152353827133633
2026-04-30 15:45:00,0.00015805398767376744,0.0009050779189126941
2026-04-30 15:50:00,0.0016849130668603607,-0.0017150714404690019
2026-04-30 15:55:00,0.001991063623240308,0.0006961272043159037
2026-04-30 16:00:00,-0.0008119423079335775,0.002913425624958864
2026-04-30 16:05:00,0.0006425324218568562,0.0031237636770367378
2026-04-30 16:10:00,3.679163921255224e-05,-0.0014272888431243005
2026-04-30 16:15:00,-0.0005604744487062163,0.0030050203199561876
2026-04-30 16:20:00,-0.0005127877917416868,-0.00018071036411720971
2026-04-30 16:25:00,0.0003223702244365967,-0.0026345449280907748
2026-04-30 16:30:00,0.001261914489319338,-0.0008036317192498839
2026-04-30 16:35:00,0.0005743196907861403,0.002932764500669134
2026-04-30 16:40:00,-0.00037257259639567053,0.003081432398513109
2026-04-30 16:45:00,-0.0009551999010817269,0.0009174902265348127
2026-04-30 16:50:00,-0.0014443468899543177,0.0003804541610647552
2026-04-30 16:55:00,-0.0010047858096502438,0.0019858268059612764
2026-04-30 17:00:00,-0.00043980662217002475,0.0027441105270456863
2026-04-30 17:05:00,-0.00214554956718338,0.002151601315667204
2026-04-30 17:10:00,-0.0018932794255857033,0.0014047910446328082
2026-04-30 17:15:00,-0.0024858840882231448,0.0006245574036329998
2026-04-30 17:20:00,-0.0021014965184118495,0.0029496557456020005
2026-04-30 17:25:00,-0.003243579878708047,0.000932352011177927
2026-04-30 17:30:00,-0.0021958469652005874,-0.00271897183408136
2026-04-30 17:35:00,-0.0010079870270374158,0.0008391620991107653
2026-04-30 17:40:00,-0.001424419822384948,0.00020370906837424184
2026-04-30 17:45:00,-0.00028825533119736235,0.0012035814449410855
2026-04-30 17:50:00,0.0002665057536592741,-0.0011809845888448764
2026-04-30 17:55:00,-0.001687017523980927,0.0008712326432630135
2026-04-30 18:00:00,0.0005437720364351861,0.0005536303385516775
2026-04-30 18:05:00,0.000710641231929543,0.0008823915842253057
2026-04-30 18:10:00,0.0008517694235603557,-0.0006745185274781101
2026-04-30 18:15:00,0.0021264958237932063,0.0024151225452461143
2026-04-30 18:20:00,0.001863404371299282,0.0022802890395081693
2026-04-30 18:25:00,0.0021938723476857547,0.001111442824394991
2026-04-30 18:30:00,0.0010963606694396333,0.002826133411959206
2026-04-30 18:35:00,0.0014282233620033224,-0.0019736018112644564
2026-04-30 18:40:00,0.001931257814026921,-0.001910839014488138
2026-04-30 18:45:00,0.0006457498832137532,0.0010024443117046871
2026-04-30 18:50:00,3.6828542556932575e-05,-0.0005825564256007982
2026-04-30 18:55:00,0.001977296432059461,0.00450707341905433
2026-04-30 19:00:00,0.0013613821969489237,0.0011929475109313872
2026-04-30 19:05:00,0.001097468033027127,0.0005425433154406639
2026-04-30 19:10:00,0.0010393458254238652,0.0006666560301166632
2026-04-30 19:15:00,0.0012443182255612584,0.0025298909488133386
2026-04-30 19:20:00,0.0004999280510720183,-1.3788428957663719e-05
2026-04-30 19:25:00,0.0007186816398281337,0.000620333646705186
2026-04-30 19:30:00,0.0004849618620603735,0.00028601407384749975
2026-04-30 19:35:00,0.0007642041121531662,-0.0005357536072529368
2026-04-30 19:40:00,0.0005823298770977203,-0.00031181644107216504
2026-04-30 19:45:00,0.0011171588956280232,-0.0001646106372105405
2026-04-30 19:50:00,0.0017467139928228903,0.0012192295752681541
2026-04-30 19:55:00,0.0011624371790848187,0.0006152020885089091
2026-04-30 20:00:00,0.00022275255203219047,0.0022219640919633283
2026-04-30 20:05:00,0.0007461097213870005,0.0008844643845937416
2026-04-30 20:10:00,0.0007571759000040146,0.0003465794441202221
2026-04-30 20:15:00,-0.00048455901752042507,0.00013157067992830026
2026-04-30 20:20:00,-0.00041767162744932307,0.0008816902035455993
2026-04-30 20:25:00,-0.0007251781062915796,0.0008814524160884224
2026-04-30 20:30:00,-0.000407005699369023,-0.0010376117037044909
2026-04-30 20:35:00,1.5148285484656299e-05,0.00040738371814900157
2026-04-30 20:40:00,0.0004024536745745877,-0.0010297359900409788
2026-04-30 20:45:00,-0.0002358850406807278,0.00039960817204152136
2026-04-30 20:50:00,-0.0016492332208262184,0.0008333460864157025
2026-04-30 20:55:00,-0.0012252515895987415,0.0001870323910025978
2026-04-30 21:00:00,-0.0015884664254475211,0.0010398196993585869
2026-04-30 21:05:00,-0.0018825632648038493,0.00044337062835454294
2026-04-30 21:10:00,-0.0016600459837778914,0.0009416342864440291
2026-04-30 21:15:00,-0.0006428355979988254,-0.0005454569927386328
2026-04-30 21:20:00,-0.0005369534516770358,-0.003141581601082632
2026-04-30 21:25:00,-0.0003140462063573324,-0.0005980814322170132
2026-04-30 21:30:00,5.846313413826465e-05,8.881349543881183e-05
2026-04-30 21:35:00,-0.0007447016125770034,0.0022122124589697943
2026-04-30 21:40:00,-0.0010908950316270705,-0.0004352056036127614
2026-04-30 21:45:00,-0.0003615098161144914,-0.0004967239796665212
2026-04-30 21:50:00,0.0009980894237600069,-0.0012688520725409123
2026-04-30 21:55:00,0.00026422711557039236,0.0019139825425316997
2026-04-30 22:00:00,-0.0002274393694357002,-0.0008040050910315525
2026-04-30 22:05:00,0.0025611476859950244,-0.0007470430659176103
2026-04-30 22:10:00,0.003172680005222972,-0.00017502935424094492
2026-04-30 22:15:00,0.0027783230973295048,-0.0014446383701914236
2026-04-30 22:20:00,0.002839550132151203,0.0011693609695048444
2026-04-30 22:25:00,0.0030604511176033355,-0.001046075713188263
2026-04-30 22:30:00,0.002815173515514857,0.0010855809998965165
2026-04-30 22:35:00,0.002262694002725496,0.0014122194961611284
2026-04-30 22:40:00,0.002757405375852784,0.0008695042192678884
2026-04-30 22:45:00,0.0029596661985973327,-0.0006039086022398439
2026-04-30 22:50:00,0.002276071227356624,0.0007807525619961456
2026-04-30 22:55:00,0.0025693222519631576,0.00017404104464613528
2026-04-30 23:00:00,0.0031427420042788867,-0.00027064196908476953
2026-05-01 00:00:00,0.0001576941234127105,-0.0003061799838365263
2026-05-01 00:05:00,-0.0003628235486363707,0.002268102032458808
2026-05-01 00:10:00,-0.00030232226920112737,-0.00021691292686496915
2026-05-01 00:15:00,-0.00010150519250906598,0.0005982126332651073
2026-05-01 00:20:00,-3.239387496734025e-05,0.0003267804487105608
2026-05-01 00:25:00,-0.0001554709585533942,-0.0004861399857673914
2026-05-01 00:30:00,0.001045252618673942,0.00019160671757539747
2026-05-01 00:35:00,0.0006671222344074579,0.0011055378024325301
2026-05-01 00:40:00,-0.00032817962083164787,-0.0011675200749880533
2026-05-01 00:45:00,-3.670457674154193e-05,0.001035466441512235
2026-05-01 00:50:00,0.0004750768310177733,0.0020394730707545654
2026-05-01 00:55:00,-0.0008490587948539741,0.0018368335020635298
2026-05-01 01:00:00,-0.0003262166993547311,0.00019386496757482357
2026-05-01 01:05:00,-0.0005336761663077283,-0.00017365896851217967
2026-05-01 01:10:00,-0.0016189784952569397,0.0009078133638559289
2026-05-01 01:15:00,-0.0008340284053094393,-0.0005374871332904101
2026-05-01 01:20:00,-0.0014955794590996163,-0.0003781289183481786
2026-05-01 01:25:00,-0.0015452262616424406,-0.0002036965904349753
2026-05-01 01:30:00,-0.0024052837046859565,0.0021589356847186102
2026-05-01 01:35:00,-0.002623556010586725,0.0014116600271288594
2026-05-01 01:40:00,-0.002109828559296645,-0.0015756122972399064
2026-05-01 01:45:00,-0.00196025310476422,-0.0008433499440365841
2026-05-01 01:50:00,-0.0016507822275126927,-0.002424142082762728
2026-05-01 01:55:00,-0.0015638944800979715,0.0008660275598230806
2026-05-01 02:00:00,-0.0022107057301568034,0.0015989119887212877
2026-05-01 02:05:00,-0.0018928480892554944,-0.00044507762611505617
2026-05-01 02:10:00,-0.0008137207612346486,-0.00022521038148262838
2026-05-01 02:15:00,-0.002458593651009977,-0.00028717221170100057
2026-05-01 02:20:00,-0.001811953540833855,0.0012056573194454436
2026-05-01 02:25:00,-0.0015454515079209585,0.0008469104051093244
2026-05-01 02:30:00,-0.0004804529335125096,-0.001906491123895893
2026-05-01 02:35:00,-4.32785210868758e-06,0.0007589343452008698
2026-05-01 02:40:00,-0.00020776477639472546,-9.412999963315374e-05
2026-05-01 02:45:00,-0.0005604695972944995,-0.0001501349751652566
2026-05-01 02:50:00,-0.001058019136547017,0.00229815940906532
2026-05-01 02:55:00,0.00024242319416067915,0.0008321212862053875
2026-05-01 03:00:00,0.0015060602284560076,0.0005205861837049497
2026-05-01 03:05:00,0.0017372289408683628,0.001054716315930216
2026-05-01 03:10:00,0.0026205817031002,-0.001915368713535074
2026-05-01 03:15:00,0.004130271419526821,0.0008599144287589886
2026-05-01 03:20:00,0.003225463819887864,-0.0011581531972456988
2026-05-01 03:25:00,0.0028293457306034497,0.00017604351303418436
2026-05-01 03:30:00,0.002117020744499598,-0.0015050211878219727
2026-05-01 03:35:00,0.0015611387805289922,0.0005175306390210986
2026-05-01 03:40:00,0.0008308002338512921,0.0004792948484901395
2026-05-01 03:45:00,0.00022941935361053822,0.00044859675464860944
2026-05-01 03:50:00,0.00011256239648460564,0.0006473526106612927
2026-05-01 03:55:00,-0.0003485018245026339,0.0009163346457231216
2026-05-01 04:00:00,-0.0013436601718002095,0.0008217118550480811
2026-05-01 04:05:00,-0.0015423706022623662,0.002162513369325698
2026-05-01 04:10:00,-0.0022028178591373404,-0.0003922981912418993
2026-05-01 04:15:00,-0.002794176191278197,-0.0006584361553287677
2026-05-01 04:20:00,-0.0013313250161228751,5.855852009806049e-05
2026-05-01 04:25:00,-0.00057906133185881,9.854498616449962e-06
2026-05-01 04:30:00,0.00024190691885372928,0.0007662830432572278
2026-05-01 04:35:00,0.0003974631534866546,0.00019166550785226248
2026-05-01 04:40:00,0.0005059306420811538,0.0005316906385510052
2026-05-01 04:45:00,0.0012673505422675646,0.0008452897945265761
2026-05-01 04:50:00,0.0013346299465073486,0.001289821161959131
2026-05-01 04:55:00,0.0017218447023257255,0.0007378469221049497
2026-05-01 05:00:00,0.0014279844050122392,-0.0017674112622489157
2026-05-01 05:05:00,0.00038311066847285247,-0.00012253827006268635
2026-05-01 05:10:00,0.0001796064459735902,-0.00017207886482214257
2026-05-01 05:15:00,0.00043271124556021334,0.0017609069755001525
2026-05-01 05:20:00,-0.0005061954974472371,-0.0017710424852609948
2026-05-01 05:25:00,-0.001970887331461668,0.0017812031541257608
2026-05-01 05:30:00,-0.003485217329796342,6.629102485644413e-05
2026-05-01 05:35:00,-0.003080146752063584,-1.9588383836640294e-05
2026-05-01 05:40:00,-0.002761948365339606,0.00073232874510906
2026-05-01 05:45:00,-0.003435949613288969,-0.00043699683303464223
2026-05-01 05:50:00,-0.0033279918469482084,0.0002075975372717585
2026-05-01 05:55:00,-0.0038154100315797024,0.0024626180526590865
2026-05-01 06:00:00,-0.0034631375434042155,0.00218669878921854
2026-05-01 06:05:00,-0.001721903355605292,0.0022553642539399465
2026-05-01 06:10:00,-0.0015656080538519745,0.0017059434068822938
2026-05-01 06:15:00,-0.0019421749146850686,0.00019807709864719648
2026-05-01 06:20:00,-0.0014789522707641112,-0.001987925578776343
2026-05-01 06:25:00,-0.0006303784103778298,-0.00039278265080665704
2026-05-01 06:30:00,0.00011051914755455527,-0.0018481166831201834
2026-05-01 06:35:00,-0.001150998797243119,-0.0009205790967223991
2026-05-01 06:40:00,-0.0008283387728500458,-0.0011878439797083722
2026-05-01 06:45:00,0.00021902313600818957,-0.00098137185629133
2026-05-01 06:50:00,-0.000557552078850776,-0.001370525938411369
2026-05-01 06:55:00,-0.0008443004257490117,0.0011720279688907356
2026-05-01 07:00:00,-0.0008638615580576214,-0.0009496364392191631
2026-05-01 07:05:00,-0.0021310309490445434,0.000895811688976302
2026-05-01 07:10:00,-0.002745182737744045,-0.0005496361092811771
2026-05-01 07:15:00,-0.0036368216302609113,0.0013246498643461001
2026-05-01 07:20:00,-0.0034297010709654074,-0.0009717593514539094
2026-05-01 07:25:00,-0.004565295670381886,-0.0004705340711450689
2026-05-01 07:30:00,-0.004245331903502958,-0.0007943743050469981
2026-05-01 07:35:00,-0.003985610157794639,-0.00043956540329171534
2026-05-01 07:40:00,-0.0034987257748149148,-0.0024673636378282414
2026-05-01 07:45:00,-0.004165310147048018,0.0011808859675048558
2026-05-01 07:50:00,-0.0033910495829623244,-0.0011785872163277281
2026-05-01 07:55:00,-0.0023891705251077866,-0.0024599430736152207
2026-05-01 08:00:00,-0.002711463621940524,0.0015588432948945715
2026-05-01 08:05:00,-0.0021029267126255746,-0.003187270853273264
2026-05-01 08:10:00,-0.0012829435525034683,-0.0006535607826316485
2026-05-01 08:15:00,-0.0002784630597574278,0.000891147294485272
2026-05-01 08:20:00,-0.0016974902988362572,-0.0013379722536395954
2026-05-01 08:25:00,-0.0004920884900503353,0.00031075690123992164
2026-05-01 08:30:00,-0.0020062372149638463,-0.0005836236009461076
2026-05-01 08:35:00,-0.0015428705240889684,-0.0004814978081406518
2026-05-01 08:40:00,-0.0017888566222730162,-0.0013060093226199118
2026-05-01 08:45:00,-0.001880828423834302,-0.0011116635083975963
2026-05-01 08:50:00,-0.0027735458308768557,-0.0030761842767720276
2026-05-01 08:55:00,-0.003370618230281508,-0.0012890255527537916
2026-05-01 09:00:00,-0.002406677071338237,0.00024817957265707986
2026-05-01 09:05:00,-0.0029781847250500704,0.001840925446196421
2026-05-01 09:10:00,-0.004741578094320076,-0.0006734450192052072
2026-05-01 09:15:00,-0.0051787251851020955,0.0012951376933102816
2026-05-01 09:20:00,-0.004950024136446629,-0.0014853866409590794
2026-05-01 09:25:00,-0.005315154115553611,-0.002136025998375163
2026-05-01 09:30:00,-0.003072695522780222,-0.00014520476689592872
2026-05-01 09:35:00,-0.003246046870625463,-0.0015185948085311516
2026-05-01 09:40:00,-0.0030775135546203813,-0.0033095578842537955
2026-05-01 09:45:00,-0.0028464872335138836,-0.0011124923153429318
2026-05-01 09:50:00,-0.0024441230817640047,-0.0011057547852215232
2026-05-01 09:55:00,-0.002168776169773068,0.0006501182254838757
2026-05-01 10:00:00,-0.0034391154734674245,0.0007123174847972277
2026-05-01 10:05:00,-0.0029060539145877584,-0.0013275451064936237
2026-05-01 10:10:00,-0.001805258056762682,-0.001184706488215469
2026-05-01 10:15:00,-0.0008642749763705382,-0.0012979781724709834
2026-05-01 10:20:00,0.00038517682499517036,-0.0005073156228020326
2026-05-01 10:25:00,0.00036558389298768645,-0.0015810071115921294
2026-05-01 10:30:00,-0.00013561694795249934,-0.00226218537968322
2026-05-01 10:35:00,0.0002997067490362326,-0.003401910545176646
2026-05-01 10:40:00,-0.00014657640211801493,-0.0019954592665115257
2026-05-01 10:45:00,-0.0005886581718286266,-0.0007651942165876512
2026-05-01 10:50:00,-0.0015311640821948913,-0.00267797783160382
2026-05-01 10:55:00,-0.0015003425127915193,-0.0020870393008940833
2026-05-01 11:00:00,-0.0005520589528842379,0.0003707601348841925
2026-05-01 11:05:00,3.503662422410514e-05,-0.0019177182287978566
2026-05-01 11:10:00,0.00022118249507485643,-0.0034966854502816143
2026-05-01 11:15:00,0.00018166914596484673,-0.0003876758309630471
2026-05-01 11:20:00,0.00025597297765322935,-0.00017886385943676606
2026-05-01 11:25:00,0.0007438897460900762,-0.0009990067363659825
2026-05-01 11:30:00,-3.718850525480377e-05,-0.0017925334832400613
2026-05-01 11:35:00,-0.0007702306258607905,-0.0027947208306438017
2026-05-01 11:40:00,-8.314243397755661e-05,-0.0013764852194452662
2026-05-01 11:45:00,0.0001466498715050335,-0.003879332512978333
2026-05-01 11:50:00,0.0012487650899490887,0.0008181875483847007
2026-05-01 11:55:00,0.0011938861311744375,-0.0007346510942342159
2026-05-01 12:00:00,0.0008673844305100431,-0.00025208097770876455
2026-05-01 12:05:00,0.00012918694354091542,-0.0038328404003085594
2026-05-01 12:10:00,-0.0002562257954554781,-0.0028132102110800506
2026-05-01 12:15:00,0.0005863691230256762,-0.0011008208841273733
2026-05-01 12:20:00,0.0004330358284523328,-0.0008273600914060139
2026-05-01 12:25:00,-0.00024279728842557802,-0.0015951290174269176
2026-05-01 12:30:00,0.0008724716098189589,0.0009864048533428692
2026-05-01 12:35:00,0.0017015919892209297,-0.0021507379875102136
2026-05-01 12:40:00,0.0011895912183526036,-0.0021653898879204214
2026-05-01 12:45:00,0.001157122721764381,-0.0004118268136518285
2026-05-01 12:50:00,0.0024448125539695553,0.0008940428692849933
2026-05-01 12:55:00,0.002313611094697521,-0.0025296588781931035
2026-05-01 13:00:00,0.0023574085558539792,-0.00189426294787301
2026-05-01 13:05:00,0.0019161368156819236,-0.002036925494230296
2026-05-01 13:10:00,0.004163735668081259,0.0011779120503899738
2026-05-01 13:15:00,0.003500114384632269,-0.0025032730445205317
2026-05-01 13:20:00,0.005286263694975091,-0.003587204161047739
2026-05-01 13:25:00,0.006984711796581777,-0.0037724919044471
2026-05-01 13:30:00,0.0048339767003930945,-0.001047914654715173
2026-05-01 13:35:00,0.004776515037828943,0.001491406287294448
2026-05-01 13:40:00,0.0035624840655312795,-0.0015140768084906488
2026-05-01 13:45:00,0.004018733291424326,-0.0006971843539725788
2026-05-01 13:50:00,0.0032163728974019534,-0.0009747731784529674
2026-05-01 13:55:00,0.002781048360244398,-0.0013310122323891144
2026-05-01 14:00:00,0.003186122465915986,-0.001593012270592777
2026-05-01 14:05:00,0.0044197738215157045,-0.0024855415663183524
2026-05-01 14:10:00,0.001471189476632162,-0.0008891428734643239
2026-05-01 14:15:00,0.0008148610176057502,-0.0017372248161237724
2026-05-01 14:20:00,-0.0010685191581902842,-0.0007384978021998445
2026-05-01 14:25:00,-0.003072145562464712,0.0011810167752203781
2026-05-01 14:30:00,0.0003044749136194014,0.000717078628887126
2026-05-01 14:35:00,0.0011845986194138902,-0.0005346390365316226
2026-05-01 14:40:00,0.003460865496002441,-0.0014804969295848234
2026-05-01 14:45:00,0.001862072353965516,0.0016566466834935728
2026-05-01 14:50:00,0.005085787292138377,-0.0011217962383351233
2026-05-01 14:55:00,0.007655257385627223,-0.00030799811317943986
2026-05-01 15:00:00,0.009085888010700316,-0.0019114726879424183
2026-05-01 15:05:00,0.008349956002186687,-0.0014202023443161652
2026-05-01 15:10:00,0.01399074908522735,-0.002738612704352335
2026-05-01 15:15:00,0.013661775174080404,-0.0017421744147262715
2026-05-01 15:20:00,0.012285174770303442,-0.003467574595409252
2026-05-01 15:25:00,0.011905108810296383,0.0005366279601754313
2026-05-01 15:30:00,0.00960196428679616,-0.0022543630380518587
2026-05-01 15:35:00,0.007621681326552832,0.004198800930023869
2026-05-01 15:40:00,0.005417193478781002,-0.0027448629364477894
2026-05-01 15:45:00,0.0063454037740875435,-0.003332070424304574
2026-05-01 15:50:00,0.0030581063588197566,0.00017010487073815147
2026-05-01 15:55:00,0.0013867680379977543,-0.0010887193829490266
2026-05-01 16:00:00,-0.0018226899649729233,0.0008366218410954311
2026-05-01 16:05:00,-0.0018031777517002467,-0.001936690250632997
2026-05-01 16:10:00,-0.004218334893129949,0.00032149287713669167
2026-05-01 16:15:00,-0.0033570293439666443,0.0008000527188984399
2026-05-01 16:20:00,-0.002892687271168981,0.00030152943036093166
2026-05-01 16:25:00,-0.0013122187965883825,0.0019099687930299925
2026-05-01 16:30:00,-0.0010774353773062018,-0.0016159924291172631
2026-05-01 16:35:00,0.0005926679605856577,0.0017543187493235
2026-05-01 16:40:00,0.002332696960035463,0.000836080415979517
2026-05-01 16:45:00,0.0029886621362180676,0.0008195975468461503
2026-05-01 16:50:00,0.0032145391126885414,0.002910670899375174
2026-05-01 16:55:00,0.002324243673101023,-0.0006502939008922562
2026-05-01 17:00:00,0.003818651286060515,-0.0028291102877389986
2026-05-01 17:05:00,0.002717560143677744,0.0015577387493628306
2026-05-01 17:10:00,0.0015581211310085052,0.002186501619906703
2026-05-01 17:15:00,0.0017315686002259412,0.0017526621399485307
2026-05-01 17:20:00,0.0015647701515515422,-0.0011473018108512248
2026-05-01 17:25:00,0.00011642397312172648,0.001040296703768332
2026-05-01 17:30:00,-0.00025875731942370805,0.0023736255963689814
2026-05-01 17:35:00,-0.00019392539535445508,-0.0004102574449001368
2026-05-01 17:40:00,-0.0010945257573666822,0.00019296890725695458
2026-05-01 17:45:00,-0.001193530946197896,0.002472951648409099
2026-05-01 17:50:00,-0.0009669399904677078,0.002662047784545308
2026-05-01 17:55:00,-0.0010213118926838405,0.0007623378600117819
2026-05-01 18:00:00,-0.0011526882070036493,0.007860978391257472
2026-05-01 18:05:00,-3.448982011811097e-05,0.0013967628985794157
2026-05-01 18:10:00,-0.00081647166004295,-0.0003643087700717992
2026-05-01 18:15:00,-0.0018695338288967633,0.0029465503931770947
2026-05-01 18:20:00,-0.0017244022215407995,0.001564635033247903
2026-05-01 18:25:00,-0.0014627518735093048,0.0013981065446401594
2026-05-01 18:30:00,-0.0014092457904890665,-0.0003172816477176482
2026-05-01 18:35:00,-0.0020838374295930606,0.003486519853644404
2026-05-01 18:40:00,-0.002313646793911772,-0.000561251430105891
2026-05-01 18:45:00,-0.0024561711205972614,0.0016921761432057436
2026-05-01 18:50:00,-0.002387971974341596,-0.003336437534852242
2026-05-01 18:55:00,-0.0018319232220118664,0.003797430106025175
2026-05-01 19:00:00,-0.0031113424912980747,0.0013777180308810139
2026-05-01 19:05:00,-0.003199788547428639,0.002152423840815925
2026-05-01 19:10:00,-0.00525729597522151,0.0010898097539323148
2026-05-01 19:15:00,-0.004256079430309256,-0.0010168965586351086
2026-05-01 19:20:00,-0.0027825503765246395,0.0013160870754414602
2026-05-01 19:25:00,-0.002016406402191251,0.0011604147224826581
2026-05-01 19:30:00,-0.0027768183932668222,8.437990124601339e-05
2026-05-01 19:35:00,-0.002830697529828896,3.5294103813620384e-05
2026-05-01 19:40:00,-0.0012237336642026975,0.0010892579959298559
2026-05-01 19:45:00,-0.000577146943145479,0.0008987262578599761
2026-05-01 19:50:00,-0.0012361314985191996,-0.0006894305944328802
2026-05-01 19:55:00,-0.0011885520083207979,-6.504818236575445e-05
2026-05-01 20:00:00,-0.0007160496002622807,0.0014930757333341746
2026-05-01 20:05:00,-0.0002660302143819848,0.0030399925916673033
2026-05-01 20:10:00,0.0023219766051685298,-0.00011715563239293778
2026-05-01 20:15:00,0.001829957292542872,0.0020739898449733236
2026-05-01 20:20:00,0.0009341409718395255,0.0006907880643376181
2026-05-01 20:25:00,0.00047799442240581413,0.002536820387099707
2026-05-01 20:30:00,0.0002490171953830611,0.0003620516646189428
2026-05-01 20:35:00,-9.962035988664297e-05,0.0052323428825699
2026-05-01 20:40:00,-0.002321855060854361,-5.165462021514717e-05
2026-05-01 20:45:00,-0.002099558781834432,0.003736953688389162
2026-05-01 20:50:00,-0.003066663294758243,-0.0006377908623353997
2026-05-01 20:55:00,-0.003044808208059635,0.00038517876381614696
2026-05-01 21:00:00,-0.002532999121431345,0.007040522094784028
2026-05-01 21:05:00,-0.002685891163960008,-0.0023999202837654203
2026-05-01 21:10:00,-0.0032388341674156607,0.000689647828515819
2026-05-01 21:15:00,-0.0036220588752797767,-0.0006528125222713626
2026-05-01 21:20:00,-0.0032711498208257694,0.0071310457738446706
2026-05-01 21:25:00,-0.0023554127989253715,0.0007228428120097684
2026-05-01 21:30:00,-0.0008642471894866333,-0.001114801198417026
2026-05-01 21:35:00,-0.00112466572555725,0.0004930726373982961
2026-05-01 21:40:00,0.0005137849478646928,0.0012843659930211167
2026-05-01 21:45:00,-0.0003857589964351149,0.0005479323552503449
2026-05-01 21:50:00,0.0011965976437977588,0.00020355605366030182
2026-05-01 21:55:00,0.0007674896960754296,-0.001693418903065729
2026-05-01 22:00:00,0.0035322983973635758,0.00011872792613927812
2026-05-01 22:05:00,0.002460899816524531,0.0014336879981168003
2026-05-01 22:10:00,0.002358718982030439,-0.002233624411277745
2026-05-01 22:15:00,0.0023981320369994563,0.0015838055921708178
2026-05-01 22:20:00,0.0012027580363334067,0.0015987154526400477
2026-05-01 22:25:00,0.0015268881418606384,-0.0015462281588437534
2026-05-01 22:30:00,0.001835903680433404,-0.00010494031233803848
2026-05-01 22:35:00,0.0029444197495855917,0.0036656403157349473
2026-05-01 22:40:00,0.003057732456040796,0.007661094145007641
2026-05-01 22:45:00,0.0028225676814805922,0.001722615511490651
2026-05-01 22:50:00,0.0009030030334731265,0.001053320608804996
2026-05-01 22:55:00,0.0010353941054095372,0.000799433168298943
2026-05-04 00:00:00,-0.0013153029147670026,0.003904157477999162
2026-05-04 00:05:00,-0.0013965106829267881,-9.520285491840986e-05
2026-05-04 00:10:00,-0.0014873593458446521,0.0008535906761861183
2026-05-04 00:15:00,-0.0011604370260531738,-0.0005216966516087982
2026-05-04 00:20:00,-0.00027509810020021064,-0.0010443431924425824
2026-05-04 00:25:00,-0.0008183820308804712,0.0017927370141678234
2026-05-04 00:30:00,-0.0011925208075336258,0.0005677921888513306
2026-05-04 00:35:00,-0.0023288390359699207,0.0007125310706524872
2026-05-04 00:40:00,-0.0031552662597089665,-0.002018212332024764
2026-05-04 00:45:00,-0.0025798255612805576,0.002093587974831797
2026-05-04 00:50:00,-0.0008271800562589249,0.0006188191000452217
2026-05-04 00:55:00,-0.0012564748007637405,-0.0011273621422055553
2026-05-04 01:00:00,-0.002360196369819434,-0.0010749830706251347
2026-05-04 01:05:00,3.8998856037864016e-05,-0.0013890158238273166
2026-05-04 01:10:00,-0.0005526400622635208,-0.0007759895605020398
2026-05-04 01:15:00,-0.0018126277433836435,0.0003625117622243115
2026-05-04 01:20:00,-0.002477122600057058,-0.00044203295020519277
2026-05-04 01:25:00,-0.0022507539116034536,0.0008579314255091888
2026-05-04 01:30:00,-0.0019595990828094045,0.0019303505607439716
2026-05-04 01:35:00,-0.0017914388783424329,-0.0009607413914294054
2026-05-04 01:40:00,-0.0016052551680640903,4.63595115273478e-05
2026-05-04 01:45:00,-0.0010732790352125932,-0.000586335067169185
2026-05-04 01:50:00,-0.0013960639340719894,0.004180602573575343
2026-05-04 01:55:00,5.8526117298285385e-05,-0.0015518984607397013
2026-05-04 02:00:00,-0.0014700791647772604,-0.0006580879877596308
2026-05-04 02:05:00,-0.003548615912652764,-0.0014031759213159534
2026-05-04 02:10:00,-0.00263736989094987,-0.0009817834707695535
2026-05-04 02:15:00,-0.001794178309085126,0.0027327572144945095
2026-05-04 02:20:00,-0.0013148017032769133,-0.0008313783691439446
2026-05-04 02:25:00,-0.002619239310085675,-0.002417707816812678
2026-05-04 02:30:00,-0.00209172606678365,-0.0024245140241786318
2026-05-04 02:35:00,-0.0013337332165068716,-0.0018524394210032845
2026-05-04 02:40:00,-0.0009752570053702669,-0.00236063790247483
2026-05-04 02:45:00,-0.0017739760052055686,0.0001915042902104338
2026-05-04 02:50:00,-0.0007595486476272839,-0.0005149610821515121
2026-05-04 02:55:00,-1.5173108916854972e-05,-6.934219609335095e-05
2026-05-04 03:00:00,0.0023788398751634077,-0.0011244023037775882
2026-05-04 03:05:00,0.002041721315002576,-0.0018753937625573516
2026-05-04 03:10:00,0.0015615552263863464,-0.0008907917555875241
2026-05-04 03:15:00,0.0012124005274394278,-0.002125426959549917
2026-05-04 03:20:00,-2.174657627307397e-06,-0.00196210432582932
2026-05-04 03:25:00,-0.0004266833921633406,-0.0018120610749491992
2026-05-04 03:30:00,-0.0006982154463095469,-0.0008416622323706424
2026-05-04 03:35:00,8.476887987285409e-05,-0.0014259909353985733
2026-05-04 03:40:00,0.00047797305576402493,-0.0008715876182492712
2026-05-04 03:45:00,0.000773380122272016,-0.0012374305439457139
2026-05-04 03:50:00,0.000681450256630356,-0.0006823366789496972
2026-05-04 03:55:00,-0.0017225598802674824,0.0002694021527250969
2026-05-04 04:00:00,-0.0015773027926595518,-0.0011686062322227595
2026-05-04 04:05:00,-4.339750378257179e-05,-0.0004443575742647981
2026-05-04 04:10:00,0.00048382600998664316,-0.0007352045621381763
2026-05-04 04:15:00,0.0008291478485258352,-0.0008498147988041918
2026-05-04 04:20:00,0.002506413949314279,-0.001040514135059974
2026-05-04 04:25:00,0.003605831916097202,0.00044780657893609863
2026-05-04 04:30:00,0.0026901246552455405,-0.0010358935887257248
2026-05-04 04:35:00,0.00014126550004966987,-0.0018444528523045888
2026-05-04 04:40:00,0.00045169178884307826,-0.0014157529792927224
2026-05-04 04:45:00,0.0011459354191227789,-4.892097404608119e-05
2026-05-04 04:50:00,0.0008804230068530927,7.274814929990867e-05
2026-05-04 04:55:00,0.002142986554513726,-0.000709139573887384
2026-05-04 05:00:00,0.001035182177064442,0.0005639579466596889
2026-05-04 05:05:00,0.0004816067535386992,-0.0014357577707848504
2026-05-04 05:10:00,0.0002537523369134931,-0.0007626006276687493
2026-05-04 05:15:00,0.000498893767668207,-0.000917535872296449
2026-05-04 05:20:00,-0.00010195835985982171,-0.002714855956225207
2026-05-04 05:25:00,-0.00021915192632171454,-0.00022831678765076384
2026-05-04 05:30:00,0.0006247763048570221,0.0005059713992955032
2026-05-04 05:35:00,0.001904049120884821,-0.0017709496097096278
2026-05-04 05:40:00,0.0007422423002161338,-0.00025523868855100216
2026-05-04 05:45:00,-0.0005402491135395593,-0.0021793662099550072
2026-05-04 05:50:00,-0.0013816995364503981,-0.0007272418943281254
2026-05-04 05:55:00,-0.0020279121305470937,-0.00171320644214158
2026-05-04 06:00:00,-0.0012610246355375665,0.00254953546598557
2026-05-04 06:05:00,-0.0009439070420818041,-0.00048638501222419235
2026-05-04 06:10:00,-0.001619046939238089,-0.002727624860240504
2026-05-04 06:15:00,-6.50589868378404e-05,-0.000121394403390038
2026-05-04 06:20:00,-0.0010983382770159977,-0.0010906851197337664
2026-05-04 06:25:00,-0.0024878093938163204,-0.0010912306980090602
2026-05-04 06:30:00,-0.0033932359073212126,-0.0010732653030585072
2026-05-04 06:35:00,-0.0029694657995484874,0.0012560189074801128
2026-05-04 06:40:00,-0.0022522996760088176,-0.0008581186095466456
2026-05-04 06:45:00,-0.0024641097892654784,-0.0005753554756320629
2026-05-04 06:50:00,-0.001866261946451786,0.0017456768305815682
2026-05-04 06:55:00,-0.001549186986828488,-0.00018530854583788959
2026-05-04 07:00:00,-0.002276471475427755,-0.00139036426005629
2026-05-04 07:05:00,-0.0020601581959631687,-0.0015124259068755518
2026-05-04 07:10:00,-0.001369336216420436,0.002026449298436825
2026-05-04 07:15:00,-0.003145223616281001,-0.001504537205422553
2026-05-04 07:20:00,-0.0025573292470735254,-0.0009307074743674583
2026-05-04 07:25:00,-0.000511364822063598,-0.002308253567577147
2026-05-04 07:30:00,-0.0012236918694821242,-0.001018213188449487
2026-05-04 07:35:00,-0.002197470418613179,0.0014964064617710496
2026-05-04 07:40:00,-0.002920110648156893,0.001398026632952792
2026-05-04 07:45:00,-0.0012081962883616626,-0.0016446905254193839
2026-05-04 07:50:00,-0.002192250502726978,-0.001448060600250809
2026-05-04 07:55:00,-0.0023097639659646063,-0.00036269678049688487
2026-05-04 08:00:00,-0.0012502397558087353,-0.001396815108017629
2026-05-04 08:05:00,-0.0011775859545508638,0.001279732567256269
2026-05-04 08:10:00,-0.0012644964430137406,3.611944235673854e-05
2026-05-04 08:15:00,-0.0017768143527376878,0.001921957317821302
2026-05-04 08:20:00,-0.0010108162547677324,0.00022063306334874004
2026-05-04 08:25:00,-0.0017798463835632106,-0.0008171517475183424
2026-05-04 08:30:00,-0.0008064516566097524,-0.001547399139790711
2026-05-04 08:35:00,-0.0002485810179777559,-0.0010404893052913158
2026-05-04 08:40:00,0.000538498865704895,-7.750470763056791e-05
2026-05-04 08:45:00,-0.0006885626962134239,0.0022505887938392287
2026-05-04 08:50:00,-0.0013434120319200105,-0.0023722627176076118
2026-05-04 08:55:00,-0.0020792092098833592,-0.0024105455196647275
2026-05-04 09:00:00,-0.002920404733227855,-0.001214427652006852
2026-05-04 09:05:00,-0.002791689562817723,0.0006251196780305462
2026-05-04 09:10:00,-0.002520700065405279,0.0016635915340733403
2026-05-04 09:15:00,-0.0026842665814292843,0.0010771989559161905
2026-05-04 09:20:00,-0.0022737101804288784,0.0015089413722193937
2026-05-04 09:25:00,-0.002431981079165979,-0.0008488926365259986
2026-05-04 09:30:00,-0.0018376500716943411,-0.0014620985059031547
2026-05-04 09:35:00,-0.0013835879028594178,0.0003003791318668054
2026-05-04 09:40:00,-0.002122973963455621,-0.001930334551557514
2026-05-04 09:45:00,-0.002313204403519009,-0.000686685368114232
2026-05-04 09:50:00,-0.0009912686210569177,0.0006900705901363198
2026-05-04 09:55:00,-0.0005090064762462987,-0.0005973239075273771
2026-05-04 10:00:00,0.001308470401513162,-0.0007346549303873977
2026-05-04 10:05:00,0.0003493877016129687,0.0012100504664890222
2026-05-04 10:10:00,0.0008554824504063419,-0.0005230183061864519
2026-05-04 10:15:00,0.0014543265495046143,0.0006378125615617566
2026-05-04 10:20:00,0.0007097255625492238,-0.0020912421430034707
2026-05-04 10:25:00,0.0014066420275451463,0.0013930415700632746
2026-05-04 10:30:00,0.0010610984018022407,-0.002093068599276584
2026-05-04 10:35:00,0.001052050394642734,-0.00046758028091435573
2026-05-04 10:40:00,0.0006790563779457415,-0.0022810317476355587
2026-05-04 10:45:00,0.0010677941023757853,-0.0004686449891967254
2026-05-04 10:50:00,0.00034290669451841893,0.000717528544876743
2026-05-04 10:55:00,-0.00012018954999071241,-0.0020346750776953056
2026-05-04 11:00:00,-0.0046979107765210415,-0.000822008013211336
2026-05-04 11:05:00,-0.006982471479185293,0.001590635255297735
2026-05-04 11:10:00,-0.00920419281106355,0.0006511623469871386
2026-05-04 11:15:00,-0.00970926118866089,-0.000764117238182781
2026-05-04 11:20:00,-0.009719942145146376,-0.0008003195980463865
2026-05-04 11:25:00,-0.007985526560693401,0.0007307711170069976
2026-05-04 11:30:00,-0.0053672460682676615,0.001169757970730588
2026-05-04 11:35:00,-0.00494025797859976,5.116171172678313e-05
2026-05-04 11:40:00,-0.0050131560564530275,6.457020607358219e-05
2026-05-04 11:45:00,-0.003412640563523084,-0.0005045659031116673
2026-05-04 11:50:00,-0.003820105464781065,-0.00020621381915227188
2026-05-04 11:55:00,-0.0026872736202978587,-0.0016282774512180514
2026-05-04 12:00:00,0.0006402315576572448,-0.0011736197178324797
2026-05-04 12:05:00,0.00409855522820024,-0.0010673219880635108
2026-05-04 12:10:00,0.005204204964048387,0.0014835963099196917
2026-05-04 12:15:00,0.0066168323277988605,-0.0021121210535505015
2026-05-04 12:20:00,0.006069868054602523,-0.004937731499878739
2026-05-04 12:25:00,0.003654432206131375,-0.004994882676331684
2026-05-04 12:30:00,-0.00021722125825718308,-0.0004671014034717777
2026-05-04 12:35:00,-0.0016785430241554877,-0.0003486621692183632
2026-05-04 12:40:00,-0.0010139985329615797,-0.004612793240326048
2026-05-04 12:45:00,-0.002328407168072033,0.001049070266040304
2026-05-04 12:50:00,-0.0006139772100350882,-0.0003724824004710054
2026-05-04 12:55:00,-0.0006926832325397925,0.0014444882629623323
2026-05-04 13:00:00,0.0001775258814387115,-0.0033205936232999058
2026-05-04 13:05:00,-0.00136066516097344,-0.003056573078709805
2026-05-04 13:10:00,-0.0005082469751496177,0.0005144804515618391
2026-05-04 13:15:00,0.000999802091856239,0.0007112661839392706
2026-05-04 13:20:00,0.0017971777552254764,-0.0016285390684812493
2026-05-04 13:25:00,0.0014348383339974902,-0.002021233480976098
2026-05-04 13:30:00,0.0020189959014160763,-0.0015556410278325153
2026-05-04 13:35:00,0.0032711006199726,0.0006350871886460552
2026-05-04 13:40:00,0.003520435732733418,-0.0013862835629208843
2026-05-04 13:45:00,0.0031777366210299363,-0.0005562824536291748
2026-05-04 13:50:00,0.0028605491780968606,-0.004498289290285926
2026-05-04 13:55:00,0.0015885139563600603,0.0018012663059088138
2026-05-04 14:00:00,0.0005367692535998003,0.0017413362025212723
2026-05-04 14:05:00,0.0028135018389541244,-0.0033415540735959506
2026-05-04 14:10:00,0.0005695696617173951,-0.004005194957904025
2026-05-04 14:15:00,-0.0017552388085047,-0.0020820085815356965
2026-05-04 14:20:00,-0.0022135504103797388,0.0002917108225815924
2026-05-04 14:25:00,-0.0016058418399857999,-0.0013343572376250965
2026-05-04 14:30:00,0.0007027322561974358,-0.0005153291280912707
2026-05-04 14:35:00,-0.0004685225206397803,-0.0014638845813625602
2026-05-04 14:40:00,-0.0010749828895644242,-0.0017542391305513997
2026-05-04 14:45:00,-0.0018813156357406768,-0.0003379530723114126
2026-05-04 14:50:00,-0.0017359424252667566,0.0006616679168822327
2026-05-04 14:55:00,-0.0007994192043216941,-0.0032820319815242433
2026-05-04 15:00:00,-0.0013172416982563107,-0.003511964625919971
2026-05-04 15:05:00,-0.004156261015468843,-0.0012585003403839327
2026-05-04 15:10:00,-0.0011986638635637092,0.0002942541780443287
2026-05-04 15:15:00,0.00165683438153863,0.0001643333550339394
2026-05-04 15:20:00,0.003208161014914168,-0.0024003771222600697
2026-05-04 15:25:00,0.0021398206292069233,-0.0031750688670767217
2026-05-04 15:30:00,0.0013121955129324903,0.0026699676894551437
2026-05-04 15:35:00,0.0029694310588457284,-0.0007864425145696169
2026-05-04 15:40:00,0.0021007215823729553,0.002511650351797561
2026-05-04 15:45:00,0.002054157762390929,-0.0033374123141716623
2026-05-04 15:50:00,0.0014821969437459614,-0.0007788849275232012
2026-05-04 15:55:00,-0.0006268410922043444,-0.0038588366177915163
2026-05-04 16:00:00,0.00019298245673837755,-0.0022374934765169454
2026-05-04 16:05:00,0.0006781870936904966,0.0006036707461133351
2026-05-04 16:10:00,-0.0028875067958953338,-0.003590665465602794
2026-05-04 16:15:00,-0.00709527125790288,-0.002171133606732033
2026-05-04 16:20:00,-0.01227092877722491,0.0015947120893254848
2026-05-04 16:25:00,-0.007098464879236488,0.0004356183908330023
2026-05-04 16:30:00,-0.00904087477116633,-0.0006250801205552616
2026-05-04 16:35:00,-0.010078874548588246,-0.0006787651096567286
2026-05-04 16:40:00,-0.008716115784411116,0.0010117016469256871
2026-05-04 16:45:00,-0.010662544934058715,0.001862282522625411
2026-05-04 16:50:00,-0.00940321773599706,-0.0076138527502275675
2026-05-04 16:55:00,-0.008801801758155037,-0.0027581127720055446
2026-05-04 17:00:00,-0.008325427062132462,0.0009512346183317721
2026-05-04 17:05:00,-0.010562830007053492,-0.003704885575866358
2026-05-04 17:10:00,-0.008537660622833343,0.0018682482835428065
2026-05-04 17:15:00,-0.003821927750417231,0.0017570142912745948
2026-05-04 17:20:00,0.00016145173899850818,-0.0022377203305524646
2026-05-04 17:25:00,-0.005209254098105021,0.0012631248261368289
2026-05-04 17:30:00,-0.0035946505646418103,-0.008479524193583337
2026-05-04 17:35:00,-0.004509361234228848,0.0006766393171699942
2026-05-04 17:40:00,-0.004944995183095102,-0.004169731779254749
2026-05-04 17:45:00,-0.002840920437467531,-0.0028775445947054196
2026-05-04 17:50:00,-0.004151578182776561,-0.000758676535924296
2026-05-04 17:55:00,-0.0019460837068461245,0.0018981347211684673
2026-05-04 18:00:00,-0.00024767418587678947,0.0008847073269995044
2026-05-04 18:05:00,0.003223238423281316,-0.0074090325239396185
2026-05-04 18:10:00,0.0029984697948997052,5.244086698782194e-05
2026-05-04 18:15:00,0.0015110982415915686,-0.004507566190626868
2026-05-04 18:20:00,0.0009438602815006192,-0.0022802149959804245
2026-05-04 18:25:00,0.0020555719524359972,-0.0005576243371914311
2026-05-04 18:30:00,0.0017006186254970856,-0.0030450529336397926
2026-05-04 18:35:00,0.0025312828128161158,-0.0033210798472132906
2026-05-04 18:40:00,0.0030998377550410794,0.00034624461116695716
2026-05-04 18:45:00,0.0027966967185104608,-0.005151263238631228
2026-05-04 18:50:00,0.002982647731400334,0.00021321890187272425
2026-05-04 18:55:00,0.0022755908533866887,0.0006110920138140052
2026-05-04 19:00:00,0.0004289681833302694,-0.0035737612533241585
2026-05-04 19:05:00,-0.001121199070560408,-0.0013879448349792146
2026-05-04 19:10:00,-0.0004865846498915971,-0.000819305610244862
2026-05-04 19:15:00,-0.002643708919395138,-0.004229976879520097
2026-05-04 19:20:00,-0.0026880339014745402,-0.0006407527800455289
2026-05-04 19:25:00,-0.0025208191067598307,-0.004287542922443963
2026-05-04 19:30:00,-0.002506602434312555,-0.004419962523971273
2026-05-04 19:35:00,-0.002263247762860132,-0.0010199288028987562
2026-05-04 19:40:00,-0.0031929150225380454,-0.005172472287957319
2026-05-04 19:45:00,-0.001531346423309543,-0.0007883289706022306
2026-05-04 19:50:00,-0.0021669056379867158,-0.005490513906672707
2026-05-04 19:55:00,-0.0013563194274972545,-0.002635195394353941
2026-05-04 20:00:00,-0.0025388954728864377,-0.000795097528316467
2026-05-04 20:05:00,-0.00032310320994177744,0.002041839715866622
2026-05-04 20:10:00,-0.0002632967646309936,-0.0012705328561079155
2026-05-04 20:15:00,0.0006505230965956343,0.0003099048451206858
2026-05-04 20:20:00,0.0024913777188206865,-0.000140298333374679
2026-05-04 20:25:00,0.0022444810484980593,-0.004829410450198585
2026-05-04 20:30:00,0.0019805820974667654,-0.004030850766751481
2026-05-04 20:35:00,0.0020952841663657296,0.0015909663064929015
2026-05-04 20:40:00,0.0019904072956471452,-0.004284294235676765
2026-05-04 20:45:00,0.0010491810046922012,-0.004177612549088081
2026-05-04 20:50:00,0.0015763968876019163,-0.0018759986735201676
2026-05-04 20:55:00,0.0001726844240721448,-0.0008958774222605583
2026-05-04 21:00:00,0.0008750641625923095,-0.0010191483371920027
2026-05-04 21:05:00,-0.0009034724512950731,0.0013042724289325782
2026-05-04 21:10:00,-0.0009608466816253269,-0.001026405502781321
2026-05-04 21:15:00,-0.0017556118209984817,-0.000946888410680275
2026-05-04 21:20:00,-0.002706289733117373,-0.006404605872778995
2026-05-04 21:25:00,-0.0016662779590514987,-0.0032895640989719505
2026-05-04 21:30:00,-0.0013561093912084488,-0.006023472663671076
2026-05-04 21:35:00,-0.0016059179080336605,-0.0005471227037383241
2026-05-04 21:40:00,-0.00045352628519701454,0.00012214353810049473
2026-05-04 21:45:00,0.000199087296012479,-0.0024545992464203806
2026-05-04 21:50:00,0.00027207543956997426,0.0009278282954206403
2026-05-04 21:55:00,0.001020000730083126,-0.0006001048729733127
2026-05-04 22:00:00,0.001467059473236887,-0.004438666183383194
2026-05-04 22:05:00,0.0015451505721753023,-0.001024880366814087
2026-05-04 22:10:00,0.00176379573750296,0.001549070927161028
2026-05-04 22:15:00,0.001828603310887189,0.0015854144452894844
2026-05-04 22:20:00,0.001684823375903477,-0.0008631684163364344
2026-05-04 22:25:00,0.0010403663027442889,0.0012105264726140035
2026-05-04 22:30:00,0.0005931093265463261,-0.0010363909316671847
2026-05-04 22:35:00,0.000924934346924644,-0.0065145576348511055
2026-05-04 22:40:00,0.00016373565136973411,-0.0039632054268975
2026-05-04 22:45:00,-0.0003982142356697693,0.0008613360879509612
2026-05-04 22:50:00,-0.0006770076521505075,-0.001639621512447066
2026-05-04 22:55:00,-0.0011461902602825091,-0.003583781962556783
2026-05-04 23:00:00,-0.0011061801192564502,-0.00014568738193199488
2026-05-05 00:00:00,-0.0005974112358231309,0.00047955262255874637
2026-05-05 00:05:00,-0.0006657605786095644,0.0012474159191156293
2026-05-05 00:10:00,-0.00017695826485564226,-0.0002141029477565692
2026-05-05 00:15:00,-0.00014379656129825946,-0.004612948185933219
2026-05-05 00:20:00,0.00035170883295521094,-0.0023836255197635537
2026-05-05 00:25:00,0.00023670288478783164,0.001334794003742651
2026-05-05 00:30:00,-2.2117630406270905e-05,-0.0003011732708836589
2026-05-05 00:35:00,0.00017034512627311926,-0.001210933155673112
2026-05-05 00:40:00,-0.00013498636326225721,-0.0011221527197389704
2026-05-05 00:45:00,0.0003319237667973596,0.00039204102040415805
2026-05-05 00:50:00,0.0005511318816555644,-0.00030124217672533723
2026-05-05 00:55:00,0.00042049260220622386,0.0012225023358201313
2026-05-05 01:00:00,0.001041919083398568,-0.001659625285915239
2026-05-05 01:05:00,0.0014945769106375906,-0.006694750032775746
2026-05-05 01:10:00,0.001483268191908138,-0.002808108227709127
2026-05-05 01:15:00,0.0007939413188005062,-0.0016960353541042097
2026-05-05 01:20:00,-0.0004136577914586326,-0.0006159584177090048
2026-05-05 01:25:00,-0.0008608052047076598,-2.490895441102389e-06
2026-05-05 01:30:00,-0.0006903159133067049,0.0015751987711605483
2026-05-05 01:35:00,9.069141147577398e-05,-0.003361056973919224
2026-05-05 01:40:00,0.0012982117687005967,0.00030928470574543123
2026-05-05 01:45:00,0.0015386863187778488,-0.003108857697173673
2026-05-05 01:50:00,0.0021264234819131644,-0.0020019506358299696
2026-05-05 01:55:00,0.00223670228423245,0.0015475253424098508
2026-05-05 02:00:00,0.002601160726909413,0.00021519991692002836
2026-05-05 02:05:00,0.001845238881575284,-0.0003232165088866653
2026-05-05 02:10:00,0.0025832767693945158,-0.002795693501923301
2026-05-05 02:15:00,0.0029667193180067386,-0.0006091190157526222
2026-05-05 02:20:00,0.004014313816858461,-7.5537937919131435e-06
2026-05-05 02:25:00,0.004651469091077942,-0.0006655957046388016
2026-05-05 02:30:00,0.00370926780168368,0.00013039353607450978
2026-05-05 02:35:00,0.00365839392509848,-0.0067716827341323315
2026-05-05 02:40:00,0.0027236366106802024,0.0005198604050664487
2026-05-05 02:45:00,0.002733281869492288,2.141955597845459e-06
2026-05-05 02:50:00,0.002035975473088314,0.0008030910012350838
2026-05-05 02:55:00,0.0026699695178482585,0.0024219319320284995
2026-05-05 03:00:00,0.0011064215448275405,0.0021680226130271025
2026-05-05 03:05:00,0.0009015155548901532,-0.00043128012887330724
2026-05-05 03:10:00,-5.50814268880373e-05,-0.004002709871026219
2026-05-05 03:15:00,-0.00022043522820602846,-0.0020796045716181878
2026-05-05 03:20:00,0.0001057704385836189,0.0008893772513058093
2026-05-05 03:25:00,0.0008105763024275348,-0.00202075864881914
2026-05-05 03:30:00,0.0014785421318084246,0.0004212680503963202
2026-05-05 03:35:00,0.0010726790579731471,0.0004066183656904674
2026-05-05 03:40:00,0.0016979634029254953,0.00045712195776734834
2026-05-05 03:45:00,0.0010590947162203435,0.0002527903923895688
2026-05-05 03:50:00,0.0007995797676354499,-0.0004942480543363421
2026-05-05 03:55:00,-0.0005462013812849165,0.001419723434816597
2026-05-05 04:00:00,0.000332568722003046,-0.0011204097517952378
2026-05-05 04:05:00,0.00043834096359418595,-0.001769135085218007
2026-05-05 04:10:00,0.0008479177521305559,0.0004901401764555235
2026-05-05 04:15:00,0.0010246117012435718,0.00129962396734309
2026-05-05 04:20:00,6.610280969709947e-06,-0.00011813918435069803
2026-05-05 04:25:00,-0.0008722774923981547,0.0015666903299040211
2026-05-05 04:30:00,-0.0007092511310524685,-6.625060062345382e-05
2026-05-05 04:35:00,-0.0008545258452432591,-0.0004151527157549254
2026-05-05 04:40:00,-0.001843448408306969,-0.00023039844080084685
2026-05-05 04:45:00,-0.001636454303866941,0.0024274991649987764
2026-05-05 04:50:00,-0.0013814941500687183,0.0003865470016978447
2026-05-05 04:55:00,-0.0009808276546543482,0.001509437487410536
2026-05-05 05:00:00,-0.0013243240116604937,-0.0007107314318021342
2026-05-05 05:05:00,-0.0015537826706690794,0.00011453423114266798
2026-05-05 05:10:00,-0.0020604773712289415,0.0018730921330381853
2026-05-05 05:15:00,-0.002134138413374842,0.0007150235208252746
2026-05-05 05:20:00,-0.0016715884640596812,0.0008145872051255159
2026-05-05 05:25:00,-0.0018020308045461064,-2.77938705975657e-05
2026-05-05 05:30:00,-0.0011486436356307195,-0.0005294446091834216
2026-05-05 05:35:00,-0.0014684938012017312,0.0025461988449771334
2026-05-05 05:40:00,-0.0009925077513521785,-0.0007710230589144435
2026-05-05 05:45:00,-0.0004409569719499018,0.0023004225796148642
2026-05-05 05:50:00,-0.00013009535566865793,5.052427142750985e-05
2026-05-05 05:55:00,-0.000269069176662029,-0.0008714193463639268
2026-05-05 06:00:00,0.0003483283581111607,0.0013993327321486248
2026-05-05 06:05:00,0.0022032312676252275,-0.00040892768007850584
2026-05-05 06:10:00,0.0015363948889106638,-0.0007281181464113466
2026-05-05 06:15:00,0.0012924913795195891,-0.000797681826428335
2026-05-05 06:20:00,0.0019139352635129114,0.0003280418337215532
2026-05-05 06:25:00,0.002341787178238519,-0.0002067191073292322
2026-05-05 06:30:00,0.003098974665357801,0.0011080692037514746
2026-05-05 06:35:00,0.003693580525897744,-0.000654308720224247
2026-05-05 06:40:00,0.003137368067712032,-0.00014741844214859212
2026-05-05 06:45:00,0.0029199222722446905,0.00047957460956252494
2026-05-05 06:50:00,0.002378729999410467,0.0007900802692958183
2026-05-05 06:55:00,0.0027402346785319054,-8.460153246890082e-05
2026-05-05 07:00:00,0.0015461706730963698,0.0004932646618516778
2026-05-05 07:05:00,4.4016021831794205e-06,0.0019469799544037688
2026-05-05 07:10:00,0.0008190333223154767,0.0010141996515455349
2026-05-05 07:15:00,0.00044294446399106846,-0.0011417313311779741
2026-05-05 07:20:00,-0.0009234353772136217,0.001888181889070421
2026-05-05 07:25:00,-0.0007447197950511963,0.001180640472743755
2026-05-05 07:30:00,-0.0008866428829339412,-6.57489335981159e-06
2026-05-05 07:35:00,-0.00014950443704364602,4.220941407345914e-05
2026-05-05 07:40:00,0.00011658023978000642,0.0007327491112894533
2026-05-05 07:45:00,0.00018908246690330088,-3.3610512326929536e-05
2026-05-05 07:50:00,0.0010180400641335297,0.0013180762055932306
2026-05-05 07:55:00,0.00044205116857298776,0.0013182996361732191
2026-05-05 08:00:00,0.002020511399503988,-0.00023871133364751214
2026-05-05 08:05:00,0.001923844940076691,0.0019476920305926187
2026-05-05 08:10:00,0.002191794949924386,-0.0004272737598308685
2026-05-05 08:15:00,0.0035826133307974573,0.0003298275061847415
2026-05-05 08:20:00,0.0034865098279404094,0.0002523493484927655
2026-05-05 08:25:00,0.002661253283450904,0.002143917272100347
2026-05-05 08:30:00,0.0021020236411768423,0.0019146225855605013
2026-05-05 08:35:00,0.0012437238602895917,0.00047622289141342826
2026-05-05 08:40:00,0.001072779855485706,-0.000654016514176208
2026-05-05 08:45:00,-0.00065974523033141,6.032412317735424e-05
2026-05-05 08:50:00,-0.0010862396072237601,0.0017718763183509397
2026-05-05 08:55:00,-0.0004970463235132172,4.091164609574936e-05
2026-05-05 09:00:00,-0.0005778143619110665,0.001011571455928832
2026-05-05 09:05:00,-0.0010175277154260698,0.001482920468603155
2026-05-05 09:10:00,-0.0005557380090994712,0.001499186804127857
2026-05-05 09:15:00,-0.0009070853205237484,0.00012265370436810187
2026-05-05 09:20:00,0.00017356743742702463,0.0010469486020252272
2026-05-05 09:25:00,0.000503278463163781,0.0018873666353313343
2026-05-05 09:30:00,-0.0002833835131497153,0.001724695325996177
2026-05-05 09:35:00,-0.0007645092355126337,0.0002509780869626307
2026-05-05 09:40:00,-0.0002966579851868545,2.7151712402224267e-05
2026-05-05 09:45:00,0.0013871594368737306,0.0025404962289080953
2026-05-05 09:50:00,0.002568568870040977,-0.0006229345664877767
2026-05-05 09:55:00,0.0028996160754051203,0.0008303004579088266
2026-05-05 10:00:00,0.0010850490544633828,0.0007726654381813733
2026-05-05 10:05:00,0.002575874953931745,0.0019102175561884016
2026-05-05 10:10:00,0.0014205810961893661,-0.0006211446468225738
2026-05-05 10:15:00,0.000746812900978,0.0021942137974043756
2026-05-05 10:20:00,0.0006544517224078561,-0.0006396237929264051
2026-05-05 10:25:00,0.00025923240989556007,0.00045665367905325883
2026-05-05 10:30:00,0.0004722612505165813,-0.0004902251864173055
2026-05-05 10:35:00,0.0009226106139585966,0.00020398739722130458
2026-05-05 10:40:00,0.001238787376946604,0.00017483322887682943
2026-05-05 10:45:00,0.00044146474764339416,0.0003119669196026497
2026-05-05 10:50:00,-0.0006168212390846861,0.0002671329267302779
2026-05-05 10:55:00,-0.0004826858489046515,0.0015984783804892844
2026-05-05 11:00:00,0.00011195221627779972,-0.0006017305293699457
2026-05-05 11:05:00,-0.0016264431131318702,0.0026006545131507467
2026-05-05 11:10:00,-0.0010405371339299307,0.0015798133996303225
2026-05-05 11:15:00,-0.0004150712653494537,-0.000594270157542715
2026-05-05 11:20:00,-0.0005424178573090188,0.00035655207602243146
2026-05-05 11:25:00,-0.0009603752574562918,0.002676202528002238
2026-05-05 11:30:00,-0.00018228837852163338,-0.0008021620910410814
2026-05-05 11:35:00,-0.0008083364525397485,5.028782268421074e-05
2026-05-05 11:40:00,-0.002278883960000755,0.0025842727594955167
2026-05-05 11:45:00,-0.002125651602332468,-0.00041637918765665793
2026-05-05 11:50:00,-0.002867391782311657,-0.0003986799316434656
2026-05-05 11:55:00,-0.0028437954579896285,-0.0006653345612409564
2026-05-05 12:00:00,-0.0027541475216210642,0.0004897242379177365
2026-05-05 12:05:00,-0.0004680099883600519,-0.0014751653382054366
2026-05-05 12:10:00,-5.491072067265179e-05,0.0008142489300176254
2026-05-05 12:15:00,-0.0004987525796291692,-0.0014234430183388965
2026-05-05 12:20:00,0.00043703174885578733,-2.4114455898842918e-05
2026-05-05 12:25:00,0.0018035141552452671,0.001557325859657382
2026-05-05 12:30:00,0.000937442782010578,0.0007569730803194591
2026-05-05 12:35:00,0.0013768556509852203,-0.000539492341498738
2026-05-05 12:40:00,0.003993958389578722,-0.0002697208768082036
2026-05-05 12:45:00,0.003946554307656669,-6.920508514108641e-05
2026-05-05 12:50:00,0.004433944239908172,7.771571368000864e-05
2026-05-05 12:55:00,0.004245134525122651,0.0013857115733601605
2026-05-05 13:00:00,0.003087734706188172,0.0010916832683678975
2026-05-05 13:05:00,0.001778590200911978,0.0008020809852059953
2026-05-05 13:10:00,0.002785657647841333,0.002841747490988257
2026-05-05 13:15:00,0.002679792882853249,-0.00024239061495418842
2026-05-05 13:20:00,0.003786920380685288,-0.00016743265511049782
2026-05-05 13:25:00,0.0038050304231802556,0.00046533983819384327
2026-05-05 13:30:00,0.002750171290662351,-0.00028369258387933875
2026-05-05 13:35:00,0.0028902735858071793,0.0005662817980144532
2026-05-05 13:40:00,0.0008520565413601133,-8.123824723056506e-06
2026-05-05 13:45:00,0.0002454584716318209,0.00040323549619852974
2026-05-05 13:50:00,0.0004186480360033329,0.00043198318263438693
2026-05-05 13:55:00,0.00040096099712449984,0.0006408030690635179
2026-05-05 14:00:00,0.0037189745389696327,0.001176021928644915
2026-05-05 14:05:00,0.003958614926762749,-0.0005682530061964543
2026-05-05 14:10:00,0.0028609193697004542,-0.0013923244570544454
2026-05-05 14:15:00,0.004085950515561265,-0.0002736227286571434
2026-05-05 14:20:00,0.0010734177138953527,-0.001196024704515645
2026-05-05 14:25:00,0.0006622639833864241,-0.00035719908199472036
2026-05-05 14:30:00,0.0024261352437857653,-0.0014109003565817163
2026-05-05 14:35:00,0.0010322491261121058,0.0012627836937366096
2026-05-05 14:40:00,0.001478969804127317,0.00018504704277220855
2026-05-05 14:45:00,0.002796598640067316,-0.0013096622971067841
2026-05-05 14:50:00,0.0037075682243834507,-0.001214278742805182
2026-05-05 14:55:00,0.0037280229468752424,0.00015527764825690494
2026-05-05 15:00:00,0.0010946573734287313,0.0010957112714489934
2026-05-05 15:05:00,0.0016440818407907898,0.0007321101916191431
2026-05-05 15:10:00,-0.0011516949434717816,0.0006627249072707485
2026-05-05 15:15:00,-0.0023690427170190986,0.0020722632211189708
2026-05-05 15:20:00,0.0006138004816964582,0.0017202193683554415
2026-05-05 15:25:00,0.0016919166461075719,0.0029716474265568593
2026-05-05 15:30:00,0.00022264714448816392,0.00040305105430957493
2026-05-05 15:35:00,0.0013477547291991243,0.0011587061010740773
2026-05-05 15:40:00,0.0017736271602153408,0.0026682427926432383
2026-05-05 15:45:00,0.0003211735315069575,0.0014176515297696902
2026-05-05 15:50:00,-0.00036467859009192694,-0.0005336019738998696
2026-05-05 15:55:00,0.00014839579805325798,-0.00018293610138185538
2026-05-05 16:00:00,0.0009647517167614694,0.0008321322082580837
2026-05-05 16:05:00,-0.0007114486791301999,0.0007099161815104696
2026-05-05 16:10:00,0.0017325025443604147,0.002822890519560984
2026-05-05 16:15:00,0.0018209904178032588,0.0006312827786912902
2026-05-05 16:20:00,-0.0005766559358768575,0.0012801108334243793
2026-05-05 16:25:00,-0.0010955987276517476,0.0007906477275276077
2026-05-05 16:30:00,-0.0008581189381509091,0.003123815014485823
2026-05-05 16:35:00,-0.0010723767930986838,-0.0012079878425161313
2026-05-05 16:40:00,-0.0019835251636752815,-0.0003984869771455765
2026-05-05 16:45:00,-0.0007451931564173009,0.0014065601595567691
2026-05-05 16:50:00,-0.00171161612407289,0.001097660553372144
2026-05-05 16:55:00,-0.0030749787377661875,0.0029532286498806164
2026-05-05 17:00:00,-0.003621533371360286,0.0016682428195292428
2026-05-05 17:05:00,-0.003529801368621577,0.0022608741676801245
2026-05-05 17:10:00,-0.003268702000902124,0.0008273656493394988
2026-05-05 17:15:00,-0.0030886771690319392,0.0026164742772343914
2026-05-05 17:20:00,-0.003280589377130383,0.00045626942151020795
2026-05-05 17:25:00,-0.004218990813306789,0.0006503554581886747
2026-05-05 17:30:00,-0.004325807872570309,0.00038273213636131823
2026-05-05 17:35:00,-0.004395418941049556,-0.0005645706759849257
2026-05-05 17:40:00,-0.003577217859319859,-3.0193137442656452e-05
2026-05-05 17:45:00,-0.0035412376137600177,0.0017573009732096965
2026-05-05 17:50:00,-0.002310843259129669,0.002397836335934049
2026-05-05 17:55:00,-0.0015750225325330547,0.0018760467332165896
2026-05-05 18:00:00,-0.001742216078763903,0.0022727747503483637
2026-05-05 18:05:00,-0.0020988483781341216,0.0004043144650501991
2026-05-05 18:10:00,-0.002188011975198023,0.0014369618677773496
2026-05-05 18:15:00,-0.0007144657700060009,0.0028916580493713114
2026-05-05 18:20:00,-0.0005152791337152962,0.0003648358453350665
2026-05-05 18:25:00,-0.00027634306193036196,-0.0006111762441773285
2026-05-05 18:30:00,0.0006930371973403737,-0.0015323605993971903
2026-05-05 18:35:00,0.001068328124379292,0.0005271784492136771
2026-05-05 18:40:00,0.000811636720881026,0.0004398359988894627
2026-05-05 18:45:00,0.0008618260938657585,-0.0011783653451491363
2026-05-05 18:50:00,-0.0002829248305147303,0.0026522269004112886
2026-05-05 18:55:00,-0.0003903055176905923,-0.0016918916140490875
2026-05-05 19:00:00,0.00017545475724745074,-0.0008861643512226753
2026-05-05 19:05:00,0.0013339478491349865,0.0006727689576489926
2026-05-05 19:10:00,0.0018046885123137457,3.699886167115999e-05
2026-05-05 19:15:00,0.000322230274678148,0.0008898232992847174
2026-05-05 19:20:00,0.000554736377413434,-0.00011603254352259034
2026-05-05 19:25:00,0.0007192099525905604,-0.00023838538274134795
2026-05-05 19:30:00,-0.0004912173077435966,0.0019393641761877073
2026-05-05 19:35:00,-0.00027410267180627557,-0.0016091292932371396
2026-05-05 19:40:00,0.0002521313332586317,-0.0007913940230417153
2026-05-05 19:45:00,0.00019726027461253182,0.0010366073607193235
2026-05-05 19:50:00,0.000572346471626517,-0.0008551942382511291
2026-05-05 19:55:00,0.0003968823953623968,0.0026414139756329173
2026-05-05 20:00:00,-0.00024345175224560478,-0.002050456747391966
2026-05-05 20:05:00,-0.0006645575070347576,0.0029469807671253807
2026-05-05 20:10:00,-0.001587427210854031,-0.0002807391101288262
2026-05-05 20:15:00,-0.0009648086809335155,-0.00022643499666541393
2026-05-05 20:20:00,-0.0010461433468531567,0.0009759914481439029
2026-05-05 20:25:00,-0.0012216481045772554,-8.15843826101022e-05
2026-05-05 20:30:00,-0.000509015285835801,5.0395395676015194e-05
2026-05-05 20:35:00,-0.0006010960311204627,-0.0017545880748666863
2026-05-05 20:40:00,-0.0013073875830968973,0.0012620120881050368
2026-05-05 20:45:00,-0.0009954656706696596,0.0020843222997670927
2026-05-05 20:50:00,-0.0013842806310702116,-0.0014390091891028037
2026-05-05 20:55:00,-0.0012679444329730671,-0.00022423847153484974
2026-05-05 21:00:00,-0.0009392701157757699,-0.00033469784994397844
2026-05-05 21:05:00,-0.0004323090747995195,-5.390018159445206e-05
2026-05-05 21:10:00,-0.00015361421356807625,0.0002879643154367681
2026-05-05 21:15:00,-0.00038837891788290335,0.0004193124312085791
2026-05-05 21:20:00,-0.0001755610276585884,-0.001555191086756058
2026-05-05 21:25:00,0.0006274599487134935,0.00025844648864229754
2026-05-05 21:30:00,0.0002611221023975929,0.0025830050597244
2026-05-05 21:35:00,-0.00019312942145255363,-0.001207741242298089
2026-05-05 21:40:00,4.39006615948756e-06,0.0014979185971307949
2026-05-05 21:45:00,-0.0004937150179777916,0.0003673620964216282
2026-05-05 21:50:00,-4.171171715583455e-05,0.0007489026200083578
2026-05-05 21:55:00,0.00027434571463125224,-0.0019177212585691967
2026-05-05 22:00:00,0.0012265807476978807,0.0007412599754539869
2026-05-05 22:05:00,-0.0007355742696244505,0.0008245940202998402
2026-05-05 22:10:00,-0.000946344950756739,0.0006481137137451009
2026-05-05 22:15:00,-0.0012803044612716974,0.0013274002421373898
2026-05-05 22:20:00,-0.0016012215753207215,6.054183155714754e-05
2026-05-05 22:25:00,-0.002120905538742335,0.0030116865422610286
2026-05-05 22:30:00,-0.002436129715535529,0.003075230986415125
2026-05-05 22:35:00,-0.0015046135158840457,0.0011644358926247312
2026-05-05 22:40:00,-0.0012123902482006343,-0.0002586290891347118
2026-05-05 22:45:00,-0.0016540747709310466,0.0011442415198344234
2026-05-05 22:50:00,-0.0015687449525039199,0.0018100963833437595
2026-05-05 22:55:00,0.0006537367428833818,-0.0002023286195597443
2026-05-05 23:00:00,0.0028926277919794074,0.0027683004923325467
2026-05-06 00:00:00,0.005056834310732228,-0.0009132652241594118
2026-05-06 00:05:00,0.005996645140742274,-0.001403005389648794
2026-05-06 00:10:00,0.008442100212636916,-0.0005762737266703169
2026-05-06 00:15:00,0.008061275739866147,-0.0009896554548126382
2026-05-06 00:20:00,0.007619534896655011,0.0006838079462696911
2026-05-06 00:25:00,0.007775252474070626,0.000494966154139271
2026-05-06 00:30:00,0.00769686828323124,-0.0020560018527960816
2026-05-06 00:35:00,0.008004832046184518,0.0012980551776249616
2026-05-06 00:40:00,0.008073062294476685,0.00020096992089177433
2026-05-06 00:45:00,0.010018166218417335,-0.0016136782014740034
2026-05-06 00:50:00,0.00704980815455869,0.0005484942872740489
2026-05-06 00:55:00,0.004757556208293323,0.0010385349853302668
2026-05-06 01:00:00,0.004428872274502282,-0.00012326763007436024
2026-05-06 01:05:00,0.002865144039656542,-0.0015508979356308173
2026-05-06 01:10:00,0.0005358893494982198,-4.989482474354908e-05
2026-05-06 01:15:00,0.0023304956859337977,-0.0008312763031828136
2026-05-06 01:20:00,0.003933683301035273,0.0017040010930035579
2026-05-06 01:25:00,0.004396453777035347,-0.0010968450276792748
2026-05-06 01:30:00,0.00536036839381282,0.0010343337982607872
2026-05-06 01:35:00,0.004680752244869524,-0.0019447976082416895
2026-05-06 01:40:00,0.005413301111909519,0.001156148702820029
2026-05-06 01:45:00,0.0035898332513308873,-0.0019417232688360804
2026-05-06 01:50:00,0.004094251608739441,6.921760727820141e-05
2026-05-06 01:55:00,0.0053845891617552155,-0.0018718600288481573
2026-05-06 02:00:00,0.004190529470060156,-0.0020361986629473987
2026-05-06 02:05:00,0.004377772289078763,-0.001231370293538527
2026-05-06 02:10:00,0.004335356405333002,-0.0008518503444601764
2026-05-06 02:15:00,0.004612278987282892,-0.00019867088222212572
2026-05-06 02:20:00,0.00458676626993082,-0.0010308440946347525
2026-05-06 02:25:00,0.004865989250909308,-0.0007428139027368714
2026-05-06 02:30:00,0.0030329115563905162,0.0022093637812081635
2026-05-06 02:35:00,0.0034421801368687,0.0019594769880922898
2026-05-06 02:40:00,0.0029866058192968836,-0.001823439868520228
2026-05-06 02:45:00,0.004011335817823536,0.0008914772915948511
2026-05-06 02:50:00,0.003033779899643818,0.0012541814044436594
2026-05-06 02:55:00,0.0013346039646204844,0.0013393773206469245
2026-05-06 03:00:00,0.0027933251028802175,-0.0007915087088351542
2026-05-06 03:05:00,0.004404016583702486,-0.0005985395501202908
2026-05-06 03:10:00,0.00472246445350244,0.000596901977306627
2026-05-06 03:15:00,0.0035774733232116773,-0.0009018463737892192
2026-05-06 03:20:00,0.0021646760251758934,-0.0008393961711805833
2026-05-06 03:25:00,0.0011366780837995805,0.0018450892018627885
2026-05-06 03:30:00,0.0019751065285014135,0.005926617570698128
2026-05-06 03:35:00,0.0014003395085655512,0.0017640358954214177
2026-05-06 03:40:00,0.0022184716771445068,5.6332716864604985e-05
2026-05-06 03:45:00,0.0015262679673693214,0.00048308874640300517
2026-05-06 03:50:00,0.0030095144023558618,0.0008418538347384621
2026-05-06 03:55:00,0.003088490552698886,-0.0010458421931102478
2026-05-06 04:00:00,0.0027596878937927727,-0.001799089763573754
2026-05-06 04:05:00,0.002500518651311623,0.0002369122623498368
2026-05-06 04:10:00,0.003051338512255697,-0.0014899931213769042
2026-05-06 04:15:00,0.0032980757388347826,-0.00034833063802492114
2026-05-06 04:20:00,0.0026185613745344227,0.003230622868319438
2026-05-06 04:25:00,0.0033075914945328577,-0.001461433311943706
2026-05-06 04:30:00,0.002516169378214528,-0.0002157846569003824
2026-05-06 04:35:00,0.004389265537950493,0.0005677768593088916
2026-05-06 04:40:00,0.002876459738715198,0.0003448063380994177
2026-05-06 04:45:00,0.0018986440423987005,0.0009914716464937126
2026-05-06 04:50:00,0.0011353881413622702,0.0016287432227414847
2026-05-06 04:55:00,0.0007173392837582782,-0.0012773716158207985
2026-05-06 05:00:00,0.000794774774892204,0.0046795228040704875
2026-05-06 05:05:00,0.0002497083161525637,0.0004361979059519932
2026-05-06 05:10:00,0.00010112082764202057,0.00026857246549978863
2026-05-06 05:15:00,-0.0008283427058284332,0.0002193608021475458
2026-05-06 05:20:00,0.00011837363251920863,0.0017359339685185749
2026-05-06 05:25:00,0.001490657853912225,0.003931185671452704
2026-05-06 05:30:00,0.0013277599501702042,0.0008092763114926641
2026-05-06 05:35:00,-0.00037847997733742034,0.0019650248608790405
2026-05-06 05:40:00,-2.1515578882969066e-06,0.0020914667953034526
2026-05-06 05:45:00,0.0012501440584671286,0.0014763772090972853
2026-05-06 05:50:00,0.0010523677629663553,-0.0007527976320391582
2026-05-06 05:55:00,0.001095480124577719,0.0011247474921994966
2026-05-06 06:00:00,0.001555412686105484,0.005181501558433454
2026-05-06 06:05:00,0.0020598658265296166,0.0015030798828803557
2026-05-06 06:10:00,0.0013652055356931925,0.003966547997757253
2026-05-06 06:15:00,0.0012798769623731943,0.0014039930192288955
2026-05-06 06:20:00,0.0015870049586208523,0.0017502439273629996
2026-05-06 06:25:00,-0.00011822503396530237,-0.0012673300908903678
2026-05-06 06:30:00,-0.0006604316709424296,0.0019032360550331878
2026-05-06 06:35:00,-0.0005292519384223482,0.0007069156454341044
2026-05-06 06:40:00,0.0004947364446330482,0.00225416618005691
2026-05-06 06:45:00,-0.00013118096217468178,0.0032976312733562323
2026-05-06 06:50:00,0.000892245798718605,0.005408684960169208
2026-05-06 06:55:00,0.003000499470239504,0.006435446665477268
2026-05-06 07:00:00,0.001467140510390763,0.0018292093007770298
2026-05-06 07:05:00,0.0017104605136193385,0.005277921817341955
2026-05-06 07:10:00,0.0012667905091650056,0.001189525930511006
2026-05-06 07:15:00,0.0014070485776738195,-2.1495860509355896e-05
2026-05-06 07:20:00,0.0019384031957780934,0.003480091835556006
2026-05-06 07:25:00,0.0030971771356362865,0.0006680810552215525
2026-05-06 07:30:00,0.0036452136573679184,0.0021532085234942586
2026-05-06 07:35:00,0.004191905807649832,0.0016279880583868877
2026-05-06 07:40:00,0.0030747783095357306,0.0024329916982044173
2026-05-06 07:45:00,0.003272228935259136,0.0036473719602137886
2026-05-06 07:50:00,0.002440467883436881,0.0014125717486239012
2026-05-06 07:55:00,0.0014829612218978383,0.0021542569900231774
2026-05-06 08:00:00,0.0019685552277213247,-0.00010091799904701503
2026-05-06 08:05:00,0.0007652183978645866,0.004507638853221637
2026-05-06 08:10:00,-0.00040133449622281603,0.003658887664655622
2026-05-06 08:15:00,0.00047215266001643386,0.003194171939944949
2026-05-06 08:20:00,0.000508128458085011,0.001614881939868965
2026-05-06 08:25:00,0.0002914090074579434,0.006419550824447428
2026-05-06 08:30:00,0.0004265896154738158,0.0029122515800623083
2026-05-06 08:35:00,-0.00029792109169513026,0.002817241214656112
2026-05-06 08:40:00,0.0012855096994410786,0.0017127460339173386
2026-05-06 08:45:00,0.0022119141854055613,-0.0010938418006780184
2026-05-06 08:50:00,0.002107270216891166,0.0027789734228658354
2026-05-06 08:55:00,0.002500191115764494,0.005227513507066296
2026-05-06 09:00:00,0.0021164799018684732,0.0020244625309027648
2026-05-06 09:05:00,0.002234427362653335,0.0018441752444263487
2026-05-06 09:10:00,0.004497739440372683,0.0025848489778434558
2026-05-06 09:15:00,0.0038611285488094893,-0.0009208627735059625
2026-05-06 09:20:00,0.0028018567508283354,0.0028431354697484815
2026-05-06 09:25:00,0.0019925889158525223,0.002025456462633265
2026-05-06 09:30:00,0.0021665790241538474,0.004126530593742518
2026-05-06 09:35:00,0.0023488086371390438,0.0029066659628735887
2026-05-06 09:40:00,0.00152974418923435,-0.0002506710963125442
2026-05-06 09:45:00,0.0009620359987572158,0.002043301980633559
2026-05-06 09:50:00,0.004995555796391216,0.004741672775930469
2026-05-06 09:55:00,0.004141798914348627,0.00034021552878449123
2026-05-06 10:00:00,0.0029329728347278206,0.0012674985186756104
2026-05-06 10:05:00,0.003851423224370265,0.0017839144478980307
2026-05-06 10:10:00,0.0034431372934129456,0.0018303050597301659
2026-05-06 10:15:00,0.004576315678322729,0.00045721391462768076
2026-05-06 10:20:00,0.003774036197224717,0.001954631507650455
2026-05-06 10:25:00,0.004909916699183725,0.0028291508960396473
2026-05-06 10:30:00,0.005899986303552041,0.0014828660617539305
2026-05-06 10:35:00,0.005846934870714193,0.003369096627528357
2026-05-06 10:40:00,0.004077140516551836,0.0010813974919079295
2026-05-06 10:45:00,0.004538993716455053,0.0033311396954031243
2026-05-06 10:50:00,0.0005320133852357856,0.0005289337012327689
2026-05-06 10:55:00,0.00021908204710108237,0.0036311382627611465
2026-05-06 11:00:00,0.0017952389475333064,0.0023652668462051827
2026-05-06 11:05:00,0.00021507139495113847,0.0028594158890012994
2026-05-06 11:10:00,0.0005109796869025018,0.00442955442784711
2026-05-06 11:15:00,-0.0003873007949781737,0.0024157504345410654
2026-05-06 11:20:00,0.001127950081173168,0.0021501851127162614
2026-05-06 11:25:00,0.0010228831094334367,0.00429990260870369
2026-05-06 11:30:00,0.0013448472396202504,0.0027176150172586733
2026-05-06 11:35:00,0.001531772896070649,0.0012231147043504323
2026-05-06 11:40:00,0.0038082088173094775,0.0014789328777674888
2026-05-06 11:45:00,0.0020972988241538815,0.002913284831675994
2026-05-06 11:50:00,0.004514958269531633,0.002147599657642314
2026-05-06 11:55:00,0.0032910830817964865,0.0026679155166171166
2026-05-06 12:00:00,0.0029488581804422154,0.0027940291063303945
2026-05-06 12:05:00,0.005025018803674897,0.001879751242866845
2026-05-06 12:10:00,0.0030497969012710513,0.002698652110674995
2026-05-06 12:15:00,0.0029499173397482537,0.0005401069512767032
2026-05-06 12:20:00,0.0018721404069168557,0.0016354160883714664
2026-05-06 12:25:00,0.00026565081950202796,0.0018694001554986949
2026-05-06 12:30:00,0.0007279696654141077,0.0042920466337307015
2026-05-06 12:35:00,-3.821266622949793e-05,0.0016537727309030455
2026-05-06 12:40:00,-0.0030015795154909597,0.0020048462291362918
2026-05-06 12:45:00,-0.0027335198206905886,0.002467843798078602
2026-05-06 12:50:00,-0.005004400166589207,0.000924845839614176
2026-05-06 12:55:00,-0.0052794685042698575,0.0032913123109855652
2026-05-06 13:00:00,-0.005929911853300496,0.003412474664047764
2026-05-06 13:05:00,-0.008040235767532877,0.003009329671418513
2026-05-06 13:10:00,-0.008342553502064476,0.0019348106407103339
2026-05-06 13:15:00,-0.00891666863438445,0.003992323868646876
2026-05-06 13:20:00,-0.005733725043469917,0.0013575248135819576
2026-05-06 13:25:00,-0.004758384059284637,0.0037824535812690336
2026-05-06 13:30:00,-0.006227115435599728,0.0031430697130744568
2026-05-06 13:35:00,-0.006440546450180662,0.0035200734979013767
2026-05-06 13:40:00,-0.0037556127823457075,0.0022775547798731775
2026-05-06 13:45:00,-0.003669885396803352,0.0030755760858276015
2026-05-06 13:50:00,-0.004375170301164744,0.002019667117280211
2026-05-06 13:55:00,-0.0021097931845712736,0.0033260539869434304
2026-05-06 14:00:00,-0.0007066119745591237,0.0011335021130548157
2026-05-06 14:05:00,-0.001949585048198088,0.001426126251480511
2026-05-06 14:10:00,0.0022400351356584025,0.0002076210742384881
2026-05-06 14:15:00,0.002715603334989325,-0.0030533061345054107
2026-05-06 14:20:00,0.0005955538559909712,0.0013805764591201162
2026-05-06 14:25:00,0.00022629071194657513,0.0008721622849889662
2026-05-06 14:30:00,0.0029055627928418204,0.002013189937437891
2026-05-06 14:35:00,0.003212679396469298,0.0017421438664122458
2026-05-06 14:40:00,0.0028403900107196733,-0.005492144795342487
2026-05-06 14:45:00,0.004233780586822888,0.000387706148550063
2026-05-06 14:50:00,0.0054537526763454025,0.0008114332185830001
2026-05-06 14:55:00,0.003902495961131791,-0.00026813191949873763
2026-05-06 15:00:00,0.004916705152650636,0.002738728711063069
2026-05-06 15:05:00,0.007425246366988603,0.003679275416081316
2026-05-06 15:10:00,0.0058754325450305345,0.002415405504681524
2026-05-06 15:15:00,0.00628170447097709,0.001071135405937594
2026-05-06 15:20:00,0.004904610662393338,-0.0036201615267325393
2026-05-06 15:25:00,0.004321703711331892,-0.005289612247278395
2026-05-06 15:30:00,0.0019500665948477547,0.0009789447546381682
2026-05-06 15:35:00,0.0028392887041022163,0.001326827462830581
2026-05-06 15:40:00,0.00377255876986915,-0.005289878724922298
2026-05-06 15:45:00,0.001111962856382931,-0.0018904877942877726
2026-05-06 15:50:00,-0.0001297087190526014,0.0017370349369242321
2026-05-06 15:55:00,0.0004487371103252258,0.002113475449153768
2026-05-06 16:00:00,2.1250371881720298e-05,0.0021006664099666498
2026-05-06 16:05:00,-0.0020070295268865834,0.0007174394432464785
2026-05-06 16:10:00,-0.0030909428593055566,0.004657802445729647
2026-05-06 16:15:00,-0.0023199106234876865,-0.0009386399213470602
2026-05-06 16:20:00,-0.0021428078546144036,-0.0010982896055646014
2026-05-06 16:25:00,-0.0020616085502602743,0.0017184490461216281
2026-05-06 16:30:00,-0.0025782146753225987,0.00023803874621418228
2026-05-06 16:35:00,-0.003493360430296022,0.0018210201149851369
2026-05-06 16:40:00,-0.004477638461365174,0.0022457155145098394
2026-05-06 16:45:00,-0.002710847597233723,0.002941545709921405
2026-05-06 16:50:00,-0.0021820520577779945,0.0029502386282979427
2026-05-06 16:55:00,-0.0033288461253011548,0.000306456755586505
2026-05-06 17:00:00,-0.004022230933532711,0.0007810116068758967
2026-05-06 17:05:00,-0.003297796749803794,0.002792132682135608
2026-05-06 17:10:00,-0.002893382956548507,0.0010048842748204613
2026-05-06 17:15:00,-0.0036095199156402913,0.0011487245868512645
2026-05-06 17:20:00,-0.0032933015934677456,0.0005684590892733894
2026-05-06 17:25:00,-0.0015004745081004245,-0.0009112633713096285
2026-05-06 17:30:00,-0.0015539654284317805,-8.885076690315717e-05
2026-05-06 17:35:00,-0.0004988307425808358,0.0019448525559952964
2026-05-06 17:40:00,-0.0008697858700763561,-0.0025789714446818896
2026-05-06 17:45:00,-0.0010979184358248517,-0.002623099691662816
2026-05-06 17:50:00,-0.0017085142964745614,0.003085083121465836
2026-05-06 17:55:00,-0.000943376161142595,0.004326795030970462
2026-05-06 18:00:00,-0.0002155147129148105,-0.005514283944302466
2026-05-06 18:05:00,0.0006851822671372076,0.0023767464870015223
2026-05-06 18:10:00,0.0005443478153974723,-0.001958588179277743
2026-05-06 18:15:00,-0.0006170948269108578,0.002375949432044034
2026-05-06 18:20:00,-0.0004933299120981616,-0.0029658235015047694
2026-05-06 18:25:00,-0.0011033465381675711,0.0003572610404825403
2026-05-06 18:30:00,-0.0010843024814555235,-0.0053021906552309225
2026-05-06 18:35:00,-0.0022478227686963947,-0.004791518055605585
2026-05-06 18:40:00,-0.0015474444113756647,-0.0012240715852044712
2026-05-06 18:45:00,-0.0015027966795297942,0.0012882337350408884
2026-05-06 18:50:00,-0.0005445221739055484,-0.0012781241817379982
2026-05-06 18:55:00,0.00036934599492610687,0.0031481381230679885
2026-05-06 19:00:00,-0.0006681773843197902,-6.109718444675073e-05
2026-05-06 19:05:00,-0.0002219391085009903,0.00378401191670303
2026-05-06 19:10:00,0.00028379720852811374,0.00045213097103892627
2026-05-06 19:15:00,0.001504701675377973,-0.0008827582339843438
2026-05-06 19:20:00,0.0013747379169846141,0.0022290880716219637
2026-05-06 19:25:00,0.0011054794915512645,0.0005621353783710739
2026-05-06 19:30:00,0.0014298368794296579,-0.0043731723569374985
2026-05-06 19:35:00,0.0019343274317709103,0.0003358493277340031
2026-05-06 19:40:00,0.000979970465813551,-0.0017038578163091312
2026-05-06 19:45:00,0.0012745341510331798,0.0005101275623066501
2026-05-06 19:50:00,0.0011292863108085527,-0.0015794305979319385
2026-05-06 19:55:00,0.00030946240225482313,0.00034870326696423545
2026-05-06 20:00:00,0.0017708673554643894,0.002219415945724896
2026-05-06 20:05:00,0.0019381689843047667,8.53708165463374e-05
2026-05-06 20:10:00,0.0017351715436930704,-0.0005954995602434798
2026-05-06 20:15:00,0.001674917338267079,-0.0011951152731873808
2026-05-06 20:20:00,0.0025842532674840157,0.002109585808667055
2026-05-06 20:25:00,0.0020072241213551223,-0.00015272087452220375
2026-05-06 20:30:00,0.0017237544605421817,0.0026573529912896094
2026-05-06 20:35:00,0.0019625251481283357,0.0017841759815410251
2026-05-06 20:40:00,0.0019762325636953904,0.0018815331341391274
2026-05-06 20:45:00,0.0020120345167491394,0.0019176154450606692
2026-05-06 20:50:00,0.002254753944713528,0.001966212108232274
2026-05-06 20:55:00,0.0015501383195992702,-0.005246764390582021
2026-05-06 21:00:00,0.0009928731280446357,0.002709457044156031
2026-05-06 21:05:00,0.00042380687819054685,-0.002240851603215509
2026-05-06 21:10:00,0.0008047450584829363,0.001185210694591074
2026-05-06 21:15:00,0.0002831374630005712,0.0002122643166771217
2026-05-06 21:20:00,-0.0011389753222115218,-0.0006552174386138705
2026-05-06 21:25:00,-0.0010670347990373585,0.0015125477616002264
2026-05-06 21:30:00,-0.0014934645074156094,0.0006811018902900954
2026-05-06 21:35:00,-0.0014720656417210876,0.0011190297659695566
2026-05-06 21:40:00,-0.001534599110144086,0.0006702824466775437
2026-05-06 21:45:00,-0.0015768874237682695,0.0007914979879643969
2026-05-06 21:50:00,-0.001339878844515141,0.00196701604522986
2026-05-06 21:55:00,-0.00046457608268823947,-1.4756791533281203e-05
2026-05-06 22:00:00,-0.0008180900610934572,0.0010357027501203834
2026-05-06 22:05:00,-0.0012399812395784693,9.622186205042254e-05
2026-05-06 22:10:00,-0.0009751445391774638,-0.00045098604665817386
2026-05-06 22:15:00,-0.0001639119179337456,-0.00043254318313786275
2026-05-06 22:20:00,0.001045351528080829,0.0014993570114406277
2026-05-06 22:25:00,0.001143664130227151,0.00014082316127913552
2026-05-06 22:30:00,0.001052687753702486,-0.0005959249598766292
2026-05-06 22:35:00,0.0016359677903761138,-0.0016584329733675335
2026-05-06 22:40:00,0.0019412992340335222,-0.0020089366546812604
2026-05-06 22:45:00,0.0020260582215936296,-0.0006229908884982809
2026-05-06 22:50:00,0.0013803242118761716,0.0005106161464216613
2026-05-06 22:55:00,0.001035410709508966,-7.3025854007411654e-06
2026-05-06 23:00:00,0.0006093702581502214,0.0003854825957077
2026-05-07 00:00:00,0.001314501568227655,-0.000837253624114425
2026-05-07 00:05:00,0.0006090445429638436,0.0010515864329731289
2026-05-07 00:10:00,-0.0005920095916618351,-1.065530466969683e-05
2026-05-07 00:15:00,-0.0005172166199294281,-0.0005133940628301505
2026-05-07 00:20:00,-0.0009305921643640858,-0.0002599312771772464
2026-05-07 00:25:00,-0.00037278896635584147,0.0007162400635457189
2026-05-07 00:30:00,-0.0011095246687080618,-7.296007863870947e-05
2026-05-07 00:35:00,-0.0008583097363636938,0.0006576674593906131
2026-05-07 00:40:00,-0.0010476690324434657,-0.0001717817532985725
2026-05-07 00:45:00,-0.00015114631737489503,0.001994159141766168
2026-05-07 00:50:00,0.00011710860985303384,0.0003372807353516714
2026-05-07 00:55:00,0.0007984372346871993,0.0006673217882944124
2026-05-07 01:00:00,-0.0006389259446653028,0.0013072664020926175
2026-05-07 01:05:00,-0.0004684628754336728,-0.0007552249809210119
2026-05-07 01:10:00,0.0011900518193481702,-0.0014036070681330878
2026-05-07 01:15:00,0.0002490636178826833,-0.00014284862679948032
2026-05-07 01:20:00,0.0010433968835528162,0.0011636081571208467
2026-05-07 01:25:00,-0.00014915450729979796,0.0007203441330441345
2026-05-07 01:30:00,-0.00017473986180327472,-0.00040914672658991556
2026-05-07 01:35:00,-0.00015768534986548843,-0.0021268206685774653
2026-05-07 01:40:00,-0.0011426136395549236,5.705014693638535e-05
2026-05-07 01:45:00,-0.0015788215387058102,0.00084419237022919
2026-05-07 01:50:00,-0.0023341113639983035,-0.0011137326540550223
2026-05-07 01:55:00,-0.0023054937190511993,0.000964196489163437
2026-05-07 02:00:00,-0.00018536490839693442,-0.0009204040500324109
2026-05-07 02:05:00,0.0005663864695630849,-0.0007468567178939711
2026-05-07 02:10:00,0.002131737003322698,-0.0010887208488173463
2026-05-07 02:15:00,0.0031176208942387262,0.0015454830409730202
2026-05-07 02:20:00,0.0025124573217798485,-0.0015898574769627563
2026-05-07 02:25:00,0.0024284487216412742,-0.0002773285796010996
2026-05-07 02:30:00,0.002813432261689286,-0.000547982021730017
2026-05-07 02:35:00,0.0043952095641923705,-0.0017389917055741517
2026-05-07 02:40:00,0.005229120477764582,9.207506024413644e-05
2026-05-07 02:45:00,0.006298266005146047,0.0011859668838323958
2026-05-07 02:50:00,0.006738071204669183,-0.0007254166157219052
2026-05-07 02:55:00,0.005791975726872067,-0.0018942937322492077
2026-05-07 03:00:00,0.004664143932156861,-0.0006666857647964032
2026-05-07 03:05:00,0.0033024932577063737,0.0008887780288646524
2026-05-07 03:10:00,-0.0011450046445702355,0.0009583132887985167
2026-05-07 03:15:00,-0.0013652864816044996,-0.0019241124848675612
2026-05-07 03:20:00,-0.0013914870866535978,-0.0023112179272730543
2026-05-07 03:25:00,-0.00047841244529678306,0.00034869104539581757
2026-05-07 03:30:00,-0.0008185263793922815,0.001119740550340947
2026-05-07 03:35:00,-0.0023174636811127414,0.00019993622093640917
2026-05-07 03:40:00,-0.0017499229317845533,0.00014724365898102253
2026-05-07 03:45:00,-0.002692579849979282,0.0012930038318254683
2026-05-07 03:50:00,-0.002262228346220141,0.00110997297741484
2026-05-07 03:55:00,-0.0016663008906387944,-0.0007246855509317105
2026-05-07 04:00:00,-0.0011990345495735966,0.0012207093894289038
2026-05-07 04:05:00,-0.0009382098287495921,-8.725023941768925e-05
2026-05-07 04:10:00,0.0002677808633446688,-0.0002792990140737339
2026-05-07 04:15:00,0.0004460995045789673,-0.0010473316820515301
2026-05-07 04:20:00,0.0004569611736915391,-0.00029482223879829866
2026-05-07 04:25:00,0.000569816334701656,0.0011058723046200385
2026-05-07 04:30:00,0.0005443415196921819,2.8654688874758737e-05
2026-05-07 04:35:00,0.0005548959074772597,6.984583343800307e-05
2026-05-07 04:40:00,-0.0001402962804650798,0.0003674816057395387
2026-05-07 04:45:00,-0.00048454246751283847,0.0032442378061513237
2026-05-07 04:50:00,-0.0005610432150433553,-0.0010395794754622025
2026-05-07 04:55:00,-0.0017435646697219198,-1.0129277701968476e-05
2026-05-07 05:00:00,-0.002225735469700396,0.0016109313661465527
2026-05-07 05:05:00,-0.001898213422766304,-0.0006235100363144304
2026-05-07 05:10:00,-0.001920682592089662,0.0006734860982913189
2026-05-07 05:15:00,-0.002685975535566598,0.00029588715182831153
2026-05-07 05:20:00,-0.0017226643023882104,0.0012120899081913493
2026-05-07 05:25:00,-0.0016295171641687034,0.0014125293976308057
2026-05-07 05:30:00,-0.002211102589166458,-0.0004803881215541345
2026-05-07 05:35:00,-0.0017550339397089942,0.0018664731028244564
2026-05-07 05:40:00,-0.0012252400961010323,-0.00020974095631448207
2026-05-07 05:45:00,-0.0018957956687302158,0.002220740730667619
2026-05-07 05:50:00,-0.0017893640831410096,-0.0013175396032536258
2026-05-07 05:55:00,-0.0005300505800853728,0.0017595210129541699
2026-05-07 06:00:00,0.0001979020263753739,0.00045722627839387103
2026-05-07 06:05:00,-0.00015958855975384267,-0.0014292871143351193
2026-05-07 06:10:00,0.0007725451062121635,0.0010070283926822403
2026-05-07 06:15:00,3.407176792258326e-05,-0.0001374459313929329
2026-05-07 06:20:00,-0.000589790258302969,0.00019671287483923926
2026-05-07 06:25:00,-0.0003833008639269053,0.0005465882391301271
2026-05-07 06:30:00,0.002021892455868368,0.0005657876302832201
2026-05-07 06:35:00,0.001850674535177177,0.0008339463446083012
2026-05-07 06:40:00,0.00116146255215277,0.0018009188596288426
2026-05-07 06:45:00,0.001978694579932494,0.0015965785131299625
2026-05-07 06:50:00,0.0019275289352869152,-0.00029895899643845995
2026-05-07 06:55:00,0.001036422795751335,-0.00021835258511932712
2026-05-07 07:00:00,0.0013523457601589683,-0.0012603359192296067
2026-05-07 07:05:00,0.002019575682821184,-6.728191590994349e-05
2026-05-07 07:10:00,0.001634635063515688,0.0011017955668968062
2026-05-07 07:15:00,0.002927960908978733,6.0844651825617044e-05
2026-05-07 07:20:00,0.00393881641304894,0.000786468666561744
2026-05-07 07:25:00,0.004742577908210421,0.00029792942816987553
2026-05-07 07:30:00,0.00638356857275113,-0.0014235549283005324
2026-05-07 07:35:00,0.008043494938167584,0.004090899919184704
2026-05-07 07:40:00,0.008910583323142873,-0.0015807433323536302
2026-05-07 07:45:00,0.007080504055135606,-0.0017594742379895589
2026-05-07 07:50:00,0.006727798411834129,0.00019196054029419155
2026-05-07 07:55:00,0.007978653039044659,-0.0013553911622183733
2026-05-07 08:00:00,0.005989101118926143,0.002353569866006596
2026-05-07 08:05:00,0.007563636416943353,-0.0005638889291924333
2026-05-07 08:10:00,0.008632502054952695,0.005681975474363126
2026-05-07 08:15:00,0.007155082749605413,0.0016780514424487153
2026-05-07 08:20:00,0.0056588697276964695,0.0006198998489124695
2026-05-07 08:25:00,0.004747618987554603,0.0006871725366534068
2026-05-07 08:30:00,0.0017941237776302188,0.0022804229179000384
2026-05-07 08:35:00,-0.000670638502491272,0.0017911115709162303
2026-05-07 08:40:00,-0.0005648693573689911,-0.0015036910822622323
2026-05-07 08:45:00,0.00033762753673372004,-0.0001495374952830441
2026-05-07 08:50:00,0.0008694423244364202,0.00024889837480888987
2026-05-07 08:55:00,0.0008479295840633227,0.0025053847229765933
2026-05-07 09:00:00,0.0032496214354313935,0.003361043605169664
2026-05-07 09:05:00,0.0006995187933256375,-0.0012687415510334202
2026-05-07 09:10:00,-0.0013232364750361825,-0.0011421417255664096
2026-05-07 09:15:00,-0.0015506446720081613,0.002432272422985075
2026-05-07 09:20:00,-0.0001518948890293359,0.0012149912119919228
2026-05-07 09:25:00,5.696136438793076e-05,5.475351544321015e-05
2026-05-07 09:30:00,-0.0009958689145630473,0.00021745873077394113
2026-05-07 09:35:00,-0.0007280885255163128,-0.0013918316095895983
2026-05-07 09:40:00,-0.0016711826237738592,0.0016154803127766306
2026-05-07 09:45:00,-0.0007957171001962138,-0.00029140041957255436
2026-05-07 09:50:00,-0.0013128956930810176,-0.0008805358823034276
2026-05-07 09:55:00,-0.002484651648677172,0.003936349757473401
2026-05-07 10:00:00,-0.004923888225150108,0.006738423821446114
2026-05-07 10:05:00,-0.0031538081181885502,-0.0006022884074480786
2026-05-07 10:10:00,-0.0018212577195999557,0.00626861087227488
2026-05-07 10:15:00,-0.00024283556034454534,0.005143746642162276
2026-05-07 10:20:00,-0.0005803665335744057,-0.0006774681087937365
2026-05-07 10:25:00,-0.0009730080750607328,0.001228414753048677
2026-05-07 10:30:00,-0.0002491222675420346,-0.0004918595245915138
2026-05-07 10:35:00,-0.00021325090527746227,0.00017297044218575068
2026-05-07 10:40:00,0.0005869201429309356,-0.0009603952017100771
2026-05-07 10:45:00,5.912012366238173e-05,0.00011136680362844449
2026-05-07 10:50:00,-9.716366593437442e-05,0.000472435478593193
2026-05-07 10:55:00,-0.0006660147720882748,0.0008549886518284457
2026-05-07 11:00:00,0.0006894947503539584,-0.0004674939737482644
2026-05-07 11:05:00,2.5354487428685957e-05,-0.002051310940654949
2026-05-07 11:10:00,0.0002302144912231796,0.0028589047602035006
2026-05-07 11:15:00,-0.0007499950175819947,-0.0010028031304852249
2026-05-07 11:20:00,-0.0008109666786602077,0.0018589614535980176
2026-05-07 11:25:00,-0.0006801902259940817,0.0005058733807309055
2026-05-07 11:30:00,-0.0011683243904112572,0.001382789057596424
2026-05-07 11:35:00,0.00017102661405843378,0.0016961763355538638
2026-05-07 11:40:00,0.0002764509206443222,0.001112050451093502
2026-05-07 11:45:00,-3.800539254683599e-05,0.0008213322532687181
2026-05-07 11:50:00,0.0006145068142835441,-0.0012385964184956622
2026-05-07 11:55:00,0.0016610386787725417,0.0007932234038220686
2026-05-07 12:00:00,0.0012424277958071883,-0.0007283979933530075
2026-05-07 12:05:00,0.0001690134897920359,0.0008040447874662379
2026-05-07 12:10:00,-0.001060694199070511,0.00249142235014505
2026-05-07 12:15:00,-0.00024307680395629916,0.0019393822964409448
2026-05-07 12:20:00,0.0001985786842872983,2.3306297744778675e-05
2026-05-07 12:25:00,6.339130822929917e-05,-0.00043797453050032324
2026-05-07 12:30:00,0.0007543908757394746,0.00059057439918935
2026-05-07 12:35:00,-0.00018791971871578994,0.00015264031332755607
2026-05-07 12:40:00,-0.0004959778410142945,-0.001191676885664736
2026-05-07 12:45:00,6.756414373398911e-05,0.0008325141740382608
2026-05-07 12:50:00,0.0005719332872278216,-0.0002650763456708914
2026-05-07 12:55:00,0.0014558930359349631,0.001121033624738059
2026-05-07 13:00:00,0.0011396469594551206,-0.0005155949661533615
2026-05-07 13:05:00,0.0014671038944946702,0.0001302840721472966
2026-05-07 13:10:00,0.0029215837853158177,-0.0017003942156367388
2026-05-07 13:15:00,0.002474506678273869,-0.0002681888215276202
2026-05-07 13:20:00,0.00025555920611708416,-0.001496150476760224
2026-05-07 13:25:00,0.0012374383651785337,-0.0009336417175438691
2026-05-07 13:30:00,0.002733855930920015,-0.0003258292239874842
2026-05-07 13:35:00,0.0022484954473629415,-8.784086636150895e-05
2026-05-07 13:40:00,0.003108986625228738,0.0007007747823576055
2026-05-07 13:45:00,0.0033471494087358167,0.0008143827200109889
2026-05-07 13:50:00,0.0017601760082470719,-0.0004300200333791533
2026-05-07 13:55:00,0.0012095212276790335,0.0007292665078915877
2026-05-07 14:00:00,-0.00043038066145406617,-0.00033058689540305407
2026-05-07 14:05:00,0.00012655557916119164,0.0007520117688138056
2026-05-07 14:10:00,-0.0022664405708283653,-0.002025902472017455
2026-05-07 14:15:00,-0.0002910489805358907,0.0007289090878125923
2026-05-07 14:20:00,0.0019009146356907536,0.001788737825091951
2026-05-07 14:25:00,0.00129281682260185,-0.00011536430032185715
2026-05-07 14:30:00,0.0018268381846979764,0.0004898525155718179
2026-05-07 14:35:00,0.001284391869711854,0.0017374630267624367
2026-05-07 14:40:00,-0.0005325839392895659,0.004514868791978887
2026-05-07 14:45:00,-0.00212755729337033,0.001700601299044786
2026-05-07 14:50:00,-0.0007964384034586658,0.0013213075538007061
2026-05-07 14:55:00,-0.0002632729049469873,0.003354146519331388
2026-05-07 15:00:00,0.0014886665901574503,0.0009431522673755753
2026-05-07 15:05:00,0.001435284421068772,0.004639953493039848
2026-05-07 15:10:00,0.003917662512980868,0.003915538477134207
2026-05-07 15:15:00,0.00221448099203414,-0.0013012808208349722
2026-05-07 15:20:00,0.0027636915480631075,0.0008680759720515154
2026-05-07 15:25:00,0.0026857350237747823,-0.0008136480740901089
2026-05-07 15:30:00,-0.0014056117355583098,0.0010039377443927663
2026-05-07 15:35:00,0.00029664944143448224,0.0005256334648952592
2026-05-07 15:40:00,0.000538897462540433,-0.0012787805344750276
2026-05-07 15:45:00,0.0034544602845407724,0.00436581593709488
2026-05-07 15:50:00,0.003547483347553282,0.0003133956026732114
2026-05-07 15:55:00,0.0032575956059783806,-8.586935540097154e-05
2026-05-07 16:00:00,0.0028299394722122173,0.0008148954882674042
2026-05-07 16:05:00,0.002290918010380949,0.002910742882799911
2026-05-07 16:10:00,0.0006206090793376973,0.0007924797528586367
2026-05-07 16:15:00,0.0006669647565971104,-0.001771541552584343
2026-05-07 16:20:00,-0.002247418940450885,0.002350888950347501
2026-05-07 16:25:00,-0.0035101608452663413,-0.00033009741338935113
2026-05-07 16:30:00,-0.0009543322242588914,0.002032278914407622
2026-05-07 16:35:00,-0.0021479616318771377,0.001209868920655133
2026-05-07 16:40:00,-0.002667853961192179,-0.00023067707322476638
2026-05-07 16:45:00,-0.005077393590838142,0.003681803946187906
2026-05-07 16:50:00,-0.006046260585188534,0.0016429778230171563
2026-05-07 16:55:00,-0.007045858645470915,-0.0025951658667498663
2026-05-07 17:00:00,-0.007535442896760003,0.0008647677640140072
2026-05-07 17:05:00,-0.008760683647476952,0.0007016369492651665
2026-05-07 17:10:00,-0.008365298255917253,0.0033138245620754434
2026-05-07 17:15:00,-0.01013009402608489,0.002173639831775442
2026-05-07 17:20:00,-0.006070914794953808,0.003182890469119269
2026-05-07 17:25:00,-0.004371730284200126,-0.00106658180436476
2026-05-07 17:30:00,-0.0052598722512051665,0.002779048196887275
2026-05-07 17:35:00,-0.006681786653446764,0.006153108114725458
2026-05-07 17:40:00,-0.005894028556793884,0.0008831198956442053
2026-05-07 17:45:00,-0.004205693295586954,0.0020629930735830385
2026-05-07 17:50:00,-0.0031492356121383125,-0.003334580607487807
2026-05-07 17:55:00,-0.0029094902874291506,-0.0009373521708798251
2026-05-07 18:00:00,-0.0014490514851424052,0.0027066663159540177
2026-05-07 18:05:00,-0.00018655727680538803,-0.00018177003979867994
2026-05-07 18:10:00,-0.0001124073303486739,-0.0010790909424065855
2026-05-07 18:15:00,2.974540061906339e-05,-2.1747270876468137e-05
2026-05-07 18:20:00,-0.00043671640839804127,0.0009554588109298458
2026-05-07 18:25:00,-0.004586715931658603,0.0019252162640892162
2026-05-07 18:30:00,-0.004174289840408463,-0.004439974659514051
2026-05-07 18:35:00,-0.001811912168735219,-0.0011258605419521535
2026-05-07 18:40:00,-0.002441842774134173,-0.0027083482739001063
2026-05-07 18:45:00,-0.0032462456646360494,-0.0021656729436310175
2026-05-07 18:50:00,-0.0024916974041016005,-3.8254622922525644e-05
2026-05-07 18:55:00,-0.0006639733212114862,-0.0003189758365758714
2026-05-07 19:00:00,-0.0019268442013888887,-0.0003919932520989977
2026-05-07 19:05:00,-0.002016189618990083,-2.0541038871864195e-05
2026-05-07 19:10:00,-0.0013371312677818992,-0.0009097181356366153
2026-05-07 19:15:00,0.0004205902344871504,-0.0007337392446718477
2026-05-07 19:20:00,-0.002001581981163625,-0.004283298329993371
2026-05-07 19:25:00,0.0031131919185156676,0.0007415175162132331
2026-05-07 19:30:00,0.00294250018709441,-0.0009712056536219112
2026-05-07 19:35:00,0.002041087943313258,-0.0009872202686384377
2026-05-07 19:40:00,0.001345982509812771,-0.0015761394390964559
2026-05-07 19:45:00,0.0002595772310023392,0.0012153717174013046
2026-05-07 19:50:00,-0.0005314027243592534,-0.0011021623573881794
2026-05-07 19:55:00,-0.00040538891890840034,0.00025769372764888757
2026-05-07 20:00:00,-0.0004036644286227187,0.0013914377730959867
2026-05-07 20:05:00,0.0005967911503734769,0.0009887221674658208
2026-05-07 20:10:00,0.0003673586002701512,-0.00538688419736674
2026-05-07 20:15:00,-0.0013941490511992782,0.0012772764343526948
2026-05-07 20:20:00,-0.0013522192485204698,0.002275145537039928
2026-05-07 20:25:00,-0.0016457029112242338,-0.005095376465305109
2026-05-07 20:30:00,-0.0012651700008259326,-0.0019404322356038558
2026-05-07 20:35:00,-0.00039260169153187974,0.0015973316127980055
2026-05-07 20:40:00,0.0007922828247988178,-0.0019109850205868129
2026-05-07 20:45:00,0.0019043414525281577,-0.0018057817441412066
2026-05-07 20:50:00,0.0005547779595733715,-0.002270439105483679
2026-05-07 20:55:00,-0.0015806753028222431,-0.0016760394483905758
2026-05-07 21:00:00,0.0022435835413627814,0.0009318307855771425
2026-05-07 21:05:00,0.00029507824563879126,-0.0034995833061941656
2026-05-07 21:10:00,0.0003905686219258797,-0.0007198498255519027
2026-05-07 21:15:00,0.002079883987391895,0.0001678786098360739
2026-05-07 21:20:00,0.0027514132948613934,-0.0032538157446646353
2026-05-07 21:25:00,0.0016626766973324436,0.0009964081925057525
2026-05-07 21:30:00,0.001152728091273758,-0.003590991063758606
2026-05-07 21:35:00,-0.002750407705667257,-0.0006123043806508301
2026-05-07 21:40:00,-0.0012556236478875604,0.0011254027471131406
2026-05-07 21:45:00,-0.0015874081728384226,0.00015387863869096148
2026-05-07 21:50:00,-0.002333842504912198,-0.005196145235846005
2026-05-07 21:55:00,-0.003704390386957357,-0.001095265290788691
2026-05-07 22:00:00,-0.006788600587348981,5.15588109314592e-05
